3860 246 84901 66 250000
318 490 389 853 355 426 243 188 947 186 164 418 880 775 426 803 419 694 281 155 611 94 95 270 268 282 447 676 363 257 201 613 27 266 706 159 605 867 707 103 865 276 625 24 94 849 35 998 455 606 148 514 399 687 312 94 992 516 14 629 651 9 58 667 17 397 810 960 495 541 257 100 639 330 362 79 456 560 180 991 297 946 266 48 717 386 538 910 100 238 995 801 150 740 953 483 779 400 661 273 777 33 491 982 784 433 986 652 235 24 889 2 739 970 821 573 424 131 328 32 78 29 834 744 540 69 905 788 171 958 913 617 321 760 644 83 165 319 517 880 647 215 931 70 577 876 44 235 992 734 276 482 311 820 433 222 807 785 10 163 768 491 283 989 347 124 874 98 992 884 937 799 388 123 127 853 124 274 758 723 189 408 309 205 368 693 226 695 339 616 751 527 407 638 241 793 286 301 165 782 207 569 721 796 820 886 777 566 78 219 410 779 36 960 650 569 555 341 206 461 838 261 49 346 909 740 75 778 942 997 435 101 33 647 361 322 656 48 863 329 994 372 851 488 262 870 511 806 515 790 39 562 327 856 744 77 552 614 654 100 410 599 577 727 165 731 177 484 393 854 751 545 335 770 325 106 654 229 54 161 297 551 839 276 796 979 252 875 825 25 973 235 67 981 416 748 993 366 78 380 145 85 543 537 917 277 180 371 763 695 988 844 767 673 75 918 263 305 2 798 977 148 747 310 813 598 927 767 924 656 589 652 225 947 927 322 281 180 859 346 600 716 23 160 758 107 272 265 250 539 830 620 452 259 247 476 700 949 876 477 511 183 224 840 939 165 627 933 893 154 174 552 226 335 58 28 36 779 56 772 130 42 919 610 13 559 842 366 847 236 605 89 545 90 427 45 151 286 99 285 601 969 72 117 925 434 897 76 554 524 290 159 5 167 746 280 634 566 782 826 913 504 592 561 184 80 542 85 217 126 676 847 577 44 190 830 991 216 760 187 503 787 803 145 955 178 430 297 289 436 94 590 137 274 597 8 738 714 291 877 987 630 138 262 457 687 574 801 86 504 640 653 251 913 204 111 766 863 472 476 837 365 812 835 867 655 120 108 771 160 181 504 23 677 184 732 743 698 547 852 956 854 306 350 64 694 695 748 572 272 729 620 592 868 726 653 138 725 892 454 561 565 883 407 993 878 827 103 884 543 107 587 284 155 510 28 983 707 930 39 72 856 859 778 394 429 66 763 956 420 211 324 950 919 985 24 107 498 179 338 276 877 406 153 550 19 257 163 305 701 614 609 800 864 817 650 885 456 960 533 907 724 139 240 731 653 431 84 295 316 693 168 216 589 593 846 859 553 332 9 365 837 695 425 294 56 666 295 129 220 185 405 420 717 233 661 44 76 426 170 857 194 846 566 897 430 816 249 863 274 105 512 138 139 434 123 214 302 92 62 747 112 824 879 120 93 812 522 62 887 338 899 235 320 384 409 432 876 873 431 638 997 233 570 612 777 559 868 107 645 331 897 36 417 968 313 443 713 132 57 453 51 19 515 187 755 258 436 999 239 558 565 455 158 637 833 450 591 4 208 319 346 452 107 144 652 328 370 707 267 458 515 246 474 72 745 628 169 205 678 424 67 554 897 955 981 721 993 743 550 456 765 517 788 1000 669 852 127 574 966 269 263 828 800 955 1 847 438 573 571 952 814 471 408 878 115 737 951 389 987 746 737 642 934 443 77 622 287 569 410 933 761 334 623 493 61 713 79 692 69 713 559 404 705 200 235 361 103 269 838 506 718 397 560 538 604 691 536 683 123 313 35 581 679 252 981 285 226 161 69 158 8 206 779 39 817 315 238 449 958 938 908 721 120 688 162 244 966 650 426 771 306 325 564 593 211 598 521 355 827 522 391 335 412 342 958 20 827 567 633 594 380 639 296 446 181 793 769 917 610 870 755 500 280 192 962 271 341 591 519 385 141 101 550 253 526 531 862 134 807 115 230 254 236 355 814 417 574 76 767 625 733 81 696 618 905 140 715 122 360 691 707 297 650 643 831 139 731 884 680 375 263 290 568 30 746 547 961 262 471 715 403 935 906 826 870 277 807 805 645 82 346 954 841 71 398 838 930 198 213 310 630 18 747 875 290 533 105 88 575 33 467 880 702 158 825 482 841 335 866 66 294 496 382 988 840 341 289 505 396 57 847 567 113 146 312 604 185 380 298 4 807 518 24 108 975 538 186 812 793 584 444 501 54 894 807 156 577 193 586 311 792 96 202 870 188 212 587 277 310 97 920 41 709 98 272 452 196 807 682 142 168 633 251 444 377 724 178 454 430 525 13 802 174 69 572 96 230 457 504 503 149 817 431 72 443 972 568 210 924 47 375 773 27 439 207 274 137 298 782 291 80 179 157 723 320 754 917 453 588 986 418 277 893 751 290 68 488 521 228 52 339 999 321 913 220 653 945 218 899 395 844 864 103 195 703 17 517 978 27 555 776 397 817 517 50 745 104 722 944 997 465 866 34 473 161 413 661 20 421 270 364 606 798 530 19 811 223 490 375 897 645 838 385 944 117 650 913 53 563 911 627 330 963 696 199 47 164 678 927 135 679 657 821 768 314 600 564 709 515 409 836 544 860 727 597 609 807 831 912 82 652 336 496 44 861 287 938 574 17 627 172 558 276 1000 770 56 734 409 774 151 464 915 681 881 709 327 367 247 807 12 114 592 476 488 527 934 485 514 369 561 889 404 341 983 2 556 247 747 615 500 75 318 524 585 103 963 541 804 57 945 699 125 544 120 199 541 478 851 466 882 190 847 597 193 439 977 281 256 423 443 624 968 521 781 294 647 156 623 451 550 722 931 171 109 255 298 212 943 144 537 353 230 290 364 563 267 698 996 362 529 583 113 890 347 397 750 465 381 440 697 838 285 707 178 150 857 381 682 249 147 335 703 283 299 827 526 575 240 152 870 17 461 147 336 309 699 511 147 476 421 936 643 49 952 175 541 548 493 90 853 156 195 591 577 623 462 873 689 758 163 177 401 356 414 366 225 212 666 555 163 609 340 816 791 655 795 548 120 771 809 329 896 883 718 751 149 138 948 315 74 166 974 741 203 473 524 631 205 871 355 998 285 238 357 985 246 834 180 314 142 870 213 529 769 314 842 100 60 469 918 153 923 235 417 863 931 599 609 555 354 266 494 102 462 445 448 827 76 96 593 289 658 214 805 964 610 365 593 998 190 805 507 393 537 425 398 766 505 137 652 90 407 239 580 582 216 57 629 30 328 9 130 3 793 799 509 810 204 540 869 112 959 708 170 441 199 45 951 672 427 626 432 937 245 706 59 819 231 958 840 278 979 838 4 189 375 709 704 690 696 130 886 839 503 55 144 947 807 168 142 940 765 279 730 599 854 386 991 626 771 514 367 877 977 100 514 894 713 476 503 866 293 932 480 804 781 593 19 136 604 117 101 59 608 976 835 141 270 192 413 162 167 881 31 319 7 207 369 636 913 194 223 543 694 311 347 756 774 52 885 639 497 716 842 923 689 476 820 779 103 481 774 721 121 70 260 227 27 28 234 529 77 579 69 562 528 96 487 472 475 488 708 355 604 154 104 108 768 18 630 471 674 752 601 77 951 385 735 663 974 441 622 856 820 555 985 375 892 307 962 661 584 709 678 614 439 417 344 850 876 291 679 353 603 918 810 274 914 871 468 496 157 81 548 654 980 572 915 277 854 15 269 89 707 356 729 640 93 576 783 802 647 540 141 242 87 436 664 929 526 153 514 276 504 734 195 380 649 303 694 603 569 326 367 291 829 779 369 712 795 1000 776 483 23 948 336 920 247 3 14 633 310 52 5 674 161 326 105 126 366 380 90 744 669 851 80 803 925 570 236 707 346 872 31 635 591 782 438 358 735 183 879 201 174 197 425 792 842 911 998 202 484 5 166 647 993 416 281 687 981 659 791 251 435 298 656 271 804 977 693 331 812 954 277 158 775 35 839 67 788 890 407 957 473 404 473 26 606 926 322 737 731 628 972 245 86 79 719 473 946 977 784 26 251 814 825 970 111 380 721 940 625 980 435 190 661 878 432 273 967 529 470 1000 543 519 538 826 468 663 714 233 977 752 715 559 479 758 149 968 478 422 372 940 68 374 787 712 71 405 520 676 589 337 454 902 596 429 583 346 296 601 190 934 103 206 265 676 449 4 617 138 343 820 232 300 807 831 843 724 941 599 831 325 388 752 873 959 432 521 934 229 166 171 319 570 538 58 127 166 625 53 203 508 975 911 686 124 957 658 766 203 398 197 700 509 259 353 461 749 503 194 320 599 294 318 693 647 605 160 906 258 299 366 926 71 907 784 21 825 372 194 32 233 912 50 658 395 311 333 251 128 966 471 267 129 353 585 341 86 518 465 421 898 498 128 731 264 57 391 174 783 429 927 670 151 853 718 899 273 939 964 1000 422 653 804 24 788 421 584 895 199 560 695 645 510 254 867 817 809 442 450 380 475 53 685 603 192 729 322 356 424 120 661 331 266 986 321 879 348 461 942 511 294 952 612 419 347 384 27 421 978 146 249 88 108 103 3 414 502 1 757 748 121 922 494 607 650 569 894 837 85 649 944 852 960 996 206 355 338 363 535 149 965 326 420 706 249 540 170 902 409 583 770 608 50 883 234 780 46 544 717 220 830 663 459 736 962 618 2 123 232 235 740 927 104 539 109 590 218 125 857 364 980 748 840 663 181 967 36 774 275 372 126 75 728 340 641 162 149 393 192 26 992 886 404 979 261 782 532 253 735 116 87 295 341 671 726 105 803 598 699 869 23 940 974 565 769 133 413 413 360 446 793 607 648 23 903 589 803 482 967 277 997 349 310 526 355 477 118 834 299 579 299 124 519 307 714 101 355 613 180 603 659 629 954 210 47 977 823 19 951 669 682 670 842 65 10 754 145 381 110 545 477 140 481 19 613 613 408 804 500 137 570 921 114 865 489 867 1000 617 304 74 45 324 886 438 713 299 834 906 573 623 976 350 144 958 777 690 830 414 450 960 460 927 683 188 924 489 238 313 313 315 795 472 74 695 69 693 22 232 352 765 583 73 929 337 718 157 515 732 441 599 70 864 937 70 35 591 1 303 890 429 52 51 613 724 575 338 288 133 750 515 739 666 630 242 147 538 376 774 278 265 631 836 196 163 516 872 728 663 658 9 740 72 907 550 425 613 577 632 343 481 91 126 600 664 394 285 131 535 276 18 268 572 829 565 599 700 269 160 219 674 739 492 808 962 689 584 274 926 323 610 481 14 628 512 396 126 754 633 406 400 758 471 451 745 428 523 413 300 274 264 688 919 44 190 749 617 585 434 82 631 167 735 778 220 76 507 216 271 602 996 950 977 186 499 857 464 370 366 515 320 557 595 848 375 794 389 895 392 27 827 388 486 267 300 889 137 357 217 471 725 192 703 342 48 528 843 29 359 837 291 743 992 601 344 432 276 249 887 785 728 737 550 356 859 753 844 748 357 68 944 775 211 35 412 840 291 488 930 379 282 266 962 113 780 507 986 622 163 264 777 165 659 98 619 45 280 980 136 779 801 768 895 708 565 900 424 985 453 80 924 987 428 393 820 26 269 570 821 549 605 894 358 673 676 505 206 650 541 721 640 333 133 453 227 406 569 755 5 49 160 991 688 180 786 919 817 747 558 103 558 193 669 651 709 465 904 213 694 751 36 360 810 557 915 935 296 8 914 18 830 120 675 272 59 839 913 101 852 346 537 127 708 146 136 893 669 94 448 914 499 731 230 195 352 50 260 251 838 252 803 802 776 725 370 67 757 554 262 375 825 238 421 577 253 366 435 284 103 944 29 22 234 316 296 719 571 531 934 713 779 431 136 574 577 339 943 741 778 528 257 770 355 886 532 396 673 680 492 375 665 339 529 685 479 794 765 996 782 860 169 816 348 49 685 525 578 960 10 174 334 627 593 456 759 452 268 610 8 899 495 256 97 706 90 731 671 807 263 690 227 270 485 778 831 518 245 728 931 9 243 744 660 115 848 912 672 796 70 912 789 812 546 31 506 869 379 665 325 344 941 689 766 477 59 854 719 391 666 556 354 304 138 242 46 439 778 667 26 936 481 319 982 682 41 367 519 440 51 546 195 688 85 879 192 13 967 809 486 540 168 735 641 333 759 660 841 454 799 541 157 305 986 971 407 90 892 767 26 134 47 890 697 720 190 723 896 923 866 183 561 627 896 619 542 616 153 442 490 318 819 568 591 410 539 455 779 481 682 523 412 99 89 371 530 560 471 534 655 462 235 860 997 160 672 57 913 861 108 912 862 406 336 295 880 239 503 218 114 497 688 611 969 560 938 21 412 85 489 124 289 565 568 888 860 668 640 835 701 611 759 643 58 75 542 728 200 572 348 668 741 960 204 505 308 6 92 309 512 170 689 869 969 671 667 691 958 892 844 333 614 445 539 208 175 251 591 988 23 949 536 899 205 901 950 197 368 647 333 343 541 421 57 670 409 950 62 119 947 76 473 429 363 767 572 231 218 722 741 984 946 465 565 16 642 484 529 530 310 88 720 304 863 881 566 873 489 174 518 89 424 365 242 510 284 342 773 520 754 867 615 210 582 67 891 436 626 474 927 371 125 758 563 236 138 106 870 852 505 978 139 317 661 166 834 73 8 313 303 707 974 278 558 997 129 135 522 919 835 704 793 142 696 337 316 55 503 290 281 495 660 247 10 583 576 311 718 391 467 970 379 809 806 473 744 354 768 895 993 424 470 573 780 459 214 616 677 27 799 324 933 898 229 199 245 851 527 537 606 801 636 876 780 911 574 139 74 36 382 110 416 28 764 109 237 986 896 479 109 257 818 532 160 444 216 737 931 53 500 434 380 95 120 336 317 409 591 344 474 306 606 630 296 719 228 841 621 602 521 622 198 354 478 890 465 733 648 838 51 446 45 632 506 159 122 817 290 478 613 594 215 553 121 31 455 438 965 435 834 568 48 996 583 118 357 114 995 125 920 74 867 393 724 1 819 509 400 632 27 107 687 244 331 363 984 41 340 421 461 639 915 514 477 370 404 338 343 196 994 46 616 364 96 686 386 699 139 346 625 335 947 818 302 914 720 455 43 870 2 333 211 940 264 49 140 839 635 17 421 57 465 514 228 76 1 802 349 165 639 695 419 423 981 227 819 430 533 551 165 829 705 884 672 261 3 728 473 595 274 366 263 640 535 384 829 767 75 707 655 379 764 578 534 51 245 873 117 723 45 514 275 682 388 678 835 642 429 396 185 569 411 318 6 28 374 319 392 809 947 109 514 755 154 291 385 358 242 410 185 887 149 296 884 268 318 64 141 513 137 604 475 904 265 854 58 266 986 804 798 298 353 428 105 97 204 39 202 935 735 180 565 16 989 650 823 965 492 395 825 215 978 48 196 226 680 892 852 690 933 934 820 374 212 615 318 79 752 223 854 378 55 172 954 393 681 772 885 417 476 799 133 68 280 753 825 701 670 674 676 79 774 987 755 83 68 547 938 293 38 806 254 555 241 263 554 116 418 269 103 437 425 580 849 617 778 192 602 113 358 358 251 337 966 355 240 176 814 49 299 779 427 125 106 499 809 15 201 126 318 165 282 254 537 511 60 385 972 824 867 683 911 357 763 7 892 947 173 495 400 918 391 623 795 91 167 476 466 791 797 780 612 225 711 152 210 815 523 651 263 548 287 146 437 669 812 141 536 731 667 413 108 73 710 795 493 429 135 474 772 228 435 628 550 213 166 415 870 123 684 325 726 615 953 100 656 929 716 501 131 626 641 907 90 227 197 78 378 664 795 32 711 807 675 257 242 687 336 599 979 887 577 64 714 728 341 444 314 501 248 205 221 128 599 337 722 112 272 405 58 601 755 776 482 910 195 369 11 999 998 148 578 565 140 410 12 597 142 326 183 292 154 364 952 594 958 814 940 756 21 965 99 916 909 799 771 228 401 308 22 696 167 216 542 105 368 959 23 262 59 921 894 900 152 777 4 240 332 267 557 883 455 422 487 324 445 807 849 868 841 166 281 759 195 589 552 382 514 863 763 341 142 122 464 159 629 819 536 367 188 637 317 369 204 770 706 706 50 123 711 826 933 801 514 848 555 83 956 198 296 828 362 305 934 448 511 86 70 179 763 46 193 423 783 336 567 356 952 169 39 291 131 379 300 168 922 500 23 685 790 806 547 980 5 113 18 93 168 829 700 299 704 547 504 537 739 204 689 90 558 317 41 380 101 206 664 374 803 656 999 409 11 616 919 696 948 982 748 646 667 888 987 339 581 436 109 150 638 727 847 890 527 822 519 541 420 935 385 518 268 477 384 817 143 157 901 518 981 276 693 509 220 934 901 602 925 902 516 334 265 955 749 575 989 134 347 228 752 725 701 26 314 193 485 541 827 605 242 398 411 488 279 365 710 174 967 877 823 479 731 522 212 251 578 875 957 934 462 631 266 615 310 561 560 334 585 770 856 748 299 310 696 703 772 225 839 558 377 929 398 961 810 688 990 705 746 167 537 973 32 93 144 321 689 439 160 891 762 588 415 75 621 58 48 132 39 263 985 954 335 594 802 715 800 211 831 621 522 361 269 771 536 970 621 376 880 17 639 452 844 53 883 193 611 279 482 754 150 188 702 222 109 419 803 679 869 255 687 717 768 489 44 671 950 57 866 173 136 489
1971 56
22 443
61 300
60 135
56 332
34 399
37 118
11 81
28 415
32 359
64 128
58 104
20 285
7 100
5 52
10 286
8 278
31 75
36 16
45 420
2 402
4 162
9 259
0 156
44 362
52 420
3 142
33 163
57 271
24 341
50 327
21 57
46 242
39 259
43 330
42 240
14 402
62 27
12 404
29 433
15 369
40 299
54 294
53 403
27 136
59 164
13 195
47 60
30 414
1 54
38 294
48 343
18 260
55 296
41 233
25 332
23 454
1567 56
36 187
51 64
47 194
23 170
55 200
53 434
26 39
28 138
37 353
15 23
9 182
5 340
64 112
17 206
11 106
45 350
4 451
44 414
34 429
19 334
54 1
56 104
31 428
24 266
6 255
0 162
12 66
10 274
30 29
8 328
7 164
43 53
63 322
35 332
48 259
33 251
41 435
40 19
2 181
25 229
61 387
52 274
20 268
16 344
1 72
13 151
22 155
59 298
14 441
3 150
62 403
49 34
60 320
29 360
65 276
39 23
3437 56
62 39
29 250
61 238
22 80
45 247
52 268
28 60
44 207
17 232
40 205
31 38
46 150
51 253
42 280
27 232
13 237
64 104
7 344
19 141
20 99
5 153
16 362
65 362
1 98
55 386
39 193
59 136
0 59
48 97
23 101
18 77
43 335
15 43
38 188
6 195
26 350
60 310
57 67
2 248
8 348
25 269
12 367
49 251
58 165
56 363
32 348
36 158
37 147
54 195
14 108
21 452
3 120
35 349
53 28
10 263
41 257
2295 56
56 371
23 406
28 274
29 340
46 403
62 12
0 349
34 79
3 431
42 286
53 337
27 276
50 60
44 437
20 230
25 106
6 317
26 21
31 35
35 449
22 228
32 408
1 358
18 153
21 168
65 372
49 83
16 369
17 452
7 123
61 419
15 30
11 233
9 332
47 172
58 334
14 284
37 175
33 201
39 310
45 271
10 408
48 53
19 72
38 145
40 295
63 300
41 303
30 330
52 404
24 416
55 54
43 30
57 207
59 324
64 81
2142 56
51 104
29 348
30 417
35 65
62 437
38 422
37 305
23 295
42 217
53 302
28 426
31 292
10 162
60 257
17 191
13 266
8 240
11 173
24 274
55 418
21 353
56 86
36 219
47 201
57 120
4 425
22 429
26 314
54 107
1 236
46 447
48 8
32 235
7 373
12 158
3 68
49 415
27 150
58 393
65 172
52 382
9 212
59 391
18 290
34 111
19 85
40 360
2 145
61 350
6 260
0 363
15 371
16 376
43 73
25 151
50 77
1383 56
3 369
57 349
35 385
63 372
60 299
61 80
49 133
1 45
36 222
27 195
58 152
11 80
25 170
5 265
56 375
8 301
64 369
18 359
4 85
6 124
48 95
32 26
30 400
34 138
45 179
62 105
26 147
39 201
28 66
21 275
9 395
22 95
7 49
15 80
46 223
42 250
44 269
41 187
20 253
17 312
37 288
31 92
10 165
47 204
12 350
13 348
2 371
16 182
0 143
23 269
54 377
14 321
19 16
33 130
59 22
51 322
2455 56
53 318
65 440
51 178
36 287
45 227
39 163
60 309
15 439
55 98
27 250
5 245
1 309
43 142
28 227
49 325
56 186
9 342
10 374
59 108
64 362
21 179
32 32
48 172
44 304
46 47
24 367
8 58
3 447
54 397
61 284
13 263
7 141
52 94
25 99
38 147
6 424
41 47
34 253
33 216
31 360
29 197
57 212
35 405
14 32
40 123
30 126
42 248
12 390
18 265
19 74
2 295
58 159
17 39
62 69
16 292
23 237
302 56
9 184
35 14
3 157
49 160
33 40
31 12
6 193
55 87
39 169
1 122
45 200
28 6
14 8
37 50
30 147
65 26
40 236
19 38
53 11
17 100
60 199
62 265
0 230
11 115
8 1
38 105
61 130
56 10
29 265
12 113
51 144
48 26
52 111
43 199
50 182
4 185
22 259
54 253
46 225
59 48
57 106
20 112
2 257
32 29
41 49
23 36
26 142
42 157
15 120
34 141
25 238
58 186
44 9
36 173
64 51
21 55
3115 56
65 353
14 341
12 304
40 64
13 119
43 306
58 450
21 273
24 277
59 104
18 186
0 96
31 10
16 116
2 99
11 26
3 284
46 325
62 352
22 399
7 222
28 436
15 233
41 254
27 136
64 65
1 202
52 14
36 370
34 80
48 374
37 340
39 403
8 289
6 67
38 74
29 339
53 237
49 277
4 332
25 310
60 298
32 154
56 257
42 276
30 381
17 378
5 268
33 196
47 24
10 356
26 288
23 111
19 416
54 5
50 167
298 56
44 77
6 28
42 173
26 29
45 29
4 34
63 223
36 162
0 101
40 30
47 5
15 249
58 133
28 22
29 185
41 151
64 174
52 129
9 39
1 77
27 144
22 126
54 174
20 56
55 249
46 216
5 67
10 178
51 58
60 253
32 220
34 194
43 202
12 231
11 240
53 119
18 244
14 100
57 61
61 124
8 175
35 167
19 243
31 243
37 254
16 116
3 94
21 46
33 60
23 248
38 133
30 15
65 80
62 43
7 61
59 200
2359 56
0 336
16 3
15 264
27 98
53 111
35 86
40 272
56 125
61 213
43 198
59 389
12 421
44 24
6 408
20 391
42 359
57 178
31 320
23 59
25 70
60 1
8 133
21 328
5 341
14 62
17 297
65 426
24 447
41 259
2 302
48 93
19 215
45 263
63 1
37 134
28 278
18 106
10 221
39 114
1 36
33 174
55 416
50 10
62 48
32 298
22 278
4 293
30 71
9 77
64 20
46 25
11 55
3 192
47 184
58 394
38 195
1269 56
47 346
26 317
40 305
35 313
65 249
7 321
45 100
18 205
31 380
17 333
3 46
55 379
50 321
38 288
13 232
44 119
4 129
30 57
42 428
14 103
11 429
24 251
28 93
19 442
10 349
61 154
2 248
34 100
6 324
64 429
0 438
22 201
37 379
59 43
33 118
54 103
43 49
29 1
20 422
36 413
39 323
27 77
62 297
21 396
49 337
9 426
56 213
32 421
41 76
48 388
53 431
12 234
16 178
1 409
52 128
15 141
1037 56
56 207
50 176
27 232
45 414
18 5
51 395
58 295
39 115
64 48
61 45
42 444
55 25
44 127
3 250
4 160
53 136
21 409
20 385
52 359
14 310
38 361
23 248
12 441
8 121
57 116
15 49
48 247
24 12
35 227
7 300
2 148
54 282
49 215
47 394
30 240
29 163
32 201
5 128
28 128
22 415
17 113
60 50
34 135
37 409
6 86
19 60
10 229
11 433
36 307
65 128
1 312
16 285
43 157
63 249
31 100
62 327
1527 56
59 353
29 374
32 401
37 339
0 317
39 111
43 134
41 238
44 252
33 234
9 36
53 268
52 78
63 287
60 444
34 5
25 148
55 327
11 16
45 14
3 85
56 191
13 21
20 78
6 341
19 353
58 292
2 65
14 184
22 230
4 195
23 4
7 136
48 111
38 172
17 216
21 66
40 66
46 351
30 354
54 212
42 328
15 215
26 88
57 272
36 417
27 441
47 251
62 352
49 371
16 239
12 251
64 234
50 58
8 151
61 305
632 56
16 165
49 228
56 124
52 408
3 427
20 308
29 400
45 295
8 61
31 125
15 378
40 129
38 333
28 45
64 123
12 42
10 210
39 89
65 188
25 189
14 428
62 403
5 431
57 147
48 89
30 421
53 223
47 415
4 86
41 310
17 349
63 383
50 348
1 192
22 9
59 454
35 224
43 18
58 445
55 300
60 143
61 42
2 255
23 73
9 182
6 137
51 301
36 452
33 139
54 242
27 334
18 157
37 222
11 205
13 237
26 434
3719 56
17 241
7 13
52 390
65 442
6 42
32 237
23 110
5 79
24 106
46 432
39 333
42 137
58 12
53 74
54 134
33 46
14 410
26 413
47 137
61 421
31 28
21 298
2 148
38 451
30 443
48 404
59 46
57 409
45 419
19 188
16 46
0 56
50 297
64 234
18 408
55 394
62 164
44 143
40 268
41 358
27 371
34 382
12 333
22 40
37 289
51 200
56 120
15 44
11 248
35 120
43 420
60 232
10 156
28 254
9 452
13 285
1599 56
14 30
8 33
33 166
64 4
48 264
54 221
19 135
43 406
32 434
44 26
60 449
56 64
47 91
11 408
0 213
6 56
7 314
45 62
46 83
25 68
39 324
58 118
30 89
42 384
49 212
51 257
24 144
31 450
40 170
37 212
26 419
38 359
12 39
53 333
23 193
62 451
27 30
13 364
63 80
21 242
16 215
34 265
17 197
3 127
10 268
2 324
35 307
50 438
61 70
4 411
5 22
36 23
9 373
41 404
29 110
18 136
2482 56
17 250
58 443
41 329
57 79
18 340
28 233
19 69
32 359
15 302
53 332
13 242
34 210
35 362
30 26
21 28
10 445
51 178
20 351
0 79
55 122
7 268
36 315
50 174
8 329
12 315
4 304
49 385
46 428
42 149
14 266
6 376
45 13
65 332
31 19
56 90
39 382
47 130
52 329
9 312
64 414
27 15
16 240
48 220
3 274
62 97
11 16
22 52
5 273
59 382
37 198
33 224
38 344
63 342
25 77
60 37
40 376
740 56
4 424
15 49
33 238
57 266
12 59
5 374
56 96
64 367
42 370
52 361
38 12
7 436
8 356
14 270
2 143
43 179
53 8
48 155
3 69
41 286
47 453
11 358
60 276
21 455
30 79
29 206
31 338
65 168
35 263
19 254
25 159
0 398
24 177
44 262
23 57
27 154
46 24
58 374
13 9
39 48
49 249
1 88
40 19
22 438
37 210
17 246
28 138
62 274
26 38
16 159
32 93
63 369
54 441
55 239
9 330
34 216
1286 56
39 269
59 252
31 389
64 410
11 274
50 144
43 181
46 267
27 148
38 372
16 284
30 411
28 230
55 75
22 359
36 152
63 235
21 265
49 27
48 307
62 124
5 370
4 390
40 23
42 310
20 412
53 110
35 43
8 304
54 35
6 331
14 210
45 128
23 58
26 139
9 273
37 192
29 149
25 47
13 328
33 75
44 382
52 417
32 225
1 369
58 204
7 2
18 440
3 415
61 169
12 257
34 431
65 434
51 441
41 317
19 242
933 56
32 147
18 333
59 36
40 239
48 245
42 344
35 28
16 302
0 322
29 348
14 186
27 323
19 70
54 235
28 128
45 15
64 337
43 225
1 104
9 398
6 15
7 149
3 123
2 432
56 65
10 276
39 195
8 151
57 58
65 42
62 247
25 300
63 196
11 21
44 184
60 358
12 202
61 265
38 112
51 87
5 339
50 367
37 150
41 127
33 305
4 282
26 124
23 92
53 393
17 265
49 294
34 300
21 212
58 144
46 77
24 82
2299 56
57 326
26 110
7 321
15 73
0 417
34 75
41 206
64 348
5 141
45 22
42 395
62 440
44 210
25 85
46 247
19 186
40 414
39 217
4 106
24 389
21 112
18 252
50 303
6 68
54 211
37 339
28 124
22 383
53 83
2 183
61 87
51 299
9 365
55 23
20 407
33 429
16 395
29 153
47 175
36 442
48 150
11 111
10 381
52 138
32 316
56 170
13 229
8 76
27 416
14 185
35 416
49 20
43 53
59 103
12 182
1 296
212 56
33 183
48 102
4 37
63 134
60 181
40 48
35 76
56 42
29 57
49 34
39 178
7 95
6 10
21 171
27 139
61 104
11 183
19 60
46 24
31 74
34 156
41 107
59 151
20 78
28 67
3 178
38 8
10 99
0 178
12 62
42 142
32 157
16 130
22 82
37 1
8 177
1 11
65 33
51 86
17 27
57 153
53 102
45 19
13 191
2 61
5 24
25 30
36 131
14 156
18 189
62 124
30 41
26 161
9 149
64 14
43 161
991 56
8 320
40 327
38 339
0 33
5 197
42 292
25 109
41 353
64 43
45 405
46 417
51 244
47 324
3 190
32 192
23 415
1 120
59 266
16 439
56 346
43 325
49 440
29 344
11 38
48 354
10 291
24 373
60 340
57 15
26 153
9 43
63 198
2 419
53 336
54 2
14 232
52 37
61 438
65 167
6 405
22 337
30 338
12 15
20 403
28 267
44 149
13 122
31 148
21 381
17 282
15 442
35 334
62 340
39 361
7 308
58 56
2392 56
43 113
49 254
26 69
50 299
14 352
5 285
41 313
46 208
40 85
64 442
61 149
34 54
57 202
36 325
19 83
58 94
24 395
10 101
56 31
59 42
30 153
52 266
33 95
62 380
63 134
51 201
35 121
20 343
23 321
7 394
21 120
65 370
38 275
13 299
45 427
44 176
6 37
0 178
1 40
2 61
12 295
60 89
32 281
42 5
31 105
27 317
15 116
25 408
8 19
29 455
53 57
17 384
3 252
55 305
28 89
47 348
1435 56
18 250
32 21
53 68
60 215
58 60
46 433
3 230
44 441
13 283
29 385
36 452
52 438
25 358
61 183
43 168
31 317
39 331
54 399
4 28
2 172
45 441
8 27
24 191
65 286
9 131
14 286
28 34
55 172
49 190
1 318
26 213
48 54
12 48
27 224
42 47
63 434
56 97
34 414
0 125
64 237
17 423
22 93
38 153
23 245
62 271
19 258
41 338
6 299
20 134
30 360
21 31
50 439
37 214
7 213
35 181
51 388
3779 56
44 176
17 249
47 358
45 34
6 47
38 133
1 10
24 411
56 15
53 267
23 432
46 454
65 381
52 321
43 55
49 446
8 343
28 266
5 293
0 452
29 180
10 150
59 394
34 451
58 411
33 177
13 374
42 86
26 261
15 126
37 246
41 177
63 270
57 389
14 252
40 43
36 116
12 186
48 26
21 224
30 171
51 46
60 305
20 37
55 5
4 282
50 13
2 413
27 384
9 450
61 36
3 206
39 238
7 110
54 245
31 359
2899 56
20 40
37 342
2 5
48 407
29 200
23 236
62 101
58 264
26 29
57 150
36 370
32 167
6 401
55 439
47 214
4 225
42 186
40 333
65 33
53 168
51 216
12 233
59 68
0 320
54 77
15 241
28 306
44 164
34 322
33 404
49 91
25 412
5 432
60 419
46 403
9 197
10 30
35 455
3 199
43 351
50 78
52 50
1 4
39 434
30 129
45 81
14 266
27 257
31 347
11 217
22 339
18 174
16 241
21 434
13 68
38 376
3759 56
15 127
19 408
6 122
10 133
50 223
25 214
16 57
56 301
51 109
35 71
44 36
30 187
52 322
65 20
62 138
32 391
29 205
61 440
24 146
34 184
36 321
18 291
53 20
3 50
41 154
11 207
57 447
9 175
22 183
4 430
13 12
17 21
63 294
23 357
48 349
20 336
45 60
5 415
14 249
31 105
38 52
39 105
33 393
12 200
40 261
60 236
27 389
54 381
49 220
7 408
2 349
21 20
59 413
37 161
26 105
1 188
402 56
16 178
25 235
63 312
57 85
37 186
29 299
33 331
56 278
20 317
3 105
1 152
5 210
2 194
31 66
58 85
34 255
0 293
42 285
46 350
54 340
39 123
4 204
27 83
38 80
43 287
44 50
9 214
13 14
14 267
64 214
19 61
40 351
28 104
26 142
51 247
65 122
35 55
49 220
48 48
32 15
10 17
30 194
22 204
50 213
18 317
59 119
8 166
55 262
24 359
11 126
47 149
12 347
36 242
62 18
7 220
61 166
1920 56
49 12
34 283
38 174
25 311
52 168
7 239
58 124
32 124
55 6
60 140
64 220
12 319
6 170
3 434
1 444
53 50
22 58
11 316
8 389
15 186
4 73
23 150
31 138
17 190
56 422
16 164
27 176
46 118
39 65
40 121
24 366
47 230
57 118
26 275
44 300
2 19
14 429
41 264
18 59
10 110
48 156
30 174
51 297
61 335
62 189
9 52
20 24
54 453
35 289
65 248
63 150
5 362
42 110
28 20
29 238
37 131
1132 56
12 33
40 90
32 118
60 14
34 325
39 303
52 230
16 212
2 415
20 417
61 342
23 109
49 270
25 158
1 6
55 25
18 11
21 353
24 177
59 385
26 181
63 310
28 171
29 175
30 338
48 297
3 38
31 139
5 288
36 205
57 61
4 441
38 177
27 237
62 386
58 155
53 381
44 409
37 30
35 176
54 407
22 157
47 375
46 132
64 141
13 29
33 353
65 428
0 109
42 173
15 298
14 155
17 262
56 223
19 341
7 364
2065 56
64 246
63 224
11 12
51 241
5 411
2 2
61 88
27 401
45 354
59 31
54 251
46 234
31 203
41 141
62 94
10 358
43 330
16 357
4 412
26 340
49 346
44 374
8 455
17 436
12 95
50 161
28 418
15 402
19 33
65 8
13 33
53 312
3 376
32 443
33 383
39 124
47 407
22 86
58 325
57 13
1 17
42 154
29 91
60 97
48 144
36 200
21 381
14 168
7 380
37 445
18 82
52 389
40 147
24 200
20 274
25 439
1733 56
54 374
58 286
0 169
28 398
33 47
63 39
1 217
14 189
7 195
5 410
34 1
24 402
60 178
61 234
19 283
10 289
42 333
45 152
38 80
55 336
22 238
16 414
18 444
17 158
48 337
53 166
49 120
37 189
59 195
40 432
64 172
52 20
44 184
2 193
15 80
43 328
56 355
47 394
62 410
9 188
25 216
46 76
50 30
23 245
65 128
30 104
35 352
27 417
11 86
29 250
8 36
6 367
31 115
36 98
4 297
3 267
3015 56
3 10
57 228
52 337
24 14
37 171
9 272
50 448
2 212
47 268
46 102
26 110
44 37
14 153
61 290
38 289
0 195
16 444
23 417
40 18
62 394
64 364
8 395
1 235
43 339
49 226
63 312
41 205
12 169
36 70
5 225
31 36
34 260
13 428
19 199
48 126
29 190
25 43
58 323
27 193
11 90
10 70
30 159
17 53
7 345
56 7
55 277
53 217
20 283
32 245
21 392
15 233
18 235
65 259
54 330
35 74
22 418
3254 56
51 310
4 406
32 327
57 129
29 31
10 300
55 113
8 327
50 93
37 275
41 191
40 47
23 16
13 422
20 365
46 448
3 377
52 137
24 158
53 298
28 83
35 423
36 208
25 214
2 40
14 219
39 19
27 40
1 341
48 197
33 200
30 219
63 15
43 52
21 401
7 180
49 136
15 108
62 26
65 290
11 283
9 96
61 157
54 140
26 183
60 147
47 422
58 325
44 231
6 422
45 102
34 5
38 390
64 293
17 59
56 206
1405 56
9 261
57 395
8 48
38 216
42 354
5 200
44 77
1 66
33 179
29 215
50 27
27 98
12 344
16 197
39 201
30 257
40 423
18 303
46 428
4 307
64 81
63 386
2 392
36 290
19 437
59 402
41 164
23 310
31 148
7 414
32 376
49 262
47 420
52 322
60 359
17 322
58 269
53 66
21 209
20 314
45 391
56 200
62 436
25 325
24 166
65 202
55 364
34 450
51 34
37 133
3 452
22 307
14 205
26 25
0 438
35 151
3106 56
49 99
64 272
5 152
17 118
9 238
6 215
16 15
22 241
42 157
13 96
3 234
0 15
2 175
46 24
1 89
37 145
14 108
53 407
48 435
65 88
26 393
28 105
18 382
10 329
55 354
59 116
45 305
56 171
47 104
32 120
24 348
62 379
38 47
61 79
60 144
8 341
35 265
58 428
19 83
21 291
29 436
33 439
39 398
44 86
36 205
4 409
34 412
25 77
31 425
15 370
52 404
23 397
51 221
27 31
41 251
63 360
2533 56
39 446
8 39
40 283
24 22
30 70
2 355
44 222
64 9
54 175
15 413
14 454
12 272
50 160
58 202
18 282
31 438
4 100
42 438
38 254
0 28
27 153
33 96
41 306
5 415
19 207
37 169
7 404
26 12
61 447
29 263
65 85
55 363
43 107
6 121
23 133
36 349
9 138
35 84
34 51
16 177
56 175
57 378
10 264
3 395
48 117
17 344
13 227
20 201
52 362
63 215
59 232
45 153
62 318
46 446
1 102
53 269
1145 56
23 42
48 448
1 235
33 21
34 419
11 60
17 392
64 191
43 305
15 327
49 66
6 59
18 232
52 361
35 290
36 440
14 178
27 351
16 287
19 125
12 51
59 190
39 247
2 210
60 157
44 355
57 182
13 146
7 364
62 324
47 102
63 259
5 237
0 348
21 199
38 190
46 451
20 452
45 157
24 258
61 392
37 297
42 262
9 348
30 147
4 386
51 291
40 402
55 49
41 338
54 112
8 319
29 291
50 214
25 49
22 116
603 56
17 192
61 208
30 367
6 195
57 228
25 248
53 186
35 164
58 41
34 117
29 401
21 137
7 441
38 274
3 258
26 196
18 260
20 175
41 337
52 84
39 324
50 132
64 218
15 357
36 294
1 102
46 350
10 174
12 104
2 424
11 155
62 249
4 248
0 221
65 409
48 101
51 80
13 387
49 18
5 34
60 80
27 157
37 104
43 412
16 16
44 4
32 145
63 105
55 402
8 372
54 185
40 82
19 125
22 14
28 377
45 168
2329 56
59 131
33 271
6 146
20 13
56 351
54 389
40 240
35 323
12 248
5 261
8 392
19 335
16 401
14 373
23 226
49 114
2 40
42 339
61 178
26 231
22 280
24 257
45 44
32 67
31 216
46 392
53 72
65 390
51 310
62 172
28 134
39 381
29 366
48 251
38 181
11 275
27 242
55 221
13 452
60 419
52 169
58 444
63 25
50 238
47 359
57 13
30 265
1 185
0 285
44 1
15 338
3 359
34 372
18 279
10 308
17 130
2433 56
10 86
37 264
17 14
49 392
19 187
14 333
0 329
48 360
36 257
35 437
24 72
55 176
28 454
62 5
26 323
6 208
22 154
16 262
61 396
60 21
56 154
21 19
12 158
47 120
46 148
57 450
4 222
34 254
63 244
31 105
2 451
51 412
58 392
11 180
53 16
32 395
41 350
1 412
30 76
33 280
20 235
15 284
9 200
7 432
40 58
64 254
27 52
8 23
29 74
13 61
65 188
18 378
3 62
50 105
54 68
59 387
2305 56
36 334
42 356
54 297
59 88
45 175
30 376
34 164
52 436
27 358
61 118
44 421
1 331
18 410
32 189
48 39
21 136
22 56
4 24
14 192
37 165
63 185
25 172
3 240
33 303
55 356
2 420
47 177
28 349
53 165
10 247
65 5
17 130
46 98
39 220
13 283
57 248
6 259
64 252
0 355
38 351
51 228
20 328
43 451
29 271
31 349
11 412
41 53
15 435
40 455
56 158
60 208
12 368
16 208
24 403
35 108
23 141
2153 56
11 58
30 229
26 7
28 214
65 185
54 73
25 205
4 452
14 192
23 176
12 156
52 87
8 103
39 426
59 184
49 24
43 185
35 209
41 252
9 154
50 323
37 18
7 103
63 323
40 170
56 73
42 19
33 242
46 41
47 201
21 338
17 4
27 217
45 72
53 334
10 251
60 310
55 68
5 321
44 77
31 376
20 6
62 364
32 436
15 28
18 100
57 340
24 314
29 419
1 137
36 203
16 26
19 317
3 36
48 95
38 128
3094 56
39 381
26 22
41 5
1 347
12 78
53 16
37 238
27 251
57 206
31 105
19 183
65 38
20 333
55 313
2 138
56 263
63 39
46 333
33 222
45 328
8 393
13 256
40 236
30 398
15 223
47 90
35 246
9 184
34 380
6 321
14 322
50 409
0 370
51 44
24 280
61 132
10 404
62 158
54 147
17 8
22 164
5 338
52 24
3 141
32 18
58 214
25 452
11 230
59 352
21 310
48 212
42 163
49 349
38 353
43 368
23 26
118 56
33 83
61 78
31 99
53 65
12 54
42 39
2 77
58 49
17 62
29 79
40 96
7 74
50 64
6 55
48 76
34 107
15 81
24 49
5 90
1 18
10 37
46 34
18 42
52 7
36 23
4 5
51 36
13 32
49 26
19 93
44 61
30 23
28 39
26 69
27 71
60 41
38 1
39 4
45 80
23 4
62 42
41 22
20 83
55 16
35 46
9 80
65 75
21 72
56 75
14 24
43 41
59 82
25 56
11 49
37 35
57 86
2820 56
42 425
18 196
27 249
0 142
16 182
29 418
11 340
10 96
39 142
57 367
53 432
62 300
15 214
50 437
21 162
32 455
33 452
58 191
14 323
19 345
55 152
1 451
45 135
22 90
65 383
60 442
36 227
44 116
64 32
49 415
24 11
40 234
56 65
28 95
4 162
13 398
7 42
51 179
47 453
46 305
6 333
3 309
43 259
37 341
12 47
59 250
41 4
48 361
26 352
25 298
35 354
54 51
52 209
9 410
61 257
30 308
202 56
2 91
23 58
32 75
49 75
5 130
65 39
6 123
58 112
15 10
14 139
52 131
60 41
9 169
36 133
39 120
4 81
62 27
42 11
59 61
0 4
53 92
55 116
46 105
19 126
33 121
26 167
51 16
61 84
50 149
3 149
43 143
64 117
63 112
11 183
24 116
45 166
22 104
35 159
8 50
7 22
31 70
25 15
1 12
28 115
41 127
56 33
30 118
13 33
47 19
16 15
27 141
44 14
21 103
48 48
10 51
38 44
461 56
40 219
64 81
24 302
49 67
41 197
13 389
43 351
54 188
58 366
25 328
47 128
26 399
59 221
38 151
17 319
61 149
20 402
4 128
33 294
22 345
29 64
51 305
62 418
45 110
19 95
18 316
0 3
63 361
6 190
37 164
52 343
53 61
21 93
11 193
28 39
34 160
65 112
7 18
1 410
48 135
3 333
5 20
35 315
14 244
57 380
56 343
9 116
27 339
2 309
8 337
10 170
15 5
36 5
12 304
32 412
42 350
512 56
52 194
32 75
11 320
18 365
5 415
0 379
10 303
44 121
12 284
8 348
39 342
33 450
49 248
41 74
47 281
58 200
56 117
36 186
6 433
3 192
63 102
45 24
62 121
65 213
20 96
1 239
38 49
28 140
34 173
9 284
43 284
19 431
60 192
31 341
48 56
53 146
54 124
51 454
29 125
35 196
15 110
13 69
61 156
4 232
27 449
64 205
17 56
50 81
21 123
40 180
57 113
23 450
46 359
16 362
22 100
24 397
3760 56
16 246
22 321
2 448
11 231
50 445
7 42
57 69
41 124
0 64
23 170
48 326
26 311
45 208
63 19
10 171
46 240
65 147
52 94
5 235
1 144
4 332
32 179
6 86
27 292
31 184
34 451
25 168
9 83
55 271
18 34
21 50
13 389
43 221
20 15
35 72
64 14
61 160
47 107
56 138
14 434
8 178
44 451
17 173
54 274
30 200
51 317
37 245
19 199
38 205
33 311
3 337
29 100
40 235
49 337
62 408
36 188
1102 56
44 253
20 95
55 190
9 265
65 202
50 315
27 153
25 426
6 54
26 335
30 183
7 161
0 88
57 329
45 324
10 211
36 167
41 396
47 164
64 116
16 184
22 350
31 173
21 176
4 164
42 334
37 161
35 250
54 197
3 175
1 276
13 365
5 244
56 338
15 385
59 321
49 246
32 392
18 220
60 431
61 178
2 39
58 11
48 321
17 214
63 206
39 415
34 34
24 356
12 24
11 303
28 239
46 212
43 372
51 360
14 377
3966 56
31 116
12 417
0 85
54 151
6 200
37 316
60 362
34 219
44 357
22 172
49 249
35 342
21 278
27 291
19 55
57 228
15 230
55 205
14 55
61 224
56 235
2 182
30 89
58 370
26 25
5 176
47 205
41 390
45 191
3 349
1 51
10 438
43 292
42 132
4 148
65 25
8 232
62 123
13 88
11 130
63 422
7 110
32 242
16 240
40 88
39 198
53 358
48 424
59 317
36 454
20 98
52 206
25 259
50 299
17 215
46 429
2111 56
11 71
19 120
12 51
50 371
59 253
57 134
31 163
64 8
15 337
41 422
53 446
9 437
13 82
65 297
46 275
24 170
6 382
1 450
29 39
3 231
32 333
63 262
16 76
43 354
7 148
40 53
60 329
45 232
54 154
2 89
42 52
33 123
49 418
61 68
39 432
20 376
8 209
52 149
30 216
55 128
37 25
36 57
17 424
58 194
48 100
0 347
25 378
23 59
27 158
10 20
22 333
51 337
18 65
47 32
5 38
28 89
2559 56
62 111
43 393
7 279
52 168
27 392
17 68
24 10
20 410
63 362
0 269
34 266
36 383
59 305
30 244
31 231
14 308
16 184
58 70
19 392
21 86
42 285
9 339
45 6
61 407
65 360
48 133
6 250
5 270
32 252
57 176
49 340
46 275
11 436
64 359
60 100
41 202
15 396
50 302
33 217
54 42
8 199
51 328
23 261
29 390
35 19
18 335
10 170
3 261
2 39
13 247
56 31
25 126
39 200
38 367
47 47
44 169
408 56
32 287
7 247
4 124
1 295
29 132
26 310
19 367
33 193
23 251
5 316
18 156
8 153
41 328
22 5
62 157
65 336
63 346
43 43
45 39
35 369
0 183
57 146
15 137
6 331
17 224
61 336
12 110
25 349
52 97
48 308
14 55
30 112
24 193
47 103
46 300
2 41
34 324
64 205
54 329
9 92
11 281
42 10
27 38
58 107
50 60
37 206
36 350
55 250
20 317
51 201
31 25
60 197
59 259
28 288
21 325
3 311
3305 56
24 394
63 378
53 241
12 405
29 217
58 390
21 401
57 178
25 46
47 227
3 206
46 253
41 454
9 176
19 151
42 61
17 312
20 375
8 406
13 180
64 177
0 24
55 322
56 369
28 1
62 399
15 358
26 401
43 325
50 76
60 269
23 31
48 232
65 58
44 249
33 75
39 60
35 88
61 356
30 417
54 185
1 395
49 294
38 264
31 120
45 36
51 316
4 335
2 174
16 179
11 184
22 361
59 388
14 83
52 406
40 225
3607 56
19 74
3 385
44 63
5 133
56 448
43 41
33 375
32 216
10 391
34 263
57 14
1 248
47 374
6 385
55 82
8 415
20 46
59 420
65 208
24 224
37 384
14 372
13 204
17 173
42 454
41 235
29 347
4 392
0 316
11 272
48 160
54 309
62 161
61 381
58 32
46 39
9 259
45 236
26 454
49 183
15 268
51 436
36 131
52 199
22 221
60 439
38 181
2 293
31 359
40 277
27 159
12 58
7 293
30 378
16 181
50 212
2279 56
5 353
37 356
10 58
15 192
4 234
29 305
60 180
49 421
61 190
54 155
8 359
7 145
16 68
18 274
62 399
11 338
12 13
6 170
0 138
13 17
36 387
65 202
43 245
34 93
1 100
64 218
38 44
63 339
44 111
17 344
51 65
53 94
25 124
48 160
35 253
26 315
28 82
32 388
58 365
23 288
39 451
41 118
46 11
42 395
19 130
55 225
30 284
59 296
22 286
2 74
57 157
9 372
45 325
56 453
24 233
33 95
1556 56
18 322
3 24
19 198
64 145
63 293
8 10
40 60
20 359
56 209
38 196
35 184
33 231
53 258
7 171
65 337
50 234
60 149
25 410
24 429
15 50
30 196
12 450
17 277
52 364
54 96
22 440
55 203
23 43
51 72
14 445
37 257
59 98
16 258
45 33
11 182
5 437
21 430
49 156
26 5
27 5
10 372
48 34
9 426
36 255
32 240
0 108
4 266
41 351
46 47
47 395
43 18
6 449
58 73
62 19
2 68
44 343
1025 56
43 100
32 327
0 386
1 90
22 38
42 370
31 218
39 151
59 177
45 193
9 252
30 216
52 332
6 439
40 270
33 418
64 247
20 138
4 109
29 26
23 329
41 437
10 232
26 413
18 364
28 259
27 225
56 86
34 50
2 310
62 30
14 76
37 232
65 350
36 1
17 415
46 115
63 110
38 286
8 405
47 56
53 387
48 258
50 6
3 346
54 176
12 139
61 361
13 150
58 146
19 437
15 307
35 319
44 255
11 229
51 405
2358 56
32 275
64 158
7 141
25 38
30 339
26 273
36 379
5 204
10 454
9 369
22 334
0 227
13 368
8 337
38 334
50 380
58 33
18 285
29 17
2 390
28 307
14 198
44 191
17 393
59 97
62 385
21 400
37 133
57 439
52 35
46 230
48 155
51 442
63 357
54 57
16 201
6 248
4 416
35 453
3 145
47 279
15 14
40 60
53 290
45 122
27 204
49 292
19 325
1 187
41 71
33 400
55 438
12 440
34 351
31 105
42 130
2398 56
12 354
17 256
58 421
50 88
46 172
60 50
34 212
25 400
37 16
8 54
64 280
63 146
51 34
57 418
1 72
59 58
40 402
54 149
27 348
10 160
16 301
56 129
41 430
36 191
52 4
2 62
39 66
11 199
62 5
18 329
32 392
5 6
19 452
35 175
45 123
6 62
65 44
49 49
4 30
43 94
21 255
44 330
29 262
23 123
3 142
42 434
33 256
26 99
13 412
55 265
22 217
47 392
15 416
30 56
0 125
48 356
3658 56
36 194
49 4
27 280
42 67
15 171
16 152
3 199
38 361
57 343
33 190
31 258
1 96
9 107
7 23
63 395
19 1
65 189
41 433
4 180
34 418
24 337
28 297
50 12
11 294
58 436
59 131
64 42
2 355
23 344
25 450
56 207
32 167
40 216
62 25
22 42
30 143
46 183
37 99
17 309
10 186
14 112
8 331
44 399
60 35
39 64
12 416
18 128
45 385
53 190
43 126
6 415
47 437
5 356
54 401
20 35
21 270
126 56
26 11
47 67
60 12
12 73
64 2
16 6
45 73
10 81
57 75
6 62
49 42
54 41
11 49
14 81
19 45
41 32
32 114
23 22
35 22
34 52
51 94
1 36
48 93
4 32
31 99
50 10
28 35
24 110
8 71
37 103
44 10
7 100
29 75
15 11
22 114
13 87
3 20
17 15
53 37
46 40
55 14
40 111
5 71
61 90
52 70
38 83
18 5
62 27
0 111
43 32
65 84
2 79
59 18
36 109
25 63
33 107
2362 56
4 275
47 30
11 89
26 401
62 155
28 77
12 291
55 455
9 264
27 34
45 445
64 137
0 413
29 269
23 362
58 66
7 95
16 410
3 157
53 190
6 51
50 347
60 242
14 342
24 336
13 410
42 329
8 321
52 318
59 33
30 74
20 87
48 322
35 148
10 27
1 264
54 403
25 42
63 302
56 187
44 346
61 20
32 363
21 313
40 112
51 348
41 345
57 326
38 331
18 166
33 106
31 43
2 335
49 404
37 299
19 169
323 56
23 150
21 98
39 124
53 263
24 33
42 97
17 7
36 22
28 88
58 236
37 39
40 201
6 284
54 124
13 33
30 210
27 246
60 214
11 165
45 110
33 192
65 64
8 198
61 179
29 115
16 216
22 203
56 13
49 90
2 75
1 186
50 44
59 252
55 184
12 217
52 29
46 218
34 292
31 50
5 79
63 104
51 113
19 251
7 254
20 281
47 23
25 169
18 241
48 225
41 201
32 68
15 234
57 261
38 233
35 34
14 13
2477 56
38 128
25 228
44 25
6 254
21 12
49 112
48 41
10 379
33 137
28 111
15 229
3 107
9 188
12 300
27 27
19 25
32 124
4 401
22 325
55 97
35 110
24 158
8 225
65 430
62 387
41 414
16 279
54 10
46 220
42 18
7 39
47 49
59 181
50 146
57 35
58 427
23 41
30 318
13 286
40 240
63 299
61 341
0 209
20 87
17 396
56 303
5 182
52 446
29 234
34 45
14 107
11 85
2 297
43 350
18 267
51 187
386 56
51 80
37 179
16 273
64 342
53 76
28 8
59 240
63 182
49 311
38 307
20 104
60 16
6 234
52 122
42 315
36 206
44 146
50 203
55 267
22 236
35 238
54 268
19 333
14 76
24 230
13 325
3 174
26 205
1 61
10 158
40 276
29 214
33 179
61 160
57 46
11 270
65 107
34 264
17 55
5 177
18 24
15 77
48 169
46 111
31 228
23 272
32 329
56 107
7 247
0 84
12 119
41 72
21 314
39 239
2 294
62 16
2963 56
46 98
61 334
14 327
62 241
2 31
22 318
3 77
45 103
38 50
17 31
28 207
51 43
47 63
12 36
54 342
21 100
39 108
49 38
65 323
0 170
18 363
26 432
9 269
1 224
41 52
53 396
43 388
16 248
5 408
44 262
7 63
50 312
55 79
15 376
8 132
25 201
57 12
19 321
35 98
10 259
36 142
63 325
27 340
56 451
32 69
6 366
20 154
24 219
64 298
33 296
52 210
59 454
29 442
23 110
48 368
42 383
2431 56
2 38
57 13
17 358
53 67
32 241
45 439
16 54
61 434
3 263
47 425
52 331
42 269
1 371
43 452
36 43
30 447
51 206
19 242
12 59
40 160
49 408
38 373
44 315
11 281
13 345
64 251
31 268
10 243
34 415
24 124
62 233
60 23
35 326
5 422
48 430
21 431
54 217
29 371
4 262
56 14
26 40
18 351
14 158
20 216
27 348
9 76
22 79
59 432
7 173
28 197
50 404
65 140
37 122
41 315
46 81
63 218
3254 56
36 162
59 26
41 343
5 116
43 281
28 347
24 290
8 6
37 445
54 338
58 206
1 207
26 433
6 79
25 260
22 273
14 215
27 2
39 362
34 39
7 280
62 24
64 168
11 391
23 305
16 241
53 347
56 361
13 228
18 440
30 141
32 343
57 329
51 189
50 26
42 361
46 135
10 135
55 126
65 433
47 191
4 188
63 354
31 407
17 50
29 298
33 257
40 5
12 170
38 451
19 187
49 236
52 254
9 145
45 55
15 325
3139 56
59 53
49 147
32 334
15 370
4 243
0 28
29 269
46 212
17 114
44 241
37 444
26 248
28 198
13 378
25 57
42 423
58 4
8 409
11 206
65 352
47 315
12 70
3 32
30 47
18 87
16 395
60 300
9 341
64 261
14 90
43 183
48 293
51 14
36 44
23 331
24 303
39 181
57 264
1 101
21 338
34 163
62 146
45 280
7 291
2 3
5 233
55 395
27 31
40 405
63 119
56 13
54 395
50 293
52 196
38 330
41 237
1138 56
57 174
21 287
38 360
41 27
28 81
58 150
5 152
23 251
3 417
2 249
9 145
19 143
48 248
45 58
30 182
6 441
26 271
59 248
35 36
63 73
13 3
12 38
18 94
43 106
11 288
50 218
0 223
52 83
40 100
37 30
47 403
14 39
49 387
16 137
34 369
32 370
15 295
24 29
55 268
61 74
60 272
42 415
64 191
25 21
10 401
44 302
29 303
17 2
22 364
7 316
51 198
31 217
53 107
4 87
20 376
39 147
1907 56
34 279
39 178
9 56
35 106
38 167
22 116
37 19
10 354
23 217
18 396
56 99
61 114
60 334
36 45
33 383
5 230
0 129
29 167
51 83
30 101
25 151
54 196
7 121
47 162
49 398
28 254
55 440
1 369
14 158
52 9
20 282
44 202
43 132
40 326
21 388
16 88
19 326
6 72
57 66
13 207
26 42
24 115
53 105
42 204
15 334
64 162
65 302
2 18
48 93
12 448
62 20
8 25
3 366
31 132
32 420
46 181
2461 56
25 187
29 250
36 362
48 427
61 196
45 322
62 117
7 151
60 180
13 8
65 70
41 210
28 421
15 454
17 329
43 151
58 193
14 122
5 407
38 413
16 336
47 55
30 7
20 317
49 414
40 18
27 157
19 109
33 396
44 9
57 447
51 130
11 425
6 61
53 31
42 153
55 129
59 441
34 362
23 454
31 296
26 9
1 445
50 398
10 129
39 41
8 244
46 302
2 142
3 376
35 367
22 285
64 283
4 380
32 269
12 290
3981 56
11 116
7 101
22 314
6 305
39 163
35 173
23 160
30 400
40 65
16 65
9 146
64 6
34 444
29 167
2 94
48 57
63 271
37 359
26 158
43 368
3 60
42 396
45 170
27 153
5 258
15 158
52 277
53 78
44 382
20 447
50 364
60 442
46 142
55 176
31 119
12 85
57 433
58 22
0 287
56 342
18 28
14 186
17 90
21 55
38 50
65 346
49 148
41 237
59 362
32 408
25 41
36 170
47 132
1 169
33 165
51 174
1848 56
63 161
14 305
57 26
6 324
31 293
3 84
54 230
45 426
60 77
42 245
13 88
22 303
12 19
65 392
51 235
58 279
56 30
21 238
64 320
48 433
18 389
11 41
4 261
25 58
2 188
43 322
32 39
37 8
46 100
61 229
9 360
16 56
47 229
50 272
59 17
17 155
35 11
8 354
19 82
29 401
7 396
15 404
55 77
23 266
44 3
28 375
30 201
39 37
1 151
40 105
20 164
27 215
62 25
24 423
10 437
53 280
1740 56
2 355
53 247
26 51
34 358
36 114
12 45
63 73
64 40
47 14
28 160
15 309
61 433
22 165
55 276
13 178
24 239
39 364
54 275
29 22
51 165
43 260
46 17
42 403
7 318
11 2
18 415
58 158
27 188
41 366
5 255
6 316
35 437
14 119
3 111
17 127
32 259
52 345
57 84
21 358
16 204
19 17
40 418
65 246
30 103
25 250
0 332
38 11
50 307
8 36
1 402
4 398
44 131
49 53
10 118
20 336
9 149
1699 56
34 181
15 304
25 176
9 122
63 447
20 360
59 437
2 137
38 13
10 56
43 146
24 422
13 149
65 90
31 401
5 38
11 78
53 105
18 221
1 304
36 89
52 332
46 401
44 215
48 300
17 323
0 284
14 244
12 48
58 49
51 372
8 297
64 194
33 238
19 56
50 361
35 135
42 169
30 111
6 88
60 302
3 341
7 411
26 143
55 132
16 442
61 236
32 68
39 105
56 71
4 313
21 118
37 122
49 433
57 385
40 426
1351 56
20 203
6 190
17 406
36 358
60 231
44 171
52 319
19 103
34 124
56 347
11 106
61 347
53 313
45 360
65 175
35 413
14 240
29 34
37 388
0 329
55 325
51 195
57 400
27 385
4 377
62 427
12 173
54 78
48 330
24 280
8 237
10 3
42 221
1 104
33 28
64 9
58 354
2 198
59 14
7 155
26 300
9 130
50 333
15 191
18 31
63 110
3 227
23 88
49 290
40 39
21 198
43 341
39 289
47 47
41 350
28 411
1348 56
24 320
18 332
1 7
65 15
5 42
36 153
3 85
4 129
0 60
33 259
16 224
62 306
34 418
51 260
26 156
57 83
52 270
13 272
6 209
9 422
60 438
63 437
48 418
49 332
56 292
45 362
19 357
41 51
7 309
11 455
28 240
50 90
23 125
38 403
35 259
17 88
59 230
37 56
21 333
58 275
39 9
47 282
15 288
42 128
53 348
61 248
31 243
54 129
2 222
64 116
25 290
22 319
30 57
44 418
32 172
40 218
2519 56
62 303
32 213
36 302
10 127
37 177
48 446
47 303
3 15
60 240
51 284
31 360
34 279
24 10
25 393
7 289
50 289
19 321
9 111
0 450
30 163
16 453
40 194
46 32
45 269
29 329
33 426
64 391
54 316
63 371
59 400
49 165
17 52
35 215
42 65
12 288
8 441
27 274
18 307
65 249
38 257
44 222
20 362
57 364
14 422
4 251
55 176
23 145
15 47
56 128
43 16
1 322
41 29
22 242
13 149
11 38
26 42
286 56
9 74
59 65
14 71
23 257
0 6
60 12
6 94
19 203
8 170
44 256
63 140
28 77
36 100
61 19
16 198
22 61
40 103
18 225
46 258
65 179
29 1
43 140
26 245
1 235
17 177
4 18
25 13
52 209
56 188
38 166
30 72
37 130
3 33
50 150
5 49
54 247
21 104
55 207
11 4
47 83
53 180
41 78
39 74
57 40
48 8
20 14
15 190
13 132
32 186
49 37
62 181
7 188
42 3
58 80
51 130
24 67
1525 56
20 163
19 283
0 431
28 347
33 156
12 175
23 437
14 223
50 292
54 279
22 339
15 286
52 103
4 307
30 327
32 261
34 283
21 204
8 361
53 241
55 140
56 438
9 431
1 341
46 223
25 432
65 291
36 453
16 381
24 259
39 303
2 239
10 123
3 154
41 20
57 427
35 282
44 140
6 360
27 132
63 94
31 106
58 176
51 211
17 411
60 336
43 376
40 178
37 54
49 377
48 73
59 193
26 362
11 135
45 250
18 352
3312 56
6 274
4 395
16 140
60 161
25 7
2 413
58 130
40 210
15 424
55 252
3 142
62 97
56 433
8 120
49 57
37 207
47 227
9 191
27 18
35 242
45 213
38 415
12 224
64 338
31 120
17 243
0 402
26 291
22 338
63 409
34 455
59 350
65 402
7 384
18 392
23 442
11 213
53 210
14 13
5 16
54 268
13 342
50 364
57 1
28 14
39 130
42 400
33 421
21 269
19 163
43 94
41 378
44 370
29 157
51 299
61 242
3890 56
51 160
7 352
45 206
46 414
65 432
6 269
37 7
5 246
52 52
4 17
39 441
42 70
25 119
49 337
56 193
47 327
19 389
54 343
29 2
32 349
64 81
61 448
43 254
34 216
22 244
9 112
3 342
28 360
14 437
35 53
36 326
55 239
31 275
27 146
8 27
63 184
59 95
53 231
38 286
11 365
17 93
16 139
1 220
24 217
13 357
48 431
33 439
40 225
18 292
62 58
44 238
12 278
2 156
58 314
0 165
60 155
3678 56
31 104
55 366
50 4
5 283
2 364
29 143
53 169
34 75
10 344
19 91
33 423
61 101
42 68
9 132
36 57
28 242
43 256
40 403
17 248
18 23
54 315
63 452
22 391
3 222
35 448
41 416
12 265
58 447
44 143
24 118
4 375
38 283
6 82
37 142
20 376
8 77
49 184
27 176
57 235
47 225
1 122
30 236
60 64
45 27
15 422
7 206
23 178
0 10
59 230
56 278
52 28
14 402
26 215
32 163
11 190
16 418
546 56
34 419
18 85
8 65
28 290
14 262
11 183
49 436
58 356
30 308
38 79
3 432
46 305
24 106
31 167
20 346
61 451
2 198
53 223
4 17
25 419
65 401
13 131
63 403
50 450
10 414
35 45
42 114
19 159
36 234
15 422
40 381
26 26
7 402
5 270
60 418
54 373
59 117
48 330
12 183
44 235
9 93
57 375
45 343
0 392
51 269
29 138
27 437
6 383
62 215
64 172
43 121
16 157
17 299
55 396
39 52
22 122
3032 56
53 147
56 43
6 324
7 282
29 20
18 224
49 265
27 320
41 113
52 407
26 98
51 337
59 159
2 66
63 15
37 95
15 181
39 313
40 437
28 89
22 222
20 80
64 304
14 353
4 281
0 117
50 136
30 98
21 271
36 170
1 373
13 27
17 77
43 108
25 7
3 395
34 71
33 67
31 435
12 226
11 390
44 453
55 85
57 304
62 9
58 303
5 382
35 86
24 218
61 396
48 378
47 377
42 336
16 85
45 310
19 153
1905 56
20 67
9 42
36 61
64 204
63 18
11 80
52 100
61 128
34 177
57 392
10 413
0 420
19 275
37 43
65 184
26 196
8 89
47 198
43 327
53 13
30 294
7 43
38 443
29 26
3 170
56 30
54 453
18 306
40 150
45 80
46 417
22 266
28 388
4 62
13 222
15 334
24 249
1 289
27 359
21 351
16 426
5 320
32 117
25 447
41 43
59 422
50 207
2 80
31 427
44 317
49 385
62 71
42 289
12 331
39 8
14 386
1856 56
17 312
40 100
42 429
55 158
3 7
45 312
50 121
0 90
37 89
10 357
52 20
30 323
6 157
44 435
15 64
28 321
59 144
57 133
62 59
46 235
34 269
49 342
26 21
2 415
11 300
5 152
33 53
21 11
27 63
48 404
25 202
1 141
41 26
53 227
29 396
32 298
23 234
13 266
47 359
64 40
51 60
56 46
19 283
22 353
9 130
16 392
36 112
4 424
12 52
39 81
60 14
8 14
63 194
65 177
24 253
20 338
1738 56
33 300
21 251
63 87
35 48
18 62
38 195
22 328
20 247
64 295
53 211
5 257
8 160
6 20
31 189
3 83
59 192
32 434
9 25
40 2
42 255
65 228
30 100
41 113
28 85
52 90
0 422
56 185
26 115
10 136
29 183
39 261
60 448
12 22
57 401
51 151
25 314
16 157
45 114
47 405
48 394
37 275
23 58
36 287
34 203
50 210
55 322
43 103
27 14
58 328
61 306
46 209
2 19
54 38
1 249
15 397
13 51
3416 56
48 251
9 99
38 299
11 5
41 371
28 236
63 59
24 97
27 252
52 97
6 299
51 351
21 276
56 44
40 325
30 190
22 66
20 161
57 381
14 334
23 262
0 353
54 156
53 413
7 306
2 264
44 101
62 443
4 388
25 140
33 366
32 277
17 407
55 435
8 121
16 96
36 350
1 252
61 339
35 101
10 417
15 277
64 311
49 400
37 354
65 401
12 170
34 136
18 326
13 141
47 269
58 353
5 294
50 173
19 422
59 380
3991 56
54 255
53 55
29 177
52 151
39 455
23 294
51 203
17 35
63 362
13 290
57 309
41 176
58 17
46 25
7 99
50 292
32 236
5 250
10 86
35 21
21 365
3 76
60 348
62 181
38 313
61 302
9 41
59 165
64 182
30 141
37 328
34 169
25 371
8 56
2 106
48 143
11 197
40 341
42 329
4 400
49 55
45 221
36 53
19 108
43 41
24 145
27 208
15 7
20 13
14 34
56 139
44 222
26 300
18 365
16 200
31 198
1082 56
58 294
65 264
18 272
47 241
36 97
12 404
52 321
0 343
45 12
37 28
13 61
4 247
51 411
38 14
62 31
31 308
30 454
63 407
35 315
8 309
25 383
19 83
39 22
49 109
34 137
60 258
64 159
56 297
6 219
48 229
55 404
3 217
57 31
53 308
42 267
26 11
21 89
44 356
17 377
32 401
9 402
2 302
54 403
1 266
50 188
20 82
46 180
23 183
24 425
16 40
43 175
40 357
10 137
22 73
41 354
14 271
53 56
29 19
13 31
26 36
15 36
14 15
16 22
37 22
31 27
62 32
42 19
30 41
2 22
60 37
5 3
6 45
22 16
65 8
11 42
28 44
50 18
25 30
54 2
1 26
40 12
47 11
63 21
41 8
56 9
24 17
4 12
32 2
43 26
20 10
9 16
55 32
18 10
34 38
3 10
61 35
59 10
27 38
0 6
33 12
8 35
51 37
21 21
12 37
49 37
52 16
35 17
7 45
44 3
23 39
64 5
57 21
48 11
980 56
63 5
37 422
26 52
27 83
2 92
8 10
51 382
24 387
23 163
61 274
1 293
59 329
31 138
15 11
14 105
20 115
43 133
39 381
55 342
47 199
38 451
0 73
9 142
35 326
13 396
57 422
16 110
3 401
64 4
34 204
54 347
52 245
65 353
42 445
56 433
32 419
44 434
18 215
22 304
25 408
4 153
48 212
41 283
11 24
49 200
7 382
53 240
10 94
29 409
40 42
12 223
62 236
33 16
46 10
17 386
28 25
3324 56
37 364
13 444
33 278
22 27
61 405
9 177
43 3
8 351
15 125
11 121
46 180
42 225
57 76
49 290
56 342
10 315
47 183
55 455
12 304
45 239
51 172
6 247
48 149
64 440
18 341
2 347
20 382
28 359
5 379
44 186
27 2
32 135
24 46
60 92
14 196
50 430
41 67
26 261
52 381
54 52
29 381
0 141
40 320
65 103
39 253
62 245
19 441
35 400
38 157
30 293
3 297
16 405
4 399
17 196
36 61
53 219
574 56
28 391
32 250
52 127
27 306
50 201
53 435
10 141
35 212
14 299
11 390
41 93
30 312
5 278
6 283
24 88
49 277
55 433
33 229
36 298
7 94
34 26
42 83
4 332
26 94
1 39
64 76
51 342
45 277
46 277
54 335
15 38
3 229
31 237
9 261
16 179
58 243
22 119
19 333
39 191
18 201
61 337
0 452
40 394
2 422
47 390
17 435
13 280
12 50
8 444
29 265
65 112
62 441
25 58
21 87
56 351
48 432
1215 56
45 451
31 296
28 232
33 360
52 232
47 144
11 439
56 61
36 81
2 357
22 244
61 92
62 307
12 278
55 243
43 64
24 407
29 109
10 322
65 237
30 156
34 278
26 366
8 28
19 166
51 212
4 285
5 415
21 357
57 180
7 365
6 444
42 145
64 28
58 454
3 2
25 213
13 230
9 250
50 132
23 2
20 68
32 112
40 89
1 233
39 103
44 175
54 107
35 80
14 82
18 7
48 254
27 141
37 391
63 443
49 405
1031 56
20 380
28 77
49 100
29 403
18 238
61 177
65 228
12 21
64 149
8 394
10 182
19 431
0 386
11 311
38 236
55 407
24 72
35 257
51 118
27 231
41 123
59 35
32 128
30 356
15 264
40 428
37 331
42 296
48 454
16 121
43 419
57 317
60 137
21 404
4 302
31 61
2 408
46 85
17 184
3 10
14 230
58 108
23 125
53 200
56 270
26 93
62 124
54 121
25 372
47 33
9 59
36 111
39 315
44 439
13 275
34 442
1533 56
2 202
28 350
24 163
57 118
17 36
51 436
5 284
43 216
62 411
13 226
18 59
56 181
11 163
64 96
33 302
32 407
61 376
10 268
55 288
42 330
65 362
48 195
7 41
23 382
39 117
40 20
31 218
9 339
8 327
50 234
60 1
29 160
1 359
4 447
3 276
46 325
52 47
49 256
16 232
63 240
20 360
34 232
15 61
19 176
45 177
22 298
59 446
36 284
26 266
38 29
25 431
58 199
47 382
54 117
44 340
14 318
3026 56
27 442
8 182
18 446
16 415
13 377
23 261
12 235
32 319
63 312
37 283
14 394
9 55
48 183
1 132
44 192
51 230
17 245
33 334
38 175
47 260
7 245
65 302
10 242
6 369
35 447
54 141
29 108
30 15
3 288
25 243
46 354
0 305
4 12
28 372
58 114
15 168
2 26
41 167
49 300
53 212
60 280
39 83
52 56
5 266
50 223
24 241
34 398
64 72
22 351
57 413
56 159
43 265
31 424
62 383
36 95
20 353
766 56
21 232
61 169
14 81
53 148
23 172
37 434
11 66
42 123
26 39
19 375
10 433
20 46
24 332
62 127
30 408
12 216
7 199
18 302
27 455
57 9
64 234
1 177
59 373
29 139
46 2
45 337
50 164
13 233
56 295
32 426
51 231
35 388
63 264
38 190
3 101
31 269
6 97
54 57
5 348
16 455
8 116
40 299
15 86
4 288
34 47
60 90
33 34
44 161
65 410
58 98
39 446
17 328
43 161
52 304
28 144
47 178
20 56
21 7
43 5
56 16
59 6
30 17
5 13
48 16
22 12
41 1
14 12
61 5
58 13
46 8
1 2
13 5
35 9
40 12
37 17
0 15
62 7
51 3
12 1
26 2
16 7
31 10
23 6
60 9
11 10
29 9
45 10
65 12
50 4
10 15
19 13
36 13
20 10
6 11
38 6
33 6
54 15
3 7
18 16
28 6
17 2
63 4
52 1
24 14
7 2
8 13
64 10
9 17
53 11
34 16
25 17
27 2
57 4
1649 56
36 175
58 352
31 139
38 102
55 331
26 321
63 248
60 107
57 97
59 380
29 102
3 70
44 112
14 398
62 111
46 33
0 95
28 130
43 439
1 128
56 312
61 270
65 306
16 253
39 84
2 296
34 308
52 143
41 295
40 396
20 277
53 388
13 447
27 358
22 159
30 234
23 206
42 220
21 314
6 68
50 319
12 45
47 149
54 17
32 195
48 97
18 417
9 248
45 47
10 352
64 92
7 123
4 210
11 274
5 99
19 47
2303 56
56 44
15 142
59 298
65 449
28 385
55 80
23 183
33 395
42 411
3 28
35 104
39 53
20 366
25 33
21 222
30 19
54 135
10 331
45 345
58 350
37 84
18 378
17 361
14 375
12 368
47 33
64 285
43 382
16 300
8 400
2 452
62 183
41 200
27 9
9 340
63 312
0 426
36 323
40 100
22 137
26 154
1 279
44 158
61 257
13 103
24 61
29 139
48 74
32 450
5 320
38 257
49 12
4 371
50 364
19 191
7 46
1839 56
49 197
5 276
35 112
52 345
56 285
29 87
64 16
15 1
44 100
3 26
51 296
37 374
11 153
28 414
59 73
25 119
9 352
33 62
36 178
24 345
16 259
26 404
38 215
10 416
8 49
22 142
4 146
62 383
14 84
46 195
6 353
54 316
2 306
65 14
42 422
30 79
55 11
57 47
20 58
19 377
21 267
18 65
0 238
23 154
60 272
17 129
41 171
50 435
45 227
31 145
12 322
40 267
27 173
58 45
1 257
7 57
1366 56
16 305
10 217
27 191
39 304
15 193
5 63
45 10
56 143
34 28
17 77
65 55
20 324
1 395
3 258
62 162
7 440
54 323
21 196
12 224
47 285
18 55
6 274
51 190
58 289
0 51
24 280
32 309
52 94
40 371
23 358
13 230
26 454
49 42
22 419
4 320
46 392
8 259
44 160
59 260
30 109
41 379
57 229
31 186
36 221
14 264
19 11
35 182
48 69
33 149
43 418
2 79
9 385
29 44
37 45
55 447
28 170
2502 56
1 30
13 130
4 160
51 419
10 348
45 30
30 39
24 294
41 195
35 363
31 339
21 35
46 299
16 330
33 83
18 383
20 88
62 167
29 441
8 308
7 209
22 252
39 443
38 222
49 437
25 211
36 53
11 171
44 5
43 298
5 418
47 339
15 142
34 62
57 126
6 159
52 204
60 238
28 205
40 391
64 157
3 18
59 196
12 352
53 63
17 207
48 354
65 229
55 401
32 376
23 144
63 420
27 135
37 40
54 110
14 312
1671 56
26 248
10 164
36 83
50 105
33 450
52 69
15 231
49 429
7 398
44 363
43 179
17 338
16 73
38 417
41 58
58 444
65 373
8 31
22 415
46 208
51 438
34 455
24 330
63 316
54 76
28 357
9 346
60 313
48 265
62 385
29 15
14 232
40 276
11 46
57 74
19 354
25 370
5 295
35 411
0 149
47 236
56 343
59 268
37 148
61 247
53 231
2 441
27 113
55 213
21 42
64 427
45 76
3 210
6 444
42 275
4 85
3211 56
12 156
37 219
44 19
3 185
57 424
32 51
7 245
4 441
20 66
10 162
16 121
61 26
15 48
9 178
41 182
2 336
19 398
56 246
59 249
28 381
54 333
18 232
43 257
64 285
1 127
52 6
51 441
63 184
60 64
13 3
34 152
22 272
30 346
14 215
8 34
24 65
31 443
27 387
6 444
29 217
23 279
5 166
42 354
25 105
62 265
47 251
40 414
58 136
39 355
11 252
49 111
38 152
50 430
35 58
65 256
53 85
2744 56
44 16
46 124
34 112
20 127
54 359
49 125
31 276
6 353
60 80
38 262
27 31
29 178
14 386
0 121
8 94
30 88
50 360
51 369
22 238
63 26
15 410
47 114
13 367
11 41
12 379
4 84
19 134
18 158
7 134
5 122
23 149
45 62
9 258
59 234
28 418
61 370
56 395
58 239
55 323
40 95
16 289
53 24
37 92
24 424
57 406
64 110
62 354
32 162
36 116
65 10
48 41
42 245
25 107
41 2
39 185
43 291
2023 56
15 199
19 308
16 121
12 194
58 43
17 329
10 450
26 64
5 191
47 87
20 225
33 291
9 21
13 158
41 237
7 315
39 449
11 24
0 452
30 286
1 453
35 235
54 246
8 54
43 209
31 309
53 203
34 22
65 72
25 45
24 348
3 276
36 14
51 149
56 207
59 201
6 191
21 418
28 202
2 331
64 60
48 419
22 189
57 277
62 180
27 234
4 139
52 67
38 138
60 272
40 218
46 48
32 48
49 134
42 220
18 33
3692 56
12 242
57 175
19 223
56 66
18 78
37 194
22 22
1 146
60 396
4 241
61 285
28 424
9 332
7 361
35 433
42 337
33 363
24 125
58 56
29 230
23 275
65 368
63 187
20 177
46 272
53 122
34 346
51 294
13 317
27 322
17 301
64 370
36 138
8 188
45 331
52 325
14 171
62 291
50 359
59 263
2 167
32 455
54 126
5 105
26 291
11 347
48 105
44 213
21 77
16 283
10 224
43 177
6 8
30 120
47 448
0 296
1077 56
3 85
15 386
43 398
38 349
40 143
7 106
29 255
5 276
65 248
31 40
53 164
26 388
35 427
4 391
13 146
30 225
55 155
49 9
28 258
33 226
0 21
25 236
51 253
37 427
50 314
8 241
20 312
6 31
48 392
39 450
57 313
1 364
16 311
54 245
41 233
14 210
24 226
42 209
19 410
36 72
2 314
52 284
62 289
12 158
59 379
18 406
47 340
21 332
64 401
23 285
27 68
56 280
32 198
11 159
22 101
17 257
2669 56
57 316
51 302
55 191
1 59
44 250
48 83
31 129
11 259
50 248
43 347
24 392
25 241
41 314
28 9
0 130
23 109
19 161
5 92
8 318
39 34
45 419
30 454
65 390
15 110
18 349
37 394
40 353
14 398
10 167
17 200
32 368
38 355
60 15
53 17
58 191
2 4
61 25
64 24
35 291
3 134
7 215
36 404
63 398
56 182
13 250
29 446
20 168
12 190
42 328
46 201
21 289
54 407
27 207
33 278
59 182
4 175
2230 56
42 61
26 50
59 84
1 29
25 182
36 8
37 276
15 180
39 77
47 401
27 332
21 51
43 365
29 186
44 124
46 135
55 419
58 430
22 185
8 384
56 368
41 347
5 127
48 130
65 80
14 341
20 206
52 246
62 201
3 371
6 108
2 74
10 95
34 383
9 449
50 425
24 148
53 25
23 105
38 64
51 105
54 387
13 253
35 82
45 430
0 396
64 34
7 91
31 380
63 254
49 453
33 296
18 353
30 433
19 293
4 52
2269 56
30 379
62 316
12 8
49 3
18 414
60 190
6 411
5 310
7 365
31 263
57 222
27 268
2 346
61 128
23 454
21 41
65 47
15 138
37 213
22 444
58 340
33 408
0 61
45 17
13 105
10 314
35 446
8 130
53 278
48 117
52 197
43 401
34 264
17 320
38 95
50 298
25 269
46 274
1 388
29 306
3 26
47 238
36 201
26 179
64 323
24 95
54 356
9 174
51 283
41 177
42 125
56 269
19 193
20 377
55 86
32 246
356 56
37 17
2 190
55 124
51 276
6 191
22 183
56 207
49 177
4 10
24 187
17 282
0 242
7 37
48 81
43 208
57 276
1 225
54 184
14 244
53 83
21 71
61 287
31 320
44 274
16 122
29 19
42 10
9 89
3 218
63 170
38 61
60 279
46 112
36 283
27 293
20 45
11 299
64 129
30 251
35 236
59 263
8 307
5 112
33 51
32 91
52 128
13 295
40 100
45 144
18 45
39 70
47 218
26 42
25 229
62 98
23 225
3516 56
32 237
49 414
38 131
10 91
24 379
17 305
9 314
4 221
36 84
58 145
30 69
47 236
13 110
26 79
21 317
2 428
44 44
48 259
60 99
29 280
37 440
33 72
53 391
62 357
19 52
50 135
39 91
8 259
65 236
43 182
61 187
31 239
63 261
35 81
51 412
54 352
55 238
15 75
64 324
42 76
18 321
1 422
20 345
28 261
12 8
52 89
46 317
14 230
27 356
34 139
56 441
25 413
59 324
45 337
3 92
7 133
2862 56
54 278
5 23
7 331
20 140
13 385
37 308
62 245
56 439
11 330
17 166
24 212
55 285
19 122
43 302
45 75
64 8
2 302
53 423
65 398
30 403
1 354
16 430
36 392
29 294
34 231
32 160
21 450
3 425
51 259
47 377
8 440
49 274
0 111
27 139
42 48
9 72
39 68
58 321
60 316
35 455
38 353
59 226
15 200
26 384
33 20
57 36
52 328
23 328
63 86
28 47
31 221
25 104
41 10
14 248
6 32
48 9
524 56
27 139
40 322
9 5
1 369
22 400
43 156
56 185
59 454
30 438
61 238
57 146
64 284
28 258
7 425
52 315
15 105
54 308
12 419
23 212
53 341
8 221
4 332
42 449
31 48
47 259
35 9
62 201
10 271
46 399
29 144
24 421
11 342
41 330
17 253
2 45
34 175
36 113
19 369
51 79
50 109
32 13
65 232
5 37
26 100
33 295
55 438
3 203
20 278
49 99
21 423
0 121
45 308
16 422
44 453
39 238
13 78
3131 56
10 59
17 87
21 142
55 253
4 221
37 23
20 130
51 306
2 325
44 390
16 393
62 356
59 403
63 352
46 187
61 103
24 243
31 278
58 223
27 264
3 42
11 6
48 193
49 57
57 453
6 173
39 93
64 426
23 50
35 97
42 190
7 384
12 415
54 119
36 402
19 349
29 297
52 90
5 346
45 431
43 362
38 392
0 443
34 84
30 19
8 282
41 346
53 378
25 132
65 143
32 291
47 226
18 343
13 157
26 305
60 175
514 56
46 220
23 353
51 54
54 233
61 66
15 208
43 440
38 215
31 432
18 264
0 290
41 374
19 126
22 204
53 56
59 88
11 334
2 44
24 306
33 145
26 323
32 187
37 449
57 376
40 111
63 23
21 126
39 12
62 104
13 146
7 2
45 409
9 27
60 381
14 26
1 307
44 375
4 349
52 90
27 269
65 40
28 296
35 39
48 156
16 223
58 340
8 156
29 311
6 392
5 304
64 254
12 315
36 224
25 371
49 53
3 448
3877 56
49 195
1 204
58 204
62 354
54 243
10 247
21 275
23 81
24 27
64 96
27 348
48 386
53 413
65 330
43 146
19 55
3 13
6 436
50 230
5 421
29 274
46 190
7 279
32 402
18 327
61 242
28 105
52 371
13 22
60 9
41 246
37 307
11 161
57 74
51 286
12 20
56 132
4 455
16 274
55 252
33 260
36 187
31 436
26 182
14 66
47 229
35 250
8 200
22 244
30 90
45 251
2 442
44 443
0 101
40 450
15 406
2055 56
59 52
64 393
61 424
19 389
7 339
3 125
29 140
52 282
8 246
42 421
49 153
31 318
38 354
36 209
60 197
24 226
23 284
1 92
41 150
17 442
37 184
0 442
50 360
40 420
33 216
58 298
20 13
53 425
62 188
5 166
32 312
46 152
57 324
11 59
13 151
54 129
56 58
51 66
15 36
21 4
48 283
28 329
43 320
55 370
34 195
44 225
27 105
6 361
63 190
2 160
16 267
14 315
25 152
12 414
45 243
9 376
2815 56
47 361
49 158
62 225
41 192
6 448
22 158
15 351
38 424
43 199
12 115
8 447
35 376
21 412
17 94
10 387
40 80
65 245
29 61
24 311
3 151
16 315
14 138
26 233
44 52
9 78
20 438
31 45
7 54
48 51
36 82
60 27
56 131
59 18
42 333
57 429
37 83
28 52
1 211
18 370
61 359
63 290
30 351
4 180
33 423
25 121
32 331
27 106
50 16
19 204
2 272
34 274
13 294
46 445
58 230
23 112
5 267
22 56
34 16
9 3
44 3
20 13
22 10
0 1
55 6
59 5
10 4
29 14
54 17
41 9
16 3
47 6
49 13
27 16
38 19
26 12
46 17
6 15
1 15
61 1
33 18
65 5
11 1
43 18
5 13
8 5
28 5
19 16
53 9
51 8
4 3
56 19
12 1
50 14
23 13
52 14
35 11
7 9
25 18
63 16
48 16
45 14
17 12
2 4
30 1
21 11
18 6
13 3
57 14
24 3
37 11
64 17
62 14
42 9
153 56
0 32
55 115
61 25
11 41
43 67
33 45
53 37
19 50
48 121
57 68
15 95
49 72
12 33
30 64
17 72
25 122
3 22
34 109
62 68
29 4
28 118
32 104
59 109
6 6
13 118
1 3
65 7
24 55
47 58
64 33
26 132
10 17
58 37
37 42
2 33
27 68
16 132
45 20
18 53
8 72
42 35
60 71
21 111
52 91
23 26
46 78
51 29
7 42
38 46
41 11
50 138
35 56
40 105
44 5
14 47
56 28
1316 56
26 214
6 309
38 24
8 116
5 135
44 331
47 371
14 144
59 73
28 5
33 199
46 412
61 202
3 108
19 264
43 196
55 327
30 277
35 38
51 185
22 304
65 439
42 279
50 359
54 151
7 314
52 43
4 80
18 314
57 24
0 138
9 53
48 18
23 167
60 228
1 237
41 274
56 451
34 113
37 431
64 234
32 287
29 413
15 4
39 350
2 316
27 54
25 336
62 147
36 190
49 183
40 266
24 308
17 396
11 193
45 271
659 56
62 420
35 256
59 78
40 350
33 408
8 282
2 387
23 377
27 177
43 17
25 47
16 450
9 44
37 193
50 220
7 2
38 89
0 371
48 361
30 219
55 436
65 455
39 448
57 326
42 200
21 193
26 305
5 114
24 430
14 140
11 268
58 85
29 438
4 258
63 436
6 8
51 287
41 246
12 339
64 184
44 109
31 189
28 320
36 441
3 50
22 327
54 429
18 96
15 106
56 62
45 132
34 357
52 355
61 272
47 381
1 375
945 56
36 125
4 248
20 208
60 191
44 151
28 221
46 277
37 242
65 403
32 286
14 324
1 80
22 141
29 232
35 306
55 421
7 210
16 367
10 127
24 35
15 31
59 154
52 422
3 163
49 183
18 422
41 182
33 110
45 95
63 42
27 360
56 176
58 16
30 326
42 384
9 438
12 36
54 168
23 190
8 74
43 173
64 280
40 126
11 190
31 178
26 202
0 81
48 303
19 156
53 406
5 224
21 210
2 62
61 95
51 335
17 177
1319 56
41 425
44 151
39 124
50 277
6 188
53 276
52 45
15 368
27 436
12 438
7 335
64 17
28 64
24 332
4 391
5 163
16 59
63 324
20 84
2 311
38 21
13 55
37 37
42 31
60 245
58 304
35 408
18 214
26 236
29 346
31 189
22 120
48 2
61 146
45 407
40 160
25 35
57 405
17 134
55 119
30 85
33 154
34 170
43 304
36 275
11 204
51 157
59 133
3 56
65 135
0 414
21 148
54 19
9 432
19 344
23 138
3026 56
16 18
34 120
65 411
19 84
61 334
42 214
63 340
62 394
35 224
14 401
49 403
33 32
10 414
37 225
31 161
0 129
15 95
28 111
36 394
3 300
5 333
32 158
29 139
39 188
24 355
26 85
22 358
52 406
43 62
46 357
17 254
25 47
44 119
64 354
18 43
30 250
59 303
47 216
12 125
27 434
51 342
40 181
13 110
2 274
60 348
56 250
9 235
23 224
53 53
58 357
54 52
50 252
21 234
45 285
8 335
7 268
3511 56
38 119
54 355
28 265
51 53
33 88
37 223
18 277
30 39
2 195
60 287
44 94
31 34
52 79
43 346
5 327
46 394
59 386
12 258
36 290
1 200
45 314
34 224
10 369
39 48
8 307
14 201
4 3
24 6
41 136
53 427
62 250
17 127
0 79
11 284
49 126
50 282
16 200
55 135
27 402
61 235
19 402
65 373
56 293
9 36
22 251
26 121
21 311
58 328
40 137
3 144
23 117
63 12
57 127
48 297
32 209
13 242
1050 56
60 263
17 103
0 202
20 424
9 322
38 83
54 25
30 376
26 158
57 229
35 215
16 265
27 372
33 102
11 160
21 127
10 40
32 223
41 25
51 16
24 38
34 369
13 92
42 45
39 233
44 237
28 154
58 450
56 324
50 95
49 362
31 43
46 374
6 137
8 95
23 307
12 425
45 304
4 73
59 377
18 421
40 146
37 240
43 16
2 388
62 145
48 291
64 91
52 62
5 260
63 205
22 287
47 48
3 162
55 408
29 18
1326 56
22 136
58 74
10 248
50 293
29 430
42 191
21 35
27 388
18 435
54 273
53 422
16 110
6 299
36 44
2 315
19 321
33 211
37 360
51 98
25 78
26 71
52 234
64 113
32 442
34 348
62 409
5 218
8 198
30 263
24 115
1 137
47 349
14 142
61 4
4 232
28 188
49 237
55 447
31 398
60 219
17 249
35 74
45 341
7 215
39 112
13 187
57 362
20 289
15 118
12 73
43 139
63 177
46 15
3 396
38 376
0 142
3192 56
25 29
60 240
36 254
63 142
21 301
49 125
45 21
5 276
41 240
16 114
50 374
64 73
1 4
4 448
37 390
62 275
33 132
56 87
28 186
3 444
61 322
58 337
23 341
11 236
29 101
7 304
14 32
17 309
9 350
57 227
42 434
38 444
35 62
51 137
30 212
31 184
18 233
13 198
44 48
53 54
8 231
48 412
32 190
47 190
12 377
54 212
39 434
10 297
6 259
24 284
19 34
0 136
55 86
15 351
65 380
22 413
470 56
26 49
34 62
18 421
30 372
64 241
9 159
59 123
29 70
24 291
5 242
10 13
4 126
65 46
37 405
42 265
36 375
23 79
47 134
33 265
22 45
0 152
51 101
35 225
39 185
40 324
8 366
54 294
13 149
63 268
38 208
41 238
53 286
45 31
2 1
58 405
27 76
61 226
12 326
28 248
19 152
32 68
25 299
31 371
49 420
56 415
21 391
16 328
60 38
52 92
46 421
43 27
17 392
7 75
57 201
15 114
6 2
2520 56
16 308
1 170
59 144
65 343
47 218
56 230
18 26
42 283
14 77
28 334
40 71
52 428
0 288
26 211
38 420
22 72
3 291
55 453
54 140
8 315
44 71
21 89
2 40
41 9
24 234
46 373
5 291
12 420
27 180
10 231
17 264
50 136
64 388
37 70
62 338
34 231
57 47
30 314
23 308
32 246
31 273
48 75
53 387
63 298
11 288
4 383
51 88
15 262
13 54
6 7
20 367
45 137
49 391
25 317
29 270
7 283
2712 56
21 149
14 33
65 54
23 261
17 244
38 423
39 351
55 429
46 45
2 105
24 238
27 151
33 371
50 89
3 151
45 151
61 111
16 166
5 331
48 364
29 173
28 451
7 165
42 133
37 447
53 332
60 182
58 42
62 378
22 3
34 277
19 267
11 269
12 139
43 452
25 44
54 83
35 369
51 249
20 144
8 376
57 389
4 19
9 436
44 9
15 393
52 60
41 126
36 415
49 249
30 44
10 298
47 128
26 40
6 78
13 165
3324 56
20 26
8 122
46 296
62 247
57 289
30 419
47 430
31 70
41 452
4 212
11 83
18 195
48 234
17 290
59 322
9 62
58 441
7 261
15 401
37 87
10 433
25 417
43 83
5 141
12 217
55 352
22 202
52 42
19 230
28 429
26 175
33 274
2 283
44 219
64 96
23 218
40 37
61 401
38 136
6 139
3 364
34 139
1 406
24 338
16 333
21 156
65 435
51 196
56 453
60 32
27 42
32 355
54 219
14 385
29 41
13 268
3372 56
51 357
57 165
38 406
23 136
10 49
7 38
11 171
55 73
14 25
40 333
39 409
30 115
6 423
22 236
46 140
8 213
1 55
19 28
24 108
28 218
48 335
53 8
35 315
29 441
52 186
63 223
26 116
17 311
12 188
0 312
18 392
42 120
41 386
27 87
15 55
16 148
56 335
59 213
58 438
25 451
13 47
36 157
9 171
37 300
3 254
4 92
45 366
64 375
50 229
65 49
60 311
43 134
20 100
34 108
61 218
47 194
2837 56
21 246
28 12
34 82
4 378
39 283
55 344
48 107
12 375
29 355
60 446
59 371
36 30
10 420
44 252
0 88
24 42
20 225
9 165
40 116
52 356
56 327
43 188
57 149
19 451
32 83
58 200
65 393
64 162
37 8
42 414
2 333
41 398
25 247
49 383
35 202
61 12
15 312
11 321
46 238
16 67
1 275
18 287
14 396
62 452
3 287
13 234
17 33
23 7
54 430
27 197
45 237
7 157
5 376
38 321
8 347
26 34
2906 56
64 272
11 55
50 146
23 44
31 208
53 300
14 338
21 313
20 318
25 27
4 353
56 448
47 294
65 208
62 263
3 305
8 109
29 218
5 132
46 454
2 207
35 430
0 414
40 308
38 153
9 102
32 5
55 347
63 362
17 310
24 110
15 39
54 40
59 216
19 11
7 313
18 102
51 210
39 267
37 241
36 22
26 313
10 98
12 330
57 380
27 331
28 237
43 205
6 246
60 310
1 8
22 224
30 65
42 7
34 258
16 41
3511 56
9 159
2 261
51 284
53 369
33 328
18 230
52 56
30 71
22 26
34 220
58 374
8 280
39 83
40 265
44 370
17 217
41 79
49 123
11 218
13 77
42 28
46 60
38 265
57 98
14 148
36 47
12 242
47 372
43 62
3 68
32 441
59 189
6 292
15 378
5 138
23 33
10 316
19 345
24 64
35 183
37 406
56 191
65 363
28 256
0 191
64 89
62 285
31 375
61 239
25 389
21 119
50 354
20 340
29 48
1 208
54 336
1503 56
41 388
1 253
21 209
39 20
48 255
27 215
44 231
50 153
60 399
26 90
55 39
0 246
64 322
20 277
29 302
30 455
7 210
24 435
65 158
49 402
36 365
61 55
25 27
13 304
32 137
57 328
14 446
38 78
58 405
33 439
6 262
17 161
3 62
59 158
9 379
62 92
18 13
34 391
52 138
46 190
54 2
56 211
31 25
16 236
12 119
47 48
37 319
51 17
2 55
4 421
8 373
10 333
53 364
35 40
23 173
28 62
3385 56
25 301
1 123
3 426
32 281
44 340
19 91
13 388
64 325
48 399
50 383
58 138
10 81
59 121
20 275
53 156
47 388
28 384
61 124
41 162
23 120
42 2
31 229
43 313
37 381
29 298
24 169
40 380
52 112
57 423
65 295
15 295
35 216
63 369
54 433
18 71
51 399
27 447
30 413
8 14
55 347
36 354
26 184
33 248
9 51
14 160
22 280
34 27
60 145
7 25
21 218
17 161
45 396
2 191
4 343
62 363
11 352
3916 56
20 159
19 166
63 267
41 112
30 295
18 56
40 361
48 362
38 34
17 26
52 199
14 16
22 421
50 118
1 435
58 211
47 304
29 152
44 128
35 383
36 296
3 106
55 209
34 176
46 194
5 291
62 48
26 94
64 10
33 275
49 237
24 20
15 308
10 265
2 439
45 160
57 208
7 206
27 36
31 318
65 37
0 277
32 57
6 113
9 279
43 64
28 312
25 142
51 4
23 12
21 205
60 318
39 250
42 118
56 352
13 315
1361 56
42 85
61 388
59 389
31 229
26 228
40 35
55 30
37 425
32 122
54 160
57 287
25 361
21 134
38 389
23 243
48 454
62 16
18 208
27 205
50 60
43 414
20 205
24 387
10 181
64 277
8 91
35 426
12 164
17 204
0 351
16 345
30 233
46 454
5 174
1 229
6 175
65 321
4 426
7 214
58 158
2 100
60 358
3 350
63 320
56 273
44 412
39 125
29 31
19 93
34 209
36 136
47 46
22 422
53 49
52 358
45 100
1798 56
45 183
53 95
44 287
31 278
6 133
42 192
59 307
10 367
52 154
15 140
57 173
36 243
64 108
63 355
3 385
62 210
25 224
18 294
19 399
27 21
32 253
14 203
28 345
8 246
26 219
12 163
65 167
22 320
61 80
20 107
35 223
37 334
23 268
50 220
16 133
24 363
0 137
51 313
55 407
2 422
33 200
41 265
9 98
17 32
60 249
1 372
43 411
7 166
49 323
56 12
47 132
11 173
4 164
58 351
30 215
48 329
2149 56
63 184
0 184
4 1
57 5
49 437
59 283
11 372
53 223
29 53
27 112
14 416
2 300
44 17
37 245
25 372
43 230
12 324
21 154
35 342
6 164
18 381
56 382
40 367
15 236
23 222
10 430
30 378
32 453
65 75
8 206
55 295
3 87
54 297
50 178
20 139
1 222
51 207
47 218
22 152
58 318
33 194
31 421
42 280
19 123
9 241
26 361
45 62
7 330
28 5
16 174
60 165
46 16
36 78
62 449
34 12
17 409
1481 56
29 256
31 205
48 440
44 87
13 407
35 71
32 267
53 221
17 107
28 334
0 387
26 411
63 146
18 90
42 387
8 190
37 324
2 353
21 343
60 407
3 116
23 347
46 181
52 77
54 33
10 73
49 94
27 268
50 9
41 201
16 132
59 196
65 268
36 380
25 382
40 247
51 373
14 209
6 372
45 253
30 149
61 173
55 355
19 138
22 261
58 236
38 312
57 201
7 296
11 302
1 146
24 52
20 66
56 238
34 371
39 182
2348 56
33 195
40 424
31 181
2 56
60 154
21 348
45 437
49 223
4 52
47 234
46 89
9 186
54 226
61 349
23 39
59 20
41 387
34 128
50 46
30 312
42 396
62 412
7 367
44 243
5 335
57 164
39 137
18 184
11 210
0 126
19 394
1 44
29 340
36 429
65 269
51 178
64 328
24 132
22 272
16 329
43 302
26 454
35 366
53 45
3 422
12 154
20 406
38 251
13 306
56 163
17 237
58 366
27 49
63 312
37 258
10 279
3636 56
45 1
61 321
50 123
11 66
39 350
51 84
36 438
35 440
1 64
23 380
49 301
55 414
18 453
15 173
60 133
9 378
65 79
4 32
28 328
10 224
22 131
26 406
56 392
24 231
25 228
0 265
43 295
27 20
64 344
53 264
8 69
62 96
29 259
14 291
30 228
46 46
19 176
20 447
37 343
59 174
13 126
2 377
7 283
16 61
12 37
40 397
3 431
48 439
33 211
38 93
6 414
5 118
32 2
52 198
31 308
54 317
3237 56
44 333
59 192
24 403
17 339
21 139
55 441
50 67
64 231
7 331
42 60
46 155
52 423
31 219
25 301
57 159
26 144
65 47
22 41
6 412
29 393
39 278
18 178
36 39
13 388
48 266
16 128
23 436
9 317
14 231
5 240
41 66
33 17
58 323
35 380
53 388
43 147
37 350
62 406
45 47
30 369
28 266
2 120
4 391
61 267
27 110
47 295
10 231
32 209
8 252
60 366
56 137
34 297
1 347
15 14
63 281
49 91
2271 56
11 52
43 374
35 451
64 20
31 276
46 149
28 240
57 358
27 437
65 388
13 112
19 5
30 338
32 427
15 36
53 437
8 196
2 48
37 451
50 160
6 33
59 177
1 74
49 311
34 230
36 374
25 310
55 248
16 89
7 132
18 213
12 189
9 192
51 132
10 57
4 267
14 19
60 440
23 362
47 346
20 312
58 147
63 424
40 262
41 368
56 413
17 348
44 359
5 283
33 380
48 199
61 176
45 48
26 211
39 378
22 51
3414 56
8 186
17 353
38 197
25 62
13 242
5 115
39 301
15 125
7 234
14 312
55 361
62 147
31 54
33 335
57 293
29 262
20 283
65 414
41 108
2 53
53 144
40 426
32 109
48 440
51 136
10 124
11 441
52 297
9 22
26 410
34 382
56 128
36 223
28 177
50 371
18 143
45 230
64 365
35 35
23 278
46 33
3 322
4 284
6 122
63 371
43 343
21 60
47 213
44 431
16 180
37 352
27 74
19 96
22 42
24 86
49 60
3177 56
0 87
50 253
5 262
36 296
39 416
3 39
25 112
26 59
22 71
9 252
10 29
49 314
24 408
30 403
18 378
61 230
23 332
19 359
14 23
15 151
4 2
58 106
45 81
38 306
21 366
34 242
57 209
52 184
47 296
63 180
35 292
28 395
31 95
11 377
55 442
41 136
64 255
65 28
51 106
62 81
60 167
46 37
2 137
33 45
16 327
40 31
42 319
29 427
12 189
56 82
8 419
32 204
37 426
7 304
6 286
1 147
3850 56
22 392
4 438
50 233
28 247
21 33
46 404
26 198
51 143
60 429
3 183
12 145
47 376
27 171
56 164
25 361
13 438
16 6
65 203
40 331
19 314
35 115
42 331
31 164
61 136
49 366
29 167
32 92
36 218
63 158
10 393
58 237
45 34
11 202
39 366
55 334
17 220
18 134
62 360
2 20
59 31
34 97
24 318
33 436
7 152
30 337
52 249
6 40
64 124
37 45
0 396
43 56
54 92
1 204
41 221
38 337
44 283
500 56
44 388
9 429
40 297
51 422
43 411
12 84
18 319
56 350
46 26
38 377
45 62
37 366
1 431
48 308
14 111
20 327
29 355
31 386
41 449
13 277
47 193
49 6
35 156
39 454
63 251
42 71
33 38
57 418
52 27
22 56
23 245
62 240
28 61
15 228
6 270
4 102
27 220
16 447
54 301
58 270
2 9
36 238
59 333
0 85
61 81
21 167
60 207
34 30
25 214
50 418
30 440
17 437
53 339
3 454
7 184
65 249
181 56
38 151
49 55
47 31
39 144
8 109
31 120
32 106
59 56
18 76
44 148
14 64
27 71
2 94
36 2
48 37
35 22
24 6
5 35
42 161
41 78
7 159
61 7
20 40
37 95
22 117
56 149
1 16
3 160
43 127
16 27
26 160
0 144
65 110
40 75
11 108
28 134
57 22
23 116
50 15
6 79
58 132
13 8
21 55
62 6
25 19
46 84
60 136
54 5
55 56
30 107
10 58
64 159
12 112
17 6
15 74
29 106
572 56
47 269
39 428
10 74
4 263
5 26
49 31
1 232
17 169
21 212
50 439
29 95
19 353
2 163
54 346
30 275
42 86
33 195
34 172
7 308
65 203
40 186
61 309
28 54
26 443
38 164
25 410
37 136
35 364
3 252
62 217
22 405
12 38
45 306
8 261
20 270
53 430
15 328
36 331
58 262
31 323
46 398
57 449
41 77
51 145
9 341
59 79
27 130
11 303
24 66
44 9
6 244
32 160
48 390
16 58
64 247
55 246
3985 56
2 278
14 369
0 13
42 10
29 11
11 67
50 352
48 306
57 352
12 150
36 373
4 218
54 26
55 52
6 82
63 178
25 120
1 52
49 350
8 6
40 269
46 16
47 204
35 244
61 455
21 434
41 217
58 279
24 46
15 90
33 182
31 167
28 373
39 164
62 35
43 384
64 27
60 334
9 201
44 66
20 159
51 353
7 55
34 337
37 243
59 389
26 191
13 382
56 455
10 200
27 147
38 96
32 58
5 18
19 433
53 90
2617 56
31 156
41 269
13 245
45 433
47 334
40 452
25 192
56 225
62 216
28 387
22 17
9 22
29 260
24 197
48 7
63 191
50 281
44 155
21 219
4 115
52 239
54 100
30 221
65 420
37 339
23 230
39 78
12 234
16 293
49 93
7 90
26 222
43 415
1 443
38 242
35 108
19 403
34 61
8 455
15 419
58 204
32 298
5 166
10 99
36 361
27 314
64 168
55 454
57 401
59 418
0 164
14 300
51 386
20 173
60 64
3 437
174 56
44 41
32 109
19 53
46 46
11 135
9 104
20 11
35 54
17 136
22 49
41 95
31 96
59 44
60 104
13 11
38 115
37 33
48 22
16 30
14 117
54 99
21 126
4 27
3 13
43 66
63 123
40 16
64 107
56 1
45 113
1 121
6 78
53 129
23 109
51 118
29 129
18 56
39 39
42 75
7 124
55 8
65 100
2 158
10 153
5 45
24 66
8 77
61 28
33 131
49 21
12 111
28 115
58 131
57 3
15 125
26 91
2186 56
41 214
65 314
50 118
18 393
24 21
21 169
30 365
23 56
6 133
55 388
61 444
28 292
36 219
1 145
15 139
46 154
26 101
29 451
64 168
19 202
52 132
2 123
10 409
9 440
8 202
59 86
38 355
42 322
7 75
44 97
57 236
13 16
60 19
48 315
54 327
12 4
62 193
14 314
49 215
45 377
4 315
51 195
37 338
40 116
3 166
35 433
0 39
17 142
39 445
63 428
31 298
53 229
33 97
22 414
16 273
47 105
1509 56
8 390
55 130
64 79
60 387
35 289
17 147
63 308
25 147
1 443
62 373
42 209
56 27
53 124
46 149
36 162
31 166
29 256
12 337
21 140
0 201
16 377
58 285
11 348
51 323
65 334
7 316
39 56
15 183
19 372
32 14
13 20
44 42
20 99
47 267
61 107
50 78
27 326
34 186
30 293
4 258
6 240
48 241
49 182
3 380
28 321
38 17
24 73
57 216
14 24
37 279
5 329
18 54
10 223
40 399
45 155
33 279
787 56
15 110
13 291
37 275
64 402
59 362
36 21
16 90
50 130
0 316
60 112
9 248
45 190
11 247
34 181
47 437
51 3
25 154
54 354
26 126
4 152
53 226
20 182
17 130
18 120
55 7
23 447
27 156
58 382
1 88
8 72
56 72
32 389
48 196
3 193
33 449
2 251
65 247
57 92
41 426
21 153
38 75
14 41
44 309
49 8
52 121
5 108
62 47
6 41
28 412
39 7
29 329
35 8
19 268
43 266
42 271
10 432
3740 56
33 146
31 323
2 41
12 185
14 336
9 302
30 255
42 19
60 30
64 370
16 243
56 430
47 442
27 2
29 292
17 45
39 265
19 20
3 343
52 235
0 103
10 105
20 279
7 127
41 32
65 20
53 438
4 396
38 323
46 217
13 6
23 398
25 418
63 371
11 351
54 411
43 307
24 449
45 298
21 430
49 197
8 66
28 211
51 106
55 92
37 398
15 189
59 329
62 260
50 359
22 178
5 186
58 399
32 91
36 399
18 275
1391 56
9 202
16 108
29 364
65 408
34 413
32 64
5 455
31 88
22 47
36 115
45 258
3 193
12 323
53 325
17 278
42 317
56 44
37 168
60 26
40 84
48 246
4 358
50 81
2 66
6 162
11 305
30 221
47 310
46 453
20 454
64 448
10 169
8 387
41 311
27 112
63 423
39 413
21 448
59 53
52 335
55 261
18 394
49 243
43 239
1 417
13 339
44 4
24 28
23 358
62 400
25 28
26 98
0 328
15 362
38 353
28 73
1214 56
39 374
54 427
11 133
18 37
24 181
53 358
5 413
4 159
26 41
33 7
2 263
19 185
9 261
1 148
61 248
3 210
44 267
36 344
55 89
25 36
8 218
14 326
6 182
58 399
40 415
49 126
17 59
37 182
21 116
0 225
46 332
20 177
64 69
42 246
12 395
60 430
38 118
52 414
63 23
47 216
41 230
10 18
31 301
51 385
7 327
34 168
32 363
16 209
15 371
28 110
29 453
62 419
57 71
35 226
30 172
50 325
2461 56
46 361
26 30
37 141
18 447
22 294
44 378
63 76
64 347
41 256
14 78
47 174
55 355
15 427
40 265
52 270
42 412
31 342
5 139
6 240
27 107
13 191
39 369
19 299
0 4
61 161
4 146
35 104
7 273
28 397
24 412
1 317
2 11
32 154
65 344
23 162
29 406
56 440
53 66
21 405
9 271
58 283
38 371
48 315
34 19
10 339
20 373
51 404
17 347
36 137
30 303
33 199
16 423
50 55
43 240
8 119
12 401
879 56
63 339
16 56
46 395
58 331
34 188
40 93
64 20
15 211
53 111
65 260
62 282
2 232
19 108
12 156
5 435
47 394
4 375
13 270
60 271
26 441
55 249
11 68
38 364
37 167
10 43
30 328
31 12
54 428
43 147
9 79
29 163
39 40
49 410
20 365
52 225
25 243
8 103
22 331
45 144
36 216
28 371
50 293
42 58
48 29
51 333
33 132
21 342
0 178
59 167
1 291
32 375
27 287
18 29
23 150
41 49
7 44
2833 56
21 196
42 377
29 437
41 165
53 420
55 319
8 182
61 216
44 212
31 97
16 133
30 172
35 98
19 442
26 94
18 388
23 72
54 39
27 52
60 230
57 112
5 406
38 368
50 380
39 429
52 320
4 363
47 366
65 203
17 279
1 451
15 395
43 68
59 331
40 4
64 170
28 340
34 368
20 242
37 303
9 141
46 173
63 310
25 324
0 221
7 335
62 364
48 406
36 119
12 265
6 39
22 360
14 448
3 130
49 47
2 164
2310 56
54 307
24 37
27 49
56 116
29 158
40 145
11 186
21 66
64 318
63 208
47 217
59 152
48 218
62 238
30 390
36 39
25 415
53 259
26 306
20 216
0 138
43 127
39 411
60 299
1 305
33 162
41 203
65 323
35 192
61 26
16 238
8 408
57 182
6 404
46 68
37 36
2 84
49 310
10 351
45 168
19 48
15 117
13 331
44 65
28 121
51 291
4 263
7 75
52 439
58 389
17 103
18 150
38 337
22 65
9 180
5 416
3314 56
51 282
31 180
17 282
7 397
3 231
33 30
64 120
21 394
58 217
35 62
23 377
48 270
10 432
55 74
41 350
27 420
1 18
57 204
44 134
34 216
5 18
12 80
24 213
45 311
20 12
11 347
29 353
50 349
36 428
13 152
46 153
60 142
16 131
40 392
28 28
15 391
4 117
6 94
62 277
61 302
52 346
63 128
54 433
42 401
49 257
22 182
0 406
65 272
26 369
30 49
56 188
37 336
2 44
25 15
8 342
39 200
900 56
40 137
60 268
10 363
54 407
36 171
3 275
17 366
35 109
1 176
47 184
28 66
59 317
23 78
53 396
61 41
6 267
0 302
38 309
43 248
29 33
7 62
2 285
65 119
50 325
8 142
26 148
30 195
16 206
51 347
62 211
33 295
9 223
55 400
20 75
41 65
5 134
27 280
42 397
64 299
46 434
63 223
32 239
39 162
45 38
15 256
4 377
58 402
21 213
56 182
19 41
37 249
13 325
14 202
31 50
11 67
22 166
3685 56
31 341
36 108
0 454
34 82
11 394
40 396
33 189
43 328
25 165
14 43
47 211
44 156
62 375
4 329
61 107
7 303
48 292
28 227
37 119
60 237
20 445
10 170
32 367
56 15
30 85
45 191
53 325
50 166
15 137
52 260
49 211
13 76
29 433
51 249
5 380
16 315
9 144
22 78
65 124
19 272
12 205
41 34
23 69
8 263
1 396
35 58
21 228
63 387
57 97
38 71
17 253
54 41
46 76
55 402
2 53
42 275
2279 56
6 81
29 365
18 101
57 368
53 258
10 301
64 366
33 307
3 103
38 210
48 334
22 399
25 89
50 411
60 113
65 23
51 215
35 244
54 321
7 235
4 263
28 268
27 261
37 71
39 374
32 210
41 420
43 46
55 403
21 452
12 219
0 442
20 442
5 137
59 337
40 377
26 202
23 335
19 113
14 143
15 344
52 368
24 10
47 376
17 28
34 443
58 418
1 258
61 343
11 449
42 347
46 416
49 50
8 263
62 50
16 80
1254 56
32 224
13 302
51 146
16 185
19 81
45 2
17 66
58 121
47 138
25 338
55 252
6 66
62 321
44 80
48 105
49 49
0 134
22 27
8 409
4 326
24 28
33 41
15 416
23 156
38 95
57 177
64 304
5 358
46 122
40 108
59 397
27 401
3 404
31 326
10 307
29 78
21 108
9 156
43 120
52 108
36 33
12 298
34 10
63 22
42 337
7 282
1 117
26 345
35 349
50 429
11 5
65 196
30 196
61 40
39 329
14 195
1363 56
0 42
50 278
34 266
19 422
62 315
10 416
46 358
64 254
13 13
6 139
56 119
48 237
33 198
60 228
12 296
58 7
40 87
51 242
18 208
45 375
21 265
61 236
65 443
49 269
38 182
8 126
55 219
16 360
27 424
30 158
7 120
59 372
37 319
57 376
2 409
29 271
44 129
43 387
31 185
1 309
52 101
4 83
36 409
15 108
3 302
28 454
35 448
47 32
63 228
5 444
32 335
41 243
22 92
25 400
17 385
24 118
2094 56
40 5
2 19
30 137
37 30
18 264
41 109
35 347
16 326
60 252
57 93
12 96
24 182
28 322
53 309
20 280
52 363
14 261
38 316
62 23
10 361
0 142
56 169
11 168
49 235
33 269
54 12
63 348
34 200
7 266
58 106
13 370
42 232
9 324
36 242
46 215
6 246
51 328
22 16
39 246
64 163
61 250
31 86
26 301
17 382
48 308
15 368
27 205
65 407
59 30
50 418
5 216
21 222
1 366
47 433
19 117
44 373
2948 56
11 392
49 428
18 9
21 175
31 303
26 139
30 269
28 389
55 397
43 14
0 124
42 67
46 406
13 285
27 439
32 250
33 295
38 67
50 204
58 290
48 214
62 205
52 448
65 294
59 451
57 189
51 276
25 393
64 16
22 111
40 343
5 420
8 330
36 313
10 270
9 3
54 124
7 150
15 436
53 246
4 288
1 55
6 77
23 73
37 215
12 313
61 295
35 60
45 357
20 38
34 333
19 118
24 169
17 242
63 370
39 428
983 56
14 298
19 255
13 219
44 127
11 14
34 430
27 89
53 129
47 139
50 77
55 388
42 212
6 117
43 290
65 49
61 410
20 439
3 110
49 95
2 356
33 412
5 40
30 437
60 177
62 395
36 226
38 25
8 67
9 423
0 195
37 294
40 296
52 365
7 366
45 62
32 252
58 421
35 361
46 367
16 237
23 407
4 313
57 135
54 256
25 150
28 352
10 195
41 6
48 386
15 3
17 214
63 372
39 150
18 204
12 36
64 195
876 56
25 244
13 228
11 57
14 86
55 24
22 201
60 68
49 72
16 354
35 324
4 95
28 133
10 180
54 358
47 375
33 368
30 384
3 415
0 380
21 450
19 451
64 388
17 43
39 292
18 172
45 453
6 284
36 4
56 200
63 397
29 400
27 42
24 264
34 50
31 291
62 112
50 160
15 246
41 433
65 284
40 279
61 393
7 359
2 7
42 197
20 308
5 93
43 405
58 166
32 208
44 315
12 241
38 390
37 63
59 219
52 279
1006 56
6 44
55 244
62 50
64 120
28 100
12 225
65 158
58 226
40 249
49 245
9 165
2 172
23 410
22 133
47 102
13 8
42 32
39 315
59 455
17 357
21 161
29 215
50 52
7 181
4 371
54 234
33 364
18 432
8 427
46 279
26 179
37 156
1 299
11 224
56 313
0 64
10 455
48 176
36 308
44 20
25 448
20 167
60 323
5 211
38 88
30 236
57 98
14 339
52 343
27 191
41 423
63 71
43 222
19 287
51 320
16 215
295 56
9 191
46 145
16 239
65 228
54 31
0 93
50 13
3 234
30 175
20 76
48 62
17 215
49 148
10 199
59 191
63 109
37 262
38 154
39 85
23 200
57 97
11 246
2 7
22 215
19 186
62 29
1 19
53 164
43 64
51 228
8 67
58 115
28 162
52 7
35 184
26 215
44 91
64 228
29 11
5 190
61 251
42 157
21 44
7 232
14 263
55 78
6 245
25 87
31 13
41 151
12 184
45 61
40 54
32 129
4 187
18 213
3138 56
33 339
60 281
35 267
42 203
15 158
9 455
37 131
25 92
11 156
48 142
34 288
53 75
44 112
22 366
38 98
24 96
40 368
43 148
46 420
4 401
10 29
5 2
16 107
12 363
59 185
32 82
51 56
65 442
20 395
31 314
63 312
28 413
1 247
41 225
30 309
23 162
14 184
29 64
39 130
54 309
58 339
26 230
50 132
7 338
3 341
21 292
52 144
13 41
0 346
61 7
64 80
27 5
45 24
19 157
49 276
55 93
1357 56
49 34
44 356
53 70
56 248
64 53
46 187
19 187
42 207
33 146
62 407
13 338
61 387
14 43
6 55
3 222
10 265
59 321
60 131
31 243
30 410
25 276
20 244
23 357
51 258
2 322
35 72
8 387
4 305
9 10
65 218
28 243
26 311
55 441
36 367
32 205
50 279
45 112
39 107
48 387
63 149
0 101
47 325
29 406
27 124
34 295
15 282
58 209
18 172
1 249
21 372
12 40
40 405
7 61
43 277
41 167
22 327
505 56
54 264
64 155
60 435
61 160
24 214
63 243
65 97
51 351
11 108
36 35
32 224
53 100
46 161
57 111
3 418
29 100
40 411
30 310
22 190
52 127
12 42
8 226
18 75
37 322
9 155
31 350
50 190
48 12
43 262
14 411
25 232
2 222
41 108
15 74
49 83
26 317
23 292
39 354
27 395
47 79
6 117
56 279
62 377
5 422
4 290
35 238
13 65
33 260
38 11
7 325
16 426
45 135
17 164
44 240
1 145
42 339
2705 56
22 70
56 311
21 125
34 318
10 190
50 348
59 39
18 431
0 275
42 272
16 250
38 113
51 320
44 29
37 207
58 65
11 367
60 105
12 167
45 55
35 312
33 84
19 109
63 308
28 85
39 145
27 247
3 365
53 104
36 330
43 347
7 394
65 368
52 202
41 412
31 129
57 79
47 190
62 69
49 40
1 186
54 81
6 280
8 401
15 227
4 260
40 455
64 432
26 282
25 120
2 93
61 33
14 281
29 140
9 128
30 400
3099 56
57 402
9 131
26 81
15 256
24 183
41 436
52 104
11 39
0 170
19 294
46 92
60 409
7 264
23 313
62 168
10 433
61 59
42 59
17 138
63 451
28 194
54 371
50 289
30 106
55 54
51 106
12 258
3 53
43 61
37 228
1 345
4 26
29 166
25 22
14 224
34 298
59 320
8 21
53 298
58 297
36 12
6 435
18 227
16 124
47 230
39 213
38 207
33 178
49 439
45 178
48 228
21 220
13 192
56 20
40 143
64 350
1563 56
34 16
15 156
16 148
3 361
9 138
19 339
20 134
31 452
36 180
25 39
59 154
57 73
63 111
65 134
47 286
62 236
23 208
40 61
60 206
0 426
4 72
18 245
29 1
32 387
11 252
49 286
17 268
28 265
24 284
42 171
51 274
27 88
44 228
2 80
35 339
21 446
50 369
55 293
5 193
30 413
58 87
46 314
53 234
13 349
6 227
8 328
43 256
26 272
1 154
56 354
48 330
33 355
52 390
38 89
45 170
7 54
2114 56
6 328
23 148
34 11
49 351
28 45
60 113
45 336
61 210
41 241
37 337
19 227
51 125
2 182
12 393
17 289
1 414
59 435
42 380
65 218
30 50
52 396
50 301
21 444
44 243
35 65
4 334
7 305
53 396
20 359
11 304
36 369
22 90
58 405
62 455
16 374
43 243
9 403
13 287
29 52
14 22
57 237
24 17
27 387
54 113
47 67
18 28
63 290
0 256
39 105
8 286
3 212
55 25
26 195
32 20
33 292
38 177
1333 56
62 386
56 329
39 59
51 315
35 372
64 408
28 310
17 152
5 162
1 372
0 280
31 375
45 31
20 209
19 404
7 336
54 214
4 214
36 260
47 87
63 318
58 35
32 22
61 372
53 172
59 268
26 302
22 213
46 253
34 440
60 127
14 373
41 109
55 383
57 133
16 408
40 173
2 88
29 186
21 283
37 232
8 254
6 306
15 240
33 339
38 367
3 390
27 297
25 110
48 160
13 54
18 332
43 438
30 219
10 249
11 427
2260 56
50 317
14 120
28 155
37 255
0 412
53 281
57 207
2 37
62 414
58 233
32 95
47 429
13 147
26 306
24 292
16 260
17 55
44 413
40 261
4 324
25 440
19 151
10 285
49 323
43 184
65 111
30 400
8 310
39 241
7 88
33 283
59 401
54 5
29 167
12 136
64 59
46 67
5 416
3 337
36 59
56 375
31 350
51 233
22 165
45 131
60 232
11 255
27 144
63 93
61 6
48 35
55 300
18 233
23 39
1 104
15 148
3397 56
10 310
51 454
19 4
38 20
9 187
2 446
52 151
12 403
64 223
27 376
22 55
20 169
1 43
57 384
25 386
7 95
21 61
6 197
37 143
28 455
62 359
40 364
54 268
29 165
4 278
45 283
42 196
23 86
63 38
33 210
16 117
46 344
3 195
44 382
61 27
53 328
58 394
50 123
56 431
32 395
18 341
36 118
15 431
11 150
35 264
8 395
41 403
43 161
26 129
39 321
48 199
30 9
31 61
49 49
14 235
17 261
2756 56
43 423
1 322
10 116
9 177
5 25
56 227
16 79
61 43
37 292
20 78
8 56
62 452
11 104
4 331
6 93
17 282
19 352
14 303
35 100
40 181
48 180
39 126
26 177
23 438
64 161
24 87
28 64
51 19
52 75
0 363
53 240
22 250
38 6
65 437
33 300
41 381
3 40
63 311
13 101
31 358
45 321
30 155
46 82
32 429
2 286
47 260
25 263
55 232
15 203
7 46
21 318
42 250
59 10
58 302
27 331
12 436
825 56
4 75
34 116
26 260
52 85
61 353
53 97
47 350
56 195
33 409
62 185
64 112
44 143
22 346
6 196
42 130
14 84
59 32
54 64
46 298
13 240
49 357
36 309
25 237
11 450
32 266
17 316
24 90
41 133
29 267
31 333
16 181
21 124
40 63
55 321
38 142
57 286
23 137
35 313
27 132
19 305
51 208
30 15
43 6
10 60
12 241
2 434
8 233
18 155
5 209
39 59
65 317
45 403
7 172
58 165
60 159
63 16
3949 56
19 257
55 89
28 309
4 13
60 17
65 21
25 333
14 10
41 447
49 397
46 424
56 92
13 215
20 378
1 168
16 268
10 393
22 307
50 436
51 30
12 308
15 89
30 256
59 74
40 189
6 304
37 404
61 179
11 32
23 276
35 8
3 111
24 47
21 24
64 60
33 320
58 369
53 227
8 400
42 52
43 203
0 269
39 353
26 366
34 227
2 94
18 422
36 175
45 305
29 21
54 451
9 431
32 332
57 230
48 393
47 423
2003 56
50 1
10 150
22 161
3 446
63 387
26 158
59 73
28 193
4 147
51 25
45 291
33 330
52 454
37 177
64 47
30 279
1 87
58 338
17 159
15 453
56 125
34 408
42 414
11 141
21 103
24 23
55 150
27 391
41 454
13 343
62 224
43 449
6 312
54 342
35 302
0 263
5 432
48 397
14 420
44 328
7 187
2 222
20 367
8 28
65 228
9 430
38 257
16 215
18 432
31 308
36 345
19 394
32 42
61 16
29 134
12 406
3843 56
26 440
41 22
28 257
12 413
20 281
7 31
32 164
60 145
44 327
2 446
56 197
61 209
9 340
18 23
35 168
59 289
40 423
14 127
39 94
36 69
5 103
64 425
15 231
4 397
25 96
58 258
51 386
30 436
0 369
46 236
37 129
57 325
27 40
1 397
23 394
16 300
3 422
63 28
53 281
65 305
38 293
43 150
6 412
21 110
47 319
24 185
55 149
10 304
48 226
33 335
54 3
50 236
31 30
29 297
13 337
22 303
1674 56
17 222
21 91
7 243
43 274
32 374
9 227
44 310
29 176
6 54
58 29
22 267
61 42
34 19
3 442
52 441
20 196
55 175
50 444
38 379
33 120
65 146
57 32
46 263
28 420
51 279
63 131
5 328
23 96
25 326
36 68
53 446
10 293
2 85
24 143
49 366
0 444
37 52
14 79
18 80
60 27
54 3
15 346
31 202
30 31
11 242
39 263
47 337
4 273
1 366
48 32
8 163
19 455
42 27
62 197
12 100
56 396
1242 56
38 189
64 35
10 198
27 93
16 394
40 154
46 349
45 218
11 90
37 169
25 135
56 194
61 186
23 402
17 170
50 107
49 80
28 413
32 437
48 119
62 209
58 108
39 380
24 357
8 105
29 23
15 212
36 299
2 266
4 419
63 163
14 221
9 232
3 28
53 209
12 162
22 210
1 25
52 325
51 358
42 398
31 435
18 283
41 396
13 291
59 289
30 316
57 274
19 421
6 107
21 388
47 376
43 407
65 108
34 166
5 158
1020 56
5 129
65 99
21 451
48 5
27 260
44 361
32 308
8 194
30 436
14 219
19 371
15 106
31 248
46 115
18 198
40 182
13 82
9 413
10 57
6 108
24 379
0 339
17 167
11 417
20 116
35 176
61 76
56 113
29 70
45 244
2 79
53 199
47 303
57 372
22 82
28 415
49 59
58 99
63 279
41 187
7 224
33 357
12 169
26 442
25 308
36 85
34 46
60 267
23 223
4 4
42 256
52 186
43 371
62 128
16 108
64 39
2786 56
24 388
23 243
0 374
17 183
9 216
57 232
63 106
60 349
54 402
33 355
29 448
49 234
11 61
22 164
18 73
56 251
35 323
16 286
48 37
62 350
25 364
21 444
47 202
13 427
65 8
14 213
53 257
6 3
26 214
7 421
1 43
8 404
51 79
4 116
32 131
5 375
50 153
59 318
19 1
41 386
36 143
64 376
37 190
10 436
52 253
45 164
28 187
30 198
12 149
20 207
42 366
58 124
31 426
39 157
2 362
38 91
2110 56
24 281
61 343
40 323
31 95
27 341
65 422
55 50
38 214
54 383
14 428
43 250
37 283
53 445
11 333
64 379
19 415
34 67
5 1
0 442
8 391
46 300
42 122
25 192
44 400
47 206
45 118
52 144
26 249
7 339
59 263
56 110
22 104
49 431
15 345
58 18
3 444
17 100
2 255
6 187
21 75
57 357
35 219
28 260
48 187
16 357
1 265
50 87
39 253
12 158
60 364
63 230
36 239
51 309
62 70
41 120
23 448
2238 56
58 91
1 320
25 293
63 187
54 132
2 131
64 195
17 272
55 202
12 63
65 428
31 72
7 255
47 385
29 113
39 320
57 455
48 208
6 273
59 115
8 281
61 3
52 253
36 306
53 410
38 337
18 389
44 45
24 269
9 430
19 294
5 94
49 53
27 273
51 5
37 202
60 31
20 363
13 127
15 31
32 60
10 78
45 443
30 235
40 417
33 271
50 417
16 114
4 70
41 452
26 165
21 162
22 383
3 273
0 125
42 238
1475 56
31 435
54 303
29 290
14 330
62 105
60 25
47 373
35 181
18 377
24 400
11 101
9 442
21 92
41 279
51 162
15 73
45 308
3 210
10 376
26 3
52 189
2 151
16 289
50 261
48 44
38 411
42 236
12 414
65 86
49 250
25 420
53 101
64 84
7 396
59 106
63 419
13 97
30 4
19 396
43 322
5 403
33 109
40 183
20 40
44 241
46 328
27 127
4 395
57 348
0 446
22 156
37 36
32 27
23 289
55 182
61 149
1220 56
54 152
60 175
11 448
50 198
41 121
49 32
27 59
29 197
63 59
40 382
52 172
59 109
33 266
18 403
17 168
31 116
8 143
42 48
37 436
36 35
9 285
16 319
6 194
56 46
26 437
48 330
0 172
25 202
15 285
64 210
58 160
30 232
61 247
20 142
10 263
21 139
13 129
7 163
3 146
4 439
55 115
22 32
47 336
19 249
38 396
14 22
39 14
24 361
45 32
12 447
57 83
5 90
34 60
51 399
62 59
44 46
3025 56
31 3
47 170
58 414
26 16
1 279
54 430
0 271
2 118
19 111
15 393
50 254
30 170
25 307
51 240
13 239
55 65
57 348
36 311
64 246
42 271
20 363
38 223
14 342
23 200
56 48
59 372
37 423
8 75
40 302
46 432
49 377
27 190
44 275
10 180
7 262
16 261
62 118
41 303
21 390
3 371
32 80
22 169
28 41
34 140
29 339
17 439
60 173
33 206
35 205
53 314
11 247
18 4
52 193
4 386
65 454
63 39
1351 56
16 155
65 57
30 195
42 17
17 155
56 125
33 86
29 282
59 251
47 63
52 278
51 387
44 72
9 238
3 95
20 133
38 315
34 196
28 404
4 305
14 75
32 308
55 170
1 234
62 390
35 135
63 204
24 168
13 438
58 240
22 89
46 317
31 52
41 212
37 54
21 417
26 222
53 299
61 285
18 372
39 442
7 131
40 34
11 22
10 383
0 180
54 204
27 334
43 89
2 11
25 270
36 291
45 357
15 56
48 391
23 403
3639 56
37 89
48 52
46 325
54 27
15 270
25 419
55 117
58 299
44 111
62 167
43 287
51 118
60 446
63 6
53 58
32 273
5 227
19 319
36 393
24 59
4 351
17 242
57 100
2 241
18 251
20 285
59 261
28 254
64 291
6 359
23 86
14 350
7 176
39 340
3 421
47 366
16 448
52 86
10 353
22 401
13 98
56 137
26 40
8 74
35 318
12 314
1 318
11 70
45 210
30 136
50 194
33 259
65 379
61 119
27 226
9 157
12 56
21 8
49 10
34 6
10 5
46 10
52 3
12 5
42 7
23 8
53 10
51 8
13 1
57 9
1 8
4 4
35 9
61 5
31 4
8 4
54 5
14 1
65 8
29 9
17 7
30 7
7 7
50 6
16 5
47 6
33 1
62 5
39 2
41 5
5 2
18 5
24 2
44 2
58 4
48 3
2 4
3 5
37 4
25 1
43 5
36 1
22 6
19 9
26 5
28 1
55 3
63 9
32 2
38 4
11 3
0 10
9 5
3207 56
11 181
44 284
60 321
40 321
23 50
58 320
51 361
14 242
4 250
6 422
64 165
30 237
65 1
19 291
35 319
48 174
38 312
2 241
46 292
12 245
5 154
43 124
52 105
17 31
18 117
15 173
8 353
57 245
29 443
53 328
62 281
33 419
16 452
54 22
1 373
34 114
10 226
31 329
26 65
49 207
37 325
28 33
55 379
41 414
21 258
47 426
39 257
45 337
63 448
7 63
56 287
20 89
50 197
9 394
59 403
25 56
1867 56
65 422
54 423
57 43
27 333
49 95
4 229
61 305
60 266
51 212
39 71
0 316
58 126
5 450
46 398
19 446
17 105
35 18
42 284
8 344
43 85
3 142
48 224
36 410
21 267
15 134
50 147
20 289
12 282
45 380
40 69
24 42
37 442
18 257
2 142
14 385
7 433
64 305
16 106
34 369
22 318
41 277
47 284
30 408
44 370
28 74
13 30
25 136
26 268
52 32
56 86
55 333
29 124
59 365
33 62
9 233
31 405
409 56
35 90
51 209
9 288
30 369
41 6
44 50
16 124
43 316
36 262
49 220
23 220
64 250
11 282
46 364
32 260
58 263
45 83
18 218
50 100
65 174
34 93
48 216
53 74
59 13
21 237
37 96
52 290
17 317
12 190
3 153
40 286
7 227
10 165
39 48
20 133
15 70
54 209
8 111
56 100
14 59
4 100
28 360
0 2
38 271
55 15
26 77
47 169
22 248
2 50
31 253
57 296
27 299
6 16
60 337
63 308
42 191
2504 56
7 302
13 454
38 176
12 276
47 379
60 332
42 54
56 43
59 249
52 52
51 88
27 359
53 269
44 84
22 65
16 153
45 357
21 398
43 70
34 104
23 136
0 44
20 384
63 130
41 442
3 43
2 280
48 262
24 209
29 228
54 358
6 306
50 153
36 248
25 323
8 91
18 117
65 227
15 118
31 128
46 62
9 263
1 205
4 364
64 364
55 108
32 107
33 406
57 58
49 400
5 161
10 340
30 426
17 371
26 432
14 107
298 56
64 258
61 91
39 217
13 5
44 203
56 2
41 86
23 96
9 227
28 252
27 90
17 33
37 114
57 245
15 60
6 57
42 260
38 38
5 99
55 137
52 268
59 99
62 244
34 73
49 61
26 249
10 1
7 192
11 175
46 195
3 34
53 252
30 48
48 269
19 10
31 109
60 106
47 107
12 107
0 185
40 16
1 52
2 52
36 59
18 232
33 128
4 61
51 137
65 261
20 13
16 202
54 250
8 193
22 233
25 103
45 18
1743 56
28 449
4 327
29 291
15 362
44 191
54 3
6 123
50 244
26 420
20 435
57 266
13 124
59 26
0 148
18 47
58 403
48 205
14 125
5 67
19 285
24 359
1 349
55 193
32 282
39 363
42 296
25 332
30 365
23 254
3 269
7 450
49 415
47 145
8 13
61 107
38 385
22 248
62 223
34 83
12 293
51 205
46 441
31 335
9 153
17 142
11 386
21 399
35 194
40 330
65 317
41 280
52 241
33 153
56 204
64 199
63 10
2527 56
52 251
38 237
36 216
54 194
22 338
4 75
30 286
25 332
1 438
24 352
5 249
59 127
31 355
50 152
28 269
3 23
20 223
6 278
51 310
21 377
15 388
16 368
17 161
14 110
11 229
32 325
23 34
48 387
65 362
62 91
61 251
43 273
40 196
47 64
44 255
58 241
2 313
8 72
53 285
39 174
33 437
37 379
19 99
35 63
45 232
9 235
57 326
60 241
27 417
18 214
64 282
7 87
10 121
34 128
26 430
55 92
708 56
65 276
42 135
60 291
37 313
61 28
4 384
10 425
44 172
2 203
58 334
47 19
14 99
21 246
0 396
43 121
29 265
40 435
30 41
39 325
46 128
54 448
25 329
17 164
59 118
56 42
33 426
63 317
36 221
19 303
12 86
3 103
7 156
41 358
6 237
1 440
8 432
28 98
51 107
32 86
18 384
20 263
23 375
5 247
22 172
50 338
38 440
49 153
64 36
55 31
24 451
13 376
16 318
26 411
35 63
15 250
52 216
1017 56
4 334
61 41
58 95
31 418
52 79
54 416
50 20
1 287
0 123
19 179
46 390
6 427
11 329
53 110
16 154
8 23
21 384
38 235
37 346
32 408
18 440
55 306
17 306
24 201
48 171
7 90
36 96
59 170
56 346
5 224
57 401
34 23
2 398
9 330
12 165
39 69
65 188
51 65
42 345
14 125
63 177
26 413
40 374
22 355
23 313
49 420
10 358
44 446
20 378
25 314
43 363
64 44
27 303
33 108
3 279
35 275
663 56
43 367
9 196
27 195
46 310
33 324
6 338
2 92
28 233
48 82
52 176
40 419
21 322
15 90
14 115
10 144
8 411
58 404
53 127
39 308
63 374
54 87
20 324
57 202
34 391
22 429
23 409
56 166
25 259
35 87
61 78
59 114
7 215
65 313
62 2
64 95
60 191
16 110
17 298
38 246
26 260
3 28
47 283
4 80
32 26
19 102
13 78
45 1
50 450
11 434
12 58
31 290
30 1
41 221
1 37
49 362
24 112
3830 56
15 116
13 452
26 59
51 312
5 73
37 169
63 17
20 247
25 211
49 171
39 202
47 289
27 255
7 330
17 143
50 66
10 319
40 243
42 220
24 315
59 434
33 382
41 263
31 275
16 368
22 301
6 250
23 147
35 74
9 33
62 108
1 3
11 386
45 233
57 50
19 188
18 287
8 365
21 39
54 232
56 131
12 38
38 9
61 388
43 268
28 385
46 361
3 280
65 342
30 166
64 21
2 438
4 245
29 10
34 152
53 336
2847 56
8 297
56 391
62 165
51 324
10 234
35 67
5 105
41 434
22 386
63 286
40 120
42 74
59 350
55 271
53 117
44 236
37 383
28 274
2 450
50 395
1 156
47 406
46 179
32 298
13 6
60 139
27 215
65 427
25 264
31 431
24 84
16 52
33 186
29 203
64 240
57 33
49 419
26 391
45 388
48 401
20 284
15 68
36 214
43 277
30 66
7 275
58 74
19 64
14 145
9 429
3 312
34 69
12 22
6 425
17 288
52 15
1205 56
31 212
6 383
41 43
17 85
51 278
49 446
33 161
23 185
47 451
56 360
57 310
16 183
36 69
43 363
53 83
9 120
64 51
12 373
37 143
28 426
35 52
45 38
50 125
26 219
1 180
24 84
2 212
30 292
54 196
61 95
19 354
21 38
13 312
3 151
48 389
0 162
11 364
62 94
58 166
5 79
65 297
32 200
59 27
8 277
29 106
38 32
27 114
7 48
18 449
25 408
55 160
20 174
10 164
63 171
44 354
15 3
664 56
48 340
51 45
8 10
55 414
2 314
47 247
30 203
24 82
18 60
20 329
17 142
59 87
52 97
43 358
42 455
63 170
54 68
26 374
11 454
58 152
3 182
40 300
29 249
39 426
49 302
23 248
38 172
35 19
53 375
9 28
27 63
15 454
57 225
16 226
45 84
46 59
32 26
56 21
22 169
13 107
19 298
60 311
34 326
14 185
5 283
33 278
0 282
31 103
12 452
61 42
44 35
1 179
65 200
50 105
6 196
10 385
1301 56
1 356
48 99
47 401
13 325
7 210
4 143
30 4
44 78
12 240
25 188
62 54
57 413
3 402
5 380
64 148
16 33
52 22
2 15
21 428
41 106
65 74
17 61
53 37
10 251
28 341
15 231
59 227
19 88
33 343
37 348
20 124
38 73
63 350
42 181
39 440
51 282
50 138
54 239
61 387
23 273
49 6
46 180
55 405
24 31
22 123
14 110
56 2
29 300
40 111
6 29
11 44
35 114
36 392
26 52
9 158
45 14
1352 56
58 384
12 425
48 330
14 389
65 263
53 127
25 203
13 256
19 332
3 255
51 251
46 455
10 267
21 123
15 126
57 80
61 315
33 304
20 222
22 36
42 132
6 178
47 379
0 388
60 245
40 344
38 239
1 90
52 282
37 239
34 328
49 53
27 18
45 122
32 121
31 187
18 381
63 23
30 258
4 214
56 87
17 322
43 194
11 263
28 9
59 418
64 313
16 417
26 401
9 25
2 226
29 146
62 16
7 35
50 24
24 343
3634 56
46 403
15 436
54 122
64 101
3 83
10 26
62 49
49 185
26 57
55 218
24 329
34 305
2 416
35 301
39 316
25 15
21 21
27 118
7 4
51 394
13 278
58 403
65 416
61 141
45 218
41 232
17 391
6 59
38 104
20 265
63 67
52 192
11 405
22 414
16 256
48 274
50 30
29 385
57 16
40 182
14 51
56 203
5 367
9 106
28 266
30 283
1 199
4 452
59 111
31 103
47 21
53 449
44 394
8 195
36 179
32 321
2981 56
35 167
43 130
55 391
26 89
0 145
4 337
51 100
21 91
31 331
15 352
14 414
12 373
36 191
16 387
59 108
32 122
61 310
56 427
1 179
17 1
48 260
2 25
10 378
39 78
52 151
47 315
25 270
44 389
62 238
33 263
50 217
42 125
30 82
41 78
18 397
29 253
11 164
5 191
65 44
19 140
40 99
45 229
38 274
28 100
34 371
57 399
7 351
24 148
9 444
54 342
37 71
20 170
53 139
13 405
3 161
23 136
3072 56
58 41
28 436
60 355
26 88
15 157
33 1
5 111
0 433
31 306
53 211
35 416
48 4
9 77
21 426
24 146
16 336
37 242
13 179
23 424
25 144
49 75
29 299
42 216
19 251
61 23
4 127
36 153
44 297
62 334
14 329
11 28
7 200
65 8
1 376
32 346
12 104
50 280
30 190
20 415
40 288
38 49
56 422
3 346
45 98
41 95
52 413
51 444
64 65
57 137
47 416
59 118
27 306
46 10
43 223
34 374
6 61
1535 56
16 177
36 342
21 95
19 312
51 388
46 216
41 142
30 15
26 25
22 316
15 451
29 367
0 242
43 28
6 100
44 394
42 119
52 77
9 83
33 303
64 50
34 247
8 284
14 251
62 287
20 31
1 109
61 65
60 268
24 344
18 251
4 268
58 169
65 242
27 309
47 149
49 320
63 397
17 31
55 258
11 36
35 449
37 159
12 33
2 380
45 432
57 68
23 253
56 209
39 239
5 350
28 381
50 220
25 26
7 344
38 374
1162 56
22 329
32 312
15 4
41 292
28 61
59 263
7 87
10 320
0 325
13 440
30 268
51 304
5 410
61 415
34 388
50 34
31 126
37 148
33 129
8 401
42 247
43 178
57 199
48 158
49 319
58 164
60 13
47 140
16 105
46 133
1 312
45 196
56 147
21 37
29 213
3 209
52 358
24 418
44 30
18 340
14 176
62 161
17 381
35 325
65 376
64 103
11 438
6 328
40 407
2 69
20 234
53 404
27 139
26 138
4 204
63 315
409 56
10 354
17 148
20 144
33 364
40 167
63 200
12 369
39 6
46 328
26 202
60 120
44 346
55 198
51 316
7 335
19 108
65 160
42 195
24 342
25 360
36 309
13 128
34 177
14 211
29 116
27 143
31 22
15 90
48 105
9 333
2 42
57 158
45 205
18 177
23 272
22 148
4 180
37 354
64 295
43 210
49 267
50 341
62 126
52 223
58 238
32 50
59 132
6 313
30 202
35 368
11 215
0 102
56 168
38 243
3 248
1 166
685 56
9 87
3 7
39 113
14 10
25 441
60 243
53 399
21 334
29 116
42 187
54 57
56 21
51 403
26 311
47 70
8 93
43 144
63 271
52 5
16 309
49 396
64 148
33 125
22 39
4 358
34 311
7 159
6 340
20 237
45 315
50 56
28 240
17 389
41 22
46 278
13 380
59 176
0 203
37 172
36 120
38 138
40 357
58 405
2 450
12 370
48 396
11 329
55 233
44 346
62 396
19 325
23 352
30 127
65 437
35 443
1 214
3573 56
8 121
37 280
59 259
31 107
26 408
23 139
61 218
43 114
27 259
5 226
7 230
57 52
62 144
1 284
64 155
48 344
33 5
17 137
29 264
65 313
63 379
6 224
18 343
34 273
9 288
22 421
20 389
21 69
36 154
51 190
53 305
42 435
24 169
14 122
12 237
3 229
13 351
35 408
54 41
40 362
39 360
56 162
38 43
0 115
45 229
10 241
11 253
44 97
52 343
47 75
50 77
19 80
15 185
32 415
60 193
49 85
1268 56
34 93
14 233
40 249
5 23
27 387
20 48
41 132
31 229
11 239
37 105
43 110
6 350
16 93
38 24
32 208
45 200
33 196
47 224
55 287
48 27
1 270
49 168
7 278
58 210
8 149
23 48
18 382
9 422
3 400
61 180
44 453
29 73
21 396
24 154
64 233
26 364
10 199
4 136
60 91
36 288
30 44
42 99
65 401
52 327
46 428
19 290
50 164
28 290
0 128
25 122
2 420
15 386
54 203
63 123
56 276
39 103
3675 56
36 334
7 73
21 341
26 98
28 32
54 314
50 414
51 215
37 429
40 135
63 386
60 233
45 440
52 219
11 432
6 381
44 414
20 287
48 406
49 133
5 395
2 361
3 307
10 209
42 346
29 227
57 185
4 25
34 38
65 94
17 372
33 196
47 240
9 120
24 110
19 158
43 131
8 126
14 432
35 383
56 320
41 334
55 147
31 92
62 383
16 436
18 98
38 108
27 66
22 230
15 371
64 348
13 101
53 210
23 401
25 220
1895 56
8 455
28 96
42 239
60 134
65 330
19 1
12 452
10 107
34 176
3 6
32 157
56 97
49 25
21 302
63 187
37 166
51 411
4 439
43 159
54 366
26 309
27 269
20 432
41 425
59 59
24 348
39 287
13 51
25 217
22 199
62 26
29 223
1 32
61 108
45 60
17 451
15 290
46 228
40 57
58 410
38 115
11 73
31 293
48 182
50 446
44 85
0 410
52 56
2 175
14 71
57 270
47 100
64 103
30 397
16 370
18 205
1599 56
17 383
20 115
65 207
16 131
1 425
5 219
48 14
57 247
38 186
27 319
37 222
39 168
46 58
10 364
30 11
49 265
51 433
58 440
32 234
0 203
56 156
13 223
31 80
33 164
7 26
21 321
34 287
35 229
64 268
40 383
6 230
28 267
59 352
29 383
25 219
19 102
4 366
61 22
12 205
47 352
62 393
43 165
18 243
26 329
22 356
60 453
63 271
41 418
15 71
42 107
52 265
23 231
3 115
44 219
36 84
54 349
191 0 1
2599 0 1
889 0 1
833 0 1
1947 0 1
2545 0 1
2653 0 1
379 0 1
47 0 1
1180 0 1
228 0 1
237 0 1
223 0 1
2509 0 1
1632 0 1
2754 0 1
407 0 1
2655 0 1
487 0 1
1031 0 1
1963 0 1
3209 0 1
3182 0 1
2609 0 1
2557 0 1
1462 0 1
794 0 1
3423 0 1
2268 0 1
2616 0 1
3054 0 1
1297 0 1
3173 0 1
2919 0 1
3034 0 1
850 0 1
1007 0 1
196 0 1
313 0 1
3281 0 1
3799 0 1
3017 0 1
543 0 1
807 0 1
3389 0 1
1128 0 1
1978 0 1
3166 0 1
1732 0 1
2959 0 1
2486 0 1
1196 0 1
935 0 1
3150 0 1
3266 0 1
1546 0 1
3473 0 1
2715 0 1
1874 0 1
2312 0 1
2098 0 1
1452 0 1
3606 0 1
143 0 1
467 0 1
622 0 1
666 0 1
1961 0 1
2546 0 1
1832 0 1
1682 0 1
3019 0 1
3268 0 1
3566 0 1
1341 0 1
159 0 1
1196 0 1
2610 0 1
995 0 1
1887 0 1
3725 0 1
692 0 1
3679 0 1
134 0 1
159 0 1
801 0 1
3508 0 1
3372 0 1
1400 0 1
3768 0 1
106 0 1
1966 0 1
245 0 1
1760 0 1
3032 0 1
1919 0 1
788 0 1
2321 0 1
140 0 1
1706 0 1
2041 0 1
2324 0 1
2972 0 1
3736 0 1
1005 0 1
637 0 1
1378 0 1
3821 0 1
3317 0 1
896 0 1
2877 0 1
358 0 1
3007 0 1
2699 0 1
3262 0 1
198 0 1
2018 0 1
3738 0 1
707 0 1
1697 0 1
2213 0 1
3321 0 1
939 0 1
163 0 1
952 0 1
975 0 1
3203 0 1
2335 0 1
3617 0 1
2466 0 1
2628 0 1
2455 0 1
271 0 1
2703 0 1
83 0 1
3185 0 1
3238 0 1
2475 0 1
3663 0 1
2332 0 1
417 0 1
3478 0 1
2866 0 1
2920 0 1
3644 0 1
3354 0 1
1132 0 1
1253 0 1
281 0 1
1062 0 1
3615 0 1
3704 0 1
3291 0 1
1700 0 1
403 0 1
1165 0 1
621 0 1
3797 0 1
3124 0 1
1914 0 1
362 0 1
3277 0 1
152 0 1
1837 0 1
3846 0 1
3139 0 1
3582 0 1
2658 0 1
1533 0 1
2280 0 1
2667 0 1
3595 0 1
1639 0 1
2185 0 1
738 0 1
3662 0 1
2058 0 1
3643 0 1
1421 0 1
2825 0 1
1298 0 1
3855 0 1
1991 0 1
1713 0 1
2969 0 1
3775 0 1
2208 0 1
455 0 1
3320 0 1
485 0 1
3454 0 1
2724 0 1
417 0 1
3674 0 1
1142 0 1
104 0 1
1810 0 1
187 0 1
2587 0 1
1226 0 1
1497 0 1
1923 0 1
16 0 1
646 0 1
1016 0 1
492 0 1
807 0 1
1943 0 1
2380 0 1
1821 0 1
1387 0 1
1256 0 1
1375 0 1
2940 0 1
3141 0 1
2134 0 1
2981 0 1
930 0 1
922 0 1
3516 0 1
484 0 1
2539 0 1
3711 0 1
613 0 1
443 0 1
3052 0 1
977 0 1
1708 0 1
473 0 1
2564 0 1
3791 0 1
3339 0 1
3189 0 1
2957 0 1
2837 0 1
446 0 1
2259 0 1
459 0 1
2749 0 1
1122 0 1
2665 0 1
1689 0 1
3616 0 1
3489 0 1
3227 0 1
145 0 1
2729 0 1
3337 0 1
3187 0 1
3401 0 1
3112 0 1
1308 0 1
3791 0 1
1683 0 1
582 0 1
11 0 1
2447 0 1
801 0 1
3249 0 1
1563 0 1
267 0 1
520 0 1
2948 0 1
2401 0 1
837 0 1
3649 0 1
1222 0 1
1559 0 1
3684 0 1
2863 0 1
2440 0 1
1513 0 1
935 0 1
2879 0 1
912 0 1
3514 0 1
3644 0 1
871 0 1
1014 0 1
3231 0 1
414 0 1
1151 0 1
623 0 1
2246 0 1
1356 0 1
2551 0 1
1539 0 1
6 0 1
2117 0 1
1334 0 1
1475 0 1
3568 0 1
3620 0 1
2918 0 1
432 0 1
701 0 1
3315 0 1
1582 0 1
1795 0 1
727 0 1
1782 0 1
3667 0 1
3202 0 1
3235 0 1
1261 0 1
849 0 1
2239 0 1
971 0 1
494 0 1
1895 0 1
3758 0 1
950 0 1
2998 0 1
66 0 1
2216 0 1
3045 0 1
1267 0 1
2390 0 1
2277 0 1
3341 0 1
545 0 1
1523 0 1
3364 0 1
119 0 1
3613 0 1
1131 0 1
742 0 1
1278 0 1
2183 0 1
953 0 1
1179 0 1
3581 0 1
2926 0 1
2710 0 1
858 0 1
763 0 1
3474 0 1
2177 0 1
3668 0 1
824 0 1
572 0 1
1223 0 1
811 0 1
993 0 1
423 0 1
2603 0 1
640 1 1
2293 1 1
1052 1 1
116 1 1
1062 1 1
951 1 1
2532 1 1
24 1 1
334 1 1
1223 1 1
1069 1 1
1568 1 1
928 1 1
1875 1 1
2916 1 1
2202 1 1
2394 1 1
374 1 1
2581 1 1
3042 1 1
1277 1 1
1790 1 1
3389 1 1
324 1 1
1248 1 1
2029 1 1
976 1 1
2120 1 1
1321 1 1
2512 1 1
2157 1 1
1290 1 1
184 1 1
1270 1 1
187 1 1
3428 1 1
2163 1 1
658 1 1
2022 1 1
1263 1 1
2683 1 1
701 1 1
3074 1 1
3186 1 1
2912 1 1
2413 1 1
390 1 1
1268 1 1
889 1 1
35 1 1
3562 1 1
3690 1 1
2291 1 1
1728 1 1
2545 1 1
3761 1 1
2237 1 1
3604 1 1
362 1 1
3702 1 1
1617 1 1
830 1 1
2533 1 1
2460 1 1
976 1 1
1656 1 1
686 1 1
903 1 1
2231 1 1
1288 1 1
1381 1 1
3619 1 1
3413 1 1
2684 1 1
2512 1 1
2896 1 1
1742 1 1
1116 1 1
1047 1 1
164 1 1
3686 1 1
1510 1 1
975 1 1
379 1 1
2060 1 1
3017 1 1
1049 1 1
2455 1 1
1785 1 1
1419 1 1
1202 1 1
3503 1 1
1904 1 1
584 1 1
1953 1 1
3481 1 1
1058 1 1
1093 1 1
1230 1 1
30 1 1
2938 1 1
2236 1 1
2623 1 1
1932 1 1
2017 1 1
1434 1 1
3424 1 1
1928 1 1
2584 1 1
2544 1 1
2428 1 1
882 1 1
2437 1 1
1832 1 1
3713 1 1
1750 1 1
2026 1 1
3124 1 1
2170 1 1
3507 1 1
2916 1 1
962 1 1
3721 1 1
2538 1 1
810 1 1
1408 1 1
3368 1 1
2489 1 1
2578 1 1
1661 1 1
844 1 1
2899 1 1
1165 1 1
504 1 1
3740 1 1
1049 1 1
3026 1 1
2563 1 1
2244 1 1
2588 1 1
3308 1 1
2424 1 1
177 1 1
3817 1 1
1470 1 1
504 1 1
1547 1 1
2868 1 1
1043 1 1
1546 1 1
3010 1 1
1991 1 1
3299 1 1
489 1 1
3502 1 1
1998 1 1
3738 1 1
1282 1 1
888 1 1
3552 1 1
3625 1 1
3662 1 1
3517 1 1
1719 1 1
2117 1 1
321 1 1
1976 1 1
3738 1 1
2910 1 1
81 1 1
2711 1 1
2767 1 1
743 1 1
2001 1 1
331 1 1
3396 1 1
1133 1 1
716 1 1
890 1 1
2232 1 1
693 1 1
610 1 1
1221 1 1
580 1 1
829 1 1
684 1 1
2255 1 1
970 1 1
2059 1 1
143 1 1
889 1 1
3084 1 1
1019 1 1
2050 1 1
3592 1 1
398 1 1
376 1 1
3464 1 1
2474 1 1
2912 1 1
3196 1 1
800 1 1
3806 1 1
2141 1 1
594 1 1
3558 1 1
3015 1 1
3469 1 1
1157 1 1
1416 1 1
2354 1 1
1392 1 1
1817 1 1
3838 1 1
31 1 1
3560 1 1
2553 1 1
1711 1 1
1509 1 1
1051 1 1
750 1 1
292 1 1
3029 1 1
1014 1 1
815 1 1
2643 1 1
484 1 1
2688 1 1
962 1 1
2369 1 1
1191 1 1
1661 1 1
3610 1 1
199 1 1
2577 1 1
3279 1 1
3285 1 1
2398 1 1
2937 1 1
3431 1 1
1849 1 1
2233 1 1
1617 1 1
1834 1 1
461 1 1
2542 1 1
2917 1 1
719 1 1
1033 1 1
326 1 1
608 1 1
114 1 1
1351 1 1
3762 1 1
1169 1 1
1565 1 1
1406 1 1
1929 1 1
2813 1 1
2898 1 1
1544 1 1
2789 1 1
2438 1 1
3684 1 1
830 1 1
2916 1 1
1926 1 1
2204 1 1
3059 1 1
860 1 1
1813 1 1
1929 1 1
1686 1 1
1862 1 1
1629 1 1
948 1 1
2886 1 1
983 1 1
3174 1 1
1266 1 1
1160 1 1
3158 1 1
2038 1 1
483 1 1
581 1 1
2113 1 1
2584 1 1
2166 1 1
2778 1 1
3045 1 1
2382 1 1
55 1 1
1320 1 1
2147 1 1
1680 1 1
805 1 1
2225 1 1
1060 1 1
1376 1 1
105 1 1
1406 1 1
564 1 1
2036 1 1
3633 1 1
2231 1 1
2136 1 1
1659 1 1
3574 1 1
3275 1 1
872 1 1
1848 1 1
692 1 1
3471 1 1
3339 1 1
1092 1 1
2272 1 1
2634 1 1
3252 1 1
1070 1 1
3307 1 1
549 1 1
950 1 1
2557 1 1
2804 1 1
3198 1 1
2466 1 1
3017 1 1
2967 1 1
2512 1 1
1155 1 1
2504 1 1
1202 1 1
2432 1 1
3652 1 1
2593 1 1
3394 1 1
581 1 1
1991 1 1
3778 1 1
2657 1 1
30 1 1
2739 1 1
2831 1 1
1558 1 1
157 1 1
432 1 1
1581 2 1
3439 2 1
2811 2 1
219 2 1
2163 2 1
644 2 1
219 2 1
2247 2 1
2793 2 1
2162 2 1
2589 2 1
1388 2 1
2036 2 1
126 2 1
1907 2 1
3463 2 1
1252 2 1
1957 2 1
1961 2 1
1280 2 1
3163 2 1
1769 2 1
1525 2 1
335 2 1
2410 2 1
658 2 1
1563 2 1
3321 2 1
3301 2 1
1778 2 1
1845 2 1
3523 2 1
3617 2 1
3247 2 1
1867 2 1
1604 2 1
7 2 1
172 2 1
1507 2 1
2860 2 1
3722 2 1
3651 2 1
1557 2 1
324 2 1
1703 2 1
3601 2 1
2994 2 1
2183 2 1
1265 2 1
2780 2 1
1434 2 1
3101 2 1
2657 2 1
2970 2 1
1338 2 1
448 2 1
3142 2 1
714 2 1
3563 2 1
335 2 1
1251 2 1
3194 2 1
2063 2 1
1637 2 1
2519 2 1
2129 2 1
1509 2 1
1690 2 1
533 2 1
1163 2 1
1181 2 1
2049 2 1
3828 2 1
188 2 1
364 2 1
1750 2 1
727 2 1
2294 2 1
1469 2 1
867 2 1
275 2 1
2322 2 1
3360 2 1
3422 2 1
2551 2 1
3776 2 1
3018 2 1
3775 2 1
2624 2 1
1573 2 1
2775 2 1
1735 2 1
1626 2 1
2363 2 1
3109 2 1
3 2 1
603 2 1
3527 2 1
2868 2 1
2923 2 1
3495 2 1
444 2 1
1335 2 1
390 2 1
1901 2 1
3272 2 1
2656 2 1
2348 2 1
938 2 1
872 2 1
1871 2 1
3723 2 1
1278 2 1
2041 2 1
3776 2 1
2603 2 1
1265 2 1
292 2 1
3158 2 1
3072 2 1
19 2 1
2777 2 1
3175 2 1
52 2 1
3034 2 1
2032 2 1
1637 2 1
1832 2 1
214 2 1
1124 2 1
153 2 1
410 2 1
3666 2 1
545 2 1
430 2 1
3180 2 1
3039 2 1
1669 2 1
2470 2 1
1706 2 1
2807 2 1
3834 2 1
3076 2 1
1852 2 1
2267 2 1
2953 2 1
3536 2 1
2870 2 1
2889 2 1
111 2 1
610 2 1
2917 2 1
2941 2 1
415 2 1
2882 2 1
1174 2 1
2886 2 1
2910 2 1
1541 2 1
3063 2 1
1665 2 1
3556 2 1
840 2 1
3760 2 1
2947 2 1
659 2 1
2574 2 1
1222 2 1
2946 2 1
496 2 1
250 2 1
1222 2 1
3408 2 1
3221 2 1
142 2 1
2831 2 1
788 2 1
3667 2 1
3766 2 1
2869 2 1
457 2 1
473 2 1
1592 2 1
236 2 1
2861 2 1
605 2 1
3249 2 1
56 2 1
3678 2 1
2035 2 1
3286 2 1
2988 2 1
3745 2 1
3326 2 1
134 2 1
3703 2 1
489 2 1
783 2 1
1798 2 1
399 2 1
3021 2 1
3194 2 1
2371 2 1
1946 2 1
1380 2 1
522 2 1
1030 2 1
34 2 1
3157 2 1
3118 2 1
2579 2 1
2179 2 1
1423 2 1
38 2 1
2101 2 1
3597 2 1
1136 2 1
3647 2 1
1116 2 1
81 2 1
1587 2 1
2936 2 1
84 2 1
3141 2 1
2148 2 1
2593 2 1
466 2 1
534 2 1
1967 2 1
2652 2 1
3605 2 1
3150 2 1
2417 2 1
37 2 1
2342 2 1
94 2 1
1744 2 1
2877 2 1
3165 2 1
943 2 1
3778 2 1
1773 2 1
85 2 1
3476 2 1
1685 2 1
941 2 1
2417 2 1
1937 2 1
740 2 1
1732 2 1
2848 2 1
3648 2 1
85 2 1
272 2 1
133 2 1
2355 2 1
1890 2 1
3382 2 1
3041 2 1
1067 2 1
1185 2 1
138 2 1
2893 2 1
984 2 1
1433 2 1
1106 2 1
986 2 1
1436 2 1
1608 2 1
2114 2 1
668 2 1
453 2 1
978 2 1
1898 2 1
1768 2 1
1815 2 1
1322 2 1
2079 2 1
2858 2 1
2549 2 1
3360 2 1
3241 2 1
693 2 1
2136 2 1
2971 2 1
1905 2 1
3207 2 1
3571 2 1
1173 2 1
1187 2 1
1421 2 1
537 2 1
3844 2 1
41 2 1
2735 2 1
219 2 1
3749 2 1
2412 2 1
3576 2 1
3459 2 1
1593 2 1
1774 2 1
2159 2 1
1258 2 1
1161 2 1
1779 2 1
596 2 1
2208 2 1
3244 2 1
2958 2 1
3243 2 1
1796 2 1
3572 2 1
1211 2 1
2175 2 1
213 2 1
559 2 1
2882 2 1
76 2 1
2848 2 1
223 2 1
732 2 1
2104 2 1
1483 2 1
351 2 1
791 2 1
963 2 1
267 2 1
2916 2 1
1338 2 1
530 2 1
3387 2 1
3578 2 1
1326 2 1
653 2 1
673 2 1
3513 2 1
1245 2 1
424 2 1
3421 2 1
2534 2 1
3059 2 1
1547 2 1
1163 2 1
924 2 1
3106 2 1
2264 3 1
2303 3 1
482 3 1
2350 3 1
911 3 1
3689 3 1
1419 3 1
3806 3 1
2361 3 1
838 3 1
2314 3 1
1414 3 1
2817 3 1
1428 3 1
1386 3 1
558 3 1
387 3 1
3474 3 1
1098 3 1
2486 3 1
2418 3 1
1661 3 1
1290 3 1
655 3 1
2720 3 1
442 3 1
2273 3 1
2673 3 1
3676 3 1
910 3 1
1120 3 1
941 3 1
2032 3 1
3762 3 1
1564 3 1
3667 3 1
1147 3 1
395 3 1
1480 3 1
254 3 1
2794 3 1
3154 3 1
612 3 1
1910 3 1
3393 3 1
1636 3 1
1206 3 1
3036 3 1
1533 3 1
2401 3 1
2022 3 1
2121 3 1
1829 3 1
2144 3 1
3676 3 1
2879 3 1
263 3 1
2945 3 1
1594 3 1
1294 3 1
250 3 1
1969 3 1
1131 3 1
1953 3 1
1818 3 1
3308 3 1
29 3 1
2137 3 1
3538 3 1
1979 3 1
979 3 1
797 3 1
2295 3 1
2336 3 1
2651 3 1
65 3 1
888 3 1
1456 3 1
2601 3 1
216 3 1
1132 3 1
2934 3 1
1343 3 1
3565 3 1
2547 3 1
2548 3 1
2373 3 1
2979 3 1
2756 3 1
2152 3 1
3323 3 1
319 3 1
1777 3 1
763 3 1
1883 3 1
1864 3 1
2620 3 1
777 3 1
3053 3 1
903 3 1
3289 3 1
1033 3 1
2703 3 1
1608 3 1
1742 3 1
3187 3 1
2893 3 1
1919 3 1
1266 3 1
2807 3 1
1362 3 1
1759 3 1
1245 3 1
912 3 1
2699 3 1
3201 3 1
2570 3 1
388 3 1
1528 3 1
3681 3 1
1106 3 1
3116 3 1
1633 3 1
2286 3 1
1672 3 1
3168 3 1
2205 3 1
3750 3 1
3702 3 1
2730 3 1
1706 3 1
2199 3 1
1173 3 1
284 3 1
162 3 1
752 3 1
2249 3 1
639 3 1
1006 3 1
3492 3 1
2151 3 1
2539 3 1
1208 3 1
3361 3 1
1500 3 1
3839 3 1
1979 3 1
889 3 1
3733 3 1
2591 3 1
322 3 1
417 3 1
393 3 1
3017 3 1
3110 3 1
1588 3 1
2946 3 1
1103 3 1
2104 3 1
1753 3 1
682 3 1
273 3 1
3458 3 1
3093 3 1
2643 3 1
2297 3 1
3033 3 1
1979 3 1
38 3 1
595 3 1
338 3 1
1443 3 1
1867 3 1
2248 3 1
2163 3 1
3056 3 1
3421 3 1
225 3 1
1258 3 1
2448 3 1
3147 3 1
3164 3 1
2254 3 1
3703 3 1
1681 3 1
3003 3 1
1642 3 1
499 3 1
2048 3 1
1438 3 1
1476 3 1
2613 3 1
1452 3 1
2753 3 1
1287 3 1
3381 3 1
1210 3 1
3853 3 1
1892 3 1
1460 3 1
2591 3 1
3160 3 1
518 3 1
3628 3 1
1804 3 1
3525 3 1
2454 3 1
493 3 1
2284 3 1
2507 3 1
2657 3 1
2082 3 1
2988 3 1
2024 3 1
2068 3 1
2482 3 1
1252 3 1
3570 3 1
1386 3 1
1548 3 1
3792 3 1
959 3 1
396 3 1
1607 3 1
3794 3 1
3119 3 1
352 3 1
1896 3 1
1210 3 1
1878 3 1
1859 3 1
3567 3 1
3603 3 1
956 3 1
2209 3 1
2623 3 1
1911 3 1
2424 3 1
960 3 1
13 3 1
1469 3 1
3028 3 1
3227 3 1
859 3 1
1901 3 1
2010 3 1
2572 3 1
1395 3 1
2555 3 1
2629 3 1
642 3 1
2148 3 1
1479 3 1
1865 3 1
3603 3 1
2214 3 1
3729 3 1
3151 3 1
2784 3 1
904 3 1
428 3 1
505 3 1
3227 3 1
3652 3 1
2432 3 1
619 3 1
3849 3 1
2062 3 1
3490 3 1
2646 3 1
3039 3 1
977 3 1
2171 3 1
1950 3 1
625 3 1
1883 3 1
762 3 1
2099 3 1
2165 3 1
663 3 1
152 3 1
3096 3 1
3333 3 1
3504 3 1
166 3 1
644 3 1
2294 3 1
914 3 1
1641 3 1
788 3 1
201 3 1
2911 3 1
2282 3 1
2943 3 1
1916 3 1
310 3 1
2552 3 1
2224 3 1
2052 3 1
3111 3 1
604 3 1
1162 3 1
1301 3 1
2816 3 1
2998 3 1
2643 3 1
3323 3 1
1877 3 1
2350 3 1
493 3 1
2057 3 1
2964 3 1
1266 3 1
3724 3 1
2675 3 1
2359 3 1
1962 3 1
2174 3 1
2437 3 1
3425 3 1
2056 3 1
2379 3 1
1306 3 1
144 3 1
1767 3 1
905 3 1
2212 3 1
405 3 1
1806 3 1
3002 3 1
211 3 1
3146 3 1
3576 3 1
1539 3 1
1235 3 1
3161 3 1
553 3 1
330 3 1
3725 3 1
3435 3 1
3856 3 1
2207 3 1
1157 3 1
1604 3 1
3607 3 1
3137 3 1
2440 4 1
750 4 1
3043 4 1
1610 4 1
1978 4 1
2932 4 1
2949 4 1
1194 4 1
3810 4 1
1977 4 1
3675 4 1
558 4 1
541 4 1
1006 4 1
1340 4 1
2330 4 1
1163 4 1
144 4 1
895 4 1
625 4 1
201 4 1
238 4 1
2182 4 1
2898 4 1
303 4 1
2069 4 1
2226 4 1
2214 4 1
358 4 1
1846 4 1
603 4 1
2279 4 1
2896 4 1
1143 4 1
2466 4 1
3713 4 1
297 4 1
1084 4 1
1718 4 1
2514 4 1
1021 4 1
2906 4 1
606 4 1
3330 4 1
79 4 1
1805 4 1
1058 4 1
714 4 1
642 4 1
2717 4 1
3657 4 1
3764 4 1
1718 4 1
1432 4 1
1982 4 1
1232 4 1
1529 4 1
1952 4 1
343 4 1
3723 4 1
2831 4 1
827 4 1
3802 4 1
3852 4 1
2338 4 1
466 4 1
1794 4 1
708 4 1
2805 4 1
696 4 1
190 4 1
1457 4 1
232 4 1
3666 4 1
2893 4 1
344 4 1
831 4 1
1042 4 1
2914 4 1
3162 4 1
1462 4 1
1526 4 1
2919 4 1
2411 4 1
3438 4 1
689 4 1
858 4 1
480 4 1
2907 4 1
3190 4 1
3363 4 1
3854 4 1
1895 4 1
2953 4 1
3111 4 1
2444 4 1
3330 4 1
2931 4 1
108 4 1
2319 4 1
3125 4 1
1924 4 1
2503 4 1
1924 4 1
2015 4 1
1848 4 1
3206 4 1
2408 4 1
1273 4 1
2162 4 1
2885 4 1
1129 4 1
304 4 1
1368 4 1
1875 4 1
755 4 1
3412 4 1
3590 4 1
1872 4 1
3445 4 1
1255 4 1
3654 4 1
1782 4 1
2209 4 1
1955 4 1
2223 4 1
19 4 1
882 4 1
761 4 1
3855 4 1
582 4 1
3583 4 1
1499 4 1
1056 4 1
910 4 1
1784 4 1
3856 4 1
1218 4 1
3711 4 1
787 4 1
1818 4 1
2853 4 1
832 4 1
1253 4 1
2026 4 1
3108 4 1
2731 4 1
3335 4 1
1765 4 1
2084 4 1
1188 4 1
1044 4 1
3741 4 1
2369 4 1
2594 4 1
2986 4 1
1488 4 1
3798 4 1
685 4 1
1835 4 1
2494 4 1
3554 4 1
2084 4 1
1272 4 1
974 4 1
554 4 1
1300 4 1
1565 4 1
1877 4 1
1827 4 1
2203 4 1
2150 4 1
446 4 1
480 4 1
1935 4 1
3389 4 1
2484 4 1
3724 4 1
1742 4 1
2330 4 1
2008 4 1
827 4 1
1467 4 1
3017 4 1
424 4 1
2069 4 1
1925 4 1
2538 4 1
1748 4 1
1045 4 1
1260 4 1
879 4 1
1230 4 1
3545 4 1
1748 4 1
535 4 1
2531 4 1
1309 4 1
531 4 1
39 4 1
3801 4 1
841 4 1
3364 4 1
3441 4 1
1958 4 1
2753 4 1
1087 4 1
3188 4 1
3661 4 1
2583 4 1
3533 4 1
2682 4 1
3486 4 1
852 4 1
2288 4 1
3125 4 1
2852 4 1
2254 4 1
2289 4 1
924 4 1
753 4 1
2370 4 1
3068 4 1
2927 4 1
688 4 1
3434 4 1
432 4 1
3230 4 1
2316 4 1
253 4 1
809 4 1
1352 4 1
316 4 1
1750 4 1
3768 4 1
837 4 1
2969 4 1
1410 4 1
884 4 1
2575 4 1
1493 4 1
1431 4 1
125 4 1
2138 4 1
3705 4 1
1670 4 1
2032 4 1
2889 4 1
530 4 1
2342 4 1
2415 4 1
3664 4 1
1655 4 1
3411 4 1
1763 4 1
884 4 1
453 4 1
1044 4 1
1134 4 1
3008 4 1
1049 4 1
347 4 1
2404 4 1
2540 4 1
416 4 1
3532 4 1
3778 4 1
1073 4 1
2443 4 1
2087 4 1
1744 4 1
851 4 1
2433 4 1
2233 4 1
1621 4 1
821 4 1
192 4 1
754 4 1
603 4 1
1558 4 1
1902 4 1
1250 4 1
3406 4 1
697 4 1
656 4 1
2963 4 1
1535 4 1
977 4 1
2260 4 1
2369 4 1
2542 4 1
1693 4 1
1670 4 1
1426 4 1
2714 4 1
3659 4 1
1598 4 1
677 4 1
2767 4 1
2860 4 1
2322 4 1
179 4 1
784 4 1
2320 4 1
2360 4 1
3813 4 1
596 4 1
2647 4 1
2517 4 1
2087 4 1
1054 4 1
1996 4 1
3732 4 1
3126 4 1
1427 4 1
3514 4 1
2687 4 1
805 4 1
1568 4 1
725 4 1
1467 4 1
829 4 1
3205 4 1
2036 4 1
3198 4 1
3432 4 1
3729 4 1
2206 4 1
53 4 1
3650 4 1
1046 4 1
247 4 1
1734 4 1
1104 4 1
3425 4 1
3291 4 1
3713 4 1
1487 4 1
1233 4 1
1640 4 1
3045 4 1
1559 4 1
974 4 1
2739 4 1
3064 4 1
2572 4 1
3369 5 1
3585 5 1
3814 5 1
1457 5 1
3839 5 1
3045 5 1
1334 5 1
2682 5 1
3421 5 1
949 5 1
3111 5 1
1470 5 1
1173 5 1
1873 5 1
2603 5 1
3710 5 1
2766 5 1
1605 5 1
1469 5 1
3803 5 1
2271 5 1
577 5 1
1237 5 1
1200 5 1
353 5 1
1806 5 1
2283 5 1
2208 5 1
2148 5 1
431 5 1
1975 5 1
2232 5 1
1822 5 1
2483 5 1
1782 5 1
101 5 1
313 5 1
2452 5 1
2160 5 1
429 5 1
3384 5 1
2645 5 1
3806 5 1
585 5 1
1196 5 1
1661 5 1
683 5 1
1597 5 1
2811 5 1
514 5 1
610 5 1
2074 5 1
2847 5 1
72 5 1
92 5 1
2199 5 1
417 5 1
3668 5 1
726 5 1
870 5 1
3516 5 1
1259 5 1
247 5 1
2766 5 1
1630 5 1
646 5 1
1891 5 1
2817 5 1
3576 5 1
2939 5 1
281 5 1
2313 5 1
1235 5 1
1580 5 1
1687 5 1
1707 5 1
2708 5 1
2257 5 1
2607 5 1
3005 5 1
2441 5 1
388 5 1
647 5 1
3106 5 1
2561 5 1
2726 5 1
14 5 1
2515 5 1
77 5 1
2599 5 1
1160 5 1
3590 5 1
85 5 1
3041 5 1
2341 5 1
947 5 1
1309 5 1
1153 5 1
125 5 1
2846 5 1
3806 5 1
467 5 1
2212 5 1
1026 5 1
1840 5 1
1720 5 1
579 5 1
2839 5 1
1574 5 1
2603 5 1
1798 5 1
2104 5 1
1505 5 1
1553 5 1
1264 5 1
221 5 1
1271 5 1
1634 5 1
1834 5 1
2276 5 1
574 5 1
1566 5 1
1446 5 1
1576 5 1
3777 5 1
2374 5 1
2067 5 1
3087 5 1
917 5 1
641 5 1
1079 5 1
593 5 1
3076 5 1
1458 5 1
593 5 1
1620 5 1
709 5 1
1864 5 1
756 5 1
2013 5 1
3615 5 1
595 5 1
2100 5 1
804 5 1
1087 5 1
2439 5 1
2540 5 1
586 5 1
186 5 1
1949 5 1
402 5 1
1180 5 1
1072 5 1
58 5 1
3544 5 1
3353 5 1
3077 5 1
514 5 1
1876 5 1
3359 5 1
2251 5 1
911 5 1
2982 5 1
2940 5 1
1620 5 1
875 5 1
260 5 1
421 5 1
1368 5 1
1645 5 1
1521 5 1
2393 5 1
3842 5 1
3664 5 1
1960 5 1
3628 5 1
2503 5 1
1961 5 1
249 5 1
2740 5 1
598 5 1
1549 5 1
805 5 1
1383 5 1
734 5 1
1524 5 1
3198 5 1
1209 5 1
2764 5 1
1572 5 1
2636 5 1
1984 5 1
2816 5 1
1653 5 1
1424 5 1
2227 5 1
684 5 1
1403 5 1
27 5 1
3358 5 1
116 5 1
789 5 1
2876 5 1
3800 5 1
3182 5 1
830 5 1
1184 5 1
987 5 1
1723 5 1
2429 5 1
2516 5 1
68 5 1
3002 5 1
3803 5 1
2012 5 1
2379 5 1
3626 5 1
3681 5 1
2429 5 1
964 5 1
3092 5 1
802 5 1
1636 5 1
2223 5 1
2777 5 1
56 5 1
3465 5 1
612 5 1
2834 5 1
1481 5 1
1178 5 1
3362 5 1
2286 5 1
1131 5 1
909 5 1
830 5 1
275 5 1
1670 5 1
3773 5 1
2668 5 1
1212 5 1
1095 5 1
930 5 1
893 5 1
679 5 1
1854 5 1
2685 5 1
420 5 1
1939 5 1
635 5 1
3853 5 1
895 5 1
2031 5 1
2510 5 1
3381 5 1
2152 5 1
2870 5 1
1713 5 1
977 5 1
17 5 1
3132 5 1
3588 5 1
1986 5 1
1684 5 1
1623 5 1
1894 5 1
3526 5 1
309 5 1
2743 5 1
2728 5 1
193 5 1
3762 5 1
1925 5 1
3671 5 1
2757 5 1
2184 5 1
251 5 1
1620 5 1
1658 5 1
616 5 1
2509 5 1
2467 5 1
3487 5 1
492 5 1
1014 5 1
1521 5 1
3204 5 1
1114 5 1
2546 5 1
872 5 1
1484 5 1
834 5 1
1283 5 1
2491 5 1
1899 5 1
159 5 1
2478 5 1
1992 5 1
2250 5 1
1226 5 1
2261 5 1
609 5 1
1500 5 1
2355 5 1
3339 5 1
859 5 1
2531 5 1
2352 5 1
3369 5 1
2950 5 1
3206 5 1
3024 5 1
2117 5 1
1929 5 1
3562 5 1
1510 5 1
3306 5 1
1076 5 1
1467 5 1
1230 5 1
496 5 1
588 5 1
1589 5 1
1999 5 1
3194 5 1
184 5 1
2701 5 1
1126 5 1
2326 5 1
3406 5 1
2064 5 1
203 5 1
2666 5 1
3845 5 1
3733 5 1
720 5 1
1888 5 1
3764 5 1
3652 5 1
953 5 1
293 5 1
1501 5 1
2104 5 1
2872 5 1
2765 5 1
1307 5 1
53 6 1
2262 6 1
2264 6 1
3295 6 1
234 6 1
998 6 1
1822 6 1
3362 6 1
2583 6 1
1053 6 1
500 6 1
1930 6 1
2339 6 1
3852 6 1
3207 6 1
329 6 1
637 6 1
2192 6 1
1857 6 1
515 6 1
3817 6 1
3500 6 1
13 6 1
3163 6 1
586 6 1
473 6 1
1738 6 1
1130 6 1
3154 6 1
1846 6 1
1402 6 1
1293 6 1
2203 6 1
405 6 1
2307 6 1
3836 6 1
2633 6 1
2408 6 1
3160 6 1
1951 6 1
1777 6 1
1841 6 1
792 6 1
1448 6 1
1524 6 1
477 6 1
2834 6 1
2195 6 1
2978 6 1
1558 6 1
114 6 1
1245 6 1
571 6 1
2666 6 1
2135 6 1
2208 6 1
2525 6 1
3842 6 1
2470 6 1
942 6 1
3014 6 1
2451 6 1
2716 6 1
553 6 1
3334 6 1
1406 6 1
99 6 1
3376 6 1
3286 6 1
1035 6 1
2721 6 1
1869 6 1
161 6 1
3364 6 1
2288 6 1
425 6 1
3254 6 1
1413 6 1
3820 6 1
1938 6 1
2338 6 1
429 6 1
2592 6 1
827 6 1
2218 6 1
3385 6 1
2079 6 1
1071 6 1
487 6 1
459 6 1
1318 6 1
1920 6 1
3287 6 1
3160 6 1
1583 6 1
2343 6 1
1837 6 1
390 6 1
30 6 1
1919 6 1
1571 6 1
2482 6 1
1756 6 1
2643 6 1
1010 6 1
234 6 1
123 6 1
2778 6 1
1073 6 1
1732 6 1
3537 6 1
3479 6 1
2812 6 1
2237 6 1
1757 6 1
3844 6 1
815 6 1
2416 6 1
2677 6 1
3489 6 1
551 6 1
964 6 1
2174 6 1
3857 6 1
2276 6 1
2125 6 1
897 6 1
1525 6 1
1110 6 1
3056 6 1
3132 6 1
3194 6 1
2614 6 1
676 6 1
2949 6 1
2724 6 1
1629 6 1
629 6 1
3765 6 1
957 6 1
982 6 1
2394 6 1
457 6 1
527 6 1
1411 6 1
164 6 1
3504 6 1
2065 6 1
1876 6 1
1242 6 1
1425 6 1
51 6 1
3695 6 1
136 6 1
1975 6 1
1579 6 1
327 6 1
2391 6 1
3292 6 1
3473 6 1
3143 6 1
3497 6 1
1439 6 1
1600 6 1
136 6 1
1767 6 1
2067 6 1
3401 6 1
96 6 1
122 6 1
878 6 1
2020 6 1
2447 6 1
281 6 1
3669 6 1
2877 6 1
2294 6 1
2303 6 1
1445 6 1
3839 6 1
3236 6 1
2640 6 1
756 6 1
1076 6 1
3354 6 1
1381 6 1
3171 6 1
2654 6 1
2786 6 1
1661 6 1
1974 6 1
1344 6 1
3461 6 1
3377 6 1
3628 6 1
2209 6 1
112 6 1
3571 6 1
576 6 1
1824 6 1
1900 6 1
1019 6 1
3706 6 1
1571 6 1
1202 6 1
2171 6 1
1659 6 1
1543 6 1
820 6 1
2446 6 1
3321 6 1
1853 6 1
3233 6 1
525 6 1
515 6 1
2848 6 1
1569 6 1
1204 6 1
1632 6 1
374 6 1
3479 6 1
245 6 1
568 6 1
2050 6 1
1141 6 1
3795 6 1
910 6 1
1190 6 1
220 6 1
1484 6 1
2933 6 1
305 6 1
2675 6 1
1384 6 1
718 6 1
1039 6 1
3134 6 1
2522 6 1
1797 6 1
3415 6 1
394 6 1
2427 6 1
1351 6 1
1582 6 1
1746 6 1
2863 6 1
3812 6 1
3037 6 1
1080 6 1
969 6 1
2483 6 1
3571 6 1
1048 6 1
170 6 1
2279 6 1
1127 6 1
697 6 1
1480 6 1
2411 6 1
3699 6 1
3136 6 1
1086 6 1
3213 6 1
1848 6 1
991 6 1
1129 6 1
2436 6 1
3801 6 1
1650 6 1
2474 6 1
298 6 1
996 6 1
1648 6 1
1435 6 1
1129 6 1
1637 6 1
2517 6 1
1422 6 1
2369 6 1
1968 6 1
740 6 1
2286 6 1
2627 6 1
128 6 1
1854 6 1
308 6 1
2967 6 1
109 6 1
1440 6 1
2053 6 1
3315 6 1
2706 6 1
422 6 1
1322 6 1
2460 6 1
198 6 1
1376 6 1
2795 6 1
1873 6 1
3119 6 1
1316 6 1
3348 6 1
3024 6 1
613 6 1
2622 6 1
3000 6 1
2758 6 1
436 6 1
3286 6 1
1235 6 1
1941 6 1
2231 6 1
2976 6 1
1730 6 1
1928 6 1
1163 6 1
3406 6 1
2447 6 1
1065 6 1
3069 6 1
1281 6 1
3415 6 1
1122 6 1
2269 6 1
3467 6 1
697 6 1
2083 6 1
2858 6 1
365 6 1
1017 6 1
3129 6 1
986 6 1
254 6 1
3118 6 1
1246 6 1
162 6 1
1366 6 1
3261 6 1
3273 6 1
782 6 1
680 6 1
345 6 1
3361 6 1
59 6 1
1271 6 1
2412 6 1
2543 7 1
2556 7 1
1080 7 1
3171 7 1
3528 7 1
538 7 1
2728 7 1
1665 7 1
1917 7 1
2009 7 1
1141 7 1
733 7 1
3176 7 1
1120 7 1
842 7 1
1253 7 1
797 7 1
3779 7 1
2165 7 1
1138 7 1
3767 7 1
1863 7 1
920 7 1
1241 7 1
3819 7 1
2731 7 1
697 7 1
36 7 1
2581 7 1
3823 7 1
1401 7 1
3187 7 1
1655 7 1
1456 7 1
3083 7 1
1357 7 1
2375 7 1
605 7 1
1126 7 1
3501 7 1
482 7 1
315 7 1
2055 7 1
550 7 1
1865 7 1
2474 7 1
3024 7 1
2415 7 1
1403 7 1
3004 7 1
3263 7 1
167 7 1
534 7 1
477 7 1
1239 7 1
3116 7 1
420 7 1
394 7 1
3203 7 1
298 7 1
88 7 1
528 7 1
709 7 1
940 7 1
3201 7 1
1272 7 1
769 7 1
3457 7 1
2826 7 1
1018 7 1
2975 7 1
1527 7 1
1328 7 1
2226 7 1
2183 7 1
713 7 1
1979 7 1
682 7 1
1967 7 1
520 7 1
724 7 1
2809 7 1
1557 7 1
2812 7 1
230 7 1
2660 7 1
3624 7 1
1627 7 1
57 7 1
3433 7 1
3638 7 1
198 7 1
3508 7 1
1034 7 1
2038 7 1
202 7 1
3000 7 1
1658 7 1
2829 7 1
2098 7 1
1199 7 1
2591 7 1
2034 7 1
2493 7 1
162 7 1
1982 7 1
1243 7 1
3768 7 1
3144 7 1
376 7 1
3493 7 1
3393 7 1
2385 7 1
41 7 1
2481 7 1
2878 7 1
3279 7 1
544 7 1
3427 7 1
1215 7 1
2885 7 1
1124 7 1
233 7 1
1502 7 1
119 7 1
1058 7 1
226 7 1
2416 7 1
425 7 1
2231 7 1
1562 7 1
58 7 1
2260 7 1
2214 7 1
2300 7 1
1336 7 1
1138 7 1
3280 7 1
3577 7 1
1116 7 1
1061 7 1
205 7 1
2680 7 1
744 7 1
265 7 1
1521 7 1
427 7 1
733 7 1
1484 7 1
1758 7 1
1767 7 1
2030 7 1
2638 7 1
803 7 1
3437 7 1
305 7 1
795 7 1
2768 7 1
911 7 1
3531 7 1
1788 7 1
559 7 1
531 7 1
414 7 1
2733 7 1
2833 7 1
421 7 1
251 7 1
3161 7 1
3423 7 1
1432 7 1
322 7 1
2869 7 1
3386 7 1
3042 7 1
3841 7 1
1709 7 1
1266 7 1
992 7 1
557 7 1
127 7 1
631 7 1
151 7 1
3813 7 1
2814 7 1
2369 7 1
2007 7 1
708 7 1
3690 7 1
1991 7 1
3104 7 1
971 7 1
1753 7 1
2524 7 1
2628 7 1
3134 7 1
2802 7 1
757 7 1
2909 7 1
3069 7 1
1472 7 1
894 7 1
3517 7 1
3031 7 1
1732 7 1
209 7 1
486 7 1
3791 7 1
1164 7 1
1327 7 1
2355 7 1
477 7 1
3203 7 1
2221 7 1
1187 7 1
232 7 1
3494 7 1
560 7 1
1670 7 1
973 7 1
3147 7 1
518 7 1
3474 7 1
722 7 1
1568 7 1
3325 7 1
1963 7 1
3390 7 1
2964 7 1
3316 7 1
1232 7 1
3551 7 1
520 7 1
3034 7 1
2624 7 1
1170 7 1
2179 7 1
282 7 1
477 7 1
3848 7 1
2864 7 1
3158 7 1
3841 7 1
2422 7 1
667 7 1
1204 7 1
29 7 1
3068 7 1
3072 7 1
2053 7 1
2960 7 1
3630 7 1
3512 7 1
2111 7 1
1289 7 1
290 7 1
1447 7 1
1756 7 1
3593 7 1
1529 7 1
3768 7 1
596 7 1
2632 7 1
2288 7 1
3797 7 1
933 7 1
1801 7 1
1515 7 1
3774 7 1
3763 7 1
1298 7 1
1169 7 1
551 7 1
2229 7 1
2621 7 1
1841 7 1
997 7 1
2187 7 1
337 7 1
690 7 1
704 7 1
583 7 1
3826 7 1
3082 7 1
3363 7 1
1843 7 1
829 7 1
2878 7 1
2661 7 1
3858 7 1
773 7 1
1663 7 1
662 7 1
866 7 1
3477 7 1
2787 7 1
2731 7 1
95 7 1
237 7 1
2618 7 1
159 7 1
577 7 1
1910 7 1
170 7 1
1220 7 1
1029 7 1
1605 7 1
760 7 1
500 7 1
2989 7 1
1691 7 1
218 7 1
41 7 1
2471 7 1
3746 7 1
457 7 1
952 7 1
3210 7 1
464 7 1
2510 7 1
1613 7 1
2957 7 1
1402 7 1
710 7 1
1649 7 1
1395 7 1
3528 7 1
3551 7 1
3345 7 1
3206 7 1
3615 7 1
2167 7 1
466 7 1
2604 7 1
1325 7 1
3137 7 1
85 7 1
1154 7 1
1766 7 1
2072 7 1
2038 7 1
3120 7 1
1962 7 1
596 7 1
2806 7 1
2652 7 1
1125 8 1
1535 8 1
3697 8 1
714 8 1
540 8 1
2898 8 1
2331 8 1
1573 8 1
3815 8 1
2697 8 1
2008 8 1
2478 8 1
455 8 1
1550 8 1
631 8 1
3611 8 1
1105 8 1
2486 8 1
2603 8 1
148 8 1
3221 8 1
3208 8 1
1559 8 1
2835 8 1
3536 8 1
2193 8 1
271 8 1
2196 8 1
3189 8 1
1600 8 1
2920 8 1
940 8 1
2123 8 1
2628 8 1
2701 8 1
421 8 1
127 8 1
706 8 1
2433 8 1
918 8 1
385 8 1
661 8 1
1308 8 1
2413 8 1
1600 8 1
3333 8 1
3841 8 1
391 8 1
624 8 1
1412 8 1
1573 8 1
2289 8 1
928 8 1
2890 8 1
1786 8 1
3749 8 1
1779 8 1
1283 8 1
1837 8 1
543 8 1
1052 8 1
693 8 1
2852 8 1
135 8 1
3318 8 1
2907 8 1
2173 8 1
3663 8 1
2628 8 1
431 8 1
996 8 1
969 8 1
3329 8 1
1698 8 1
1481 8 1
2991 8 1
855 8 1
2434 8 1
3157 8 1
382 8 1
3413 8 1
1473 8 1
447 8 1
900 8 1
673 8 1
3331 8 1
2186 8 1
1364 8 1
2731 8 1
1086 8 1
495 8 1
3709 8 1
939 8 1
914 8 1
1299 8 1
679 8 1
951 8 1
2721 8 1
672 8 1
1731 8 1
3426 8 1
1905 8 1
1106 8 1
2863 8 1
117 8 1
2269 8 1
2091 8 1
2437 8 1
3345 8 1
2499 8 1
3014 8 1
216 8 1
772 8 1
2816 8 1
927 8 1
2162 8 1
3396 8 1
454 8 1
45 8 1
304 8 1
3770 8 1
1437 8 1
3786 8 1
3820 8 1
386 8 1
310 8 1
2686 8 1
2086 8 1
1290 8 1
1059 8 1
2554 8 1
1881 8 1
2684 8 1
1816 8 1
3254 8 1
3211 8 1
2459 8 1
2168 8 1
782 8 1
271 8 1
1071 8 1
926 8 1
2958 8 1
1040 8 1
477 8 1
2936 8 1
2424 8 1
2039 8 1
1372 8 1
1231 8 1
3588 8 1
1410 8 1
3852 8 1
2475 8 1
1430 8 1
42 8 1
2416 8 1
665 8 1
887 8 1
1302 8 1
3111 8 1
989 8 1
2071 8 1
359 8 1
224 8 1
2418 8 1
2718 8 1
2166 8 1
2473 8 1
972 8 1
3838 8 1
376 8 1
609 8 1
689 8 1
1288 8 1
3563 8 1
3699 8 1
1880 8 1
3310 8 1
902 8 1
2730 8 1
1003 8 1
1105 8 1
2253 8 1
2449 8 1
3654 8 1
205 8 1
1292 8 1
2791 8 1
1386 8 1
2105 8 1
3795 8 1
3189 8 1
2708 8 1
106 8 1
1409 8 1
3019 8 1
3765 8 1
2671 8 1
1864 8 1
2772 8 1
1534 8 1
570 8 1
392 8 1
3837 8 1
2330 8 1
314 8 1
3428 8 1
2875 8 1
3332 8 1
2591 8 1
1075 8 1
3370 8 1
920 8 1
2592 8 1
3726 8 1
3016 8 1
2825 8 1
2343 8 1
164 8 1
2555 8 1
3390 8 1
1173 8 1
2054 8 1
1352 8 1
2608 8 1
1481 8 1
2093 8 1
3454 8 1
3240 8 1
3197 8 1
382 8 1
456 8 1
3284 8 1
2668 8 1
1917 8 1
3133 8 1
3518 8 1
2834 8 1
847 8 1
891 8 1
2552 8 1
1439 8 1
1798 8 1
1601 8 1
2393 8 1
1171 8 1
1771 8 1
2261 8 1
3015 8 1
3220 8 1
934 8 1
2936 8 1
1462 8 1
3672 8 1
3153 8 1
741 8 1
3668 8 1
301 8 1
1903 8 1
726 8 1
1490 8 1
1347 8 1
1552 8 1
3051 8 1
3470 8 1
1503 8 1
174 8 1
2274 8 1
3006 8 1
1497 8 1
1296 8 1
2329 8 1
2518 8 1
3001 8 1
2645 8 1
649 8 1
270 8 1
3492 8 1
1326 8 1
3496 8 1
3624 8 1
2064 8 1
3522 8 1
1600 8 1
3605 8 1
1583 8 1
296 8 1
842 8 1
1634 8 1
1862 8 1
2168 8 1
2851 8 1
2024 8 1
1753 8 1
2418 8 1
1932 8 1
397 8 1
647 8 1
3829 8 1
955 8 1
2940 8 1
1427 8 1
1377 8 1
14 8 1
2596 8 1
2236 8 1
3102 8 1
1533 8 1
3587 8 1
2481 8 1
2092 8 1
45 8 1
2928 8 1
3217 8 1
732 8 1
2236 8 1
2769 8 1
1212 8 1
808 8 1
2209 8 1
3355 8 1
3037 8 1
3809 8 1
1020 8 1
2791 8 1
2598 8 1
3817 8 1
51 8 1
65 8 1
1365 8 1
3135 8 1
329 8 1
3046 8 1
1027 8 1
3181 8 1
414 8 1
1944 8 1
3703 8 1
3229 8 1
1446 8 1
199 8 1
1354 8 1
414 8 1
3213 8 1
3252 8 1
2151 9 1
22 9 1
1260 9 1
557 9 1
1868 9 1
2364 9 1
2667 9 1
2519 9 1
3261 9 1
1893 9 1
314 9 1
1650 9 1
622 9 1
1151 9 1
1732 9 1
1548 9 1
2538 9 1
3474 9 1
265 9 1
3820 9 1
1712 9 1
1871 9 1
659 9 1
1999 9 1
3454 9 1
1804 9 1
2699 9 1
1409 9 1
1140 9 1
3060 9 1
1194 9 1
2076 9 1
606 9 1
56 9 1
2257 9 1
3525 9 1
3026 9 1
1738 9 1
3751 9 1
3720 9 1
624 9 1
600 9 1
785 9 1
939 9 1
608 9 1
3821 9 1
778 9 1
1286 9 1
3152 9 1
1806 9 1
1184 9 1
3203 9 1
2773 9 1
3679 9 1
345 9 1
1096 9 1
3574 9 1
3207 9 1
810 9 1
374 9 1
1154 9 1
2325 9 1
3161 9 1
2829 9 1
2406 9 1
182 9 1
3797 9 1
2412 9 1
1185 9 1
2351 9 1
2940 9 1
1634 9 1
1896 9 1
3294 9 1
1547 9 1
1737 9 1
3463 9 1
751 9 1
3212 9 1
1812 9 1
550 9 1
417 9 1
3414 9 1
2625 9 1
3280 9 1
583 9 1
1407 9 1
1169 9 1
2417 9 1
1982 9 1
2244 9 1
1735 9 1
2933 9 1
3755 9 1
3081 9 1
57 9 1
1804 9 1
413 9 1
978 9 1
1237 9 1
1997 9 1
2524 9 1
1865 9 1
2537 9 1
3335 9 1
3109 9 1
395 9 1
2326 9 1
1450 9 1
115 9 1
499 9 1
3074 9 1
3070 9 1
3292 9 1
852 9 1
1535 9 1
3716 9 1
3608 9 1
1890 9 1
447 9 1
3441 9 1
1587 9 1
2507 9 1
3220 9 1
1045 9 1
284 9 1
3731 9 1
2313 9 1
902 9 1
2552 9 1
2037 9 1
1564 9 1
1918 9 1
771 9 1
1005 9 1
2172 9 1
2561 9 1
3635 9 1
2957 9 1
687 9 1
3559 9 1
54 9 1
3787 9 1
1814 9 1
1903 9 1
3827 9 1
295 9 1
1276 9 1
1516 9 1
1316 9 1
2327 9 1
2347 9 1
1010 9 1
2862 9 1
674 9 1
252 9 1
1566 9 1
3388 9 1
2211 9 1
540 9 1
886 9 1
3466 9 1
2757 9 1
391 9 1
3065 9 1
2835 9 1
3243 9 1
368 9 1
688 9 1
3638 9 1
1828 9 1
1756 9 1
778 9 1
2548 9 1
1539 9 1
3150 9 1
3803 9 1
2717 9 1
983 9 1
239 9 1
2372 9 1
2732 9 1
992 9 1
3176 9 1
3750 9 1
851 9 1
2483 9 1
3555 9 1
3497 9 1
2287 9 1
2000 9 1
1847 9 1
591 9 1
3387 9 1
3432 9 1
1182 9 1
2193 9 1
3651 9 1
133 9 1
777 9 1
3403 9 1
2404 9 1
511 9 1
2537 9 1
1051 9 1
865 9 1
81 9 1
683 9 1
346 9 1
2866 9 1
867 9 1
142 9 1
736 9 1
3559 9 1
988 9 1
804 9 1
1620 9 1
3760 9 1
3844 9 1
3170 9 1
3122 9 1
530 9 1
227 9 1
2371 9 1
3426 9 1
1291 9 1
2452 9 1
1568 9 1
165 9 1
879 9 1
85 9 1
2091 9 1
3459 9 1
3620 9 1
1146 9 1
1857 9 1
181 9 1
268 9 1
2127 9 1
775 9 1
3787 9 1
1337 9 1
2606 9 1
434 9 1
1799 9 1
2022 9 1
3409 9 1
802 9 1
2929 9 1
2150 9 1
2190 9 1
246 9 1
2767 9 1
2179 9 1
454 9 1
2581 9 1
1530 9 1
778 9 1
2075 9 1
171 9 1
373 9 1
2814 9 1
369 9 1
2264 9 1
3673 9 1
3204 9 1
719 9 1
1762 9 1
3208 9 1
3510 9 1
1020 9 1
386 9 1
1338 9 1
2957 9 1
1053 9 1
1757 9 1
3850 9 1
2103 9 1
2972 9 1
2098 9 1
2769 9 1
1069 9 1
410 9 1
500 9 1
211 9 1
1893 9 1
454 9 1
3005 9 1
320 9 1
2543 9 1
2621 9 1
2414 9 1
701 9 1
1962 9 1
1561 9 1
2399 9 1
1609 9 1
2873 9 1
761 9 1
293 9 1
3580 9 1
2119 9 1
3051 9 1
2728 9 1
2607 9 1
3758 9 1
2237 9 1
1995 9 1
2226 9 1
942 9 1
3559 9 1
3620 9 1
3076 9 1
681 9 1
3666 9 1
2302 9 1
1357 9 1
3277 9 1
3098 9 1
1520 9 1
3031 9 1
1413 9 1
2757 9 1
3537 9 1
3530 9 1
2902 9 1
29 9 1
2409 9 1
2898 9 1
2500 9 1
1429 9 1
3028 9 1
1685 9 1
2905 9 1
1885 9 1
2772 9 1
2024 9 1
1799 9 1
355 9 1
3839 9 1
3117 9 1
3380 9 1
2488 9 1
984 9 1
2821 9 1
1060 9 1
722 10 1
38 10 1
1356 10 1
737 10 1
432 10 1
985 10 1
1546 10 1
2833 10 1
467 10 1
1622 10 1
2828 10 1
995 10 1
786 10 1
1191 10 1
3716 10 1
3638 10 1
3143 10 1
2463 10 1
1384 10 1
2158 10 1
2393 10 1
3597 10 1
3413 10 1
1421 10 1
136 10 1
2370 10 1
2022 10 1
676 10 1
1004 10 1
2461 10 1
464 10 1
3832 10 1
1663 10 1
1249 10 1
3014 10 1
1028 10 1
1231 10 1
1133 10 1
533 10 1
2328 10 1
870 10 1
2622 10 1
3826 10 1
558 10 1
2740 10 1
1007 10 1
1898 10 1
428 10 1
731 10 1
2196 10 1
3161 10 1
796 10 1
418 10 1
2202 10 1
3625 10 1
2882 10 1
1233 10 1
3679 10 1
2077 10 1
2018 10 1
2867 10 1
1703 10 1
1241 10 1
3015 10 1
3786 10 1
1778 10 1
435 10 1
1997 10 1
1965 10 1
1674 10 1
1222 10 1
3826 10 1
1140 10 1
1299 10 1
1915 10 1
2879 10 1
1612 10 1
49 10 1
3717 10 1
3200 10 1
3414 10 1
3444 10 1
966 10 1
1258 10 1
2 10 1
1073 10 1
3592 10 1
2560 10 1
1913 10 1
3421 10 1
2322 10 1
2188 10 1
1577 10 1
1589 10 1
357 10 1
824 10 1
2146 10 1
458 10 1
3703 10 1
1826 10 1
3396 10 1
1581 10 1
671 10 1
2351 10 1
1234 10 1
626 10 1
3345 10 1
3764 10 1
2915 10 1
3601 10 1
1520 10 1
3660 10 1
2125 10 1
3014 10 1
1307 10 1
1097 10 1
756 10 1
2857 10 1
2545 10 1
3273 10 1
2530 10 1
3001 10 1
1794 10 1
680 10 1
3024 10 1
3331 10 1
739 10 1
3590 10 1
1062 10 1
2335 10 1
2255 10 1
2896 10 1
3605 10 1
2036 10 1
3081 10 1
1824 10 1
1068 10 1
1771 10 1
2032 10 1
3732 10 1
3775 10 1
680 10 1
603 10 1
2932 10 1
604 10 1
1622 10 1
1631 10 1
2152 10 1
833 10 1
3427 10 1
3506 10 1
2851 10 1
283 10 1
3269 10 1
804 10 1
3469 10 1
86 10 1
1932 10 1
427 10 1
2992 10 1
1656 10 1
1477 10 1
1587 10 1
1888 10 1
3170 10 1
1090 10 1
3380 10 1
2290 10 1
2944 10 1
502 10 1
3477 10 1
628 10 1
1548 10 1
332 10 1
143 10 1
3622 10 1
1989 10 1
2690 10 1
1990 10 1
3582 10 1
50 10 1
1323 10 1
193 10 1
1005 10 1
3590 10 1
1867 10 1
3830 10 1
442 10 1
3681 10 1
2751 10 1
2015 10 1
3344 10 1
2751 10 1
2190 10 1
3030 10 1
2486 10 1
3157 10 1
2412 10 1
1464 10 1
1446 10 1
2582 10 1
2594 10 1
215 10 1
859 10 1
2260 10 1
3223 10 1
3077 10 1
1586 10 1
2350 10 1
1208 10 1
1392 10 1
2319 10 1
39 10 1
1710 10 1
1397 10 1
279 10 1
3534 10 1
1179 10 1
3497 10 1
1370 10 1
886 10 1
2638 10 1
3204 10 1
3396 10 1
3230 10 1
3205 10 1
2251 10 1
3486 10 1
3324 10 1
2193 10 1
3031 10 1
3485 10 1
3495 10 1
1157 10 1
3492 10 1
377 10 1
1178 10 1
1253 10 1
2068 10 1
185 10 1
1760 10 1
588 10 1
1214 10 1
312 10 1
3248 10 1
2367 10 1
1543 10 1
963 10 1
2933 10 1
1710 10 1
2891 10 1
1736 10 1
1821 10 1
583 10 1
2998 10 1
1419 10 1
3463 10 1
661 10 1
2227 10 1
2300 10 1
2048 10 1
1513 10 1
2092 10 1
2682 10 1
2428 10 1
1662 10 1
2180 10 1
2779 10 1
447 10 1
2260 10 1
1391 10 1
2186 10 1
572 10 1
2996 10 1
1911 10 1
1778 10 1
2638 10 1
1716 10 1
2113 10 1
3766 10 1
1095 10 1
2672 10 1
1080 10 1
777 10 1
1419 10 1
2722 10 1
302 10 1
3303 10 1
1404 10 1
2139 10 1
2030 10 1
1425 10 1
3271 10 1
1989 10 1
2334 10 1
1332 10 1
1785 10 1
887 10 1
1100 10 1
1688 10 1
2388 10 1
1639 10 1
3388 10 1
1356 10 1
3419 10 1
3846 10 1
196 10 1
1026 10 1
2661 10 1
858 10 1
2214 10 1
909 10 1
1762 10 1
1542 10 1
2072 10 1
1661 10 1
15 10 1
279 10 1
2898 10 1
2594 10 1
1976 10 1
2316 10 1
1696 10 1
2919 10 1
969 10 1
3383 10 1
369 10 1
3777 10 1
638 10 1
3696 10 1
1146 10 1
2924 10 1
3780 10 1
825 10 1
2300 10 1
2787 10 1
2816 10 1
1595 10 1
3482 10 1
289 10 1
1083 10 1
2978 10 1
232 10 1
3029 10 1
3793 10 1
2408 10 1
3622 11 1
2066 11 1
66 11 1
2380 11 1
2882 11 1
213 11 1
2804 11 1
2128 11 1
3041 11 1
3296 11 1
3721 11 1
2945 11 1
592 11 1
3488 11 1
1957 11 1
1528 11 1
1873 11 1
545 11 1
3677 11 1
777 11 1
2480 11 1
979 11 1
939 11 1
2238 11 1
1653 11 1
3797 11 1
3045 11 1
1691 11 1
746 11 1
1622 11 1
382 11 1
1671 11 1
2937 11 1
2522 11 1
3537 11 1
2646 11 1
3021 11 1
1897 11 1
1193 11 1
2089 11 1
3770 11 1
2825 11 1
3295 11 1
741 11 1
1449 11 1
1996 11 1
1693 11 1
3033 11 1
742 11 1
2280 11 1
1850 11 1
2155 11 1
151 11 1
3072 11 1
391 11 1
1496 11 1
1932 11 1
1947 11 1
3536 11 1
1595 11 1
1182 11 1
2978 11 1
1844 11 1
1625 11 1
3191 11 1
23 11 1
1248 11 1
3791 11 1
3140 11 1
2466 11 1
2927 11 1
2021 11 1
2842 11 1
3309 11 1
3558 11 1
3824 11 1
524 11 1
655 11 1
3457 11 1
1121 11 1
983 11 1
3586 11 1
1118 11 1
2920 11 1
1019 11 1
1316 11 1
1951 11 1
1278 11 1
3540 11 1
1336 11 1
3478 11 1
2496 11 1
3627 11 1
1519 11 1
3027 11 1
1142 11 1
1857 11 1
471 11 1
3082 11 1
1916 11 1
212 11 1
3446 11 1
1725 11 1
1517 11 1
1646 11 1
3558 11 1
772 11 1
2274 11 1
976 11 1
2977 11 1
2757 11 1
1689 11 1
1612 11 1
2955 11 1
912 11 1
3678 11 1
1434 11 1
3809 11 1
1545 11 1
929 11 1
2619 11 1
951 11 1
1234 11 1
1834 11 1
3439 11 1
3765 11 1
1115 11 1
3681 11 1
2235 11 1
2463 11 1
1697 11 1
1286 11 1
41 11 1
558 11 1
2272 11 1
2839 11 1
41 11 1
1608 11 1
524 11 1
385 11 1
2767 11 1
3385 11 1
1771 11 1
3371 11 1
438 11 1
1921 11 1
35 11 1
2034 11 1
3276 11 1
589 11 1
1175 11 1
2451 11 1
3401 11 1
3320 11 1
3508 11 1
3205 11 1
3495 11 1
1915 11 1
889 11 1
2630 11 1
3558 11 1
2181 11 1
3460 11 1
2789 11 1
2364 11 1
2167 11 1
2660 11 1
1555 11 1
2001 11 1
114 11 1
2937 11 1
3717 11 1
392 11 1
686 11 1
110 11 1
688 11 1
2265 11 1
3407 11 1
1085 11 1
3209 11 1
2435 11 1
1417 11 1
423 11 1
2937 11 1
975 11 1
2542 11 1
2868 11 1
649 11 1
1807 11 1
664 11 1
3072 11 1
1109 11 1
2597 11 1
3730 11 1
1643 11 1
3415 11 1
3576 11 1
2215 11 1
1954 11 1
642 11 1
917 11 1
3120 11 1
1049 11 1
886 11 1
3755 11 1
3219 11 1
1868 11 1
2853 11 1
2241 11 1
2041 11 1
3210 11 1
3440 11 1
2429 11 1
2081 11 1
1540 11 1
1324 11 1
490 11 1
3033 11 1
702 11 1
3095 11 1
1711 11 1
3087 11 1
252 11 1
1233 11 1
3244 11 1
2187 11 1
1850 11 1
2532 11 1
2927 11 1
3811 11 1
3263 11 1
2822 11 1
1293 11 1
1836 11 1
2446 11 1
1631 11 1
139 11 1
34 11 1
1777 11 1
3065 11 1
806 11 1
495 11 1
2013 11 1
3484 11 1
3148 11 1
1042 11 1
3461 11 1
3677 11 1
3264 11 1
2944 11 1
2730 11 1
1323 11 1
1591 11 1
3062 11 1
864 11 1
151 11 1
2336 11 1
3603 11 1
1347 11 1
2132 11 1
850 11 1
3817 11 1
973 11 1
2204 11 1
1817 11 1
3767 11 1
2464 11 1
3141 11 1
2314 11 1
1811 11 1
1734 11 1
661 11 1
1214 11 1
1618 11 1
2064 11 1
2168 11 1
1899 11 1
293 11 1
296 11 1
1909 11 1
739 11 1
2247 11 1
2453 11 1
2258 11 1
646 11 1
1021 11 1
1229 11 1
1982 11 1
729 11 1
1021 11 1
2634 11 1
2905 11 1
1932 11 1
148 11 1
1680 11 1
1240 11 1
3307 11 1
2753 11 1
911 11 1
949 11 1
2608 11 1
1046 11 1
3367 11 1
27 11 1
1415 11 1
263 11 1
1292 11 1
2355 11 1
479 11 1
1153 11 1
1305 11 1
1818 11 1
1378 11 1
3499 11 1
1116 11 1
1981 11 1
3534 11 1
1763 11 1
2576 11 1
412 11 1
2283 11 1
3262 11 1
3813 11 1
3149 11 1
3768 11 1
2893 11 1
1450 11 1
1837 11 1
1564 11 1
1831 11 1
2153 11 1
3619 11 1
25 11 1
3268 11 1
2971 11 1
3285 11 1
2797 11 1
1545 11 1
1895 11 1
3246 11 1
1799 11 1
3239 11 1
3105 11 1
848 11 1
2674 11 1
2985 11 1
2379 12 1
3179 12 1
2337 12 1
311 12 1
1568 12 1
183 12 1
247 12 1
3439 12 1
2751 12 1
1106 12 1
1127 12 1
2268 12 1
2885 12 1
833 12 1
1511 12 1
623 12 1
3110 12 1
301 12 1
3545 12 1
2650 12 1
1350 12 1
1954 12 1
2633 12 1
738 12 1
3162 12 1
953 12 1
1350 12 1
1701 12 1
758 12 1
774 12 1
2429 12 1
358 12 1
982 12 1
2816 12 1
2876 12 1
2561 12 1
1405 12 1
1729 12 1
3448 12 1
45 12 1
2957 12 1
704 12 1
868 12 1
1991 12 1
1658 12 1
78 12 1
371 12 1
3611 12 1
1447 12 1
2197 12 1
3486 12 1
2133 12 1
3613 12 1
2114 12 1
3610 12 1
2726 12 1
82 12 1
1450 12 1
3667 12 1
3466 12 1
2828 12 1
628 12 1
2382 12 1
1990 12 1
1340 12 1
426 12 1
1249 12 1
2541 12 1
2741 12 1
207 12 1
1493 12 1
1272 12 1
1532 12 1
245 12 1
1268 12 1
3349 12 1
1357 12 1
1819 12 1
1118 12 1
3106 12 1
1587 12 1
3070 12 1
2865 12 1
1098 12 1
1903 12 1
1062 12 1
1448 12 1
2056 12 1
1376 12 1
3382 12 1
1753 12 1
1030 12 1
1338 12 1
406 12 1
3423 12 1
1216 12 1
993 12 1
3280 12 1
1173 12 1
3583 12 1
827 12 1
1642 12 1
556 12 1
590 12 1
1891 12 1
623 12 1
3347 12 1
796 12 1
2385 12 1
422 12 1
3041 12 1
1045 12 1
255 12 1
1861 12 1
3035 12 1
1564 12 1
2213 12 1
3088 12 1
2875 12 1
771 12 1
2182 12 1
2746 12 1
24 12 1
1920 12 1
3635 12 1
3798 12 1
2541 12 1
768 12 1
1440 12 1
1618 12 1
2628 12 1
2625 12 1
1287 12 1
2623 12 1
659 12 1
3076 12 1
2976 12 1
2475 12 1
2945 12 1
605 12 1
2217 12 1
3520 12 1
3167 12 1
788 12 1
2481 12 1
1259 12 1
253 12 1
1415 12 1
2761 12 1
919 12 1
3171 12 1
3229 12 1
3395 12 1
1531 12 1
3177 12 1
1494 12 1
3127 12 1
2696 12 1
657 12 1
1342 12 1
2267 12 1
3128 12 1
2201 12 1
3629 12 1
616 12 1
3086 12 1
1673 12 1
2733 12 1
3804 12 1
3360 12 1
2601 12 1
784 12 1
647 12 1
2991 12 1
2641 12 1
2238 12 1
3635 12 1
2167 12 1
530 12 1
1098 12 1
1819 12 1
713 12 1
3271 12 1
1270 12 1
1171 12 1
2690 12 1
2148 12 1
99 12 1
1332 12 1
3471 12 1
419 12 1
1080 12 1
406 12 1
1114 12 1
3578 12 1
954 12 1
2083 12 1
1145 12 1
3730 12 1
2631 12 1
3813 12 1
2885 12 1
3041 12 1
1311 12 1
2219 12 1
766 12 1
2266 12 1
2592 12 1
870 12 1
3709 12 1
2514 12 1
2775 12 1
1875 12 1
932 12 1
781 12 1
1336 12 1
3786 12 1
3465 12 1
1659 12 1
3417 12 1
1606 12 1
1167 12 1
3441 12 1
3511 12 1
3167 12 1
2039 12 1
2696 12 1
3308 12 1
683 12 1
1511 12 1
406 12 1
711 12 1
3264 12 1
397 12 1
3204 12 1
1790 12 1
3856 12 1
3149 12 1
2406 12 1
636 12 1
2369 12 1
574 12 1
2853 12 1
474 12 1
1841 12 1
1784 12 1
662 12 1
949 12 1
1932 12 1
3418 12 1
539 12 1
3280 12 1
1092 12 1
972 12 1
3337 12 1
3279 12 1
2957 12 1
1865 12 1
2314 12 1
1632 12 1
2459 12 1
1715 12 1
1466 12 1
668 12 1
2388 12 1
1685 12 1
1495 12 1
2473 12 1
2598 12 1
2039 12 1
320 12 1
2333 12 1
69 12 1
1450 12 1
822 12 1
3810 12 1
139 12 1
3650 12 1
2487 12 1
1486 12 1
474 12 1
3058 12 1
1685 12 1
3050 12 1
3093 12 1
284 12 1
3838 12 1
3544 12 1
217 12 1
2034 12 1
2203 12 1
3786 12 1
1127 12 1
2340 12 1
639 12 1
664 12 1
2086 12 1
3327 12 1
1267 12 1
3521 12 1
1830 12 1
3055 12 1
272 12 1
1656 12 1
1470 12 1
3248 12 1
2806 12 1
1732 12 1
483 12 1
2041 12 1
3382 12 1
3818 12 1
3781 12 1
3036 12 1
2355 12 1
1069 12 1
2901 12 1
2427 12 1
3474 12 1
3515 12 1
1993 12 1
961 12 1
744 12 1
1169 12 1
1433 12 1
2288 12 1
1938 12 1
1768 12 1
687 12 1
1545 12 1
540 12 1
1537 12 1
2447 12 1
2806 12 1
1898 12 1
779 12 1
2464 12 1
530 12 1
1031 12 1
1586 12 1
2675 12 1
3296 12 1
2145 12 1
3846 12 1
271 12 1
1313 12 1
105 13 1
209 13 1
414 13 1
2114 13 1
3100 13 1
282 13 1
319 13 1
2310 13 1
967 13 1
3417 13 1
427 13 1
3688 13 1
2425 13 1
788 13 1
651 13 1
2689 13 1
2724 13 1
2755 13 1
1740 13 1
2374 13 1
2113 13 1
2294 13 1
2157 13 1
870 13 1
3000 13 1
1316 13 1
2321 13 1
1089 13 1
3133 13 1
1475 13 1
456 13 1
270 13 1
1036 13 1
3652 13 1
565 13 1
723 13 1
2356 13 1
2345 13 1
811 13 1
974 13 1
930 13 1
723 13 1
856 13 1
3297 13 1
1071 13 1
1467 13 1
3652 13 1
1860 13 1
728 13 1
3008 13 1
1826 13 1
2681 13 1
3454 13 1
1812 13 1
2480 13 1
3552 13 1
2792 13 1
796 13 1
2447 13 1
3676 13 1
3784 13 1
247 13 1
3748 13 1
560 13 1
1937 13 1
2945 13 1
2122 13 1
3300 13 1
2026 13 1
1204 13 1
48 13 1
1588 13 1
2378 13 1
52 13 1
2499 13 1
3270 13 1
1948 13 1
1401 13 1
1367 13 1
3475 13 1
3652 13 1
3212 13 1
977 13 1
3097 13 1
2267 13 1
2673 13 1
698 13 1
683 13 1
756 13 1
1223 13 1
2003 13 1
3538 13 1
2388 13 1
3358 13 1
3629 13 1
959 13 1
3094 13 1
2213 13 1
2415 13 1
3449 13 1
2763 13 1
631 13 1
49 13 1
2461 13 1
388 13 1
2721 13 1
2171 13 1
1910 13 1
860 13 1
1272 13 1
256 13 1
1910 13 1
3071 13 1
2270 13 1
2980 13 1
1988 13 1
1904 13 1
1367 13 1
1777 13 1
3371 13 1
849 13 1
2081 13 1
2182 13 1
238 13 1
36 13 1
2339 13 1
1751 13 1
3811 13 1
3081 13 1
844 13 1
516 13 1
270 13 1
1464 13 1
3262 13 1
3794 13 1
2705 13 1
3064 13 1
3118 13 1
411 13 1
2679 13 1
2819 13 1
1249 13 1
758 13 1
2315 13 1
1999 13 1
2819 13 1
1262 13 1
3525 13 1
2464 13 1
1398 13 1
758 13 1
2122 13 1
1292 13 1
408 13 1
3565 13 1
3810 13 1
2416 13 1
3566 13 1
2345 13 1
1921 13 1
1259 13 1
1768 13 1
2537 13 1
3096 13 1
1134 13 1
1697 13 1
2827 13 1
2988 13 1
3323 13 1
1600 13 1
151 13 1
3214 13 1
245 13 1
3392 13 1
776 13 1
2276 13 1
2321 13 1
991 13 1
670 13 1
1527 13 1
2832 13 1
2246 13 1
489 13 1
2027 13 1
2907 13 1
1981 13 1
962 13 1
3191 13 1
2739 13 1
3815 13 1
1179 13 1
1503 13 1
1291 13 1
3786 13 1
2703 13 1
1266 13 1
2946 13 1
1967 13 1
3707 13 1
1279 13 1
128 13 1
2205 13 1
2687 13 1
3763 13 1
3281 13 1
2628 13 1
680 13 1
3139 13 1
2280 13 1
2207 13 1
3456 13 1
3773 13 1
2710 13 1
556 13 1
751 13 1
801 13 1
661 13 1
1548 13 1
3616 13 1
385 13 1
282 13 1
3332 13 1
2812 13 1
3277 13 1
2403 13 1
1387 13 1
985 13 1
486 13 1
705 13 1
2546 13 1
2626 13 1
3053 13 1
1332 13 1
1469 13 1
1538 13 1
3498 13 1
3628 13 1
561 13 1
1510 13 1
1163 13 1
2113 13 1
2478 13 1
1672 13 1
3375 13 1
3455 13 1
1709 13 1
3773 13 1
3241 13 1
1684 13 1
3197 13 1
3599 13 1
2071 13 1
2466 13 1
3385 13 1
579 13 1
2111 13 1
5 13 1
2951 13 1
716 13 1
3604 13 1
108 13 1
1428 13 1
527 13 1
675 13 1
1524 13 1
3505 13 1
2861 13 1
1603 13 1
1098 13 1
1804 13 1
606 13 1
2361 13 1
2351 13 1
252 13 1
471 13 1
2132 13 1
286 13 1
1918 13 1
845 13 1
3626 13 1
1052 13 1
2630 13 1
3066 13 1
3011 13 1
2163 13 1
548 13 1
973 13 1
1235 13 1
983 13 1
2206 13 1
3371 13 1
2392 13 1
1257 13 1
1145 13 1
3708 13 1
828 13 1
1361 13 1
3416 13 1
3127 13 1
176 13 1
330 13 1
1474 13 1
3666 13 1
435 13 1
2934 13 1
1491 13 1
3426 13 1
2829 13 1
1019 13 1
730 13 1
1767 13 1
1123 13 1
1351 13 1
3742 13 1
2465 13 1
2675 13 1
537 13 1
1832 13 1
3165 13 1
3220 13 1
2924 13 1
1802 13 1
326 13 1
539 13 1
170 13 1
2566 13 1
3315 13 1
662 13 1
2071 13 1
595 13 1
3309 13 1
1944 13 1
1738 13 1
1622 13 1
2106 13 1
1049 13 1
584 13 1
789 13 1
2502 13 1
2231 13 1
3092 13 1
2028 13 1
2765 13 1
1509 13 1
395 13 1
2494 13 1
1622 14 1
2752 14 1
1661 14 1
1642 14 1
2838 14 1
2259 14 1
3548 14 1
3810 14 1
1992 14 1
864 14 1
2269 14 1
3137 14 1
1562 14 1
3651 14 1
627 14 1
3518 14 1
3542 14 1
2579 14 1
105 14 1
2013 14 1
17 14 1
1814 14 1
1540 14 1
652 14 1
346 14 1
432 14 1
1479 14 1
1445 14 1
1394 14 1
1590 14 1
1149 14 1
2928 14 1
3066 14 1
1145 14 1
1571 14 1
3258 14 1
1710 14 1
2411 14 1
1954 14 1
2373 14 1
1309 14 1
3834 14 1
1019 14 1
901 14 1
776 14 1
2881 14 1
2612 14 1
2157 14 1
1393 14 1
1964 14 1
3536 14 1
232 14 1
3404 14 1
3652 14 1
1850 14 1
1300 14 1
205 14 1
3273 14 1
835 14 1
1770 14 1
2401 14 1
1589 14 1
2756 14 1
1049 14 1
261 14 1
3433 14 1
612 14 1
1733 14 1
1729 14 1
3515 14 1
2348 14 1
555 14 1
2776 14 1
519 14 1
92 14 1
3474 14 1
425 14 1
871 14 1
267 14 1
122 14 1
2662 14 1
3116 14 1
102 14 1
3757 14 1
1501 14 1
2055 14 1
399 14 1
1252 14 1
3144 14 1
156 14 1
3164 14 1
2335 14 1
1287 14 1
3078 14 1
3202 14 1
465 14 1
2408 14 1
2968 14 1
3553 14 1
380 14 1
2404 14 1
1031 14 1
2871 14 1
1391 14 1
1389 14 1
1854 14 1
1026 14 1
3611 14 1
661 14 1
1611 14 1
1061 14 1
1197 14 1
535 14 1
899 14 1
61 14 1
338 14 1
1634 14 1
3142 14 1
1565 14 1
2555 14 1
2078 14 1
3557 14 1
1811 14 1
3611 14 1
2565 14 1
3245 14 1
2843 14 1
1669 14 1
2641 14 1
3430 14 1
3777 14 1
613 14 1
1715 14 1
2491 14 1
1711 14 1
2491 14 1
857 14 1
2548 14 1
569 14 1
3637 14 1
192 14 1
49 14 1
1959 14 1
1329 14 1
265 14 1
304 14 1
2189 14 1
3765 14 1
50 14 1
937 14 1
895 14 1
3400 14 1
1414 14 1
788 14 1
649 14 1
2095 14 1
2423 14 1
1595 14 1
1490 14 1
2033 14 1
999 14 1
484 14 1
2182 14 1
2306 14 1
2281 14 1
1065 14 1
1150 14 1
2071 14 1
1899 14 1
2438 14 1
1897 14 1
2557 14 1
848 14 1
1562 14 1
2052 14 1
2918 14 1
742 14 1
2022 14 1
256 14 1
1287 14 1
2504 14 1
1738 14 1
3256 14 1
3381 14 1
1014 14 1
809 14 1
603 14 1
2387 14 1
3675 14 1
2813 14 1
2165 14 1
922 14 1
1848 14 1
716 14 1
1795 14 1
882 14 1
1243 14 1
2351 14 1
2994 14 1
2396 14 1
1936 14 1
1466 14 1
2253 14 1
2319 14 1
1493 14 1
2662 14 1
2281 14 1
713 14 1
580 14 1
1999 14 1
501 14 1
2234 14 1
3157 14 1
993 14 1
3119 14 1
2697 14 1
1552 14 1
3345 14 1
2634 14 1
654 14 1
1202 14 1
2744 14 1
2174 14 1
2346 14 1
797 14 1
1629 14 1
857 14 1
329 14 1
963 14 1
2610 14 1
2097 14 1
1283 14 1
3584 14 1
759 14 1
2463 14 1
2484 14 1
103 14 1
2438 14 1
107 14 1
219 14 1
384 14 1
1730 14 1
1297 14 1
3678 14 1
3556 14 1
2683 14 1
2729 14 1
500 14 1
3439 14 1
2611 14 1
3796 14 1
3772 14 1
1916 14 1
189 14 1
2400 14 1
4 14 1
1535 14 1
274 14 1
1842 14 1
3205 14 1
2779 14 1
1302 14 1
287 14 1
1112 14 1
3179 14 1
710 14 1
3464 14 1
637 14 1
741 14 1
855 14 1
1524 14 1
389 14 1
934 14 1
3772 14 1
1472 14 1
1869 14 1
298 14 1
2595 14 1
1556 14 1
954 14 1
176 14 1
1079 14 1
3045 14 1
2260 14 1
2027 14 1
971 14 1
1241 14 1
1080 14 1
2706 14 1
1302 14 1
3612 14 1
1441 14 1
2781 14 1
2001 14 1
2956 14 1
2424 14 1
3066 14 1
3340 14 1
2549 14 1
1798 14 1
874 14 1
610 14 1
1478 14 1
3003 14 1
247 14 1
1080 14 1
3600 14 1
546 14 1
1427 14 1
472 14 1
2968 14 1
3550 14 1
121 14 1
1528 14 1
475 14 1
3061 14 1
295 14 1
310 14 1
1377 14 1
131 14 1
823 14 1
198 14 1
1778 14 1
819 14 1
2409 14 1
1794 14 1
2114 14 1
1484 14 1
652 14 1
1217 14 1
28 14 1
17 14 1
1807 14 1
3530 14 1
1431 14 1
564 14 1
832 14 1
1720 14 1
1425 14 1
74 14 1
1368 14 1
1989 14 1
3125 14 1
1231 14 1
3593 14 1
2729 14 1
659 15 1
2296 15 1
2612 15 1
3706 15 1
913 15 1
2445 15 1
1047 15 1
1789 15 1
2476 15 1
3520 15 1
3155 15 1
1371 15 1
2478 15 1
2792 15 1
3453 15 1
1101 15 1
374 15 1
494 15 1
2222 15 1
1047 15 1
848 15 1
215 15 1
380 15 1
1336 15 1
1940 15 1
3529 15 1
3328 15 1
2664 15 1
3539 15 1
1588 15 1
326 15 1
3444 15 1
3499 15 1
2013 15 1
489 15 1
2416 15 1
3177 15 1
3772 15 1
1845 15 1
667 15 1
2603 15 1
328 15 1
1565 15 1
349 15 1
1624 15 1
3002 15 1
2680 15 1
1533 15 1
1744 15 1
3804 15 1
1107 15 1
2658 15 1
3278 15 1
2610 15 1
3432 15 1
3046 15 1
1161 15 1
359 15 1
2446 15 1
2079 15 1
3213 15 1
1742 15 1
3772 15 1
2266 15 1
3268 15 1
3476 15 1
1246 15 1
2502 15 1
1247 15 1
3580 15 1
3073 15 1
1294 15 1
2499 15 1
2239 15 1
3682 15 1
1962 15 1
2775 15 1
921 15 1
1324 15 1
3307 15 1
361 15 1
1569 15 1
1524 15 1
340 15 1
2229 15 1
2985 15 1
173 15 1
2806 15 1
1964 15 1
2855 15 1
3104 15 1
1449 15 1
625 15 1
1992 15 1
1263 15 1
680 15 1
2473 15 1
1576 15 1
2451 15 1
1816 15 1
376 15 1
256 15 1
2220 15 1
1668 15 1
2583 15 1
2896 15 1
778 15 1
1300 15 1
1269 15 1
742 15 1
2572 15 1
2659 15 1
3035 15 1
3304 15 1
3419 15 1
1050 15 1
2347 15 1
1971 15 1
1316 15 1
910 15 1
488 15 1
2920 15 1
504 15 1
2764 15 1
1887 15 1
1384 15 1
1607 15 1
3802 15 1
1908 15 1
1436 15 1
624 15 1
1099 15 1
1603 15 1
3353 15 1
702 15 1
762 15 1
2841 15 1
2905 15 1
1221 15 1
3317 15 1
1390 15 1
585 15 1
2471 15 1
2343 15 1
2714 15 1
2725 15 1
2378 15 1
1757 15 1
3691 15 1
1092 15 1
67 15 1
2654 15 1
1571 15 1
3754 15 1
1572 15 1
572 15 1
1801 15 1
245 15 1
1919 15 1
3147 15 1
2090 15 1
1343 15 1
1128 15 1
2550 15 1
3781 15 1
3042 15 1
1426 15 1
297 15 1
1291 15 1
1860 15 1
157 15 1
1287 15 1
2231 15 1
518 15 1
74 15 1
2400 15 1
3420 15 1
3023 15 1
756 15 1
2180 15 1
649 15 1
3160 15 1
244 15 1
1364 15 1
2508 15 1
1422 15 1
453 15 1
1184 15 1
118 15 1
3667 15 1
3820 15 1
3422 15 1
946 15 1
3504 15 1
3546 15 1
1766 15 1
3334 15 1
2783 15 1
104 15 1
1757 15 1
3462 15 1
751 15 1
514 15 1
2184 15 1
3104 15 1
2105 15 1
2538 15 1
2480 15 1
2665 15 1
2383 15 1
2732 15 1
2278 15 1
2752 15 1
3552 15 1
2829 15 1
599 15 1
1303 15 1
500 15 1
934 15 1
3606 15 1
3393 15 1
2338 15 1
1158 15 1
2711 15 1
999 15 1
3318 15 1
116 15 1
628 15 1
2897 15 1
82 15 1
626 15 1
1983 15 1
1272 15 1
2143 15 1
2695 15 1
3092 15 1
136 15 1
1830 15 1
2702 15 1
1414 15 1
1043 15 1
2096 15 1
209 15 1
2011 15 1
486 15 1
3700 15 1
401 15 1
3739 15 1
252 15 1
3102 15 1
2651 15 1
2179 15 1
2849 15 1
2454 15 1
2257 15 1
2231 15 1
3493 15 1
3506 15 1
899 15 1
1696 15 1
3598 15 1
2880 15 1
2004 15 1
2321 15 1
817 15 1
232 15 1
3596 15 1
1464 15 1
3136 15 1
3612 15 1
3077 15 1
2862 15 1
1141 15 1
2343 15 1
2497 15 1
3176 15 1
291 15 1
3696 15 1
1246 15 1
1074 15 1
2027 15 1
3005 15 1
1246 15 1
2900 15 1
107 15 1
1170 15 1
277 15 1
1194 15 1
1691 15 1
467 15 1
622 15 1
1369 15 1
137 15 1
3582 15 1
3628 15 1
2275 15 1
115 15 1
3112 15 1
1947 15 1
691 15 1
73 15 1
1144 15 1
2031 15 1
461 15 1
2449 15 1
3300 15 1
2493 15 1
428 15 1
3718 15 1
3785 15 1
3089 15 1
219 15 1
1886 15 1
2242 15 1
3443 15 1
3612 15 1
1000 15 1
3105 15 1
2927 15 1
3263 15 1
2394 15 1
1318 15 1
2035 15 1
396 15 1
1230 15 1
1868 15 1
358 15 1
2830 15 1
3111 15 1
3728 15 1
3727 15 1
2443 15 1
1799 15 1
197 15 1
2923 15 1
3799 15 1
379 15 1
1225 15 1
1431 15 1
2049 15 1
807 15 1
1185 15 1
3096 15 1
437 15 1
2613 15 1
203 15 1
2920 16 1
389 16 1
3356 16 1
1063 16 1
3688 16 1
3622 16 1
1060 16 1
234 16 1
2210 16 1
2773 16 1
129 16 1
1437 16 1
1491 16 1
3632 16 1
2537 16 1
3133 16 1
586 16 1
1334 16 1
3767 16 1
415 16 1
975 16 1
889 16 1
3473 16 1
1432 16 1
3020 16 1
1966 16 1
1120 16 1
57 16 1
2946 16 1
1661 16 1
79 16 1
1031 16 1
2055 16 1
1103 16 1
1753 16 1
2174 16 1
369 16 1
2547 16 1
3362 16 1
3095 16 1
1111 16 1
1647 16 1
9 16 1
2184 16 1
2810 16 1
3231 16 1
2383 16 1
201 16 1
2267 16 1
3375 16 1
706 16 1
1159 16 1
471 16 1
1649 16 1
711 16 1
3543 16 1
1513 16 1
3105 16 1
199 16 1
212 16 1
2926 16 1
2084 16 1
1436 16 1
2455 16 1
90 16 1
2381 16 1
897 16 1
3360 16 1
2708 16 1
2876 16 1
3274 16 1
498 16 1
1398 16 1
379 16 1
1660 16 1
733 16 1
136 16 1
778 16 1
2920 16 1
3575 16 1
2650 16 1
1584 16 1
2976 16 1
2577 16 1
3486 16 1
3431 16 1
1995 16 1
1693 16 1
618 16 1
2409 16 1
2561 16 1
236 16 1
1032 16 1
2981 16 1
1382 16 1
3776 16 1
370 16 1
2230 16 1
3554 16 1
3221 16 1
2924 16 1
531 16 1
540 16 1
297 16 1
32 16 1
2716 16 1
1957 16 1
1258 16 1
3150 16 1
2304 16 1
2996 16 1
1461 16 1
2089 16 1
1614 16 1
619 16 1
100 16 1
1796 16 1
1645 16 1
1033 16 1
292 16 1
2715 16 1
2212 16 1
3651 16 1
1001 16 1
2735 16 1
3796 16 1
3516 16 1
136 16 1
963 16 1
1872 16 1
1488 16 1
1766 16 1
3109 16 1
950 16 1
1383 16 1
2795 16 1
2321 16 1
1419 16 1
1739 16 1
857 16 1
2850 16 1
1989 16 1
1969 16 1
2300 16 1
244 16 1
2715 16 1
887 16 1
3728 16 1
2991 16 1
2202 16 1
665 16 1
3727 16 1
532 16 1
1693 16 1
199 16 1
1579 16 1
2632 16 1
926 16 1
3474 16 1
2438 16 1
373 16 1
778 16 1
1996 16 1
3859 16 1
2722 16 1
3036 16 1
1283 16 1
1947 16 1
1626 16 1
2507 16 1
837 16 1
3426 16 1
819 16 1
3082 16 1
2557 16 1
2686 16 1
3778 16 1
1874 16 1
2360 16 1
129 16 1
1307 16 1
3617 16 1
2958 16 1
1912 16 1
109 16 1
2541 16 1
459 16 1
819 16 1
2988 16 1
1037 16 1
1642 16 1
2760 16 1
1484 16 1
232 16 1
1548 16 1
2524 16 1
1693 16 1
2559 16 1
3532 16 1
2649 16 1
2451 16 1
3233 16 1
3290 16 1
928 16 1
3477 16 1
2229 16 1
1141 16 1
1665 16 1
932 16 1
2237 16 1
515 16 1
3761 16 1
3479 16 1
1405 16 1
1288 16 1
348 16 1
2303 16 1
2258 16 1
149 16 1
2208 16 1
2456 16 1
274 16 1
1408 16 1
1032 16 1
1151 16 1
2077 16 1
1904 16 1
1433 16 1
1464 16 1
1814 16 1
2834 16 1
2677 16 1
3379 16 1
3529 16 1
2203 16 1
1006 16 1
1484 16 1
2233 16 1
1645 16 1
3617 16 1
1534 16 1
317 16 1
3363 16 1
2220 16 1
3855 16 1
1551 16 1
3642 16 1
1833 16 1
3106 16 1
1196 16 1
522 16 1
870 16 1
2540 16 1
42 16 1
3617 16 1
1203 16 1
3858 16 1
2973 16 1
534 16 1
697 16 1
513 16 1
3329 16 1
1931 16 1
2508 16 1
1658 16 1
1201 16 1
296 16 1
814 16 1
1153 16 1
3056 16 1
1324 16 1
833 16 1
756 16 1
459 16 1
2429 16 1
2231 16 1
2615 16 1
2436 16 1
2203 16 1
3727 16 1
3107 16 1
2526 16 1
3369 16 1
1354 16 1
2882 16 1
3636 16 1
1790 16 1
2032 16 1
2001 16 1
152 16 1
2462 16 1
2658 16 1
3186 16 1
2787 16 1
3484 16 1
2787 16 1
884 16 1
3527 16 1
261 16 1
1305 16 1
2508 16 1
969 16 1
243 16 1
198 16 1
1647 16 1
2314 16 1
632 16 1
2914 16 1
2787 16 1
1132 16 1
2896 16 1
50 16 1
3841 16 1
1810 16 1
1487 16 1
1320 16 1
283 16 1
1726 16 1
3720 16 1
2180 16 1
1132 16 1
682 16 1
1832 16 1
3482 16 1
1498 16 1
616 16 1
246 16 1
547 16 1
2204 16 1
1901 16 1
3173 16 1
147 16 1
169 16 1
1221 16 1
2372 16 1
1037 16 1
2771 16 1
3606 16 1
2057 16 1
371 16 1
290 16 1
733 16 1
3641 16 1
762 16 1
159 16 1
2340 16 1
58 17 1
2180 17 1
3641 17 1
2138 17 1
2945 17 1
3351 17 1
585 17 1
172 17 1
2004 17 1
324 17 1
117 17 1
1250 17 1
3697 17 1
3523 17 1
2698 17 1
2902 17 1
3620 17 1
706 17 1
889 17 1
715 17 1
3747 17 1
2224 17 1
274 17 1
3032 17 1
2098 17 1
1880 17 1
1714 17 1
1738 17 1
878 17 1
775 17 1
1510 17 1
1454 17 1
2592 17 1
1286 17 1
653 17 1
3146 17 1
860 17 1
1354 17 1
262 17 1
3142 17 1
1017 17 1
289 17 1
3487 17 1
3390 17 1
2111 17 1
3034 17 1
3059 17 1
2751 17 1
1524 17 1
3227 17 1
1517 17 1
1595 17 1
624 17 1
1355 17 1
653 17 1
2268 17 1
708 17 1
2820 17 1
633 17 1
15 17 1
1117 17 1
1423 17 1
237 17 1
1771 17 1
1219 17 1
2709 17 1
1632 17 1
3374 17 1
2954 17 1
2053 17 1
3081 17 1
429 17 1
544 17 1
1309 17 1
2739 17 1
2220 17 1
466 17 1
3851 17 1
492 17 1
1364 17 1
2305 17 1
3118 17 1
473 17 1
1448 17 1
3847 17 1
3557 17 1
3755 17 1
1672 17 1
1987 17 1
1314 17 1
1563 17 1
3795 17 1
1031 17 1
2891 17 1
1488 17 1
81 17 1
652 17 1
2872 17 1
2816 17 1
1394 17 1
1390 17 1
742 17 1
41 17 1
2252 17 1
992 17 1
2653 17 1
476 17 1
872 17 1
2514 17 1
599 17 1
2391 17 1
474 17 1
3684 17 1
2979 17 1
1223 17 1
2338 17 1
1098 17 1
3646 17 1
136 17 1
2655 17 1
550 17 1
553 17 1
23 17 1
396 17 1
1523 17 1
527 17 1
2456 17 1
1940 17 1
2123 17 1
523 17 1
910 17 1
1677 17 1
2692 17 1
3540 17 1
2615 17 1
273 17 1
2210 17 1
303 17 1
424 17 1
723 17 1
2567 17 1
1608 17 1
1108 17 1
1011 17 1
2709 17 1
1095 17 1
3295 17 1
3825 17 1
1358 17 1
1600 17 1
3845 17 1
272 17 1
308 17 1
3823 17 1
1808 17 1
262 17 1
2128 17 1
3626 17 1
2571 17 1
1194 17 1
14 17 1
375 17 1
2413 17 1
2523 17 1
1267 17 1
3591 17 1
3699 17 1
875 17 1
3187 17 1
1740 17 1
3237 17 1
2274 17 1
3305 17 1
3589 17 1
2240 17 1
1824 17 1
1513 17 1
2642 17 1
567 17 1
416 17 1
3701 17 1
2015 17 1
3324 17 1
3230 17 1
1323 17 1
3754 17 1
1726 17 1
2686 17 1
3465 17 1
3430 17 1
222 17 1
3520 17 1
2294 17 1
1917 17 1
1270 17 1
289 17 1
2414 17 1
946 17 1
1786 17 1
105 17 1
433 17 1
2171 17 1
3675 17 1
1405 17 1
1852 17 1
302 17 1
3599 17 1
1559 17 1
2829 17 1
1819 17 1
1996 17 1
3270 17 1
2418 17 1
3461 17 1
2371 17 1
1237 17 1
2668 17 1
2847 17 1
2413 17 1
2559 17 1
3175 17 1
1028 17 1
1137 17 1
3032 17 1
262 17 1
1096 17 1
3686 17 1
1252 17 1
2567 17 1
2526 17 1
2843 17 1
1708 17 1
2990 17 1
636 17 1
844 17 1
230 17 1
403 17 1
1906 17 1
2513 17 1
1285 17 1
2781 17 1
1980 17 1
1103 17 1
3182 17 1
2989 17 1
1676 17 1
2424 17 1
560 17 1
799 17 1
1539 17 1
1906 17 1
3172 17 1
1998 17 1
724 17 1
1946 17 1
2084 17 1
3308 17 1
3352 17 1
2810 17 1
2242 17 1
1207 17 1
1925 17 1
31 17 1
603 17 1
1429 17 1
121 17 1
2671 17 1
3337 17 1
897 17 1
1858 17 1
1194 17 1
1456 17 1
333 17 1
3537 17 1
2113 17 1
3648 17 1
3798 17 1
3570 17 1
791 17 1
3570 17 1
1542 17 1
1097 17 1
3390 17 1
3460 17 1
1583 17 1
2467 17 1
2275 17 1
2876 17 1
2258 17 1
3231 17 1
1484 17 1
1464 17 1
2571 17 1
697 17 1
2290 17 1
1911 17 1
3659 17 1
918 17 1
523 17 1
3386 17 1
1881 17 1
497 17 1
2621 17 1
3142 17 1
495 17 1
3677 17 1
1583 17 1
2539 17 1
983 17 1
1176 17 1
1346 17 1
2151 17 1
1171 17 1
2695 17 1
724 17 1
1041 17 1
1984 17 1
1142 17 1
1966 17 1
562 17 1
623 17 1
460 17 1
1129 17 1
2682 17 1
3604 17 1
3590 17 1
2083 17 1
3654 17 1
3504 17 1
2241 17 1
249 17 1
842 17 1
1998 17 1
1054 17 1
3553 17 1
360 17 1
1997 17 1
3853 17 1
2770 17 1
535 17 1
498 17 1
3550 17 1
3620 17 1
3855 17 1
3099 17 1
2543 17 1
2385 18 1
1818 18 1
3438 18 1
406 18 1
587 18 1
2817 18 1
3515 18 1
2947 18 1
2192 18 1
3674 18 1
1035 18 1
1381 18 1
2542 18 1
2296 18 1
777 18 1
2133 18 1
2669 18 1
2455 18 1
2263 18 1
2335 18 1
1948 18 1
3859 18 1
2052 18 1
1403 18 1
2418 18 1
970 18 1
1581 18 1
547 18 1
1836 18 1
1385 18 1
506 18 1
1169 18 1
1170 18 1
2934 18 1
3016 18 1
3406 18 1
3438 18 1
3525 18 1
3798 18 1
359 18 1
394 18 1
2239 18 1
1913 18 1
1282 18 1
478 18 1
1242 18 1
248 18 1
229 18 1
1530 18 1
1203 18 1
477 18 1
3356 18 1
3279 18 1
2366 18 1
2186 18 1
3208 18 1
3486 18 1
1516 18 1
1708 18 1
246 18 1
3545 18 1
1333 18 1
2872 18 1
2485 18 1
2464 18 1
1291 18 1
1749 18 1
361 18 1
2914 18 1
852 18 1
340 18 1
3859 18 1
435 18 1
3036 18 1
367 18 1
3674 18 1
884 18 1
1410 18 1
3259 18 1
903 18 1
797 18 1
2549 18 1
3082 18 1
1022 18 1
2329 18 1
1375 18 1
2170 18 1
3308 18 1
1645 18 1
3390 18 1
2720 18 1
2893 18 1
2791 18 1
2811 18 1
3026 18 1
2293 18 1
1849 18 1
922 18 1
1859 18 1
1483 18 1
2123 18 1
2378 18 1
2770 18 1
1015 18 1
535 18 1
1602 18 1
302 18 1
1010 18 1
1761 18 1
1063 18 1
2835 18 1
284 18 1
641 18 1
3731 18 1
1025 18 1
91 18 1
241 18 1
2915 18 1
2122 18 1
334 18 1
1021 18 1
2662 18 1
3755 18 1
3778 18 1
3693 18 1
896 18 1
1410 18 1
3681 18 1
1194 18 1
3544 18 1
2481 18 1
3163 18 1
3542 18 1
2365 18 1
2892 18 1
1926 18 1
1336 18 1
3056 18 1
2143 18 1
3845 18 1
1828 18 1
598 18 1
2594 18 1
789 18 1
1405 18 1
2590 18 1
3538 18 1
2616 18 1
1332 18 1
1487 18 1
1887 18 1
3028 18 1
1493 18 1
2900 18 1
509 18 1
1787 18 1
2486 18 1
3282 18 1
620 18 1
847 18 1
3500 18 1
1106 18 1
2186 18 1
3175 18 1
233 18 1
398 18 1
1888 18 1
519 18 1
2454 18 1
1372 18 1
1314 18 1
714 18 1
919 18 1
3311 18 1
333 18 1
1832 18 1
1036 18 1
3676 18 1
2020 18 1
1776 18 1
847 18 1
1428 18 1
2781 18 1
3097 18 1
1064 18 1
2385 18 1
1339 18 1
3266 18 1
1190 18 1
77 18 1
3452 18 1
3820 18 1
230 18 1
3002 18 1
2422 18 1
1472 18 1
1269 18 1
3268 18 1
2161 18 1
3376 18 1
3505 18 1
494 18 1
923 18 1
3272 18 1
78 18 1
3343 18 1
2484 18 1
1029 18 1
3856 18 1
2614 18 1
1710 18 1
1713 18 1
2121 18 1
2081 18 1
1482 18 1
2455 18 1
1110 18 1
2033 18 1
2566 18 1
3562 18 1
1406 18 1
2853 18 1
2617 18 1
2796 18 1
376 18 1
2939 18 1
3249 18 1
1160 18 1
2502 18 1
1619 18 1
2329 18 1
1744 18 1
3608 18 1
3758 18 1
3025 18 1
1227 18 1
3705 18 1
3210 18 1
2316 18 1
220 18 1
128 18 1
82 18 1
1938 18 1
2205 18 1
2671 18 1
1848 18 1
276 18 1
2509 18 1
2676 18 1
2527 18 1
3113 18 1
2346 18 1
346 18 1
661 18 1
260 18 1
2815 18 1
1264 18 1
598 18 1
771 18 1
3754 18 1
32 18 1
3051 18 1
2340 18 1
104 18 1
753 18 1
3605 18 1
3151 18 1
1479 18 1
3597 18 1
3221 18 1
3392 18 1
235 18 1
2195 18 1
3474 18 1
3381 18 1
3568 18 1
1864 18 1
2340 18 1
102 18 1
1336 18 1
2587 18 1
2463 18 1
1844 18 1
367 18 1
3346 18 1
378 18 1
3499 18 1
1323 18 1
2072 18 1
668 18 1
349 18 1
2544 18 1
3822 18 1
2951 18 1
1497 18 1
3844 18 1
1701 18 1
799 18 1
1902 18 1
1816 18 1
1389 18 1
1171 18 1
2618 18 1
948 18 1
27 18 1
3403 18 1
838 18 1
1872 18 1
1722 18 1
490 18 1
2603 18 1
2725 18 1
2584 18 1
3085 18 1
1228 18 1
3765 18 1
2303 18 1
1665 18 1
251 18 1
337 18 1
3787 18 1
2689 18 1
2978 18 1
920 18 1
1749 18 1
2228 18 1
1583 18 1
2536 18 1
331 18 1
2361 18 1
2994 18 1
3832 18 1
3743 18 1
482 18 1
3078 18 1
1527 18 1
2371 18 1
535 18 1
1647 18 1
3729 18 1
2707 18 1
745 18 1
3244 18 1
3067 18 1
795 18 1
926 18 1
1600 19 1
1042 19 1
3300 19 1
860 19 1
174 19 1
663 19 1
617 19 1
1996 19 1
1579 19 1
3467 19 1
3269 19 1
808 19 1
3295 19 1
2275 19 1
2106 19 1
1426 19 1
3016 19 1
3221 19 1
37 19 1
941 19 1
1906 19 1
3848 19 1
227 19 1
1915 19 1
2750 19 1
3574 19 1
724 19 1
576 19 1
3315 19 1
2082 19 1
2614 19 1
1177 19 1
2255 19 1
2215 19 1
839 19 1
2710 19 1
3670 19 1
3275 19 1
317 19 1
2594 19 1
2298 19 1
343 19 1
2413 19 1
2682 19 1
3139 19 1
437 19 1
1178 19 1
2244 19 1
890 19 1
119 19 1
2254 19 1
526 19 1
1592 19 1
854 19 1
1321 19 1
318 19 1
2654 19 1
1768 19 1
867 19 1
2074 19 1
2361 19 1
752 19 1
1624 19 1
1647 19 1
3376 19 1
3403 19 1
475 19 1
789 19 1
12 19 1
3759 19 1
3041 19 1
206 19 1
2005 19 1
1692 19 1
76 19 1
2045 19 1
1838 19 1
3514 19 1
2110 19 1
1016 19 1
3833 19 1
3725 19 1
914 19 1
3536 19 1
2469 19 1
2659 19 1
3284 19 1
1469 19 1
2134 19 1
1790 19 1
856 19 1
956 19 1
868 19 1
1913 19 1
1259 19 1
797 19 1
1202 19 1
234 19 1
1688 19 1
3202 19 1
599 19 1
575 19 1
105 19 1
1885 19 1
776 19 1
1615 19 1
2139 19 1
2393 19 1
3827 19 1
3418 19 1
528 19 1
677 19 1
3150 19 1
3274 19 1
2960 19 1
1851 19 1
1912 19 1
2302 19 1
2281 19 1
3019 19 1
1434 19 1
266 19 1
1960 19 1
3362 19 1
2664 19 1
1080 19 1
2011 19 1
1371 19 1
3507 19 1
132 19 1
1399 19 1
2073 19 1
3618 19 1
3734 19 1
1564 19 1
1634 19 1
2505 19 1
2453 19 1
563 19 1
3124 19 1
462 19 1
207 19 1
215 19 1
2508 19 1
1872 19 1
3013 19 1
439 19 1
2653 19 1
2475 19 1
1495 19 1
293 19 1
3006 19 1
329 19 1
870 19 1
3827 19 1
771 19 1
1146 19 1
2583 19 1
79 19 1
3743 19 1
2789 19 1
1381 19 1
2643 19 1
3243 19 1
945 19 1
2174 19 1
2968 19 1
1698 19 1
1963 19 1
1737 19 1
2065 19 1
345 19 1
2431 19 1
2531 19 1
769 19 1
260 19 1
287 19 1
1766 19 1
905 19 1
1049 19 1
2369 19 1
3829 19 1
2090 19 1
545 19 1
99 19 1
419 19 1
639 19 1
656 19 1
901 19 1
659 19 1
2138 19 1
189 19 1
876 19 1
1490 19 1
3349 19 1
1069 19 1
1108 19 1
2011 19 1
2207 19 1
735 19 1
3346 19 1
821 19 1
2849 19 1
3270 19 1
1988 19 1
3547 19 1
1268 19 1
3068 19 1
40 19 1
3184 19 1
964 19 1
1325 19 1
2571 19 1
1914 19 1
239 19 1
1413 19 1
886 19 1
864 19 1
2760 19 1
609 19 1
3265 19 1
1070 19 1
1281 19 1
164 19 1
701 19 1
3239 19 1
818 19 1
891 19 1
224 19 1
547 19 1
1170 19 1
1076 19 1
135 19 1
2197 19 1
1229 19 1
3152 19 1
1148 19 1
2303 19 1
1609 19 1
2561 19 1
1417 19 1
3520 19 1
685 19 1
3557 19 1
2126 19 1
2159 19 1
3250 19 1
3655 19 1
308 19 1
1905 19 1
3578 19 1
1460 19 1
656 19 1
812 19 1
3235 19 1
1114 19 1
3646 19 1
354 19 1
3050 19 1
3531 19 1
3557 19 1
1509 19 1
2879 19 1
2625 19 1
2373 19 1
500 19 1
721 19 1
1697 19 1
51 19 1
814 19 1
1617 19 1
2581 19 1
2907 19 1
3434 19 1
195 19 1
3728 19 1
3548 19 1
1315 19 1
21 19 1
1359 19 1
709 19 1
3559 19 1
594 19 1
1024 19 1
3830 19 1
1287 19 1
1525 19 1
665 19 1
2839 19 1
829 19 1
2439 19 1
3099 19 1
89 19 1
1342 19 1
913 19 1
1804 19 1
3147 19 1
1650 19 1
295 19 1
1107 19 1
2006 19 1
1417 19 1
2678 19 1
785 19 1
3442 19 1
3752 19 1
136 19 1
1790 19 1
1894 19 1
1189 19 1
1550 19 1
1385 19 1
1494 19 1
431 19 1
810 19 1
1076 19 1
591 19 1
2717 19 1
2042 19 1
1189 19 1
2336 19 1
971 19 1
170 19 1
3113 19 1
3248 19 1
1011 19 1
3766 19 1
898 19 1
899 19 1
2950 19 1
1088 19 1
1609 19 1
3310 19 1
2249 19 1
3694 19 1
3470 19 1
3508 19 1
1869 19 1
212 19 1
1763 19 1
2042 19 1
3498 19 1
3847 19 1
930 19 1
2916 19 1
2250 19 1
3739 20 1
3428 20 1
1018 20 1
1164 20 1
2485 20 1
1342 20 1
1020 20 1
1877 20 1
75 20 1
1188 20 1
2516 20 1
3328 20 1
2163 20 1
1930 20 1
2636 20 1
2517 20 1
2441 20 1
2850 20 1
3480 20 1
770 20 1
758 20 1
1541 20 1
2011 20 1
3110 20 1
1838 20 1
1224 20 1
3067 20 1
1974 20 1
3467 20 1
2800 20 1
3769 20 1
3399 20 1
3420 20 1
1938 20 1
2998 20 1
1619 20 1
949 20 1
3453 20 1
1944 20 1
1870 20 1
1849 20 1
177 20 1
3536 20 1
2521 20 1
1770 20 1
2060 20 1
2820 20 1
2378 20 1
2679 20 1
79 20 1
725 20 1
204 20 1
2810 20 1
2244 20 1
1812 20 1
1891 20 1
3004 20 1
1118 20 1
749 20 1
2271 20 1
2561 20 1
770 20 1
3596 20 1
2717 20 1
218 20 1
872 20 1
1847 20 1
3441 20 1
2917 20 1
649 20 1
2252 20 1
185 20 1
1954 20 1
2780 20 1
72 20 1
288 20 1
1389 20 1
3256 20 1
315 20 1
3497 20 1
1320 20 1
201 20 1
40 20 1
3458 20 1
3776 20 1
2730 20 1
2691 20 1
3268 20 1
955 20 1
3620 20 1
254 20 1
267 20 1
826 20 1
1897 20 1
2064 20 1
116 20 1
1631 20 1
2464 20 1
3544 20 1
263 20 1
3150 20 1
1103 20 1
160 20 1
2044 20 1
1377 20 1
3112 20 1
2651 20 1
1894 20 1
3221 20 1
1264 20 1
2193 20 1
2141 20 1
675 20 1
1599 20 1
1997 20 1
989 20 1
2335 20 1
1092 20 1
3236 20 1
1892 20 1
121 20 1
3500 20 1
1799 20 1
1072 20 1
3214 20 1
3639 20 1
652 20 1
635 20 1
777 20 1
1111 20 1
3725 20 1
568 20 1
1322 20 1
2359 20 1
1187 20 1
1085 20 1
276 20 1
3448 20 1
2044 20 1
21 20 1
1366 20 1
3217 20 1
2878 20 1
2285 20 1
1889 20 1
964 20 1
1649 20 1
1679 20 1
3826 20 1
679 20 1
3286 20 1
984 20 1
2368 20 1
2544 20 1
87 20 1
3056 20 1
3719 20 1
1588 20 1
3558 20 1
2734 20 1
1700 20 1
706 20 1
2099 20 1
2069 20 1
1117 20 1
809 20 1
3124 20 1
1931 20 1
3762 20 1
167 20 1
2691 20 1
1760 20 1
275 20 1
2098 20 1
30 20 1
116 20 1
3798 20 1
621 20 1
1289 20 1
1942 20 1
892 20 1
3654 20 1
3393 20 1
3009 20 1
1634 20 1
2314 20 1
297 20 1
2343 20 1
1268 20 1
2121 20 1
766 20 1
3511 20 1
790 20 1
2399 20 1
1449 20 1
1049 20 1
1115 20 1
942 20 1
3437 20 1
2664 20 1
2376 20 1
104 20 1
2915 20 1
1030 20 1
3795 20 1
1043 20 1
1357 20 1
3731 20 1
1475 20 1
2676 20 1
2020 20 1
949 20 1
1718 20 1
3761 20 1
3543 20 1
3248 20 1
1540 20 1
3129 20 1
2318 20 1
3382 20 1
1069 20 1
1224 20 1
1584 20 1
335 20 1
2064 20 1
3437 20 1
283 20 1
1688 20 1
2540 20 1
1333 20 1
709 20 1
1337 20 1
3401 20 1
2193 20 1
1592 20 1
913 20 1
1469 20 1
3287 20 1
2637 20 1
1629 20 1
191 20 1
1386 20 1
3833 20 1
1294 20 1
835 20 1
32 20 1
2248 20 1
2191 20 1
3443 20 1
1491 20 1
727 20 1
1718 20 1
1953 20 1
220 20 1
1954 20 1
903 20 1
3858 20 1
1100 20 1
3486 20 1
310 20 1
1200 20 1
3092 20 1
702 20 1
2220 20 1
3529 20 1
599 20 1
2994 20 1
3438 20 1
3331 20 1
2225 20 1
546 20 1
799 20 1
1239 20 1
2598 20 1
1840 20 1
460 20 1
959 20 1
588 20 1
2266 20 1
749 20 1
1094 20 1
213 20 1
2101 20 1
2762 20 1
2516 20 1
1517 20 1
18 20 1
1061 20 1
1707 20 1
2644 20 1
722 20 1
3051 20 1
1760 20 1
3032 20 1
385 20 1
3665 20 1
2510 20 1
1734 20 1
3149 20 1
2752 20 1
1879 20 1
3409 20 1
3464 20 1
902 20 1
359 20 1
2680 20 1
620 20 1
3822 20 1
1976 20 1
329 20 1
732 20 1
220 20 1
1904 20 1
3289 20 1
2533 20 1
2120 20 1
3632 20 1
2084 20 1
1751 20 1
2792 20 1
486 20 1
3045 20 1
3789 20 1
2616 20 1
2816 20 1
2611 20 1
1478 20 1
1680 20 1
1210 20 1
1883 20 1
3196 20 1
3094 20 1
2389 20 1
3599 20 1
1932 20 1
2102 20 1
3423 20 1
3248 20 1
1422 20 1
214 20 1
537 20 1
938 20 1
1907 20 1
208 20 1
2598 20 1
1896 20 1
1427 21 1
2771 21 1
2622 21 1
1053 21 1
2501 21 1
1643 21 1
2076 21 1
3523 21 1
2538 21 1
1321 21 1
68 21 1
1045 21 1
1519 21 1
2579 21 1
1898 21 1
2713 21 1
1589 21 1
1156 21 1
987 21 1
2713 21 1
1892 21 1
453 21 1
2698 21 1
709 21 1
1331 21 1
467 21 1
1365 21 1
3218 21 1
1990 21 1
2580 21 1
1165 21 1
2894 21 1
2510 21 1
586 21 1
3507 21 1
3416 21 1
1032 21 1
2618 21 1
2936 21 1
1688 21 1
925 21 1
1506 21 1
1000 21 1
3081 21 1
1579 21 1
1802 21 1
1871 21 1
446 21 1
1308 21 1
519 21 1
1633 21 1
2990 21 1
3162 21 1
2984 21 1
853 21 1
3254 21 1
3832 21 1
638 21 1
2826 21 1
2650 21 1
2370 21 1
3464 21 1
954 21 1
502 21 1
3341 21 1
3384 21 1
1257 21 1
541 21 1
690 21 1
422 21 1
389 21 1
982 21 1
1272 21 1
1334 21 1
3018 21 1
2092 21 1
1279 21 1
180 21 1
2225 21 1
1007 21 1
1005 21 1
2740 21 1
3771 21 1
214 21 1
3216 21 1
2288 21 1
1923 21 1
965 21 1
1979 21 1
2747 21 1
1531 21 1
49 21 1
918 21 1
127 21 1
2230 21 1
1929 21 1
3321 21 1
3332 21 1
3096 21 1
2751 21 1
2325 21 1
319 21 1
2072 21 1
3541 21 1
2288 21 1
910 21 1
2557 21 1
3380 21 1
1052 21 1
1873 21 1
3673 21 1
2025 21 1
1456 21 1
1181 21 1
1983 21 1
428 21 1
3754 21 1
2798 21 1
1698 21 1
3609 21 1
596 21 1
1592 21 1
842 21 1
2870 21 1
2811 21 1
3516 21 1
3387 21 1
744 21 1
1058 21 1
3547 21 1
2548 21 1
3623 21 1
1174 21 1
417 21 1
2853 21 1
2737 21 1
2089 21 1
3858 21 1
820 21 1
1554 21 1
47 21 1
1309 21 1
1264 21 1
2348 21 1
1984 21 1
380 21 1
1544 21 1
1990 21 1
1942 21 1
1190 21 1
2391 21 1
82 21 1
908 21 1
1754 21 1
3206 21 1
939 21 1
1580 21 1
939 21 1
1565 21 1
1440 21 1
1566 21 1
889 21 1
332 21 1
1434 21 1
2075 21 1
274 21 1
3008 21 1
2637 21 1
3436 21 1
907 21 1
363 21 1
179 21 1
2333 21 1
676 21 1
235 21 1
3692 21 1
3768 21 1
653 21 1
2944 21 1
863 21 1
1251 21 1
3126 21 1
3652 21 1
457 21 1
3267 21 1
2157 21 1
2820 21 1
1870 21 1
493 21 1
736 21 1
3264 21 1
1080 21 1
175 21 1
1127 21 1
1452 21 1
1560 21 1
2395 21 1
476 21 1
2815 21 1
3516 21 1
804 21 1
2105 21 1
1005 21 1
3513 21 1
1660 21 1
164 21 1
190 21 1
2784 21 1
242 21 1
994 21 1
3267 21 1
3472 21 1
3308 21 1
911 21 1
2665 21 1
1868 21 1
1027 21 1
72 21 1
730 21 1
902 21 1
3734 21 1
418 21 1
2811 21 1
1205 21 1
1408 21 1
244 21 1
245 21 1
3140 21 1
1193 21 1
3091 21 1
2912 21 1
2546 21 1
21 21 1
584 21 1
1581 21 1
308 21 1
413 21 1
1556 21 1
3786 21 1
2868 21 1
941 21 1
1488 21 1
3510 21 1
3647 21 1
1739 21 1
714 21 1
131 21 1
3695 21 1
121 21 1
1749 21 1
1719 21 1
3289 21 1
553 21 1
2068 21 1
3077 21 1
3045 21 1
1097 21 1
3675 21 1
1038 21 1
3322 21 1
705 21 1
3079 21 1
3033 21 1
2183 21 1
3423 21 1
1294 21 1
3539 21 1
1756 21 1
3544 21 1
2818 21 1
3206 21 1
1194 21 1
433 21 1
3026 21 1
1081 21 1
889 21 1
2769 21 1
2138 21 1
1727 21 1
2661 21 1
2799 21 1
3015 21 1
3042 21 1
416 21 1
1926 21 1
278 21 1
3037 21 1
2766 21 1
158 21 1
1323 21 1
73 21 1
3670 21 1
1469 21 1
551 21 1
1947 21 1
3010 21 1
1156 21 1
2854 21 1
3366 21 1
1430 21 1
1939 21 1
3119 21 1
534 21 1
2913 21 1
1230 21 1
2575 21 1
2934 21 1
1507 21 1
2872 21 1
3733 21 1
546 21 1
3516 21 1
3487 21 1
3847 21 1
1027 21 1
113 21 1
815 21 1
475 21 1
876 21 1
3389 21 1
608 21 1
2551 21 1
2395 21 1
2705 21 1
1356 21 1
3300 21 1
3164 21 1
3014 21 1
2854 21 1
1934 21 1
1592 21 1
3685 21 1
440 21 1
3205 21 1
2271 21 1
3404 21 1
2017 21 1
1130 21 1
1387 21 1
231 21 1
2307 21 1
2420 21 1
2609 21 1
1167 21 1
3201 21 1
2286 21 1
2389 22 1
2973 22 1
3674 22 1
3554 22 1
2154 22 1
663 22 1
3444 22 1
2201 22 1
352 22 1
3015 22 1
79 22 1
404 22 1
571 22 1
2328 22 1
286 22 1
1268 22 1
727 22 1
2518 22 1
3258 22 1
96 22 1
1260 22 1
2479 22 1
380 22 1
664 22 1
256 22 1
3087 22 1
3416 22 1
419 22 1
3707 22 1
532 22 1
459 22 1
2455 22 1
2294 22 1
633 22 1
2401 22 1
2930 22 1
2002 22 1
125 22 1
3282 22 1
3006 22 1
2077 22 1
991 22 1
2739 22 1
1455 22 1
1044 22 1
1570 22 1
1278 22 1
1704 22 1
3559 22 1
3548 22 1
2430 22 1
3432 22 1
1703 22 1
3137 22 1
2437 22 1
3579 22 1
3694 22 1
711 22 1
1355 22 1
2533 22 1
1998 22 1
3711 22 1
3542 22 1
2137 22 1
3357 22 1
1011 22 1
628 22 1
261 22 1
1364 22 1
252 22 1
1621 22 1
3444 22 1
3792 22 1
1261 22 1
3057 22 1
2182 22 1
2193 22 1
3468 22 1
3345 22 1
1212 22 1
2294 22 1
1271 22 1
3324 22 1
3559 22 1
3744 22 1
2015 22 1
284 22 1
1417 22 1
1261 22 1
3721 22 1
127 22 1
2828 22 1
3805 22 1
855 22 1
278 22 1
3455 22 1
2630 22 1
3418 22 1
3839 22 1
2935 22 1
2657 22 1
831 22 1
385 22 1
1633 22 1
1001 22 1
2046 22 1
332 22 1
3804 22 1
3783 22 1
1000 22 1
1420 22 1
3257 22 1
737 22 1
1887 22 1
3647 22 1
833 22 1
2317 22 1
2319 22 1
1081 22 1
2990 22 1
1622 22 1
3742 22 1
452 22 1
3271 22 1
2361 22 1
1091 22 1
1296 22 1
3857 22 1
409 22 1
1085 22 1
2216 22 1
1977 22 1
610 22 1
2692 22 1
1618 22 1
2231 22 1
1322 22 1
2337 22 1
2361 22 1
1606 22 1
1871 22 1
1434 22 1
3034 22 1
2230 22 1
926 22 1
1264 22 1
1391 22 1
272 22 1
1055 22 1
1927 22 1
3607 22 1
2060 22 1
2344 22 1
1387 22 1
849 22 1
1401 22 1
1933 22 1
103 22 1
1125 22 1
1824 22 1
2781 22 1
192 22 1
1442 22 1
371 22 1
2178 22 1
3050 22 1
3628 22 1
1674 22 1
575 22 1
3625 22 1
1791 22 1
334 22 1
1925 22 1
853 22 1
150 22 1
3483 22 1
1241 22 1
393 22 1
1504 22 1
1031 22 1
3546 22 1
3522 22 1
1530 22 1
772 22 1
1220 22 1
2194 22 1
1536 22 1
383 22 1
1310 22 1
2266 22 1
993 22 1
1808 22 1
1271 22 1
2356 22 1
435 22 1
1973 22 1
3713 22 1
2064 22 1
220 22 1
1418 22 1
446 22 1
3125 22 1
585 22 1
2678 22 1
2636 22 1
1473 22 1
1891 22 1
944 22 1
1051 22 1
3293 22 1
3541 22 1
2517 22 1
1909 22 1
1524 22 1
1512 22 1
2055 22 1
1047 22 1
995 22 1
1926 22 1
3654 22 1
1524 22 1
1808 22 1
3742 22 1
522 22 1
462 22 1
2401 22 1
2036 22 1
517 22 1
1792 22 1
3414 22 1
1815 22 1
958 22 1
2715 22 1
1063 22 1
366 22 1
1542 22 1
1000 22 1
2498 22 1
1367 22 1
830 22 1
1369 22 1
3801 22 1
960 22 1
3188 22 1
2254 22 1
1030 22 1
3367 22 1
1982 22 1
2213 22 1
2240 22 1
139 22 1
1608 22 1
608 22 1
3435 22 1
729 22 1
959 22 1
1835 22 1
54 22 1
1014 22 1
740 22 1
655 22 1
422 22 1
3628 22 1
1371 22 1
103 22 1
3793 22 1
2225 22 1
1753 22 1
3327 22 1
1021 22 1
361 22 1
1928 22 1
1590 22 1
3346 22 1
2956 22 1
2384 22 1
1143 22 1
913 22 1
3785 22 1
197 22 1
2804 22 1
976 22 1
2987 22 1
1844 22 1
390 22 1
3489 22 1
1284 22 1
3578 22 1
2343 22 1
637 22 1
2984 22 1
764 22 1
2155 22 1
3811 22 1
1798 22 1
3646 22 1
173 22 1
2991 22 1
2065 22 1
2751 22 1
974 22 1
2612 22 1
3823 22 1
3199 22 1
1987 22 1
3305 22 1
3627 22 1
3421 22 1
858 22 1
2346 22 1
2879 22 1
2971 22 1
1570 22 1
3175 22 1
392 22 1
2139 22 1
2440 22 1
1743 22 1
36 22 1
503 22 1
811 22 1
1249 22 1
3631 22 1
2177 22 1
1722 22 1
3346 22 1
1699 22 1
3579 22 1
3270 22 1
572 22 1
1107 22 1
1256 22 1
2900 22 1
2114 22 1
3670 22 1
30 22 1
3659 22 1
2419 22 1
714 22 1
1384 22 1
1112 22 1
1101 22 1
1543 22 1
270 22 1
158 22 1
530 22 1
2619 23 1
1662 23 1
3287 23 1
2043 23 1
3489 23 1
1073 23 1
3425 23 1
1147 23 1
3578 23 1
1194 23 1
3692 23 1
3666 23 1
386 23 1
2920 23 1
3576 23 1
1434 23 1
185 23 1
2964 23 1
950 23 1
3417 23 1
2176 23 1
3749 23 1
2830 23 1
866 23 1
2184 23 1
3831 23 1
1583 23 1
3097 23 1
2101 23 1
2284 23 1
903 23 1
1669 23 1
447 23 1
3103 23 1
897 23 1
1918 23 1
1581 23 1
2470 23 1
3779 23 1
846 23 1
1101 23 1
1782 23 1
2729 23 1
3359 23 1
387 23 1
1380 23 1
3152 23 1
877 23 1
2574 23 1
170 23 1
3648 23 1
1107 23 1
3478 23 1
1340 23 1
2557 23 1
886 23 1
2683 23 1
1893 23 1
3729 23 1
3754 23 1
249 23 1
3564 23 1
3125 23 1
2901 23 1
845 23 1
70 23 1
584 23 1
1152 23 1
1761 23 1
2079 23 1
3826 23 1
3148 23 1
1954 23 1
2620 23 1
3593 23 1
2406 23 1
161 23 1
1680 23 1
1436 23 1
559 23 1
1378 23 1
1723 23 1
2494 23 1
3812 23 1
265 23 1
975 23 1
553 23 1
2015 23 1
3698 23 1
1795 23 1
118 23 1
1139 23 1
3006 23 1
2650 23 1
1324 23 1
2775 23 1
587 23 1
2117 23 1
854 23 1
1026 23 1
2700 23 1
3358 23 1
480 23 1
2229 23 1
1067 23 1
538 23 1
2088 23 1
2981 23 1
3556 23 1
2461 23 1
1506 23 1
864 23 1
171 23 1
259 23 1
2719 23 1
356 23 1
2826 23 1
2890 23 1
938 23 1
63 23 1
777 23 1
1103 23 1
815 23 1
2656 23 1
3103 23 1
3529 23 1
2304 23 1
3 23 1
2396 23 1
2453 23 1
3490 23 1
2684 23 1
3133 23 1
3292 23 1
1197 23 1
2202 23 1
1962 23 1
3225 23 1
665 23 1
2304 23 1
298 23 1
3303 23 1
474 23 1
1487 23 1
120 23 1
184 23 1
1429 23 1
1386 23 1
2139 23 1
3352 23 1
2051 23 1
1301 23 1
3311 23 1
3350 23 1
971 23 1
2369 23 1
2081 23 1
3078 23 1
3645 23 1
685 23 1
3725 23 1
3271 23 1
2079 23 1
3082 23 1
3774 23 1
3246 23 1
229 23 1
1232 23 1
2352 23 1
2511 23 1
1068 23 1
2765 23 1
448 23 1
280 23 1
2020 23 1
1837 23 1
610 23 1
1871 23 1
110 23 1
2297 23 1
2707 23 1
381 23 1
2831 23 1
362 23 1
0 23 1
2698 23 1
1098 23 1
2598 23 1
1765 23 1
2522 23 1
2948 23 1
3238 23 1
3502 23 1
1261 23 1
1258 23 1
3179 23 1
1680 23 1
2413 23 1
593 23 1
2676 23 1
2185 23 1
1699 23 1
2809 23 1
2023 23 1
3083 23 1
359 23 1
3135 23 1
1205 23 1
2647 23 1
690 23 1
1318 23 1
2835 23 1
81 23 1
3596 23 1
858 23 1
2406 23 1
670 23 1
95 23 1
2235 23 1
2232 23 1
714 23 1
3509 23 1
1755 23 1
78 23 1
3652 23 1
3605 23 1
3750 23 1
1751 23 1
896 23 1
3304 23 1
295 23 1
756 23 1
636 23 1
1754 23 1
1082 23 1
2041 23 1
2739 23 1
1673 23 1
1189 23 1
88 23 1
992 23 1
1364 23 1
2838 23 1
1345 23 1
459 23 1
3163 23 1
757 23 1
2564 23 1
1040 23 1
915 23 1
972 23 1
901 23 1
1484 23 1
2787 23 1
2016 23 1
1866 23 1
101 23 1
291 23 1
2561 23 1
35 23 1
1585 23 1
1208 23 1
1094 23 1
51 23 1
1741 23 1
2474 23 1
916 23 1
737 23 1
3087 23 1
2129 23 1
2280 23 1
573 23 1
1630 23 1
1667 23 1
793 23 1
2118 23 1
2116 23 1
349 23 1
3377 23 1
2770 23 1
228 23 1
3532 23 1
2401 23 1
2773 23 1
1223 23 1
1450 23 1
3837 23 1
3611 23 1
2792 23 1
1019 23 1
1594 23 1
3493 23 1
1645 23 1
1538 23 1
3742 23 1
2303 23 1
1381 23 1
3310 23 1
0 23 1
2057 23 1
2827 23 1
1204 23 1
611 23 1
1557 23 1
3665 23 1
2446 23 1
1514 23 1
180 23 1
3190 23 1
619 23 1
2926 23 1
381 23 1
118 23 1
1608 23 1
2480 23 1
2994 23 1
3352 23 1
2028 23 1
2535 23 1
1251 23 1
2361 23 1
627 23 1
2129 23 1
2519 23 1
2119 23 1
467 23 1
528 23 1
3023 23 1
3844 23 1
3052 23 1
2832 23 1
2389 23 1
3812 23 1
2154 23 1
584 23 1
235 23 1
3687 23 1
1074 23 1
1251 23 1
795 23 1
641 23 1
1966 23 1
1376 23 1
2931 23 1
3454 23 1
1536 23 1
735 24 1
2986 24 1
3640 24 1
2491 24 1
571 24 1
36 24 1
3260 24 1
2912 24 1
2906 24 1
3847 24 1
3383 24 1
1718 24 1
2047 24 1
3018 24 1
2626 24 1
3497 24 1
1173 24 1
2841 24 1
725 24 1
1230 24 1
2671 24 1
3059 24 1
1836 24 1
980 24 1
1750 24 1
3477 24 1
2894 24 1
1408 24 1
2469 24 1
3437 24 1
3384 24 1
2126 24 1
3695 24 1
516 24 1
2711 24 1
870 24 1
3223 24 1
2991 24 1
1737 24 1
1919 24 1
933 24 1
251 24 1
885 24 1
1035 24 1
1235 24 1
3162 24 1
3161 24 1
2239 24 1
3740 24 1
2676 24 1
208 24 1
1546 24 1
502 24 1
2846 24 1
384 24 1
2316 24 1
2191 24 1
545 24 1
899 24 1
1087 24 1
289 24 1
1118 24 1
3292 24 1
1535 24 1
3187 24 1
321 24 1
3064 24 1
441 24 1
1434 24 1
778 24 1
2326 24 1
511 24 1
2222 24 1
453 24 1
43 24 1
1811 24 1
2192 24 1
2703 24 1
1348 24 1
1859 24 1
1391 24 1
2896 24 1
2734 24 1
3493 24 1
1574 24 1
2400 24 1
117 24 1
2499 24 1
2515 24 1
2803 24 1
857 24 1
797 24 1
1444 24 1
2239 24 1
3163 24 1
858 24 1
2436 24 1
3839 24 1
3799 24 1
693 24 1
2758 24 1
3310 24 1
1090 24 1
1823 24 1
1727 24 1
3083 24 1
1262 24 1
1625 24 1
3740 24 1
1491 24 1
2929 24 1
2198 24 1
2233 24 1
1118 24 1
1934 24 1
2011 24 1
1715 24 1
724 24 1
1139 24 1
1651 24 1
1623 24 1
2767 24 1
2139 24 1
131 24 1
3039 24 1
2694 24 1
623 24 1
1312 24 1
2389 24 1
3783 24 1
877 24 1
3591 24 1
3778 24 1
1609 24 1
1482 24 1
384 24 1
1908 24 1
245 24 1
2464 24 1
1605 24 1
287 24 1
3292 24 1
899 24 1
2914 24 1
2965 24 1
691 24 1
470 24 1
2025 24 1
1036 24 1
1596 24 1
3053 24 1
1760 24 1
1762 24 1
3700 24 1
1450 24 1
3744 24 1
1787 24 1
214 24 1
2191 24 1
3090 24 1
1045 24 1
97 24 1
215 24 1
1877 24 1
7 24 1
2050 24 1
3200 24 1
2549 24 1
137 24 1
3747 24 1
2268 24 1
2079 24 1
158 24 1
1321 24 1
2352 24 1
2570 24 1
1605 24 1
2027 24 1
3301 24 1
75 24 1
3524 24 1
3794 24 1
2500 24 1
772 24 1
1094 24 1
910 24 1
2658 24 1
934 24 1
1511 24 1
3410 24 1
277 24 1
1375 24 1
3259 24 1
322 24 1
1453 24 1
1920 24 1
1182 24 1
2156 24 1
2318 24 1
2125 24 1
1265 24 1
134 24 1
2811 24 1
2698 24 1
1512 24 1
3195 24 1
1966 24 1
3397 24 1
2884 24 1
740 24 1
3595 24 1
2336 24 1
3598 24 1
2370 24 1
969 24 1
1504 24 1
3807 24 1
1986 24 1
2733 24 1
3527 24 1
708 24 1
2208 24 1
3073 24 1
377 24 1
602 24 1
1719 24 1
1215 24 1
1278 24 1
3771 24 1
1211 24 1
2338 24 1
3248 24 1
247 24 1
1691 24 1
813 24 1
658 24 1
2173 24 1
145 24 1
575 24 1
832 24 1
3565 24 1
2635 24 1
3842 24 1
547 24 1
223 24 1
2737 24 1
3518 24 1
1993 24 1
2860 24 1
1123 24 1
1818 24 1
762 24 1
566 24 1
100 24 1
1218 24 1
3687 24 1
3719 24 1
108 24 1
3557 24 1
977 24 1
3260 24 1
3220 24 1
3446 24 1
1399 24 1
3543 24 1
2615 24 1
1768 24 1
63 24 1
2482 24 1
1263 24 1
889 24 1
236 24 1
2120 24 1
2729 24 1
1400 24 1
879 24 1
2521 24 1
1625 24 1
2874 24 1
865 24 1
3823 24 1
518 24 1
746 24 1
335 24 1
1628 24 1
1317 24 1
3593 24 1
1473 24 1
3747 24 1
1604 24 1
2328 24 1
571 24 1
3088 24 1
3026 24 1
2231 24 1
1259 24 1
3038 24 1
3050 24 1
556 24 1
1111 24 1
2271 24 1
3488 24 1
3281 24 1
2927 24 1
2840 24 1
2849 24 1
2699 24 1
823 24 1
888 24 1
2459 24 1
307 24 1
1670 24 1
961 24 1
2493 24 1
3324 24 1
2208 24 1
679 24 1
750 24 1
14 24 1
2224 24 1
1845 24 1
3769 24 1
2956 24 1
3669 24 1
158 24 1
1097 24 1
1724 24 1
2311 24 1
1618 24 1
1707 24 1
2303 24 1
3084 24 1
1717 24 1
2916 24 1
3458 24 1
979 24 1
453 24 1
478 24 1
416 24 1
89 24 1
2606 24 1
2976 24 1
1648 24 1
740 24 1
2740 24 1
1725 24 1
3814 25 1
2059 25 1
262 25 1
825 25 1
895 25 1
1801 25 1
1124 25 1
2373 25 1
496 25 1
2975 25 1
2533 25 1
2838 25 1
2502 25 1
3278 25 1
273 25 1
1703 25 1
3244 25 1
2606 25 1
835 25 1
2352 25 1
3495 25 1
3170 25 1
1221 25 1
1913 25 1
2471 25 1
2509 25 1
3520 25 1
1318 25 1
2554 25 1
2743 25 1
3469 25 1
841 25 1
2938 25 1
2288 25 1
2816 25 1
3434 25 1
3179 25 1
1660 25 1
2141 25 1
1093 25 1
973 25 1
982 25 1
1130 25 1
3725 25 1
3199 25 1
3798 25 1
1934 25 1
3243 25 1
638 25 1
1624 25 1
721 25 1
2286 25 1
2638 25 1
2945 25 1
236 25 1
1009 25 1
1575 25 1
2404 25 1
3025 25 1
844 25 1
716 25 1
401 25 1
545 25 1
680 25 1
3468 25 1
1700 25 1
3689 25 1
1315 25 1
2024 25 1
1623 25 1
522 25 1
3150 25 1
3047 25 1
1161 25 1
1844 25 1
1143 25 1
2779 25 1
1668 25 1
2905 25 1
289 25 1
2484 25 1
3496 25 1
446 25 1
2089 25 1
3117 25 1
1929 25 1
3852 25 1
282 25 1
2337 25 1
462 25 1
2817 25 1
225 25 1
500 25 1
3406 25 1
2693 25 1
1973 25 1
1249 25 1
3039 25 1
2792 25 1
3582 25 1
2246 25 1
2525 25 1
3656 25 1
1269 25 1
2547 25 1
1783 25 1
2253 25 1
2185 25 1
743 25 1
1935 25 1
3105 25 1
2712 25 1
1240 25 1
1289 25 1
549 25 1
1915 25 1
3192 25 1
1683 25 1
3557 25 1
1800 25 1
2024 25 1
3844 25 1
2627 25 1
2038 25 1
523 25 1
1827 25 1
878 25 1
2063 25 1
2352 25 1
2027 25 1
3405 25 1
3065 25 1
3175 25 1
3635 25 1
912 25 1
3333 25 1
2737 25 1
2163 25 1
2181 25 1
3580 25 1
2342 25 1
1696 25 1
1249 25 1
1122 25 1
1371 25 1
39 25 1
3391 25 1
1040 25 1
358 25 1
3192 25 1
607 25 1
550 25 1
2204 25 1
704 25 1
551 25 1
1057 25 1
2731 25 1
88 25 1
766 25 1
914 25 1
2756 25 1
3609 25 1
3042 25 1
564 25 1
1124 25 1
235 25 1
3286 25 1
471 25 1
2764 25 1
3450 25 1
3168 25 1
490 25 1
1030 25 1
126 25 1
509 25 1
915 25 1
2908 25 1
2686 25 1
1167 25 1
197 25 1
1897 25 1
1165 25 1
490 25 1
1489 25 1
2502 25 1
2707 25 1
352 25 1
3312 25 1
1666 25 1
1817 25 1
120 25 1
1712 25 1
2518 25 1
1888 25 1
3262 25 1
301 25 1
2092 25 1
3618 25 1
1478 25 1
240 25 1
3523 25 1
1267 25 1
2599 25 1
3701 25 1
1514 25 1
3487 25 1
1341 25 1
1207 25 1
1670 25 1
2552 25 1
3362 25 1
2465 25 1
1316 25 1
3526 25 1
741 25 1
3174 25 1
829 25 1
220 25 1
1117 25 1
170 25 1
2447 25 1
2386 25 1
414 25 1
1772 25 1
2176 25 1
2836 25 1
3186 25 1
837 25 1
3126 25 1
3018 25 1
3147 25 1
1903 25 1
3293 25 1
650 25 1
1209 25 1
1875 25 1
3707 25 1
207 25 1
712 25 1
3359 25 1
2134 25 1
2445 25 1
620 25 1
1684 25 1
2747 25 1
1213 25 1
1326 25 1
107 25 1
2238 25 1
1607 25 1
3069 25 1
2815 25 1
1502 25 1
2551 25 1
3179 25 1
2810 25 1
3390 25 1
3405 25 1
530 25 1
449 25 1
2471 25 1
1948 25 1
2301 25 1
123 25 1
1005 25 1
3703 25 1
3418 25 1
1029 25 1
3077 25 1
1186 25 1
2677 25 1
2276 25 1
530 25 1
3154 25 1
1985 25 1
1176 25 1
1528 25 1
2539 25 1
2722 25 1
832 25 1
2289 25 1
2458 25 1
3407 25 1
2799 25 1
2802 25 1
169 25 1
1634 25 1
2527 25 1
1886 25 1
1450 25 1
1238 25 1
2158 25 1
966 25 1
3817 25 1
3127 25 1
3476 25 1
2420 25 1
2977 25 1
2438 25 1
2172 25 1
385 25 1
2013 25 1
1917 25 1
2516 25 1
3095 25 1
2990 25 1
3855 25 1
2175 25 1
2141 25 1
825 25 1
3638 25 1
1912 25 1
62 25 1
1778 25 1
3200 25 1
2221 25 1
2036 25 1
142 25 1
1073 25 1
641 25 1
783 25 1
2810 25 1
926 25 1
3120 25 1
1935 25 1
1116 25 1
3014 25 1
3507 25 1
1591 25 1
2397 25 1
688 25 1
3812 25 1
3503 25 1
582 25 1
2357 25 1
983 25 1
2965 25 1
3560 25 1
2178 25 1
689 25 1
1378 25 1
2451 25 1
2331 25 1
1726 25 1
1801 25 1
1333 25 1
1276 26 1
634 26 1
1989 26 1
2473 26 1
131 26 1
1111 26 1
2515 26 1
1720 26 1
3445 26 1
2082 26 1
1149 26 1
892 26 1
1318 26 1
2943 26 1
3167 26 1
1376 26 1
2272 26 1
398 26 1
2933 26 1
10 26 1
2192 26 1
1749 26 1
3511 26 1
517 26 1
887 26 1
311 26 1
136 26 1
582 26 1
1733 26 1
3102 26 1
2199 26 1
2958 26 1
461 26 1
1017 26 1
905 26 1
2727 26 1
3571 26 1
2320 26 1
3043 26 1
166 26 1
3258 26 1
453 26 1
2042 26 1
147 26 1
3497 26 1
313 26 1
336 26 1
1381 26 1
3600 26 1
3754 26 1
2532 26 1
1765 26 1
1435 26 1
618 26 1
2883 26 1
2564 26 1
525 26 1
3253 26 1
2013 26 1
3079 26 1
1012 26 1
3443 26 1
742 26 1
2458 26 1
2189 26 1
3402 26 1
3753 26 1
551 26 1
950 26 1
3331 26 1
473 26 1
2482 26 1
962 26 1
1911 26 1
988 26 1
2664 26 1
2143 26 1
972 26 1
2698 26 1
3278 26 1
3026 26 1
1189 26 1
3054 26 1
196 26 1
1533 26 1
330 26 1
2625 26 1
1043 26 1
1181 26 1
1724 26 1
2906 26 1
477 26 1
166 26 1
2452 26 1
3533 26 1
3431 26 1
2379 26 1
2311 26 1
3268 26 1
1736 26 1
705 26 1
3415 26 1
1602 26 1
1653 26 1
3409 26 1
1785 26 1
3469 26 1
1249 26 1
1037 26 1
1379 26 1
3097 26 1
2901 26 1
2383 26 1
3185 26 1
3745 26 1
559 26 1
1841 26 1
1570 26 1
3532 26 1
790 26 1
614 26 1
2512 26 1
3219 26 1
3328 26 1
53 26 1
3015 26 1
2967 26 1
1253 26 1
3810 26 1
388 26 1
1901 26 1
2832 26 1
1811 26 1
2157 26 1
1272 26 1
3148 26 1
3688 26 1
2059 26 1
3349 26 1
96 26 1
1032 26 1
77 26 1
1841 26 1
2901 26 1
1167 26 1
1900 26 1
3544 26 1
637 26 1
2633 26 1
1146 26 1
2073 26 1
3527 26 1
3285 26 1
2761 26 1
2506 26 1
1666 26 1
548 26 1
923 26 1
3243 26 1
3835 26 1
1086 26 1
2902 26 1
3106 26 1
2432 26 1
2235 26 1
3042 26 1
961 26 1
3556 26 1
1674 26 1
474 26 1
2436 26 1
3340 26 1
600 26 1
357 26 1
611 26 1
1364 26 1
3778 26 1
132 26 1
2100 26 1
1214 26 1
2546 26 1
846 26 1
1930 26 1
939 26 1
773 26 1
1437 26 1
513 26 1
2906 26 1
1793 26 1
3088 26 1
3378 26 1
3127 26 1
3091 26 1
1396 26 1
3613 26 1
2006 26 1
1264 26 1
3074 26 1
63 26 1
1765 26 1
1770 26 1
483 26 1
3295 26 1
3652 26 1
179 26 1
32 26 1
1609 26 1
3116 26 1
1069 26 1
2925 26 1
487 26 1
1248 26 1
3615 26 1
3371 26 1
2834 26 1
1204 26 1
1716 26 1
2359 26 1
1772 26 1
261 26 1
1715 26 1
1612 26 1
2030 26 1
693 26 1
2135 26 1
2013 26 1
559 26 1
2065 26 1
1975 26 1
2303 26 1
1225 26 1
776 26 1
2015 26 1
1890 26 1
2128 26 1
1853 26 1
2208 26 1
393 26 1
544 26 1
3298 26 1
1376 26 1
1262 26 1
268 26 1
942 26 1
383 26 1
2849 26 1
3417 26 1
2151 26 1
2799 26 1
3132 26 1
1014 26 1
3350 26 1
1265 26 1
2289 26 1
1598 26 1
351 26 1
2306 26 1
3085 26 1
1755 26 1
2901 26 1
3209 26 1
3347 26 1
1043 26 1
612 26 1
3311 26 1
105 26 1
2022 26 1
1142 26 1
1123 26 1
3452 26 1
2203 26 1
2531 26 1
571 26 1
243 26 1
3194 26 1
1323 26 1
1848 26 1
862 26 1
2060 26 1
1701 26 1
2825 26 1
1123 26 1
2183 26 1
1331 26 1
3168 26 1
3355 26 1
1419 26 1
3189 26 1
3815 26 1
673 26 1
3717 26 1
855 26 1
526 26 1
3823 26 1
1966 26 1
3383 26 1
1697 26 1
1543 26 1
1950 26 1
1251 26 1
1037 26 1
2504 26 1
2325 26 1
318 26 1
2395 26 1
590 26 1
789 26 1
3065 26 1
3166 26 1
1692 26 1
3711 26 1
509 26 1
3481 26 1
3487 26 1
876 26 1
160 26 1
3541 26 1
760 26 1
1829 26 1
3544 26 1
3580 26 1
2778 26 1
1398 26 1
1568 26 1
2415 26 1
1355 26 1
679 26 1
1557 26 1
3773 26 1
2988 26 1
3046 26 1
1586 26 1
1966 26 1
670 26 1
453 26 1
2246 26 1
985 26 1
535 26 1
3370 26 1
2587 26 1
865 26 1
3483 26 1
1694 26 1
1644 26 1
625 26 1
2279 26 1
2372 27 1
3096 27 1
3387 27 1
1312 27 1
3762 27 1
2215 27 1
2447 27 1
3238 27 1
3738 27 1
587 27 1
1381 27 1
3332 27 1
3448 27 1
1492 27 1
3125 27 1
1372 27 1
2167 27 1
752 27 1
1162 27 1
572 27 1
341 27 1
319 27 1
2910 27 1
1957 27 1
287 27 1
3499 27 1
2848 27 1
190 27 1
970 27 1
746 27 1
2093 27 1
309 27 1
2076 27 1
2413 27 1
587 27 1
520 27 1
761 27 1
1068 27 1
109 27 1
620 27 1
2505 27 1
2663 27 1
2307 27 1
3456 27 1
998 27 1
2083 27 1
142 27 1
2620 27 1
2083 27 1
2028 27 1
2033 27 1
2825 27 1
3779 27 1
948 27 1
3330 27 1
36 27 1
3445 27 1
2875 27 1
663 27 1
2325 27 1
3391 27 1
1444 27 1
3248 27 1
195 27 1
1715 27 1
2536 27 1
3775 27 1
1204 27 1
2652 27 1
558 27 1
193 27 1
2109 27 1
1794 27 1
2685 27 1
1783 27 1
3318 27 1
1692 27 1
140 27 1
2680 27 1
1508 27 1
1952 27 1
3281 27 1
297 27 1
1463 27 1
3494 27 1
2513 27 1
517 27 1
1135 27 1
1859 27 1
834 27 1
3349 27 1
1538 27 1
2277 27 1
2422 27 1
3452 27 1
3037 27 1
1032 27 1
583 27 1
2890 27 1
3284 27 1
2275 27 1
1340 27 1
645 27 1
1444 27 1
1580 27 1
600 27 1
1853 27 1
2980 27 1
266 27 1
1526 27 1
360 27 1
3703 27 1
16 27 1
1477 27 1
3366 27 1
282 27 1
583 27 1
2961 27 1
3157 27 1
2817 27 1
2124 27 1
218 27 1
886 27 1
2849 27 1
3691 27 1
2025 27 1
951 27 1
1226 27 1
3035 27 1
2563 27 1
2943 27 1
1699 27 1
1974 27 1
1973 27 1
1077 27 1
1852 27 1
3383 27 1
84 27 1
610 27 1
3466 27 1
2157 27 1
3727 27 1
775 27 1
357 27 1
2467 27 1
704 27 1
1500 27 1
692 27 1
1660 27 1
2820 27 1
1213 27 1
729 27 1
2557 27 1
653 27 1
3829 27 1
2512 27 1
3753 27 1
3261 27 1
2189 27 1
2423 27 1
3566 27 1
628 27 1
3153 27 1
1668 27 1
1315 27 1
3405 27 1
3793 27 1
1149 27 1
723 27 1
3489 27 1
503 27 1
1377 27 1
1746 27 1
2821 27 1
237 27 1
1260 27 1
2866 27 1
2705 27 1
1429 27 1
968 27 1
730 27 1
1472 27 1
1231 27 1
2038 27 1
1319 27 1
901 27 1
3172 27 1
3164 27 1
325 27 1
3718 27 1
2917 27 1
967 27 1
687 27 1
1234 27 1
420 27 1
1671 27 1
3596 27 1
1537 27 1
707 27 1
1833 27 1
88 27 1
184 27 1
1676 27 1
3801 27 1
3331 27 1
678 27 1
2754 27 1
1949 27 1
3697 27 1
2180 27 1
1934 27 1
376 27 1
3308 27 1
3203 27 1
2118 27 1
1722 27 1
3367 27 1
583 27 1
2965 27 1
2709 27 1
315 27 1
1720 27 1
2815 27 1
1670 27 1
770 27 1
509 27 1
1458 27 1
3459 27 1
929 27 1
1884 27 1
3096 27 1
137 27 1
1933 27 1
1702 27 1
770 27 1
1640 27 1
2913 27 1
2919 27 1
2621 27 1
2668 27 1
1975 27 1
803 27 1
637 27 1
1807 27 1
3342 27 1
3034 27 1
299 27 1
1800 27 1
2420 27 1
2557 27 1
201 27 1
1553 27 1
1110 27 1
3727 27 1
1267 27 1
1062 27 1
756 27 1
64 27 1
2227 27 1
946 27 1
708 27 1
1618 27 1
3262 27 1
362 27 1
2467 27 1
600 27 1
3138 27 1
299 27 1
1361 27 1
917 27 1
536 27 1
3751 27 1
1169 27 1
1528 27 1
2924 27 1
1167 27 1
3510 27 1
323 27 1
2317 27 1
654 27 1
742 27 1
1787 27 1
3304 27 1
199 27 1
1048 27 1
1499 27 1
344 27 1
3285 27 1
1856 27 1
198 27 1
3785 27 1
2589 27 1
3288 27 1
811 27 1
2576 27 1
1193 27 1
117 27 1
3518 27 1
2286 27 1
1296 27 1
3177 27 1
239 27 1
263 27 1
178 27 1
179 27 1
3805 27 1
1625 27 1
267 27 1
2517 27 1
3084 27 1
1144 27 1
2771 27 1
1675 27 1
2643 27 1
1659 27 1
144 27 1
1314 27 1
832 27 1
277 27 1
2634 27 1
1678 27 1
2108 27 1
1199 27 1
1694 27 1
2876 27 1
2853 27 1
1244 27 1
2735 27 1
1062 27 1
2271 27 1
3441 27 1
1315 27 1
2615 27 1
1918 27 1
1464 27 1
2151 27 1
1971 27 1
2076 27 1
390 27 1
3097 27 1
1744 27 1
3785 27 1
3466 27 1
2953 27 1
384 27 1
2284 27 1
1796 28 1
3414 28 1
3544 28 1
6 28 1
1781 28 1
3408 28 1
3637 28 1
2052 28 1
2848 28 1
553 28 1
154 28 1
2025 28 1
2402 28 1
2039 28 1
2658 28 1
2212 28 1
2554 28 1
1652 28 1
2211 28 1
3807 28 1
594 28 1
3799 28 1
2617 28 1
1273 28 1
2681 28 1
1649 28 1
2368 28 1
3684 28 1
3186 28 1
1445 28 1
1993 28 1
1511 28 1
3382 28 1
2556 28 1
44 28 1
441 28 1
2688 28 1
2498 28 1
3167 28 1
1529 28 1
18 28 1
2569 28 1
3407 28 1
1082 28 1
2896 28 1
1613 28 1
1367 28 1
3425 28 1
1266 28 1
22 28 1
104 28 1
2871 28 1
2877 28 1
506 28 1
1133 28 1
1482 28 1
904 28 1
473 28 1
1236 28 1
2029 28 1
3699 28 1
3150 28 1
3306 28 1
1666 28 1
2336 28 1
3330 28 1
2011 28 1
1576 28 1
1743 28 1
2107 28 1
1492 28 1
3461 28 1
2046 28 1
2622 28 1
230 28 1
2241 28 1
1317 28 1
3203 28 1
2697 28 1
2686 28 1
265 28 1
3807 28 1
3819 28 1
1578 28 1
2903 28 1
3661 28 1
2715 28 1
1437 28 1
284 28 1
486 28 1
1551 28 1
262 28 1
1248 28 1
3286 28 1
2435 28 1
3851 28 1
3761 28 1
1461 28 1
1447 28 1
3413 28 1
2688 28 1
2457 28 1
3111 28 1
2766 28 1
2972 28 1
2543 28 1
204 28 1
1853 28 1
3820 28 1
601 28 1
2545 28 1
2379 28 1
2235 28 1
587 28 1
3264 28 1
3205 28 1
1459 28 1
2307 28 1
928 28 1
1209 28 1
1629 28 1
2788 28 1
186 28 1
1581 28 1
2858 28 1
2887 28 1
3628 28 1
2553 28 1
1555 28 1
3501 28 1
1694 28 1
1055 28 1
262 28 1
858 28 1
3031 28 1
2907 28 1
255 28 1
3700 28 1
3308 28 1
3156 28 1
3315 28 1
365 28 1
2400 28 1
1883 28 1
1055 28 1
3628 28 1
3482 28 1
809 28 1
3683 28 1
1325 28 1
1361 28 1
1951 28 1
830 28 1
1289 28 1
3366 28 1
1759 28 1
3716 28 1
2190 28 1
1210 28 1
1258 28 1
1265 28 1
3044 28 1
812 28 1
99 28 1
427 28 1
2254 28 1
2085 28 1
2133 28 1
3705 28 1
905 28 1
3419 28 1
542 28 1
3389 28 1
515 28 1
1362 28 1
3523 28 1
2250 28 1
1049 28 1
3659 28 1
2827 28 1
3302 28 1
2683 28 1
1477 28 1
2972 28 1
172 28 1
2046 28 1
2674 28 1
3326 28 1
3486 28 1
42 28 1
2565 28 1
2608 28 1
301 28 1
179 28 1
3614 28 1
2815 28 1
1675 28 1
1015 28 1
1226 28 1
2878 28 1
2038 28 1
3576 28 1
763 28 1
2960 28 1
2733 28 1
2413 28 1
1006 28 1
2458 28 1
3474 28 1
2610 28 1
2012 28 1
2923 28 1
946 28 1
3058 28 1
2066 28 1
2145 28 1
1817 28 1
1296 28 1
417 28 1
2424 28 1
2587 28 1
2750 28 1
2353 28 1
183 28 1
3594 28 1
1769 28 1
2438 28 1
1314 28 1
2773 28 1
867 28 1
1980 28 1
1675 28 1
754 28 1
1137 28 1
2269 28 1
2203 28 1
3011 28 1
431 28 1
3245 28 1
1023 28 1
3760 28 1
3528 28 1
3469 28 1
1246 28 1
3674 28 1
1162 28 1
2198 28 1
2819 28 1
674 28 1
1204 28 1
1346 28 1
3837 28 1
2564 28 1
3682 28 1
3521 28 1
451 28 1
2503 28 1
2104 28 1
1876 28 1
697 28 1
3378 28 1
2157 28 1
1753 28 1
1169 28 1
482 28 1
1820 28 1
3337 28 1
3415 28 1
1837 28 1
3466 28 1
44 28 1
2418 28 1
1921 28 1
78 28 1
2409 28 1
2685 28 1
957 28 1
2924 28 1
806 28 1
3505 28 1
3109 28 1
766 28 1
3717 28 1
392 28 1
1991 28 1
328 28 1
3288 28 1
2914 28 1
1883 28 1
1701 28 1
2237 28 1
2137 28 1
2547 28 1
1100 28 1
3808 28 1
1408 28 1
2757 28 1
3179 28 1
3658 28 1
1114 28 1
2330 28 1
2875 28 1
1758 28 1
303 28 1
3539 28 1
914 28 1
2086 28 1
3340 28 1
1952 28 1
3313 28 1
2753 28 1
2906 28 1
2506 28 1
3681 28 1
3758 28 1
998 28 1
962 28 1
1638 28 1
3262 28 1
2906 28 1
3025 28 1
3803 28 1
936 28 1
934 28 1
706 28 1
603 28 1
3780 28 1
3456 28 1
145 28 1
1747 28 1
827 28 1
91 28 1
591 28 1
41 28 1
3579 28 1
2494 28 1
3314 28 1
2774 28 1
3352 28 1
3714 28 1
288 28 1
3061 28 1
603 28 1
695 28 1
2478 28 1
763 28 1
3305 29 1
647 29 1
3522 29 1
459 29 1
3821 29 1
3389 29 1
1447 29 1
38 29 1
1088 29 1
3783 29 1
1561 29 1
3150 29 1
2367 29 1
565 29 1
3032 29 1
1997 29 1
1802 29 1
3283 29 1
3597 29 1
1504 29 1
2068 29 1
3196 29 1
3767 29 1
3813 29 1
1761 29 1
3515 29 1
836 29 1
692 29 1
637 29 1
1701 29 1
1817 29 1
2445 29 1
1573 29 1
2323 29 1
1158 29 1
842 29 1
811 29 1
3044 29 1
3399 29 1
894 29 1
3783 29 1
3385 29 1
3489 29 1
198 29 1
2514 29 1
1185 29 1
2382 29 1
3106 29 1
69 29 1
1019 29 1
76 29 1
2130 29 1
319 29 1
531 29 1
1374 29 1
2149 29 1
3355 29 1
1867 29 1
2372 29 1
1349 29 1
1749 29 1
2144 29 1
2806 29 1
3365 29 1
3578 29 1
1597 29 1
785 29 1
1896 29 1
618 29 1
3050 29 1
1642 29 1
592 29 1
3527 29 1
3831 29 1
2055 29 1
2182 29 1
553 29 1
3764 29 1
3343 29 1
298 29 1
87 29 1
183 29 1
549 29 1
498 29 1
2964 29 1
1233 29 1
17 29 1
1234 29 1
3393 29 1
2367 29 1
3077 29 1
1549 29 1
1111 29 1
1886 29 1
2749 29 1
3211 29 1
2885 29 1
2272 29 1
1381 29 1
155 29 1
2887 29 1
1204 29 1
1232 29 1
151 29 1
90 29 1
3240 29 1
2072 29 1
3778 29 1
1881 29 1
1967 29 1
469 29 1
571 29 1
27 29 1
1472 29 1
1722 29 1
993 29 1
3266 29 1
2234 29 1
471 29 1
275 29 1
522 29 1
3610 29 1
1977 29 1
3859 29 1
2188 29 1
2458 29 1
1953 29 1
2861 29 1
881 29 1
286 29 1
2559 29 1
2216 29 1
1304 29 1
15 29 1
2257 29 1
3118 29 1
2486 29 1
2039 29 1
1223 29 1
2705 29 1
2928 29 1
2258 29 1
2559 29 1
1335 29 1
566 29 1
245 29 1
2219 29 1
606 29 1
2970 29 1
1415 29 1
1332 29 1
3684 29 1
328 29 1
4 29 1
1031 29 1
668 29 1
2645 29 1
2289 29 1
2385 29 1
1551 29 1
1458 29 1
2535 29 1
3640 29 1
1739 29 1
881 29 1
3523 29 1
1809 29 1
3754 29 1
27 29 1
2987 29 1
3336 29 1
1789 29 1
1007 29 1
1051 29 1
1151 29 1
1108 29 1
2806 29 1
3000 29 1
2629 29 1
1396 29 1
658 29 1
3795 29 1
2972 29 1
2254 29 1
809 29 1
2719 29 1
403 29 1
2681 29 1
3413 29 1
981 29 1
7 29 1
2583 29 1
60 29 1
2973 29 1
2014 29 1
2738 29 1
1404 29 1
3853 29 1
1315 29 1
2118 29 1
1615 29 1
1588 29 1
1527 29 1
317 29 1
1921 29 1
1049 29 1
1524 29 1
1157 29 1
634 29 1
2021 29 1
3493 29 1
808 29 1
3350 29 1
44 29 1
3122 29 1
1045 29 1
1953 29 1
2970 29 1
740 29 1
2239 29 1
1469 29 1
3141 29 1
962 29 1
703 29 1
1262 29 1
3571 29 1
2082 29 1
473 29 1
984 29 1
535 29 1
630 29 1
2704 29 1
1081 29 1
2042 29 1
1724 29 1
448 29 1
358 29 1
2934 29 1
1085 29 1
801 29 1
1138 29 1
3312 29 1
2434 29 1
3286 29 1
1754 29 1
459 29 1
2902 29 1
574 29 1
2278 29 1
2754 29 1
3478 29 1
67 29 1
1893 29 1
1164 29 1
1076 29 1
3140 29 1
1580 29 1
1193 29 1
1436 29 1
2415 29 1
567 29 1
179 29 1
1263 29 1
846 29 1
2224 29 1
1800 29 1
201 29 1
3070 29 1
3849 29 1
3031 29 1
586 29 1
3259 29 1
973 29 1
1502 29 1
2688 29 1
1104 29 1
3640 29 1
3251 29 1
1412 29 1
2670 29 1
567 29 1
2270 29 1
3086 29 1
1913 29 1
120 29 1
458 29 1
257 29 1
3023 29 1
143 29 1
3160 29 1
3648 29 1
3017 29 1
3405 29 1
1536 29 1
3494 29 1
486 29 1
70 29 1
3833 29 1
1221 29 1
2157 29 1
3306 29 1
2807 29 1
3080 29 1
1036 29 1
1493 29 1
2747 29 1
3238 29 1
2250 29 1
3052 29 1
1994 29 1
1899 29 1
453 29 1
1147 29 1
3484 29 1
793 29 1
2826 29 1
339 29 1
3478 29 1
1487 29 1
1685 29 1
2531 29 1
2885 29 1
3712 29 1
1575 29 1
1141 29 1
1518 29 1
111 29 1
183 29 1
1412 29 1
3371 29 1
2728 29 1
2887 29 1
3707 29 1
1233 29 1
1014 29 1
1924 29 1
2311 29 1
3675 29 1
1179 29 1
1942 29 1
3322 29 1
3789 29 1
3168 29 1
2525 29 1
1020 29 1
162 29 1
3219 30 1
1262 30 1
2370 30 1
3124 30 1
2741 30 1
1715 30 1
1374 30 1
2416 30 1
1761 30 1
695 30 1
2970 30 1
961 30 1
3586 30 1
969 30 1
515 30 1
698 30 1
2822 30 1
2297 30 1
2090 30 1
654 30 1
3055 30 1
3776 30 1
2609 30 1
1969 30 1
2783 30 1
963 30 1
232 30 1
129 30 1
1893 30 1
590 30 1
3527 30 1
1912 30 1
3770 30 1
2650 30 1
1887 30 1
977 30 1
478 30 1
1854 30 1
2402 30 1
2754 30 1
2146 30 1
1464 30 1
777 30 1
2749 30 1
3341 30 1
3753 30 1
3197 30 1
780 30 1
2389 30 1
2904 30 1
566 30 1
2757 30 1
3608 30 1
3165 30 1
335 30 1
126 30 1
3012 30 1
1468 30 1
167 30 1
3157 30 1
694 30 1
3522 30 1
3217 30 1
1114 30 1
986 30 1
573 30 1
2035 30 1
71 30 1
913 30 1
2685 30 1
959 30 1
986 30 1
3373 30 1
175 30 1
10 30 1
375 30 1
2372 30 1
2623 30 1
2035 30 1
2612 30 1
698 30 1
461 30 1
3201 30 1
3656 30 1
1677 30 1
3613 30 1
1347 30 1
1048 30 1
1133 30 1
3233 30 1
3288 30 1
1050 30 1
3550 30 1
628 30 1
1498 30 1
2121 30 1
3417 30 1
2308 30 1
944 30 1
1374 30 1
1725 30 1
899 30 1
919 30 1
3332 30 1
1337 30 1
1834 30 1
423 30 1
3583 30 1
2173 30 1
2929 30 1
3485 30 1
2061 30 1
1957 30 1
3072 30 1
1776 30 1
1834 30 1
3742 30 1
3170 30 1
439 30 1
1915 30 1
655 30 1
1011 30 1
1486 30 1
803 30 1
589 30 1
2266 30 1
391 30 1
1064 30 1
1376 30 1
2952 30 1
2835 30 1
2229 30 1
569 30 1
3582 30 1
1783 30 1
72 30 1
2376 30 1
3719 30 1
802 30 1
1579 30 1
246 30 1
3272 30 1
3792 30 1
934 30 1
542 30 1
425 30 1
1486 30 1
3233 30 1
2783 30 1
2114 30 1
2248 30 1
3594 30 1
1862 30 1
1270 30 1
715 30 1
2780 30 1
2690 30 1
3065 30 1
1011 30 1
1484 30 1
47 30 1
2711 30 1
2256 30 1
763 30 1
1694 30 1
1383 30 1
565 30 1
1556 30 1
2527 30 1
2861 30 1
3757 30 1
2208 30 1
881 30 1
609 30 1
2861 30 1
1036 30 1
503 30 1
1489 30 1
3813 30 1
594 30 1
3685 30 1
3548 30 1
155 30 1
1615 30 1
447 30 1
2345 30 1
3480 30 1
2810 30 1
478 30 1
734 30 1
3270 30 1
1356 30 1
1265 30 1
2288 30 1
518 30 1
3396 30 1
932 30 1
771 30 1
469 30 1
3035 30 1
628 30 1
2331 30 1
3126 30 1
3696 30 1
3531 30 1
416 30 1
894 30 1
3137 30 1
2488 30 1
381 30 1
2111 30 1
3080 30 1
196 30 1
2748 30 1
3077 30 1
1655 30 1
372 30 1
1239 30 1
1371 30 1
2705 30 1
3263 30 1
972 30 1
2763 30 1
3251 30 1
990 30 1
528 30 1
3141 30 1
1471 30 1
1262 30 1
673 30 1
202 30 1
12 30 1
1922 30 1
823 30 1
104 30 1
67 30 1
1120 30 1
256 30 1
2963 30 1
495 30 1
2545 30 1
3427 30 1
1708 30 1
2993 30 1
27 30 1
3293 30 1
2479 30 1
1849 30 1
59 30 1
464 30 1
1784 30 1
1925 30 1
978 30 1
271 30 1
878 30 1
2358 30 1
738 30 1
3208 30 1
3701 30 1
2137 30 1
3177 30 1
1200 30 1
2831 30 1
1647 30 1
1653 30 1
408 30 1
2663 30 1
3742 30 1
3611 30 1
212 30 1
1934 30 1
2540 30 1
2405 30 1
3135 30 1
2067 30 1
946 30 1
410 30 1
3088 30 1
1398 30 1
1424 30 1
3650 30 1
1055 30 1
3036 30 1
3344 30 1
2200 30 1
2625 30 1
981 30 1
2697 30 1
2164 30 1
1993 30 1
623 30 1
908 30 1
137 30 1
1507 30 1
3787 30 1
3857 30 1
797 30 1
2527 30 1
3597 30 1
2427 30 1
1541 30 1
1096 30 1
2205 30 1
1985 30 1
2664 30 1
320 30 1
2747 30 1
3162 30 1
137 30 1
1280 30 1
1122 30 1
1021 30 1
3304 30 1
989 30 1
71 30 1
3424 30 1
306 30 1
374 30 1
3767 30 1
2830 30 1
2311 30 1
3477 30 1
3646 30 1
1496 30 1
1769 30 1
1493 30 1
2602 30 1
3048 30 1
3377 30 1
3626 30 1
635 30 1
1693 30 1
682 30 1
1134 30 1
1049 30 1
1708 30 1
2752 30 1
2141 30 1
1316 30 1
268 30 1
357 30 1
2612 30 1
2589 30 1
2823 30 1
920 30 1
2032 30 1
2773 31 1
1098 31 1
2492 31 1
2856 31 1
2796 31 1
3718 31 1
3003 31 1
1856 31 1
1012 31 1
1241 31 1
1271 31 1
1518 31 1
1132 31 1
300 31 1
2362 31 1
2494 31 1
586 31 1
3809 31 1
2141 31 1
3470 31 1
986 31 1
1126 31 1
1914 31 1
3773 31 1
541 31 1
3842 31 1
768 31 1
1317 31 1
1104 31 1
2124 31 1
1717 31 1
2178 31 1
3309 31 1
1494 31 1
2768 31 1
1072 31 1
260 31 1
884 31 1
3769 31 1
1960 31 1
2947 31 1
516 31 1
629 31 1
359 31 1
1747 31 1
1279 31 1
264 31 1
2127 31 1
2893 31 1
3232 31 1
892 31 1
629 31 1
3576 31 1
1444 31 1
1200 31 1
1483 31 1
3816 31 1
1559 31 1
954 31 1
3388 31 1
3588 31 1
1857 31 1
1820 31 1
76 31 1
3185 31 1
1719 31 1
2157 31 1
425 31 1
614 31 1
2662 31 1
2488 31 1
904 31 1
2813 31 1
1585 31 1
1396 31 1
2981 31 1
1747 31 1
2460 31 1
196 31 1
1944 31 1
169 31 1
2840 31 1
3818 31 1
3319 31 1
2866 31 1
2529 31 1
2453 31 1
3428 31 1
937 31 1
3106 31 1
410 31 1
1399 31 1
1564 31 1
3856 31 1
2471 31 1
760 31 1
904 31 1
3725 31 1
2112 31 1
3432 31 1
2164 31 1
2948 31 1
23 31 1
2943 31 1
2527 31 1
1541 31 1
937 31 1
57 31 1
3190 31 1
2620 31 1
2621 31 1
1727 31 1
1579 31 1
2315 31 1
2517 31 1
1607 31 1
1531 31 1
1688 31 1
2474 31 1
1129 31 1
2601 31 1
488 31 1
2438 31 1
280 31 1
2966 31 1
242 31 1
2570 31 1
1032 31 1
1779 31 1
1647 31 1
1606 31 1
877 31 1
3675 31 1
2510 31 1
2773 31 1
1485 31 1
2308 31 1
2291 31 1
95 31 1
939 31 1
2481 31 1
1388 31 1
1425 31 1
3560 31 1
3032 31 1
3438 31 1
2392 31 1
3630 31 1
3217 31 1
1617 31 1
3063 31 1
2541 31 1
1672 31 1
1477 31 1
3555 31 1
1239 31 1
552 31 1
2689 31 1
1497 31 1
1970 31 1
3853 31 1
1344 31 1
1841 31 1
1784 31 1
66 31 1
203 31 1
1225 31 1
2875 31 1
2026 31 1
612 31 1
2018 31 1
1233 31 1
1054 31 1
1827 31 1
3057 31 1
3196 31 1
73 31 1
1422 31 1
888 31 1
1077 31 1
3788 31 1
2508 31 1
3603 31 1
2812 31 1
3509 31 1
1357 31 1
2938 31 1
1063 31 1
2988 31 1
2240 31 1
587 31 1
693 31 1
2147 31 1
411 31 1
1960 31 1
3856 31 1
682 31 1
2743 31 1
3597 31 1
3314 31 1
2578 31 1
170 31 1
844 31 1
2657 31 1
1402 31 1
2211 31 1
928 31 1
3050 31 1
3707 31 1
3392 31 1
2324 31 1
2184 31 1
2149 31 1
3484 31 1
1234 31 1
2844 31 1
2641 31 1
724 31 1
2020 31 1
391 31 1
3459 31 1
566 31 1
2871 31 1
3845 31 1
138 31 1
246 31 1
281 31 1
1150 31 1
2205 31 1
3772 31 1
1303 31 1
2773 31 1
870 31 1
2044 31 1
1840 31 1
2211 31 1
1991 31 1
3459 31 1
1243 31 1
452 31 1
2846 31 1
1636 31 1
2187 31 1
2318 31 1
1160 31 1
1829 31 1
211 31 1
2525 31 1
2406 31 1
3700 31 1
1538 31 1
819 31 1
388 31 1
3214 31 1
50 31 1
1609 31 1
1467 31 1
371 31 1
3811 31 1
636 31 1
544 31 1
3425 31 1
638 31 1
1912 31 1
3255 31 1
870 31 1
3316 31 1
1754 31 1
1963 31 1
1750 31 1
3767 31 1
1432 31 1
270 31 1
2550 31 1
2772 31 1
2891 31 1
3322 31 1
1400 31 1
1831 31 1
426 31 1
2295 31 1
835 31 1
960 31 1
1994 31 1
3396 31 1
3364 31 1
1560 31 1
3313 31 1
1944 31 1
191 31 1
1041 31 1
2426 31 1
416 31 1
1555 31 1
4 31 1
3781 31 1
831 31 1
2856 31 1
1656 31 1
3416 31 1
2193 31 1
1795 31 1
3034 31 1
967 31 1
2664 31 1
425 31 1
1220 31 1
3432 31 1
2945 31 1
3436 31 1
1251 31 1
130 31 1
2756 31 1
3369 31 1
3614 31 1
1567 31 1
741 31 1
2997 31 1
2316 31 1
2013 31 1
3346 31 1
1236 31 1
2309 31 1
358 31 1
2481 31 1
3041 31 1
741 31 1
1681 31 1
2911 31 1
373 31 1
1882 31 1
2357 31 1
3467 31 1
1289 31 1
1543 31 1
2223 31 1
1119 31 1
1449 31 1
3778 31 1
3745 31 1
310 31 1
3373 31 1
1285 31 1
1538 31 1
1489 31 1
1979 32 1
3737 32 1
1667 32 1
1365 32 1
2664 32 1
1128 32 1
3690 32 1
667 32 1
2488 32 1
1229 32 1
480 32 1
3277 32 1
2369 32 1
164 32 1
2242 32 1
3552 32 1
130 32 1
450 32 1
986 32 1
2986 32 1
1550 32 1
2857 32 1
1424 32 1
1257 32 1
2652 32 1
1174 32 1
146 32 1
2676 32 1
2316 32 1
2190 32 1
1092 32 1
2023 32 1
1697 32 1
2251 32 1
53 32 1
2500 32 1
2755 32 1
34 32 1
492 32 1
2780 32 1
1963 32 1
772 32 1
2174 32 1
1110 32 1
2502 32 1
3312 32 1
926 32 1
2143 32 1
1143 32 1
3071 32 1
1266 32 1
1691 32 1
192 32 1
3308 32 1
1752 32 1
528 32 1
477 32 1
2727 32 1
1731 32 1
1331 32 1
3520 32 1
2466 32 1
1764 32 1
1410 32 1
969 32 1
2631 32 1
970 32 1
1501 32 1
1367 32 1
1725 32 1
686 32 1
1901 32 1
1629 32 1
2338 32 1
3136 32 1
971 32 1
2742 32 1
2086 32 1
2753 32 1
3002 32 1
3484 32 1
2663 32 1
3618 32 1
767 32 1
2542 32 1
2787 32 1
3230 32 1
3054 32 1
2323 32 1
45 32 1
1928 32 1
1140 32 1
8 32 1
1905 32 1
2074 32 1
1135 32 1
610 32 1
1010 32 1
3466 32 1
2441 32 1
2244 32 1
3454 32 1
3458 32 1
3692 32 1
3831 32 1
3412 32 1
2781 32 1
2910 32 1
1730 32 1
442 32 1
1652 32 1
1960 32 1
1500 32 1
3474 32 1
190 32 1
1305 32 1
1971 32 1
1694 32 1
904 32 1
814 32 1
120 32 1
1414 32 1
782 32 1
2156 32 1
502 32 1
3519 32 1
76 32 1
313 32 1
3053 32 1
1211 32 1
2423 32 1
2219 32 1
605 32 1
522 32 1
1767 32 1
97 32 1
3404 32 1
1623 32 1
811 32 1
3565 32 1
3109 32 1
2225 32 1
23 32 1
2500 32 1
1300 32 1
487 32 1
1739 32 1
1430 32 1
2054 32 1
2063 32 1
3077 32 1
3479 32 1
2914 32 1
1014 32 1
450 32 1
333 32 1
2852 32 1
3803 32 1
229 32 1
3514 32 1
1456 32 1
1123 32 1
3556 32 1
2493 32 1
1076 32 1
138 32 1
2755 32 1
2706 32 1
1925 32 1
3776 32 1
3100 32 1
2579 32 1
1397 32 1
3641 32 1
2373 32 1
3344 32 1
1391 32 1
262 32 1
2286 32 1
2179 32 1
2218 32 1
15 32 1
120 32 1
1703 32 1
573 32 1
1128 32 1
332 32 1
1571 32 1
1645 32 1
530 32 1
3368 32 1
1190 32 1
1780 32 1
2388 32 1
325 32 1
3207 32 1
490 32 1
2041 32 1
564 32 1
2048 32 1
3677 32 1
1586 32 1
816 32 1
1751 32 1
15 32 1
1466 32 1
3158 32 1
2717 32 1
630 32 1
1200 32 1
1550 32 1
41 32 1
224 32 1
3795 32 1
3735 32 1
1214 32 1
1793 32 1
3081 32 1
3657 32 1
2522 32 1
1112 32 1
167 32 1
406 32 1
857 32 1
2537 32 1
447 32 1
442 32 1
3477 32 1
2339 32 1
855 32 1
3115 32 1
1261 32 1
1310 32 1
2167 32 1
2676 32 1
888 32 1
2974 32 1
643 32 1
3513 32 1
1230 32 1
413 32 1
1052 32 1
1515 32 1
2640 32 1
694 32 1
1615 32 1
1496 32 1
2493 32 1
145 32 1
3431 32 1
1367 32 1
2620 32 1
244 32 1
1904 32 1
160 32 1
1674 32 1
1472 32 1
2082 32 1
1550 32 1
1622 32 1
2057 32 1
2479 32 1
3672 32 1
2473 32 1
253 32 1
3798 32 1
2188 32 1
37 32 1
261 32 1
178 32 1
152 32 1
3348 32 1
2513 32 1
2447 32 1
1302 32 1
3249 32 1
126 32 1
1370 32 1
3168 32 1
1417 32 1
3100 32 1
514 32 1
3840 32 1
1732 32 1
1701 32 1
2844 32 1
1676 32 1
1134 32 1
3262 32 1
185 32 1
2868 32 1
3421 32 1
1325 32 1
3658 32 1
2163 32 1
3105 32 1
2631 32 1
637 32 1
2056 32 1
898 32 1
1259 32 1
130 32 1
1576 32 1
2357 32 1
1369 32 1
1275 32 1
3528 32 1
565 32 1
1917 32 1
2181 32 1
2350 32 1
3274 32 1
2622 32 1
3193 32 1
3659 32 1
1484 32 1
3363 32 1
3792 32 1
2630 32 1
764 32 1
1277 32 1
3021 32 1
2015 32 1
3245 32 1
2788 32 1
3595 32 1
3131 32 1
1913 32 1
2383 32 1
5 32 1
2432 32 1
1302 32 1
3087 32 1
2995 32 1
1013 32 1
1821 32 1
2870 32 1
1226 32 1
2925 32 1
3214 32 1
77 32 1
3528 32 1
1749 32 1
2017 32 1
197 32 1
3588 33 1
417 33 1
3078 33 1
1863 33 1
708 33 1
2710 33 1
159 33 1
2536 33 1
230 33 1
149 33 1
2555 33 1
1072 33 1
1510 33 1
3302 33 1
2252 33 1
724 33 1
3237 33 1
2058 33 1
2768 33 1
2848 33 1
156 33 1
802 33 1
3415 33 1
2585 33 1
2581 33 1
2913 33 1
3565 33 1
170 33 1
2377 33 1
3736 33 1
1355 33 1
2229 33 1
3227 33 1
1777 33 1
2298 33 1
1887 33 1
897 33 1
1519 33 1
3201 33 1
3369 33 1
1930 33 1
582 33 1
2678 33 1
697 33 1
425 33 1
16 33 1
3070 33 1
3536 33 1
3779 33 1
2882 33 1
2941 33 1
2080 33 1
986 33 1
3516 33 1
20 33 1
1255 33 1
958 33 1
403 33 1
232 33 1
2864 33 1
2092 33 1
3774 33 1
3845 33 1
96 33 1
1036 33 1
1514 33 1
3574 33 1
3127 33 1
2865 33 1
78 33 1
2430 33 1
3255 33 1
1314 33 1
2055 33 1
2775 33 1
2907 33 1
2398 33 1
2936 33 1
3638 33 1
3753 33 1
3842 33 1
664 33 1
3847 33 1
279 33 1
3058 33 1
740 33 1
1504 33 1
34 33 1
2359 33 1
1675 33 1
3765 33 1
2137 33 1
225 33 1
2778 33 1
2131 33 1
2694 33 1
815 33 1
3175 33 1
736 33 1
509 33 1
3266 33 1
3444 33 1
3403 33 1
3753 33 1
3573 33 1
1540 33 1
158 33 1
3645 33 1
2407 33 1
3356 33 1
2052 33 1
26 33 1
2634 33 1
2852 33 1
1229 33 1
1886 33 1
3549 33 1
1055 33 1
3472 33 1
577 33 1
315 33 1
2745 33 1
2735 33 1
3781 33 1
316 33 1
98 33 1
2796 33 1
2272 33 1
1176 33 1
95 33 1
2372 33 1
1593 33 1
3413 33 1
569 33 1
175 33 1
3066 33 1
1113 33 1
1388 33 1
3030 33 1
215 33 1
2474 33 1
3780 33 1
2520 33 1
1616 33 1
1144 33 1
854 33 1
3846 33 1
2194 33 1
743 33 1
3135 33 1
2093 33 1
3551 33 1
612 33 1
704 33 1
195 33 1
2684 33 1
1395 33 1
2259 33 1
1955 33 1
2666 33 1
1908 33 1
1992 33 1
440 33 1
2599 33 1
979 33 1
3611 33 1
235 33 1
872 33 1
418 33 1
1044 33 1
3269 33 1
2215 33 1
2233 33 1
2908 33 1
1416 33 1
2799 33 1
894 33 1
3152 33 1
3262 33 1
3545 33 1
1707 33 1
3595 33 1
2031 33 1
3082 33 1
54 33 1
1936 33 1
53 33 1
1941 33 1
2544 33 1
2597 33 1
2427 33 1
2990 33 1
2449 33 1
1042 33 1
1091 33 1
3470 33 1
1285 33 1
1899 33 1
1507 33 1
2433 33 1
2030 33 1
1605 33 1
1875 33 1
1977 33 1
417 33 1
3208 33 1
1834 33 1
2800 33 1
2031 33 1
552 33 1
3789 33 1
1427 33 1
2460 33 1
3170 33 1
1802 33 1
674 33 1
3658 33 1
3152 33 1
554 33 1
3332 33 1
1952 33 1
816 33 1
782 33 1
539 33 1
2482 33 1
1898 33 1
1452 33 1
950 33 1
3773 33 1
2741 33 1
2238 33 1
715 33 1
1864 33 1
2126 33 1
1475 33 1
2368 33 1
1366 33 1
748 33 1
797 33 1
1898 33 1
1703 33 1
1845 33 1
2341 33 1
3287 33 1
2426 33 1
2680 33 1
3852 33 1
3129 33 1
3019 33 1
3429 33 1
2418 33 1
2250 33 1
555 33 1
2246 33 1
2993 33 1
3619 33 1
2629 33 1
2027 33 1
2410 33 1
3445 33 1
1265 33 1
1686 33 1
439 33 1
1873 33 1
572 33 1
2801 33 1
1320 33 1
2770 33 1
124 33 1
1049 33 1
3849 33 1
342 33 1
2471 33 1
1028 33 1
1048 33 1
2649 33 1
526 33 1
132 33 1
345 33 1
795 33 1
398 33 1
3682 33 1
2024 33 1
1071 33 1
1988 33 1
479 33 1
1666 33 1
518 33 1
2517 33 1
142 33 1
3210 33 1
1927 33 1
212 33 1
2453 33 1
2609 33 1
1473 33 1
3419 33 1
3233 33 1
2615 33 1
57 33 1
2519 33 1
174 33 1
1721 33 1
492 33 1
436 33 1
249 33 1
632 33 1
80 33 1
172 33 1
2214 33 1
1840 33 1
3355 33 1
3012 33 1
2280 33 1
1750 33 1
2451 33 1
2234 33 1
1249 33 1
2959 33 1
846 33 1
1805 33 1
2596 33 1
1318 33 1
944 33 1
1820 33 1
1144 33 1
1610 33 1
1550 33 1
2815 33 1
1336 33 1
61 33 1
191 33 1
107 33 1
3168 33 1
3479 33 1
1195 33 1
1569 33 1
2264 33 1
1637 33 1
804 33 1
2560 33 1
1931 33 1
1870 33 1
2820 33 1
2198 33 1
1704 34 1
162 34 1
2921 34 1
3774 34 1
2618 34 1
405 34 1
1054 34 1
2757 34 1
3023 34 1
3429 34 1
2697 34 1
1664 34 1
2781 34 1
2956 34 1
1108 34 1
3034 34 1
3269 34 1
834 34 1
609 34 1
1255 34 1
853 34 1
1915 34 1
3607 34 1
982 34 1
1453 34 1
395 34 1
1817 34 1
610 34 1
3057 34 1
275 34 1
407 34 1
2857 34 1
654 34 1
2701 34 1
2738 34 1
2008 34 1
1254 34 1
345 34 1
2002 34 1
2873 34 1
45 34 1
647 34 1
1386 34 1
2944 34 1
2064 34 1
1591 34 1
2726 34 1
2038 34 1
648 34 1
2935 34 1
83 34 1
3078 34 1
1278 34 1
3518 34 1
884 34 1
704 34 1
2605 34 1
2077 34 1
2404 34 1
274 34 1
2322 34 1
2556 34 1
3633 34 1
3607 34 1
737 34 1
1416 34 1
248 34 1
1117 34 1
3441 34 1
906 34 1
3807 34 1
2626 34 1
988 34 1
356 34 1
2604 34 1
2866 34 1
175 34 1
1314 34 1
2136 34 1
3774 34 1
3303 34 1
500 34 1
1543 34 1
3682 34 1
698 34 1
3761 34 1
2038 34 1
1267 34 1
703 34 1
71 34 1
793 34 1
499 34 1
2932 34 1
2157 34 1
2204 34 1
1412 34 1
2959 34 1
2177 34 1
2525 34 1
2702 34 1
465 34 1
1786 34 1
2054 34 1
2109 34 1
2043 34 1
2237 34 1
3826 34 1
972 34 1
303 34 1
2694 34 1
904 34 1
1632 34 1
2309 34 1
2733 34 1
2201 34 1
3113 34 1
3395 34 1
2149 34 1
1915 34 1
220 34 1
1550 34 1
661 34 1
608 34 1
1973 34 1
2436 34 1
3371 34 1
63 34 1
2204 34 1
448 34 1
264 34 1
1174 34 1
510 34 1
355 34 1
2928 34 1
2873 34 1
2957 34 1
3185 34 1
796 34 1
5 34 1
597 34 1
3037 34 1
1744 34 1
3222 34 1
622 34 1
447 34 1
1991 34 1
30 34 1
1332 34 1
3573 34 1
3848 34 1
3393 34 1
2833 34 1
1881 34 1
293 34 1
722 34 1
2808 34 1
3677 34 1
2374 34 1
2305 34 1
3444 34 1
1924 34 1
3675 34 1
3335 34 1
3505 34 1
1986 34 1
1199 34 1
8 34 1
1640 34 1
669 34 1
2647 34 1
3087 34 1
2717 34 1
3086 34 1
2271 34 1
626 34 1
2883 34 1
3151 34 1
1315 34 1
3618 34 1
449 34 1
1951 34 1
2789 34 1
2528 34 1
2769 34 1
2989 34 1
2797 34 1
1430 34 1
437 34 1
3086 34 1
1718 34 1
3599 34 1
3610 34 1
455 34 1
3542 34 1
1494 34 1
859 34 1
2867 34 1
1595 34 1
2054 34 1
3756 34 1
1953 34 1
2796 34 1
368 34 1
3404 34 1
1718 34 1
2135 34 1
148 34 1
3621 34 1
3801 34 1
2097 34 1
265 34 1
2951 34 1
3558 34 1
423 34 1
2036 34 1
485 34 1
122 34 1
1383 34 1
336 34 1
3022 34 1
3150 34 1
889 34 1
111 34 1
3669 34 1
177 34 1
1867 34 1
3408 34 1
974 34 1
3735 34 1
597 34 1
2843 34 1
576 34 1
3153 34 1
805 34 1
3441 34 1
653 34 1
1883 34 1
2616 34 1
1266 34 1
166 34 1
1522 34 1
1405 34 1
723 34 1
3130 34 1
1111 34 1
130 34 1
2515 34 1
1588 34 1
1619 34 1
3536 34 1
2990 34 1
1503 34 1
1132 34 1
2254 34 1
2034 34 1
1799 34 1
2905 34 1
2780 34 1
1451 34 1
1760 34 1
2897 34 1
2895 34 1
2180 34 1
3755 34 1
1934 34 1
265 34 1
2772 34 1
2496 34 1
942 34 1
2498 34 1
856 34 1
3107 34 1
2431 34 1
2227 34 1
1464 34 1
206 34 1
3300 34 1
821 34 1
547 34 1
955 34 1
626 34 1
1289 34 1
2696 34 1
2008 34 1
2978 34 1
346 34 1
2467 34 1
1649 34 1
1511 34 1
211 34 1
471 34 1
629 34 1
1064 34 1
298 34 1
2201 34 1
2228 34 1
716 34 1
3825 34 1
1358 34 1
2650 34 1
2819 34 1
2103 34 1
426 34 1
2477 34 1
2631 34 1
1319 34 1
908 34 1
440 34 1
2936 34 1
2075 34 1
1170 34 1
332 34 1
2342 34 1
2780 34 1
1540 34 1
2534 34 1
1384 34 1
379 34 1
3614 34 1
524 34 1
824 34 1
968 34 1
219 34 1
2663 34 1
1640 34 1
2729 34 1
2569 34 1
2379 34 1
966 34 1
3283 34 1
396 34 1
713 34 1
881 34 1
2298 34 1
338 34 1
448 34 1
2070 34 1
1559 34 1
1985 34 1
402 34 1
2204 34 1
2783 34 1
2600 34 1
494 34 1
1942 34 1
2306 35 1
31 35 1
2730 35 1
2928 35 1
1348 35 1
2026 35 1
3013 35 1
210 35 1
2575 35 1
67 35 1
709 35 1
3125 35 1
2623 35 1
2272 35 1
3717 35 1
2124 35 1
2607 35 1
3407 35 1
1613 35 1
2789 35 1
1365 35 1
1006 35 1
3271 35 1
2144 35 1
340 35 1
1131 35 1
619 35 1
1002 35 1
3128 35 1
2095 35 1
3320 35 1
1917 35 1
78 35 1
1932 35 1
2548 35 1
844 35 1
117 35 1
697 35 1
1865 35 1
1924 35 1
513 35 1
3130 35 1
2276 35 1
1558 35 1
493 35 1
2615 35 1
1646 35 1
3182 35 1
330 35 1
2399 35 1
504 35 1
42 35 1
2658 35 1
130 35 1
2361 35 1
45 35 1
2657 35 1
3389 35 1
3250 35 1
751 35 1
3003 35 1
1470 35 1
413 35 1
2984 35 1
3622 35 1
467 35 1
683 35 1
2689 35 1
2512 35 1
3805 35 1
3515 35 1
75 35 1
1979 35 1
572 35 1
2105 35 1
3363 35 1
33 35 1
1066 35 1
3284 35 1
2469 35 1
2750 35 1
1194 35 1
19 35 1
2703 35 1
911 35 1
2381 35 1
301 35 1
3203 35 1
1240 35 1
1408 35 1
1617 35 1
513 35 1
1704 35 1
3727 35 1
3200 35 1
3407 35 1
3694 35 1
3286 35 1
1824 35 1
1971 35 1
1949 35 1
1463 35 1
1149 35 1
3010 35 1
609 35 1
2277 35 1
1671 35 1
3146 35 1
2521 35 1
2528 35 1
819 35 1
1488 35 1
1291 35 1
661 35 1
1661 35 1
2860 35 1
2394 35 1
2569 35 1
315 35 1
1663 35 1
2046 35 1
1164 35 1
1932 35 1
1384 35 1
2465 35 1
637 35 1
2748 35 1
3254 35 1
938 35 1
1713 35 1
698 35 1
399 35 1
3583 35 1
3590 35 1
1558 35 1
1881 35 1
2999 35 1
3271 35 1
1009 35 1
1975 35 1
1 35 1
3288 35 1
2999 35 1
2265 35 1
1720 35 1
557 35 1
3281 35 1
2601 35 1
3195 35 1
1140 35 1
2484 35 1
1890 35 1
1972 35 1
3189 35 1
273 35 1
305 35 1
1194 35 1
3352 35 1
2016 35 1
3698 35 1
937 35 1
748 35 1
1219 35 1
2794 35 1
2610 35 1
1874 35 1
3796 35 1
3832 35 1
426 35 1
3493 35 1
2382 35 1
2527 35 1
1250 35 1
2859 35 1
3454 35 1
1243 35 1
1702 35 1
2110 35 1
2452 35 1
72 35 1
2586 35 1
1551 35 1
644 35 1
3456 35 1
3565 35 1
1498 35 1
1789 35 1
233 35 1
491 35 1
731 35 1
699 35 1
873 35 1
1076 35 1
1313 35 1
760 35 1
285 35 1
2582 35 1
2375 35 1
776 35 1
1714 35 1
1847 35 1
591 35 1
354 35 1
1998 35 1
2732 35 1
857 35 1
672 35 1
654 35 1
1437 35 1
1160 35 1
2793 35 1
1668 35 1
301 35 1
301 35 1
1933 35 1
14 35 1
1547 35 1
3041 35 1
2084 35 1
1949 35 1
67 35 1
707 35 1
946 35 1
2041 35 1
2877 35 1
2239 35 1
381 35 1
3677 35 1
3281 35 1
27 35 1
3233 35 1
3240 35 1
3114 35 1
2030 35 1
3819 35 1
5 35 1
15 35 1
2077 35 1
1371 35 1
1771 35 1
2917 35 1
2921 35 1
1695 35 1
2998 35 1
3287 35 1
1229 35 1
3096 35 1
37 35 1
1062 35 1
2084 35 1
885 35 1
2202 35 1
946 35 1
1359 35 1
2912 35 1
2057 35 1
1569 35 1
1864 35 1
2763 35 1
86 35 1
3022 35 1
3221 35 1
3328 35 1
2451 35 1
1805 35 1
463 35 1
634 35 1
1571 35 1
308 35 1
3474 35 1
2812 35 1
2059 35 1
187 35 1
3770 35 1
3689 35 1
39 35 1
1058 35 1
2456 35 1
1641 35 1
2785 35 1
1388 35 1
1823 35 1
3677 35 1
3685 35 1
3687 35 1
3274 35 1
3823 35 1
2738 35 1
3171 35 1
416 35 1
2643 35 1
2770 35 1
2805 35 1
388 35 1
2021 35 1
2555 35 1
1322 35 1
2263 35 1
2381 35 1
1475 35 1
1834 35 1
14 35 1
3331 35 1
1536 35 1
795 35 1
1857 35 1
95 35 1
630 35 1
2020 35 1
3196 35 1
2029 35 1
1463 35 1
3830 35 1
1590 35 1
640 35 1
377 35 1
1787 35 1
2493 35 1
2642 35 1
79 35 1
1762 35 1
1980 35 1
1807 35 1
274 35 1
2873 35 1
1587 35 1
1749 35 1
1714 35 1
880 35 1
2336 35 1
2534 35 1
2105 35 1
3738 35 1
1771 35 1
1963 35 1
2428 35 1
2895 35 1
1206 35 1
2257 35 1
1187 35 1
2716 35 1
1657 35 1
2865 35 1
923 35 1
1476 35 1
2783 36 1
1363 36 1
1449 36 1
1089 36 1
1427 36 1
2218 36 1
2671 36 1
2131 36 1
2274 36 1
2220 36 1
1375 36 1
3801 36 1
3685 36 1
181 36 1
1082 36 1
1480 36 1
2635 36 1
2930 36 1
2868 36 1
851 36 1
1077 36 1
1194 36 1
3084 36 1
1217 36 1
2895 36 1
2847 36 1
2945 36 1
551 36 1
516 36 1
1350 36 1
3478 36 1
3583 36 1
665 36 1
2263 36 1
3696 36 1
3697 36 1
3637 36 1
858 36 1
2871 36 1
1080 36 1
467 36 1
2672 36 1
2062 36 1
1830 36 1
980 36 1
822 36 1
2035 36 1
2811 36 1
1125 36 1
988 36 1
3819 36 1
1295 36 1
589 36 1
155 36 1
2524 36 1
2932 36 1
3347 36 1
1066 36 1
2900 36 1
3120 36 1
770 36 1
767 36 1
1502 36 1
2185 36 1
223 36 1
726 36 1
3418 36 1
134 36 1
984 36 1
68 36 1
2471 36 1
375 36 1
2783 36 1
701 36 1
2070 36 1
2355 36 1
2790 36 1
1074 36 1
3474 36 1
748 36 1
3410 36 1
971 36 1
2480 36 1
3393 36 1
1454 36 1
1414 36 1
910 36 1
1510 36 1
764 36 1
3810 36 1
1308 36 1
634 36 1
1101 36 1
3367 36 1
1695 36 1
631 36 1
3507 36 1
1785 36 1
2080 36 1
2429 36 1
2046 36 1
2997 36 1
194 36 1
513 36 1
483 36 1
2363 36 1
2287 36 1
1743 36 1
2463 36 1
504 36 1
3827 36 1
910 36 1
1660 36 1
2035 36 1
705 36 1
3467 36 1
165 36 1
2799 36 1
149 36 1
3 36 1
510 36 1
2711 36 1
2485 36 1
1758 36 1
3614 36 1
2006 36 1
2166 36 1
693 36 1
3464 36 1
797 36 1
3712 36 1
2486 36 1
304 36 1
220 36 1
2441 36 1
3234 36 1
2708 36 1
2882 36 1
2342 36 1
43 36 1
383 36 1
3231 36 1
854 36 1
2304 36 1
3346 36 1
577 36 1
3717 36 1
363 36 1
2516 36 1
3474 36 1
1106 36 1
2018 36 1
1191 36 1
588 36 1
609 36 1
1212 36 1
31 36 1
6 36 1
721 36 1
1618 36 1
146 36 1
2748 36 1
1050 36 1
1857 36 1
610 36 1
1889 36 1
3570 36 1
754 36 1
1290 36 1
1245 36 1
1690 36 1
2499 36 1
3791 36 1
2821 36 1
1449 36 1
2028 36 1
974 36 1
2027 36 1
13 36 1
2496 36 1
1960 36 1
1234 36 1
312 36 1
3624 36 1
1631 36 1
3005 36 1
153 36 1
3093 36 1
2291 36 1
421 36 1
860 36 1
2252 36 1
869 36 1
3778 36 1
1527 36 1
603 36 1
1674 36 1
3143 36 1
1164 36 1
61 36 1
3229 36 1
1799 36 1
186 36 1
2835 36 1
2515 36 1
3496 36 1
1214 36 1
135 36 1
1126 36 1
3255 36 1
1407 36 1
2989 36 1
1378 36 1
479 36 1
2941 36 1
2370 36 1
3411 36 1
1178 36 1
1700 36 1
1466 36 1
3421 36 1
3194 36 1
2222 36 1
3430 36 1
2901 36 1
3300 36 1
1759 36 1
1309 36 1
1884 36 1
2635 36 1
1025 36 1
1891 36 1
2095 36 1
815 36 1
2533 36 1
797 36 1
3783 36 1
2640 36 1
2612 36 1
3528 36 1
1272 36 1
1679 36 1
485 36 1
930 36 1
2008 36 1
1032 36 1
2858 36 1
3415 36 1
2476 36 1
49 36 1
64 36 1
3723 36 1
2672 36 1
2670 36 1
2213 36 1
500 36 1
2640 36 1
1679 36 1
1168 36 1
409 36 1
412 36 1
30 36 1
2529 36 1
2353 36 1
1943 36 1
3552 36 1
1330 36 1
2223 36 1
2072 36 1
3840 36 1
3339 36 1
1025 36 1
1815 36 1
3085 36 1
1497 36 1
1547 36 1
3472 36 1
1012 36 1
1760 36 1
414 36 1
3305 36 1
1530 36 1
293 36 1
1430 36 1
1718 36 1
228 36 1
1494 36 1
2337 36 1
2380 36 1
3225 36 1
596 36 1
1889 36 1
2792 36 1
3364 36 1
325 36 1
706 36 1
3087 36 1
929 36 1
1456 36 1
1749 36 1
3140 36 1
1862 36 1
2287 36 1
3477 36 1
1476 36 1
2271 36 1
1393 36 1
1239 36 1
1622 36 1
2182 36 1
2782 36 1
2634 36 1
332 36 1
305 36 1
856 36 1
2819 36 1
2966 36 1
1277 36 1
405 36 1
1667 36 1
894 36 1
2975 36 1
2148 36 1
1640 36 1
3770 36 1
1469 36 1
1389 36 1
3664 36 1
1317 36 1
954 36 1
1179 36 1
182 36 1
1943 36 1
120 36 1
1061 36 1
1551 36 1
1438 36 1
3331 36 1
1693 36 1
952 36 1
702 36 1
2178 36 1
1082 36 1
2016 36 1
636 36 1
206 37 1
2412 37 1
2948 37 1
3587 37 1
1275 37 1
3319 37 1
107 37 1
2874 37 1
1348 37 1
3602 37 1
2176 37 1
2177 37 1
3718 37 1
851 37 1
2684 37 1
2131 37 1
291 37 1
3441 37 1
1363 37 1
3699 37 1
3562 37 1
2264 37 1
2398 37 1
1810 37 1
3746 37 1
2904 37 1
564 37 1
1845 37 1
2518 37 1
154 37 1
2498 37 1
335 37 1
2822 37 1
3812 37 1
510 37 1
2491 37 1
3073 37 1
2808 37 1
1689 37 1
467 37 1
882 37 1
2607 37 1
2441 37 1
3190 37 1
1913 37 1
2378 37 1
1475 37 1
1347 37 1
3045 37 1
1487 37 1
2326 37 1
250 37 1
399 37 1
1546 37 1
3669 37 1
1966 37 1
161 37 1
2384 37 1
2607 37 1
802 37 1
3701 37 1
770 37 1
2461 37 1
2878 37 1
2581 37 1
2582 37 1
696 37 1
3844 37 1
1560 37 1
3628 37 1
1460 37 1
1423 37 1
3306 37 1
1066 37 1
1398 37 1
3095 37 1
1520 37 1
931 37 1
1098 37 1
1043 37 1
116 37 1
3345 37 1
2965 37 1
2605 37 1
1746 37 1
3697 37 1
2426 37 1
2987 37 1
587 37 1
3209 37 1
1946 37 1
1481 37 1
45 37 1
2902 37 1
448 37 1
377 37 1
3512 37 1
1033 37 1
2020 37 1
482 37 1
3473 37 1
2584 37 1
837 37 1
3815 37 1
2275 37 1
1190 37 1
1200 37 1
2797 37 1
2516 37 1
2137 37 1
1329 37 1
207 37 1
3630 37 1
120 37 1
2738 37 1
1050 37 1
2066 37 1
279 37 1
295 37 1
3001 37 1
309 37 1
1377 37 1
3427 37 1
1805 37 1
2631 37 1
2645 37 1
904 37 1
2354 37 1
2305 37 1
1202 37 1
816 37 1
1354 37 1
250 37 1
1970 37 1
2617 37 1
742 37 1
2514 37 1
2896 37 1
1438 37 1
154 37 1
1206 37 1
3396 37 1
441 37 1
2744 37 1
2367 37 1
1751 37 1
885 37 1
1924 37 1
2713 37 1
3778 37 1
1351 37 1
2533 37 1
1842 37 1
2334 37 1
2308 37 1
2174 37 1
2607 37 1
2571 37 1
39 37 1
598 37 1
3166 37 1
1656 37 1
821 37 1
994 37 1
2183 37 1
3485 37 1
189 37 1
1566 37 1
2687 37 1
187 37 1
2072 37 1
3102 37 1
3110 37 1
2612 37 1
2340 37 1
931 37 1
3343 37 1
2750 37 1
3449 37 1
510 37 1
159 37 1
1208 37 1
1904 37 1
3612 37 1
1935 37 1
1405 37 1
531 37 1
3333 37 1
2221 37 1
450 37 1
3373 37 1
665 37 1
1743 37 1
2955 37 1
23 37 1
3571 37 1
2587 37 1
3322 37 1
2777 37 1
3793 37 1
809 37 1
809 37 1
2240 37 1
2907 37 1
1020 37 1
537 37 1
726 37 1
2825 37 1
1992 37 1
2471 37 1
2675 37 1
3351 37 1
340 37 1
883 37 1
155 37 1
3683 37 1
600 37 1
1973 37 1
874 37 1
989 37 1
2996 37 1
590 37 1
513 37 1
1554 37 1
2439 37 1
3854 37 1
1717 37 1
818 37 1
1641 37 1
2848 37 1
3780 37 1
3683 37 1
1096 37 1
749 37 1
68 37 1
1974 37 1
1977 37 1
2651 37 1
1475 37 1
1698 37 1
1378 37 1
1688 37 1
550 37 1
349 37 1
1509 37 1
1340 37 1
1634 37 1
2264 37 1
1306 37 1
3838 37 1
1592 37 1
2887 37 1
2842 37 1
3500 37 1
2066 37 1
155 37 1
1752 37 1
529 37 1
1795 37 1
3431 37 1
1265 37 1
3695 37 1
1942 37 1
617 37 1
2291 37 1
2671 37 1
2896 37 1
895 37 1
478 37 1
897 37 1
709 37 1
796 37 1
1783 37 1
1372 37 1
2374 37 1
2163 37 1
2575 37 1
2635 37 1
3628 37 1
831 37 1
136 37 1
3709 37 1
2956 37 1
3162 37 1
715 37 1
3642 37 1
704 37 1
2621 37 1
1204 37 1
2847 37 1
3260 37 1
3241 37 1
696 37 1
2880 37 1
584 37 1
1147 37 1
3427 37 1
1126 37 1
2945 37 1
2860 37 1
3272 37 1
1979 37 1
1153 37 1
2919 37 1
963 37 1
3497 37 1
28 37 1
2972 37 1
1815 37 1
1455 37 1
2997 37 1
398 37 1
259 37 1
629 37 1
141 37 1
1025 37 1
3522 37 1
2258 37 1
3496 37 1
3772 37 1
424 37 1
1259 37 1
2961 37 1
3109 37 1
2927 37 1
2284 37 1
2032 37 1
66 37 1
1228 37 1
619 37 1
3077 37 1
1371 37 1
3260 37 1
1100 37 1
3406 37 1
2040 37 1
515 37 1
2287 37 1
2701 37 1
1819 37 1
2884 37 1
2535 37 1
2471 37 1
1681 37 1
3501 37 1
3408 38 1
2582 38 1
1878 38 1
2565 38 1
592 38 1
599 38 1
1893 38 1
959 38 1
1432 38 1
2346 38 1
1312 38 1
1094 38 1
3082 38 1
3488 38 1
3474 38 1
3260 38 1
3556 38 1
3635 38 1
3284 38 1
107 38 1
2119 38 1
1998 38 1
1551 38 1
2357 38 1
1571 38 1
1362 38 1
1898 38 1
1980 38 1
3258 38 1
1591 38 1
1191 38 1
3079 38 1
2264 38 1
748 38 1
3793 38 1
2427 38 1
3424 38 1
498 38 1
2874 38 1
733 38 1
1857 38 1
418 38 1
849 38 1
106 38 1
829 38 1
2889 38 1
2524 38 1
2720 38 1
3328 38 1
1724 38 1
2663 38 1
1921 38 1
1502 38 1
1440 38 1
817 38 1
402 38 1
1321 38 1
712 38 1
872 38 1
1891 38 1
3024 38 1
1480 38 1
1861 38 1
1326 38 1
2450 38 1
3543 38 1
3771 38 1
2284 38 1
2408 38 1
619 38 1
1870 38 1
1039 38 1
2591 38 1
3387 38 1
797 38 1
2001 38 1
1051 38 1
263 38 1
2345 38 1
1936 38 1
1077 38 1
2892 38 1
2145 38 1
2162 38 1
2115 38 1
3450 38 1
3368 38 1
3519 38 1
1277 38 1
3357 38 1
2089 38 1
3567 38 1
532 38 1
763 38 1
120 38 1
3542 38 1
541 38 1
3010 38 1
1384 38 1
3660 38 1
3263 38 1
2113 38 1
3748 38 1
2853 38 1
3740 38 1
1713 38 1
1576 38 1
1556 38 1
1499 38 1
3626 38 1
1629 38 1
1319 38 1
309 38 1
1378 38 1
3187 38 1
1335 38 1
2465 38 1
972 38 1
2434 38 1
38 38 1
3813 38 1
2525 38 1
2339 38 1
1780 38 1
2576 38 1
3755 38 1
3805 38 1
2054 38 1
3694 38 1
1666 38 1
3418 38 1
3224 38 1
647 38 1
661 38 1
2850 38 1
747 38 1
1579 38 1
2865 38 1
3017 38 1
1815 38 1
350 38 1
655 38 1
1959 38 1
455 38 1
1189 38 1
3725 38 1
1690 38 1
1421 38 1
1010 38 1
2748 38 1
1270 38 1
1770 38 1
794 38 1
1543 38 1
748 38 1
2674 38 1
1207 38 1
3646 38 1
1631 38 1
2299 38 1
1750 38 1
1896 38 1
2748 38 1
1825 38 1
3283 38 1
2206 38 1
1928 38 1
1563 38 1
2113 38 1
2098 38 1
451 38 1
2287 38 1
902 38 1
1191 38 1
3435 38 1
3674 38 1
3535 38 1
2899 38 1
1688 38 1
1251 38 1
3292 38 1
2046 38 1
3614 38 1
3557 38 1
3007 38 1
2113 38 1
3525 38 1
3113 38 1
2447 38 1
3071 38 1
2754 38 1
3563 38 1
1521 38 1
3004 38 1
1693 38 1
2188 38 1
2431 38 1
3731 38 1
1988 38 1
1218 38 1
3199 38 1
3419 38 1
2692 38 1
2257 38 1
2602 38 1
2166 38 1
3534 38 1
1576 38 1
930 38 1
2725 38 1
526 38 1
1357 38 1
1739 38 1
3012 38 1
2621 38 1
1706 38 1
3406 38 1
304 38 1
3330 38 1
1104 38 1
1594 38 1
1476 38 1
50 38 1
2932 38 1
2426 38 1
533 38 1
2044 38 1
37 38 1
1924 38 1
2686 38 1
3482 38 1
1941 38 1
40 38 1
2321 38 1
2855 38 1
1323 38 1
290 38 1
3778 38 1
1050 38 1
3705 38 1
1860 38 1
3479 38 1
2110 38 1
2721 38 1
3709 38 1
2240 38 1
839 38 1
2759 38 1
2881 38 1
3833 38 1
143 38 1
1021 38 1
368 38 1
433 38 1
1157 38 1
432 38 1
3746 38 1
1625 38 1
3228 38 1
2204 38 1
3782 38 1
2178 38 1
707 38 1
2358 38 1
3619 38 1
3310 38 1
357 38 1
540 38 1
1663 38 1
2304 38 1
1335 38 1
540 38 1
927 38 1
3096 38 1
2936 38 1
3341 38 1
1203 38 1
3288 38 1
1728 38 1
2607 38 1
1899 38 1
826 38 1
130 38 1
1328 38 1
1472 38 1
691 38 1
1635 38 1
1076 38 1
3199 38 1
2501 38 1
1710 38 1
2718 38 1
3837 38 1
1797 38 1
2294 38 1
3795 38 1
3563 38 1
592 38 1
1213 38 1
3308 38 1
1105 38 1
1380 38 1
1047 38 1
3247 38 1
2507 38 1
3337 38 1
1809 38 1
3747 38 1
3218 38 1
637 38 1
39 38 1
919 38 1
1887 38 1
1814 38 1
760 38 1
1057 38 1
1493 38 1
220 38 1
3847 38 1
3591 38 1
3750 38 1
1497 38 1
2743 38 1
829 38 1
1915 38 1
2378 38 1
2797 38 1
2288 38 1
1757 38 1
405 38 1
1129 38 1
233 38 1
3501 38 1
1006 38 1
203 38 1
957 38 1
2322 38 1
529 38 1
512 38 1
582 38 1
661 38 1
2625 38 1
2763 38 1
3262 38 1
3618 38 1
1617 39 1
342 39 1
3179 39 1
2980 39 1
543 39 1
1276 39 1
123 39 1
558 39 1
3636 39 1
559 39 1
748 39 1
627 39 1
84 39 1
1352 39 1
2073 39 1
1851 39 1
289 39 1
3350 39 1
1162 39 1
3593 39 1
2551 39 1
77 39 1
3209 39 1
2945 39 1
2844 39 1
1018 39 1
3656 39 1
161 39 1
1834 39 1
2919 39 1
1658 39 1
2386 39 1
3413 39 1
791 39 1
3191 39 1
3210 39 1
751 39 1
2441 39 1
17 39 1
3683 39 1
793 39 1
289 39 1
3470 39 1
2084 39 1
3211 39 1
3367 39 1
1176 39 1
421 39 1
2468 39 1
1835 39 1
2255 39 1
2235 39 1
1332 39 1
112 39 1
3827 39 1
2568 39 1
1532 39 1
2463 39 1
3126 39 1
3387 39 1
3636 39 1
917 39 1
1160 39 1
509 39 1
2385 39 1
3806 39 1
1938 39 1
3002 39 1
3628 39 1
343 39 1
3454 39 1
2528 39 1
1736 39 1
2668 39 1
394 39 1
356 39 1
2796 39 1
1800 39 1
1411 39 1
222 39 1
1453 39 1
3820 39 1
528 39 1
3698 39 1
1052 39 1
231 39 1
3378 39 1
60 39 1
3770 39 1
2671 39 1
1017 39 1
1675 39 1
2745 39 1
503 39 1
410 39 1
489 39 1
1335 39 1
1544 39 1
335 39 1
1859 39 1
1397 39 1
1732 39 1
2369 39 1
1327 39 1
3191 39 1
1373 39 1
3126 39 1
1184 39 1
2889 39 1
3193 39 1
53 39 1
1409 39 1
3105 39 1
2238 39 1
1450 39 1
117 39 1
2542 39 1
2396 39 1
1546 39 1
312 39 1
3825 39 1
974 39 1
2076 39 1
1771 39 1
3091 39 1
3842 39 1
464 39 1
3720 39 1
1884 39 1
2945 39 1
856 39 1
2071 39 1
2521 39 1
2543 39 1
802 39 1
955 39 1
1157 39 1
2620 39 1
2102 39 1
1197 39 1
2928 39 1
363 39 1
3790 39 1
1179 39 1
1495 39 1
849 39 1
3156 39 1
3263 39 1
669 39 1
1232 39 1
241 39 1
3244 39 1
310 39 1
1528 39 1
2132 39 1
3312 39 1
2708 39 1
3123 39 1
2304 39 1
3284 39 1
2102 39 1
1233 39 1
3316 39 1
2957 39 1
3241 39 1
2720 39 1
2142 39 1
785 39 1
300 39 1
1977 39 1
3176 39 1
269 39 1
3004 39 1
423 39 1
1540 39 1
2913 39 1
984 39 1
3770 39 1
3730 39 1
750 39 1
1136 39 1
3387 39 1
2530 39 1
2409 39 1
681 39 1
177 39 1
3192 39 1
3581 39 1
196 39 1
1399 39 1
3740 39 1
2553 39 1
3338 39 1
1319 39 1
3650 39 1
1584 39 1
2819 39 1
2325 39 1
1512 39 1
309 39 1
947 39 1
3263 39 1
1207 39 1
1333 39 1
1111 39 1
2633 39 1
2663 39 1
3065 39 1
3176 39 1
2634 39 1
2972 39 1
2835 39 1
1317 39 1
2321 39 1
2735 39 1
1915 39 1
2438 39 1
777 39 1
2761 39 1
276 39 1
1412 39 1
121 39 1
303 39 1
3446 39 1
119 39 1
2384 39 1
466 39 1
3500 39 1
3686 39 1
2602 39 1
553 39 1
1955 39 1
1179 39 1
152 39 1
1199 39 1
648 39 1
2029 39 1
2879 39 1
2007 39 1
3796 39 1
1150 39 1
1834 39 1
434 39 1
168 39 1
923 39 1
1754 39 1
1803 39 1
2789 39 1
1841 39 1
1448 39 1
3557 39 1
1474 39 1
920 39 1
2517 39 1
2455 39 1
3359 39 1
1364 39 1
1142 39 1
3784 39 1
728 39 1
664 39 1
47 39 1
456 39 1
1186 39 1
3742 39 1
3353 39 1
852 39 1
3531 39 1
374 39 1
2471 39 1
2149 39 1
404 39 1
714 39 1
2206 39 1
1136 39 1
2133 39 1
183 39 1
3404 39 1
2915 39 1
372 39 1
2694 39 1
1304 39 1
2950 39 1
3022 39 1
1937 39 1
979 39 1
173 39 1
2667 39 1
1612 39 1
744 39 1
3566 39 1
2082 39 1
2021 39 1
3723 39 1
676 39 1
1563 39 1
2325 39 1
2831 39 1
1490 39 1
2493 39 1
424 39 1
2674 39 1
187 39 1
3555 39 1
1492 39 1
960 39 1
3409 39 1
1557 39 1
351 39 1
1131 39 1
884 39 1
127 39 1
3623 39 1
709 39 1
149 39 1
1333 39 1
2247 39 1
2944 39 1
1049 39 1
3722 39 1
3468 39 1
960 39 1
1541 39 1
2291 39 1
3132 39 1
3537 39 1
2821 39 1
934 39 1
3580 39 1
2469 39 1
1773 39 1
51 39 1
161 39 1
878 39 1
3189 39 1
3501 39 1
1077 39 1
2492 39 1
1778 39 1
3625 39 1
3218 39 1
2612 39 1
2143 39 1
3104 39 1
557 39 1
3074 40 1
1538 40 1
1291 40 1
2996 40 1
844 40 1
3526 40 1
893 40 1
789 40 1
487 40 1
3021 40 1
547 40 1
1571 40 1
381 40 1
123 40 1
2592 40 1
1121 40 1
2297 40 1
2019 40 1
2301 40 1
859 40 1
3225 40 1
1708 40 1
3408 40 1
3035 40 1
480 40 1
1991 40 1
1012 40 1
961 40 1
1766 40 1
3158 40 1
446 40 1
1332 40 1
2711 40 1
3146 40 1
227 40 1
514 40 1
658 40 1
1560 40 1
1524 40 1
44 40 1
1369 40 1
132 40 1
2578 40 1
2323 40 1
883 40 1
939 40 1
116 40 1
931 40 1
2192 40 1
847 40 1
1191 40 1
1696 40 1
2479 40 1
2296 40 1
3721 40 1
518 40 1
1466 40 1
2234 40 1
1396 40 1
3498 40 1
1341 40 1
1208 40 1
2665 40 1
1940 40 1
2322 40 1
3816 40 1
2189 40 1
164 40 1
2018 40 1
1654 40 1
3709 40 1
1267 40 1
1994 40 1
274 40 1
2249 40 1
3617 40 1
2712 40 1
1552 40 1
1083 40 1
3463 40 1
102 40 1
874 40 1
3574 40 1
2967 40 1
2500 40 1
2295 40 1
1497 40 1
1225 40 1
3237 40 1
698 40 1
95 40 1
1906 40 1
2180 40 1
1594 40 1
41 40 1
3829 40 1
3814 40 1
3741 40 1
2174 40 1
254 40 1
1561 40 1
510 40 1
549 40 1
1904 40 1
2341 40 1
1728 40 1
3683 40 1
3018 40 1
751 40 1
1060 40 1
2944 40 1
1750 40 1
605 40 1
3090 40 1
1285 40 1
1160 40 1
1884 40 1
3087 40 1
2460 40 1
2995 40 1
2983 40 1
2656 40 1
3609 40 1
179 40 1
1681 40 1
3593 40 1
3675 40 1
2762 40 1
3114 40 1
2098 40 1
3251 40 1
1850 40 1
796 40 1
2347 40 1
2128 40 1
487 40 1
905 40 1
3346 40 1
1131 40 1
351 40 1
2692 40 1
1359 40 1
3374 40 1
1855 40 1
2897 40 1
2496 40 1
175 40 1
2353 40 1
2311 40 1
3783 40 1
2666 40 1
1021 40 1
3259 40 1
3333 40 1
3334 40 1
1078 40 1
3582 40 1
468 40 1
3514 40 1
1587 40 1
2259 40 1
3817 40 1
1891 40 1
2289 40 1
2632 40 1
1289 40 1
623 40 1
1344 40 1
1441 40 1
653 40 1
2249 40 1
405 40 1
1214 40 1
541 40 1
1880 40 1
817 40 1
502 40 1
598 40 1
3478 40 1
1932 40 1
2284 40 1
1519 40 1
20 40 1
2527 40 1
72 40 1
1106 40 1
3256 40 1
3269 40 1
1455 40 1
2199 40 1
2871 40 1
1363 40 1
3605 40 1
2990 40 1
2029 40 1
2085 40 1
626 40 1
1499 40 1
2091 40 1
310 40 1
513 40 1
3660 40 1
45 40 1
3492 40 1
59 40 1
719 40 1
3066 40 1
3210 40 1
1525 40 1
214 40 1
2052 40 1
2713 40 1
1222 40 1
1219 40 1
181 40 1
3525 40 1
846 40 1
838 40 1
1132 40 1
2131 40 1
1728 40 1
3670 40 1
2373 40 1
971 40 1
1896 40 1
1957 40 1
2180 40 1
2863 40 1
2765 40 1
968 40 1
3358 40 1
2174 40 1
714 40 1
2916 40 1
2690 40 1
500 40 1
93 40 1
1755 40 1
1734 40 1
1422 40 1
3303 40 1
719 40 1
2875 40 1
2831 40 1
2163 40 1
1486 40 1
2940 40 1
3707 40 1
872 40 1
1978 40 1
309 40 1
2145 40 1
1597 40 1
3775 40 1
3587 40 1
3785 40 1
3396 40 1
2915 40 1
866 40 1
805 40 1
625 40 1
979 40 1
2392 40 1
2556 40 1
486 40 1
3796 40 1
1397 40 1
2898 40 1
2091 40 1
1025 40 1
2719 40 1
2120 40 1
29 40 1
399 40 1
2337 40 1
2959 40 1
1894 40 1
954 40 1
966 40 1
2724 40 1
2088 40 1
3146 40 1
1348 40 1
2287 40 1
2134 40 1
1055 40 1
2854 40 1
672 40 1
1955 40 1
2977 40 1
3563 40 1
2844 40 1
1783 40 1
1908 40 1
292 40 1
3829 40 1
1914 40 1
948 40 1
1662 40 1
2778 40 1
2097 40 1
2548 40 1
2968 40 1
499 40 1
1346 40 1
33 40 1
3768 40 1
1655 40 1
2563 40 1
82 40 1
315 40 1
1523 40 1
1813 40 1
1261 40 1
2430 40 1
266 40 1
2909 40 1
1294 40 1
368 40 1
2455 40 1
2777 40 1
1378 40 1
1230 40 1
2718 40 1
553 40 1
764 40 1
613 40 1
2217 40 1
3319 40 1
3172 40 1
3407 40 1
2267 40 1
2568 40 1
2782 40 1
1559 40 1
1706 40 1
3742 40 1
2625 40 1
3410 40 1
3383 40 1
1065 40 1
3807 40 1
2551 40 1
3440 40 1
1780 40 1
1931 41 1
3563 41 1
2237 41 1
922 41 1
2119 41 1
1360 41 1
3125 41 1
2880 41 1
3634 41 1
1499 41 1
2756 41 1
471 41 1
2564 41 1
1768 41 1
1755 41 1
2578 41 1
1446 41 1
2818 41 1
2417 41 1
1870 41 1
1735 41 1
776 41 1
2927 41 1
3717 41 1
764 41 1
3737 41 1
1784 41 1
768 41 1
47 41 1
3515 41 1
196 41 1
1621 41 1
1915 41 1
3436 41 1
3145 41 1
1759 41 1
2220 41 1
1915 41 1
2053 41 1
635 41 1
2099 41 1
1192 41 1
678 41 1
3550 41 1
3113 41 1
2624 41 1
1298 41 1
848 41 1
3202 41 1
2679 41 1
488 41 1
3070 41 1
2130 41 1
3485 41 1
3180 41 1
3798 41 1
3074 41 1
119 41 1
3543 41 1
733 41 1
302 41 1
3015 41 1
1118 41 1
2509 41 1
2287 41 1
1706 41 1
771 41 1
2436 41 1
1691 41 1
1258 41 1
2453 41 1
1659 41 1
125 41 1
2338 41 1
3687 41 1
3215 41 1
1931 41 1
114 41 1
1730 41 1
2135 41 1
995 41 1
2069 41 1
2644 41 1
1001 41 1
1662 41 1
117 41 1
937 41 1
3764 41 1
3753 41 1
1667 41 1
2930 41 1
39 41 1
1646 41 1
812 41 1
986 41 1
2984 41 1
2537 41 1
3389 41 1
3427 41 1
2717 41 1
3557 41 1
2039 41 1
228 41 1
2223 41 1
132 41 1
868 41 1
587 41 1
3333 41 1
1262 41 1
3343 41 1
2403 41 1
2482 41 1
474 41 1
431 41 1
3707 41 1
2330 41 1
1761 41 1
2694 41 1
3582 41 1
3586 41 1
2646 41 1
180 41 1
2132 41 1
3580 41 1
476 41 1
1155 41 1
1964 41 1
2800 41 1
614 41 1
1979 41 1
1240 41 1
2854 41 1
1931 41 1
744 41 1
1421 41 1
3046 41 1
1233 41 1
2933 41 1
2438 41 1
1935 41 1
3016 41 1
2180 41 1
1428 41 1
228 41 1
2747 41 1
612 41 1
495 41 1
608 41 1
1408 41 1
3535 41 1
2038 41 1
2293 41 1
1698 41 1
3322 41 1
1349 41 1
256 41 1
2634 41 1
3833 41 1
1734 41 1
1347 41 1
497 41 1
1620 41 1
3633 41 1
2538 41 1
1737 41 1
9 41 1
908 41 1
867 41 1
1654 41 1
3582 41 1
574 41 1
114 41 1
168 41 1
439 41 1
2224 41 1
13 41 1
2668 41 1
2032 41 1
3664 41 1
1288 41 1
2928 41 1
299 41 1
2852 41 1
3290 41 1
2518 41 1
597 41 1
1842 41 1
1142 41 1
2948 41 1
645 41 1
2427 41 1
1174 41 1
2431 41 1
422 41 1
1244 41 1
51 41 1
1720 41 1
1127 41 1
2199 41 1
1556 41 1
3100 41 1
748 41 1
3280 41 1
3685 41 1
3569 41 1
3303 41 1
114 41 1
3680 41 1
96 41 1
986 41 1
2971 41 1
3675 41 1
1574 41 1
518 41 1
3747 41 1
2361 41 1
153 41 1
2936 41 1
2946 41 1
2591 41 1
3782 41 1
3523 41 1
1939 41 1
594 41 1
1194 41 1
1187 41 1
1273 41 1
3556 41 1
2062 41 1
1777 41 1
3411 41 1
3339 41 1
2068 41 1
1998 41 1
3585 41 1
1426 41 1
2845 41 1
2447 41 1
1197 41 1
3083 41 1
2699 41 1
2940 41 1
3111 41 1
536 41 1
2871 41 1
15 41 1
1377 41 1
2321 41 1
2237 41 1
3160 41 1
3083 41 1
3692 41 1
1293 41 1
1539 41 1
629 41 1
174 41 1
1174 41 1
1455 41 1
2710 41 1
2530 41 1
3679 41 1
2566 41 1
1984 41 1
348 41 1
2666 41 1
2246 41 1
3105 41 1
154 41 1
1613 41 1
869 41 1
2992 41 1
499 41 1
2689 41 1
232 41 1
3685 41 1
1518 41 1
2227 41 1
3121 41 1
862 41 1
914 41 1
2775 41 1
419 41 1
1547 41 1
1745 41 1
224 41 1
3187 41 1
2284 41 1
3112 41 1
2639 41 1
1110 41 1
2828 41 1
529 41 1
1292 41 1
2619 41 1
2578 41 1
2156 41 1
726 41 1
3284 41 1
398 41 1
2286 41 1
465 41 1
3319 41 1
852 41 1
3307 41 1
2060 41 1
559 41 1
3658 41 1
2712 41 1
2156 41 1
1600 41 1
1819 41 1
2800 41 1
2137 41 1
2950 41 1
2644 41 1
2406 41 1
2877 41 1
1110 41 1
2356 41 1
3290 41 1
1711 41 1
2126 41 1
3274 41 1
1515 41 1
3834 41 1
2800 41 1
935 41 1
2620 41 1
1723 41 1
2347 41 1
1501 41 1
2348 41 1
2324 41 1
2461 41 1
3279 41 1
1030 41 1
1186 41 1
1750 41 1
3210 41 1
2268 41 1
2567 41 1
3372 41 1
3701 41 1
2689 41 1
3070 41 1
2612 42 1
1620 42 1
2600 42 1
3627 42 1
3159 42 1
2505 42 1
792 42 1
3705 42 1
2036 42 1
660 42 1
1482 42 1
3300 42 1
2583 42 1
941 42 1
82 42 1
610 42 1
2702 42 1
325 42 1
160 42 1
3319 42 1
2050 42 1
2740 42 1
617 42 1
3490 42 1
1399 42 1
597 42 1
605 42 1
3658 42 1
2297 42 1
2771 42 1
1507 42 1
1519 42 1
2515 42 1
503 42 1
2324 42 1
798 42 1
2276 42 1
1299 42 1
2843 42 1
131 42 1
1176 42 1
3237 42 1
3537 42 1
2553 42 1
1601 42 1
3545 42 1
3624 42 1
2003 42 1
2519 42 1
217 42 1
1012 42 1
2273 42 1
1598 42 1
3666 42 1
3392 42 1
1492 42 1
3527 42 1
2584 42 1
152 42 1
1846 42 1
978 42 1
347 42 1
590 42 1
68 42 1
2298 42 1
1458 42 1
1258 42 1
317 42 1
549 42 1
2367 42 1
3133 42 1
508 42 1
2909 42 1
2394 42 1
3244 42 1
2835 42 1
1403 42 1
2156 42 1
3360 42 1
2469 42 1
2967 42 1
1677 42 1
2394 42 1
218 42 1
2470 42 1
2696 42 1
2277 42 1
2706 42 1
2428 42 1
253 42 1
2696 42 1
269 42 1
3467 42 1
3193 42 1
3089 42 1
3176 42 1
1904 42 1
3251 42 1
812 42 1
728 42 1
265 42 1
2458 42 1
3564 42 1
2008 42 1
1066 42 1
1715 42 1
1898 42 1
64 42 1
2269 42 1
143 42 1
842 42 1
610 42 1
1665 42 1
2033 42 1
2951 42 1
2137 42 1
2406 42 1
371 42 1
3275 42 1
1855 42 1
818 42 1
394 42 1
1772 42 1
1902 42 1
67 42 1
3104 42 1
3320 42 1
1919 42 1
1926 42 1
3183 42 1
3655 42 1
1228 42 1
1367 42 1
1827 42 1
1373 42 1
1951 42 1
1631 42 1
1876 42 1
2880 42 1
1928 42 1
2277 42 1
462 42 1
187 42 1
484 42 1
3368 42 1
3824 42 1
3325 42 1
208 42 1
1990 42 1
1476 42 1
714 42 1
3752 42 1
2020 42 1
2303 42 1
2861 42 1
2775 42 1
3708 42 1
547 42 1
326 42 1
3565 42 1
16 42 1
3477 42 1
2745 42 1
3381 42 1
1293 42 1
1650 42 1
588 42 1
454 42 1
2401 42 1
1184 42 1
1730 42 1
2966 42 1
494 42 1
2990 42 1
1757 42 1
2906 42 1
2757 42 1
50 42 1
2359 42 1
3062 42 1
739 42 1
436 42 1
3092 42 1
675 42 1
1931 42 1
739 42 1
2964 42 1
3642 42 1
751 42 1
1700 42 1
3191 42 1
3592 42 1
3426 42 1
1698 42 1
2281 42 1
130 42 1
147 42 1
169 42 1
444 42 1
2337 42 1
815 42 1
920 42 1
2319 42 1
1749 42 1
2430 42 1
3511 42 1
292 42 1
2558 42 1
1673 42 1
1549 42 1
3531 42 1
1442 42 1
2581 42 1
26 42 1
1919 42 1
2095 42 1
3083 42 1
1598 42 1
2888 42 1
1228 42 1
1487 42 1
1243 42 1
2506 42 1
3503 42 1
2819 42 1
1763 42 1
2318 42 1
3612 42 1
1590 42 1
1918 42 1
2730 42 1
2091 42 1
3502 42 1
450 42 1
3372 42 1
3304 42 1
1540 42 1
3621 42 1
2497 42 1
3295 42 1
3166 42 1
2508 42 1
464 42 1
912 42 1
3491 42 1
1303 42 1
2758 42 1
2065 42 1
839 42 1
2429 42 1
3371 42 1
2318 42 1
2952 42 1
404 42 1
1990 42 1
359 42 1
3145 42 1
1063 42 1
3513 42 1
159 42 1
3474 42 1
3855 42 1
2364 42 1
580 42 1
1076 42 1
3164 42 1
1312 42 1
169 42 1
127 42 1
1341 42 1
2021 42 1
2981 42 1
2966 42 1
3592 42 1
3232 42 1
373 42 1
1351 42 1
2023 42 1
3119 42 1
1815 42 1
3027 42 1
859 42 1
3017 42 1
3307 42 1
832 42 1
2422 42 1
1927 42 1
1876 42 1
464 42 1
1630 42 1
1758 42 1
60 42 1
478 42 1
3693 42 1
219 42 1
27 42 1
2202 42 1
3278 42 1
1111 42 1
3289 42 1
185 42 1
1102 42 1
2893 42 1
2818 42 1
2418 42 1
1115 42 1
3414 42 1
2526 42 1
1047 42 1
1054 42 1
3532 42 1
2247 42 1
137 42 1
2145 42 1
601 42 1
2598 42 1
1036 42 1
762 42 1
3138 42 1
1785 42 1
1673 42 1
1141 42 1
2124 42 1
866 42 1
2843 42 1
1630 42 1
1213 42 1
2898 42 1
1375 42 1
987 42 1
3065 42 1
1465 42 1
2847 42 1
1427 42 1
2003 42 1
2104 42 1
2517 42 1
3681 42 1
3818 42 1
3367 42 1
2548 42 1
1033 42 1
1164 42 1
2533 42 1
2026 42 1
2627 43 1
1497 43 1
2402 43 1
2768 43 1
716 43 1
1762 43 1
1007 43 1
1043 43 1
1751 43 1
1195 43 1
181 43 1
1495 43 1
85 43 1
2417 43 1
1438 43 1
226 43 1
613 43 1
949 43 1
82 43 1
2106 43 1
1878 43 1
391 43 1
3071 43 1
3811 43 1
2727 43 1
3762 43 1
3547 43 1
1227 43 1
2609 43 1
3162 43 1
3227 43 1
172 43 1
3631 43 1
1653 43 1
2192 43 1
2507 43 1
2249 43 1
504 43 1
2872 43 1
3796 43 1
4 43 1
3084 43 1
3208 43 1
644 43 1
418 43 1
1687 43 1
272 43 1
3231 43 1
2460 43 1
1494 43 1
1898 43 1
410 43 1
2292 43 1
1456 43 1
917 43 1
2482 43 1
1544 43 1
3096 43 1
3674 43 1
2288 43 1
2767 43 1
646 43 1
2948 43 1
3158 43 1
677 43 1
2157 43 1
415 43 1
2316 43 1
298 43 1
2353 43 1
2201 43 1
1337 43 1
119 43 1
574 43 1
947 43 1
2644 43 1
3704 43 1
1867 43 1
727 43 1
296 43 1
263 43 1
620 43 1
3134 43 1
3603 43 1
44 43 1
2323 43 1
2026 43 1
1554 43 1
62 43 1
3469 43 1
867 43 1
3279 43 1
2886 43 1
1747 43 1
2151 43 1
2336 43 1
252 43 1
1440 43 1
2990 43 1
1225 43 1
3825 43 1
489 43 1
2756 43 1
2471 43 1
3163 43 1
2598 43 1
1791 43 1
440 43 1
3729 43 1
1053 43 1
3635 43 1
347 43 1
2386 43 1
2940 43 1
2845 43 1
1214 43 1
2582 43 1
2186 43 1
1718 43 1
1523 43 1
535 43 1
2984 43 1
427 43 1
2675 43 1
953 43 1
3109 43 1
2863 43 1
880 43 1
3122 43 1
3175 43 1
2655 43 1
2612 43 1
736 43 1
934 43 1
2725 43 1
1483 43 1
1015 43 1
825 43 1
2326 43 1
2432 43 1
1825 43 1
2651 43 1
2538 43 1
980 43 1
1186 43 1
94 43 1
3032 43 1
3680 43 1
1533 43 1
3393 43 1
1948 43 1
3259 43 1
2194 43 1
1340 43 1
1805 43 1
3035 43 1
1277 43 1
3243 43 1
2479 43 1
239 43 1
3031 43 1
876 43 1
1250 43 1
3424 43 1
3368 43 1
1297 43 1
511 43 1
1945 43 1
3395 43 1
1475 43 1
1049 43 1
3830 43 1
1572 43 1
659 43 1
104 43 1
1005 43 1
992 43 1
2197 43 1
3803 43 1
1015 43 1
1524 43 1
3225 43 1
1818 43 1
615 43 1
3856 43 1
465 43 1
1892 43 1
33 43 1
1840 43 1
3724 43 1
98 43 1
556 43 1
1495 43 1
2953 43 1
2166 43 1
2121 43 1
952 43 1
426 43 1
2448 43 1
37 43 1
2533 43 1
82 43 1
2090 43 1
3285 43 1
1621 43 1
220 43 1
2727 43 1
1844 43 1
374 43 1
886 43 1
1655 43 1
269 43 1
1626 43 1
3815 43 1
1790 43 1
2410 43 1
2124 43 1
3684 43 1
2503 43 1
3131 43 1
2014 43 1
3274 43 1
53 43 1
1496 43 1
119 43 1
2423 43 1
978 43 1
2803 43 1
913 43 1
3545 43 1
1801 43 1
1989 43 1
1057 43 1
2743 43 1
1602 43 1
1393 43 1
1416 43 1
1417 43 1
3801 43 1
21 43 1
1598 43 1
2179 43 1
1893 43 1
3821 43 1
2435 43 1
3044 43 1
3583 43 1
2502 43 1
2673 43 1
2246 43 1
1635 43 1
3510 43 1
1800 43 1
523 43 1
3207 43 1
414 43 1
1327 43 1
2871 43 1
2452 43 1
2728 43 1
2579 43 1
47 43 1
49 43 1
2962 43 1
3355 43 1
3775 43 1
2966 43 1
2065 43 1
594 43 1
2835 43 1
1877 43 1
2872 43 1
1242 43 1
2133 43 1
2068 43 1
1832 43 1
1044 43 1
2154 43 1
2322 43 1
2378 43 1
3077 43 1
1807 43 1
1281 43 1
2060 43 1
2118 43 1
2148 43 1
629 43 1
2480 43 1
1808 43 1
2867 43 1
302 43 1
889 43 1
3485 43 1
1340 43 1
810 43 1
1888 43 1
2365 43 1
3292 43 1
743 43 1
3148 43 1
1142 43 1
2394 43 1
853 43 1
2418 43 1
2945 43 1
2786 43 1
55 43 1
2920 43 1
1966 43 1
3451 43 1
3337 43 1
1564 43 1
313 43 1
1742 43 1
2222 43 1
1880 43 1
3338 43 1
525 43 1
1296 43 1
1394 43 1
2428 43 1
1014 43 1
1879 43 1
2831 43 1
2030 43 1
1183 43 1
2060 43 1
3240 43 1
354 43 1
2713 43 1
881 43 1
456 43 1
2505 43 1
1297 43 1
1927 43 1
1761 43 1
904 43 1
2336 43 1
1510 43 1
2605 43 1
3135 43 1
2069 43 1
2513 43 1
2147 43 1
1736 43 1
2889 44 1
160 44 1
3161 44 1
1399 44 1
1426 44 1
319 44 1
923 44 1
3645 44 1
3712 44 1
1015 44 1
565 44 1
185 44 1
1906 44 1
3816 44 1
2163 44 1
3176 44 1
2586 44 1
3545 44 1
2583 44 1
2503 44 1
299 44 1
1281 44 1
768 44 1
456 44 1
2921 44 1
3823 44 1
1608 44 1
194 44 1
2026 44 1
1330 44 1
525 44 1
1446 44 1
1610 44 1
3621 44 1
1027 44 1
1025 44 1
2564 44 1
1129 44 1
3481 44 1
3224 44 1
1840 44 1
3576 44 1
3504 44 1
2731 44 1
3802 44 1
3671 44 1
962 44 1
390 44 1
2301 44 1
2782 44 1
3268 44 1
3342 44 1
2501 44 1
3138 44 1
1785 44 1
1713 44 1
2889 44 1
973 44 1
1364 44 1
3103 44 1
434 44 1
3143 44 1
2483 44 1
771 44 1
2157 44 1
3741 44 1
1782 44 1
3348 44 1
400 44 1
2223 44 1
2149 44 1
25 44 1
1799 44 1
2779 44 1
108 44 1
1227 44 1
173 44 1
464 44 1
560 44 1
1625 44 1
678 44 1
2866 44 1
2163 44 1
3064 44 1
2050 44 1
3597 44 1
3834 44 1
1323 44 1
272 44 1
569 44 1
370 44 1
547 44 1
1466 44 1
523 44 1
2887 44 1
6 44 1
2080 44 1
3406 44 1
2985 44 1
497 44 1
3004 44 1
1866 44 1
2202 44 1
3641 44 1
214 44 1
2416 44 1
3649 44 1
3552 44 1
1209 44 1
1588 44 1
2761 44 1
981 44 1
2132 44 1
2354 44 1
1879 44 1
2769 44 1
1238 44 1
3483 44 1
1482 44 1
431 44 1
2158 44 1
3248 44 1
931 44 1
1419 44 1
2086 44 1
2645 44 1
786 44 1
2356 44 1
756 44 1
846 44 1
1122 44 1
3493 44 1
711 44 1
2840 44 1
3678 44 1
476 44 1
1636 44 1
3372 44 1
3631 44 1
586 44 1
1726 44 1
1745 44 1
458 44 1
1195 44 1
1002 44 1
82 44 1
1007 44 1
910 44 1
1540 44 1
1224 44 1
3216 44 1
572 44 1
1618 44 1
3213 44 1
1058 44 1
2465 44 1
3324 44 1
1509 44 1
3658 44 1
3278 44 1
473 44 1
2530 44 1
3064 44 1
1994 44 1
2237 44 1
1723 44 1
637 44 1
1122 44 1
3205 44 1
1323 44 1
527 44 1
2129 44 1
2258 44 1
2699 44 1
2848 44 1
2947 44 1
251 44 1
2632 44 1
1675 44 1
551 44 1
559 44 1
2176 44 1
3136 44 1
283 44 1
1250 44 1
456 44 1
2866 44 1
1887 44 1
879 44 1
3712 44 1
2616 44 1
596 44 1
2971 44 1
701 44 1
1291 44 1
2240 44 1
3691 44 1
1222 44 1
751 44 1
2985 44 1
47 44 1
2241 44 1
72 44 1
1065 44 1
2757 44 1
807 44 1
1707 44 1
3633 44 1
2468 44 1
1040 44 1
1081 44 1
2347 44 1
1754 44 1
423 44 1
1146 44 1
3238 44 1
2145 44 1
24 44 1
2468 44 1
496 44 1
2721 44 1
3042 44 1
2520 44 1
2865 44 1
49 44 1
2227 44 1
1779 44 1
3127 44 1
2667 44 1
1444 44 1
3194 44 1
267 44 1
3378 44 1
1043 44 1
1464 44 1
3108 44 1
120 44 1
1191 44 1
1550 44 1
1310 44 1
795 44 1
2689 44 1
2171 44 1
2457 44 1
1349 44 1
116 44 1
3630 44 1
537 44 1
3091 44 1
642 44 1
1654 44 1
3538 44 1
3673 44 1
770 44 1
3075 44 1
1367 44 1
1061 44 1
3339 44 1
1645 44 1
2194 44 1
2739 44 1
3620 44 1
2173 44 1
2907 44 1
1540 44 1
3736 44 1
446 44 1
2852 44 1
1622 44 1
3611 44 1
2598 44 1
472 44 1
253 44 1
3326 44 1
2563 44 1
589 44 1
3059 44 1
1357 44 1
3656 44 1
645 44 1
935 44 1
3831 44 1
729 44 1
1478 44 1
1245 44 1
836 44 1
2420 44 1
2562 44 1
2400 44 1
2064 44 1
2205 44 1
2389 44 1
2527 44 1
153 44 1
19 44 1
2082 44 1
1231 44 1
1783 44 1
1757 44 1
1610 44 1
3257 44 1
2915 44 1
1774 44 1
1497 44 1
73 44 1
2051 44 1
2040 44 1
2620 44 1
566 44 1
2023 44 1
1682 44 1
3457 44 1
729 44 1
2379 44 1
1532 44 1
319 44 1
2157 44 1
1890 44 1
623 44 1
3360 44 1
1227 44 1
2667 44 1
3030 44 1
3603 44 1
789 44 1
48 44 1
1814 44 1
435 44 1
2724 44 1
98 44 1
3310 44 1
3003 44 1
2841 44 1
2582 44 1
3687 44 1
718 44 1
1866 44 1
3369 44 1
2544 44 1
2754 44 1
135 44 1
1758 44 1
3103 44 1
3212 44 1
1836 44 1
540 45 1
1482 45 1
2959 45 1
3796 45 1
816 45 1
1092 45 1
1063 45 1
3233 45 1
909 45 1
3564 45 1
1275 45 1
1958 45 1
428 45 1
3230 45 1
1898 45 1
3666 45 1
2459 45 1
2401 45 1
665 45 1
3732 45 1
2600 45 1
1785 45 1
3039 45 1
2644 45 1
927 45 1
2618 45 1
2750 45 1
2279 45 1
173 45 1
491 45 1
2088 45 1
238 45 1
3394 45 1
1363 45 1
198 45 1
720 45 1
999 45 1
1170 45 1
21 45 1
2208 45 1
2377 45 1
98 45 1
341 45 1
2744 45 1
1424 45 1
79 45 1
2651 45 1
1578 45 1
1884 45 1
2472 45 1
1297 45 1
2124 45 1
1101 45 1
3426 45 1
1808 45 1
1030 45 1
791 45 1
2623 45 1
2239 45 1
2904 45 1
2902 45 1
1154 45 1
3332 45 1
1937 45 1
3205 45 1
829 45 1
346 45 1
236 45 1
1543 45 1
3547 45 1
103 45 1
2888 45 1
2877 45 1
229 45 1
1856 45 1
1047 45 1
3368 45 1
1538 45 1
131 45 1
1811 45 1
3274 45 1
1160 45 1
1175 45 1
3705 45 1
212 45 1
871 45 1
3385 45 1
2521 45 1
3292 45 1
3086 45 1
3292 45 1
1945 45 1
1137 45 1
1371 45 1
2978 45 1
3589 45 1
2648 45 1
2965 45 1
2520 45 1
1044 45 1
1840 45 1
3149 45 1
3566 45 1
80 45 1
1150 45 1
1810 45 1
1352 45 1
3536 45 1
921 45 1
353 45 1
2646 45 1
3008 45 1
3778 45 1
3770 45 1
951 45 1
398 45 1
1870 45 1
2851 45 1
3819 45 1
2721 45 1
3788 45 1
1737 45 1
1171 45 1
3261 45 1
2119 45 1
389 45 1
1533 45 1
3188 45 1
501 45 1
3003 45 1
1041 45 1
3508 45 1
223 45 1
2902 45 1
1152 45 1
3411 45 1
1956 45 1
3552 45 1
258 45 1
3170 45 1
2298 45 1
1325 45 1
1879 45 1
3460 45 1
3288 45 1
3706 45 1
2168 45 1
1863 45 1
3461 45 1
1553 45 1
1792 45 1
743 45 1
2988 45 1
1148 45 1
1775 45 1
1159 45 1
2087 45 1
3679 45 1
899 45 1
3425 45 1
2169 45 1
1977 45 1
576 45 1
3687 45 1
2614 45 1
162 45 1
1346 45 1
2164 45 1
3147 45 1
1566 45 1
3432 45 1
2126 45 1
1693 45 1
3179 45 1
3598 45 1
2590 45 1
1459 45 1
2584 45 1
2788 45 1
3214 45 1
3102 45 1
2473 45 1
786 45 1
1236 45 1
1040 45 1
2547 45 1
3836 45 1
185 45 1
1450 45 1
623 45 1
3378 45 1
3659 45 1
1805 45 1
3782 45 1
1159 45 1
3456 45 1
2082 45 1
3336 45 1
3201 45 1
3196 45 1
2058 45 1
453 45 1
1238 45 1
152 45 1
51 45 1
3661 45 1
140 45 1
176 45 1
2551 45 1
3677 45 1
2163 45 1
2137 45 1
1061 45 1
395 45 1
1310 45 1
1925 45 1
2268 45 1
2301 45 1
2214 45 1
2193 45 1
3597 45 1
875 45 1
3433 45 1
2752 45 1
396 45 1
1822 45 1
2718 45 1
824 45 1
2464 45 1
429 45 1
1379 45 1
853 45 1
1325 45 1
677 45 1
1007 45 1
3103 45 1
1644 45 1
2638 45 1
398 45 1
3641 45 1
2712 45 1
2329 45 1
3279 45 1
226 45 1
3599 45 1
3494 45 1
3020 45 1
2674 45 1
1770 45 1
330 45 1
3587 45 1
2985 45 1
3538 45 1
115 45 1
3857 45 1
277 45 1
3413 45 1
1845 45 1
1224 45 1
2027 45 1
3518 45 1
933 45 1
2555 45 1
1719 45 1
1877 45 1
3299 45 1
122 45 1
2964 45 1
2846 45 1
29 45 1
201 45 1
1878 45 1
3152 45 1
1856 45 1
3472 45 1
2989 45 1
3830 45 1
2451 45 1
213 45 1
3566 45 1
2309 45 1
2994 45 1
3006 45 1
3651 45 1
81 45 1
3182 45 1
2564 45 1
2541 45 1
1589 45 1
1801 45 1
3220 45 1
1994 45 1
1308 45 1
1237 45 1
1144 45 1
828 45 1
859 45 1
1137 45 1
1516 45 1
3260 45 1
3714 45 1
1727 45 1
3823 45 1
567 45 1
3284 45 1
2360 45 1
517 45 1
203 45 1
335 45 1
2263 45 1
929 45 1
2880 45 1
1534 45 1
1087 45 1
444 45 1
170 45 1
1832 45 1
1365 45 1
1108 45 1
3174 45 1
2857 45 1
3727 45 1
1798 45 1
1701 45 1
3375 45 1
1258 45 1
1453 45 1
3250 45 1
2863 45 1
3385 45 1
3794 45 1
2135 45 1
2714 45 1
284 45 1
2340 45 1
3369 45 1
3635 45 1
1270 45 1
2436 45 1
2833 45 1
982 45 1
937 45 1
3102 45 1
1712 45 1
801 45 1
3071 46 1
3679 46 1
242 46 1
2561 46 1
1471 46 1
1092 46 1
1420 46 1
1074 46 1
311 46 1
1603 46 1
3069 46 1
514 46 1
2541 46 1
659 46 1
887 46 1
3657 46 1
3572 46 1
1209 46 1
2151 46 1
3097 46 1
296 46 1
3105 46 1
541 46 1
2347 46 1
233 46 1
847 46 1
2385 46 1
2986 46 1
746 46 1
228 46 1
209 46 1
1471 46 1
2529 46 1
1787 46 1
2162 46 1
1503 46 1
1814 46 1
2567 46 1
1061 46 1
2278 46 1
2895 46 1
2607 46 1
3134 46 1
2109 46 1
3167 46 1
1153 46 1
958 46 1
3481 46 1
70 46 1
538 46 1
770 46 1
1345 46 1
179 46 1
1773 46 1
2150 46 1
3547 46 1
744 46 1
73 46 1
657 46 1
2529 46 1
1226 46 1
1437 46 1
2655 46 1
1309 46 1
21 46 1
552 46 1
3257 46 1
217 46 1
1426 46 1
3356 46 1
1551 46 1
508 46 1
2079 46 1
1238 46 1
2521 46 1
1716 46 1
3152 46 1
263 46 1
1205 46 1
253 46 1
2050 46 1
1673 46 1
3461 46 1
2835 46 1
3482 46 1
2401 46 1
1780 46 1
2896 46 1
2102 46 1
3743 46 1
354 46 1
2246 46 1
1605 46 1
1462 46 1
2648 46 1
3270 46 1
3830 46 1
413 46 1
100 46 1
154 46 1
3488 46 1
78 46 1
614 46 1
2981 46 1
2577 46 1
1982 46 1
640 46 1
3036 46 1
339 46 1
2603 46 1
293 46 1
2755 46 1
2807 46 1
472 46 1
2711 46 1
3204 46 1
2802 46 1
1069 46 1
216 46 1
3238 46 1
822 46 1
304 46 1
1972 46 1
3081 46 1
2288 46 1
219 46 1
2484 46 1
1853 46 1
1160 46 1
2057 46 1
1780 46 1
689 46 1
1373 46 1
3819 46 1
3167 46 1
337 46 1
2943 46 1
1040 46 1
241 46 1
2825 46 1
1438 46 1
297 46 1
753 46 1
874 46 1
2596 46 1
392 46 1
2671 46 1
3351 46 1
717 46 1
3084 46 1
1068 46 1
1484 46 1
2738 46 1
2427 46 1
3301 46 1
3846 46 1
349 46 1
265 46 1
1591 46 1
1997 46 1
965 46 1
1229 46 1
875 46 1
2044 46 1
172 46 1
2323 46 1
1129 46 1
2547 46 1
3074 46 1
949 46 1
430 46 1
3235 46 1
361 46 1
2741 46 1
143 46 1
914 46 1
157 46 1
663 46 1
552 46 1
1916 46 1
1473 46 1
3644 46 1
2123 46 1
657 46 1
1743 46 1
1625 46 1
2105 46 1
513 46 1
3545 46 1
3859 46 1
2281 46 1
970 46 1
1605 46 1
1637 46 1
1905 46 1
3194 46 1
3641 46 1
3512 46 1
2900 46 1
1521 46 1
1624 46 1
2402 46 1
393 46 1
1171 46 1
3506 46 1
1381 46 1
3236 46 1
570 46 1
1278 46 1
2796 46 1
3470 46 1
3391 46 1
3762 46 1
2897 46 1
2384 46 1
1751 46 1
1614 46 1
541 46 1
2954 46 1
1383 46 1
359 46 1
2051 46 1
68 46 1
2642 46 1
708 46 1
1438 46 1
71 46 1
1320 46 1
247 46 1
2157 46 1
3288 46 1
2252 46 1
1175 46 1
2903 46 1
786 46 1
2356 46 1
441 46 1
350 46 1
2821 46 1
3165 46 1
84 46 1
3001 46 1
3303 46 1
2383 46 1
328 46 1
1520 46 1
3131 46 1
1685 46 1
177 46 1
2705 46 1
2810 46 1
1716 46 1
1993 46 1
1666 46 1
1693 46 1
2748 46 1
69 46 1
918 46 1
2013 46 1
3726 46 1
1856 46 1
1037 46 1
2352 46 1
440 46 1
1638 46 1
2310 46 1
3058 46 1
429 46 1
2328 46 1
1798 46 1
2185 46 1
448 46 1
234 46 1
589 46 1
3553 46 1
2216 46 1
3848 46 1
3741 46 1
2799 46 1
788 46 1
2248 46 1
2491 46 1
1192 46 1
372 46 1
3376 46 1
2197 46 1
3303 46 1
2116 46 1
2305 46 1
42 46 1
1918 46 1
3320 46 1
2856 46 1
745 46 1
2016 46 1
3312 46 1
3296 46 1
477 46 1
3074 46 1
2205 46 1
783 46 1
1735 46 1
1223 46 1
1187 46 1
2378 46 1
2726 46 1
2942 46 1
2005 46 1
2765 46 1
3091 46 1
1312 46 1
1614 46 1
3847 46 1
2618 46 1
601 46 1
3649 46 1
3361 46 1
3069 46 1
880 46 1
1948 46 1
18 46 1
1664 46 1
3156 46 1
768 46 1
3320 46 1
1233 46 1
2090 46 1
1827 46 1
2632 46 1
1402 46 1
138 46 1
992 46 1
210 46 1
3155 46 1
1149 46 1
2944 46 1
3775 46 1
204 46 1
1685 46 1
1190 46 1
2525 46 1
2585 46 1
2920 46 1
1717 46 1
3696 46 1
2206 47 1
2911 47 1
2259 47 1
3451 47 1
2519 47 1
1333 47 1
3231 47 1
1781 47 1
136 47 1
3045 47 1
496 47 1
2867 47 1
3040 47 1
1373 47 1
3713 47 1
564 47 1
362 47 1
3331 47 1
1807 47 1
26 47 1
124 47 1
2769 47 1
3731 47 1
53 47 1
2940 47 1
1438 47 1
822 47 1
1413 47 1
1880 47 1
47 47 1
1950 47 1
1317 47 1
1521 47 1
2025 47 1
1638 47 1
479 47 1
1609 47 1
2670 47 1
770 47 1
1105 47 1
1608 47 1
2015 47 1
663 47 1
1834 47 1
2449 47 1
319 47 1
213 47 1
429 47 1
2980 47 1
2160 47 1
79 47 1
2842 47 1
3229 47 1
1909 47 1
3002 47 1
2803 47 1
69 47 1
3424 47 1
2544 47 1
1052 47 1
2364 47 1
1575 47 1
2507 47 1
916 47 1
2475 47 1
3753 47 1
1468 47 1
1924 47 1
258 47 1
3705 47 1
1302 47 1
3708 47 1
504 47 1
1134 47 1
2908 47 1
3471 47 1
1985 47 1
1599 47 1
255 47 1
3605 47 1
2692 47 1
318 47 1
2952 47 1
3815 47 1
1693 47 1
2059 47 1
3321 47 1
2084 47 1
158 47 1
3220 47 1
3434 47 1
3765 47 1
3157 47 1
1315 47 1
1515 47 1
3721 47 1
3567 47 1
2020 47 1
1021 47 1
2280 47 1
2700 47 1
3070 47 1
3469 47 1
3635 47 1
1131 47 1
3811 47 1
1122 47 1
1647 47 1
1018 47 1
2425 47 1
293 47 1
650 47 1
1697 47 1
3362 47 1
2419 47 1
853 47 1
3001 47 1
1525 47 1
3482 47 1
3800 47 1
1845 47 1
2419 47 1
489 47 1
1221 47 1
3820 47 1
1721 47 1
3368 47 1
2136 47 1
621 47 1
390 47 1
381 47 1
44 47 1
1934 47 1
2899 47 1
2338 47 1
1845 47 1
1416 47 1
1870 47 1
1115 47 1
883 47 1
1014 47 1
428 47 1
1115 47 1
1780 47 1
452 47 1
1428 47 1
2134 47 1
2616 47 1
3552 47 1
3106 47 1
2919 47 1
2873 47 1
1962 47 1
1083 47 1
1032 47 1
2585 47 1
2271 47 1
2422 47 1
2117 47 1
1946 47 1
159 47 1
555 47 1
231 47 1
2688 47 1
3055 47 1
904 47 1
2863 47 1
1261 47 1
1892 47 1
1713 47 1
1481 47 1
3713 47 1
2122 47 1
1091 47 1
1236 47 1
959 47 1
3571 47 1
552 47 1
64 47 1
960 47 1
3540 47 1
517 47 1
869 47 1
330 47 1
1633 47 1
2040 47 1
1735 47 1
1473 47 1
3801 47 1
1985 47 1
160 47 1
2164 47 1
3468 47 1
1536 47 1
3671 47 1
2055 47 1
2285 47 1
3651 47 1
1301 47 1
2614 47 1
1316 47 1
2197 47 1
2744 47 1
3728 47 1
892 47 1
3291 47 1
2343 47 1
3088 47 1
895 47 1
338 47 1
2167 47 1
3245 47 1
1622 47 1
2346 47 1
2395 47 1
3434 47 1
1648 47 1
3302 47 1
3707 47 1
2333 47 1
3621 47 1
180 47 1
3188 47 1
250 47 1
2929 47 1
1642 47 1
1309 47 1
2196 47 1
2589 47 1
1768 47 1
3522 47 1
2789 47 1
3730 47 1
2263 47 1
3225 47 1
70 47 1
2096 47 1
1834 47 1
818 47 1
141 47 1
354 47 1
743 47 1
1118 47 1
55 47 1
1072 47 1
1553 47 1
1464 47 1
1513 47 1
1270 47 1
1711 47 1
2315 47 1
2766 47 1
1224 47 1
131 47 1
3149 47 1
2754 47 1
1361 47 1
2562 47 1
1282 47 1
3712 47 1
2318 47 1
658 47 1
1719 47 1
1706 47 1
2139 47 1
1656 47 1
142 47 1
474 47 1
2103 47 1
1253 47 1
2185 47 1
388 47 1
3129 47 1
3378 47 1
3468 47 1
2338 47 1
2789 47 1
505 47 1
2877 47 1
3700 47 1
3295 47 1
343 47 1
1787 47 1
1524 47 1
1666 47 1
3403 47 1
2370 47 1
672 47 1
1411 47 1
2297 47 1
2100 47 1
1474 47 1
565 47 1
458 47 1
2091 47 1
1863 47 1
2399 47 1
1368 47 1
390 47 1
275 47 1
1244 47 1
3122 47 1
773 47 1
2326 47 1
479 47 1
408 47 1
3323 47 1
1865 47 1
2878 47 1
2597 47 1
2509 47 1
2843 47 1
1868 47 1
1664 47 1
2025 47 1
385 47 1
179 47 1
1996 47 1
370 47 1
2717 47 1
2781 47 1
646 47 1
788 47 1
3491 47 1
533 47 1
3558 47 1
2222 47 1
1296 47 1
2440 47 1
1561 47 1
161 47 1
3854 47 1
1894 47 1
3597 47 1
2034 47 1
381 47 1
3718 47 1
3517 47 1
3712 47 1
3686 47 1
1294 47 1
2213 47 1
1902 47 1
2992 47 1
597 47 1
266 48 1
2304 48 1
2000 48 1
2234 48 1
3598 48 1
2029 48 1
1280 48 1
3733 48 1
1615 48 1
884 48 1
2885 48 1
394 48 1
2126 48 1
2698 48 1
12 48 1
2892 48 1
3772 48 1
3537 48 1
1561 48 1
3227 48 1
1424 48 1
2728 48 1
3061 48 1
1619 48 1
2568 48 1
1729 48 1
1240 48 1
1839 48 1
2353 48 1
2860 48 1
1703 48 1
2317 48 1
2592 48 1
31 48 1
442 48 1
3203 48 1
3851 48 1
115 48 1
1224 48 1
2217 48 1
2138 48 1
3375 48 1
389 48 1
455 48 1
1565 48 1
728 48 1
2241 48 1
1114 48 1
1942 48 1
526 48 1
272 48 1
185 48 1
2262 48 1
1083 48 1
2749 48 1
385 48 1
1769 48 1
3841 48 1
558 48 1
37 48 1
2630 48 1
3251 48 1
1146 48 1
1022 48 1
1289 48 1
2502 48 1
113 48 1
2949 48 1
3056 48 1
444 48 1
2789 48 1
1861 48 1
1884 48 1
2719 48 1
1849 48 1
3176 48 1
1693 48 1
2431 48 1
3529 48 1
889 48 1
3098 48 1
3086 48 1
2511 48 1
2806 48 1
484 48 1
946 48 1
2776 48 1
3585 48 1
3038 48 1
3114 48 1
1605 48 1
1267 48 1
3479 48 1
2755 48 1
10 48 1
409 48 1
3691 48 1
971 48 1
2380 48 1
189 48 1
2017 48 1
744 48 1
2403 48 1
1147 48 1
1439 48 1
1253 48 1
3420 48 1
1010 48 1
3426 48 1
3106 48 1
1386 48 1
2253 48 1
2696 48 1
3265 48 1
1453 48 1
38 48 1
296 48 1
2871 48 1
989 48 1
2657 48 1
3478 48 1
1090 48 1
2451 48 1
2028 48 1
1473 48 1
2363 48 1
1199 48 1
649 48 1
2263 48 1
3248 48 1
2154 48 1
1760 48 1
3830 48 1
727 48 1
2356 48 1
645 48 1
1112 48 1
2348 48 1
2254 48 1
956 48 1
783 48 1
2199 48 1
2640 48 1
2257 48 1
2015 48 1
2693 48 1
1615 48 1
1699 48 1
1902 48 1
2995 48 1
899 48 1
72 48 1
1226 48 1
2898 48 1
700 48 1
2422 48 1
561 48 1
160 48 1
3319 48 1
625 48 1
2658 48 1
161 48 1
103 48 1
1143 48 1
2192 48 1
1532 48 1
1766 48 1
2773 48 1
1195 48 1
2944 48 1
892 48 1
1356 48 1
3040 48 1
1135 48 1
311 48 1
1199 48 1
2214 48 1
3412 48 1
130 48 1
2342 48 1
2998 48 1
327 48 1
3589 48 1
3225 48 1
1957 48 1
1335 48 1
1515 48 1
2068 48 1
1600 48 1
334 48 1
2950 48 1
2457 48 1
2605 48 1
2416 48 1
2709 48 1
2801 48 1
2343 48 1
3640 48 1
2841 48 1
3839 48 1
3454 48 1
182 48 1
3145 48 1
313 48 1
2852 48 1
3806 48 1
1462 48 1
2323 48 1
3056 48 1
2633 48 1
1946 48 1
1381 48 1
342 48 1
2161 48 1
1502 48 1
3831 48 1
834 48 1
1284 48 1
1502 48 1
404 48 1
2509 48 1
1762 48 1
2465 48 1
1423 48 1
3151 48 1
516 48 1
1389 48 1
3301 48 1
316 48 1
3624 48 1
1395 48 1
2394 48 1
425 48 1
3851 48 1
3513 48 1
904 48 1
267 48 1
9 48 1
1320 48 1
3615 48 1
2758 48 1
756 48 1
1947 48 1
1001 48 1
1895 48 1
2504 48 1
2119 48 1
3562 48 1
2999 48 1
3187 48 1
371 48 1
536 48 1
873 48 1
1153 48 1
533 48 1
3329 48 1
3629 48 1
2698 48 1
2698 48 1
956 48 1
181 48 1
2022 48 1
1897 48 1
104 48 1
1651 48 1
3221 48 1
194 48 1
2226 48 1
1687 48 1
1013 48 1
2548 48 1
2156 48 1
3472 48 1
2514 48 1
3482 48 1
2486 48 1
3234 48 1
565 48 1
390 48 1
3698 48 1
956 48 1
1985 48 1
1882 48 1
1475 48 1
893 48 1
3803 48 1
1335 48 1
235 48 1
689 48 1
2697 48 1
653 48 1
556 48 1
2784 48 1
1748 48 1
866 48 1
3804 48 1
2779 48 1
2172 48 1
656 48 1
3141 48 1
1924 48 1
2366 48 1
3450 48 1
1789 48 1
1000 48 1
3178 48 1
592 48 1
359 48 1
140 48 1
1087 48 1
1765 48 1
340 48 1
2354 48 1
271 48 1
1534 48 1
1339 48 1
480 48 1
3841 48 1
573 48 1
64 48 1
151 48 1
572 48 1
625 48 1
2962 48 1
617 48 1
2819 48 1
2512 48 1
241 48 1
639 48 1
1993 48 1
2495 48 1
2793 48 1
674 48 1
3366 48 1
3827 48 1
21 48 1
1354 48 1
3603 48 1
2437 48 1
585 48 1
1246 48 1
1710 48 1
3829 48 1
1221 48 1
3366 48 1
2965 49 1
50 49 1
1507 49 1
952 49 1
1028 49 1
3108 49 1
1919 49 1
173 49 1
3168 49 1
1261 49 1
1467 49 1
1756 49 1
2489 49 1
3295 49 1
721 49 1
2737 49 1
767 49 1
314 49 1
1872 49 1
3759 49 1
403 49 1
44 49 1
3412 49 1
2784 49 1
2755 49 1
2446 49 1
1676 49 1
1163 49 1
140 49 1
2907 49 1
2784 49 1
3253 49 1
1344 49 1
3590 49 1
2902 49 1
2141 49 1
1091 49 1
1616 49 1
2857 49 1
3853 49 1
3507 49 1
1284 49 1
1977 49 1
498 49 1
291 49 1
1174 49 1
1238 49 1
1456 49 1
1167 49 1
2732 49 1
1379 49 1
455 49 1
2395 49 1
2633 49 1
3692 49 1
581 49 1
3492 49 1
194 49 1
656 49 1
2922 49 1
1170 49 1
725 49 1
1519 49 1
3661 49 1
3853 49 1
1015 49 1
2707 49 1
289 49 1
2079 49 1
630 49 1
1669 49 1
1958 49 1
2590 49 1
289 49 1
175 49 1
1129 49 1
2839 49 1
2163 49 1
346 49 1
547 49 1
3374 49 1
2687 49 1
3013 49 1
2809 49 1
3630 49 1
1796 49 1
2805 49 1
267 49 1
3022 49 1
3173 49 1
2321 49 1
225 49 1
345 49 1
2017 49 1
1006 49 1
3232 49 1
2821 49 1
1151 49 1
3317 49 1
1091 49 1
1681 49 1
3042 49 1
29 49 1
940 49 1
173 49 1
3268 49 1
443 49 1
2518 49 1
1061 49 1
287 49 1
1383 49 1
973 49 1
2294 49 1
2346 49 1
1710 49 1
468 49 1
725 49 1
2445 49 1
1394 49 1
3541 49 1
3740 49 1
1089 49 1
1807 49 1
2315 49 1
1059 49 1
740 49 1
3776 49 1
41 49 1
2094 49 1
3011 49 1
920 49 1
2321 49 1
748 49 1
215 49 1
921 49 1
10 49 1
2135 49 1
2403 49 1
1699 49 1
234 49 1
1316 49 1
985 49 1
156 49 1
340 49 1
3745 49 1
2047 49 1
3516 49 1
875 49 1
2488 49 1
578 49 1
1730 49 1
2428 49 1
1469 49 1
1846 49 1
207 49 1
544 49 1
2210 49 1
1689 49 1
562 49 1
1614 49 1
1725 49 1
1567 49 1
2751 49 1
3242 49 1
3124 49 1
654 49 1
2868 49 1
3637 49 1
264 49 1
1176 49 1
1805 49 1
1138 49 1
1546 49 1
2919 49 1
2920 49 1
159 49 1
3670 49 1
2408 49 1
39 49 1
3805 49 1
2678 49 1
2107 49 1
1358 49 1
2223 49 1
3217 49 1
3830 49 1
1372 49 1
2137 49 1
2726 49 1
420 49 1
3780 49 1
2431 49 1
3333 49 1
1019 49 1
1570 49 1
564 49 1
2335 49 1
550 49 1
3627 49 1
1465 49 1
135 49 1
177 49 1
2459 49 1
3187 49 1
1253 49 1
1312 49 1
3341 49 1
2550 49 1
3256 49 1
3460 49 1
967 49 1
134 49 1
236 49 1
2410 49 1
1096 49 1
2106 49 1
2710 49 1
1445 49 1
816 49 1
2800 49 1
3793 49 1
2653 49 1
1207 49 1
965 49 1
1080 49 1
337 49 1
2890 49 1
2846 49 1
3853 49 1
1349 49 1
1099 49 1
2407 49 1
1537 49 1
3383 49 1
3407 49 1
1596 49 1
231 49 1
1325 49 1
237 49 1
163 49 1
193 49 1
3550 49 1
2860 49 1
842 49 1
725 49 1
2065 49 1
1240 49 1
424 49 1
1310 49 1
2506 49 1
624 49 1
3836 49 1
3675 49 1
3357 49 1
2422 49 1
1137 49 1
2022 49 1
3154 49 1
495 49 1
1728 49 1
3288 49 1
354 49 1
3668 49 1
131 49 1
1895 49 1
1170 49 1
3688 49 1
2044 49 1
2049 49 1
1557 49 1
2862 49 1
3826 49 1
1816 49 1
13 49 1
1220 49 1
3389 49 1
3025 49 1
1425 49 1
780 49 1
2698 49 1
1669 49 1
1042 49 1
2075 49 1
411 49 1
2790 49 1
630 49 1
3134 49 1
1861 49 1
505 49 1
3757 49 1
59 49 1
1663 49 1
1189 49 1
1120 49 1
496 49 1
2283 49 1
2881 49 1
1683 49 1
561 49 1
2041 49 1
1398 49 1
858 49 1
685 49 1
797 49 1
376 49 1
877 49 1
582 49 1
3464 49 1
1455 49 1
1665 49 1
2709 49 1
3031 49 1
1118 49 1
114 49 1
2449 49 1
3633 49 1
436 49 1
1965 49 1
1223 49 1
521 49 1
3734 49 1
1874 49 1
1025 49 1
3330 49 1
1616 49 1
1508 49 1
2604 49 1
1110 49 1
1381 49 1
2394 49 1
3680 49 1
3573 49 1
1316 49 1
893 49 1
3304 49 1
1132 49 1
46 49 1
975 49 1
3349 49 1
1620 49 1
2345 49 1
1795 49 1
507 49 1
1425 49 1
683 49 1
1352 50 1
1070 50 1
1581 50 1
3560 50 1
2242 50 1
2379 50 1
2978 50 1
58 50 1
1537 50 1
189 50 1
885 50 1
1569 50 1
720 50 1
2400 50 1
737 50 1
3858 50 1
954 50 1
1577 50 1
3394 50 1
831 50 1
3589 50 1
373 50 1
807 50 1
2335 50 1
1106 50 1
3824 50 1
960 50 1
1083 50 1
863 50 1
144 50 1
2977 50 1
2628 50 1
2918 50 1
1539 50 1
466 50 1
492 50 1
3034 50 1
1350 50 1
2718 50 1
1553 50 1
2401 50 1
3581 50 1
3658 50 1
2852 50 1
2199 50 1
500 50 1
2981 50 1
3095 50 1
74 50 1
2251 50 1
686 50 1
2092 50 1
373 50 1
1534 50 1
3701 50 1
2050 50 1
2975 50 1
1588 50 1
1148 50 1
1209 50 1
1376 50 1
3024 50 1
1384 50 1
2051 50 1
1237 50 1
978 50 1
2165 50 1
1739 50 1
98 50 1
3334 50 1
2591 50 1
173 50 1
3194 50 1
1567 50 1
3200 50 1
2831 50 1
2310 50 1
858 50 1
2918 50 1
3085 50 1
2895 50 1
1783 50 1
2098 50 1
1049 50 1
2407 50 1
2389 50 1
82 50 1
1137 50 1
2153 50 1
2863 50 1
2355 50 1
2687 50 1
1870 50 1
3382 50 1
1110 50 1
2366 50 1
656 50 1
671 50 1
2656 50 1
3005 50 1
1706 50 1
305 50 1
3625 50 1
1974 50 1
693 50 1
598 50 1
3722 50 1
1757 50 1
2953 50 1
1657 50 1
1596 50 1
2687 50 1
2995 50 1
2539 50 1
509 50 1
644 50 1
3399 50 1
1302 50 1
1489 50 1
1892 50 1
3000 50 1
2453 50 1
2595 50 1
1936 50 1
2979 50 1
2795 50 1
936 50 1
1010 50 1
233 50 1
763 50 1
1541 50 1
1571 50 1
2020 50 1
1379 50 1
1004 50 1
3211 50 1
2295 50 1
3016 50 1
3353 50 1
136 50 1
1442 50 1
187 50 1
2291 50 1
3152 50 1
2289 50 1
2462 50 1
1459 50 1
2873 50 1
1833 50 1
547 50 1
3007 50 1
1084 50 1
1263 50 1
838 50 1
2919 50 1
500 50 1
1724 50 1
3161 50 1
2518 50 1
429 50 1
2229 50 1
2232 50 1
460 50 1
1279 50 1
1622 50 1
3448 50 1
1569 50 1
2804 50 1
1745 50 1
2911 50 1
72 50 1
697 50 1
104 50 1
1732 50 1
2012 50 1
3534 50 1
2931 50 1
830 50 1
1313 50 1
2700 50 1
3493 50 1
2306 50 1
702 50 1
131 50 1
1454 50 1
2408 50 1
3133 50 1
896 50 1
1596 50 1
2853 50 1
1024 50 1
2650 50 1
2872 50 1
225 50 1
3067 50 1
2304 50 1
3510 50 1
2147 50 1
2008 50 1
1755 50 1
2632 50 1
1476 50 1
2036 50 1
2912 50 1
3352 50 1
740 50 1
960 50 1
3642 50 1
3459 50 1
3365 50 1
2883 50 1
643 50 1
1183 50 1
3583 50 1
3154 50 1
3643 50 1
90 50 1
645 50 1
1751 50 1
578 50 1
340 50 1
2793 50 1
2275 50 1
3638 50 1
660 50 1
256 50 1
2833 50 1
1199 50 1
3170 50 1
566 50 1
66 50 1
3280 50 1
599 50 1
3668 50 1
2643 50 1
1338 50 1
3235 50 1
2310 50 1
470 50 1
161 50 1
2925 50 1
158 50 1
1542 50 1
1067 50 1
123 50 1
2042 50 1
3390 50 1
3787 50 1
1320 50 1
12 50 1
2536 50 1
2023 50 1
3109 50 1
1615 50 1
679 50 1
1503 50 1
3049 50 1
3723 50 1
758 50 1
2199 50 1
1451 50 1
960 50 1
330 50 1
3401 50 1
543 50 1
184 50 1
3613 50 1
31 50 1
813 50 1
2697 50 1
2387 50 1
1584 50 1
1314 50 1
2530 50 1
476 50 1
3278 50 1
1412 50 1
3613 50 1
1081 50 1
2861 50 1
3795 50 1
3174 50 1
3710 50 1
993 50 1
3139 50 1
1593 50 1
1861 50 1
3825 50 1
5 50 1
1982 50 1
899 50 1
1318 50 1
2423 50 1
2707 50 1
2032 50 1
1566 50 1
3197 50 1
1752 50 1
2911 50 1
1294 50 1
2320 50 1
3724 50 1
2735 50 1
3667 50 1
2590 50 1
2666 50 1
420 50 1
2640 50 1
3316 50 1
2131 50 1
514 50 1
2616 50 1
842 50 1
1485 50 1
3789 50 1
248 50 1
2578 50 1
3548 50 1
3152 50 1
2272 50 1
1206 50 1
1962 50 1
714 50 1
1119 50 1
3679 50 1
757 50 1
2736 50 1
2284 50 1
1390 50 1
3694 50 1
249 50 1
1430 50 1
1575 50 1
3115 50 1
2193 50 1
3598 50 1
3089 50 1
893 50 1
1899 50 1
826 50 1
823 50 1
436 50 1
2961 50 1
106 50 1
1522 50 1
661 51 1
2897 51 1
2937 51 1
984 51 1
3825 51 1
2282 51 1
3442 51 1
582 51 1
3503 51 1
2435 51 1
1624 51 1
2609 51 1
2272 51 1
645 51 1
2202 51 1
2210 51 1
635 51 1
2032 51 1
2101 51 1
1358 51 1
1047 51 1
2043 51 1
391 51 1
2653 51 1
1230 51 1
3542 51 1
1695 51 1
1640 51 1
1091 51 1
1364 51 1
2257 51 1
3470 51 1
31 51 1
2218 51 1
1557 51 1
1760 51 1
1932 51 1
1215 51 1
2741 51 1
1723 51 1
3302 51 1
886 51 1
1008 51 1
835 51 1
2815 51 1
2676 51 1
1926 51 1
3738 51 1
1062 51 1
1456 51 1
409 51 1
2861 51 1
629 51 1
2977 51 1
1731 51 1
1563 51 1
1354 51 1
2607 51 1
2263 51 1
676 51 1
2663 51 1
2088 51 1
1026 51 1
2377 51 1
1525 51 1
1269 51 1
3165 51 1
2544 51 1
2996 51 1
1774 51 1
2259 51 1
1598 51 1
255 51 1
3236 51 1
3258 51 1
2993 51 1
2746 51 1
580 51 1
2491 51 1
3006 51 1
1780 51 1
2778 51 1
38 51 1
467 51 1
571 51 1
1875 51 1
994 51 1
3230 51 1
776 51 1
454 51 1
2972 51 1
2530 51 1
2252 51 1
2285 51 1
2185 51 1
1331 51 1
3554 51 1
104 51 1
310 51 1
2993 51 1
3740 51 1
3390 51 1
1594 51 1
3169 51 1
1431 51 1
1102 51 1
3496 51 1
3027 51 1
2866 51 1
464 51 1
1526 51 1
2204 51 1
1906 51 1
784 51 1
2972 51 1
110 51 1
2140 51 1
3670 51 1
1035 51 1
2670 51 1
2173 51 1
444 51 1
3143 51 1
2740 51 1
784 51 1
1047 51 1
1530 51 1
1327 51 1
821 51 1
2777 51 1
1428 51 1
2598 51 1
1806 51 1
1961 51 1
1791 51 1
1847 51 1
1490 51 1
3090 51 1
771 51 1
3096 51 1
3174 51 1
3147 51 1
229 51 1
3643 51 1
751 51 1
826 51 1
1567 51 1
2737 51 1
3570 51 1
3562 51 1
1606 51 1
3770 51 1
197 51 1
1493 51 1
503 51 1
539 51 1
1059 51 1
2092 51 1
2381 51 1
3374 51 1
3124 51 1
1412 51 1
3690 51 1
1846 51 1
1190 51 1
14 51 1
477 51 1
2593 51 1
79 51 1
2778 51 1
3142 51 1
8 51 1
2296 51 1
474 51 1
495 51 1
881 51 1
2990 51 1
2874 51 1
3163 51 1
216 51 1
3470 51 1
536 51 1
836 51 1
2238 51 1
3653 51 1
3063 51 1
3521 51 1
1465 51 1
1068 51 1
2958 51 1
2520 51 1
1924 51 1
2981 51 1
3085 51 1
3201 51 1
1317 51 1
170 51 1
183 51 1
2185 51 1
2925 51 1
1559 51 1
2040 51 1
1578 51 1
3222 51 1
2777 51 1
126 51 1
3245 51 1
1203 51 1
3762 51 1
3285 51 1
2011 51 1
1876 51 1
2665 51 1
1049 51 1
694 51 1
3379 51 1
465 51 1
157 51 1
2773 51 1
2444 51 1
3069 51 1
725 51 1
383 51 1
1802 51 1
828 51 1
1278 51 1
3705 51 1
1465 51 1
1609 51 1
2516 51 1
1176 51 1
2 51 1
1167 51 1
3167 51 1
1963 51 1
3110 51 1
1691 51 1
2368 51 1
3643 51 1
1652 51 1
3598 51 1
2614 51 1
418 51 1
1541 51 1
2463 51 1
3744 51 1
2316 51 1
1506 51 1
3809 51 1
3151 51 1
2836 51 1
108 51 1
1117 51 1
3526 51 1
2165 51 1
3355 51 1
3758 51 1
2200 51 1
219 51 1
2798 51 1
181 51 1
1252 51 1
3334 51 1
738 51 1
2391 51 1
3800 51 1
93 51 1
3792 51 1
31 51 1
3665 51 1
1658 51 1
2999 51 1
20 51 1
743 51 1
1939 51 1
3342 51 1
439 51 1
2768 51 1
2075 51 1
1918 51 1
2992 51 1
1014 51 1
2894 51 1
1582 51 1
1081 51 1
1004 51 1
1632 51 1
1635 51 1
2641 51 1
935 51 1
1628 51 1
1484 51 1
3734 51 1
2518 51 1
3792 51 1
2360 51 1
3459 51 1
2407 51 1
2922 51 1
3690 51 1
3182 51 1
12 51 1
324 51 1
249 51 1
1595 51 1
1584 51 1
2748 51 1
2937 51 1
2451 51 1
3658 51 1
1473 51 1
1330 51 1
3076 51 1
3848 51 1
50 51 1
3504 51 1
1268 51 1
2861 51 1
931 51 1
3092 51 1
950 51 1
2140 51 1
1959 51 1
332 51 1
1613 51 1
3277 51 1
2401 51 1
2663 51 1
2856 51 1
1407 51 1
1396 51 1
2647 51 1
365 51 1
2251 51 1
2238 51 1
2349 51 1
2444 51 1
826 51 1
1968 51 1
1828 51 1
3812 51 1
2235 51 1
2645 51 1
2644 51 1
3253 51 1
1462 52 1
1569 52 1
3690 52 1
3522 52 1
1770 52 1
920 52 1
3008 52 1
2714 52 1
3484 52 1
3516 52 1
1409 52 1
391 52 1
434 52 1
1658 52 1
2077 52 1
2283 52 1
1137 52 1
2654 52 1
2850 52 1
2146 52 1
3813 52 1
3028 52 1
2770 52 1
3036 52 1
2754 52 1
3808 52 1
652 52 1
1337 52 1
2642 52 1
2698 52 1
844 52 1
3790 52 1
1347 52 1
1801 52 1
737 52 1
1626 52 1
3393 52 1
3041 52 1
61 52 1
3780 52 1
1386 52 1
289 52 1
150 52 1
3716 52 1
1652 52 1
1178 52 1
3611 52 1
2527 52 1
3078 52 1
2260 52 1
2575 52 1
3295 52 1
1579 52 1
3568 52 1
3749 52 1
3724 52 1
1140 52 1
168 52 1
2039 52 1
3536 52 1
3824 52 1
1203 52 1
3827 52 1
88 52 1
990 52 1
1963 52 1
421 52 1
2740 52 1
955 52 1
3233 52 1
412 52 1
2481 52 1
518 52 1
315 52 1
544 52 1
2080 52 1
924 52 1
2542 52 1
3606 52 1
967 52 1
2204 52 1
2694 52 1
2547 52 1
1096 52 1
1848 52 1
2331 52 1
956 52 1
1466 52 1
2346 52 1
524 52 1
1559 52 1
1270 52 1
2849 52 1
46 52 1
3695 52 1
1850 52 1
2018 52 1
2191 52 1
730 52 1
2314 52 1
2310 52 1
1458 52 1
793 52 1
153 52 1
3279 52 1
630 52 1
1597 52 1
2203 52 1
3545 52 1
3355 52 1
2761 52 1
2475 52 1
3656 52 1
2972 52 1
2058 52 1
277 52 1
2670 52 1
1899 52 1
3206 52 1
732 52 1
3072 52 1
2268 52 1
3043 52 1
1961 52 1
2232 52 1
2075 52 1
1578 52 1
3127 52 1
639 52 1
3656 52 1
1010 52 1
3742 52 1
946 52 1
2962 52 1
2263 52 1
1822 52 1
1189 52 1
511 52 1
2693 52 1
625 52 1
1605 52 1
1190 52 1
2070 52 1
1776 52 1
2717 52 1
3646 52 1
656 52 1
2061 52 1
3431 52 1
1610 52 1
1734 52 1
1958 52 1
2466 52 1
1448 52 1
1140 52 1
345 52 1
3621 52 1
3438 52 1
1731 52 1
597 52 1
3652 52 1
361 52 1
72 52 1
3041 52 1
970 52 1
3638 52 1
1127 52 1
1261 52 1
2570 52 1
2685 52 1
2386 52 1
1468 52 1
1212 52 1
3543 52 1
3594 52 1
1967 52 1
2011 52 1
65 52 1
1796 52 1
479 52 1
2858 52 1
1121 52 1
1990 52 1
3007 52 1
3790 52 1
3419 52 1
644 52 1
576 52 1
3808 52 1
3528 52 1
296 52 1
2809 52 1
162 52 1
1642 52 1
2817 52 1
724 52 1
3746 52 1
144 52 1
3182 52 1
1791 52 1
698 52 1
38 52 1
1675 52 1
912 52 1
3768 52 1
1836 52 1
895 52 1
3276 52 1
1573 52 1
845 52 1
1576 52 1
871 52 1
454 52 1
2532 52 1
1861 52 1
3678 52 1
805 52 1
508 52 1
757 52 1
1536 52 1
51 52 1
505 52 1
3342 52 1
3599 52 1
2566 52 1
3457 52 1
1681 52 1
2688 52 1
3676 52 1
2904 52 1
3639 52 1
780 52 1
2638 52 1
1918 52 1
2042 52 1
554 52 1
1997 52 1
2322 52 1
1817 52 1
436 52 1
901 52 1
409 52 1
89 52 1
3251 52 1
514 52 1
3514 52 1
1923 52 1
2949 52 1
3452 52 1
1765 52 1
3512 52 1
3209 52 1
535 52 1
326 52 1
484 52 1
2573 52 1
2037 52 1
807 52 1
2617 52 1
2011 52 1
2508 52 1
948 52 1
2932 52 1
333 52 1
3068 52 1
1924 52 1
137 52 1
981 52 1
3694 52 1
512 52 1
179 52 1
1649 52 1
2953 52 1
2538 52 1
1720 52 1
3191 52 1
3801 52 1
1017 52 1
243 52 1
3114 52 1
1182 52 1
2055 52 1
3162 52 1
1606 52 1
720 52 1
3357 52 1
1473 52 1
2804 52 1
1345 52 1
30 52 1
3854 52 1
1127 52 1
2505 52 1
2592 52 1
1178 52 1
1418 52 1
1857 52 1
3852 52 1
658 52 1
744 52 1
3444 52 1
911 52 1
1884 52 1
1555 52 1
2865 52 1
3128 52 1
3040 52 1
3659 52 1
3017 52 1
2402 52 1
660 52 1
1719 52 1
1495 52 1
715 52 1
600 52 1
985 52 1
2403 52 1
127 52 1
635 52 1
2541 52 1
1890 52 1
3076 52 1
1964 52 1
500 52 1
63 52 1
1978 52 1
2969 52 1
1176 52 1
1127 52 1
2695 52 1
3258 52 1
955 52 1
1839 52 1
622 52 1
551 52 1
705 52 1
137 52 1
1566 52 1
703 52 1
2883 52 1
595 52 1
1216 52 1
204 52 1
491 52 1
1924 52 1
1947 53 1
1 53 1
1490 53 1
1308 53 1
192 53 1
919 53 1
1135 53 1
1467 53 1
2132 53 1
1324 53 1
619 53 1
2675 53 1
291 53 1
174 53 1
2853 53 1
1107 53 1
1823 53 1
62 53 1
3669 53 1
2882 53 1
3118 53 1
1050 53 1
2201 53 1
3436 53 1
2484 53 1
3086 53 1
1638 53 1
2682 53 1
892 53 1
120 53 1
703 53 1
1393 53 1
2823 53 1
3309 53 1
2549 53 1
811 53 1
2856 53 1
3017 53 1
1862 53 1
1764 53 1
1203 53 1
2781 53 1
3731 53 1
3347 53 1
3630 53 1
3421 53 1
214 53 1
3761 53 1
44 53 1
329 53 1
1882 53 1
3503 53 1
367 53 1
1961 53 1
1830 53 1
2821 53 1
3568 53 1
1694 53 1
902 53 1
2742 53 1
2469 53 1
818 53 1
3550 53 1
120 53 1
2500 53 1
472 53 1
3758 53 1
3245 53 1
942 53 1
3268 53 1
2041 53 1
1935 53 1
2611 53 1
894 53 1
2972 53 1
2545 53 1
2165 53 1
143 53 1
2226 53 1
566 53 1
3785 53 1
2755 53 1
2731 53 1
1559 53 1
1569 53 1
2283 53 1
2681 53 1
1485 53 1
645 53 1
3707 53 1
2920 53 1
1860 53 1
728 53 1
3730 53 1
3210 53 1
3147 53 1
1121 53 1
1472 53 1
2535 53 1
766 53 1
2162 53 1
1757 53 1
83 53 1
1413 53 1
1540 53 1
3368 53 1
2176 53 1
1026 53 1
224 53 1
2703 53 1
1061 53 1
2119 53 1
3065 53 1
770 53 1
1080 53 1
465 53 1
2227 53 1
3669 53 1
3302 53 1
2314 53 1
1839 53 1
1520 53 1
2815 53 1
1107 53 1
1428 53 1
260 53 1
1157 53 1
1866 53 1
693 53 1
603 53 1
1380 53 1
3608 53 1
982 53 1
3642 53 1
3657 53 1
2459 53 1
3702 53 1
443 53 1
1114 53 1
3694 53 1
3177 53 1
2146 53 1
68 53 1
299 53 1
3311 53 1
1830 53 1
1418 53 1
1163 53 1
2318 53 1
519 53 1
3420 53 1
2848 53 1
1918 53 1
1423 53 1
1951 53 1
735 53 1
3085 53 1
1629 53 1
2344 53 1
847 53 1
1864 53 1
234 53 1
1473 53 1
1491 53 1
1124 53 1
1829 53 1
489 53 1
3016 53 1
1504 53 1
1257 53 1
1882 53 1
2889 53 1
491 53 1
829 53 1
2024 53 1
3006 53 1
1278 53 1
3307 53 1
2691 53 1
3055 53 1
2219 53 1
3026 53 1
1117 53 1
142 53 1
74 53 1
2219 53 1
2981 53 1
3645 53 1
1194 53 1
2233 53 1
2283 53 1
745 53 1
3339 53 1
429 53 1
2480 53 1
999 53 1
2509 53 1
1132 53 1
3646 53 1
2308 53 1
2560 53 1
674 53 1
2717 53 1
2388 53 1
1822 53 1
2993 53 1
3674 53 1
1678 53 1
3063 53 1
2155 53 1
2539 53 1
2495 53 1
2723 53 1
1871 53 1
1485 53 1
3227 53 1
3745 53 1
1538 53 1
1508 53 1
2230 53 1
1211 53 1
692 53 1
1362 53 1
2362 53 1
1397 53 1
1435 53 1
2050 53 1
392 53 1
123 53 1
2664 53 1
2694 53 1
2782 53 1
439 53 1
1480 53 1
1056 53 1
584 53 1
697 53 1
2538 53 1
1462 53 1
2974 53 1
597 53 1
1998 53 1
1656 53 1
3080 53 1
2260 53 1
1571 53 1
1836 53 1
937 53 1
3251 53 1
652 53 1
225 53 1
2662 53 1
1911 53 1
1596 53 1
1485 53 1
2014 53 1
2666 53 1
1224 53 1
2085 53 1
3017 53 1
2844 53 1
1608 53 1
2872 53 1
2584 53 1
151 53 1
173 53 1
3458 53 1
400 53 1
442 53 1
2393 53 1
2470 53 1
2045 53 1
2115 53 1
645 53 1
3069 53 1
162 53 1
3512 53 1
1360 53 1
2473 53 1
735 53 1
3618 53 1
2863 53 1
292 53 1
3109 53 1
3834 53 1
2195 53 1
2173 53 1
3175 53 1
2611 53 1
2038 53 1
1006 53 1
2747 53 1
2189 53 1
2169 53 1
3618 53 1
3114 53 1
3648 53 1
2587 53 1
757 53 1
1187 53 1
1464 53 1
858 53 1
3687 53 1
2218 53 1
1269 53 1
1979 53 1
2568 53 1
1366 53 1
2335 53 1
1841 53 1
2355 53 1
2104 53 1
3119 53 1
3369 53 1
1001 53 1
3618 53 1
3311 53 1
731 53 1
2219 53 1
2607 53 1
3538 53 1
115 53 1
269 53 1
2195 53 1
469 53 1
968 53 1
323 53 1
2899 53 1
2940 53 1
1591 53 1
2429 53 1
2140 53 1
359 53 1
1454 53 1
295 53 1
2340 53 1
3586 53 1
3566 53 1
1889 53 1
1139 53 1
790 53 1
3639 53 1
2836 53 1
688 53 1
3526 53 1
1793 54 1
1978 54 1
1185 54 1
1528 54 1
1486 54 1
2204 54 1
558 54 1
2427 54 1
914 54 1
1994 54 1
2850 54 1
1185 54 1
737 54 1
3749 54 1
1380 54 1
531 54 1
2291 54 1
3092 54 1
1554 54 1
528 54 1
2118 54 1
238 54 1
3027 54 1
647 54 1
1695 54 1
1050 54 1
2812 54 1
1983 54 1
542 54 1
768 54 1
2962 54 1
1318 54 1
3730 54 1
3772 54 1
457 54 1
937 54 1
799 54 1
1040 54 1
3669 54 1
1204 54 1
1461 54 1
3569 54 1
626 54 1
1089 54 1
87 54 1
617 54 1
2393 54 1
3290 54 1
1542 54 1
15 54 1
1517 54 1
3083 54 1
3306 54 1
2606 54 1
64 54 1
2710 54 1
2414 54 1
3090 54 1
167 54 1
579 54 1
3807 54 1
3710 54 1
684 54 1
2826 54 1
1040 54 1
557 54 1
3257 54 1
3690 54 1
1357 54 1
267 54 1
455 54 1
3091 54 1
997 54 1
3060 54 1
1650 54 1
3250 54 1
772 54 1
263 54 1
3682 54 1
1888 54 1
1402 54 1
3620 54 1
638 54 1
3778 54 1
367 54 1
1432 54 1
1151 54 1
1185 54 1
2441 54 1
846 54 1
2342 54 1
86 54 1
2650 54 1
1821 54 1
1326 54 1
1860 54 1
2977 54 1
184 54 1
1810 54 1
362 54 1
2913 54 1
3814 54 1
461 54 1
2740 54 1
3208 54 1
2638 54 1
3440 54 1
1450 54 1
46 54 1
473 54 1
3503 54 1
1798 54 1
2289 54 1
3367 54 1
2298 54 1
1971 54 1
2416 54 1
2134 54 1
909 54 1
2599 54 1
3225 54 1
1370 54 1
2599 54 1
191 54 1
3096 54 1
2094 54 1
3502 54 1
3738 54 1
3673 54 1
2971 54 1
3130 54 1
429 54 1
2796 54 1
2426 54 1
3701 54 1
3452 54 1
679 54 1
1836 54 1
4 54 1
2148 54 1
361 54 1
1888 54 1
3648 54 1
1666 54 1
1048 54 1
1602 54 1
3095 54 1
2232 54 1
2070 54 1
1930 54 1
1161 54 1
1023 54 1
2384 54 1
1396 54 1
876 54 1
2232 54 1
2468 54 1
1694 54 1
2155 54 1
4 54 1
1121 54 1
3797 54 1
2486 54 1
790 54 1
34 54 1
1978 54 1
3023 54 1
1664 54 1
358 54 1
2675 54 1
1820 54 1
1384 54 1
2668 54 1
3492 54 1
1042 54 1
3344 54 1
2802 54 1
1459 54 1
557 54 1
530 54 1
3291 54 1
1522 54 1
1149 54 1
904 54 1
2446 54 1
1941 54 1
174 54 1
3679 54 1
2431 54 1
2050 54 1
1722 54 1
1251 54 1
716 54 1
2584 54 1
1342 54 1
1587 54 1
2883 54 1
824 54 1
1708 54 1
477 54 1
202 54 1
2362 54 1
2480 54 1
64 54 1
3127 54 1
3087 54 1
2127 54 1
2515 54 1
1496 54 1
3187 54 1
2114 54 1
1527 54 1
3715 54 1
2648 54 1
3225 54 1
1350 54 1
2626 54 1
443 54 1
1686 54 1
1369 54 1
3658 54 1
3239 54 1
2197 54 1
1272 54 1
1703 54 1
3808 54 1
134 54 1
47 54 1
2055 54 1
2960 54 1
3575 54 1
2979 54 1
2350 54 1
519 54 1
1459 54 1
2270 54 1
611 54 1
3019 54 1
1172 54 1
2268 54 1
3078 54 1
3411 54 1
2117 54 1
2241 54 1
2847 54 1
1059 54 1
775 54 1
2090 54 1
1448 54 1
3394 54 1
214 54 1
3173 54 1
3454 54 1
3579 54 1
1386 54 1
1787 54 1
2155 54 1
2248 54 1
2539 54 1
112 54 1
455 54 1
1744 54 1
2879 54 1
3314 54 1
900 54 1
2791 54 1
2131 54 1
399 54 1
894 54 1
2915 54 1
3046 54 1
2320 54 1
3151 54 1
3241 54 1
3521 54 1
2789 54 1
3274 54 1
2736 54 1
471 54 1
576 54 1
2175 54 1
3073 54 1
1857 54 1
382 54 1
2052 54 1
1283 54 1
661 54 1
2016 54 1
3294 54 1
305 54 1
2381 54 1
3614 54 1
3136 54 1
2555 54 1
3798 54 1
2093 54 1
421 54 1
239 54 1
413 54 1
1049 54 1
611 54 1
706 54 1
3780 54 1
670 54 1
462 54 1
1681 54 1
1087 54 1
1825 54 1
1457 54 1
154 54 1
609 54 1
2744 54 1
700 54 1
1912 54 1
2953 54 1
3490 54 1
2509 54 1
2401 54 1
1334 54 1
1945 54 1
2517 54 1
1722 54 1
2945 54 1
3479 54 1
1686 54 1
657 54 1
2178 54 1
3402 54 1
2831 54 1
575 54 1
850 54 1
137 54 1
3568 54 1
639 54 1
893 54 1
2785 54 1
681 54 1
1887 54 1
1011 54 1
3298 54 1
2790 54 1
2260 54 1
2879 54 1
4 54 1
2385 54 1
2862 55 1
851 55 1
394 55 1
2515 55 1
1976 55 1
2497 55 1
2606 55 1
15 55 1
2051 55 1
820 55 1
231 55 1
1817 55 1
3673 55 1
2089 55 1
3810 55 1
733 55 1
1448 55 1
777 55 1
1312 55 1
3533 55 1
1047 55 1
3528 55 1
1618 55 1
3188 55 1
451 55 1
805 55 1
1593 55 1
168 55 1
3360 55 1
2675 55 1
1978 55 1
1525 55 1
3844 55 1
1459 55 1
1561 55 1
3289 55 1
2940 55 1
1899 55 1
968 55 1
1780 55 1
1337 55 1
178 55 1
3234 55 1
3581 55 1
1485 55 1
3816 55 1
280 55 1
2243 55 1
3813 55 1
3017 55 1
2915 55 1
1130 55 1
885 55 1
1658 55 1
257 55 1
1710 55 1
2640 55 1
1962 55 1
1035 55 1
1655 55 1
1537 55 1
827 55 1
1084 55 1
1658 55 1
2143 55 1
2363 55 1
2104 55 1
2167 55 1
3658 55 1
3255 55 1
2068 55 1
1989 55 1
1762 55 1
1013 55 1
1504 55 1
572 55 1
2049 55 1
1156 55 1
1230 55 1
134 55 1
1768 55 1
2294 55 1
1763 55 1
3851 55 1
2168 55 1
3819 55 1
3663 55 1
451 55 1
1562 55 1
1320 55 1
2760 55 1
2068 55 1
95 55 1
266 55 1
2950 55 1
311 55 1
552 55 1
3257 55 1
778 55 1
647 55 1
119 55 1
469 55 1
2620 55 1
2913 55 1
1174 55 1
3218 55 1
1813 55 1
2110 55 1
2810 55 1
3556 55 1
2245 55 1
2955 55 1
1797 55 1
1614 55 1
2344 55 1
3372 55 1
164 55 1
1380 55 1
438 55 1
2458 55 1
2821 55 1
3490 55 1
3695 55 1
3089 55 1
2179 55 1
3575 55 1
1086 55 1
3057 55 1
3652 55 1
2969 55 1
3645 55 1
193 55 1
1560 55 1
1877 55 1
2303 55 1
2181 55 1
1298 55 1
1160 55 1
149 55 1
2260 55 1
366 55 1
44 55 1
3705 55 1
1875 55 1
3385 55 1
2066 55 1
2952 55 1
82 55 1
1269 55 1
707 55 1
1930 55 1
939 55 1
60 55 1
1941 55 1
990 55 1
2830 55 1
3070 55 1
925 55 1
692 55 1
78 55 1
363 55 1
1848 55 1
2029 55 1
2834 55 1
2106 55 1
2854 55 1
2930 55 1
2548 55 1
3173 55 1
2302 55 1
602 55 1
2634 55 1
1890 55 1
913 55 1
382 55 1
3222 55 1
1270 55 1
2171 55 1
207 55 1
729 55 1
2408 55 1
2762 55 1
531 55 1
2158 55 1
2240 55 1
3629 55 1
2423 55 1
204 55 1
3660 55 1
753 55 1
1525 55 1
874 55 1
3466 55 1
2419 55 1
539 55 1
2096 55 1
1320 55 1
3686 55 1
177 55 1
119 55 1
1411 55 1
1117 55 1
27 55 1
2986 55 1
2288 55 1
1064 55 1
1472 55 1
2895 55 1
2567 55 1
2109 55 1
991 55 1
3322 55 1
2528 55 1
2892 55 1
3442 55 1
2769 55 1
1710 55 1
1311 55 1
433 55 1
1320 55 1
2565 55 1
65 55 1
1250 55 1
2544 55 1
523 55 1
913 55 1
385 55 1
1474 55 1
2099 55 1
2966 55 1
1343 55 1
3375 55 1
1361 55 1
256 55 1
3477 55 1
3236 55 1
3005 55 1
2914 55 1
2198 55 1
751 55 1
1074 55 1
2362 55 1
2646 55 1
255 55 1
2415 55 1
1778 55 1
2460 55 1
781 55 1
777 55 1
1189 55 1
2742 55 1
3764 55 1
3521 55 1
2421 55 1
2716 55 1
3577 55 1
443 55 1
570 55 1
2240 55 1
939 55 1
3558 55 1
1173 55 1
305 55 1
3425 55 1
922 55 1
2882 55 1
3806 55 1
3774 55 1
84 55 1
3637 55 1
3354 55 1
3816 55 1
1159 55 1
2337 55 1
56 55 1
748 55 1
2004 55 1
3368 55 1
2716 55 1
1907 55 1
2068 55 1
583 55 1
1669 55 1
2625 55 1
3696 55 1
2862 55 1
3007 55 1
2865 55 1
840 55 1
2130 55 1
2466 55 1
5 55 1
3448 55 1
2083 55 1
2628 55 1
2352 55 1
1510 55 1
216 55 1
2934 55 1
718 55 1
371 55 1
779 55 1
1638 55 1
3821 55 1
2888 55 1
1346 55 1
1133 55 1
2216 55 1
1040 55 1
1002 55 1
2219 55 1
2962 55 1
2349 55 1
3043 55 1
42 55 1
3093 55 1
1025 55 1
2937 55 1
2842 55 1
956 55 1
3250 55 1
3177 55 1
3434 55 1
411 55 1
2553 55 1
234 55 1
34 55 1
274 55 1
3352 55 1
316 55 1
1905 55 1
3413 55 1
3025 55 1
6 55 1
3812 55 1
3741 55 1
733 55 1
3589 55 1
2418 55 1
3540 55 1
944 55 1
2980 55 1
174 55 1
3743 55 1
1603 55 1
25 56 1
2704 56 1
641 56 1
1716 56 1
2502 56 1
1615 56 1
3724 56 1
1645 56 1
3372 56 1
2430 56 1
864 56 1
3138 56 1
2732 56 1
2818 56 1
1707 56 1
3580 56 1
2350 56 1
3397 56 1
3159 56 1
1707 56 1
132 56 1
314 56 1
2275 56 1
3346 56 1
906 56 1
972 56 1
2595 56 1
443 56 1
917 56 1
1029 56 1
805 56 1
3770 56 1
1604 56 1
2394 56 1
2825 56 1
1376 56 1
1161 56 1
407 56 1
208 56 1
1471 56 1
488 56 1
3212 56 1
1446 56 1
3806 56 1
1272 56 1
591 56 1
1210 56 1
1937 56 1
1311 56 1
2246 56 1
2678 56 1
998 56 1
495 56 1
1226 56 1
3046 56 1
2853 56 1
3468 56 1
251 56 1
3340 56 1
896 56 1
125 56 1
3401 56 1
1645 56 1
2213 56 1
2363 56 1
500 56 1
1211 56 1
723 56 1
2296 56 1
349 56 1
1435 56 1
3283 56 1
1274 56 1
864 56 1
249 56 1
3058 56 1
3751 56 1
2969 56 1
1862 56 1
2370 56 1
1992 56 1
3842 56 1
2070 56 1
3617 56 1
2190 56 1
3238 56 1
795 56 1
2098 56 1
885 56 1
412 56 1
1792 56 1
2081 56 1
1909 56 1
2607 56 1
1512 56 1
2472 56 1
3315 56 1
3022 56 1
2930 56 1
3505 56 1
2959 56 1
2066 56 1
2686 56 1
3798 56 1
2908 56 1
444 56 1
533 56 1
816 56 1
400 56 1
1248 56 1
3760 56 1
323 56 1
3307 56 1
3692 56 1
7 56 1
909 56 1
3549 56 1
923 56 1
812 56 1
1665 56 1
3105 56 1
1308 56 1
484 56 1
2524 56 1
1058 56 1
1988 56 1
635 56 1
1486 56 1
3261 56 1
978 56 1
1637 56 1
1106 56 1
3134 56 1
3563 56 1
3682 56 1
1912 56 1
2501 56 1
318 56 1
2390 56 1
3546 56 1
2835 56 1
2 56 1
1759 56 1
3563 56 1
1637 56 1
2837 56 1
2025 56 1
2768 56 1
3644 56 1
3773 56 1
56 56 1
1857 56 1
1418 56 1
1595 56 1
1797 56 1
3205 56 1
1633 56 1
145 56 1
1393 56 1
1275 56 1
644 56 1
3696 56 1
735 56 1
1646 56 1
3855 56 1
2381 56 1
101 56 1
3096 56 1
543 56 1
1879 56 1
2038 56 1
1377 56 1
3228 56 1
661 56 1
64 56 1
1991 56 1
798 56 1
25 56 1
3343 56 1
2533 56 1
2948 56 1
1525 56 1
2327 56 1
2132 56 1
3166 56 1
145 56 1
945 56 1
1554 56 1
425 56 1
2288 56 1
843 56 1
880 56 1
2249 56 1
1471 56 1
3454 56 1
1540 56 1
1826 56 1
757 56 1
2365 56 1
663 56 1
3398 56 1
2614 56 1
2728 56 1
3850 56 1
2701 56 1
85 56 1
3231 56 1
192 56 1
3679 56 1
1863 56 1
1914 56 1
2695 56 1
2971 56 1
2956 56 1
3317 56 1
346 56 1
2821 56 1
2511 56 1
3740 56 1
3108 56 1
2552 56 1
2103 56 1
2104 56 1
1020 56 1
3101 56 1
3108 56 1
930 56 1
490 56 1
273 56 1
1869 56 1
3169 56 1
1152 56 1
610 56 1
2289 56 1
1476 56 1
140 56 1
699 56 1
116 56 1
3588 56 1
3725 56 1
1363 56 1
1696 56 1
280 56 1
3372 56 1
813 56 1
325 56 1
2866 56 1
1867 56 1
331 56 1
2917 56 1
2685 56 1
2160 56 1
1225 56 1
3394 56 1
2953 56 1
2336 56 1
2521 56 1
1599 56 1
629 56 1
632 56 1
955 56 1
2998 56 1
2492 56 1
1971 56 1
783 56 1
617 56 1
2639 56 1
2679 56 1
2569 56 1
2686 56 1
1085 56 1
744 56 1
3782 56 1
1396 56 1
1343 56 1
1434 56 1
2378 56 1
142 56 1
3011 56 1
163 56 1
3160 56 1
2247 56 1
1630 56 1
2413 56 1
1568 56 1
185 56 1
138 56 1
883 56 1
2289 56 1
998 56 1
3086 56 1
1102 56 1
2768 56 1
1718 56 1
1098 56 1
1669 56 1
1827 56 1
198 56 1
1937 56 1
545 56 1
3439 56 1
2953 56 1
151 56 1
2483 56 1
705 56 1
1639 56 1
2680 56 1
1264 56 1
1959 56 1
1110 56 1
289 56 1
2057 56 1
916 56 1
594 56 1
756 56 1
1697 56 1
1819 56 1
3397 56 1
435 56 1
2391 56 1
1897 56 1
458 56 1
741 56 1
1546 56 1
1812 56 1
663 56 1
374 56 1
130 56 1
2119 56 1
3662 56 1
2878 56 1
1677 56 1
2067 56 1
342 56 1
2474 56 1
193 56 1
791 56 1
1439 56 1
2184 56 1
131 56 1
2070 56 1
1435 56 1
3616 56 1
2358 56 1
1600 56 1
2123 57 1
1405 57 1
649 57 1
3318 57 1
1000 57 1
2735 57 1
1007 57 1
1913 57 1
2779 57 1
2150 57 1
2531 57 1
2204 57 1
1473 57 1
2955 57 1
925 57 1
3293 57 1
2194 57 1
1632 57 1
2205 57 1
763 57 1
2619 57 1
1131 57 1
3841 57 1
1438 57 1
1751 57 1
3774 57 1
3815 57 1
3626 57 1
2731 57 1
3753 57 1
3654 57 1
2605 57 1
579 57 1
1051 57 1
2964 57 1
1116 57 1
31 57 1
1201 57 1
2927 57 1
694 57 1
1882 57 1
2552 57 1
3260 57 1
2576 57 1
1642 57 1
235 57 1
2287 57 1
3166 57 1
1090 57 1
2113 57 1
3699 57 1
312 57 1
3344 57 1
932 57 1
3231 57 1
2952 57 1
199 57 1
81 57 1
3297 57 1
358 57 1
1044 57 1
999 57 1
1891 57 1
935 57 1
2655 57 1
9 57 1
1095 57 1
3004 57 1
2888 57 1
2421 57 1
1613 57 1
1382 57 1
1139 57 1
2243 57 1
1087 57 1
1716 57 1
593 57 1
2890 57 1
2090 57 1
3612 57 1
803 57 1
2695 57 1
108 57 1
306 57 1
2453 57 1
3337 57 1
484 57 1
465 57 1
1883 57 1
1818 57 1
1682 57 1
207 57 1
3622 57 1
462 57 1
3422 57 1
615 57 1
519 57 1
2544 57 1
2656 57 1
2759 57 1
2995 57 1
1815 57 1
882 57 1
2285 57 1
915 57 1
1338 57 1
3787 57 1
2346 57 1
3490 57 1
1797 57 1
789 57 1
526 57 1
3363 57 1
3015 57 1
1359 57 1
2565 57 1
155 57 1
2059 57 1
3721 57 1
2059 57 1
100 57 1
3637 57 1
1985 57 1
3859 57 1
3849 57 1
2713 57 1
905 57 1
2866 57 1
3657 57 1
1185 57 1
509 57 1
1299 57 1
448 57 1
460 57 1
3807 57 1
3220 57 1
1492 57 1
2067 57 1
621 57 1
1474 57 1
3322 57 1
1525 57 1
102 57 1
955 57 1
2518 57 1
193 57 1
3033 57 1
140 57 1
867 57 1
3588 57 1
1110 57 1
1924 57 1
2218 57 1
2809 57 1
1909 57 1
37 57 1
2622 57 1
712 57 1
1131 57 1
2507 57 1
3626 57 1
3711 57 1
527 57 1
989 57 1
3074 57 1
1477 57 1
1730 57 1
3416 57 1
1952 57 1
3102 57 1
1672 57 1
1580 57 1
3512 57 1
1304 57 1
42 57 1
121 57 1
1338 57 1
2313 57 1
2390 57 1
1750 57 1
1545 57 1
3598 57 1
3287 57 1
1037 57 1
499 57 1
1845 57 1
1457 57 1
1767 57 1
728 57 1
3620 57 1
3819 57 1
3730 57 1
712 57 1
3727 57 1
3445 57 1
654 57 1
3414 57 1
2648 57 1
2302 57 1
3856 57 1
1751 57 1
196 57 1
1087 57 1
2289 57 1
2944 57 1
502 57 1
3793 57 1
1345 57 1
2636 57 1
820 57 1
3187 57 1
3485 57 1
2029 57 1
1658 57 1
2745 57 1
2951 57 1
2647 57 1
3326 57 1
1532 57 1
892 57 1
660 57 1
3024 57 1
464 57 1
435 57 1
3568 57 1
1360 57 1
1422 57 1
2507 57 1
7 57 1
516 57 1
3355 57 1
263 57 1
1016 57 1
1740 57 1
2658 57 1
3769 57 1
2085 57 1
3207 57 1
3384 57 1
516 57 1
1976 57 1
11 57 1
2310 57 1
913 57 1
2130 57 1
1227 57 1
989 57 1
1515 57 1
1641 57 1
3344 57 1
1106 57 1
1340 57 1
3733 57 1
3154 57 1
3355 57 1
245 57 1
416 57 1
3775 57 1
3731 57 1
1967 57 1
1005 57 1
961 57 1
3720 57 1
2566 57 1
57 57 1
1073 57 1
2291 57 1
3690 57 1
1584 57 1
1784 57 1
3375 57 1
461 57 1
1782 57 1
3627 57 1
3184 57 1
2785 57 1
2517 57 1
3742 57 1
1702 57 1
1594 57 1
3726 57 1
123 57 1
2568 57 1
646 57 1
3000 57 1
2328 57 1
918 57 1
1625 57 1
2527 57 1
2386 57 1
1440 57 1
1575 57 1
3136 57 1
2898 57 1
2601 57 1
444 57 1
2544 57 1
3112 57 1
589 57 1
2454 57 1
1186 57 1
3425 57 1
1671 57 1
1132 57 1
1911 57 1
3352 57 1
1576 57 1
1338 57 1
631 57 1
3675 57 1
1902 57 1
1808 57 1
1887 57 1
1637 57 1
1622 57 1
726 57 1
3708 57 1
637 57 1
907 57 1
2338 57 1
2208 57 1
499 57 1
2982 57 1
2385 57 1
996 57 1
3071 57 1
3511 57 1
2073 57 1
2159 57 1
1396 57 1
3038 57 1
341 57 1
3578 57 1
1064 57 1
31 57 1
1778 57 1
2684 57 1
2760 57 1
3439 57 1
2088 57 1
1143 57 1
2554 57 1
1126 57 1
2761 57 1
2068 57 1
2465 58 1
385 58 1
1579 58 1
343 58 1
413 58 1
3487 58 1
37 58 1
1535 58 1
1981 58 1
1791 58 1
2741 58 1
2694 58 1
3669 58 1
2718 58 1
2657 58 1
2860 58 1
2796 58 1
2106 58 1
1067 58 1
227 58 1
1191 58 1
578 58 1
540 58 1
3388 58 1
256 58 1
28 58 1
51 58 1
2486 58 1
2998 58 1
1367 58 1
2523 58 1
156 58 1
1143 58 1
3011 58 1
947 58 1
3710 58 1
2760 58 1
2849 58 1
3059 58 1
327 58 1
65 58 1
2480 58 1
3315 58 1
626 58 1
1036 58 1
1741 58 1
400 58 1
1712 58 1
2345 58 1
2670 58 1
2293 58 1
700 58 1
2006 58 1
2506 58 1
2490 58 1
823 58 1
2681 58 1
2107 58 1
71 58 1
3023 58 1
864 58 1
2165 58 1
3760 58 1
3272 58 1
1816 58 1
3147 58 1
2995 58 1
745 58 1
3348 58 1
905 58 1
1657 58 1
1830 58 1
214 58 1
1785 58 1
3014 58 1
1359 58 1
3675 58 1
3015 58 1
1902 58 1
3475 58 1
785 58 1
1657 58 1
1302 58 1
1712 58 1
61 58 1
2523 58 1
3422 58 1
1702 58 1
2910 58 1
2715 58 1
3193 58 1
1331 58 1
959 58 1
2896 58 1
1240 58 1
437 58 1
2422 58 1
1124 58 1
1622 58 1
506 58 1
377 58 1
3025 58 1
3635 58 1
3266 58 1
2947 58 1
405 58 1
3255 58 1
2942 58 1
1953 58 1
213 58 1
3212 58 1
1329 58 1
244 58 1
292 58 1
2143 58 1
575 58 1
67 58 1
2721 58 1
1199 58 1
2109 58 1
392 58 1
1452 58 1
2086 58 1
739 58 1
1692 58 1
3448 58 1
2342 58 1
3589 58 1
3444 58 1
2197 58 1
3775 58 1
1570 58 1
831 58 1
1520 58 1
786 58 1
2660 58 1
1860 58 1
1412 58 1
253 58 1
2492 58 1
2444 58 1
784 58 1
612 58 1
723 58 1
2003 58 1
1607 58 1
2140 58 1
3772 58 1
3024 58 1
3170 58 1
1250 58 1
2030 58 1
1599 58 1
2532 58 1
874 58 1
1609 58 1
730 58 1
3668 58 1
2347 58 1
2041 58 1
2685 58 1
3301 58 1
66 58 1
3332 58 1
1917 58 1
2643 58 1
3707 58 1
3293 58 1
2895 58 1
2783 58 1
902 58 1
3326 58 1
925 58 1
1045 58 1
1755 58 1
3301 58 1
3024 58 1
3027 58 1
373 58 1
1118 58 1
2322 58 1
1732 58 1
3306 58 1
3497 58 1
1149 58 1
2153 58 1
3387 58 1
1243 58 1
3510 58 1
314 58 1
3482 58 1
2918 58 1
353 58 1
2254 58 1
2480 58 1
1774 58 1
191 58 1
1482 58 1
19 58 1
3400 58 1
2519 58 1
1702 58 1
3083 58 1
438 58 1
359 58 1
213 58 1
2053 58 1
3602 58 1
3268 58 1
2178 58 1
891 58 1
2654 58 1
2333 58 1
1129 58 1
3808 58 1
1914 58 1
1688 58 1
375 58 1
1696 58 1
2260 58 1
2918 58 1
2462 58 1
2032 58 1
620 58 1
3528 58 1
1270 58 1
3587 58 1
2802 58 1
114 58 1
985 58 1
952 58 1
38 58 1
1500 58 1
700 58 1
1851 58 1
1191 58 1
3456 58 1
3246 58 1
821 58 1
1920 58 1
43 58 1
2448 58 1
287 58 1
1242 58 1
3439 58 1
125 58 1
872 58 1
183 58 1
3119 58 1
222 58 1
2011 58 1
2185 58 1
1994 58 1
3307 58 1
1391 58 1
3085 58 1
3292 58 1
3313 58 1
689 58 1
2578 58 1
1181 58 1
2012 58 1
999 58 1
535 58 1
3347 58 1
1829 58 1
2462 58 1
3220 58 1
727 58 1
1455 58 1
1347 58 1
1287 58 1
3616 58 1
1493 58 1
409 58 1
1837 58 1
737 58 1
934 58 1
2134 58 1
639 58 1
526 58 1
2000 58 1
2249 58 1
1181 58 1
3295 58 1
1306 58 1
1518 58 1
3285 58 1
1030 58 1
1804 58 1
384 58 1
3080 58 1
471 58 1
2057 58 1
107 58 1
2851 58 1
2693 58 1
2741 58 1
3293 58 1
2728 58 1
492 58 1
796 58 1
3279 58 1
47 58 1
1634 58 1
2408 58 1
2295 58 1
3632 58 1
2361 58 1
2736 58 1
2697 58 1
2005 58 1
2689 58 1
1576 58 1
2244 58 1
3024 58 1
1397 58 1
2189 58 1
912 58 1
996 58 1
2504 58 1
2830 58 1
2470 58 1
3504 58 1
3423 58 1
1731 58 1
3499 58 1
2265 58 1
3165 58 1
597 58 1
2931 58 1
403 58 1
3339 58 1
848 58 1
1106 58 1
3000 58 1
1925 58 1
3223 58 1
3005 58 1
484 58 1
2589 58 1
1190 58 1
3830 58 1
469 58 1
1467 58 1
3160 59 1
3593 59 1
195 59 1
3275 59 1
3854 59 1
2044 59 1
2856 59 1
3563 59 1
1394 59 1
1198 59 1
1569 59 1
954 59 1
1769 59 1
2015 59 1
3134 59 1
792 59 1
1695 59 1
2212 59 1
2276 59 1
156 59 1
1180 59 1
787 59 1
2486 59 1
2080 59 1
3378 59 1
2456 59 1
1618 59 1
3220 59 1
2935 59 1
11 59 1
2492 59 1
1498 59 1
35 59 1
2833 59 1
3008 59 1
3574 59 1
2330 59 1
156 59 1
2810 59 1
1078 59 1
474 59 1
1961 59 1
3633 59 1
247 59 1
3685 59 1
3209 59 1
1165 59 1
3665 59 1
2808 59 1
3844 59 1
1828 59 1
2531 59 1
1083 59 1
401 59 1
3061 59 1
1212 59 1
2673 59 1
1711 59 1
2624 59 1
2617 59 1
1121 59 1
947 59 1
3786 59 1
994 59 1
2671 59 1
2892 59 1
1323 59 1
1554 59 1
3419 59 1
3601 59 1
984 59 1
919 59 1
3745 59 1
1304 59 1
176 59 1
2085 59 1
2085 59 1
1908 59 1
970 59 1
789 59 1
809 59 1
1378 59 1
1147 59 1
1366 59 1
3252 59 1
91 59 1
591 59 1
2866 59 1
2735 59 1
1166 59 1
1363 59 1
1537 59 1
1586 59 1
1719 59 1
3661 59 1
3362 59 1
2242 59 1
2884 59 1
862 59 1
1469 59 1
1014 59 1
814 59 1
3373 59 1
886 59 1
2381 59 1
1329 59 1
3504 59 1
1970 59 1
3428 59 1
387 59 1
2286 59 1
3307 59 1
153 59 1
3578 59 1
3526 59 1
3635 59 1
1765 59 1
798 59 1
3284 59 1
821 59 1
1464 59 1
3536 59 1
586 59 1
729 59 1
3840 59 1
17 59 1
1263 59 1
3719 59 1
3770 59 1
644 59 1
3562 59 1
1181 59 1
3297 59 1
2820 59 1
3486 59 1
2820 59 1
2296 59 1
1843 59 1
1710 59 1
623 59 1
1509 59 1
2461 59 1
2387 59 1
2595 59 1
371 59 1
480 59 1
270 59 1
3082 59 1
931 59 1
1952 59 1
849 59 1
3388 59 1
2731 59 1
284 59 1
3264 59 1
1125 59 1
2242 59 1
659 59 1
1449 59 1
3338 59 1
193 59 1
2853 59 1
493 59 1
435 59 1
3536 59 1
2237 59 1
1169 59 1
414 59 1
3149 59 1
864 59 1
2020 59 1
1699 59 1
2439 59 1
1463 59 1
2910 59 1
1849 59 1
821 59 1
3747 59 1
2098 59 1
1439 59 1
2379 59 1
1020 59 1
1030 59 1
1976 59 1
796 59 1
897 59 1
2683 59 1
2563 59 1
1325 59 1
2846 59 1
1672 59 1
3447 59 1
3622 59 1
117 59 1
1298 59 1
3433 59 1
2487 59 1
3128 59 1
2394 59 1
1607 59 1
1503 59 1
603 59 1
484 59 1
2927 59 1
2639 59 1
883 59 1
3680 59 1
3321 59 1
481 59 1
2610 59 1
476 59 1
3329 59 1
1373 59 1
577 59 1
841 59 1
2071 59 1
991 59 1
607 59 1
3089 59 1
3602 59 1
3270 59 1
1096 59 1
2735 59 1
3833 59 1
1580 59 1
3293 59 1
3144 59 1
3634 59 1
1774 59 1
308 59 1
2265 59 1
3474 59 1
3534 59 1
2280 59 1
829 59 1
960 59 1
585 59 1
1264 59 1
1300 59 1
2852 59 1
181 59 1
2001 59 1
1089 59 1
913 59 1
2473 59 1
2804 59 1
2199 59 1
3675 59 1
1954 59 1
3227 59 1
1456 59 1
1389 59 1
3375 59 1
3394 59 1
1556 59 1
3436 59 1
1380 59 1
2231 59 1
2622 59 1
1161 59 1
3591 59 1
3015 59 1
1785 59 1
123 59 1
2523 59 1
2251 59 1
3037 59 1
706 59 1
1930 59 1
1257 59 1
3030 59 1
3483 59 1
2609 59 1
2877 59 1
596 59 1
1649 59 1
669 59 1
2149 59 1
2560 59 1
63 59 1
21 59 1
1209 59 1
3221 59 1
2953 59 1
2711 59 1
3714 59 1
3802 59 1
1849 59 1
839 59 1
825 59 1
2053 59 1
1383 59 1
2036 59 1
2214 59 1
3007 59 1
1577 59 1
2051 59 1
1811 59 1
1074 59 1
1158 59 1
2263 59 1
2728 59 1
3178 59 1
700 59 1
3057 59 1
641 59 1
1097 59 1
700 59 1
90 59 1
2326 59 1
2121 59 1
3118 59 1
1690 59 1
1869 59 1
2989 59 1
1548 59 1
1617 59 1
2153 59 1
2032 59 1
2390 59 1
2636 59 1
1197 59 1
2328 59 1
1232 59 1
3822 59 1
1099 59 1
683 59 1
1490 59 1
926 59 1
3083 59 1
3511 59 1
2971 59 1
2037 59 1
2874 59 1
3370 59 1
1176 59 1
3166 59 1
3114 59 1
375 59 1
2723 59 1
3256 59 1
2235 59 1
2631 59 1
122 59 1
1959 59 1
2674 60 1
3844 60 1
3481 60 1
2074 60 1
993 60 1
2624 60 1
2251 60 1
2109 60 1
2069 60 1
2466 60 1
1429 60 1
1374 60 1
3632 60 1
1937 60 1
2649 60 1
1586 60 1
1642 60 1
1927 60 1
660 60 1
1188 60 1
454 60 1
3827 60 1
3500 60 1
46 60 1
3549 60 1
2667 60 1
1389 60 1
3463 60 1
2957 60 1
3311 60 1
2514 60 1
1042 60 1
3211 60 1
1515 60 1
3583 60 1
1693 60 1
2800 60 1
664 60 1
1165 60 1
3673 60 1
3224 60 1
1332 60 1
3127 60 1
3351 60 1
571 60 1
3676 60 1
2133 60 1
1696 60 1
192 60 1
1225 60 1
520 60 1
1429 60 1
3309 60 1
571 60 1
3706 60 1
3729 60 1
2638 60 1
1168 60 1
722 60 1
923 60 1
1064 60 1
910 60 1
778 60 1
3135 60 1
1068 60 1
264 60 1
2114 60 1
1674 60 1
3669 60 1
1394 60 1
257 60 1
3790 60 1
3319 60 1
265 60 1
1820 60 1
2012 60 1
3034 60 1
234 60 1
2937 60 1
2774 60 1
3258 60 1
603 60 1
3482 60 1
2839 60 1
3210 60 1
491 60 1
3838 60 1
2171 60 1
3159 60 1
3632 60 1
595 60 1
482 60 1
24 60 1
1067 60 1
2268 60 1
2342 60 1
2902 60 1
2427 60 1
284 60 1
448 60 1
2042 60 1
545 60 1
3446 60 1
382 60 1
2314 60 1
1999 60 1
1590 60 1
339 60 1
147 60 1
3355 60 1
3853 60 1
3858 60 1
2006 60 1
1043 60 1
1142 60 1
1571 60 1
3327 60 1
3592 60 1
2952 60 1
2871 60 1
2075 60 1
3306 60 1
2528 60 1
1373 60 1
815 60 1
70 60 1
1692 60 1
2798 60 1
2940 60 1
3590 60 1
1820 60 1
3801 60 1
1049 60 1
2425 60 1
3669 60 1
2174 60 1
1337 60 1
3423 60 1
1053 60 1
2200 60 1
3208 60 1
2449 60 1
396 60 1
1907 60 1
951 60 1
45 60 1
2149 60 1
1556 60 1
3508 60 1
3820 60 1
505 60 1
3521 60 1
3422 60 1
3572 60 1
2565 60 1
12 60 1
909 60 1
3432 60 1
2170 60 1
1440 60 1
716 60 1
9 60 1
1762 60 1
244 60 1
1162 60 1
1910 60 1
2619 60 1
1669 60 1
1080 60 1
3178 60 1
108 60 1
693 60 1
3250 60 1
2545 60 1
3374 60 1
1247 60 1
3545 60 1
1505 60 1
3591 60 1
2516 60 1
3354 60 1
732 60 1
1493 60 1
350 60 1
1838 60 1
1743 60 1
2919 60 1
57 60 1
55 60 1
640 60 1
2772 60 1
687 60 1
880 60 1
402 60 1
800 60 1
3598 60 1
371 60 1
3481 60 1
209 60 1
3497 60 1
2644 60 1
813 60 1
3343 60 1
3115 60 1
1309 60 1
3366 60 1
2263 60 1
1920 60 1
2354 60 1
171 60 1
2784 60 1
1246 60 1
2244 60 1
1601 60 1
2176 60 1
2248 60 1
3078 60 1
1666 60 1
3243 60 1
681 60 1
3225 60 1
1554 60 1
1250 60 1
2702 60 1
1788 60 1
1935 60 1
441 60 1
2416 60 1
477 60 1
147 60 1
814 60 1
2518 60 1
413 60 1
1657 60 1
1057 60 1
217 60 1
2573 60 1
1716 60 1
1249 60 1
3287 60 1
2325 60 1
3852 60 1
874 60 1
2517 60 1
1626 60 1
1561 60 1
417 60 1
1929 60 1
894 60 1
2838 60 1
3588 60 1
1858 60 1
974 60 1
2910 60 1
1648 60 1
2301 60 1
300 60 1
1986 60 1
1432 60 1
2260 60 1
1212 60 1
2965 60 1
3531 60 1
1318 60 1
215 60 1
2681 60 1
3460 60 1
1632 60 1
231 60 1
26 60 1
1219 60 1
2140 60 1
1554 60 1
2889 60 1
3517 60 1
597 60 1
3402 60 1
2973 60 1
2794 60 1
2607 60 1
3648 60 1
371 60 1
516 60 1
1302 60 1
3800 60 1
3237 60 1
2559 60 1
544 60 1
2543 60 1
880 60 1
672 60 1
3062 60 1
806 60 1
427 60 1
1714 60 1
1980 60 1
2420 60 1
2077 60 1
2953 60 1
831 60 1
2298 60 1
1203 60 1
3159 60 1
1389 60 1
2061 60 1
461 60 1
729 60 1
2114 60 1
1792 60 1
710 60 1
3327 60 1
1012 60 1
2296 60 1
544 60 1
255 60 1
2462 60 1
3454 60 1
2565 60 1
2971 60 1
3836 60 1
2129 60 1
2711 60 1
614 60 1
1767 60 1
2519 60 1
3492 60 1
1366 60 1
3836 60 1
2323 60 1
201 60 1
380 60 1
3227 60 1
3026 60 1
1467 60 1
709 60 1
2793 60 1
261 60 1
2821 60 1
829 60 1
3608 60 1
2292 60 1
1060 60 1
1257 60 1
753 60 1
7 60 1
410 61 1
2371 61 1
2029 61 1
2776 61 1
2822 61 1
892 61 1
1386 61 1
1887 61 1
1791 61 1
2076 61 1
250 61 1
1642 61 1
607 61 1
3412 61 1
338 61 1
449 61 1
220 61 1
1710 61 1
280 61 1
3064 61 1
3700 61 1
3761 61 1
809 61 1
2055 61 1
332 61 1
208 61 1
3100 61 1
1096 61 1
3771 61 1
1177 61 1
97 61 1
1348 61 1
1342 61 1
3729 61 1
2195 61 1
367 61 1
3260 61 1
3615 61 1
2837 61 1
2422 61 1
2675 61 1
154 61 1
1570 61 1
1837 61 1
1406 61 1
101 61 1
2004 61 1
760 61 1
3537 61 1
159 61 1
3507 61 1
1163 61 1
829 61 1
3820 61 1
2259 61 1
2767 61 1
2522 61 1
2114 61 1
487 61 1
296 61 1
2394 61 1
1736 61 1
1376 61 1
2902 61 1
1098 61 1
1338 61 1
3853 61 1
859 61 1
2477 61 1
2141 61 1
377 61 1
2785 61 1
3758 61 1
386 61 1
3722 61 1
2875 61 1
3216 61 1
734 61 1
620 61 1
2415 61 1
3736 61 1
2954 61 1
3599 61 1
3039 61 1
57 61 1
821 61 1
3666 61 1
3166 61 1
22 61 1
1567 61 1
957 61 1
1211 61 1
1458 61 1
356 61 1
3308 61 1
1448 61 1
499 61 1
2171 61 1
365 61 1
1188 61 1
2253 61 1
854 61 1
1213 61 1
104 61 1
546 61 1
3402 61 1
3412 61 1
3450 61 1
2707 61 1
1975 61 1
2605 61 1
1953 61 1
1882 61 1
2617 61 1
2194 61 1
2535 61 1
2911 61 1
2426 61 1
1343 61 1
1935 61 1
1386 61 1
1194 61 1
2017 61 1
2461 61 1
2047 61 1
3324 61 1
2335 61 1
3601 61 1
105 61 1
47 61 1
1880 61 1
1043 61 1
2471 61 1
160 61 1
98 61 1
2072 61 1
1322 61 1
2130 61 1
1078 61 1
3401 61 1
1812 61 1
2193 61 1
2738 61 1
3064 61 1
1473 61 1
793 61 1
1853 61 1
3118 61 1
1347 61 1
3546 61 1
1005 61 1
2937 61 1
3857 61 1
587 61 1
581 61 1
2673 61 1
301 61 1
3553 61 1
871 61 1
3209 61 1
3603 61 1
3180 61 1
1278 61 1
2375 61 1
1526 61 1
1906 61 1
162 61 1
3575 61 1
2584 61 1
3594 61 1
3103 61 1
180 61 1
3238 61 1
2736 61 1
2970 61 1
1903 61 1
504 61 1
3415 61 1
3208 61 1
100 61 1
1396 61 1
2322 61 1
1589 61 1
3345 61 1
2868 61 1
3342 61 1
1578 61 1
2692 61 1
3295 61 1
216 61 1
628 61 1
2975 61 1
3509 61 1
2101 61 1
875 61 1
1989 61 1
3666 61 1
3412 61 1
2100 61 1
1243 61 1
808 61 1
1735 61 1
2162 61 1
3316 61 1
2791 61 1
143 61 1
2764 61 1
861 61 1
1436 61 1
726 61 1
1641 61 1
3783 61 1
1470 61 1
546 61 1
3027 61 1
1617 61 1
3379 61 1
2556 61 1
1659 61 1
2217 61 1
2984 61 1
835 61 1
540 61 1
2072 61 1
3353 61 1
477 61 1
451 61 1
3758 61 1
3209 61 1
96 61 1
2763 61 1
954 61 1
1642 61 1
302 61 1
1188 61 1
490 61 1
2731 61 1
411 61 1
2559 61 1
3303 61 1
1677 61 1
3724 61 1
3643 61 1
2674 61 1
2086 61 1
1042 61 1
1517 61 1
3200 61 1
673 61 1
1900 61 1
783 61 1
2374 61 1
3778 61 1
1232 61 1
596 61 1
3079 61 1
2745 61 1
2522 61 1
2676 61 1
1832 61 1
3360 61 1
2533 61 1
2988 61 1
3536 61 1
44 61 1
3715 61 1
3131 61 1
409 61 1
2048 61 1
942 61 1
1896 61 1
40 61 1
703 61 1
835 61 1
2696 61 1
79 61 1
995 61 1
3274 61 1
311 61 1
3479 61 1
3689 61 1
7 61 1
317 61 1
3302 61 1
3386 61 1
1790 61 1
625 61 1
3697 61 1
1132 61 1
1734 61 1
2412 61 1
711 61 1
1770 61 1
278 61 1
428 61 1
2276 61 1
1976 61 1
2548 61 1
3236 61 1
863 61 1
3499 61 1
2760 61 1
1975 61 1
1313 61 1
886 61 1
1083 61 1
1099 61 1
2302 61 1
3020 61 1
3057 61 1
2865 61 1
3837 61 1
973 61 1
3132 61 1
2765 61 1
2284 61 1
3257 61 1
260 61 1
219 61 1
720 61 1
429 61 1
496 61 1
3706 61 1
77 61 1
1239 61 1
1117 61 1
932 61 1
3021 61 1
2873 61 1
207 61 1
3661 61 1
30 61 1
381 61 1
3808 61 1
1962 61 1
363 61 1
236 61 1
3286 61 1
303 61 1
356 61 1
2101 61 1
1523 61 1
3310 61 1
1408 61 1
1615 61 1
1112 62 1
1351 62 1
2478 62 1
1939 62 1
3215 62 1
1474 62 1
2615 62 1
3446 62 1
2236 62 1
3018 62 1
227 62 1
890 62 1
1841 62 1
1209 62 1
370 62 1
1398 62 1
1230 62 1
2820 62 1
3195 62 1
965 62 1
2211 62 1
2559 62 1
3532 62 1
1699 62 1
1525 62 1
2326 62 1
3785 62 1
2257 62 1
2355 62 1
2531 62 1
2107 62 1
3769 62 1
1259 62 1
766 62 1
455 62 1
3845 62 1
1550 62 1
3245 62 1
865 62 1
3287 62 1
3140 62 1
2890 62 1
1789 62 1
3599 62 1
871 62 1
1885 62 1
904 62 1
1448 62 1
1231 62 1
1694 62 1
1619 62 1
8 62 1
1864 62 1
874 62 1
3612 62 1
3671 62 1
1738 62 1
2236 62 1
2668 62 1
415 62 1
704 62 1
1741 62 1
3436 62 1
1508 62 1
2513 62 1
1758 62 1
3203 62 1
2960 62 1
2253 62 1
373 62 1
3729 62 1
257 62 1
3130 62 1
1159 62 1
752 62 1
2046 62 1
3448 62 1
843 62 1
1931 62 1
2883 62 1
1241 62 1
2141 62 1
2912 62 1
2994 62 1
1682 62 1
498 62 1
3563 62 1
2017 62 1
456 62 1
1366 62 1
2368 62 1
3096 62 1
2195 62 1
2679 62 1
2800 62 1
2438 62 1
3580 62 1
3540 62 1
1756 62 1
1038 62 1
1050 62 1
1610 62 1
2332 62 1
1009 62 1
2316 62 1
455 62 1
1728 62 1
2257 62 1
1793 62 1
2028 62 1
1259 62 1
988 62 1
2865 62 1
2022 62 1
2865 62 1
673 62 1
1235 62 1
3719 62 1
3755 62 1
2490 62 1
2366 62 1
1295 62 1
821 62 1
1519 62 1
1808 62 1
2185 62 1
1016 62 1
2616 62 1
1502 62 1
3701 62 1
985 62 1
870 62 1
259 62 1
1776 62 1
3256 62 1
2580 62 1
3096 62 1
662 62 1
397 62 1
1962 62 1
2170 62 1
100 62 1
2238 62 1
2399 62 1
3440 62 1
2140 62 1
2318 62 1
747 62 1
2154 62 1
2879 62 1
2347 62 1
3282 62 1
3590 62 1
3334 62 1
2275 62 1
3534 62 1
3129 62 1
2665 62 1
967 62 1
31 62 1
2623 62 1
178 62 1
401 62 1
1262 62 1
1449 62 1
3031 62 1
2665 62 1
43 62 1
2016 62 1
477 62 1
1991 62 1
2200 62 1
2198 62 1
3383 62 1
2042 62 1
885 62 1
3627 62 1
811 62 1
2944 62 1
26 62 1
48 62 1
2367 62 1
470 62 1
143 62 1
3529 62 1
3187 62 1
3148 62 1
3694 62 1
3177 62 1
320 62 1
3182 62 1
3411 62 1
1963 62 1
2901 62 1
2482 62 1
1980 62 1
3731 62 1
3552 62 1
290 62 1
199 62 1
1294 62 1
1474 62 1
2741 62 1
2212 62 1
2469 62 1
56 62 1
250 62 1
314 62 1
2369 62 1
2982 62 1
3252 62 1
1528 62 1
1348 62 1
1447 62 1
592 62 1
1890 62 1
1120 62 1
2635 62 1
3634 62 1
1702 62 1
2405 62 1
849 62 1
2025 62 1
1760 62 1
2779 62 1
55 62 1
3383 62 1
2917 62 1
276 62 1
3270 62 1
1088 62 1
1536 62 1
416 62 1
1604 62 1
2255 62 1
943 62 1
2537 62 1
3637 62 1
854 62 1
1281 62 1
2143 62 1
2323 62 1
2037 62 1
332 62 1
3607 62 1
66 62 1
118 62 1
3386 62 1
3288 62 1
3000 62 1
693 62 1
1395 62 1
2382 62 1
1269 62 1
1636 62 1
552 62 1
1643 62 1
3098 62 1
2204 62 1
2436 62 1
2226 62 1
1683 62 1
1172 62 1
3627 62 1
2107 62 1
2356 62 1
262 62 1
2360 62 1
3580 62 1
2116 62 1
3651 62 1
1067 62 1
610 62 1
2609 62 1
1968 62 1
2924 62 1
2115 62 1
1035 62 1
2643 62 1
1374 62 1
3406 62 1
2126 62 1
314 62 1
2730 62 1
2112 62 1
1547 62 1
2253 62 1
1844 62 1
1871 62 1
1886 62 1
906 62 1
2744 62 1
2448 62 1
354 62 1
3054 62 1
2085 62 1
3717 62 1
3550 62 1
676 62 1
3684 62 1
2576 62 1
1985 62 1
1748 62 1
2472 62 1
1145 62 1
593 62 1
417 62 1
128 62 1
1862 62 1
2095 62 1
2154 62 1
3473 62 1
2844 62 1
2068 62 1
3580 62 1
546 62 1
54 62 1
190 62 1
3195 62 1
327 62 1
10 62 1
2412 62 1
926 62 1
1775 62 1
1056 62 1
3517 62 1
3527 62 1
474 62 1
1769 62 1
1984 62 1
2010 62 1
1219 62 1
1442 62 1
3754 62 1
2351 62 1
1364 62 1
1464 62 1
3283 62 1
3087 62 1
3580 62 1
3786 62 1
3556 62 1
2110 62 1
2961 62 1
1257 62 1
322 63 1
997 63 1
3766 63 1
3560 63 1
2377 63 1
3511 63 1
765 63 1
645 63 1
2935 63 1
2101 63 1
3169 63 1
2610 63 1
2994 63 1
3345 63 1
1821 63 1
2435 63 1
3805 63 1
3217 63 1
2404 63 1
3148 63 1
3656 63 1
1528 63 1
362 63 1
3107 63 1
743 63 1
305 63 1
857 63 1
2756 63 1
1321 63 1
3577 63 1
1405 63 1
1309 63 1
353 63 1
3416 63 1
3502 63 1
923 63 1
1199 63 1
2032 63 1
3155 63 1
506 63 1
2633 63 1
3753 63 1
1832 63 1
2183 63 1
1560 63 1
3823 63 1
2983 63 1
3530 63 1
1882 63 1
1841 63 1
3095 63 1
3845 63 1
2812 63 1
3091 63 1
3049 63 1
3522 63 1
1659 63 1
195 63 1
990 63 1
2036 63 1
1094 63 1
3044 63 1
2307 63 1
1307 63 1
1339 63 1
2905 63 1
545 63 1
184 63 1
3275 63 1
2125 63 1
2269 63 1
556 63 1
1561 63 1
3579 63 1
1780 63 1
1883 63 1
2103 63 1
2809 63 1
1197 63 1
1571 63 1
132 63 1
1731 63 1
2269 63 1
2610 63 1
3205 63 1
1506 63 1
2723 63 1
291 63 1
3438 63 1
2689 63 1
1663 63 1
2106 63 1
790 63 1
198 63 1
2999 63 1
865 63 1
231 63 1
1404 63 1
751 63 1
2796 63 1
1548 63 1
598 63 1
2357 63 1
737 63 1
895 63 1
1638 63 1
1268 63 1
1167 63 1
2721 63 1
337 63 1
55 63 1
1591 63 1
3527 63 1
3571 63 1
3614 63 1
186 63 1
2611 63 1
3583 63 1
2472 63 1
2654 63 1
3473 63 1
640 63 1
3032 63 1
2207 63 1
1084 63 1
1992 63 1
3537 63 1
1277 63 1
730 63 1
10 63 1
2199 63 1
1834 63 1
387 63 1
3080 63 1
1706 63 1
3406 63 1
3226 63 1
20 63 1
2452 63 1
1804 63 1
1086 63 1
2689 63 1
3076 63 1
2111 63 1
2675 63 1
2889 63 1
3652 63 1
2153 63 1
1911 63 1
3389 63 1
2014 63 1
174 63 1
768 63 1
2564 63 1
3281 63 1
1125 63 1
771 63 1
1958 63 1
3769 63 1
1767 63 1
3846 63 1
3613 63 1
235 63 1
3762 63 1
1134 63 1
335 63 1
2347 63 1
2892 63 1
554 63 1
126 63 1
561 63 1
3064 63 1
2905 63 1
3850 63 1
1412 63 1
1663 63 1
2525 63 1
1492 63 1
3374 63 1
2911 63 1
1767 63 1
3103 63 1
1225 63 1
3662 63 1
2426 63 1
2183 63 1
3394 63 1
2444 63 1
2936 63 1
2975 63 1
274 63 1
1294 63 1
599 63 1
695 63 1
1840 63 1
1192 63 1
3687 63 1
1337 63 1
993 63 1
1482 63 1
2963 63 1
514 63 1
2462 63 1
1950 63 1
1221 63 1
3574 63 1
2651 63 1
87 63 1
3753 63 1
2127 63 1
2751 63 1
2964 63 1
1372 63 1
843 63 1
3198 63 1
479 63 1
2166 63 1
2730 63 1
1624 63 1
1591 63 1
3067 63 1
1247 63 1
566 63 1
450 63 1
1849 63 1
2705 63 1
3194 63 1
1125 63 1
929 63 1
1078 63 1
225 63 1
70 63 1
1449 63 1
3665 63 1
258 63 1
2581 63 1
2703 63 1
2785 63 1
3592 63 1
2076 63 1
2471 63 1
2877 63 1
1379 63 1
291 63 1
781 63 1
1869 63 1
3620 63 1
1227 63 1
1322 63 1
3409 63 1
3788 63 1
1940 63 1
1261 63 1
779 63 1
2525 63 1
1499 63 1
205 63 1
1073 63 1
3279 63 1
3503 63 1
2570 63 1
376 63 1
1240 63 1
2305 63 1
233 63 1
1185 63 1
836 63 1
2218 63 1
3687 63 1
1639 63 1
3814 63 1
1274 63 1
1817 63 1
2161 63 1
2875 63 1
1976 63 1
775 63 1
2157 63 1
3309 63 1
2628 63 1
3136 63 1
1892 63 1
1238 63 1
2143 63 1
3486 63 1
3068 63 1
1097 63 1
1098 63 1
600 63 1
2658 63 1
2005 63 1
1689 63 1
3672 63 1
109 63 1
2445 63 1
1091 63 1
2624 63 1
903 63 1
2844 63 1
2940 63 1
2198 63 1
1649 63 1
2023 63 1
2619 63 1
1451 63 1
2232 63 1
3805 63 1
3211 63 1
2639 63 1
401 63 1
1019 63 1
2174 63 1
1460 63 1
159 63 1
2423 63 1
3261 63 1
1938 63 1
733 63 1
3847 63 1
3784 63 1
3207 63 1
1948 63 1
2479 63 1
152 63 1
3608 63 1
2123 63 1
328 63 1
1604 63 1
3454 63 1
1030 63 1
1674 63 1
1843 63 1
1803 63 1
2355 63 1
271 63 1
539 63 1
1571 63 1
3672 63 1
426 63 1
2672 63 1
3302 63 1
721 63 1
3123 63 1
3587 63 1
1026 63 1
3706 64 1
391 64 1
2700 64 1
3353 64 1
3002 64 1
3224 64 1
76 64 1
3716 64 1
2321 64 1
523 64 1
2366 64 1
3200 64 1
958 64 1
3814 64 1
2070 64 1
1784 64 1
873 64 1
2394 64 1
2461 64 1
1157 64 1
2437 64 1
3787 64 1
3451 64 1
3391 64 1
2507 64 1
1405 64 1
2629 64 1
1251 64 1
1529 64 1
2079 64 1
2779 64 1
122 64 1
822 64 1
3786 64 1
1274 64 1
1126 64 1
2250 64 1
1746 64 1
3399 64 1
784 64 1
67 64 1
672 64 1
667 64 1
521 64 1
1485 64 1
597 64 1
918 64 1
3320 64 1
2842 64 1
3417 64 1
2270 64 1
3229 64 1
2406 64 1
1405 64 1
1534 64 1
3800 64 1
2956 64 1
1566 64 1
456 64 1
668 64 1
1728 64 1
3380 64 1
2249 64 1
398 64 1
36 64 1
484 64 1
1237 64 1
1194 64 1
1238 64 1
2564 64 1
1975 64 1
1118 64 1
1434 64 1
723 64 1
1869 64 1
1499 64 1
644 64 1
2208 64 1
587 64 1
2323 64 1
1276 64 1
2927 64 1
3162 64 1
531 64 1
1040 64 1
3007 64 1
291 64 1
640 64 1
2706 64 1
1466 64 1
2120 64 1
3429 64 1
3442 64 1
1909 64 1
3456 64 1
2059 64 1
2829 64 1
2426 64 1
2860 64 1
2268 64 1
184 64 1
814 64 1
1676 64 1
1618 64 1
3710 64 1
3641 64 1
411 64 1
1504 64 1
1042 64 1
3749 64 1
1643 64 1
2452 64 1
1023 64 1
318 64 1
2948 64 1
417 64 1
2496 64 1
342 64 1
2050 64 1
2277 64 1
2906 64 1
3025 64 1
1470 64 1
3859 64 1
370 64 1
2450 64 1
1871 64 1
1538 64 1
121 64 1
1265 64 1
2908 64 1
35 64 1
1832 64 1
1648 64 1
3386 64 1
3524 64 1
1314 64 1
748 64 1
3277 64 1
3466 64 1
2934 64 1
699 64 1
157 64 1
226 64 1
1681 64 1
3773 64 1
3108 64 1
1474 64 1
3066 64 1
1682 64 1
3328 64 1
3078 64 1
3218 64 1
893 64 1
3085 64 1
3340 64 1
1896 64 1
134 64 1
1795 64 1
2266 64 1
596 64 1
2421 64 1
2578 64 1
3484 64 1
398 64 1
2274 64 1
2102 64 1
2456 64 1
653 64 1
2373 64 1
2505 64 1
3090 64 1
18 64 1
1678 64 1
2201 64 1
1113 64 1
1345 64 1
2302 64 1
941 64 1
1645 64 1
1428 64 1
2181 64 1
2478 64 1
1794 64 1
2726 64 1
3293 64 1
2396 64 1
3523 64 1
1685 64 1
1593 64 1
3430 64 1
697 64 1
1416 64 1
2326 64 1
3306 64 1
917 64 1
392 64 1
1525 64 1
2596 64 1
2642 64 1
2892 64 1
951 64 1
1668 64 1
2734 64 1
3651 64 1
3334 64 1
2411 64 1
3239 64 1
750 64 1
1588 64 1
128 64 1
1135 64 1
1916 64 1
3156 64 1
3099 64 1
905 64 1
1899 64 1
3567 64 1
1173 64 1
1833 64 1
2996 64 1
2195 64 1
635 64 1
1948 64 1
1934 64 1
3165 64 1
2231 64 1
1915 64 1
655 64 1
3512 64 1
823 64 1
3469 64 1
2323 64 1
3758 64 1
729 64 1
601 64 1
3257 64 1
2101 64 1
3143 64 1
3747 64 1
42 64 1
2300 64 1
1148 64 1
2383 64 1
1012 64 1
3225 64 1
2941 64 1
384 64 1
3556 64 1
1731 64 1
234 64 1
3136 64 1
690 64 1
2165 64 1
116 64 1
705 64 1
783 64 1
1470 64 1
1695 64 1
1219 64 1
2463 64 1
1774 64 1
2595 64 1
1626 64 1
963 64 1
181 64 1
1678 64 1
2696 64 1
3502 64 1
2191 64 1
326 64 1
854 64 1
2008 64 1
3189 64 1
2078 64 1
3789 64 1
253 64 1
3684 64 1
2803 64 1
2716 64 1
1684 64 1
335 64 1
780 64 1
3275 64 1
3611 64 1
5 64 1
1202 64 1
33 64 1
3172 64 1
3303 64 1
2503 64 1
1026 64 1
2927 64 1
2635 64 1
2871 64 1
1355 64 1
419 64 1
2444 64 1
933 64 1
1579 64 1
163 64 1
568 64 1
218 64 1
2949 64 1
1351 64 1
767 64 1
2186 64 1
1623 64 1
796 64 1
1233 64 1
1118 64 1
2838 64 1
1303 64 1
2472 64 1
297 64 1
3483 64 1
3720 64 1
3522 64 1
1064 64 1
1345 64 1
2390 64 1
2358 64 1
238 64 1
2404 64 1
3768 64 1
2800 64 1
2552 64 1
498 64 1
2069 64 1
2894 64 1
1696 64 1
1588 64 1
3726 64 1
1668 64 1
3612 64 1
155 64 1
2381 64 1
3753 64 1
1103 64 1
3070 64 1
3821 64 1
1672 64 1
3692 64 1
2250 64 1
882 64 1
2465 65 1
1964 65 1
3531 65 1
1427 65 1
3530 65 1
1035 65 1
1604 65 1
3215 65 1
2713 65 1
902 65 1
1278 65 1
1089 65 1
3395 65 1
2166 65 1
1677 65 1
1850 65 1
3776 65 1
2371 65 1
789 65 1
1470 65 1
1653 65 1
2322 65 1
2080 65 1
3006 65 1
1386 65 1
288 65 1
2979 65 1
871 65 1
2339 65 1
1623 65 1
1183 65 1
683 65 1
2123 65 1
1060 65 1
3666 65 1
2920 65 1
2125 65 1
2788 65 1
2248 65 1
3191 65 1
779 65 1
3361 65 1
2989 65 1
960 65 1
2971 65 1
346 65 1
3084 65 1
880 65 1
3217 65 1
3733 65 1
2413 65 1
423 65 1
1941 65 1
1912 65 1
2973 65 1
1281 65 1
3508 65 1
2285 65 1
3548 65 1
578 65 1
2512 65 1
2 65 1
227 65 1
903 65 1
1484 65 1
2088 65 1
3172 65 1
2825 65 1
1608 65 1
3331 65 1
2349 65 1
977 65 1
1174 65 1
2459 65 1
1417 65 1
1960 65 1
1033 65 1
1810 65 1
1213 65 1
2220 65 1
122 65 1
990 65 1
3799 65 1
3743 65 1
1679 65 1
910 65 1
3082 65 1
1587 65 1
1796 65 1
2769 65 1
2754 65 1
777 65 1
548 65 1
149 65 1
2915 65 1
1459 65 1
796 65 1
1476 65 1
2008 65 1
1766 65 1
2044 65 1
252 65 1
3420 65 1
893 65 1
3703 65 1
968 65 1
3014 65 1
1763 65 1
1340 65 1
2482 65 1
1007 65 1
3326 65 1
1256 65 1
428 65 1
1559 65 1
1515 65 1
947 65 1
201 65 1
2285 65 1
218 65 1
2440 65 1
1837 65 1
163 65 1
2990 65 1
485 65 1
1130 65 1
2580 65 1
2266 65 1
738 65 1
1899 65 1
2345 65 1
1816 65 1
473 65 1
83 65 1
803 65 1
10 65 1
242 65 1
627 65 1
34 65 1
1481 65 1
249 65 1
2540 65 1
3235 65 1
1307 65 1
3047 65 1
2631 65 1
2080 65 1
1782 65 1
2758 65 1
3837 65 1
1925 65 1
1312 65 1
38 65 1
2536 65 1
1622 65 1
3177 65 1
2804 65 1
3312 65 1
3008 65 1
2452 65 1
1879 65 1
107 65 1
2791 65 1
244 65 1
1782 65 1
2525 65 1
2321 65 1
3669 65 1
3834 65 1
639 65 1
3459 65 1
2578 65 1
2785 65 1
927 65 1
2975 65 1
1743 65 1
3210 65 1
940 65 1
1862 65 1
2509 65 1
3146 65 1
1108 65 1
218 65 1
3579 65 1
2639 65 1
1561 65 1
1380 65 1
3359 65 1
1693 65 1
1052 65 1
3768 65 1
1308 65 1
2832 65 1
3752 65 1
2033 65 1
1232 65 1
3776 65 1
1934 65 1
1745 65 1
140 65 1
3316 65 1
3153 65 1
3791 65 1
3086 65 1
2260 65 1
2582 65 1
890 65 1
121 65 1
3072 65 1
3310 65 1
3168 65 1
2118 65 1
1210 65 1
2689 65 1
2222 65 1
1299 65 1
1023 65 1
1290 65 1
3657 65 1
754 65 1
2349 65 1
73 65 1
2910 65 1
3207 65 1
79 65 1
701 65 1
1199 65 1
1686 65 1
1612 65 1
246 65 1
2207 65 1
1457 65 1
2040 65 1
788 65 1
2253 65 1
3801 65 1
3077 65 1
1372 65 1
23 65 1
2374 65 1
2091 65 1
1129 65 1
973 65 1
3722 65 1
1022 65 1
1788 65 1
3383 65 1
565 65 1
2460 65 1
151 65 1
386 65 1
1504 65 1
2276 65 1
959 65 1
1759 65 1
2954 65 1
1465 65 1
1705 65 1
1274 65 1
2048 65 1
2469 65 1
3415 65 1
3119 65 1
795 65 1
2117 65 1
1975 65 1
2292 65 1
3519 65 1
1903 65 1
3483 65 1
3678 65 1
2803 65 1
3044 65 1
2984 65 1
1969 65 1
132 65 1
2726 65 1
3581 65 1
1089 65 1
583 65 1
3413 65 1
2744 65 1
347 65 1
2627 65 1
644 65 1
2236 65 1
3854 65 1
1296 65 1
2342 65 1
3609 65 1
323 65 1
1270 65 1
3812 65 1
2510 65 1
313 65 1
2832 65 1
236 65 1
545 65 1
2327 65 1
1413 65 1
3565 65 1
1660 65 1
1475 65 1
3284 65 1
972 65 1
1048 65 1
520 65 1
3406 65 1
1980 65 1
1114 65 1
3177 65 1
3635 65 1
368 65 1
53 65 1
1366 65 1
233 65 1
3166 65 1
2613 65 1
792 65 1
2718 65 1
1768 65 1
1946 65 1
117 65 1
2149 65 1
2095 65 1
2652 65 1
2992 65 1
3014 65 1
292 65 1
2886 65 1
684 65 1
1315 65 1
2011 65 1
2639 65 1
1949 65 1
215 65 1
2085 65 1
461 65 1
2044 65 1
1590 65 1
2458 65 1
688 65 1
2309 65 1
998 65 1
2716 65 1
2326 66 1
2773 66 1
3848 66 1
906 66 1
1026 66 1
2433 66 1
3203 66 1
1722 66 1
747 66 1
2153 66 1
2101 66 1
3087 66 1
2161 66 1
569 66 1
2972 66 1
951 66 1
3408 66 1
2084 66 1
1233 66 1
634 66 1
3296 66 1
347 66 1
2277 66 1
419 66 1
3353 66 1
3158 66 1
2810 66 1
1413 66 1
2426 66 1
3083 66 1
3262 66 1
3052 66 1
2506 66 1
498 66 1
2100 66 1
3054 66 1
2725 66 1
2260 66 1
163 66 1
3267 66 1
338 66 1
3659 66 1
1080 66 1
1402 66 1
688 66 1
2863 66 1
879 66 1
3835 66 1
2498 66 1
3502 66 1
3545 66 1
1726 66 1
3799 66 1
2265 66 1
32 66 1
3097 66 1
385 66 1
3616 66 1
2248 66 1
3400 66 1
690 66 1
630 66 1
1119 66 1
3118 66 1
3785 66 1
1414 66 1
3761 66 1
695 66 1
2435 66 1
1442 66 1
2304 66 1
511 66 1
2450 66 1
2612 66 1
18 66 1
2670 66 1
409 66 1
2883 66 1
263 66 1
857 66 1
1067 66 1
317 66 1
635 66 1
1706 66 1
1709 66 1
3319 66 1
3313 66 1
2645 66 1
3627 66 1
3648 66 1
1274 66 1
169 66 1
530 66 1
3313 66 1
1720 66 1
162 66 1
413 66 1
2025 66 1
1191 66 1
1972 66 1
1664 66 1
749 66 1
2317 66 1
3778 66 1
1291 66 1
3739 66 1
1772 66 1
943 66 1
98 66 1
1009 66 1
1754 66 1
3482 66 1
2255 66 1
2938 66 1
1100 66 1
978 66 1
1671 66 1
987 66 1
854 66 1
1322 66 1
1281 66 1
1886 66 1
684 66 1
2535 66 1
3835 66 1
868 66 1
2714 66 1
3163 66 1
2368 66 1
88 66 1
3104 66 1
2425 66 1
3662 66 1
3161 66 1
65 66 1
1285 66 1
302 66 1
1406 66 1
3306 66 1
1637 66 1
2702 66 1
2122 66 1
416 66 1
2832 66 1
1409 66 1
3477 66 1
589 66 1
2403 66 1
1230 66 1
3604 66 1
103 66 1
3318 66 1
3512 66 1
3138 66 1
2404 66 1
121 66 1
3605 66 1
2358 66 1
561 66 1
3217 66 1
469 66 1
2062 66 1
1394 66 1
974 66 1
1086 66 1
3579 66 1
2378 66 1
3726 66 1
3401 66 1
3022 66 1
2876 66 1
351 66 1
2103 66 1
2951 66 1
1896 66 1
82 66 1
2387 66 1
1969 66 1
1589 66 1
510 66 1
64 66 1
2150 66 1
1521 66 1
3466 66 1
3771 66 1
1235 66 1
2591 66 1
2703 66 1
3731 66 1
691 66 1
714 66 1
2829 66 1
3134 66 1
43 66 1
3606 66 1
2612 66 1
3565 66 1
4 66 1
973 66 1
1957 66 1
1309 66 1
1397 66 1
3104 66 1
3742 66 1
2685 66 1
1175 66 1
157 66 1
2361 66 1
2101 66 1
3115 66 1
2862 66 1
2148 66 1
2599 66 1
1458 66 1
1611 66 1
295 66 1
501 66 1
3051 66 1
3518 66 1
2165 66 1
393 66 1
3215 66 1
1666 66 1
3103 66 1
465 66 1
3264 66 1
2024 66 1
848 66 1
1090 66 1
1746 66 1
2560 66 1
2946 66 1
2085 66 1
2664 66 1
216 66 1
266 66 1
1815 66 1
486 66 1
3305 66 1
309 66 1
2432 66 1
3799 66 1
3271 66 1
407 66 1
289 66 1
540 66 1
3447 66 1
1831 66 1
3262 66 1
269 66 1
2804 66 1
1482 66 1
3414 66 1
1426 66 1
3594 66 1
1794 66 1
79 66 1
2765 66 1
2843 66 1
2306 66 1
2801 66 1
3711 66 1
2628 66 1
248 66 1
1767 66 1
2593 66 1
2410 66 1
2985 66 1
3364 66 1
152 66 1
2899 66 1
1503 66 1
3254 66 1
2793 66 1
1477 66 1
2578 66 1
3159 66 1
528 66 1
622 66 1
3209 66 1
2307 66 1
881 66 1
2354 66 1
880 66 1
3560 66 1
3385 66 1
831 66 1
505 66 1
1201 66 1
1099 66 1
3791 66 1
3597 66 1
3706 66 1
2024 66 1
2744 66 1
3189 66 1
2442 66 1
1129 66 1
544 66 1
42 66 1
892 66 1
3225 66 1
2939 66 1
145 66 1
2817 66 1
1300 66 1
2700 66 1
3452 66 1
1840 66 1
389 66 1
1544 66 1
992 66 1
3067 66 1
3360 66 1
3207 66 1
1363 66 1
796 66 1
3473 66 1
2096 66 1
1247 66 1
1830 66 1
50 66 1
840 66 1
2185 66 1
1968 66 1
970 66 1
852 66 1
611 66 1
347 66 1
3294 66 1
1642 66 1
3308 66 1
3604 66 1
1349 66 1
598 66 1
2389 66 1
2737 66 1
3506 66 1
1320 66 1
293 66 1
1904 66 1
428 66 1
1507 66 1
117 66 1
2315 66 1
2848 67 1
1604 67 1
2379 67 1
3630 67 1
171 67 1
1886 67 1
177 67 1
2342 67 1
2481 67 1
1252 67 1
2928 67 1
3565 67 1
1228 67 1
172 67 1
1849 67 1
1554 67 1
1689 67 1
2731 67 1
2498 67 1
1049 67 1
2076 67 1
341 67 1
2639 67 1
988 67 1
1136 67 1
2288 67 1
1097 67 1
3115 67 1
205 67 1
2960 67 1
1754 67 1
3134 67 1
3100 67 1
974 67 1
927 67 1
123 67 1
595 67 1
3164 67 1
1641 67 1
3750 67 1
778 67 1
2531 67 1
2120 67 1
1959 67 1
3478 67 1
3470 67 1
678 67 1
3545 67 1
145 67 1
3060 67 1
2523 67 1
949 67 1
281 67 1
3640 67 1
2542 67 1
674 67 1
3126 67 1
1744 67 1
1140 67 1
81 67 1
2462 67 1
2481 67 1
3012 67 1
1051 67 1
1005 67 1
3643 67 1
2782 67 1
1231 67 1
1132 67 1
3807 67 1
1041 67 1
254 67 1
73 67 1
1556 67 1
2498 67 1
2715 67 1
2277 67 1
3161 67 1
1500 67 1
480 67 1
1040 67 1
1277 67 1
3620 67 1
3192 67 1
1130 67 1
2705 67 1
3712 67 1
3233 67 1
2640 67 1
1429 67 1
1107 67 1
2509 67 1
2480 67 1
249 67 1
3376 67 1
1678 67 1
2452 67 1
2078 67 1
2225 67 1
3740 67 1
1953 67 1
2158 67 1
16 67 1
2718 67 1
2301 67 1
459 67 1
3115 67 1
1475 67 1
1607 67 1
485 67 1
1017 67 1
1212 67 1
2582 67 1
2645 67 1
3235 67 1
365 67 1
2076 67 1
1527 67 1
3012 67 1
1794 67 1
3167 67 1
2432 67 1
367 67 1
3543 67 1
1284 67 1
2483 67 1
2624 67 1
3608 67 1
3142 67 1
3269 67 1
1743 67 1
3615 67 1
1905 67 1
1844 67 1
1983 67 1
548 67 1
2256 67 1
1015 67 1
2013 67 1
3761 67 1
2683 67 1
1511 67 1
1070 67 1
3672 67 1
1185 67 1
392 67 1
2946 67 1
3024 67 1
3455 67 1
1998 67 1
3030 67 1
2483 67 1
1920 67 1
2476 67 1
675 67 1
2611 67 1
2365 67 1
1333 67 1
1708 67 1
3056 67 1
2321 67 1
767 67 1
1982 67 1
139 67 1
1401 67 1
3186 67 1
1814 67 1
2174 67 1
1120 67 1
2515 67 1
3302 67 1
1459 67 1
3293 67 1
1912 67 1
1260 67 1
2233 67 1
583 67 1
377 67 1
1232 67 1
2590 67 1
2576 67 1
3633 67 1
2717 67 1
2648 67 1
754 67 1
1545 67 1
2696 67 1
1357 67 1
2073 67 1
1147 67 1
1636 67 1
2032 67 1
3244 67 1
3601 67 1
2037 67 1
2765 67 1
1559 67 1
1559 67 1
2837 67 1
699 67 1
3318 67 1
2681 67 1
1143 67 1
1659 67 1
1459 67 1
55 67 1
3250 67 1
1675 67 1
1194 67 1
2673 67 1
355 67 1
1579 67 1
283 67 1
2184 67 1
2259 67 1
1150 67 1
3668 67 1
2666 67 1
3630 67 1
1713 67 1
3004 67 1
290 67 1
2097 67 1
1947 67 1
684 67 1
2247 67 1
455 67 1
2613 67 1
2554 67 1
707 67 1
946 67 1
2559 67 1
1564 67 1
551 67 1
2002 67 1
3272 67 1
105 67 1
1327 67 1
3080 67 1
1525 67 1
3678 67 1
2345 67 1
3031 67 1
1051 67 1
2307 67 1
397 67 1
865 67 1
3384 67 1
2764 67 1
1012 67 1
1540 67 1
2717 67 1
1684 67 1
3693 67 1
3044 67 1
3278 67 1
510 67 1
3564 67 1
2390 67 1
3029 67 1
3381 67 1
3460 67 1
3577 67 1
129 67 1
688 67 1
2941 67 1
424 67 1
150 67 1
98 67 1
727 67 1
1653 67 1
188 67 1
328 67 1
342 67 1
868 67 1
1818 67 1
3816 67 1
2272 67 1
3812 67 1
1692 67 1
2351 67 1
1046 67 1
2366 67 1
310 67 1
3266 67 1
2107 67 1
1202 67 1
1337 67 1
1516 67 1
3173 67 1
2251 67 1
281 67 1
3022 67 1
2985 67 1
2671 67 1
784 67 1
1478 67 1
1908 67 1
538 67 1
521 67 1
558 67 1
3522 67 1
1158 67 1
732 67 1
2364 67 1
1616 67 1
1577 67 1
1746 67 1
1096 67 1
2401 67 1
1998 67 1
891 67 1
473 67 1
2669 67 1
3825 67 1
1381 67 1
1875 67 1
455 67 1
2011 67 1
3765 67 1
843 67 1
602 67 1
2076 67 1
3577 67 1
3109 67 1
2295 67 1
537 67 1
1968 67 1
1000 67 1
406 67 1
1590 67 1
1488 67 1
389 67 1
2740 67 1
294 67 1
3198 67 1
1504 67 1
1906 67 1
1512 67 1
932 67 1
548 67 1
807 67 1
850 67 1
547 67 1
1329 67 1
403 68 1
1055 68 1
2633 68 1
1045 68 1
1263 68 1
718 68 1
1691 68 1
992 68 1
1229 68 1
3810 68 1
756 68 1
853 68 1
3009 68 1
3557 68 1
630 68 1
1186 68 1
1542 68 1
1958 68 1
45 68 1
2546 68 1
531 68 1
119 68 1
2041 68 1
2066 68 1
2798 68 1
97 68 1
860 68 1
1509 68 1
290 68 1
273 68 1
2575 68 1
2794 68 1
2317 68 1
460 68 1
3284 68 1
1205 68 1
725 68 1
3087 68 1
1388 68 1
1111 68 1
256 68 1
1204 68 1
2238 68 1
3733 68 1
3402 68 1
1814 68 1
1549 68 1
881 68 1
76 68 1
3499 68 1
2967 68 1
3592 68 1
312 68 1
2127 68 1
372 68 1
2036 68 1
2736 68 1
109 68 1
3098 68 1
2106 68 1
174 68 1
3350 68 1
3822 68 1
1244 68 1
3686 68 1
1 68 1
889 68 1
2361 68 1
546 68 1
3805 68 1
2337 68 1
2672 68 1
3097 68 1
1964 68 1
3742 68 1
2069 68 1
121 68 1
696 68 1
3261 68 1
1881 68 1
3162 68 1
2535 68 1
1215 68 1
2406 68 1
2447 68 1
3455 68 1
3137 68 1
3309 68 1
1772 68 1
2764 68 1
3271 68 1
1400 68 1
1496 68 1
38 68 1
985 68 1
2690 68 1
184 68 1
1258 68 1
1117 68 1
1216 68 1
3106 68 1
3219 68 1
1295 68 1
913 68 1
2572 68 1
3134 68 1
1259 68 1
1171 68 1
2907 68 1
479 68 1
2970 68 1
2005 68 1
1178 68 1
1477 68 1
385 68 1
2551 68 1
851 68 1
336 68 1
504 68 1
1006 68 1
2080 68 1
484 68 1
3106 68 1
1424 68 1
574 68 1
3029 68 1
2312 68 1
139 68 1
1752 68 1
1404 68 1
3723 68 1
760 68 1
3340 68 1
3770 68 1
843 68 1
3124 68 1
1622 68 1
465 68 1
2344 68 1
3528 68 1
3592 68 1
2803 68 1
3128 68 1
137 68 1
3323 68 1
127 68 1
1335 68 1
1937 68 1
2459 68 1
3495 68 1
2707 68 1
1691 68 1
478 68 1
2979 68 1
3462 68 1
106 68 1
3661 68 1
1273 68 1
1324 68 1
3858 68 1
680 68 1
961 68 1
1836 68 1
199 68 1
3737 68 1
2446 68 1
588 68 1
1486 68 1
1920 68 1
2153 68 1
2769 68 1
114 68 1
2282 68 1
3763 68 1
2016 68 1
1074 68 1
1474 68 1
610 68 1
1306 68 1
2591 68 1
1332 68 1
400 68 1
127 68 1
999 68 1
1423 68 1
2925 68 1
2236 68 1
693 68 1
624 68 1
1785 68 1
865 68 1
2627 68 1
2477 68 1
3493 68 1
412 68 1
626 68 1
3633 68 1
1526 68 1
1060 68 1
3858 68 1
1547 68 1
2658 68 1
1347 68 1
2101 68 1
1588 68 1
1629 68 1
1480 68 1
2348 68 1
3432 68 1
3557 68 1
829 68 1
2051 68 1
1736 68 1
2959 68 1
1353 68 1
2985 68 1
1009 68 1
3695 68 1
2185 68 1
596 68 1
3740 68 1
106 68 1
1794 68 1
411 68 1
2226 68 1
1731 68 1
3136 68 1
3139 68 1
3750 68 1
3501 68 1
281 68 1
961 68 1
2276 68 1
2716 68 1
3575 68 1
3480 68 1
2538 68 1
2514 68 1
2565 68 1
3079 68 1
3504 68 1
3708 68 1
2647 68 1
1479 68 1
2383 68 1
521 68 1
2810 68 1
2048 68 1
298 68 1
747 68 1
1830 68 1
275 68 1
1048 68 1
298 68 1
2987 68 1
2419 68 1
1217 68 1
3666 68 1
2750 68 1
1142 68 1
1520 68 1
2579 68 1
3054 68 1
3450 68 1
3572 68 1
1109 68 1
2806 68 1
2585 68 1
1917 68 1
1338 68 1
3671 68 1
2254 68 1
2332 68 1
906 68 1
3247 68 1
2992 68 1
3009 68 1
626 68 1
1982 68 1
2407 68 1
3390 68 1
413 68 1
2507 68 1
241 68 1
2136 68 1
2636 68 1
3648 68 1
3848 68 1
1164 68 1
851 68 1
1787 68 1
1346 68 1
2675 68 1
350 68 1
2106 68 1
3414 68 1
1912 68 1
2250 68 1
3454 68 1
3130 68 1
1724 68 1
975 68 1
2347 68 1
1056 68 1
3420 68 1
3176 68 1
2473 68 1
1712 68 1
3599 68 1
3005 68 1
1399 68 1
2740 68 1
145 68 1
3845 68 1
580 68 1
3743 68 1
2434 68 1
3247 68 1
532 68 1
3129 68 1
1627 68 1
3364 68 1
386 68 1
1274 68 1
2201 68 1
1500 68 1
2782 68 1
1089 68 1
3644 68 1
1275 68 1
3015 68 1
2337 68 1
3092 68 1
2402 68 1
1016 68 1
894 68 1
3613 68 1
3849 68 1
1313 68 1
3124 68 1
3682 68 1
2025 68 1
3626 68 1
2910 68 1
3461 68 1
46 69 1
1482 69 1
3196 69 1
829 69 1
3116 69 1
3404 69 1
2982 69 1
724 69 1
3001 69 1
901 69 1
789 69 1
2915 69 1
2330 69 1
2560 69 1
972 69 1
2647 69 1
3433 69 1
886 69 1
2330 69 1
2301 69 1
1352 69 1
188 69 1
1801 69 1
576 69 1
2268 69 1
1607 69 1
795 69 1
2345 69 1
2878 69 1
1494 69 1
3323 69 1
2541 69 1
1021 69 1
1392 69 1
2236 69 1
1278 69 1
1420 69 1
2234 69 1
3548 69 1
1372 69 1
1725 69 1
876 69 1
1616 69 1
1646 69 1
1547 69 1
2241 69 1
2292 69 1
1470 69 1
2803 69 1
570 69 1
3680 69 1
1581 69 1
2474 69 1
732 69 1
131 69 1
133 69 1
2190 69 1
1496 69 1
796 69 1
218 69 1
3381 69 1
188 69 1
2582 69 1
2599 69 1
3690 69 1
3454 69 1
795 69 1
592 69 1
252 69 1
383 69 1
1513 69 1
2128 69 1
3419 69 1
2548 69 1
2421 69 1
3233 69 1
2229 69 1
1550 69 1
3219 69 1
3398 69 1
560 69 1
2275 69 1
2622 69 1
1381 69 1
73 69 1
1096 69 1
3476 69 1
3673 69 1
436 69 1
1316 69 1
2966 69 1
2828 69 1
2608 69 1
2069 69 1
1290 69 1
2214 69 1
1415 69 1
351 69 1
696 69 1
1765 69 1
2429 69 1
3702 69 1
447 69 1
3745 69 1
300 69 1
611 69 1
856 69 1
3166 69 1
1605 69 1
1836 69 1
2162 69 1
2427 69 1
631 69 1
3432 69 1
1923 69 1
3623 69 1
967 69 1
761 69 1
280 69 1
3176 69 1
210 69 1
800 69 1
1414 69 1
290 69 1
19 69 1
1082 69 1
3015 69 1
3214 69 1
761 69 1
444 69 1
1902 69 1
455 69 1
2249 69 1
1547 69 1
1348 69 1
1883 69 1
3692 69 1
3451 69 1
1345 69 1
2894 69 1
2395 69 1
3096 69 1
1813 69 1
3535 69 1
2597 69 1
1055 69 1
678 69 1
3616 69 1
1269 69 1
2018 69 1
3801 69 1
3080 69 1
3098 69 1
2679 69 1
2436 69 1
3285 69 1
2173 69 1
1701 69 1
692 69 1
422 69 1
623 69 1
2998 69 1
2271 69 1
767 69 1
1232 69 1
2742 69 1
1947 69 1
3044 69 1
2412 69 1
880 69 1
466 69 1
3196 69 1
2128 69 1
441 69 1
2196 69 1
906 69 1
127 69 1
3313 69 1
3834 69 1
3611 69 1
604 69 1
1839 69 1
3012 69 1
3721 69 1
442 69 1
2071 69 1
1100 69 1
1536 69 1
1795 69 1
601 69 1
2371 69 1
2985 69 1
2164 69 1
1496 69 1
3693 69 1
3021 69 1
1555 69 1
2741 69 1
3373 69 1
461 69 1
3232 69 1
3199 69 1
3736 69 1
772 69 1
1040 69 1
589 69 1
3251 69 1
767 69 1
2538 69 1
1688 69 1
2818 69 1
3802 69 1
1957 69 1
549 69 1
935 69 1
93 69 1
3632 69 1
3780 69 1
491 69 1
599 69 1
821 69 1
2011 69 1
836 69 1
909 69 1
3015 69 1
161 69 1
1393 69 1
67 69 1
3095 69 1
1728 69 1
3162 69 1
2063 69 1
1237 69 1
3358 69 1
3723 69 1
2645 69 1
3204 69 1
1431 69 1
1907 69 1
2543 69 1
2180 69 1
2824 69 1
496 69 1
35 69 1
3103 69 1
774 69 1
2060 69 1
1612 69 1
430 69 1
492 69 1
1831 69 1
2433 69 1
3408 69 1
108 69 1
1181 69 1
3293 69 1
3810 69 1
416 69 1
3766 69 1
217 69 1
2433 69 1
2338 69 1
1331 69 1
839 69 1
61 69 1
179 69 1
1905 69 1
1504 69 1
248 69 1
2176 69 1
1928 69 1
1268 69 1
687 69 1
114 69 1
1925 69 1
778 69 1
3788 69 1
1694 69 1
1523 69 1
1823 69 1
3260 69 1
3617 69 1
2182 69 1
746 69 1
2377 69 1
1071 69 1
1341 69 1
2448 69 1
2259 69 1
1434 69 1
877 69 1
1964 69 1
2533 69 1
2828 69 1
3675 69 1
1368 69 1
2721 69 1
2412 69 1
548 69 1
1375 69 1
1299 69 1
2299 69 1
2422 69 1
1896 69 1
1586 69 1
1927 69 1
2554 69 1
3298 69 1
1506 69 1
1021 69 1
2914 69 1
1625 69 1
445 69 1
3703 69 1
3564 69 1
1393 69 1
539 69 1
259 69 1
1129 69 1
3821 69 1
1698 69 1
2907 69 1
369 69 1
2185 69 1
2687 69 1
868 69 1
750 69 1
1729 69 1
423 69 1
2690 69 1
1037 69 1
33 69 1
1469 69 1
2711 69 1
3158 69 1
3223 69 1
3706 69 1
549 69 1
2520 69 1
3530 69 1
1023 69 1
1867 69 1
424 69 1
2424 69 1
2112 69 1
3694 70 1
2045 70 1
2677 70 1
3214 70 1
1124 70 1
3359 70 1
2548 70 1
1906 70 1
2411 70 1
1685 70 1
2419 70 1
2277 70 1
1931 70 1
1907 70 1
3428 70 1
3073 70 1
2810 70 1
296 70 1
3421 70 1
2187 70 1
1434 70 1
373 70 1
2565 70 1
2667 70 1
509 70 1
3661 70 1
1153 70 1
839 70 1
858 70 1
2486 70 1
2706 70 1
842 70 1
1272 70 1
2953 70 1
1800 70 1
680 70 1
3279 70 1
3572 70 1
1578 70 1
567 70 1
748 70 1
119 70 1
3377 70 1
1625 70 1
2481 70 1
2971 70 1
2816 70 1
3375 70 1
2677 70 1
2943 70 1
3249 70 1
2065 70 1
47 70 1
3310 70 1
1901 70 1
426 70 1
933 70 1
3229 70 1
967 70 1
394 70 1
834 70 1
3711 70 1
254 70 1
2891 70 1
1413 70 1
762 70 1
516 70 1
1442 70 1
2852 70 1
666 70 1
491 70 1
868 70 1
3146 70 1
48 70 1
66 70 1
3839 70 1
1666 70 1
843 70 1
486 70 1
2423 70 1
1614 70 1
2937 70 1
2457 70 1
56 70 1
735 70 1
3145 70 1
1714 70 1
2564 70 1
685 70 1
622 70 1
2569 70 1
3622 70 1
1088 70 1
2488 70 1
2334 70 1
3528 70 1
150 70 1
1210 70 1
9 70 1
2189 70 1
2220 70 1
96 70 1
1920 70 1
3713 70 1
2850 70 1
32 70 1
3373 70 1
3554 70 1
3538 70 1
2681 70 1
2005 70 1
1239 70 1
1681 70 1
1759 70 1
2786 70 1
3755 70 1
2593 70 1
1841 70 1
1790 70 1
1058 70 1
368 70 1
3435 70 1
280 70 1
1335 70 1
3243 70 1
383 70 1
91 70 1
1911 70 1
3507 70 1
3637 70 1
215 70 1
3301 70 1
2708 70 1
2471 70 1
2899 70 1
1643 70 1
2922 70 1
126 70 1
2737 70 1
1063 70 1
3354 70 1
2520 70 1
1400 70 1
2990 70 1
3085 70 1
2987 70 1
3541 70 1
1225 70 1
3491 70 1
3853 70 1
374 70 1
2852 70 1
2635 70 1
1004 70 1
2738 70 1
1684 70 1
3097 70 1
135 70 1
2531 70 1
2686 70 1
1563 70 1
19 70 1
2760 70 1
3000 70 1
2880 70 1
192 70 1
3101 70 1
1647 70 1
455 70 1
3691 70 1
660 70 1
2294 70 1
1811 70 1
953 70 1
1334 70 1
3636 70 1
48 70 1
1151 70 1
2610 70 1
1324 70 1
3766 70 1
2770 70 1
2115 70 1
1300 70 1
2819 70 1
2572 70 1
406 70 1
1264 70 1
545 70 1
442 70 1
2013 70 1
886 70 1
2995 70 1
3 70 1
2359 70 1
248 70 1
2331 70 1
2677 70 1
924 70 1
1250 70 1
1559 70 1
1478 70 1
2493 70 1
2089 70 1
594 70 1
504 70 1
2604 70 1
1830 70 1
3637 70 1
71 70 1
1490 70 1
764 70 1
217 70 1
2392 70 1
1075 70 1
1867 70 1
2446 70 1
2224 70 1
3838 70 1
2559 70 1
3368 70 1
1023 70 1
2173 70 1
2989 70 1
1092 70 1
1925 70 1
2150 70 1
1323 70 1
1362 70 1
1062 70 1
1617 70 1
3388 70 1
2241 70 1
3474 70 1
72 70 1
680 70 1
2732 70 1
3552 70 1
3513 70 1
3495 70 1
3254 70 1
168 70 1
3367 70 1
893 70 1
2799 70 1
2565 70 1
3603 70 1
2744 70 1
2346 70 1
938 70 1
1977 70 1
551 70 1
2149 70 1
118 70 1
3161 70 1
2213 70 1
2025 70 1
3200 70 1
3592 70 1
3575 70 1
2712 70 1
1855 70 1
675 70 1
1858 70 1
2322 70 1
3785 70 1
987 70 1
2177 70 1
2647 70 1
3755 70 1
640 70 1
1346 70 1
476 70 1
3006 70 1
1566 70 1
333 70 1
3422 70 1
2756 70 1
3324 70 1
904 70 1
3461 70 1
354 70 1
2862 70 1
1317 70 1
3574 70 1
3085 70 1
2081 70 1
1606 70 1
1691 70 1
399 70 1
1375 70 1
2437 70 1
1878 70 1
2669 70 1
1327 70 1
1659 70 1
686 70 1
3325 70 1
1358 70 1
872 70 1
1796 70 1
2038 70 1
1230 70 1
475 70 1
138 70 1
2872 70 1
1364 70 1
1690 70 1
1993 70 1
1831 70 1
3619 70 1
39 70 1
2118 70 1
397 70 1
967 70 1
156 70 1
1552 70 1
2630 70 1
777 70 1
2868 70 1
3107 70 1
1760 70 1
3146 70 1
1229 70 1
1721 70 1
1907 70 1
433 70 1
384 70 1
1259 70 1
2957 70 1
3107 70 1
2358 70 1
928 70 1
1058 70 1
867 70 1
3599 70 1
1091 70 1
1862 70 1
1917 70 1
2856 70 1
2721 70 1
2371 70 1
571 70 1
1202 70 1
1568 70 1
2731 71 1
1302 71 1
1769 71 1
1779 71 1
357 71 1
2132 71 1
700 71 1
2563 71 1
2984 71 1
1953 71 1
468 71 1
1297 71 1
2574 71 1
1332 71 1
661 71 1
1297 71 1
2573 71 1
3056 71 1
1337 71 1
1803 71 1
1705 71 1
1410 71 1
3484 71 1
3131 71 1
1312 71 1
3738 71 1
3824 71 1
3748 71 1
3850 71 1
2496 71 1
1713 71 1
3582 71 1
3249 71 1
1776 71 1
3284 71 1
3218 71 1
2917 71 1
2285 71 1
1746 71 1
1892 71 1
2630 71 1
1657 71 1
564 71 1
2404 71 1
1692 71 1
333 71 1
1328 71 1
3158 71 1
1084 71 1
1966 71 1
2905 71 1
2899 71 1
1112 71 1
396 71 1
3525 71 1
1169 71 1
1016 71 1
1263 71 1
2112 71 1
940 71 1
960 71 1
2199 71 1
3823 71 1
1806 71 1
2384 71 1
728 71 1
1048 71 1
1648 71 1
2975 71 1
1885 71 1
3432 71 1
2988 71 1
2692 71 1
2747 71 1
1316 71 1
630 71 1
2305 71 1
1318 71 1
3587 71 1
404 71 1
656 71 1
64 71 1
1717 71 1
1947 71 1
2213 71 1
1403 71 1
943 71 1
3119 71 1
1716 71 1
2189 71 1
1955 71 1
3495 71 1
235 71 1
2522 71 1
1720 71 1
1860 71 1
1005 71 1
888 71 1
1466 71 1
2846 71 1
498 71 1
3552 71 1
2589 71 1
3026 71 1
2754 71 1
3043 71 1
1456 71 1
1707 71 1
3348 71 1
2353 71 1
619 71 1
2553 71 1
104 71 1
2438 71 1
443 71 1
2669 71 1
1553 71 1
1078 71 1
3209 71 1
364 71 1
1299 71 1
3615 71 1
1776 71 1
3637 71 1
1642 71 1
2329 71 1
3133 71 1
3613 71 1
2539 71 1
1861 71 1
3379 71 1
1938 71 1
3691 71 1
2611 71 1
2878 71 1
753 71 1
53 71 1
1692 71 1
538 71 1
1338 71 1
822 71 1
224 71 1
2907 71 1
977 71 1
75 71 1
3095 71 1
1784 71 1
2815 71 1
2893 71 1
3480 71 1
293 71 1
1950 71 1
3676 71 1
3089 71 1
255 71 1
238 71 1
3828 71 1
2607 71 1
139 71 1
2484 71 1
1483 71 1
1469 71 1
1845 71 1
2067 71 1
2280 71 1
1465 71 1
2054 71 1
154 71 1
286 71 1
3510 71 1
3732 71 1
644 71 1
1541 71 1
1758 71 1
3156 71 1
1756 71 1
2137 71 1
3840 71 1
2983 71 1
2795 71 1
3771 71 1
834 71 1
2798 71 1
2902 71 1
242 71 1
1838 71 1
422 71 1
1940 71 1
1472 71 1
1966 71 1
947 71 1
3778 71 1
788 71 1
3463 71 1
2675 71 1
878 71 1
1958 71 1
1308 71 1
3241 71 1
3557 71 1
2226 71 1
3356 71 1
1775 71 1
1860 71 1
782 71 1
1182 71 1
2984 71 1
134 71 1
1661 71 1
1075 71 1
3403 71 1
2911 71 1
3323 71 1
1022 71 1
1004 71 1
683 71 1
1233 71 1
2359 71 1
629 71 1
3205 71 1
1846 71 1
3214 71 1
3846 71 1
3393 71 1
2582 71 1
729 71 1
3797 71 1
540 71 1
632 71 1
3555 71 1
709 71 1
202 71 1
945 71 1
585 71 1
3308 71 1
3852 71 1
1036 71 1
791 71 1
580 71 1
2517 71 1
2986 71 1
3625 71 1
3262 71 1
1189 71 1
797 71 1
869 71 1
654 71 1
1606 71 1
2560 71 1
1954 71 1
1566 71 1
2473 71 1
2096 71 1
2007 71 1
3654 71 1
2986 71 1
618 71 1
3762 71 1
2049 71 1
3588 71 1
81 71 1
230 71 1
426 71 1
2644 71 1
3809 71 1
102 71 1
2133 71 1
72 71 1
2392 71 1
252 71 1
3732 71 1
1972 71 1
271 71 1
1483 71 1
1973 71 1
1555 71 1
2942 71 1
3075 71 1
1821 71 1
818 71 1
1672 71 1
846 71 1
71 71 1
1616 71 1
1227 71 1
1839 71 1
1006 71 1
2496 71 1
2450 71 1
3306 71 1
2546 71 1
2862 71 1
566 71 1
191 71 1
1039 71 1
2125 71 1
1412 71 1
2980 71 1
39 71 1
347 71 1
298 71 1
3822 71 1
2028 71 1
993 71 1
2050 71 1
3556 71 1
41 71 1
1718 71 1
79 71 1
3452 71 1
595 71 1
525 71 1
2565 71 1
2613 71 1
3578 71 1
563 71 1
3509 71 1
901 71 1
2248 71 1
3253 71 1
3021 71 1
3620 71 1
1831 71 1
633 71 1
859 71 1
896 71 1
2528 71 1
3252 71 1
2141 71 1
3681 71 1
2133 71 1
2110 71 1
2184 71 1
1403 71 1
1671 71 1
799 71 1
447 71 1
2863 71 1
1210 71 1
1869 71 1
3184 71 1
1915 71 1
1327 71 1
3486 71 1
72 71 1
2396 72 1
473 72 1
1529 72 1
3778 72 1
85 72 1
3159 72 1
134 72 1
3151 72 1
1527 72 1
536 72 1
879 72 1
3204 72 1
2037 72 1
1984 72 1
2192 72 1
327 72 1
2731 72 1
3470 72 1
3066 72 1
3355 72 1
1020 72 1
2639 72 1
3048 72 1
3665 72 1
2758 72 1
465 72 1
888 72 1
583 72 1
730 72 1
1343 72 1
134 72 1
1921 72 1
3787 72 1
3081 72 1
1142 72 1
3591 72 1
572 72 1
856 72 1
1863 72 1
603 72 1
1145 72 1
2132 72 1
3595 72 1
1452 72 1
1131 72 1
2100 72 1
1641 72 1
3626 72 1
3107 72 1
3847 72 1
1993 72 1
1122 72 1
3133 72 1
1086 72 1
3431 72 1
2152 72 1
495 72 1
1283 72 1
188 72 1
1982 72 1
665 72 1
1190 72 1
3376 72 1
2124 72 1
1974 72 1
799 72 1
3257 72 1
2081 72 1
798 72 1
3510 72 1
174 72 1
889 72 1
1578 72 1
1196 72 1
1592 72 1
2562 72 1
3552 72 1
771 72 1
3109 72 1
365 72 1
163 72 1
1653 72 1
2161 72 1
3474 72 1
1072 72 1
3615 72 1
1564 72 1
3442 72 1
1147 72 1
2086 72 1
569 72 1
782 72 1
163 72 1
1015 72 1
2266 72 1
905 72 1
187 72 1
926 72 1
2317 72 1
1888 72 1
2514 72 1
3829 72 1
3212 72 1
1460 72 1
3274 72 1
1623 72 1
2680 72 1
2562 72 1
3355 72 1
2558 72 1
2372 72 1
1542 72 1
3664 72 1
3582 72 1
3064 72 1
2453 72 1
86 72 1
3609 72 1
3324 72 1
1184 72 1
2572 72 1
3349 72 1
2048 72 1
3404 72 1
1927 72 1
2678 72 1
2921 72 1
2139 72 1
2573 72 1
233 72 1
3284 72 1
3170 72 1
2983 72 1
2033 72 1
1921 72 1
828 72 1
3793 72 1
1028 72 1
3134 72 1
818 72 1
2089 72 1
706 72 1
1475 72 1
641 72 1
490 72 1
2436 72 1
1518 72 1
2026 72 1
2543 72 1
3573 72 1
3550 72 1
3150 72 1
1177 72 1
928 72 1
2582 72 1
784 72 1
2206 72 1
1184 72 1
820 72 1
2811 72 1
858 72 1
2042 72 1
1996 72 1
1957 72 1
3474 72 1
2081 72 1
2643 72 1
774 72 1
3517 72 1
2542 72 1
2861 72 1
1518 72 1
2334 72 1
2050 72 1
553 72 1
1019 72 1
986 72 1
854 72 1
462 72 1
1411 72 1
3236 72 1
901 72 1
1503 72 1
105 72 1
3568 72 1
906 72 1
1052 72 1
1077 72 1
3328 72 1
1027 72 1
2630 72 1
1780 72 1
2476 72 1
1785 72 1
2639 72 1
1553 72 1
3762 72 1
655 72 1
1928 72 1
2111 72 1
2864 72 1
801 72 1
247 72 1
3729 72 1
2605 72 1
711 72 1
3695 72 1
3539 72 1
2724 72 1
477 72 1
1319 72 1
3112 72 1
3114 72 1
1985 72 1
1820 72 1
404 72 1
1351 72 1
2486 72 1
1380 72 1
3759 72 1
2685 72 1
338 72 1
1516 72 1
2521 72 1
3677 72 1
3111 72 1
3420 72 1
1227 72 1
1877 72 1
1017 72 1
3176 72 1
1055 72 1
3789 72 1
2016 72 1
1714 72 1
1006 72 1
1651 72 1
1761 72 1
1376 72 1
3148 72 1
1018 72 1
3701 72 1
2499 72 1
2233 72 1
3050 72 1
1572 72 1
3111 72 1
2456 72 1
3100 72 1
3276 72 1
2523 72 1
2903 72 1
3050 72 1
1238 72 1
1482 72 1
55 72 1
2551 72 1
972 72 1
353 72 1
3146 72 1
2876 72 1
717 72 1
1948 72 1
1533 72 1
3841 72 1
1457 72 1
3415 72 1
1900 72 1
953 72 1
3068 72 1
1967 72 1
1975 72 1
1059 72 1
1329 72 1
3454 72 1
181 72 1
2270 72 1
2839 72 1
2663 72 1
670 72 1
3274 72 1
1361 72 1
407 72 1
1502 72 1
2839 72 1
2907 72 1
3822 72 1
3292 72 1
1056 72 1
2824 72 1
698 72 1
1355 72 1
3469 72 1
2028 72 1
3097 72 1
2285 72 1
3702 72 1
1260 72 1
1082 72 1
2720 72 1
1524 72 1
1338 72 1
1576 72 1
2345 72 1
1530 72 1
3037 72 1
197 72 1
1783 72 1
3622 72 1
1365 72 1
953 72 1
1130 72 1
3519 72 1
3674 72 1
2880 72 1
908 72 1
2219 72 1
1354 72 1
1373 72 1
2394 72 1
2263 72 1
516 72 1
513 72 1
3796 72 1
1670 72 1
691 72 1
786 72 1
2751 72 1
3692 72 1
3723 72 1
2370 72 1
2065 72 1
1209 72 1
2859 72 1
410 72 1
3408 72 1
1914 72 1
100 72 1
1253 72 1
2435 72 1
425 72 1
2479 72 1
844 72 1
3054 72 1
32 72 1
1751 73 1
1571 73 1
1042 73 1
3652 73 1
536 73 1
1129 73 1
1771 73 1
1213 73 1
3632 73 1
2136 73 1
1358 73 1
803 73 1
3795 73 1
1244 73 1
2218 73 1
280 73 1
3023 73 1
267 73 1
1645 73 1
3604 73 1
2108 73 1
772 73 1
1082 73 1
2182 73 1
3046 73 1
1727 73 1
3511 73 1
2237 73 1
626 73 1
2779 73 1
1162 73 1
1473 73 1
775 73 1
2502 73 1
1694 73 1
2892 73 1
547 73 1
1176 73 1
878 73 1
773 73 1
141 73 1
2370 73 1
2961 73 1
2140 73 1
710 73 1
3558 73 1
757 73 1
3378 73 1
2298 73 1
1081 73 1
851 73 1
614 73 1
1513 73 1
2556 73 1
1793 73 1
1496 73 1
453 73 1
351 73 1
279 73 1
3210 73 1
408 73 1
2417 73 1
3629 73 1
642 73 1
3195 73 1
2879 73 1
2278 73 1
1025 73 1
2963 73 1
14 73 1
380 73 1
1491 73 1
523 73 1
1668 73 1
3067 73 1
2672 73 1
1915 73 1
3200 73 1
2391 73 1
161 73 1
1681 73 1
1495 73 1
2470 73 1
2803 73 1
2551 73 1
1586 73 1
1592 73 1
149 73 1
2687 73 1
3473 73 1
1045 73 1
2442 73 1
399 73 1
2727 73 1
2511 73 1
1251 73 1
1107 73 1
11 73 1
3663 73 1
3006 73 1
1117 73 1
543 73 1
2743 73 1
628 73 1
462 73 1
2130 73 1
3137 73 1
785 73 1
629 73 1
1023 73 1
1979 73 1
176 73 1
1220 73 1
1953 73 1
929 73 1
2342 73 1
2976 73 1
1280 73 1
1310 73 1
791 73 1
1205 73 1
1191 73 1
3383 73 1
3437 73 1
2512 73 1
380 73 1
1658 73 1
3313 73 1
3517 73 1
110 73 1
1662 73 1
2478 73 1
2061 73 1
2665 73 1
2754 73 1
2655 73 1
1780 73 1
3796 73 1
1217 73 1
1087 73 1
2021 73 1
2146 73 1
3319 73 1
3648 73 1
1809 73 1
3818 73 1
1443 73 1
2332 73 1
97 73 1
3767 73 1
3775 73 1
3044 73 1
1736 73 1
3646 73 1
2717 73 1
1107 73 1
3112 73 1
653 73 1
555 73 1
396 73 1
2083 73 1
2190 73 1
2249 73 1
3720 73 1
3775 73 1
276 73 1
709 73 1
750 73 1
3397 73 1
325 73 1
1636 73 1
1271 73 1
2131 73 1
1879 73 1
3644 73 1
1487 73 1
1383 73 1
2210 73 1
2085 73 1
60 73 1
2634 73 1
356 73 1
454 73 1
1550 73 1
873 73 1
1978 73 1
1630 73 1
2701 73 1
148 73 1
3658 73 1
3382 73 1
3319 73 1
567 73 1
1640 73 1
209 73 1
3540 73 1
2612 73 1
3416 73 1
923 73 1
3177 73 1
3581 73 1
1294 73 1
2829 73 1
1843 73 1
3320 73 1
1049 73 1
883 73 1
3370 73 1
75 73 1
1326 73 1
1357 73 1
2586 73 1
3444 73 1
1492 73 1
126 73 1
2946 73 1
1053 73 1
2836 73 1
1292 73 1
2334 73 1
3334 73 1
1316 73 1
3117 73 1
2564 73 1
2343 73 1
1205 73 1
2033 73 1
2851 73 1
1674 73 1
2585 73 1
64 73 1
1716 73 1
2254 73 1
2126 73 1
3825 73 1
3760 73 1
1076 73 1
1959 73 1
2192 73 1
1587 73 1
3321 73 1
2908 73 1
249 73 1
569 73 1
3375 73 1
589 73 1
1452 73 1
3040 73 1
696 73 1
1828 73 1
107 73 1
492 73 1
431 73 1
1158 73 1
2835 73 1
1500 73 1
3652 73 1
345 73 1
376 73 1
3625 73 1
2434 73 1
3216 73 1
1277 73 1
2845 73 1
2736 73 1
1610 73 1
1377 73 1
2876 73 1
2258 73 1
3129 73 1
3854 73 1
380 73 1
2203 73 1
1043 73 1
1204 73 1
1483 73 1
1119 73 1
1059 73 1
921 73 1
2981 73 1
801 73 1
472 73 1
1259 73 1
2099 73 1
2554 73 1
201 73 1
2160 73 1
2653 73 1
625 73 1
725 73 1
2915 73 1
3752 73 1
3769 73 1
1003 73 1
1058 73 1
194 73 1
130 73 1
3818 73 1
491 73 1
518 73 1
1248 73 1
3130 73 1
391 73 1
2732 73 1
3248 73 1
2392 73 1
267 73 1
2366 73 1
1666 73 1
3831 73 1
3419 73 1
3377 73 1
3791 73 1
2474 73 1
1389 73 1
1325 73 1
184 73 1
2949 73 1
2354 73 1
3145 73 1
1793 73 1
966 73 1
924 73 1
1170 73 1
1141 73 1
2157 73 1
1588 73 1
3766 73 1
3687 73 1
2673 73 1
1049 73 1
1958 73 1
461 73 1
1461 73 1
416 73 1
213 73 1
1163 73 1
1122 73 1
292 73 1
1189 73 1
2601 73 1
1219 73 1
3835 73 1
1 73 1
2127 73 1
2583 74 1
43 74 1
390 74 1
120 74 1
3143 74 1
368 74 1
2863 74 1
57 74 1
1082 74 1
508 74 1
3681 74 1
3074 74 1
2701 74 1
939 74 1
1758 74 1
2680 74 1
532 74 1
2996 74 1
3315 74 1
2992 74 1
1718 74 1
1454 74 1
2592 74 1
2316 74 1
1410 74 1
1961 74 1
3308 74 1
67 74 1
2733 74 1
696 74 1
2270 74 1
3790 74 1
941 74 1
2578 74 1
1630 74 1
105 74 1
1804 74 1
318 74 1
2152 74 1
2959 74 1
559 74 1
3367 74 1
3307 74 1
234 74 1
3606 74 1
968 74 1
2118 74 1
3493 74 1
3636 74 1
1616 74 1
2743 74 1
690 74 1
1490 74 1
2063 74 1
607 74 1
1973 74 1
522 74 1
2055 74 1
3323 74 1
896 74 1
2284 74 1
953 74 1
627 74 1
3530 74 1
1076 74 1
1673 74 1
531 74 1
3731 74 1
741 74 1
3499 74 1
1107 74 1
626 74 1
2998 74 1
1005 74 1
2325 74 1
2767 74 1
209 74 1
2303 74 1
3210 74 1
810 74 1
3816 74 1
216 74 1
1291 74 1
598 74 1
3043 74 1
3381 74 1
3740 74 1
3509 74 1
548 74 1
1735 74 1
2929 74 1
3236 74 1
1577 74 1
1958 74 1
1561 74 1
763 74 1
2030 74 1
2340 74 1
2081 74 1
1468 74 1
2750 74 1
1380 74 1
1765 74 1
748 74 1
310 74 1
3568 74 1
455 74 1
193 74 1
1637 74 1
2361 74 1
1795 74 1
1203 74 1
455 74 1
2750 74 1
3257 74 1
2635 74 1
1945 74 1
339 74 1
2728 74 1
487 74 1
34 74 1
1221 74 1
1711 74 1
1414 74 1
2799 74 1
2626 74 1
3710 74 1
1180 74 1
1806 74 1
169 74 1
1009 74 1
2309 74 1
2256 74 1
1618 74 1
2663 74 1
3695 74 1
1763 74 1
674 74 1
495 74 1
883 74 1
2180 74 1
3109 74 1
1167 74 1
812 74 1
1485 74 1
2745 74 1
1061 74 1
1483 74 1
152 74 1
973 74 1
3054 74 1
2562 74 1
1674 74 1
2916 74 1
2256 74 1
1831 74 1
2165 74 1
2752 74 1
2003 74 1
1279 74 1
2529 74 1
3215 74 1
31 74 1
2830 74 1
2388 74 1
1387 74 1
3114 74 1
965 74 1
1170 74 1
423 74 1
2578 74 1
2536 74 1
1378 74 1
2619 74 1
1345 74 1
3732 74 1
1966 74 1
1268 74 1
922 74 1
937 74 1
1804 74 1
3686 74 1
3728 74 1
2314 74 1
3608 74 1
1474 74 1
2159 74 1
3136 74 1
3516 74 1
2931 74 1
2229 74 1
2276 74 1
490 74 1
109 74 1
2887 74 1
1381 74 1
1210 74 1
2595 74 1
1187 74 1
2630 74 1
2543 74 1
3849 74 1
1979 74 1
1685 74 1
3277 74 1
425 74 1
25 74 1
2537 74 1
1871 74 1
1915 74 1
1872 74 1
3728 74 1
3688 74 1
2740 74 1
2825 74 1
642 74 1
1264 74 1
3819 74 1
264 74 1
1382 74 1
1645 74 1
3026 74 1
2994 74 1
3066 74 1
2758 74 1
3202 74 1
3097 74 1
1888 74 1
2510 74 1
1958 74 1
2926 74 1
3830 74 1
1047 74 1
1108 74 1
725 74 1
3049 74 1
1025 74 1
2239 74 1
479 74 1
1106 74 1
1098 74 1
2871 74 1
572 74 1
2968 74 1
1582 74 1
3022 74 1
640 74 1
2606 74 1
1819 74 1
3684 74 1
1928 74 1
2333 74 1
3172 74 1
481 74 1
2945 74 1
988 74 1
1746 74 1
553 74 1
1515 74 1
157 74 1
727 74 1
3131 74 1
371 74 1
2755 74 1
2064 74 1
2576 74 1
438 74 1
363 74 1
794 74 1
787 74 1
502 74 1
1327 74 1
697 74 1
1513 74 1
1492 74 1
3751 74 1
3564 74 1
1109 74 1
28 74 1
503 74 1
3810 74 1
3121 74 1
1463 74 1
1841 74 1
2299 74 1
417 74 1
2526 74 1
2826 74 1
1782 74 1
3742 74 1
1514 74 1
859 74 1
2907 74 1
3305 74 1
1032 74 1
1020 74 1
2042 74 1
488 74 1
2878 74 1
2215 74 1
1633 74 1
3121 74 1
2226 74 1
2414 74 1
2390 74 1
987 74 1
1912 74 1
2970 74 1
213 74 1
3645 74 1
1783 74 1
2737 74 1
824 74 1
2763 74 1
82 74 1
434 74 1
3287 74 1
3076 74 1
3647 74 1
809 74 1
842 74 1
2319 74 1
2930 74 1
2446 74 1
3321 74 1
3167 74 1
3256 74 1
1100 74 1
224 74 1
2322 74 1
1018 74 1
3674 74 1
245 74 1
767 74 1
564 74 1
2985 74 1
1768 74 1
1630 74 1
3651 74 1
1290 74 1
2913 74 1
1117 74 1
3317 74 1
3068 74 1
2535 74 1
3762 75 1
2060 75 1
513 75 1
2122 75 1
3788 75 1
3828 75 1
707 75 1
1831 75 1
671 75 1
3379 75 1
2980 75 1
3542 75 1
12 75 1
279 75 1
388 75 1
511 75 1
3724 75 1
3534 75 1
2402 75 1
1844 75 1
2752 75 1
2529 75 1
3725 75 1
2091 75 1
437 75 1
2476 75 1
771 75 1
1017 75 1
1649 75 1
3119 75 1
17 75 1
655 75 1
2532 75 1
409 75 1
881 75 1
2324 75 1
1709 75 1
2242 75 1
3341 75 1
2760 75 1
1035 75 1
1776 75 1
2424 75 1
2619 75 1
1093 75 1
1257 75 1
1649 75 1
2714 75 1
2610 75 1
2255 75 1
2358 75 1
2678 75 1
3450 75 1
3070 75 1
1202 75 1
1883 75 1
2850 75 1
3352 75 1
428 75 1
2045 75 1
391 75 1
102 75 1
2035 75 1
3175 75 1
335 75 1
2109 75 1
596 75 1
364 75 1
3672 75 1
3808 75 1
2214 75 1
3167 75 1
3771 75 1
1990 75 1
2019 75 1
2002 75 1
2899 75 1
2976 75 1
2248 75 1
2461 75 1
2451 75 1
198 75 1
3213 75 1
3167 75 1
3655 75 1
897 75 1
1701 75 1
2276 75 1
2449 75 1
1120 75 1
2480 75 1
2507 75 1
3388 75 1
2760 75 1
2758 75 1
87 75 1
1442 75 1
706 75 1
2172 75 1
123 75 1
1026 75 1
1830 75 1
2646 75 1
1435 75 1
53 75 1
2912 75 1
1540 75 1
3821 75 1
2562 75 1
3111 75 1
3373 75 1
1522 75 1
2216 75 1
3578 75 1
791 75 1
2445 75 1
2305 75 1
3689 75 1
957 75 1
901 75 1
268 75 1
1099 75 1
613 75 1
2244 75 1
3424 75 1
3778 75 1
3223 75 1
1072 75 1
3414 75 1
341 75 1
1 75 1
3456 75 1
3436 75 1
325 75 1
2949 75 1
1013 75 1
1646 75 1
3036 75 1
165 75 1
3228 75 1
3074 75 1
2159 75 1
1000 75 1
1672 75 1
49 75 1
883 75 1
17 75 1
1674 75 1
233 75 1
1175 75 1
3402 75 1
3229 75 1
666 75 1
3544 75 1
12 75 1
1434 75 1
2489 75 1
740 75 1
3610 75 1
1021 75 1
1607 75 1
3346 75 1
473 75 1
3466 75 1
3769 75 1
2304 75 1
2419 75 1
802 75 1
3077 75 1
3128 75 1
2750 75 1
2598 75 1
795 75 1
142 75 1
2048 75 1
106 75 1
1112 75 1
2695 75 1
2267 75 1
3647 75 1
3010 75 1
485 75 1
3605 75 1
613 75 1
2697 75 1
458 75 1
2715 75 1
219 75 1
2728 75 1
2413 75 1
1726 75 1
982 75 1
1888 75 1
2877 75 1
8 75 1
664 75 1
1690 75 1
1901 75 1
1613 75 1
530 75 1
728 75 1
274 75 1
3207 75 1
2580 75 1
1392 75 1
2382 75 1
3834 75 1
312 75 1
2110 75 1
1216 75 1
2914 75 1
1588 75 1
2276 75 1
2052 75 1
940 75 1
3012 75 1
463 75 1
772 75 1
3082 75 1
1357 75 1
1961 75 1
659 75 1
3587 75 1
2764 75 1
2150 75 1
3275 75 1
915 75 1
15 75 1
14 75 1
3064 75 1
277 75 1
2586 75 1
1177 75 1
2010 75 1
997 75 1
1253 75 1
3852 75 1
194 75 1
2091 75 1
1137 75 1
1498 75 1
3572 75 1
124 75 1
3295 75 1
891 75 1
549 75 1
2944 75 1
1882 75 1
2526 75 1
12 75 1
2016 75 1
3213 75 1
690 75 1
2099 75 1
2504 75 1
2084 75 1
2369 75 1
1550 75 1
2060 75 1
265 75 1
2927 75 1
459 75 1
933 75 1
3189 75 1
976 75 1
476 75 1
3120 75 1
2 75 1
3826 75 1
421 75 1
2906 75 1
2201 75 1
603 75 1
2957 75 1
184 75 1
1853 75 1
506 75 1
3008 75 1
3152 75 1
482 75 1
3457 75 1
3086 75 1
1674 75 1
716 75 1
3316 75 1
356 75 1
2084 75 1
3039 75 1
929 75 1
2773 75 1
3335 75 1
1623 75 1
980 75 1
2417 75 1
1404 75 1
2576 75 1
2552 75 1
3638 75 1
2435 75 1
3489 75 1
2980 75 1
1423 75 1
2259 75 1
2043 75 1
3387 75 1
1814 75 1
2703 75 1
453 75 1
1747 75 1
288 75 1
2039 75 1
901 75 1
2541 75 1
3025 75 1
1021 75 1
1635 75 1
3511 75 1
646 75 1
1010 75 1
3292 75 1
1412 75 1
77 75 1
1196 75 1
1310 75 1
3208 75 1
697 75 1
1473 75 1
240 75 1
1616 75 1
3588 75 1
3529 75 1
2253 75 1
3161 75 1
3850 75 1
1244 75 1
3352 75 1
125 75 1
3094 75 1
3510 75 1
303 75 1
1914 75 1
497 75 1
2060 75 1
2637 75 1
2248 75 1
853 76 1
492 76 1
812 76 1
1924 76 1
1944 76 1
1649 76 1
1295 76 1
721 76 1
2651 76 1
2039 76 1
1492 76 1
2145 76 1
444 76 1
1290 76 1
1700 76 1
2096 76 1
2888 76 1
47 76 1
1223 76 1
3431 76 1
1802 76 1
852 76 1
1672 76 1
3808 76 1
399 76 1
981 76 1
588 76 1
193 76 1
3572 76 1
1771 76 1
3475 76 1
2122 76 1
55 76 1
2527 76 1
2018 76 1
2316 76 1
1907 76 1
1369 76 1
3277 76 1
240 76 1
2817 76 1
1027 76 1
3779 76 1
3580 76 1
1190 76 1
1638 76 1
88 76 1
96 76 1
604 76 1
3281 76 1
1433 76 1
3400 76 1
552 76 1
1848 76 1
2814 76 1
2872 76 1
2695 76 1
2469 76 1
2267 76 1
984 76 1
2067 76 1
3490 76 1
926 76 1
1518 76 1
630 76 1
3337 76 1
3291 76 1
1492 76 1
3372 76 1
3692 76 1
2165 76 1
594 76 1
3537 76 1
2166 76 1
2051 76 1
618 76 1
903 76 1
3163 76 1
1087 76 1
1931 76 1
2819 76 1
2012 76 1
2172 76 1
1650 76 1
2104 76 1
1765 76 1
3836 76 1
1854 76 1
3387 76 1
3222 76 1
865 76 1
2590 76 1
1706 76 1
1475 76 1
3450 76 1
872 76 1
679 76 1
2993 76 1
2273 76 1
106 76 1
3613 76 1
2266 76 1
2211 76 1
2202 76 1
380 76 1
1624 76 1
1487 76 1
1256 76 1
316 76 1
3219 76 1
2194 76 1
2981 76 1
1412 76 1
2608 76 1
63 76 1
1262 76 1
2511 76 1
661 76 1
3372 76 1
996 76 1
626 76 1
3284 76 1
1275 76 1
444 76 1
2010 76 1
2551 76 1
93 76 1
2073 76 1
844 76 1
2625 76 1
3432 76 1
281 76 1
361 76 1
124 76 1
2536 76 1
1538 76 1
3156 76 1
2845 76 1
3323 76 1
2122 76 1
2080 76 1
1312 76 1
2497 76 1
3078 76 1
1706 76 1
3512 76 1
3027 76 1
2755 76 1
504 76 1
2756 76 1
1354 76 1
2115 76 1
2356 76 1
329 76 1
2327 76 1
3771 76 1
220 76 1
3606 76 1
1827 76 1
425 76 1
749 76 1
923 76 1
3443 76 1
3207 76 1
1801 76 1
3788 76 1
3732 76 1
145 76 1
3688 76 1
908 76 1
3808 76 1
1987 76 1
1622 76 1
345 76 1
3090 76 1
853 76 1
1791 76 1
2911 76 1
259 76 1
1278 76 1
1826 76 1
1430 76 1
3246 76 1
676 76 1
1711 76 1
698 76 1
2420 76 1
2812 76 1
3589 76 1
3245 76 1
677 76 1
286 76 1
3857 76 1
1852 76 1
1439 76 1
3042 76 1
2834 76 1
977 76 1
2553 76 1
2251 76 1
516 76 1
2775 76 1
1748 76 1
2995 76 1
648 76 1
1635 76 1
3143 76 1
979 76 1
3368 76 1
277 76 1
359 76 1
1079 76 1
2088 76 1
707 76 1
630 76 1
2676 76 1
1401 76 1
1472 76 1
1158 76 1
1410 76 1
1097 76 1
2199 76 1
3653 76 1
2020 76 1
3602 76 1
794 76 1
2935 76 1
3541 76 1
1410 76 1
905 76 1
3843 76 1
2430 76 1
463 76 1
2260 76 1
2243 76 1
63 76 1
2213 76 1
1226 76 1
2958 76 1
965 76 1
3693 76 1
1671 76 1
2964 76 1
3350 76 1
2784 76 1
1161 76 1
926 76 1
3704 76 1
1548 76 1
1556 76 1
3168 76 1
715 76 1
32 76 1
1175 76 1
740 76 1
1849 76 1
3646 76 1
2261 76 1
2855 76 1
3203 76 1
311 76 1
1252 76 1
1126 76 1
954 76 1
3811 76 1
183 76 1
255 76 1
583 76 1
266 76 1
254 76 1
16 76 1
3529 76 1
2349 76 1
2499 76 1
1884 76 1
1815 76 1
613 76 1
2664 76 1
2230 76 1
12 76 1
2891 76 1
2827 76 1
1936 76 1
3679 76 1
3135 76 1
1482 76 1
103 76 1
103 76 1
3349 76 1
2698 76 1
2129 76 1
1711 76 1
2257 76 1
3306 76 1
2339 76 1
2433 76 1
2027 76 1
1555 76 1
1479 76 1
1394 76 1
2400 76 1
2022 76 1
2080 76 1
1702 76 1
3271 76 1
3280 76 1
295 76 1
292 76 1
696 76 1
78 76 1
351 76 1
2218 76 1
1049 76 1
809 76 1
2748 76 1
2368 76 1
3740 76 1
455 76 1
2449 76 1
3014 76 1
2943 76 1
3096 76 1
3018 76 1
3857 76 1
3519 76 1
3156 76 1
1037 76 1
2360 76 1
53 76 1
2348 76 1
119 76 1
1966 76 1
1889 76 1
3785 76 1
450 76 1
2660 76 1
1563 76 1
1040 76 1
3055 76 1
2510 76 1
165 76 1
1244 76 1
31 76 1
3297 76 1
880 76 1
2533 77 1
2085 77 1
3217 77 1
2161 77 1
1432 77 1
384 77 1
3728 77 1
3740 77 1
1562 77 1
1303 77 1
2697 77 1
2847 77 1
559 77 1
2971 77 1
2474 77 1
2828 77 1
2273 77 1
1299 77 1
3643 77 1
3591 77 1
610 77 1
1608 77 1
2302 77 1
2130 77 1
37 77 1
565 77 1
3069 77 1
1858 77 1
3687 77 1
2626 77 1
3411 77 1
2586 77 1
1337 77 1
3068 77 1
2937 77 1
907 77 1
2710 77 1
1494 77 1
157 77 1
2901 77 1
3794 77 1
605 77 1
550 77 1
2573 77 1
2254 77 1
2206 77 1
841 77 1
1884 77 1
2121 77 1
1066 77 1
372 77 1
1505 77 1
3441 77 1
3747 77 1
2585 77 1
3512 77 1
1356 77 1
3535 77 1
2527 77 1
1604 77 1
3035 77 1
289 77 1
2353 77 1
1158 77 1
3398 77 1
630 77 1
2455 77 1
3131 77 1
3521 77 1
26 77 1
3799 77 1
2869 77 1
916 77 1
2200 77 1
338 77 1
1956 77 1
3835 77 1
375 77 1
2914 77 1
1102 77 1
966 77 1
262 77 1
3833 77 1
3778 77 1
1642 77 1
603 77 1
3371 77 1
2122 77 1
1844 77 1
2134 77 1
1285 77 1
1885 77 1
443 77 1
164 77 1
2941 77 1
844 77 1
2716 77 1
691 77 1
1648 77 1
2722 77 1
2772 77 1
2769 77 1
2867 77 1
1670 77 1
86 77 1
334 77 1
1167 77 1
3493 77 1
1043 77 1
2969 77 1
3570 77 1
237 77 1
435 77 1
566 77 1
2957 77 1
1272 77 1
3392 77 1
2766 77 1
3414 77 1
1212 77 1
1892 77 1
761 77 1
2716 77 1
3201 77 1
3131 77 1
1176 77 1
1008 77 1
3484 77 1
3721 77 1
2086 77 1
2320 77 1
3708 77 1
3363 77 1
3483 77 1
630 77 1
270 77 1
3402 77 1
2879 77 1
1507 77 1
2244 77 1
1204 77 1
267 77 1
1447 77 1
3273 77 1
450 77 1
3436 77 1
2700 77 1
3412 77 1
3166 77 1
2578 77 1
782 77 1
813 77 1
1395 77 1
3387 77 1
3086 77 1
2521 77 1
480 77 1
744 77 1
2218 77 1
577 77 1
1215 77 1
1732 77 1
2263 77 1
1548 77 1
3381 77 1
3205 77 1
1871 77 1
171 77 1
3064 77 1
1741 77 1
2791 77 1
463 77 1
3169 77 1
2410 77 1
2179 77 1
2537 77 1
787 77 1
3324 77 1
3047 77 1
3117 77 1
3486 77 1
3747 77 1
1182 77 1
2466 77 1
2757 77 1
1339 77 1
212 77 1
2972 77 1
2603 77 1
3540 77 1
215 77 1
556 77 1
854 77 1
584 77 1
2162 77 1
2908 77 1
1423 77 1
3174 77 1
1360 77 1
1483 77 1
317 77 1
1895 77 1
1188 77 1
388 77 1
2605 77 1
483 77 1
1780 77 1
783 77 1
1615 77 1
1255 77 1
541 77 1
2218 77 1
214 77 1
628 77 1
2955 77 1
3387 77 1
1976 77 1
135 77 1
94 77 1
708 77 1
776 77 1
3456 77 1
1890 77 1
1260 77 1
1456 77 1
2088 77 1
2894 77 1
532 77 1
2837 77 1
3105 77 1
3083 77 1
1268 77 1
2719 77 1
2577 77 1
1348 77 1
431 77 1
2492 77 1
1747 77 1
2036 77 1
2847 77 1
1739 77 1
2058 77 1
3733 77 1
1913 77 1
3317 77 1
3207 77 1
339 77 1
1601 77 1
294 77 1
1238 77 1
3369 77 1
1626 77 1
3372 77 1
3199 77 1
3422 77 1
2718 77 1
2771 77 1
664 77 1
1894 77 1
1423 77 1
2139 77 1
2347 77 1
1552 77 1
1694 77 1
657 77 1
1763 77 1
867 77 1
878 77 1
3178 77 1
738 77 1
62 77 1
3225 77 1
1249 77 1
3574 77 1
969 77 1
512 77 1
1688 77 1
1656 77 1
2700 77 1
1088 77 1
1426 77 1
816 77 1
2171 77 1
3833 77 1
120 77 1
1676 77 1
3457 77 1
3574 77 1
751 77 1
2026 77 1
698 77 1
981 77 1
3279 77 1
60 77 1
3337 77 1
3221 77 1
2759 77 1
3073 77 1
1523 77 1
745 77 1
270 77 1
2034 77 1
274 77 1
3751 77 1
625 77 1
1477 77 1
691 77 1
282 77 1
52 77 1
2705 77 1
1111 77 1
330 77 1
2427 77 1
1308 77 1
3540 77 1
2614 77 1
3218 77 1
3753 77 1
3547 77 1
108 77 1
1697 77 1
1222 77 1
405 77 1
1260 77 1
1098 77 1
3525 77 1
3165 77 1
2832 77 1
2686 77 1
3753 77 1
386 77 1
3326 77 1
813 77 1
3024 77 1
1439 77 1
3179 77 1
3106 77 1
2680 77 1
2094 77 1
2569 77 1
563 77 1
668 77 1
1044 77 1
2861 77 1
901 77 1
862 78 1
3594 78 1
3239 78 1
3593 78 1
3111 78 1
65 78 1
896 78 1
2112 78 1
2171 78 1
2049 78 1
3500 78 1
1306 78 1
2658 78 1
1243 78 1
1062 78 1
1387 78 1
183 78 1
2958 78 1
1137 78 1
2028 78 1
1729 78 1
1730 78 1
2550 78 1
587 78 1
3103 78 1
3595 78 1
913 78 1
3206 78 1
2858 78 1
1347 78 1
2425 78 1
742 78 1
1821 78 1
1009 78 1
1251 78 1
1291 78 1
3209 78 1
598 78 1
2224 78 1
2311 78 1
773 78 1
2008 78 1
2217 78 1
1125 78 1
3381 78 1
2310 78 1
1836 78 1
695 78 1
3051 78 1
2033 78 1
2368 78 1
1118 78 1
780 78 1
2437 78 1
453 78 1
1312 78 1
3551 78 1
3406 78 1
1410 78 1
2364 78 1
3803 78 1
3086 78 1
3634 78 1
1860 78 1
95 78 1
1561 78 1
1985 78 1
2657 78 1
858 78 1
893 78 1
3095 78 1
452 78 1
1217 78 1
2913 78 1
1557 78 1
1737 78 1
718 78 1
678 78 1
3544 78 1
1722 78 1
895 78 1
1625 78 1
2114 78 1
3720 78 1
2371 78 1
852 78 1
770 78 1
2796 78 1
3764 78 1
210 78 1
3585 78 1
2849 78 1
1403 78 1
1573 78 1
2989 78 1
3622 78 1
169 78 1
2446 78 1
1076 78 1
10 78 1
3699 78 1
984 78 1
2748 78 1
192 78 1
3146 78 1
34 78 1
3843 78 1
3244 78 1
3531 78 1
3668 78 1
3700 78 1
3130 78 1
739 78 1
725 78 1
2667 78 1
103 78 1
71 78 1
3303 78 1
1345 78 1
485 78 1
1668 78 1
1779 78 1
2605 78 1
2130 78 1
1843 78 1
3476 78 1
3474 78 1
2719 78 1
2168 78 1
1875 78 1
502 78 1
3745 78 1
2514 78 1
2119 78 1
3587 78 1
400 78 1
2781 78 1
409 78 1
3032 78 1
1895 78 1
3610 78 1
2563 78 1
3550 78 1
1497 78 1
946 78 1
2470 78 1
3533 78 1
2815 78 1
1082 78 1
3795 78 1
3544 78 1
2404 78 1
158 78 1
1575 78 1
1165 78 1
1905 78 1
298 78 1
1660 78 1
3750 78 1
1587 78 1
905 78 1
2696 78 1
3456 78 1
2154 78 1
2461 78 1
1139 78 1
2453 78 1
1179 78 1
3583 78 1
1702 78 1
3608 78 1
770 78 1
2797 78 1
3421 78 1
981 78 1
1167 78 1
1548 78 1
3129 78 1
1241 78 1
3442 78 1
1089 78 1
2738 78 1
2644 78 1
475 78 1
2031 78 1
1125 78 1
1329 78 1
3390 78 1
313 78 1
3279 78 1
3664 78 1
1526 78 1
1621 78 1
1088 78 1
1212 78 1
2272 78 1
918 78 1
1778 78 1
3141 78 1
1561 78 1
3739 78 1
2585 78 1
3509 78 1
2026 78 1
3253 78 1
1500 78 1
1614 78 1
3172 78 1
464 78 1
3313 78 1
2834 78 1
1254 78 1
1973 78 1
104 78 1
194 78 1
3695 78 1
169 78 1
489 78 1
2280 78 1
2741 78 1
550 78 1
1654 78 1
825 78 1
1686 78 1
1778 78 1
3513 78 1
777 78 1
309 78 1
469 78 1
3286 78 1
1797 78 1
397 78 1
1033 78 1
214 78 1
1569 78 1
169 78 1
2459 78 1
2413 78 1
1721 78 1
1289 78 1
3281 78 1
2393 78 1
1822 78 1
570 78 1
1074 78 1
1112 78 1
3237 78 1
35 78 1
3113 78 1
769 78 1
2328 78 1
715 78 1
509 78 1
2105 78 1
815 78 1
380 78 1
3816 78 1
2411 78 1
1412 78 1
534 78 1
2872 78 1
1560 78 1
105 78 1
252 78 1
3163 78 1
516 78 1
1884 78 1
465 78 1
706 78 1
160 78 1
1446 78 1
3427 78 1
1868 78 1
2673 78 1
3633 78 1
3724 78 1
1869 78 1
543 78 1
2 78 1
250 78 1
2556 78 1
1189 78 1
1075 78 1
2641 78 1
3339 78 1
1334 78 1
3202 78 1
2104 78 1
2622 78 1
91 78 1
2396 78 1
2756 78 1
2339 78 1
2766 78 1
59 78 1
3100 78 1
341 78 1
1419 78 1
2052 78 1
527 78 1
2798 78 1
341 78 1
3386 78 1
358 78 1
81 78 1
1012 78 1
1960 78 1
1528 78 1
1367 78 1
983 78 1
1247 78 1
2999 78 1
815 78 1
1450 78 1
1030 78 1
546 78 1
1401 78 1
1541 78 1
1256 78 1
2294 78 1
1582 78 1
1946 78 1
1615 78 1
3737 78 1
795 78 1
2630 78 1
860 78 1
3020 78 1
1638 78 1
2423 78 1
1207 78 1
2343 78 1
3449 78 1
1521 78 1
2940 78 1
2294 78 1
2527 78 1
2955 78 1
252 78 1
553 78 1
2918 78 1
2386 78 1
1040 78 1
3850 78 1
2086 78 1
2664 79 1
3095 79 1
1887 79 1
843 79 1
2501 79 1
2293 79 1
1298 79 1
444 79 1
1690 79 1
2938 79 1
177 79 1
3068 79 1
710 79 1
2305 79 1
2040 79 1
1458 79 1
2487 79 1
3672 79 1
1116 79 1
2802 79 1
3385 79 1
2122 79 1
929 79 1
2125 79 1
3243 79 1
2370 79 1
1411 79 1
1675 79 1
3593 79 1
1779 79 1
3675 79 1
2160 79 1
545 79 1
280 79 1
1536 79 1
3018 79 1
1297 79 1
3315 79 1
1449 79 1
3642 79 1
2461 79 1
1035 79 1
3835 79 1
330 79 1
892 79 1
2421 79 1
1067 79 1
1240 79 1
3565 79 1
2763 79 1
3607 79 1
463 79 1
1020 79 1
1642 79 1
580 79 1
1081 79 1
3516 79 1
1655 79 1
1331 79 1
2137 79 1
3633 79 1
138 79 1
2457 79 1
3 79 1
1690 79 1
752 79 1
1639 79 1
1234 79 1
600 79 1
1555 79 1
3504 79 1
869 79 1
2031 79 1
3380 79 1
1695 79 1
136 79 1
2684 79 1
2593 79 1
1929 79 1
1432 79 1
1387 79 1
3456 79 1
301 79 1
2698 79 1
2975 79 1
1615 79 1
10 79 1
240 79 1
2940 79 1
2523 79 1
1476 79 1
2833 79 1
3029 79 1
744 79 1
2407 79 1
838 79 1
412 79 1
1399 79 1
2426 79 1
189 79 1
2813 79 1
1085 79 1
3557 79 1
16 79 1
15 79 1
808 79 1
1800 79 1
3343 79 1
617 79 1
890 79 1
791 79 1
317 79 1
1629 79 1
2795 79 1
3806 79 1
3741 79 1
1174 79 1
1846 79 1
1567 79 1
1971 79 1
3333 79 1
2033 79 1
551 79 1
1002 79 1
1117 79 1
1841 79 1
2652 79 1
3767 79 1
2113 79 1
2515 79 1
50 79 1
3231 79 1
2895 79 1
497 79 1
450 79 1
532 79 1
2197 79 1
4 79 1
3707 79 1
2277 79 1
3572 79 1
3821 79 1
339 79 1
1385 79 1
689 79 1
1672 79 1
3558 79 1
316 79 1
2319 79 1
1493 79 1
2840 79 1
1935 79 1
729 79 1
188 79 1
1605 79 1
302 79 1
14 79 1
3644 79 1
3203 79 1
1310 79 1
1094 79 1
52 79 1
606 79 1
2316 79 1
1316 79 1
3677 79 1
1464 79 1
375 79 1
2035 79 1
2596 79 1
682 79 1
1217 79 1
1444 79 1
1053 79 1
3034 79 1
3549 79 1
1139 79 1
2713 79 1
3621 79 1
946 79 1
1047 79 1
1964 79 1
1769 79 1
374 79 1
3327 79 1
1456 79 1
3623 79 1
2012 79 1
3253 79 1
306 79 1
801 79 1
1720 79 1
579 79 1
809 79 1
1049 79 1
2368 79 1
1389 79 1
941 79 1
1187 79 1
2910 79 1
3170 79 1
1724 79 1
3579 79 1
748 79 1
2489 79 1
3711 79 1
1576 79 1
495 79 1
2908 79 1
649 79 1
3103 79 1
2458 79 1
3068 79 1
839 79 1
3209 79 1
1761 79 1
182 79 1
1746 79 1
1228 79 1
1726 79 1
3073 79 1
927 79 1
346 79 1
3795 79 1
2102 79 1
1569 79 1
475 79 1
1035 79 1
3833 79 1
85 79 1
100 79 1
1487 79 1
440 79 1
43 79 1
1181 79 1
1766 79 1
1109 79 1
3379 79 1
2319 79 1
321 79 1
3834 79 1
590 79 1
2287 79 1
41 79 1
1873 79 1
3169 79 1
553 79 1
139 79 1
3701 79 1
3012 79 1
1941 79 1
3762 79 1
1742 79 1
1330 79 1
3511 79 1
1141 79 1
36 79 1
2712 79 1
2502 79 1
3760 79 1
3536 79 1
2950 79 1
1660 79 1
3065 79 1
3754 79 1
2829 79 1
1505 79 1
379 79 1
3257 79 1
1297 79 1
3376 79 1
3255 79 1
1978 79 1
1631 79 1
732 79 1
847 79 1
2843 79 1
3216 79 1
383 79 1
260 79 1
3578 79 1
1613 79 1
1462 79 1
1685 79 1
1356 79 1
1308 79 1
1055 79 1
3246 79 1
2826 79 1
1960 79 1
1439 79 1
3046 79 1
2834 79 1
670 79 1
1523 79 1
2780 79 1
911 79 1
2534 79 1
259 79 1
2115 79 1
2788 79 1
3064 79 1
1722 79 1
1897 79 1
251 79 1
2887 79 1
3129 79 1
423 79 1
1341 79 1
779 79 1
3294 79 1
3216 79 1
68 79 1
354 79 1
3023 79 1
2584 79 1
3206 79 1
2010 79 1
2400 79 1
3445 79 1
3790 79 1
2533 79 1
2655 79 1
3227 79 1
1027 79 1
669 79 1
2703 79 1
3829 79 1
1467 79 1
1378 79 1
3719 79 1
2321 79 1
744 79 1
1850 79 1
2846 79 1
1796 79 1
899 79 1
3766 79 1
501 79 1
1575 79 1
301 79 1
1173 79 1
2297 79 1
3174 79 1
145 79 1
2337 80 1
1105 80 1
3712 80 1
898 80 1
890 80 1
2398 80 1
3312 80 1
1044 80 1
3516 80 1
1958 80 1
2138 80 1
2340 80 1
1555 80 1
2266 80 1
951 80 1
1750 80 1
3493 80 1
1711 80 1
454 80 1
1498 80 1
2491 80 1
2482 80 1
1419 80 1
950 80 1
1382 80 1
3059 80 1
2925 80 1
3640 80 1
2593 80 1
3801 80 1
2808 80 1
2196 80 1
318 80 1
961 80 1
2576 80 1
1593 80 1
3505 80 1
1207 80 1
3012 80 1
3304 80 1
2386 80 1
805 80 1
3623 80 1
1445 80 1
3832 80 1
2405 80 1
179 80 1
915 80 1
3344 80 1
1183 80 1
1651 80 1
628 80 1
1209 80 1
1742 80 1
879 80 1
3330 80 1
176 80 1
3401 80 1
1492 80 1
1971 80 1
3108 80 1
2788 80 1
913 80 1
409 80 1
2439 80 1
2577 80 1
183 80 1
2462 80 1
808 80 1
2362 80 1
500 80 1
3565 80 1
867 80 1
1565 80 1
145 80 1
3144 80 1
3744 80 1
1586 80 1
1966 80 1
1862 80 1
807 80 1
866 80 1
1007 80 1
2045 80 1
2592 80 1
908 80 1
2545 80 1
1605 80 1
1987 80 1
137 80 1
2747 80 1
3137 80 1
236 80 1
3660 80 1
630 80 1
1163 80 1
3749 80 1
446 80 1
3765 80 1
1198 80 1
1393 80 1
591 80 1
2781 80 1
1877 80 1
514 80 1
2466 80 1
3321 80 1
3819 80 1
351 80 1
3543 80 1
3457 80 1
2824 80 1
1770 80 1
3108 80 1
3714 80 1
1923 80 1
1929 80 1
3809 80 1
1953 80 1
510 80 1
945 80 1
733 80 1
2079 80 1
557 80 1
2469 80 1
549 80 1
2504 80 1
2902 80 1
421 80 1
513 80 1
270 80 1
1560 80 1
118 80 1
1716 80 1
2507 80 1
840 80 1
3096 80 1
1818 80 1
3242 80 1
951 80 1
770 80 1
1157 80 1
2235 80 1
1289 80 1
501 80 1
2045 80 1
828 80 1
2044 80 1
1754 80 1
1052 80 1
3396 80 1
1156 80 1
1594 80 1
485 80 1
33 80 1
1786 80 1
2277 80 1
1328 80 1
3345 80 1
2967 80 1
1071 80 1
610 80 1
1336 80 1
549 80 1
2876 80 1
2120 80 1
3154 80 1
3237 80 1
3818 80 1
1740 80 1
1127 80 1
2337 80 1
3803 80 1
2554 80 1
1044 80 1
2781 80 1
669 80 1
2058 80 1
1127 80 1
1052 80 1
3382 80 1
455 80 1
3004 80 1
2530 80 1
455 80 1
397 80 1
1337 80 1
619 80 1
2290 80 1
3705 80 1
2540 80 1
3329 80 1
322 80 1
876 80 1
1539 80 1
349 80 1
2994 80 1
3365 80 1
3256 80 1
541 80 1
1074 80 1
977 80 1
1141 80 1
2666 80 1
1083 80 1
2022 80 1
3352 80 1
607 80 1
3297 80 1
206 80 1
2917 80 1
1997 80 1
3647 80 1
1974 80 1
1887 80 1
935 80 1
3639 80 1
1193 80 1
431 80 1
2913 80 1
845 80 1
2249 80 1
2966 80 1
499 80 1
1210 80 1
2256 80 1
2005 80 1
1944 80 1
298 80 1
1160 80 1
1798 80 1
3026 80 1
2599 80 1
2447 80 1
2936 80 1
2108 80 1
1327 80 1
901 80 1
1959 80 1
1696 80 1
2606 80 1
3598 80 1
2394 80 1
1396 80 1
3152 80 1
2716 80 1
1958 80 1
857 80 1
273 80 1
2854 80 1
1702 80 1
2682 80 1
3702 80 1
2462 80 1
2025 80 1
2977 80 1
2158 80 1
1438 80 1
2945 80 1
760 80 1
1214 80 1
2174 80 1
1938 80 1
3587 80 1
836 80 1
3054 80 1
2321 80 1
497 80 1
1132 80 1
3629 80 1
2786 80 1
1518 80 1
3040 80 1
3667 80 1
1089 80 1
1356 80 1
25 80 1
3108 80 1
2217 80 1
327 80 1
2394 80 1
2434 80 1
2293 80 1
1794 80 1
3222 80 1
1552 80 1
2077 80 1
1293 80 1
810 80 1
3644 80 1
3772 80 1
2881 80 1
2374 80 1
2205 80 1
977 80 1
759 80 1
3302 80 1
69 80 1
934 80 1
2560 80 1
1862 80 1
987 80 1
1397 80 1
20 80 1
663 80 1
72 80 1
2051 80 1
3632 80 1
3053 80 1
1930 80 1
819 80 1
1132 80 1
2993 80 1
1433 80 1
1001 80 1
3853 80 1
1032 80 1
1831 80 1
3628 80 1
3351 80 1
2927 80 1
2336 80 1
1907 80 1
2438 80 1
724 80 1
3118 80 1
539 80 1
1283 80 1
2160 80 1
2676 80 1
532 80 1
1333 80 1
3460 80 1
3570 80 1
1868 80 1
2294 80 1
9 80 1
1195 80 1
2733 80 1
3804 80 1
3839 80 1
2513 80 1
572 80 1
85 80 1
2110 80 1
1226 81 1
3350 81 1
864 81 1
440 81 1
2390 81 1
2368 81 1
201 81 1
2252 81 1
1250 81 1
2954 81 1
3226 81 1
61 81 1
2522 81 1
2581 81 1
199 81 1
3540 81 1
3377 81 1
262 81 1
3688 81 1
1984 81 1
923 81 1
1369 81 1
3224 81 1
3050 81 1
854 81 1
1169 81 1
797 81 1
2186 81 1
2647 81 1
398 81 1
25 81 1
1258 81 1
2308 81 1
887 81 1
3123 81 1
3517 81 1
117 81 1
2582 81 1
3818 81 1
3434 81 1
765 81 1
1337 81 1
3634 81 1
1843 81 1
1155 81 1
2314 81 1
1809 81 1
403 81 1
1413 81 1
2859 81 1
1761 81 1
3428 81 1
1792 81 1
2822 81 1
2646 81 1
3205 81 1
653 81 1
1648 81 1
3305 81 1
718 81 1
1058 81 1
2172 81 1
1719 81 1
517 81 1
2126 81 1
2323 81 1
2957 81 1
3164 81 1
77 81 1
620 81 1
2534 81 1
1452 81 1
1619 81 1
1541 81 1
3277 81 1
1240 81 1
3048 81 1
319 81 1
2845 81 1
193 81 1
1193 81 1
3115 81 1
64 81 1
131 81 1
464 81 1
3384 81 1
2586 81 1
3531 81 1
1315 81 1
2598 81 1
1403 81 1
470 81 1
1398 81 1
3456 81 1
3181 81 1
3112 81 1
2109 81 1
892 81 1
837 81 1
272 81 1
3376 81 1
998 81 1
3565 81 1
3450 81 1
1075 81 1
3185 81 1
3717 81 1
3585 81 1
3773 81 1
1496 81 1
1183 81 1
3697 81 1
2677 81 1
1506 81 1
1196 81 1
3172 81 1
585 81 1
2437 81 1
2176 81 1
2787 81 1
2339 81 1
166 81 1
453 81 1
2923 81 1
1975 81 1
649 81 1
2210 81 1
3617 81 1
951 81 1
2398 81 1
183 81 1
2118 81 1
1767 81 1
2043 81 1
2869 81 1
3415 81 1
1098 81 1
291 81 1
1440 81 1
468 81 1
2327 81 1
1846 81 1
2092 81 1
2712 81 1
1214 81 1
318 81 1
2089 81 1
2104 81 1
2532 81 1
3769 81 1
1815 81 1
1469 81 1
76 81 1
1513 81 1
3857 81 1
2764 81 1
1938 81 1
209 81 1
2257 81 1
963 81 1
1174 81 1
1309 81 1
3061 81 1
3657 81 1
2340 81 1
1061 81 1
2227 81 1
2597 81 1
2292 81 1
1295 81 1
591 81 1
2328 81 1
1078 81 1
3850 81 1
875 81 1
2305 81 1
3853 81 1
3242 81 1
81 81 1
2555 81 1
156 81 1
2559 81 1
3648 81 1
1365 81 1
3616 81 1
2492 81 1
637 81 1
2184 81 1
2310 81 1
2761 81 1
3203 81 1
2720 81 1
2398 81 1
2716 81 1
3577 81 1
2963 81 1
91 81 1
2890 81 1
1419 81 1
2460 81 1
1167 81 1
2503 81 1
2968 81 1
3571 81 1
750 81 1
1472 81 1
3459 81 1
2344 81 1
2974 81 1
1997 81 1
3046 81 1
2119 81 1
1782 81 1
3204 81 1
998 81 1
2629 81 1
1289 81 1
2640 81 1
3636 81 1
1293 81 1
2928 81 1
901 81 1
3452 81 1
588 81 1
1870 81 1
3034 81 1
664 81 1
2955 81 1
1547 81 1
3262 81 1
2224 81 1
2216 81 1
2493 81 1
1073 81 1
1103 81 1
275 81 1
2213 81 1
1821 81 1
954 81 1
1944 81 1
1633 81 1
2077 81 1
454 81 1
3047 81 1
2363 81 1
2178 81 1
3508 81 1
1827 81 1
3088 81 1
1518 81 1
2779 81 1
2667 81 1
1648 81 1
535 81 1
3796 81 1
443 81 1
3539 81 1
1177 81 1
1762 81 1
1723 81 1
3562 81 1
2159 81 1
1195 81 1
616 81 1
3789 81 1
3828 81 1
1702 81 1
1440 81 1
2167 81 1
67 81 1
1031 81 1
1782 81 1
2780 81 1
985 81 1
3578 81 1
3821 81 1
2630 81 1
1384 81 1
1003 81 1
848 81 1
2375 81 1
558 81 1
1776 81 1
1096 81 1
3685 81 1
67 81 1
2638 81 1
87 81 1
724 81 1
3567 81 1
2038 81 1
1041 81 1
1507 81 1
3485 81 1
3227 81 1
768 81 1
111 81 1
3390 81 1
1604 81 1
1683 81 1
1887 81 1
431 81 1
2432 81 1
2065 81 1
3210 81 1
2279 81 1
583 81 1
1530 81 1
2060 81 1
258 81 1
3396 81 1
2405 81 1
335 81 1
274 81 1
2219 81 1
3584 81 1
3248 81 1
2740 81 1
1360 81 1
2862 81 1
2214 81 1
2477 81 1
1365 81 1
2025 81 1
3600 81 1
1522 81 1
3534 81 1
362 81 1
1951 81 1
852 81 1
1646 81 1
2528 81 1
785 81 1
1105 81 1
872 81 1
1521 81 1
3259 81 1
3632 81 1
3150 81 1
3121 81 1
470 81 1
2718 81 1
3543 81 1
1331 81 1
1702 81 1
3024 82 1
73 82 1
1673 82 1
152 82 1
2189 82 1
1213 82 1
426 82 1
890 82 1
1798 82 1
3772 82 1
3688 82 1
3296 82 1
1823 82 1
2470 82 1
311 82 1
2551 82 1
3403 82 1
1401 82 1
3181 82 1
3321 82 1
1499 82 1
2336 82 1
592 82 1
1415 82 1
1712 82 1
331 82 1
1262 82 1
3524 82 1
1552 82 1
1773 82 1
2837 82 1
2679 82 1
2389 82 1
2013 82 1
790 82 1
735 82 1
1798 82 1
2753 82 1
1786 82 1
3643 82 1
431 82 1
419 82 1
1211 82 1
998 82 1
2757 82 1
2902 82 1
306 82 1
3444 82 1
2380 82 1
1355 82 1
2775 82 1
1119 82 1
2425 82 1
3032 82 1
2363 82 1
783 82 1
126 82 1
612 82 1
1318 82 1
597 82 1
2490 82 1
2866 82 1
3632 82 1
3163 82 1
602 82 1
2123 82 1
1621 82 1
740 82 1
1698 82 1
1706 82 1
3418 82 1
693 82 1
1378 82 1
2267 82 1
2950 82 1
2578 82 1
793 82 1
1578 82 1
1440 82 1
597 82 1
1267 82 1
2912 82 1
2393 82 1
3211 82 1
495 82 1
3591 82 1
843 82 1
1097 82 1
1720 82 1
3012 82 1
2280 82 1
1015 82 1
787 82 1
3056 82 1
1871 82 1
805 82 1
306 82 1
2051 82 1
2617 82 1
3442 82 1
2730 82 1
2161 82 1
2415 82 1
3653 82 1
2450 82 1
2286 82 1
1812 82 1
3367 82 1
2382 82 1
513 82 1
2170 82 1
3372 82 1
2510 82 1
468 82 1
1694 82 1
1433 82 1
3756 82 1
146 82 1
239 82 1
2720 82 1
285 82 1
806 82 1
834 82 1
3847 82 1
2678 82 1
1249 82 1
3579 82 1
311 82 1
2461 82 1
3553 82 1
2542 82 1
1514 82 1
225 82 1
720 82 1
1909 82 1
785 82 1
367 82 1
1716 82 1
2020 82 1
3458 82 1
1452 82 1
10 82 1
1820 82 1
1168 82 1
1882 82 1
2969 82 1
372 82 1
157 82 1
2981 82 1
147 82 1
3413 82 1
1685 82 1
429 82 1
2531 82 1
1514 82 1
1428 82 1
2419 82 1
1903 82 1
591 82 1
2519 82 1
206 82 1
559 82 1
2584 82 1
3024 82 1
452 82 1
3195 82 1
672 82 1
1285 82 1
81 82 1
1568 82 1
2799 82 1
3273 82 1
1018 82 1
365 82 1
2059 82 1
566 82 1
1623 82 1
3529 82 1
2714 82 1
1652 82 1
641 82 1
2176 82 1
1178 82 1
176 82 1
3608 82 1
1827 82 1
2757 82 1
1165 82 1
699 82 1
1077 82 1
1589 82 1
2097 82 1
1813 82 1
979 82 1
2612 82 1
1942 82 1
1946 82 1
1573 82 1
31 82 1
2449 82 1
837 82 1
1978 82 1
2276 82 1
2507 82 1
3449 82 1
522 82 1
1809 82 1
2493 82 1
3567 82 1
2116 82 1
3017 82 1
3780 82 1
3700 82 1
1916 82 1
3170 82 1
1987 82 1
724 82 1
2446 82 1
344 82 1
2922 82 1
552 82 1
3201 82 1
1685 82 1
433 82 1
3240 82 1
3562 82 1
50 82 1
2661 82 1
1926 82 1
1574 82 1
2949 82 1
3359 82 1
1721 82 1
1729 82 1
1584 82 1
3744 82 1
2302 82 1
268 82 1
2875 82 1
2986 82 1
1024 82 1
1070 82 1
729 82 1
2070 82 1
829 82 1
3269 82 1
926 82 1
3641 82 1
175 82 1
322 82 1
3527 82 1
1082 82 1
1578 82 1
1056 82 1
2910 82 1
3394 82 1
445 82 1
2427 82 1
2729 82 1
1781 82 1
3517 82 1
2772 82 1
1568 82 1
78 82 1
3431 82 1
2839 82 1
3837 82 1
2530 82 1
3715 82 1
2564 82 1
1535 82 1
1270 82 1
1488 82 1
1111 82 1
1255 82 1
2281 82 1
2727 82 1
2990 82 1
32 82 1
3770 82 1
2918 82 1
439 82 1
1169 82 1
337 82 1
447 82 1
2067 82 1
3319 82 1
3501 82 1
1866 82 1
2213 82 1
2948 82 1
3229 82 1
268 82 1
3512 82 1
1324 82 1
642 82 1
2893 82 1
3188 82 1
1331 82 1
3728 82 1
1741 82 1
1337 82 1
3333 82 1
135 82 1
1881 82 1
1006 82 1
628 82 1
3756 82 1
571 82 1
470 82 1
758 82 1
794 82 1
3205 82 1
3441 82 1
1213 82 1
3474 82 1
2577 82 1
2448 82 1
3520 82 1
3704 82 1
349 82 1
1957 82 1
3563 82 1
1847 82 1
677 82 1
3579 82 1
1966 82 1
3009 82 1
87 82 1
552 82 1
3809 82 1
2731 82 1
3352 82 1
49 82 1
3036 82 1
954 82 1
3682 82 1
3772 82 1
2754 82 1
3675 82 1
2389 82 1
2133 82 1
3615 82 1
3627 82 1
2297 82 1
2906 83 1
1797 83 1
2250 83 1
964 83 1
2743 83 1
1925 83 1
3767 83 1
1790 83 1
3450 83 1
209 83 1
3652 83 1
278 83 1
2736 83 1
3415 83 1
3742 83 1
1257 83 1
1291 83 1
1477 83 1
2594 83 1
3796 83 1
3662 83 1
1401 83 1
752 83 1
2497 83 1
1965 83 1
336 83 1
3290 83 1
751 83 1
536 83 1
3599 83 1
2503 83 1
2604 83 1
2638 83 1
1627 83 1
911 83 1
2708 83 1
1147 83 1
2836 83 1
3164 83 1
3836 83 1
2866 83 1
2516 83 1
918 83 1
3707 83 1
386 83 1
3438 83 1
3201 83 1
3810 83 1
3339 83 1
3173 83 1
237 83 1
2946 83 1
3536 83 1
1342 83 1
3262 83 1
555 83 1
1930 83 1
865 83 1
1605 83 1
831 83 1
281 83 1
999 83 1
3113 83 1
1732 83 1
1268 83 1
2898 83 1
2594 83 1
1278 83 1
755 83 1
3405 83 1
2633 83 1
1688 83 1
2772 83 1
2854 83 1
378 83 1
1996 83 1
2287 83 1
2299 83 1
456 83 1
961 83 1
3561 83 1
824 83 1
1366 83 1
2891 83 1
1778 83 1
1557 83 1
277 83 1
1415 83 1
541 83 1
2383 83 1
950 83 1
1658 83 1
744 83 1
2458 83 1
2139 83 1
1439 83 1
1211 83 1
1170 83 1
445 83 1
2314 83 1
2750 83 1
880 83 1
2073 83 1
3447 83 1
1051 83 1
2025 83 1
2912 83 1
815 83 1
3822 83 1
637 83 1
222 83 1
2633 83 1
3283 83 1
1389 83 1
1476 83 1
2011 83 1
1460 83 1
3707 83 1
3258 83 1
2126 83 1
3190 83 1
3363 83 1
3572 83 1
2930 83 1
2177 83 1
3747 83 1
1237 83 1
958 83 1
323 83 1
757 83 1
1767 83 1
3587 83 1
3054 83 1
753 83 1
1971 83 1
2356 83 1
860 83 1
3653 83 1
2919 83 1
2455 83 1
24 83 1
2630 83 1
1264 83 1
1217 83 1
1952 83 1
2032 83 1
1340 83 1
1014 83 1
3438 83 1
436 83 1
2927 83 1
1543 83 1
1141 83 1
2650 83 1
975 83 1
463 83 1
926 83 1
2484 83 1
1519 83 1
415 83 1
18 83 1
2240 83 1
843 83 1
3215 83 1
935 83 1
1542 83 1
930 83 1
333 83 1
1086 83 1
1739 83 1
3834 83 1
3400 83 1
229 83 1
633 83 1
674 83 1
1449 83 1
3437 83 1
1180 83 1
3674 83 1
2176 83 1
422 83 1
239 83 1
1274 83 1
1927 83 1
626 83 1
1012 83 1
92 83 1
3055 83 1
3624 83 1
3799 83 1
1331 83 1
2235 83 1
2161 83 1
3418 83 1
1338 83 1
110 83 1
703 83 1
2508 83 1
1452 83 1
725 83 1
3707 83 1
3086 83 1
2806 83 1
1035 83 1
2761 83 1
506 83 1
1544 83 1
1567 83 1
509 83 1
870 83 1
2905 83 1
881 83 1
1577 83 1
255 83 1
498 83 1
2736 83 1
384 83 1
2866 83 1
1457 83 1
832 83 1
3200 83 1
673 83 1
3608 83 1
3117 83 1
968 83 1
1473 83 1
3073 83 1
879 83 1
3159 83 1
1617 83 1
257 83 1
68 83 1
812 83 1
2096 83 1
3731 83 1
25 83 1
1710 83 1
1413 83 1
2299 83 1
3577 83 1
653 83 1
1182 83 1
326 83 1
3104 83 1
3033 83 1
1147 83 1
3626 83 1
877 83 1
1862 83 1
1144 83 1
1274 83 1
2962 83 1
2285 83 1
2997 83 1
1094 83 1
3009 83 1
2265 83 1
1567 83 1
286 83 1
3647 83 1
990 83 1
2641 83 1
132 83 1
2213 83 1
1451 83 1
3276 83 1
1190 83 1
42 83 1
668 83 1
2846 83 1
1539 83 1
2566 83 1
60 83 1
2528 83 1
2654 83 1
1703 83 1
3543 83 1
3776 83 1
3502 83 1
1956 83 1
2397 83 1
3623 83 1
1456 83 1
3228 83 1
1636 83 1
2964 83 1
756 83 1
3677 83 1
429 83 1
1319 83 1
3528 83 1
2890 83 1
3055 83 1
1749 83 1
326 83 1
2439 83 1
2119 83 1
1700 83 1
3563 83 1
3647 83 1
812 83 1
3191 83 1
2503 83 1
330 83 1
566 83 1
2652 83 1
3502 83 1
881 83 1
59 83 1
1590 83 1
207 83 1
1738 83 1
2911 83 1
3175 83 1
3568 83 1
3394 83 1
2357 83 1
2988 83 1
253 83 1
229 83 1
3850 83 1
224 83 1
2972 83 1
3843 83 1
2145 83 1
1743 83 1
3602 83 1
357 83 1
2744 83 1
3014 83 1
687 83 1
2584 83 1
1261 83 1
2699 83 1
3266 83 1
3644 83 1
2515 83 1
3501 83 1
1054 83 1
636 83 1
957 83 1
2318 83 1
2603 83 1
563 83 1
3538 83 1
3790 84 1
3057 84 1
3038 84 1
3244 84 1
3068 84 1
2587 84 1
1676 84 1
3812 84 1
3297 84 1
2181 84 1
1320 84 1
3182 84 1
1289 84 1
318 84 1
1176 84 1
3800 84 1
905 84 1
51 84 1
3186 84 1
2846 84 1
1870 84 1
249 84 1
3420 84 1
2848 84 1
1431 84 1
2704 84 1
17 84 1
3517 84 1
495 84 1
2741 84 1
31 84 1
2603 84 1
136 84 1
346 84 1
1364 84 1
1804 84 1
3367 84 1
2845 84 1
1035 84 1
714 84 1
946 84 1
1898 84 1
1100 84 1
3264 84 1
2895 84 1
520 84 1
2614 84 1
3575 84 1
3237 84 1
164 84 1
1014 84 1
762 84 1
1660 84 1
487 84 1
1633 84 1
2977 84 1
2742 84 1
1965 84 1
3607 84 1
3240 84 1
3737 84 1
608 84 1
2691 84 1
818 84 1
436 84 1
3785 84 1
1241 84 1
95 84 1
3231 84 1
663 84 1
1594 84 1
565 84 1
2180 84 1
3570 84 1
3636 84 1
688 84 1
983 84 1
1039 84 1
3677 84 1
3546 84 1
82 84 1
677 84 1
162 84 1
2168 84 1
881 84 1
2398 84 1
455 84 1
1871 84 1
3024 84 1
589 84 1
2677 84 1
2406 84 1
3262 84 1
633 84 1
53 84 1
3041 84 1
253 84 1
2585 84 1
2628 84 1
718 84 1
1169 84 1
3360 84 1
1627 84 1
2933 84 1
2138 84 1
990 84 1
3635 84 1
867 84 1
1781 84 1
2423 84 1
3105 84 1
327 84 1
216 84 1
3125 84 1
194 84 1
1180 84 1
3580 84 1
1783 84 1
714 84 1
2285 84 1
1147 84 1
1572 84 1
638 84 1
951 84 1
1952 84 1
177 84 1
3168 84 1
665 84 1
1648 84 1
1297 84 1
2125 84 1
94 84 1
859 84 1
797 84 1
2487 84 1
1956 84 1
2103 84 1
121 84 1
2928 84 1
2012 84 1
2328 84 1
3214 84 1
1988 84 1
2624 84 1
2250 84 1
3621 84 1
2794 84 1
2836 84 1
895 84 1
1925 84 1
360 84 1
3645 84 1
1875 84 1
1150 84 1
1360 84 1
3630 84 1
121 84 1
2903 84 1
563 84 1
1889 84 1
3112 84 1
721 84 1
3042 84 1
612 84 1
3746 84 1
1020 84 1
801 84 1
3600 84 1
710 84 1
1385 84 1
3788 84 1
3540 84 1
3243 84 1
2179 84 1
2545 84 1
1171 84 1
838 84 1
3833 84 1
3429 84 1
1483 84 1
270 84 1
2674 84 1
2089 84 1
2148 84 1
958 84 1
2608 84 1
2538 84 1
74 84 1
859 84 1
214 84 1
2208 84 1
1694 84 1
739 84 1
608 84 1
923 84 1
402 84 1
2424 84 1
3032 84 1
1153 84 1
2426 84 1
3626 84 1
1651 84 1
2560 84 1
301 84 1
1554 84 1
482 84 1
1980 84 1
3172 84 1
1610 84 1
2092 84 1
3623 84 1
2009 84 1
1458 84 1
1828 84 1
700 84 1
2224 84 1
282 84 1
798 84 1
883 84 1
1852 84 1
3356 84 1
2226 84 1
761 84 1
2580 84 1
1762 84 1
408 84 1
566 84 1
2505 84 1
3775 84 1
852 84 1
2722 84 1
1352 84 1
221 84 1
3740 84 1
2853 84 1
2687 84 1
1363 84 1
479 84 1
3484 84 1
3829 84 1
699 84 1
1447 84 1
3156 84 1
1297 84 1
2777 84 1
3290 84 1
3836 84 1
1574 84 1
2627 84 1
875 84 1
3476 84 1
1932 84 1
2542 84 1
1541 84 1
1791 84 1
2427 84 1
2496 84 1
457 84 1
347 84 1
521 84 1
3404 84 1
1021 84 1
1081 84 1
1274 84 1
1196 84 1
2126 84 1
2897 84 1
2344 84 1
1035 84 1
3108 84 1
1221 84 1
1840 84 1
911 84 1
3818 84 1
3676 84 1
2410 84 1
2478 84 1
1340 84 1
2240 84 1
1419 84 1
1798 84 1
2539 84 1
3488 84 1
1464 84 1
408 84 1
1167 84 1
1331 84 1
3252 84 1
1908 84 1
200 84 1
2415 84 1
1423 84 1
3685 84 1
2124 84 1
2262 84 1
2396 84 1
1340 84 1
3236 84 1
68 84 1
742 84 1
2202 84 1
2868 84 1
332 84 1
2618 84 1
20 84 1
2471 84 1
405 84 1
3828 84 1
2870 84 1
1161 84 1
2701 84 1
2978 84 1
2890 84 1
283 84 1
1782 84 1
1591 84 1
954 84 1
1458 84 1
554 84 1
1488 84 1
405 84 1
2568 84 1
1033 84 1
2790 84 1
2452 84 1
385 84 1
3610 84 1
3748 84 1
214 84 1
2903 84 1
1034 84 1
1558 84 1
1737 84 1
3776 84 1
1880 84 1
2975 84 1
1079 84 1
1791 84 1
77 84 1
2786 84 1
1895 84 1
550 84 1
388 84 1
1619 84 1
3432 84 1
3726 85 1
2392 85 1
2902 85 1
3209 85 1
1384 85 1
1803 85 1
1014 85 1
894 85 1
1711 85 1
1340 85 1
3351 85 1
235 85 1
2476 85 1
1098 85 1
2344 85 1
1124 85 1
303 85 1
1792 85 1
2677 85 1
304 85 1
324 85 1
2017 85 1
1570 85 1
3228 85 1
3833 85 1
1651 85 1
2472 85 1
618 85 1
2188 85 1
3411 85 1
3710 85 1
958 85 1
247 85 1
2994 85 1
3749 85 1
2303 85 1
3563 85 1
3468 85 1
2399 85 1
3359 85 1
3845 85 1
1761 85 1
2337 85 1
2274 85 1
473 85 1
2314 85 1
2495 85 1
2962 85 1
335 85 1
577 85 1
1919 85 1
1316 85 1
1593 85 1
3026 85 1
3201 85 1
3805 85 1
2133 85 1
1847 85 1
612 85 1
2985 85 1
1284 85 1
3564 85 1
3735 85 1
2128 85 1
735 85 1
1739 85 1
704 85 1
3084 85 1
1642 85 1
554 85 1
3541 85 1
2603 85 1
1085 85 1
891 85 1
1901 85 1
2663 85 1
3835 85 1
219 85 1
2795 85 1
3641 85 1
3408 85 1
1911 85 1
2532 85 1
1120 85 1
3798 85 1
363 85 1
2621 85 1
620 85 1
2723 85 1
3245 85 1
2553 85 1
718 85 1
1077 85 1
2258 85 1
1171 85 1
3410 85 1
2321 85 1
2674 85 1
1160 85 1
402 85 1
2025 85 1
1533 85 1
3769 85 1
2398 85 1
3642 85 1
1110 85 1
1055 85 1
2741 85 1
3447 85 1
37 85 1
490 85 1
2537 85 1
3122 85 1
2559 85 1
3250 85 1
703 85 1
3636 85 1
3601 85 1
2327 85 1
3278 85 1
757 85 1
2607 85 1
316 85 1
348 85 1
1345 85 1
2643 85 1
3567 85 1
1528 85 1
1707 85 1
875 85 1
580 85 1
1857 85 1
2782 85 1
2157 85 1
1894 85 1
147 85 1
448 85 1
399 85 1
3097 85 1
2038 85 1
724 85 1
260 85 1
2098 85 1
1942 85 1
2773 85 1
251 85 1
2042 85 1
663 85 1
2093 85 1
3599 85 1
482 85 1
1775 85 1
3157 85 1
2954 85 1
3664 85 1
428 85 1
2539 85 1
728 85 1
949 85 1
1206 85 1
2977 85 1
808 85 1
2889 85 1
3293 85 1
405 85 1
3470 85 1
715 85 1
3597 85 1
385 85 1
2490 85 1
199 85 1
2498 85 1
2496 85 1
2702 85 1
1685 85 1
1334 85 1
1387 85 1
2036 85 1
140 85 1
2521 85 1
2437 85 1
2580 85 1
1257 85 1
3679 85 1
2205 85 1
3348 85 1
3523 85 1
853 85 1
3711 85 1
878 85 1
2617 85 1
2953 85 1
1550 85 1
2536 85 1
3618 85 1
3022 85 1
1475 85 1
1710 85 1
2615 85 1
3844 85 1
3720 85 1
60 85 1
2470 85 1
1406 85 1
2690 85 1
2886 85 1
272 85 1
245 85 1
1018 85 1
1861 85 1
3076 85 1
1390 85 1
3699 85 1
2672 85 1
3366 85 1
169 85 1
1022 85 1
1315 85 1
217 85 1
1523 85 1
3512 85 1
391 85 1
1465 85 1
190 85 1
1104 85 1
1245 85 1
2567 85 1
850 85 1
3233 85 1
2070 85 1
720 85 1
3228 85 1
276 85 1
2112 85 1
3416 85 1
1698 85 1
1092 85 1
2573 85 1
637 85 1
2164 85 1
1938 85 1
2807 85 1
3103 85 1
3136 85 1
2651 85 1
874 85 1
1554 85 1
1905 85 1
2323 85 1
3612 85 1
2420 85 1
3116 85 1
3708 85 1
3660 85 1
3441 85 1
3729 85 1
391 85 1
3430 85 1
2255 85 1
1582 85 1
3826 85 1
3157 85 1
3369 85 1
3220 85 1
2058 85 1
3506 85 1
3453 85 1
1295 85 1
795 85 1
2169 85 1
45 85 1
360 85 1
2212 85 1
3350 85 1
2587 85 1
1959 85 1
333 85 1
150 85 1
3109 85 1
2834 85 1
2751 85 1
2807 85 1
2499 85 1
684 85 1
56 85 1
803 85 1
3164 85 1
2282 85 1
3614 85 1
1456 85 1
2381 85 1
1833 85 1
2428 85 1
2392 85 1
809 85 1
587 85 1
1019 85 1
614 85 1
9 85 1
437 85 1
1475 85 1
588 85 1
1183 85 1
413 85 1
691 85 1
1267 85 1
2796 85 1
1243 85 1
1811 85 1
3675 85 1
3175 85 1
2213 85 1
3730 85 1
2146 85 1
1672 85 1
2893 85 1
1098 85 1
3496 85 1
2700 85 1
3499 85 1
1402 85 1
2565 85 1
740 85 1
2383 85 1
1670 85 1
2954 85 1
2208 85 1
286 85 1
3327 85 1
1398 85 1
2098 85 1
2650 85 1
3129 85 1
3030 85 1
1641 85 1
719 85 1
1009 85 1
2097 85 1
935 85 1
250 85 1
585 85 1
2025 85 1
2760 85 1
3037 85 1
1015 85 1
1747 86 1
3404 86 1
3720 86 1
92 86 1
2651 86 1
881 86 1
1153 86 1
341 86 1
918 86 1
2660 86 1
1688 86 1
663 86 1
2533 86 1
3088 86 1
582 86 1
184 86 1
2848 86 1
3186 86 1
2233 86 1
2327 86 1
2021 86 1
1484 86 1
2175 86 1
2345 86 1
970 86 1
1341 86 1
2612 86 1
282 86 1
3272 86 1
2030 86 1
480 86 1
2013 86 1
199 86 1
227 86 1
609 86 1
1823 86 1
1567 86 1
1944 86 1
317 86 1
168 86 1
645 86 1
2695 86 1
3017 86 1
733 86 1
882 86 1
742 86 1
2472 86 1
816 86 1
2641 86 1
1133 86 1
3241 86 1
3522 86 1
2352 86 1
3651 86 1
3438 86 1
2455 86 1
1480 86 1
1553 86 1
3021 86 1
832 86 1
393 86 1
2622 86 1
1619 86 1
3354 86 1
136 86 1
2149 86 1
3793 86 1
903 86 1
1241 86 1
2380 86 1
2854 86 1
1567 86 1
3363 86 1
2260 86 1
984 86 1
590 86 1
2682 86 1
3827 86 1
2889 86 1
1695 86 1
662 86 1
2463 86 1
231 86 1
1106 86 1
2722 86 1
2154 86 1
2102 86 1
1615 86 1
301 86 1
1701 86 1
632 86 1
221 86 1
2974 86 1
637 86 1
3520 86 1
1668 86 1
3016 86 1
1001 86 1
1639 86 1
3535 86 1
2743 86 1
889 86 1
3767 86 1
783 86 1
1988 86 1
105 86 1
2728 86 1
2028 86 1
2257 86 1
1767 86 1
485 86 1
2087 86 1
1907 86 1
573 86 1
1523 86 1
3649 86 1
1228 86 1
849 86 1
2125 86 1
206 86 1
2218 86 1
3011 86 1
2593 86 1
817 86 1
83 86 1
2300 86 1
3163 86 1
2225 86 1
2043 86 1
3267 86 1
2970 86 1
196 86 1
778 86 1
3546 86 1
3635 86 1
1220 86 1
1953 86 1
3533 86 1
1133 86 1
2124 86 1
2651 86 1
669 86 1
3056 86 1
3523 86 1
2418 86 1
3618 86 1
3232 86 1
1107 86 1
1569 86 1
1322 86 1
3118 86 1
2855 86 1
2690 86 1
1823 86 1
2451 86 1
1090 86 1
3644 86 1
996 86 1
1901 86 1
3357 86 1
3151 86 1
1355 86 1
2374 86 1
3554 86 1
2549 86 1
1986 86 1
283 86 1
1307 86 1
2656 86 1
2193 86 1
3776 86 1
280 86 1
2174 86 1
2677 86 1
3833 86 1
2868 86 1
139 86 1
3304 86 1
2541 86 1
2132 86 1
2648 86 1
1156 86 1
1303 86 1
1962 86 1
3478 86 1
2413 86 1
2598 86 1
3485 86 1
1703 86 1
2555 86 1
2417 86 1
3043 86 1
3791 86 1
2864 86 1
1791 86 1
609 86 1
1099 86 1
1137 86 1
3376 86 1
1553 86 1
1811 86 1
2013 86 1
389 86 1
1416 86 1
3591 86 1
2882 86 1
1700 86 1
1329 86 1
1540 86 1
1830 86 1
3211 86 1
3240 86 1
1027 86 1
961 86 1
3250 86 1
1730 86 1
2691 86 1
2526 86 1
1306 86 1
1311 86 1
1906 86 1
2435 86 1
825 86 1
3016 86 1
3499 86 1
2006 86 1
2405 86 1
1709 86 1
3599 86 1
2537 86 1
2252 86 1
596 86 1
303 86 1
3502 86 1
3025 86 1
1417 86 1
3387 86 1
3483 86 1
1651 86 1
3223 86 1
806 86 1
1698 86 1
3491 86 1
3591 86 1
3197 86 1
3476 86 1
296 86 1
2739 86 1
791 86 1
3672 86 1
3375 86 1
2284 86 1
2718 86 1
1259 86 1
915 86 1
3770 86 1
1031 86 1
2288 86 1
1459 86 1
2142 86 1
3004 86 1
3222 86 1
2208 86 1
1755 86 1
3124 86 1
3663 86 1
316 86 1
1564 86 1
1214 86 1
1487 86 1
1906 86 1
2966 86 1
3582 86 1
2437 86 1
2886 86 1
2644 86 1
1427 86 1
127 86 1
2627 86 1
3162 86 1
418 86 1
3673 86 1
278 86 1
2220 86 1
784 86 1
3755 86 1
655 86 1
2673 86 1
1547 86 1
1334 86 1
3294 86 1
1996 86 1
3449 86 1
2288 86 1
480 86 1
190 86 1
1685 86 1
2326 86 1
3266 86 1
1273 86 1
3722 86 1
1414 86 1
3213 86 1
2745 86 1
3072 86 1
837 86 1
3334 86 1
2579 86 1
3033 86 1
55 86 1
1385 86 1
697 86 1
195 86 1
3022 86 1
1075 86 1
676 86 1
1585 86 1
1825 86 1
69 86 1
2682 86 1
597 86 1
445 86 1
1685 86 1
3693 86 1
3252 86 1
2175 86 1
853 86 1
1843 86 1
193 86 1
3111 86 1
2818 86 1
1417 86 1
3543 86 1
1270 86 1
2209 86 1
1781 86 1
983 86 1
1430 86 1
1377 86 1
368 86 1
121 86 1
2644 86 1
40 86 1
1888 86 1
3209 86 1
2475 87 1
2597 87 1
90 87 1
2547 87 1
2197 87 1
2984 87 1
661 87 1
3591 87 1
2983 87 1
801 87 1
3408 87 1
1685 87 1
193 87 1
298 87 1
1433 87 1
3421 87 1
855 87 1
3517 87 1
1449 87 1
3855 87 1
500 87 1
1232 87 1
710 87 1
315 87 1
2789 87 1
3452 87 1
2494 87 1
2590 87 1
1746 87 1
818 87 1
2268 87 1
3045 87 1
819 87 1
3742 87 1
1136 87 1
3429 87 1
3209 87 1
94 87 1
925 87 1
1399 87 1
1923 87 1
2063 87 1
3346 87 1
992 87 1
2495 87 1
564 87 1
1759 87 1
2807 87 1
3309 87 1
2470 87 1
601 87 1
878 87 1
2430 87 1
3424 87 1
2650 87 1
673 87 1
989 87 1
3273 87 1
796 87 1
1811 87 1
448 87 1
3803 87 1
2965 87 1
733 87 1
1079 87 1
2346 87 1
1870 87 1
1973 87 1
522 87 1
1013 87 1
1332 87 1
3126 87 1
1349 87 1
2989 87 1
650 87 1
3368 87 1
3690 87 1
2697 87 1
1908 87 1
2053 87 1
3592 87 1
3843 87 1
2324 87 1
1080 87 1
3014 87 1
3727 87 1
1617 87 1
2602 87 1
104 87 1
3567 87 1
1419 87 1
1601 87 1
3650 87 1
2184 87 1
2006 87 1
451 87 1
185 87 1
1859 87 1
416 87 1
114 87 1
3126 87 1
2561 87 1
3102 87 1
3136 87 1
789 87 1
2807 87 1
741 87 1
2665 87 1
3421 87 1
2112 87 1
1239 87 1
2758 87 1
2307 87 1
2882 87 1
1728 87 1
2427 87 1
1595 87 1
1503 87 1
3822 87 1
2696 87 1
276 87 1
89 87 1
3304 87 1
574 87 1
3460 87 1
3254 87 1
2900 87 1
2470 87 1
1584 87 1
297 87 1
1975 87 1
1503 87 1
3533 87 1
169 87 1
1744 87 1
70 87 1
3490 87 1
455 87 1
3367 87 1
2388 87 1
1823 87 1
1633 87 1
1373 87 1
1352 87 1
1548 87 1
1735 87 1
993 87 1
464 87 1
2398 87 1
3781 87 1
433 87 1
2140 87 1
398 87 1
3300 87 1
1228 87 1
383 87 1
2981 87 1
3308 87 1
1720 87 1
578 87 1
1698 87 1
3402 87 1
2643 87 1
2991 87 1
3215 87 1
1148 87 1
1841 87 1
995 87 1
3460 87 1
1446 87 1
978 87 1
1719 87 1
2569 87 1
3151 87 1
1015 87 1
88 87 1
3739 87 1
3249 87 1
1611 87 1
1302 87 1
2752 87 1
3311 87 1
2835 87 1
1178 87 1
3273 87 1
1194 87 1
3218 87 1
365 87 1
1211 87 1
1254 87 1
2379 87 1
2301 87 1
2233 87 1
149 87 1
2409 87 1
1617 87 1
1014 87 1
3617 87 1
1589 87 1
671 87 1
3308 87 1
2513 87 1
993 87 1
2838 87 1
3065 87 1
2444 87 1
3209 87 1
1146 87 1
3827 87 1
1395 87 1
1527 87 1
2612 87 1
763 87 1
650 87 1
3756 87 1
3326 87 1
3823 87 1
2346 87 1
1144 87 1
3736 87 1
3657 87 1
182 87 1
2340 87 1
1874 87 1
736 87 1
1595 87 1
3376 87 1
3032 87 1
2957 87 1
2992 87 1
2760 87 1
1472 87 1
2612 87 1
3798 87 1
1534 87 1
3247 87 1
1200 87 1
1734 87 1
345 87 1
1400 87 1
2385 87 1
889 87 1
1300 87 1
1498 87 1
1003 87 1
838 87 1
504 87 1
2984 87 1
2585 87 1
3443 87 1
3111 87 1
2379 87 1
2163 87 1
1654 87 1
1097 87 1
990 87 1
2073 87 1
1277 87 1
2583 87 1
1519 87 1
2501 87 1
2206 87 1
3348 87 1
1714 87 1
665 87 1
2581 87 1
2287 87 1
3365 87 1
138 87 1
3221 87 1
1963 87 1
2954 87 1
2221 87 1
3152 87 1
2357 87 1
3235 87 1
3046 87 1
3539 87 1
3374 87 1
882 87 1
1093 87 1
2184 87 1
1538 87 1
3794 87 1
3606 87 1
673 87 1
2801 87 1
1905 87 1
2877 87 1
270 87 1
982 87 1
3203 87 1
3096 87 1
1299 87 1
164 87 1
978 87 1
1129 87 1
1450 87 1
2518 87 1
2647 87 1
2105 87 1
300 87 1
2118 87 1
1210 87 1
1999 87 1
159 87 1
3760 87 1
2897 87 1
358 87 1
2950 87 1
3009 87 1
634 87 1
2374 87 1
3330 87 1
3145 87 1
3298 87 1
2871 87 1
1722 87 1
394 87 1
2645 87 1
2626 87 1
932 87 1
3687 87 1
440 87 1
306 87 1
2180 87 1
2787 87 1
696 87 1
316 87 1
1625 87 1
3280 87 1
1176 87 1
3711 87 1
1179 87 1
2792 87 1
2930 87 1
3811 87 1
1292 87 1
739 87 1
108 87 1
3852 87 1
1093 87 1
926 87 1
1723 87 1
448 87 1
2172 88 1
2665 88 1
2797 88 1
3620 88 1
853 88 1
2012 88 1
3510 88 1
2359 88 1
3181 88 1
2717 88 1
1222 88 1
2087 88 1
2602 88 1
3733 88 1
2749 88 1
981 88 1
2258 88 1
3403 88 1
223 88 1
2589 88 1
297 88 1
3168 88 1
1115 88 1
1148 88 1
2118 88 1
1509 88 1
2216 88 1
3338 88 1
2142 88 1
1933 88 1
1404 88 1
2081 88 1
1889 88 1
1003 88 1
1028 88 1
662 88 1
1988 88 1
1348 88 1
1833 88 1
2934 88 1
2209 88 1
1933 88 1
1692 88 1
1196 88 1
3268 88 1
209 88 1
1064 88 1
1065 88 1
647 88 1
111 88 1
3494 88 1
624 88 1
2371 88 1
1608 88 1
2948 88 1
2060 88 1
2129 88 1
282 88 1
73 88 1
2901 88 1
1718 88 1
1306 88 1
3607 88 1
2787 88 1
1921 88 1
152 88 1
1392 88 1
380 88 1
2069 88 1
2695 88 1
346 88 1
1855 88 1
2425 88 1
2192 88 1
3292 88 1
441 88 1
2427 88 1
1492 88 1
3342 88 1
621 88 1
1450 88 1
1956 88 1
993 88 1
3296 88 1
2191 88 1
74 88 1
2213 88 1
2239 88 1
2531 88 1
2527 88 1
2959 88 1
3085 88 1
3579 88 1
1867 88 1
837 88 1
1067 88 1
974 88 1
3469 88 1
38 88 1
610 88 1
2304 88 1
2624 88 1
169 88 1
3571 88 1
1388 88 1
1491 88 1
3133 88 1
1778 88 1
2214 88 1
44 88 1
1972 88 1
923 88 1
1157 88 1
436 88 1
1875 88 1
1803 88 1
1288 88 1
1600 88 1
1631 88 1
1399 88 1
2935 88 1
2669 88 1
3550 88 1
508 88 1
3105 88 1
1386 88 1
3388 88 1
873 88 1
3359 88 1
3707 88 1
1686 88 1
1563 88 1
2531 88 1
1119 88 1
1217 88 1
1389 88 1
3613 88 1
2659 88 1
1715 88 1
1144 88 1
707 88 1
1976 88 1
2687 88 1
2674 88 1
2160 88 1
1006 88 1
1372 88 1
196 88 1
1433 88 1
574 88 1
3458 88 1
3714 88 1
170 88 1
125 88 1
1638 88 1
1380 88 1
89 88 1
1540 88 1
1803 88 1
21 88 1
985 88 1
331 88 1
2760 88 1
3607 88 1
2854 88 1
3077 88 1
2835 88 1
2448 88 1
976 88 1
2662 88 1
3098 88 1
828 88 1
1664 88 1
977 88 1
1301 88 1
1393 88 1
90 88 1
1344 88 1
3695 88 1
3639 88 1
1857 88 1
770 88 1
1959 88 1
3275 88 1
2867 88 1
1845 88 1
459 88 1
3611 88 1
108 88 1
1566 88 1
163 88 1
300 88 1
2190 88 1
806 88 1
561 88 1
392 88 1
483 88 1
393 88 1
3602 88 1
0 88 1
2810 88 1
1034 88 1
3273 88 1
2950 88 1
1944 88 1
359 88 1
813 88 1
2643 88 1
2773 88 1
2622 88 1
3673 88 1
2098 88 1
96 88 1
3811 88 1
3562 88 1
1783 88 1
2198 88 1
2250 88 1
1723 88 1
3332 88 1
3530 88 1
1493 88 1
3592 88 1
3244 88 1
309 88 1
1047 88 1
2770 88 1
371 88 1
1542 88 1
1176 88 1
507 88 1
74 88 1
2873 88 1
3247 88 1
1377 88 1
1688 88 1
3374 88 1
2070 88 1
229 88 1
1860 88 1
332 88 1
1962 88 1
1040 88 1
2226 88 1
644 88 1
3703 88 1
3402 88 1
458 88 1
1468 88 1
322 88 1
1271 88 1
2685 88 1
2282 88 1
706 88 1
2773 88 1
3788 88 1
1422 88 1
3053 88 1
1354 88 1
1984 88 1
2305 88 1
1022 88 1
1122 88 1
2227 88 1
1383 88 1
2632 88 1
344 88 1
1136 88 1
3088 88 1
191 88 1
1213 88 1
2672 88 1
1164 88 1
2374 88 1
1322 88 1
3034 88 1
288 88 1
841 88 1
125 88 1
1370 88 1
1325 88 1
1634 88 1
144 88 1
1563 88 1
1438 88 1
403 88 1
1758 88 1
510 88 1
3139 88 1
1622 88 1
3228 88 1
1770 88 1
338 88 1
3824 88 1
1754 88 1
1849 88 1
2831 88 1
164 88 1
1555 88 1
150 88 1
402 88 1
2184 88 1
385 88 1
3340 88 1
1883 88 1
2192 88 1
1654 88 1
3482 88 1
1561 88 1
880 88 1
2394 88 1
1513 88 1
3275 88 1
134 88 1
710 88 1
1705 88 1
2354 88 1
960 88 1
2102 88 1
1158 88 1
408 88 1
2862 88 1
2328 88 1
2378 88 1
2717 88 1
2153 88 1
1676 88 1
291 88 1
2877 88 1
3702 88 1
292 88 1
2145 88 1
1863 88 1
3772 88 1
144 88 1
181 88 1
3175 88 1
694 88 1
3686 88 1
3253 88 1
3097 88 1
76 88 1
969 88 1
2909 88 1
1743 88 1
3615 89 1
2816 89 1
1245 89 1
2635 89 1
3124 89 1
3270 89 1
3514 89 1
843 89 1
2481 89 1
862 89 1
1242 89 1
2138 89 1
2292 89 1
1085 89 1
2759 89 1
1273 89 1
557 89 1
1941 89 1
2977 89 1
2590 89 1
2515 89 1
1214 89 1
233 89 1
661 89 1
533 89 1
115 89 1
2918 89 1
939 89 1
2842 89 1
3551 89 1
2832 89 1
171 89 1
3664 89 1
955 89 1
2281 89 1
106 89 1
1311 89 1
3595 89 1
3281 89 1
3499 89 1
1715 89 1
2142 89 1
3687 89 1
2847 89 1
1334 89 1
3744 89 1
608 89 1
3700 89 1
2904 89 1
3209 89 1
1594 89 1
2537 89 1
1896 89 1
1948 89 1
1793 89 1
484 89 1
3604 89 1
2842 89 1
364 89 1
3523 89 1
847 89 1
3632 89 1
2092 89 1
2644 89 1
291 89 1
3166 89 1
3662 89 1
3078 89 1
1026 89 1
3360 89 1
1844 89 1
1702 89 1
3460 89 1
1983 89 1
3804 89 1
2373 89 1
1821 89 1
2681 89 1
2251 89 1
2718 89 1
197 89 1
2082 89 1
1358 89 1
648 89 1
3800 89 1
221 89 1
305 89 1
316 89 1
3066 89 1
3487 89 1
3120 89 1
2593 89 1
1769 89 1
986 89 1
2640 89 1
3518 89 1
2434 89 1
1730 89 1
1743 89 1
1687 89 1
869 89 1
3112 89 1
2598 89 1
685 89 1
2351 89 1
2382 89 1
2389 89 1
1874 89 1
445 89 1
3602 89 1
1437 89 1
2377 89 1
1605 89 1
1647 89 1
1817 89 1
1011 89 1
1859 89 1
234 89 1
1118 89 1
2616 89 1
2617 89 1
2618 89 1
3243 89 1
1204 89 1
2527 89 1
1498 89 1
3817 89 1
3079 89 1
76 89 1
2501 89 1
2722 89 1
2162 89 1
857 89 1
1608 89 1
1723 89 1
2758 89 1
1309 89 1
2214 89 1
3303 89 1
2174 89 1
1939 89 1
1397 89 1
1011 89 1
1499 89 1
594 89 1
55 89 1
3194 89 1
2754 89 1
3808 89 1
3513 89 1
3518 89 1
2235 89 1
3051 89 1
698 89 1
3616 89 1
739 89 1
951 89 1
2848 89 1
2599 89 1
3035 89 1
3606 89 1
1963 89 1
171 89 1
3252 89 1
3271 89 1
1232 89 1
3004 89 1
2633 89 1
46 89 1
1068 89 1
1088 89 1
3629 89 1
2619 89 1
1775 89 1
2020 89 1
3556 89 1
1764 89 1
1313 89 1
2625 89 1
1065 89 1
3481 89 1
1629 89 1
3185 89 1
3848 89 1
1077 89 1
3842 89 1
2053 89 1
2226 89 1
3481 89 1
3047 89 1
572 89 1
2284 89 1
1635 89 1
1312 89 1
2613 89 1
2747 89 1
1817 89 1
1794 89 1
3369 89 1
1659 89 1
470 89 1
714 89 1
824 89 1
1398 89 1
3518 89 1
3271 89 1
963 89 1
46 89 1
3259 89 1
3226 89 1
2710 89 1
584 89 1
3561 89 1
3813 89 1
3333 89 1
1779 89 1
197 89 1
1087 89 1
1923 89 1
2079 89 1
704 89 1
3294 89 1
1604 89 1
310 89 1
2138 89 1
2787 89 1
190 89 1
510 89 1
892 89 1
2502 89 1
1650 89 1
1804 89 1
374 89 1
3629 89 1
2393 89 1
743 89 1
3703 89 1
198 89 1
2176 89 1
1881 89 1
3176 89 1
117 89 1
1534 89 1
1724 89 1
2807 89 1
1225 89 1
991 89 1
278 89 1
71 89 1
3392 89 1
2497 89 1
1196 89 1
1761 89 1
1062 89 1
911 89 1
280 89 1
2213 89 1
1430 89 1
339 89 1
610 89 1
346 89 1
2053 89 1
891 89 1
3537 89 1
370 89 1
852 89 1
3772 89 1
1472 89 1
1471 89 1
1943 89 1
1327 89 1
157 89 1
2713 89 1
2407 89 1
1895 89 1
2008 89 1
2859 89 1
463 89 1
370 89 1
3522 89 1
2323 89 1
516 89 1
3738 89 1
839 89 1
2494 89 1
2369 89 1
2403 89 1
741 89 1
538 89 1
2922 89 1
1848 89 1
2754 89 1
1562 89 1
1196 89 1
1105 89 1
2181 89 1
2437 89 1
1328 89 1
3415 89 1
2956 89 1
792 89 1
1037 89 1
2559 89 1
1701 89 1
3278 89 1
1509 89 1
3847 89 1
2209 89 1
373 89 1
2292 89 1
1132 89 1
3215 89 1
840 89 1
1614 89 1
3689 89 1
215 89 1
1740 89 1
3369 89 1
3836 89 1
2791 89 1
2798 89 1
1161 89 1
1588 89 1
1910 89 1
955 89 1
3002 89 1
249 89 1
1099 89 1
682 89 1
398 89 1
619 89 1
31 89 1
2486 89 1
841 89 1
1311 89 1
223 89 1
57 89 1
2824 89 1
2059 89 1
1258 89 1
2614 89 1
2350 89 1
2378 89 1
2427 89 1
1502 89 1
1624 90 1
1785 90 1
203 90 1
1804 90 1
3359 90 1
55 90 1
2374 90 1
1161 90 1
3444 90 1
2083 90 1
3161 90 1
3590 90 1
2565 90 1
3491 90 1
1580 90 1
80 90 1
682 90 1
360 90 1
1721 90 1
1062 90 1
2121 90 1
2138 90 1
2601 90 1
3491 90 1
1830 90 1
3328 90 1
714 90 1
967 90 1
2311 90 1
126 90 1
3242 90 1
3117 90 1
64 90 1
2140 90 1
2642 90 1
2756 90 1
939 90 1
1715 90 1
2994 90 1
3626 90 1
1475 90 1
3788 90 1
2748 90 1
2941 90 1
2921 90 1
564 90 1
2032 90 1
1741 90 1
176 90 1
1475 90 1
2952 90 1
195 90 1
3835 90 1
1393 90 1
3687 90 1
3842 90 1
676 90 1
2798 90 1
1220 90 1
3124 90 1
616 90 1
1021 90 1
2900 90 1
858 90 1
1296 90 1
1556 90 1
3722 90 1
224 90 1
1941 90 1
3655 90 1
3265 90 1
1447 90 1
2225 90 1
3241 90 1
956 90 1
3230 90 1
357 90 1
2873 90 1
1921 90 1
1447 90 1
1778 90 1
2550 90 1
490 90 1
2026 90 1
2561 90 1
1282 90 1
1625 90 1
957 90 1
1503 90 1
3230 90 1
822 90 1
2354 90 1
37 90 1
1377 90 1
3512 90 1
2191 90 1
1078 90 1
1740 90 1
3460 90 1
3036 90 1
2121 90 1
3265 90 1
2719 90 1
3500 90 1
3698 90 1
3507 90 1
2112 90 1
910 90 1
3335 90 1
1122 90 1
3236 90 1
2460 90 1
3305 90 1
2794 90 1
758 90 1
992 90 1
3758 90 1
1938 90 1
178 90 1
2011 90 1
2495 90 1
2794 90 1
148 90 1
1698 90 1
3639 90 1
470 90 1
116 90 1
1045 90 1
2011 90 1
2564 90 1
2602 90 1
466 90 1
3699 90 1
642 90 1
784 90 1
2678 90 1
1192 90 1
3385 90 1
3689 90 1
3054 90 1
2111 90 1
444 90 1
326 90 1
3718 90 1
1877 90 1
3143 90 1
1009 90 1
100 90 1
1313 90 1
1190 90 1
1927 90 1
1066 90 1
166 90 1
666 90 1
969 90 1
508 90 1
766 90 1
411 90 1
708 90 1
471 90 1
2585 90 1
2002 90 1
1384 90 1
648 90 1
2455 90 1
923 90 1
1793 90 1
460 90 1
127 90 1
2066 90 1
1916 90 1
546 90 1
939 90 1
2043 90 1
3213 90 1
3805 90 1
1655 90 1
2739 90 1
97 90 1
1758 90 1
2402 90 1
806 90 1
3621 90 1
2372 90 1
2808 90 1
3809 90 1
3523 90 1
647 90 1
926 90 1
2757 90 1
1124 90 1
2538 90 1
2185 90 1
1791 90 1
2685 90 1
2103 90 1
56 90 1
2627 90 1
1740 90 1
2899 90 1
2604 90 1
469 90 1
995 90 1
418 90 1
3424 90 1
1789 90 1
2830 90 1
1310 90 1
1254 90 1
3390 90 1
691 90 1
759 90 1
563 90 1
2913 90 1
2545 90 1
3671 90 1
2878 90 1
106 90 1
2392 90 1
1513 90 1
2170 90 1
788 90 1
2614 90 1
190 90 1
2488 90 1
3117 90 1
2481 90 1
1261 90 1
968 90 1
2609 90 1
2876 90 1
2619 90 1
1513 90 1
1052 90 1
1789 90 1
3163 90 1
1869 90 1
3214 90 1
1056 90 1
2234 90 1
916 90 1
1663 90 1
639 90 1
1493 90 1
1097 90 1
1761 90 1
797 90 1
83 90 1
476 90 1
3829 90 1
1985 90 1
1392 90 1
2308 90 1
747 90 1
1818 90 1
1270 90 1
3693 90 1
918 90 1
930 90 1
2507 90 1
1950 90 1
3275 90 1
2228 90 1
1326 90 1
1930 90 1
3226 90 1
3369 90 1
1631 90 1
115 90 1
2038 90 1
2069 90 1
1941 90 1
2353 90 1
385 90 1
3639 90 1
3222 90 1
1164 90 1
3261 90 1
3792 90 1
646 90 1
551 90 1
2991 90 1
2715 90 1
3261 90 1
3405 90 1
2015 90 1
1131 90 1
381 90 1
2396 90 1
3200 90 1
1399 90 1
2500 90 1
1199 90 1
3596 90 1
1586 90 1
845 90 1
670 90 1
1472 90 1
853 90 1
733 90 1
2040 90 1
1225 90 1
1681 90 1
1092 90 1
1509 90 1
3427 90 1
673 90 1
903 90 1
3773 90 1
2793 90 1
3619 90 1
1316 90 1
1905 90 1
3276 90 1
2278 90 1
3336 90 1
2831 90 1
2408 90 1
3315 90 1
1561 90 1
1449 90 1
3366 90 1
407 90 1
351 90 1
313 90 1
3668 90 1
1018 90 1
2301 90 1
1272 90 1
1910 90 1
1293 90 1
1306 90 1
3386 90 1
1426 90 1
3547 90 1
3279 90 1
2168 90 1
76 90 1
714 90 1
3634 90 1
1103 90 1
3481 90 1
3777 90 1
1047 90 1
1935 90 1
2674 91 1
2910 91 1
680 91 1
1724 91 1
2679 91 1
2074 91 1
2387 91 1
3153 91 1
93 91 1
943 91 1
1713 91 1
2462 91 1
987 91 1
1723 91 1
728 91 1
1512 91 1
3394 91 1
1707 91 1
3113 91 1
967 91 1
2663 91 1
2322 91 1
3852 91 1
463 91 1
104 91 1
2448 91 1
409 91 1
3836 91 1
2360 91 1
1413 91 1
3402 91 1
854 91 1
284 91 1
2185 91 1
2247 91 1
2058 91 1
2232 91 1
3789 91 1
3010 91 1
2284 91 1
626 91 1
2369 91 1
3642 91 1
1513 91 1
2243 91 1
1847 91 1
470 91 1
3031 91 1
1267 91 1
3685 91 1
2846 91 1
734 91 1
2215 91 1
2623 91 1
3599 91 1
2345 91 1
2211 91 1
927 91 1
3149 91 1
2913 91 1
2548 91 1
1109 91 1
433 91 1
1798 91 1
893 91 1
3481 91 1
2459 91 1
196 91 1
3773 91 1
3148 91 1
173 91 1
1963 91 1
839 91 1
2328 91 1
459 91 1
3409 91 1
2608 91 1
1730 91 1
3689 91 1
124 91 1
1075 91 1
1135 91 1
1117 91 1
1403 91 1
2359 91 1
3154 91 1
2768 91 1
595 91 1
1816 91 1
1874 91 1
3442 91 1
213 91 1
2518 91 1
3469 91 1
1779 91 1
2840 91 1
175 91 1
1057 91 1
3798 91 1
819 91 1
3094 91 1
3587 91 1
3380 91 1
2435 91 1
1854 91 1
2929 91 1
1174 91 1
1091 91 1
590 91 1
2665 91 1
2667 91 1
2764 91 1
2016 91 1
2081 91 1
839 91 1
2605 91 1
3400 91 1
1407 91 1
1316 91 1
2428 91 1
2621 91 1
1507 91 1
3656 91 1
3168 91 1
2857 91 1
784 91 1
3579 91 1
1818 91 1
1808 91 1
2316 91 1
87 91 1
3050 91 1
2531 91 1
1369 91 1
835 91 1
1580 91 1
2730 91 1
1921 91 1
989 91 1
1540 91 1
1826 91 1
2510 91 1
287 91 1
1568 91 1
2399 91 1
2810 91 1
3165 91 1
967 91 1
1141 91 1
2360 91 1
1997 91 1
317 91 1
441 91 1
2427 91 1
3698 91 1
841 91 1
724 91 1
1300 91 1
3676 91 1
2163 91 1
3848 91 1
302 91 1
443 91 1
1434 91 1
2348 91 1
569 91 1
3032 91 1
2742 91 1
2984 91 1
493 91 1
487 91 1
998 91 1
1967 91 1
2274 91 1
1789 91 1
2839 91 1
1312 91 1
505 91 1
2236 91 1
2276 91 1
654 91 1
1853 91 1
1839 91 1
2845 91 1
892 91 1
2235 91 1
1841 91 1
1485 91 1
2080 91 1
575 91 1
2250 91 1
655 91 1
720 91 1
353 91 1
1575 91 1
1512 91 1
1639 91 1
2732 91 1
512 91 1
2356 91 1
3350 91 1
1296 91 1
1989 91 1
503 91 1
2232 91 1
1730 91 1
2436 91 1
3377 91 1
1602 91 1
2091 91 1
3522 91 1
1242 91 1
3715 91 1
1554 91 1
2775 91 1
2268 91 1
2013 91 1
2609 91 1
2766 91 1
2096 91 1
2887 91 1
1806 91 1
3575 91 1
1035 91 1
185 91 1
2018 91 1
1812 91 1
1056 91 1
3138 91 1
1496 91 1
1018 91 1
1401 91 1
1357 91 1
1224 91 1
526 91 1
2072 91 1
2376 91 1
3002 91 1
535 91 1
2369 91 1
913 91 1
400 91 1
3706 91 1
79 91 1
376 91 1
490 91 1
3205 91 1
2231 91 1
2242 91 1
3341 91 1
3791 91 1
2259 91 1
1888 91 1
660 91 1
468 91 1
2361 91 1
2397 91 1
1275 91 1
2740 91 1
3068 91 1
1885 91 1
1359 91 1
666 91 1
350 91 1
2789 91 1
2265 91 1
2416 91 1
576 91 1
1115 91 1
3783 91 1
917 91 1
729 91 1
2669 91 1
3713 91 1
3395 91 1
28 91 1
2424 91 1
3040 91 1
1921 91 1
570 91 1
1196 91 1
3010 91 1
1190 91 1
580 91 1
3252 91 1
2815 91 1
2705 91 1
497 91 1
2461 91 1
802 91 1
3566 91 1
1444 91 1
677 91 1
3470 91 1
3788 91 1
1091 91 1
2001 91 1
3585 91 1
223 91 1
434 91 1
3514 91 1
392 91 1
2483 91 1
2303 91 1
2897 91 1
1952 91 1
2697 91 1
2797 91 1
761 91 1
1893 91 1
3228 91 1
3454 91 1
1583 91 1
22 91 1
3837 91 1
30 91 1
801 91 1
3117 91 1
2907 91 1
2528 91 1
3257 91 1
2048 91 1
1438 91 1
3515 91 1
1949 91 1
2274 91 1
1053 91 1
2899 91 1
1518 91 1
932 91 1
3772 91 1
1097 91 1
3651 91 1
922 91 1
830 91 1
3761 91 1
3235 91 1
3075 91 1
3072 91 1
1090 91 1
2980 91 1
778 91 1
2286 91 1
500 91 1
2413 91 1
31 92 1
2915 92 1
2022 92 1
1752 92 1
2543 92 1
3205 92 1
1253 92 1
1986 92 1
652 92 1
606 92 1
764 92 1
3212 92 1
3011 92 1
1770 92 1
3693 92 1
2763 92 1
2520 92 1
2631 92 1
3499 92 1
1919 92 1
2579 92 1
2836 92 1
1945 92 1
2049 92 1
2734 92 1
287 92 1
3294 92 1
1030 92 1
2424 92 1
2299 92 1
1779 92 1
2684 92 1
3155 92 1
1754 92 1
945 92 1
3396 92 1
1611 92 1
1626 92 1
2002 92 1
431 92 1
1796 92 1
3153 92 1
2070 92 1
2683 92 1
2522 92 1
3235 92 1
3028 92 1
3848 92 1
1189 92 1
705 92 1
2064 92 1
2786 92 1
1258 92 1
960 92 1
1036 92 1
1075 92 1
804 92 1
3271 92 1
1511 92 1
935 92 1
223 92 1
1784 92 1
1297 92 1
378 92 1
3651 92 1
388 92 1
916 92 1
1545 92 1
129 92 1
1143 92 1
3441 92 1
77 92 1
3069 92 1
2939 92 1
2830 92 1
2540 92 1
2350 92 1
3397 92 1
1206 92 1
2914 92 1
1313 92 1
1936 92 1
1100 92 1
3470 92 1
628 92 1
3522 92 1
93 92 1
3093 92 1
2754 92 1
832 92 1
401 92 1
1958 92 1
3647 92 1
754 92 1
1159 92 1
2146 92 1
32 92 1
81 92 1
2260 92 1
201 92 1
1916 92 1
2202 92 1
3568 92 1
3206 92 1
3548 92 1
3184 92 1
3764 92 1
372 92 1
2081 92 1
1581 92 1
3697 92 1
1812 92 1
1727 92 1
2804 92 1
3304 92 1
1723 92 1
472 92 1
180 92 1
523 92 1
3607 92 1
1471 92 1
2162 92 1
3438 92 1
255 92 1
2703 92 1
438 92 1
3783 92 1
3061 92 1
2642 92 1
2161 92 1
1400 92 1
268 92 1
2802 92 1
955 92 1
1270 92 1
1384 92 1
1905 92 1
3386 92 1
368 92 1
3508 92 1
2018 92 1
1761 92 1
3686 92 1
2283 92 1
2028 92 1
1201 92 1
2752 92 1
2795 92 1
369 92 1
3557 92 1
2012 92 1
2558 92 1
541 92 1
1273 92 1
3110 92 1
3418 92 1
903 92 1
1503 92 1
1087 92 1
3307 92 1
3227 92 1
3831 92 1
3370 92 1
2470 92 1
2255 92 1
1733 92 1
21 92 1
465 92 1
1053 92 1
1772 92 1
1316 92 1
3500 92 1
93 92 1
3259 92 1
2460 92 1
3475 92 1
3365 92 1
3738 92 1
906 92 1
2736 92 1
2770 92 1
619 92 1
2863 92 1
3029 92 1
2670 92 1
550 92 1
2342 92 1
2618 92 1
2422 92 1
1455 92 1
107 92 1
3268 92 1
1312 92 1
3775 92 1
1536 92 1
1636 92 1
2226 92 1
1947 92 1
969 92 1
715 92 1
322 92 1
933 92 1
2800 92 1
1064 92 1
1069 92 1
569 92 1
1046 92 1
130 92 1
3320 92 1
1361 92 1
72 92 1
3183 92 1
547 92 1
1414 92 1
916 92 1
2284 92 1
1509 92 1
1119 92 1
1239 92 1
3774 92 1
2081 92 1
2044 92 1
3520 92 1
3393 92 1
3218 92 1
119 92 1
239 92 1
3399 92 1
3263 92 1
786 92 1
3158 92 1
3436 92 1
2108 92 1
3340 92 1
3503 92 1
501 92 1
2512 92 1
2325 92 1
3224 92 1
3025 92 1
1761 92 1
2642 92 1
450 92 1
2971 92 1
2300 92 1
1506 92 1
2403 92 1
1027 92 1
2666 92 1
905 92 1
2320 92 1
2863 92 1
3194 92 1
258 92 1
3697 92 1
2574 92 1
3498 92 1
2366 92 1
2783 92 1
118 92 1
3735 92 1
3411 92 1
3531 92 1
1912 92 1
3175 92 1
1572 92 1
3397 92 1
191 92 1
1087 92 1
1510 92 1
1593 92 1
2865 92 1
3588 92 1
3452 92 1
1626 92 1
3457 92 1
2551 92 1
2024 92 1
3689 92 1
2066 92 1
2259 92 1
2722 92 1
2667 92 1
3257 92 1
2046 92 1
10 92 1
3346 92 1
1837 92 1
2745 92 1
1747 92 1
2930 92 1
1129 92 1
3261 92 1
3654 92 1
3323 92 1
1440 92 1
859 92 1
3673 92 1
1809 92 1
3611 92 1
1834 92 1
925 92 1
2696 92 1
689 92 1
1129 92 1
1194 92 1
1061 92 1
1202 92 1
2143 92 1
431 92 1
3163 92 1
3290 92 1
3062 92 1
516 92 1
3403 92 1
812 92 1
2428 92 1
3334 92 1
1123 92 1
2142 92 1
3410 92 1
3126 92 1
2389 92 1
1084 92 1
385 92 1
2480 92 1
3353 92 1
291 92 1
3629 92 1
2737 92 1
1367 92 1
319 92 1
1731 92 1
1900 92 1
918 92 1
714 92 1
583 92 1
1762 92 1
1989 92 1
1935 92 1
2392 92 1
1425 92 1
3 92 1
2324 92 1
3400 92 1
2130 93 1
3607 93 1
1846 93 1
1540 93 1
1443 93 1
929 93 1
2497 93 1
1442 93 1
2865 93 1
2699 93 1
3832 93 1
1856 93 1
2204 93 1
2640 93 1
3409 93 1
1663 93 1
3119 93 1
1327 93 1
217 93 1
1963 93 1
2215 93 1
341 93 1
68 93 1
1910 93 1
2792 93 1
2401 93 1
3741 93 1
3126 93 1
1676 93 1
1613 93 1
2774 93 1
3436 93 1
3016 93 1
2339 93 1
1004 93 1
3559 93 1
863 93 1
1704 93 1
3319 93 1
1932 93 1
2057 93 1
355 93 1
847 93 1
3831 93 1
2880 93 1
2509 93 1
3606 93 1
3805 93 1
2052 93 1
3134 93 1
557 93 1
1457 93 1
240 93 1
25 93 1
3783 93 1
715 93 1
3440 93 1
3584 93 1
2386 93 1
2001 93 1
284 93 1
606 93 1
1160 93 1
1883 93 1
2496 93 1
1743 93 1
473 93 1
2661 93 1
1637 93 1
1904 93 1
1186 93 1
54 93 1
2412 93 1
62 93 1
301 93 1
3736 93 1
3742 93 1
2016 93 1
1863 93 1
3124 93 1
3461 93 1
1494 93 1
3108 93 1
1622 93 1
2426 93 1
2070 93 1
3109 93 1
1184 93 1
844 93 1
1833 93 1
715 93 1
2779 93 1
1393 93 1
3330 93 1
1561 93 1
2096 93 1
917 93 1
269 93 1
2705 93 1
3577 93 1
1014 93 1
1151 93 1
2408 93 1
3067 93 1
101 93 1
3621 93 1
3252 93 1
161 93 1
882 93 1
940 93 1
1144 93 1
2537 93 1
1127 93 1
2115 93 1
2872 93 1
2211 93 1
3467 93 1
504 93 1
1703 93 1
3160 93 1
509 93 1
1695 93 1
3085 93 1
841 93 1
2879 93 1
3086 93 1
320 93 1
2768 93 1
37 93 1
3786 93 1
270 93 1
2410 93 1
1317 93 1
1632 93 1
1877 93 1
1936 93 1
533 93 1
2374 93 1
2433 93 1
1833 93 1
3562 93 1
583 93 1
1824 93 1
3308 93 1
3556 93 1
304 93 1
1065 93 1
1256 93 1
1587 93 1
363 93 1
1148 93 1
3708 93 1
597 93 1
849 93 1
2171 93 1
1941 93 1
3275 93 1
1363 93 1
1222 93 1
813 93 1
773 93 1
352 93 1
1197 93 1
731 93 1
1313 93 1
1402 93 1
1414 93 1
205 93 1
1914 93 1
2548 93 1
3741 93 1
735 93 1
1801 93 1
1194 93 1
2405 93 1
2475 93 1
2092 93 1
1363 93 1
2964 93 1
3795 93 1
2190 93 1
1403 93 1
2908 93 1
82 93 1
2031 93 1
570 93 1
3500 93 1
19 93 1
1387 93 1
1699 93 1
3502 93 1
2547 93 1
2999 93 1
179 93 1
1864 93 1
1225 93 1
2405 93 1
892 93 1
1593 93 1
889 93 1
2218 93 1
1841 93 1
2801 93 1
3813 93 1
3257 93 1
3813 93 1
1451 93 1
3022 93 1
2145 93 1
106 93 1
2413 93 1
3508 93 1
2308 93 1
1250 93 1
2803 93 1
1692 93 1
2080 93 1
1947 93 1
2740 93 1
890 93 1
2234 93 1
1489 93 1
2252 93 1
1367 93 1
255 93 1
1176 93 1
1511 93 1
1726 93 1
3334 93 1
2870 93 1
2367 93 1
2056 93 1
2013 93 1
410 93 1
2439 93 1
751 93 1
1845 93 1
1908 93 1
3597 93 1
1572 93 1
2613 93 1
2280 93 1
3663 93 1
2903 93 1
438 93 1
1179 93 1
2881 93 1
307 93 1
1492 93 1
101 93 1
3199 93 1
770 93 1
1370 93 1
3769 93 1
713 93 1
440 93 1
1929 93 1
1894 93 1
2795 93 1
3339 93 1
112 93 1
58 93 1
439 93 1
2044 93 1
3398 93 1
2909 93 1
3613 93 1
3390 93 1
667 93 1
860 93 1
1357 93 1
1659 93 1
1478 93 1
1577 93 1
3259 93 1
2128 93 1
1987 93 1
257 93 1
1337 93 1
945 93 1
2726 93 1
1143 93 1
1816 93 1
2343 93 1
508 93 1
480 93 1
2319 93 1
1904 93 1
3126 93 1
142 93 1
1638 93 1
1780 93 1
177 93 1
357 93 1
1953 93 1
3670 93 1
3337 93 1
596 93 1
163 93 1
2324 93 1
2319 93 1
2819 93 1
828 93 1
357 93 1
268 93 1
1832 93 1
871 93 1
696 93 1
3006 93 1
2442 93 1
671 93 1
1052 93 1
3390 93 1
824 93 1
128 93 1
97 93 1
3584 93 1
3813 93 1
3719 93 1
1697 93 1
3462 93 1
74 93 1
2557 93 1
588 93 1
3212 93 1
3267 93 1
1449 93 1
3682 93 1
3047 93 1
2792 93 1
1111 93 1
2908 93 1
2439 93 1
3236 93 1
846 93 1
817 93 1
2524 93 1
3848 93 1
1720 93 1
2795 93 1
3477 93 1
903 93 1
3599 93 1
345 93 1
3724 93 1
1250 94 1
1371 94 1
1587 94 1
2710 94 1
3420 94 1
391 94 1
1450 94 1
2580 94 1
3045 94 1
3763 94 1
1292 94 1
60 94 1
1851 94 1
1545 94 1
2168 94 1
3594 94 1
2088 94 1
724 94 1
1712 94 1
931 94 1
3261 94 1
163 94 1
709 94 1
2590 94 1
3434 94 1
297 94 1
1624 94 1
2473 94 1
2052 94 1
901 94 1
908 94 1
1266 94 1
3670 94 1
3836 94 1
1507 94 1
2056 94 1
270 94 1
2637 94 1
1822 94 1
15 94 1
3798 94 1
3455 94 1
2665 94 1
1568 94 1
2385 94 1
215 94 1
2870 94 1
1305 94 1
3032 94 1
1165 94 1
692 94 1
1666 94 1
944 94 1
2110 94 1
3462 94 1
141 94 1
1295 94 1
474 94 1
884 94 1
3818 94 1
1163 94 1
3848 94 1
2846 94 1
2070 94 1
2274 94 1
699 94 1
677 94 1
315 94 1
3089 94 1
2891 94 1
3530 94 1
3494 94 1
1249 94 1
187 94 1
1930 94 1
3454 94 1
2381 94 1
3358 94 1
486 94 1
909 94 1
2026 94 1
2060 94 1
305 94 1
767 94 1
3036 94 1
3600 94 1
57 94 1
3767 94 1
683 94 1
517 94 1
2847 94 1
932 94 1
1714 94 1
2934 94 1
1244 94 1
386 94 1
3745 94 1
1890 94 1
3781 94 1
2430 94 1
1604 94 1
3596 94 1
383 94 1
2072 94 1
1413 94 1
3774 94 1
1934 94 1
927 94 1
2308 94 1
1777 94 1
13 94 1
2241 94 1
2927 94 1
503 94 1
1552 94 1
2536 94 1
3823 94 1
2167 94 1
1470 94 1
1607 94 1
3479 94 1
3373 94 1
950 94 1
1241 94 1
1855 94 1
2738 94 1
535 94 1
3236 94 1
1981 94 1
2171 94 1
3781 94 1
2432 94 1
1367 94 1
1396 94 1
3111 94 1
120 94 1
1823 94 1
3009 94 1
3740 94 1
2229 94 1
490 94 1
234 94 1
1162 94 1
1185 94 1
1048 94 1
1879 94 1
808 94 1
1577 94 1
113 94 1
29 94 1
1158 94 1
1276 94 1
2817 94 1
421 94 1
228 94 1
1891 94 1
1245 94 1
3303 94 1
953 94 1
2128 94 1
1744 94 1
1115 94 1
659 94 1
1810 94 1
2703 94 1
976 94 1
83 94 1
950 94 1
1122 94 1
2574 94 1
108 94 1
478 94 1
1648 94 1
1368 94 1
1573 94 1
334 94 1
142 94 1
1436 94 1
2389 94 1
2206 94 1
474 94 1
2882 94 1
3248 94 1
1342 94 1
3338 94 1
2560 94 1
2 94 1
3567 94 1
3062 94 1
210 94 1
3683 94 1
1589 94 1
2630 94 1
1763 94 1
3405 94 1
2266 94 1
2541 94 1
251 94 1
3540 94 1
1655 94 1
3669 94 1
1972 94 1
2806 94 1
612 94 1
3012 94 1
685 94 1
2244 94 1
310 94 1
2909 94 1
2160 94 1
150 94 1
2499 94 1
3844 94 1
657 94 1
3668 94 1
3373 94 1
2377 94 1
618 94 1
1642 94 1
2259 94 1
13 94 1
813 94 1
2840 94 1
2630 94 1
3199 94 1
2740 94 1
907 94 1
3723 94 1
1044 94 1
2751 94 1
1868 94 1
1884 94 1
2921 94 1
153 94 1
1903 94 1
2485 94 1
1810 94 1
3177 94 1
2123 94 1
1165 94 1
361 94 1
1206 94 1
1509 94 1
3481 94 1
23 94 1
1945 94 1
1484 94 1
748 94 1
1250 94 1
986 94 1
1298 94 1
3517 94 1
1233 94 1
991 94 1
761 94 1
3277 94 1
2139 94 1
1232 94 1
410 94 1
1450 94 1
2779 94 1
329 94 1
161 94 1
1940 94 1
3099 94 1
1627 94 1
2268 94 1
607 94 1
1412 94 1
480 94 1
2042 94 1
1521 94 1
3356 94 1
2758 94 1
237 94 1
1103 94 1
1317 94 1
2843 94 1
555 94 1
3796 94 1
3275 94 1
3814 94 1
3528 94 1
1986 94 1
1938 94 1
1095 94 1
2663 94 1
519 94 1
600 94 1
1677 94 1
2342 94 1
219 94 1
2372 94 1
3602 94 1
3378 94 1
184 94 1
454 94 1
1256 94 1
2254 94 1
1887 94 1
3268 94 1
3061 94 1
3604 94 1
2811 94 1
2614 94 1
728 94 1
562 94 1
2897 94 1
601 94 1
947 94 1
618 94 1
1517 94 1
2895 94 1
2588 94 1
1857 94 1
1398 94 1
3753 94 1
1712 94 1
2506 94 1
1739 94 1
2505 94 1
2322 94 1
3242 94 1
513 94 1
2811 94 1
1965 94 1
679 94 1
65 94 1
85 94 1
2517 94 1
2636 94 1
2073 94 1
3089 94 1
3561 94 1
644 94 1
1687 94 1
1148 94 1
461 94 1
3413 94 1
2032 94 1
2746 94 1
3614 94 1
2206 94 1
2000 94 1
3395 94 1
3507 95 1
3070 95 1
2680 95 1
553 95 1
2103 95 1
1224 95 1
2770 95 1
3330 95 1
899 95 1
202 95 1
1933 95 1
527 95 1
1479 95 1
1575 95 1
693 95 1
2909 95 1
42 95 1
3065 95 1
943 95 1
1660 95 1
320 95 1
319 95 1
3070 95 1
2863 95 1
2910 95 1
3645 95 1
914 95 1
753 95 1
201 95 1
3826 95 1
1346 95 1
3306 95 1
2525 95 1
2445 95 1
3519 95 1
3554 95 1
3122 95 1
1761 95 1
3803 95 1
2530 95 1
497 95 1
1961 95 1
2444 95 1
333 95 1
906 95 1
2226 95 1
84 95 1
1721 95 1
2876 95 1
2465 95 1
1826 95 1
3565 95 1
104 95 1
594 95 1
2900 95 1
887 95 1
778 95 1
1366 95 1
1690 95 1
1468 95 1
1799 95 1
128 95 1
1992 95 1
1577 95 1
2225 95 1
2392 95 1
2113 95 1
3699 95 1
495 95 1
2792 95 1
2263 95 1
3475 95 1
384 95 1
1746 95 1
1648 95 1
1631 95 1
3753 95 1
3068 95 1
1300 95 1
2229 95 1
2881 95 1
359 95 1
2577 95 1
2501 95 1
2432 95 1
1994 95 1
1765 95 1
2488 95 1
3574 95 1
2002 95 1
1374 95 1
1220 95 1
2656 95 1
1559 95 1
3772 95 1
3048 95 1
3228 95 1
3611 95 1
2931 95 1
3013 95 1
3346 95 1
37 95 1
1305 95 1
2020 95 1
3161 95 1
1178 95 1
47 95 1
1235 95 1
1321 95 1
1134 95 1
3738 95 1
1613 95 1
3463 95 1
598 95 1
632 95 1
3042 95 1
816 95 1
782 95 1
1139 95 1
3325 95 1
3522 95 1
1434 95 1
3112 95 1
2256 95 1
2929 95 1
1323 95 1
190 95 1
1525 95 1
263 95 1
401 95 1
915 95 1
1546 95 1
1136 95 1
3586 95 1
690 95 1
2543 95 1
2058 95 1
3387 95 1
1956 95 1
2831 95 1
749 95 1
2364 95 1
2913 95 1
1198 95 1
2737 95 1
1540 95 1
771 95 1
2829 95 1
2074 95 1
2746 95 1
1056 95 1
3091 95 1
3037 95 1
2274 95 1
148 95 1
2779 95 1
1469 95 1
1981 95 1
3636 95 1
1856 95 1
2346 95 1
2653 95 1
3123 95 1
3073 95 1
651 95 1
1800 95 1
1219 95 1
1874 95 1
3494 95 1
3834 95 1
2903 95 1
2362 95 1
3656 95 1
601 95 1
3793 95 1
3375 95 1
477 95 1
1495 95 1
3311 95 1
3368 95 1
2564 95 1
2374 95 1
3401 95 1
3140 95 1
1774 95 1
3713 95 1
729 95 1
864 95 1
2820 95 1
3232 95 1
2210 95 1
2288 95 1
2027 95 1
2528 95 1
1029 95 1
848 95 1
225 95 1
1771 95 1
2365 95 1
814 95 1
1837 95 1
888 95 1
1647 95 1
1491 95 1
596 95 1
10 95 1
3123 95 1
3111 95 1
348 95 1
1805 95 1
2791 95 1
1407 95 1
3347 95 1
180 95 1
591 95 1
3466 95 1
1374 95 1
614 95 1
1094 95 1
3249 95 1
2535 95 1
3318 95 1
1977 95 1
219 95 1
2047 95 1
260 95 1
1321 95 1
3351 95 1
2692 95 1
2927 95 1
2568 95 1
152 95 1
3269 95 1
1862 95 1
3310 95 1
1802 95 1
1701 95 1
1310 95 1
3377 95 1
1184 95 1
3087 95 1
1523 95 1
3430 95 1
251 95 1
3781 95 1
2688 95 1
3450 95 1
2878 95 1
699 95 1
1955 95 1
1817 95 1
2804 95 1
1315 95 1
836 95 1
2584 95 1
3281 95 1
635 95 1
624 95 1
255 95 1
3082 95 1
2529 95 1
2766 95 1
1762 95 1
2720 95 1
3238 95 1
9 95 1
3002 95 1
3098 95 1
3448 95 1
866 95 1
3551 95 1
2702 95 1
2762 95 1
860 95 1
2409 95 1
744 95 1
845 95 1
3616 95 1
3364 95 1
3295 95 1
651 95 1
621 95 1
3643 95 1
1186 95 1
2762 95 1
687 95 1
143 95 1
1503 95 1
781 95 1
1641 95 1
1919 95 1
3148 95 1
1760 95 1
3203 95 1
2993 95 1
1946 95 1
1276 95 1
2801 95 1
3651 95 1
3341 95 1
2334 95 1
3822 95 1
1787 95 1
1339 95 1
2468 95 1
939 95 1
1273 95 1
3137 95 1
52 95 1
1073 95 1
1490 95 1
1729 95 1
1047 95 1
1596 95 1
2328 95 1
2648 95 1
306 95 1
1546 95 1
2191 95 1
2377 95 1
1490 95 1
2231 95 1
1933 95 1
1183 95 1
3475 95 1
9 95 1
3130 95 1
3533 95 1
980 95 1
2733 95 1
934 95 1
2041 95 1
1166 95 1
3127 95 1
322 95 1
3264 95 1
2515 95 1
2642 95 1
527 95 1
3391 95 1
5 95 1
1317 95 1
3812 95 1
51 95 1
2793 95 1
2994 96 1
613 96 1
3660 96 1
1678 96 1
3601 96 1
1572 96 1
525 96 1
420 96 1
796 96 1
471 96 1
2311 96 1
1978 96 1
172 96 1
336 96 1
1613 96 1
844 96 1
3622 96 1
1356 96 1
2259 96 1
1113 96 1
250 96 1
3673 96 1
1742 96 1
2194 96 1
379 96 1
1209 96 1
571 96 1
2945 96 1
2876 96 1
1903 96 1
176 96 1
1266 96 1
3845 96 1
2201 96 1
383 96 1
1378 96 1
3276 96 1
3763 96 1
1839 96 1
2334 96 1
2094 96 1
1954 96 1
3267 96 1
3419 96 1
2111 96 1
2234 96 1
2067 96 1
3059 96 1
1484 96 1
981 96 1
510 96 1
2514 96 1
1014 96 1
153 96 1
2740 96 1
1743 96 1
3103 96 1
3548 96 1
1178 96 1
1084 96 1
2177 96 1
3030 96 1
1982 96 1
3117 96 1
330 96 1
234 96 1
2635 96 1
3774 96 1
1854 96 1
2095 96 1
2357 96 1
3413 96 1
3660 96 1
1524 96 1
801 96 1
2678 96 1
692 96 1
1138 96 1
1266 96 1
3727 96 1
3486 96 1
2263 96 1
3305 96 1
333 96 1
607 96 1
1094 96 1
1133 96 1
1492 96 1
2004 96 1
1155 96 1
2551 96 1
447 96 1
2068 96 1
266 96 1
1391 96 1
546 96 1
930 96 1
697 96 1
1552 96 1
3031 96 1
3018 96 1
1447 96 1
1785 96 1
1462 96 1
3633 96 1
2109 96 1
2165 96 1
2943 96 1
964 96 1
3402 96 1
3246 96 1
961 96 1
1320 96 1
2529 96 1
3552 96 1
310 96 1
1872 96 1
2049 96 1
82 96 1
827 96 1
3482 96 1
3455 96 1
3452 96 1
3386 96 1
2463 96 1
444 96 1
3355 96 1
207 96 1
3503 96 1
804 96 1
1374 96 1
3224 96 1
1176 96 1
3760 96 1
2455 96 1
3366 96 1
3273 96 1
1556 96 1
3379 96 1
3726 96 1
3088 96 1
1069 96 1
197 96 1
1535 96 1
2555 96 1
1863 96 1
3220 96 1
198 96 1
656 96 1
1444 96 1
2611 96 1
1962 96 1
1637 96 1
734 96 1
3330 96 1
3046 96 1
1590 96 1
52 96 1
3118 96 1
69 96 1
2049 96 1
111 96 1
2838 96 1
853 96 1
3723 96 1
3238 96 1
1963 96 1
2569 96 1
1768 96 1
1018 96 1
3774 96 1
1385 96 1
1128 96 1
153 96 1
3244 96 1
379 96 1
2824 96 1
1798 96 1
2677 96 1
3707 96 1
1599 96 1
1146 96 1
2255 96 1
3002 96 1
1311 96 1
1959 96 1
273 96 1
1777 96 1
109 96 1
2789 96 1
2173 96 1
1532 96 1
1627 96 1
3231 96 1
1871 96 1
605 96 1
3601 96 1
1038 96 1
2992 96 1
1492 96 1
180 96 1
2593 96 1
2729 96 1
961 96 1
2959 96 1
2748 96 1
1199 96 1
986 96 1
1668 96 1
1918 96 1
3443 96 1
938 96 1
822 96 1
1986 96 1
2107 96 1
2984 96 1
2920 96 1
3656 96 1
1240 96 1
2547 96 1
3820 96 1
2326 96 1
245 96 1
3696 96 1
3556 96 1
386 96 1
961 96 1
3178 96 1
582 96 1
2166 96 1
2946 96 1
367 96 1
2534 96 1
951 96 1
3812 96 1
3342 96 1
2642 96 1
957 96 1
3138 96 1
3557 96 1
2924 96 1
1655 96 1
3170 96 1
959 96 1
3287 96 1
2649 96 1
3657 96 1
485 96 1
1719 96 1
2341 96 1
1906 96 1
421 96 1
3186 96 1
3034 96 1
1573 96 1
1040 96 1
2514 96 1
3134 96 1
3798 96 1
1960 96 1
1413 96 1
219 96 1
2307 96 1
2340 96 1
3493 96 1
1888 96 1
128 96 1
1301 96 1
2377 96 1
2898 96 1
146 96 1
1578 96 1
638 96 1
860 96 1
324 96 1
3806 96 1
3399 96 1
2812 96 1
3453 96 1
1852 96 1
2906 96 1
309 96 1
2513 96 1
2666 96 1
2098 96 1
3729 96 1
1183 96 1
155 96 1
422 96 1
1887 96 1
839 96 1
1930 96 1
2434 96 1
596 96 1
1451 96 1
1588 96 1
2224 96 1
3831 96 1
2863 96 1
318 96 1
2737 96 1
3094 96 1
300 96 1
2748 96 1
3524 96 1
869 96 1
2146 96 1
2057 96 1
1874 96 1
845 96 1
391 96 1
1102 96 1
1084 96 1
922 96 1
2415 96 1
897 96 1
376 96 1
3299 96 1
2737 96 1
661 96 1
1606 96 1
2918 96 1
3290 96 1
1488 96 1
1133 96 1
3126 96 1
189 96 1
2432 96 1
699 96 1
607 96 1
129 96 1
977 96 1
3192 96 1
2117 96 1
3721 96 1
2885 96 1
3037 96 1
2254 96 1
351 96 1
1954 96 1
1905 96 1
709 96 1
1897 96 1
1431 96 1
1613 96 1
3859 97 1
647 97 1
67 97 1
3684 97 1
1329 97 1
3028 97 1
781 97 1
858 97 1
874 97 1
2909 97 1
3134 97 1
1014 97 1
679 97 1
1609 97 1
3786 97 1
251 97 1
900 97 1
1449 97 1
1052 97 1
1307 97 1
692 97 1
2343 97 1
1530 97 1
1069 97 1
3157 97 1
1887 97 1
395 97 1
1771 97 1
3089 97 1
168 97 1
1739 97 1
1465 97 1
3261 97 1
259 97 1
1007 97 1
3211 97 1
3777 97 1
3643 97 1
2868 97 1
3009 97 1
2895 97 1
1363 97 1
2342 97 1
3048 97 1
1235 97 1
445 97 1
1440 97 1
2367 97 1
3859 97 1
3759 97 1
2419 97 1
1885 97 1
1642 97 1
566 97 1
467 97 1
2204 97 1
2860 97 1
1549 97 1
2401 97 1
3574 97 1
1395 97 1
1720 97 1
3 97 1
3085 97 1
144 97 1
3833 97 1
3626 97 1
1715 97 1
2725 97 1
3729 97 1
2157 97 1
1207 97 1
3701 97 1
430 97 1
1124 97 1
535 97 1
215 97 1
2198 97 1
3210 97 1
719 97 1
3439 97 1
742 97 1
3088 97 1
1397 97 1
493 97 1
3406 97 1
2251 97 1
2989 97 1
2503 97 1
2316 97 1
3564 97 1
1186 97 1
28 97 1
1956 97 1
1243 97 1
1900 97 1
784 97 1
1689 97 1
3581 97 1
779 97 1
2819 97 1
1278 97 1
3588 97 1
3319 97 1
1329 97 1
2176 97 1
3630 97 1
1270 97 1
2683 97 1
2812 97 1
2185 97 1
1838 97 1
1829 97 1
1056 97 1
3702 97 1
3714 97 1
2738 97 1
2144 97 1
3518 97 1
3680 97 1
276 97 1
2250 97 1
1236 97 1
3425 97 1
362 97 1
788 97 1
437 97 1
2276 97 1
3629 97 1
880 97 1
2036 97 1
2833 97 1
127 97 1
369 97 1
2100 97 1
1933 97 1
2924 97 1
2516 97 1
194 97 1
338 97 1
3779 97 1
2190 97 1
1552 97 1
2098 97 1
516 97 1
2784 97 1
3026 97 1
2497 97 1
3612 97 1
1158 97 1
44 97 1
363 97 1
1404 97 1
3853 97 1
2556 97 1
1744 97 1
2561 97 1
746 97 1
3282 97 1
2144 97 1
961 97 1
1965 97 1
1699 97 1
3096 97 1
1475 97 1
1833 97 1
3252 97 1
3751 97 1
1498 97 1
2011 97 1
3384 97 1
116 97 1
2309 97 1
1528 97 1
1243 97 1
962 97 1
26 97 1
3623 97 1
3657 97 1
3727 97 1
392 97 1
2506 97 1
1204 97 1
646 97 1
3206 97 1
2366 97 1
370 97 1
3143 97 1
3847 97 1
3297 97 1
3353 97 1
618 97 1
1594 97 1
2116 97 1
845 97 1
2591 97 1
1680 97 1
3499 97 1
1750 97 1
3231 97 1
2234 97 1
2264 97 1
9 97 1
1694 97 1
2625 97 1
2839 97 1
669 97 1
453 97 1
2849 97 1
2073 97 1
2080 97 1
1080 97 1
591 97 1
2471 97 1
46 97 1
2303 97 1
242 97 1
1263 97 1
940 97 1
2507 97 1
64 97 1
3519 97 1
605 97 1
2125 97 1
2339 97 1
1793 97 1
2414 97 1
2761 97 1
1922 97 1
3121 97 1
2107 97 1
2543 97 1
3520 97 1
3021 97 1
1790 97 1
2820 97 1
1125 97 1
503 97 1
109 97 1
47 97 1
1564 97 1
2645 97 1
1230 97 1
2278 97 1
3330 97 1
1938 97 1
1092 97 1
413 97 1
483 97 1
3542 97 1
3047 97 1
1163 97 1
2306 97 1
3010 97 1
3018 97 1
401 97 1
3609 97 1
602 97 1
1829 97 1
3510 97 1
1016 97 1
2517 97 1
1175 97 1
1930 97 1
3291 97 1
3356 97 1
922 97 1
331 97 1
2326 97 1
2834 97 1
1941 97 1
3657 97 1
1559 97 1
388 97 1
1464 97 1
2446 97 1
2432 97 1
1825 97 1
701 97 1
2916 97 1
3589 97 1
3333 97 1
3291 97 1
2572 97 1
2311 97 1
1421 97 1
1837 97 1
1917 97 1
1975 97 1
1830 97 1
1259 97 1
1639 97 1
2334 97 1
1580 97 1
457 97 1
2538 97 1
230 97 1
3468 97 1
131 97 1
1190 97 1
3354 97 1
3273 97 1
2548 97 1
2797 97 1
99 97 1
1146 97 1
2013 97 1
3107 97 1
1950 97 1
988 97 1
1595 97 1
2313 97 1
273 97 1
1795 97 1
1787 97 1
3022 97 1
2672 97 1
3420 97 1
999 97 1
298 97 1
3222 97 1
1303 97 1
592 97 1
2286 97 1
1734 97 1
662 97 1
1007 97 1
3382 97 1
2277 97 1
875 97 1
96 97 1
1983 97 1
3166 97 1
3696 97 1
775 97 1
1209 97 1
1021 97 1
3262 97 1
3182 97 1
2818 97 1
2964 97 1
2841 97 1
2765 97 1
1919 97 1
37 97 1
3217 98 1
610 98 1
1310 98 1
589 98 1
107 98 1
3792 98 1
2855 98 1
3668 98 1
2788 98 1
1956 98 1
574 98 1
1247 98 1
3203 98 1
2859 98 1
3843 98 1
480 98 1
842 98 1
1914 98 1
1928 98 1
1990 98 1
2378 98 1
1707 98 1
3212 98 1
734 98 1
3813 98 1
2531 98 1
881 98 1
185 98 1
1581 98 1
633 98 1
3194 98 1
3009 98 1
214 98 1
628 98 1
3573 98 1
728 98 1
1491 98 1
3456 98 1
3466 98 1
1114 98 1
371 98 1
372 98 1
1945 98 1
1722 98 1
327 98 1
2499 98 1
986 98 1
1738 98 1
1140 98 1
2338 98 1
3672 98 1
11 98 1
3164 98 1
13 98 1
3021 98 1
455 98 1
3777 98 1
2306 98 1
1565 98 1
3189 98 1
2325 98 1
3498 98 1
2068 98 1
1351 98 1
1566 98 1
3113 98 1
2166 98 1
3847 98 1
2305 98 1
1701 98 1
3188 98 1
708 98 1
984 98 1
2115 98 1
2255 98 1
1775 98 1
958 98 1
3444 98 1
1615 98 1
3713 98 1
1090 98 1
2563 98 1
2981 98 1
2038 98 1
2055 98 1
3173 98 1
1965 98 1
1697 98 1
2851 98 1
1683 98 1
2611 98 1
2997 98 1
1798 98 1
1023 98 1
3141 98 1
449 98 1
2683 98 1
2096 98 1
675 98 1
1449 98 1
2374 98 1
2958 98 1
3121 98 1
3799 98 1
2136 98 1
1612 98 1
505 98 1
1491 98 1
1552 98 1
3419 98 1
1733 98 1
3652 98 1
3096 98 1
719 98 1
1276 98 1
1775 98 1
1415 98 1
1814 98 1
182 98 1
240 98 1
2469 98 1
1522 98 1
716 98 1
1064 98 1
3461 98 1
555 98 1
485 98 1
595 98 1
116 98 1
1678 98 1
982 98 1
617 98 1
136 98 1
3026 98 1
3645 98 1
312 98 1
1735 98 1
2784 98 1
821 98 1
2540 98 1
1828 98 1
303 98 1
1567 98 1
3085 98 1
3795 98 1
3616 98 1
3749 98 1
2627 98 1
2963 98 1
1415 98 1
3625 98 1
982 98 1
1256 98 1
2737 98 1
1972 98 1
1174 98 1
117 98 1
1447 98 1
1037 98 1
1545 98 1
1243 98 1
3070 98 1
3536 98 1
1429 98 1
1636 98 1
3356 98 1
559 98 1
3205 98 1
3606 98 1
2328 98 1
2992 98 1
1636 98 1
1234 98 1
1334 98 1
2078 98 1
1177 98 1
284 98 1
549 98 1
2399 98 1
1039 98 1
657 98 1
106 98 1
2320 98 1
3600 98 1
3213 98 1
949 98 1
3551 98 1
1873 98 1
1079 98 1
1832 98 1
1847 98 1
3363 98 1
3747 98 1
2351 98 1
3280 98 1
1998 98 1
3478 98 1
2393 98 1
376 98 1
1573 98 1
933 98 1
3702 98 1
2393 98 1
3699 98 1
1770 98 1
3172 98 1
1955 98 1
2357 98 1
2307 98 1
2908 98 1
1382 98 1
1732 98 1
2532 98 1
2820 98 1
1673 98 1
26 98 1
3788 98 1
2565 98 1
1337 98 1
2069 98 1
2787 98 1
1998 98 1
3521 98 1
745 98 1
3654 98 1
2293 98 1
1516 98 1
29 98 1
2449 98 1
969 98 1
2169 98 1
703 98 1
3815 98 1
2081 98 1
3855 98 1
1639 98 1
1753 98 1
2826 98 1
3488 98 1
479 98 1
1456 98 1
2974 98 1
1840 98 1
3027 98 1
1886 98 1
687 98 1
2948 98 1
561 98 1
1874 98 1
1193 98 1
2096 98 1
3286 98 1
551 98 1
3838 98 1
1668 98 1
664 98 1
2453 98 1
3138 98 1
3025 98 1
2410 98 1
1286 98 1
286 98 1
976 98 1
1208 98 1
2808 98 1
2966 98 1
285 98 1
2715 98 1
2309 98 1
3456 98 1
2978 98 1
3423 98 1
1499 98 1
2577 98 1
1431 98 1
693 98 1
2229 98 1
3193 98 1
1835 98 1
1488 98 1
3700 98 1
2005 98 1
1855 98 1
174 98 1
1787 98 1
2239 98 1
265 98 1
3647 98 1
1009 98 1
1386 98 1
3654 98 1
3131 98 1
41 98 1
481 98 1
1114 98 1
1212 98 1
3744 98 1
3002 98 1
3821 98 1
3306 98 1
3664 98 1
1376 98 1
1245 98 1
2090 98 1
3470 98 1
1600 98 1
3760 98 1
3103 98 1
2394 98 1
1733 98 1
595 98 1
3040 98 1
1903 98 1
2623 98 1
1235 98 1
816 98 1
1946 98 1
1239 98 1
1307 98 1
878 98 1
3323 98 1
507 98 1
2355 98 1
1727 98 1
2553 98 1
980 98 1
571 98 1
2272 98 1
2453 98 1
3643 98 1
211 98 1
2213 98 1
787 98 1
1842 98 1
1232 98 1
408 98 1
3329 98 1
3548 98 1
2377 98 1
1420 98 1
2339 98 1
1757 98 1
334 98 1
1709 98 1
2879 98 1
198 99 1
753 99 1
158 99 1
2615 99 1
2771 99 1
2518 99 1
1546 99 1
2948 99 1
1935 99 1
2240 99 1
3547 99 1
1597 99 1
1822 99 1
1640 99 1
458 99 1
1185 99 1
140 99 1
431 99 1
677 99 1
419 99 1
1141 99 1
1110 99 1
1043 99 1
3127 99 1
1921 99 1
1969 99 1
554 99 1
346 99 1
2461 99 1
508 99 1
2102 99 1
873 99 1
2954 99 1
3244 99 1
1073 99 1
799 99 1
1277 99 1
1052 99 1
2545 99 1
1765 99 1
2046 99 1
2977 99 1
3754 99 1
54 99 1
3166 99 1
3300 99 1
1693 99 1
3291 99 1
2433 99 1
2308 99 1
129 99 1
1867 99 1
965 99 1
2972 99 1
3518 99 1
2948 99 1
1600 99 1
1978 99 1
1263 99 1
2711 99 1
147 99 1
1199 99 1
392 99 1
557 99 1
1568 99 1
1146 99 1
1673 99 1
3141 99 1
3499 99 1
565 99 1
3783 99 1
3197 99 1
3406 99 1
1560 99 1
2590 99 1
3210 99 1
3238 99 1
2089 99 1
1251 99 1
628 99 1
648 99 1
1870 99 1
3423 99 1
88 99 1
145 99 1
1574 99 1
1156 99 1
3249 99 1
1916 99 1
2315 99 1
1104 99 1
2473 99 1
502 99 1
1915 99 1
2921 99 1
2681 99 1
3117 99 1
2957 99 1
2314 99 1
2340 99 1
2033 99 1
3238 99 1
1364 99 1
1696 99 1
3322 99 1
3139 99 1
1191 99 1
2412 99 1
1448 99 1
1416 99 1
788 99 1
2336 99 1
1764 99 1
253 99 1
791 99 1
3654 99 1
3469 99 1
1210 99 1
2859 99 1
3004 99 1
1216 99 1
2001 99 1
3633 99 1
887 99 1
3109 99 1
3208 99 1
3672 99 1
3762 99 1
3712 99 1
3163 99 1
1185 99 1
921 99 1
1747 99 1
3624 99 1
3565 99 1
2637 99 1
2999 99 1
2780 99 1
750 99 1
3676 99 1
1558 99 1
3207 99 1
2092 99 1
1317 99 1
182 99 1
1764 99 1
2986 99 1
2792 99 1
1731 99 1
1125 99 1
1934 99 1
664 99 1
1274 99 1
3337 99 1
3174 99 1
2982 99 1
2597 99 1
2760 99 1
2492 99 1
3816 99 1
2591 99 1
734 99 1
1226 99 1
2656 99 1
3458 99 1
2306 99 1
2485 99 1
486 99 1
1073 99 1
3822 99 1
2114 99 1
1943 99 1
1048 99 1
2125 99 1
1360 99 1
1989 99 1
192 99 1
3510 99 1
1798 99 1
3274 99 1
516 99 1
359 99 1
3813 99 1
1034 99 1
2085 99 1
2549 99 1
707 99 1
1861 99 1
2221 99 1
554 99 1
2268 99 1
2350 99 1
1181 99 1
2164 99 1
371 99 1
444 99 1
2016 99 1
2914 99 1
3663 99 1
1281 99 1
3587 99 1
237 99 1
1360 99 1
1780 99 1
2536 99 1
3337 99 1
514 99 1
1213 99 1
2565 99 1
834 99 1
1984 99 1
2739 99 1
3367 99 1
2544 99 1
104 99 1
1886 99 1
1151 99 1
1538 99 1
611 99 1
775 99 1
3585 99 1
2214 99 1
1610 99 1
3440 99 1
2268 99 1
2847 99 1
2724 99 1
3779 99 1
2575 99 1
54 99 1
1048 99 1
1841 99 1
234 99 1
516 99 1
1818 99 1
3686 99 1
3599 99 1
671 99 1
3160 99 1
129 99 1
826 99 1
69 99 1
2084 99 1
2755 99 1
3529 99 1
3496 99 1
1196 99 1
1160 99 1
576 99 1
3097 99 1
3126 99 1
1401 99 1
2865 99 1
3219 99 1
898 99 1
844 99 1
1376 99 1
1640 99 1
1179 99 1
58 99 1
120 99 1
3776 99 1
266 99 1
1473 99 1
538 99 1
3404 99 1
3327 99 1
49 99 1
3340 99 1
376 99 1
1273 99 1
873 99 1
1635 99 1
1744 99 1
2694 99 1
2891 99 1
2618 99 1
1631 99 1
427 99 1
3099 99 1
3269 99 1
632 99 1
1969 99 1
1336 99 1
3368 99 1
1588 99 1
640 99 1
2594 99 1
3773 99 1
1870 99 1
1978 99 1
745 99 1
2624 99 1
3412 99 1
3093 99 1
2224 99 1
749 99 1
2993 99 1
1762 99 1
1364 99 1
2390 99 1
1902 99 1
263 99 1
2038 99 1
2139 99 1
547 99 1
852 99 1
2317 99 1
1035 99 1
1120 99 1
707 99 1
873 99 1
283 99 1
1692 99 1
2259 99 1
2284 99 1
1028 99 1
1873 99 1
3345 99 1
1699 99 1
1698 99 1
2376 99 1
1783 99 1
2828 99 1
467 99 1
3514 99 1
1881 99 1
2786 99 1
2150 99 1
2274 99 1
3168 99 1
3148 99 1
3514 99 1
1284 99 1
2144 99 1
3167 99 1
3176 99 1
1833 99 1
804 99 1
3227 99 1
194 99 1
121 99 1
97 99 1
3096 99 1
227 99 1
1390 100 1
1189 100 1
618 100 1
937 100 1
1957 100 1
3010 100 1
2690 100 1
2498 100 1
20 100 1
3079 100 1
1964 100 1
496 100 1
3249 100 1
993 100 1
2801 100 1
3059 100 1
2195 100 1
395 100 1
1732 100 1
1463 100 1
3791 100 1
3487 100 1
1696 100 1
1582 100 1
2532 100 1
1312 100 1
2711 100 1
2646 100 1
3385 100 1
3413 100 1
2082 100 1
617 100 1
2111 100 1
3567 100 1
623 100 1
307 100 1
3589 100 1
646 100 1
529 100 1
3420 100 1
1262 100 1
2708 100 1
2296 100 1
3282 100 1
1164 100 1
3254 100 1
3297 100 1
29 100 1
1115 100 1
506 100 1
1800 100 1
2072 100 1
600 100 1
2353 100 1
1320 100 1
817 100 1
2855 100 1
53 100 1
108 100 1
87 100 1
3153 100 1
2608 100 1
2262 100 1
1987 100 1
2852 100 1
3668 100 1
1716 100 1
3411 100 1
2940 100 1
2089 100 1
676 100 1
287 100 1
1911 100 1
3518 100 1
3484 100 1
3063 100 1
2772 100 1
1755 100 1
1749 100 1
1146 100 1
336 100 1
3815 100 1
1511 100 1
2931 100 1
715 100 1
3082 100 1
2688 100 1
322 100 1
2430 100 1
1442 100 1
1985 100 1
2809 100 1
1242 100 1
2926 100 1
1526 100 1
1999 100 1
100 100 1
2087 100 1
1671 100 1
2517 100 1
2995 100 1
3646 100 1
1305 100 1
2855 100 1
1409 100 1
2261 100 1
2323 100 1
839 100 1
2520 100 1
2305 100 1
1521 100 1
1941 100 1
2737 100 1
922 100 1
346 100 1
1289 100 1
1621 100 1
27 100 1
3449 100 1
228 100 1
3529 100 1
1696 100 1
824 100 1
3699 100 1
2779 100 1
2992 100 1
687 100 1
204 100 1
3617 100 1
2521 100 1
1691 100 1
2632 100 1
3355 100 1
576 100 1
1072 100 1
2131 100 1
253 100 1
1801 100 1
3568 100 1
1232 100 1
1824 100 1
1043 100 1
3276 100 1
3675 100 1
1350 100 1
1744 100 1
1395 100 1
3637 100 1
1436 100 1
2878 100 1
2348 100 1
3605 100 1
968 100 1
358 100 1
616 100 1
2890 100 1
218 100 1
3837 100 1
376 100 1
1525 100 1
2245 100 1
2810 100 1
2159 100 1
3248 100 1
3074 100 1
2849 100 1
455 100 1
3405 100 1
3789 100 1
1065 100 1
1931 100 1
374 100 1
2315 100 1
2201 100 1
2409 100 1
2288 100 1
2179 100 1
2702 100 1
3611 100 1
2887 100 1
2405 100 1
3657 100 1
3040 100 1
446 100 1
3219 100 1
2420 100 1
1621 100 1
2124 100 1
10 100 1
213 100 1
3599 100 1
1695 100 1
1259 100 1
1731 100 1
276 100 1
1400 100 1
824 100 1
1342 100 1
618 100 1
2990 100 1
1689 100 1
2579 100 1
2258 100 1
282 100 1
2280 100 1
1809 100 1
1569 100 1
685 100 1
1764 100 1
988 100 1
1579 100 1
1767 100 1
1560 100 1
223 100 1
2012 100 1
499 100 1
2682 100 1
3422 100 1
3332 100 1
1481 100 1
790 100 1
418 100 1
1436 100 1
902 100 1
1548 100 1
225 100 1
2931 100 1
1281 100 1
1570 100 1
452 100 1
335 100 1
975 100 1
1059 100 1
2266 100 1
2555 100 1
3692 100 1
537 100 1
2233 100 1
536 100 1
544 100 1
156 100 1
1318 100 1
262 100 1
1669 100 1
3283 100 1
2166 100 1
2507 100 1
3703 100 1
3330 100 1
893 100 1
2296 100 1
1586 100 1
707 100 1
949 100 1
2463 100 1
867 100 1
3047 100 1
953 100 1
862 100 1
2951 100 1
2470 100 1
2635 100 1
1577 100 1
1715 100 1
1623 100 1
678 100 1
2884 100 1
2276 100 1
323 100 1
1338 100 1
993 100 1
3418 100 1
1383 100 1
740 100 1
2792 100 1
349 100 1
3841 100 1
1081 100 1
3344 100 1
3693 100 1
3535 100 1
918 100 1
1654 100 1
1165 100 1
1583 100 1
93 100 1
3566 100 1
3594 100 1
834 100 1
521 100 1
1010 100 1
1909 100 1
3560 100 1
1424 100 1
1975 100 1
3469 100 1
402 100 1
2572 100 1
256 100 1
1884 100 1
1082 100 1
569 100 1
1296 100 1
2902 100 1
1874 100 1
1611 100 1
3291 100 1
1555 100 1
2772 100 1
732 100 1
1181 100 1
2323 100 1
3083 100 1
1723 100 1
2695 100 1
970 100 1
515 100 1
1766 100 1
1904 100 1
519 100 1
1857 100 1
3403 100 1
3638 100 1
120 100 1
1148 100 1
2450 100 1
1296 100 1
2542 100 1
2645 100 1
1774 100 1
1903 100 1
3486 100 1
1654 100 1
2622 100 1
2953 100 1
2471 100 1
253 100 1
1777 100 1
3135 100 1
2206 100 1
3837 100 1
3308 100 1
3792 100 1
937 100 1
1993 100 1
3368 101 1
2740 101 1
48 101 1
2519 101 1
2648 101 1
1471 101 1
762 101 1
2696 101 1
2908 101 1
2806 101 1
2226 101 1
1039 101 1
1873 101 1
1134 101 1
1337 101 1
2163 101 1
1757 101 1
3261 101 1
952 101 1
1572 101 1
1641 101 1
2611 101 1
2757 101 1
187 101 1
2492 101 1
3703 101 1
180 101 1
3202 101 1
479 101 1
2690 101 1
2854 101 1
710 101 1
77 101 1
1998 101 1
528 101 1
1624 101 1
1682 101 1
1206 101 1
569 101 1
1046 101 1
2508 101 1
488 101 1
2528 101 1
1683 101 1
1000 101 1
2720 101 1
55 101 1
293 101 1
1157 101 1
3656 101 1
3408 101 1
2602 101 1
3179 101 1
1632 101 1
2830 101 1
1427 101 1
1701 101 1
3833 101 1
2075 101 1
3598 101 1
925 101 1
3270 101 1
1314 101 1
1358 101 1
2317 101 1
424 101 1
2579 101 1
3081 101 1
1873 101 1
1858 101 1
1648 101 1
1836 101 1
117 101 1
3519 101 1
1910 101 1
1467 101 1
2530 101 1
2172 101 1
495 101 1
3697 101 1
1099 101 1
2802 101 1
3133 101 1
3394 101 1
2536 101 1
1243 101 1
2945 101 1
1370 101 1
1492 101 1
2949 101 1
1918 101 1
1278 101 1
3244 101 1
318 101 1
898 101 1
106 101 1
1200 101 1
2550 101 1
3214 101 1
358 101 1
2611 101 1
3095 101 1
1313 101 1
262 101 1
2835 101 1
2776 101 1
180 101 1
2022 101 1
155 101 1
2440 101 1
3826 101 1
2314 101 1
2244 101 1
45 101 1
990 101 1
2821 101 1
239 101 1
3682 101 1
1030 101 1
2946 101 1
257 101 1
2339 101 1
3502 101 1
3057 101 1
1147 101 1
1185 101 1
1050 101 1
2737 101 1
1201 101 1
2125 101 1
1398 101 1
901 101 1
294 101 1
3378 101 1
182 101 1
2928 101 1
3665 101 1
2837 101 1
1298 101 1
1517 101 1
1261 101 1
706 101 1
1555 101 1
3127 101 1
1795 101 1
2040 101 1
2603 101 1
1773 101 1
3379 101 1
3066 101 1
782 101 1
965 101 1
731 101 1
3637 101 1
1264 101 1
122 101 1
2702 101 1
2823 101 1
2621 101 1
3185 101 1
2515 101 1
3028 101 1
1016 101 1
2138 101 1
1989 101 1
1563 101 1
3682 101 1
2929 101 1
743 101 1
2343 101 1
976 101 1
430 101 1
2938 101 1
394 101 1
3308 101 1
324 101 1
1066 101 1
3822 101 1
3756 101 1
3748 101 1
2467 101 1
2692 101 1
2106 101 1
838 101 1
3339 101 1
3070 101 1
2779 101 1
1397 101 1
2854 101 1
2954 101 1
1691 101 1
116 101 1
2366 101 1
250 101 1
262 101 1
3223 101 1
177 101 1
3073 101 1
637 101 1
50 101 1
328 101 1
177 101 1
53 101 1
899 101 1
2987 101 1
1293 101 1
3569 101 1
3524 101 1
2234 101 1
2996 101 1
1681 101 1
2159 101 1
3055 101 1
495 101 1
2779 101 1
304 101 1
2430 101 1
597 101 1
2224 101 1
2453 101 1
206 101 1
799 101 1
2554 101 1
1341 101 1
2499 101 1
1356 101 1
2671 101 1
622 101 1
1609 101 1
154 101 1
764 101 1
326 101 1
1630 101 1
2374 101 1
1508 101 1
2428 101 1
1948 101 1
609 101 1
3024 101 1
3142 101 1
1076 101 1
710 101 1
821 101 1
2898 101 1
1806 101 1
3486 101 1
3089 101 1
2866 101 1
2675 101 1
239 101 1
3716 101 1
3833 101 1
2480 101 1
3760 101 1
1755 101 1
2800 101 1
1219 101 1
2349 101 1
1434 101 1
3367 101 1
1780 101 1
1571 101 1
3070 101 1
3595 101 1
3455 101 1
1682 101 1
1446 101 1
2284 101 1
2584 101 1
2522 101 1
2718 101 1
2178 101 1
1124 101 1
1917 101 1
1684 101 1
1578 101 1
765 101 1
2132 101 1
3342 101 1
2235 101 1
3812 101 1
1347 101 1
768 101 1
1108 101 1
84 101 1
721 101 1
2522 101 1
826 101 1
1255 101 1
2875 101 1
1526 101 1
2504 101 1
1711 101 1
1862 101 1
1304 101 1
366 101 1
1594 101 1
2407 101 1
229 101 1
446 101 1
1007 101 1
480 101 1
2455 101 1
1290 101 1
3226 101 1
2992 101 1
1671 101 1
1763 101 1
2091 101 1
1555 101 1
2817 101 1
1922 101 1
2460 101 1
2532 101 1
1152 101 1
3697 101 1
2610 101 1
2058 101 1
540 101 1
2857 101 1
3703 101 1
2218 101 1
2067 101 1
78 101 1
1624 101 1
63 101 1
346 101 1
1354 101 1
2584 101 1
776 101 1
2839 101 1
665 101 1
3512 101 1
2760 101 1
884 101 1
227 101 1
2371 101 1
1910 101 1
1468 101 1
555 101 1
2600 101 1
3393 101 1
2374 101 1
2006 101 1
3017 101 1
321 102 1
2803 102 1
491 102 1
62 102 1
679 102 1
2353 102 1
1009 102 1
1297 102 1
2953 102 1
1725 102 1
1248 102 1
2160 102 1
529 102 1
3171 102 1
1914 102 1
651 102 1
2481 102 1
694 102 1
2086 102 1
3374 102 1
3450 102 1
3695 102 1
51 102 1
790 102 1
765 102 1
2830 102 1
1150 102 1
3721 102 1
3578 102 1
1727 102 1
2225 102 1
1076 102 1
3279 102 1
829 102 1
106 102 1
2392 102 1
2784 102 1
1546 102 1
1819 102 1
35 102 1
2658 102 1
3009 102 1
2049 102 1
1588 102 1
2916 102 1
2390 102 1
3591 102 1
1124 102 1
2891 102 1
3691 102 1
247 102 1
1704 102 1
1054 102 1
1803 102 1
1363 102 1
1194 102 1
3846 102 1
3686 102 1
1538 102 1
2940 102 1
413 102 1
2218 102 1
740 102 1
2873 102 1
3601 102 1
583 102 1
265 102 1
1001 102 1
1065 102 1
2888 102 1
3286 102 1
2221 102 1
2897 102 1
2299 102 1
2333 102 1
1958 102 1
841 102 1
2927 102 1
1587 102 1
3133 102 1
656 102 1
2081 102 1
2115 102 1
3501 102 1
895 102 1
3561 102 1
357 102 1
213 102 1
3566 102 1
3576 102 1
1923 102 1
2371 102 1
3702 102 1
967 102 1
1197 102 1
220 102 1
1043 102 1
1499 102 1
22 102 1
2625 102 1
2161 102 1
1988 102 1
1787 102 1
3086 102 1
2822 102 1
1109 102 1
1306 102 1
15 102 1
2807 102 1
456 102 1
3795 102 1
1269 102 1
1824 102 1
885 102 1
2776 102 1
1354 102 1
544 102 1
1398 102 1
1437 102 1
2893 102 1
1528 102 1
872 102 1
2719 102 1
35 102 1
865 102 1
1271 102 1
3777 102 1
2865 102 1
2471 102 1
1928 102 1
3605 102 1
2825 102 1
3672 102 1
1044 102 1
3518 102 1
194 102 1
2511 102 1
14 102 1
1886 102 1
1715 102 1
3591 102 1
2193 102 1
2071 102 1
1916 102 1
3427 102 1
3082 102 1
487 102 1
913 102 1
2409 102 1
1099 102 1
1071 102 1
3356 102 1
3389 102 1
1391 102 1
2511 102 1
970 102 1
1047 102 1
2613 102 1
1249 102 1
2022 102 1
1499 102 1
585 102 1
2317 102 1
3215 102 1
577 102 1
3634 102 1
3421 102 1
1116 102 1
2902 102 1
1478 102 1
396 102 1
367 102 1
2321 102 1
1254 102 1
802 102 1
483 102 1
2365 102 1
1596 102 1
2482 102 1
3329 102 1
1610 102 1
2341 102 1
98 102 1
709 102 1
3676 102 1
3646 102 1
433 102 1
887 102 1
275 102 1
1534 102 1
1141 102 1
1454 102 1
2981 102 1
55 102 1
1317 102 1
2150 102 1
1463 102 1
2316 102 1
959 102 1
1412 102 1
2868 102 1
2560 102 1
3432 102 1
846 102 1
2521 102 1
768 102 1
3081 102 1
2740 102 1
91 102 1
1221 102 1
1526 102 1
192 102 1
2343 102 1
930 102 1
1700 102 1
3300 102 1
1582 102 1
1651 102 1
3085 102 1
521 102 1
939 102 1
2846 102 1
3138 102 1
2492 102 1
2181 102 1
3246 102 1
429 102 1
272 102 1
1799 102 1
787 102 1
3012 102 1
1199 102 1
1108 102 1
1384 102 1
2926 102 1
168 102 1
836 102 1
3291 102 1
2805 102 1
1576 102 1
912 102 1
2055 102 1
1403 102 1
1180 102 1
3635 102 1
3329 102 1
3161 102 1
3567 102 1
2636 102 1
3496 102 1
1088 102 1
1567 102 1
1508 102 1
2326 102 1
2037 102 1
2567 102 1
160 102 1
366 102 1
1188 102 1
958 102 1
2230 102 1
3327 102 1
1663 102 1
606 102 1
2032 102 1
348 102 1
3450 102 1
2227 102 1
3086 102 1
3854 102 1
3373 102 1
3656 102 1
725 102 1
427 102 1
2997 102 1
1285 102 1
2605 102 1
2668 102 1
375 102 1
1837 102 1
266 102 1
1293 102 1
2953 102 1
281 102 1
2879 102 1
134 102 1
3141 102 1
1400 102 1
1372 102 1
1664 102 1
148 102 1
2395 102 1
3746 102 1
275 102 1
244 102 1
901 102 1
509 102 1
3639 102 1
2279 102 1
3024 102 1
367 102 1
2131 102 1
610 102 1
507 102 1
3312 102 1
3857 102 1
1862 102 1
782 102 1
1682 102 1
2994 102 1
2368 102 1
629 102 1
159 102 1
3665 102 1
2936 102 1
2088 102 1
1349 102 1
3097 102 1
2505 102 1
22 102 1
2252 102 1
1449 102 1
1094 102 1
548 102 1
3410 102 1
2140 102 1
763 102 1
24 102 1
1250 102 1
3434 102 1
2535 102 1
730 102 1
963 102 1
2329 102 1
1002 102 1
2374 102 1
502 102 1
526 102 1
272 102 1
3846 102 1
3111 102 1
2124 102 1
3317 102 1
853 102 1
15 102 1
1511 103 1
3622 103 1
273 103 1
2441 103 1
814 103 1
749 103 1
703 103 1
476 103 1
2596 103 1
2753 103 1
739 103 1
3086 103 1
1732 103 1
1293 103 1
1857 103 1
1402 103 1
3579 103 1
3063 103 1
2033 103 1
2237 103 1
1450 103 1
112 103 1
3411 103 1
2176 103 1
3412 103 1
2988 103 1
2750 103 1
3642 103 1
44 103 1
3286 103 1
554 103 1
1110 103 1
94 103 1
1020 103 1
7 103 1
91 103 1
2184 103 1
1528 103 1
1246 103 1
3337 103 1
3348 103 1
106 103 1
1774 103 1
2675 103 1
2971 103 1
1615 103 1
1056 103 1
474 103 1
2723 103 1
3472 103 1
3384 103 1
1803 103 1
502 103 1
907 103 1
575 103 1
716 103 1
1590 103 1
1862 103 1
2669 103 1
3334 103 1
2178 103 1
3252 103 1
3115 103 1
3851 103 1
795 103 1
2486 103 1
498 103 1
1209 103 1
1911 103 1
3098 103 1
2015 103 1
1464 103 1
1186 103 1
828 103 1
698 103 1
476 103 1
2598 103 1
1718 103 1
3182 103 1
3552 103 1
713 103 1
982 103 1
3081 103 1
2928 103 1
573 103 1
3781 103 1
1606 103 1
2251 103 1
222 103 1
2187 103 1
1975 103 1
1547 103 1
436 103 1
1473 103 1
3486 103 1
1157 103 1
1057 103 1
2414 103 1
1138 103 1
452 103 1
1191 103 1
1880 103 1
3564 103 1
1839 103 1
850 103 1
3827 103 1
1980 103 1
1480 103 1
6 103 1
3452 103 1
3421 103 1
974 103 1
3342 103 1
2091 103 1
1085 103 1
1804 103 1
2256 103 1
151 103 1
162 103 1
1080 103 1
3619 103 1
1746 103 1
1770 103 1
2821 103 1
3461 103 1
3503 103 1
14 103 1
3805 103 1
2361 103 1
2756 103 1
328 103 1
1193 103 1
3171 103 1
2356 103 1
3193 103 1
2934 103 1
2606 103 1
479 103 1
421 103 1
3736 103 1
770 103 1
2215 103 1
851 103 1
874 103 1
215 103 1
2162 103 1
2393 103 1
292 103 1
1298 103 1
84 103 1
2802 103 1
1500 103 1
1121 103 1
3133 103 1
1866 103 1
3619 103 1
2454 103 1
685 103 1
470 103 1
2928 103 1
1604 103 1
372 103 1
1227 103 1
1162 103 1
1086 103 1
1020 103 1
79 103 1
2894 103 1
1128 103 1
1819 103 1
3698 103 1
1193 103 1
3442 103 1
2491 103 1
2541 103 1
2253 103 1
1466 103 1
1009 103 1
752 103 1
2533 103 1
1781 103 1
260 103 1
804 103 1
1567 103 1
2575 103 1
3097 103 1
3047 103 1
2801 103 1
2416 103 1
1459 103 1
954 103 1
2063 103 1
1163 103 1
2853 103 1
2954 103 1
1615 103 1
1934 103 1
3403 103 1
1706 103 1
977 103 1
2461 103 1
1636 103 1
460 103 1
2807 103 1
199 103 1
1915 103 1
1029 103 1
862 103 1
644 103 1
3049 103 1
1421 103 1
1732 103 1
342 103 1
3498 103 1
3678 103 1
1831 103 1
2305 103 1
2974 103 1
3016 103 1
604 103 1
1560 103 1
3488 103 1
388 103 1
3200 103 1
793 103 1
3738 103 1
732 103 1
2455 103 1
1007 103 1
1476 103 1
356 103 1
3840 103 1
2585 103 1
1299 103 1
1161 103 1
1151 103 1
2347 103 1
1528 103 1
512 103 1
3250 103 1
3679 103 1
2394 103 1
625 103 1
997 103 1
321 103 1
109 103 1
3442 103 1
2542 103 1
3666 103 1
3259 103 1
350 103 1
2336 103 1
2213 103 1
2675 103 1
2546 103 1
1145 103 1
1379 103 1
105 103 1
3327 103 1
1809 103 1
1768 103 1
1254 103 1
1373 103 1
1374 103 1
2284 103 1
2110 103 1
24 103 1
335 103 1
643 103 1
275 103 1
2997 103 1
501 103 1
3720 103 1
1422 103 1
46 103 1
249 103 1
2108 103 1
2718 103 1
3591 103 1
1280 103 1
3774 103 1
938 103 1
920 103 1
2234 103 1
1384 103 1
786 103 1
754 103 1
925 103 1
289 103 1
932 103 1
2368 103 1
1024 103 1
2919 103 1
989 103 1
111 103 1
2453 103 1
2992 103 1
2288 103 1
965 103 1
1112 103 1
1870 103 1
100 103 1
3769 103 1
2866 103 1
1648 103 1
1242 103 1
3806 103 1
756 103 1
2011 103 1
1564 103 1
469 103 1
3054 103 1
2544 103 1
2765 103 1
245 103 1
341 103 1
3402 103 1
2733 103 1
463 103 1
729 103 1
1907 103 1
3480 103 1
1635 103 1
730 103 1
374 103 1
1831 103 1
714 103 1
3004 103 1
3850 103 1
706 103 1
749 103 1
2566 103 1
41 103 1
1707 103 1
3104 103 1
59 103 1
642 103 1
1016 103 1
3266 103 1
1516 103 1
2438 103 1
3178 103 1
2149 103 1
3439 103 1
607 103 1
1297 104 1
3106 104 1
1430 104 1
2797 104 1
2020 104 1
3859 104 1
663 104 1
1019 104 1
3456 104 1
877 104 1
2545 104 1
2695 104 1
3803 104 1
3108 104 1
1899 104 1
353 104 1
3826 104 1
50 104 1
1219 104 1
3365 104 1
1026 104 1
3183 104 1
2847 104 1
1772 104 1
1473 104 1
1079 104 1
1566 104 1
3036 104 1
2644 104 1
1666 104 1
3305 104 1
2001 104 1
2441 104 1
1363 104 1
3823 104 1
3017 104 1
3254 104 1
2496 104 1
3491 104 1
2660 104 1
423 104 1
1737 104 1
57 104 1
1994 104 1
1923 104 1
3541 104 1
1851 104 1
981 104 1
3149 104 1
970 104 1
2968 104 1
727 104 1
498 104 1
441 104 1
1359 104 1
1486 104 1
144 104 1
2629 104 1
3511 104 1
93 104 1
453 104 1
517 104 1
762 104 1
2285 104 1
815 104 1
2644 104 1
3365 104 1
3719 104 1
3709 104 1
684 104 1
954 104 1
2573 104 1
1090 104 1
51 104 1
1288 104 1
1736 104 1
1198 104 1
1895 104 1
516 104 1
1321 104 1
2869 104 1
565 104 1
1025 104 1
120 104 1
3557 104 1
85 104 1
2995 104 1
2321 104 1
3618 104 1
179 104 1
2320 104 1
1293 104 1
2153 104 1
3590 104 1
3061 104 1
3415 104 1
2937 104 1
1014 104 1
2454 104 1
378 104 1
614 104 1
407 104 1
2454 104 1
3740 104 1
1623 104 1
2177 104 1
468 104 1
3724 104 1
1839 104 1
3567 104 1
999 104 1
2688 104 1
961 104 1
2249 104 1
2594 104 1
1918 104 1
1915 104 1
2980 104 1
2026 104 1
458 104 1
299 104 1
2311 104 1
3337 104 1
3048 104 1
2360 104 1
3157 104 1
1932 104 1
2060 104 1
3312 104 1
1927 104 1
1291 104 1
139 104 1
389 104 1
2284 104 1
227 104 1
1868 104 1
3406 104 1
2296 104 1
3607 104 1
1333 104 1
3239 104 1
2940 104 1
3223 104 1
3808 104 1
2419 104 1
3194 104 1
2580 104 1
3125 104 1
1704 104 1
2261 104 1
1336 104 1
1236 104 1
854 104 1
1636 104 1
3150 104 1
2846 104 1
25 104 1
1842 104 1
3747 104 1
3503 104 1
3308 104 1
1027 104 1
2782 104 1
3843 104 1
80 104 1
3561 104 1
3601 104 1
575 104 1
1354 104 1
1830 104 1
3498 104 1
2523 104 1
1490 104 1
2099 104 1
966 104 1
2388 104 1
2195 104 1
3550 104 1
1236 104 1
3697 104 1
585 104 1
337 104 1
3642 104 1
2246 104 1
1157 104 1
475 104 1
677 104 1
1180 104 1
3011 104 1
724 104 1
3116 104 1
444 104 1
100 104 1
3428 104 1
1686 104 1
3291 104 1
1968 104 1
1026 104 1
31 104 1
2450 104 1
1016 104 1
1593 104 1
1217 104 1
1749 104 1
3495 104 1
2614 104 1
1903 104 1
2764 104 1
2210 104 1
821 104 1
1327 104 1
1284 104 1
1806 104 1
83 104 1
3520 104 1
2348 104 1
178 104 1
3799 104 1
2337 104 1
2624 104 1
294 104 1
795 104 1
1097 104 1
1008 104 1
749 104 1
596 104 1
3337 104 1
1602 104 1
3833 104 1
875 104 1
709 104 1
2675 104 1
896 104 1
334 104 1
1666 104 1
1912 104 1
1622 104 1
521 104 1
1119 104 1
2482 104 1
291 104 1
2098 104 1
3437 104 1
1095 104 1
504 104 1
1076 104 1
3815 104 1
1054 104 1
1746 104 1
2262 104 1
1352 104 1
1345 104 1
1957 104 1
66 104 1
482 104 1
14 104 1
1366 104 1
2497 104 1
1101 104 1
977 104 1
2970 104 1
3737 104 1
2935 104 1
1684 104 1
2283 104 1
584 104 1
3031 104 1
1809 104 1
3371 104 1
3477 104 1
2018 104 1
617 104 1
1762 104 1
515 104 1
908 104 1
2294 104 1
1885 104 1
1467 104 1
1840 104 1
2393 104 1
3257 104 1
2819 104 1
3045 104 1
2523 104 1
154 104 1
2600 104 1
3285 104 1
2507 104 1
3150 104 1
1102 104 1
1573 104 1
312 104 1
207 104 1
987 104 1
1303 104 1
457 104 1
2917 104 1
809 104 1
747 104 1
2931 104 1
2452 104 1
969 104 1
1900 104 1
3645 104 1
956 104 1
2991 104 1
485 104 1
477 104 1
415 104 1
2142 104 1
1371 104 1
3534 104 1
1505 104 1
755 104 1
3735 104 1
3037 104 1
472 104 1
556 104 1
637 104 1
1419 104 1
1820 104 1
1499 104 1
757 104 1
3735 104 1
3491 104 1
1465 104 1
2529 104 1
3593 104 1
3131 104 1
2967 104 1
3615 104 1
2727 104 1
764 104 1
2240 104 1
735 104 1
3076 104 1
922 104 1
2733 104 1
3164 104 1
1962 104 1
3303 104 1
3180 104 1
2899 104 1
1627 104 1
125 104 1
1095 105 1
1894 105 1
3446 105 1
438 105 1
687 105 1
1528 105 1
1321 105 1
1384 105 1
797 105 1
42 105 1
2624 105 1
3415 105 1
1292 105 1
3496 105 1
3110 105 1
3143 105 1
3179 105 1
993 105 1
3003 105 1
2276 105 1
1729 105 1
1730 105 1
192 105 1
2149 105 1
2345 105 1
2639 105 1
2904 105 1
823 105 1
1619 105 1
737 105 1
3422 105 1
2509 105 1
1440 105 1
1343 105 1
210 105 1
3311 105 1
2016 105 1
3575 105 1
3061 105 1
109 105 1
3103 105 1
2353 105 1
2261 105 1
1901 105 1
223 105 1
3263 105 1
2845 105 1
2779 105 1
2661 105 1
3144 105 1
3810 105 1
2373 105 1
2095 105 1
2039 105 1
2067 105 1
2066 105 1
2234 105 1
1880 105 1
832 105 1
3209 105 1
1312 105 1
3339 105 1
1909 105 1
1143 105 1
304 105 1
2546 105 1
3096 105 1
2766 105 1
193 105 1
1816 105 1
3818 105 1
871 105 1
1985 105 1
170 105 1
2792 105 1
2103 105 1
122 105 1
532 105 1
1925 105 1
1852 105 1
2369 105 1
2968 105 1
3224 105 1
1101 105 1
3145 105 1
1882 105 1
3289 105 1
1811 105 1
3069 105 1
2734 105 1
2770 105 1
3283 105 1
1820 105 1
1455 105 1
1997 105 1
3099 105 1
1975 105 1
3687 105 1
348 105 1
2744 105 1
610 105 1
2005 105 1
1754 105 1
2612 105 1
835 105 1
2985 105 1
1708 105 1
517 105 1
1280 105 1
88 105 1
1433 105 1
1827 105 1
1868 105 1
3023 105 1
2295 105 1
3177 105 1
2159 105 1
3703 105 1
869 105 1
2380 105 1
2473 105 1
142 105 1
59 105 1
2258 105 1
436 105 1
3709 105 1
877 105 1
1269 105 1
2971 105 1
3228 105 1
1297 105 1
777 105 1
3434 105 1
1717 105 1
2000 105 1
2523 105 1
904 105 1
3761 105 1
182 105 1
584 105 1
2846 105 1
1629 105 1
58 105 1
3687 105 1
1308 105 1
3140 105 1
346 105 1
3234 105 1
2683 105 1
3239 105 1
2369 105 1
3241 105 1
72 105 1
1649 105 1
2903 105 1
876 105 1
3536 105 1
2978 105 1
499 105 1
3012 105 1
643 105 1
2877 105 1
1095 105 1
2683 105 1
2561 105 1
1289 105 1
3733 105 1
3805 105 1
2268 105 1
2577 105 1
2374 105 1
2725 105 1
3455 105 1
3300 105 1
2026 105 1
3424 105 1
3697 105 1
3149 105 1
2142 105 1
1525 105 1
2570 105 1
51 105 1
2839 105 1
479 105 1
178 105 1
2505 105 1
916 105 1
3046 105 1
1037 105 1
884 105 1
2161 105 1
1447 105 1
547 105 1
1177 105 1
3843 105 1
1709 105 1
3825 105 1
730 105 1
3512 105 1
3660 105 1
1528 105 1
3705 105 1
3193 105 1
3402 105 1
3141 105 1
669 105 1
401 105 1
1764 105 1
1803 105 1
2099 105 1
1895 105 1
2867 105 1
2042 105 1
155 105 1
2090 105 1
3667 105 1
3820 105 1
688 105 1
208 105 1
392 105 1
2559 105 1
1794 105 1
1466 105 1
983 105 1
3482 105 1
3144 105 1
1533 105 1
580 105 1
883 105 1
134 105 1
532 105 1
2423 105 1
3610 105 1
3495 105 1
3498 105 1
3118 105 1
2836 105 1
2281 105 1
1682 105 1
1518 105 1
899 105 1
918 105 1
3133 105 1
1907 105 1
3567 105 1
471 105 1
3316 105 1
1123 105 1
1598 105 1
2430 105 1
2462 105 1
3675 105 1
972 105 1
855 105 1
3782 105 1
3594 105 1
3726 105 1
3653 105 1
3764 105 1
1761 105 1
2846 105 1
3173 105 1
2365 105 1
817 105 1
435 105 1
427 105 1
174 105 1
3337 105 1
3584 105 1
3572 105 1
1892 105 1
816 105 1
2560 105 1
3501 105 1
563 105 1
173 105 1
530 105 1
347 105 1
3073 105 1
77 105 1
1920 105 1
1474 105 1
3597 105 1
2645 105 1
1979 105 1
86 105 1
1093 105 1
236 105 1
596 105 1
3323 105 1
411 105 1
763 105 1
3778 105 1
1209 105 1
701 105 1
175 105 1
2049 105 1
1383 105 1
2620 105 1
1829 105 1
2555 105 1
2824 105 1
605 105 1
2765 105 1
1743 105 1
2993 105 1
447 105 1
2491 105 1
1090 105 1
1802 105 1
2333 105 1
2741 105 1
2711 105 1
1980 105 1
148 105 1
2114 105 1
3068 105 1
1590 105 1
886 105 1
730 105 1
765 105 1
3845 105 1
1616 105 1
18 105 1
1838 105 1
2883 105 1
502 105 1
2624 105 1
2009 105 1
33 105 1
3253 105 1
1062 105 1
1421 105 1
1991 105 1
3813 105 1
1537 105 1
2225 105 1
2269 105 1
3205 105 1
3776 105 1
2463 105 1
1291 105 1
1174 105 1
2368 105 1
1990 105 1
2820 106 1
166 106 1
2149 106 1
2855 106 1
189 106 1
3626 106 1
431 106 1
3581 106 1
2932 106 1
2546 106 1
698 106 1
3543 106 1
2259 106 1
1817 106 1
1339 106 1
585 106 1
1332 106 1
260 106 1
3463 106 1
3353 106 1
703 106 1
2780 106 1
3724 106 1
707 106 1
2760 106 1
1031 106 1
28 106 1
2968 106 1
1437 106 1
3262 106 1
3788 106 1
1674 106 1
2927 106 1
3230 106 1
526 106 1
1049 106 1
1634 106 1
1983 106 1
2733 106 1
3332 106 1
2221 106 1
1489 106 1
3752 106 1
2624 106 1
1 106 1
3310 106 1
2067 106 1
2641 106 1
3696 106 1
2393 106 1
3363 106 1
897 106 1
3155 106 1
2630 106 1
3313 106 1
1492 106 1
1002 106 1
1218 106 1
3511 106 1
3572 106 1
3239 106 1
1020 106 1
658 106 1
2954 106 1
894 106 1
400 106 1
1683 106 1
2605 106 1
3670 106 1
3317 106 1
2777 106 1
3258 106 1
3459 106 1
2533 106 1
1636 106 1
966 106 1
2108 106 1
609 106 1
2952 106 1
1970 106 1
967 106 1
1637 106 1
2623 106 1
296 106 1
194 106 1
2970 106 1
1511 106 1
1749 106 1
2288 106 1
2779 106 1
3492 106 1
2331 106 1
2701 106 1
192 106 1
101 106 1
1781 106 1
3346 106 1
1295 106 1
1703 106 1
1734 106 1
3605 106 1
55 106 1
29 106 1
3537 106 1
3602 106 1
1451 106 1
3670 106 1
3187 106 1
340 106 1
852 106 1
1937 106 1
2995 106 1
2749 106 1
2260 106 1
250 106 1
3730 106 1
1487 106 1
3547 106 1
2609 106 1
1587 106 1
925 106 1
208 106 1
3680 106 1
3303 106 1
386 106 1
2027 106 1
3583 106 1
476 106 1
1431 106 1
1799 106 1
2819 106 1
841 106 1
2074 106 1
2617 106 1
3411 106 1
1042 106 1
1963 106 1
2147 106 1
1597 106 1
1852 106 1
3631 106 1
2351 106 1
1530 106 1
3066 106 1
2838 106 1
3434 106 1
3107 106 1
3070 106 1
1827 106 1
570 106 1
1292 106 1
1790 106 1
3001 106 1
1637 106 1
2186 106 1
3104 106 1
177 106 1
2589 106 1
1249 106 1
700 106 1
2547 106 1
2641 106 1
1605 106 1
68 106 1
2006 106 1
1927 106 1
2980 106 1
1548 106 1
438 106 1
3607 106 1
1036 106 1
122 106 1
2481 106 1
294 106 1
2301 106 1
490 106 1
2373 106 1
2939 106 1
336 106 1
2050 106 1
3788 106 1
2442 106 1
1287 106 1
1089 106 1
2716 106 1
732 106 1
145 106 1
2929 106 1
140 106 1
167 106 1
1044 106 1
883 106 1
854 106 1
2921 106 1
3287 106 1
1980 106 1
2461 106 1
3724 106 1
1837 106 1
539 106 1
1846 106 1
2460 106 1
3145 106 1
1549 106 1
630 106 1
159 106 1
638 106 1
1073 106 1
744 106 1
1721 106 1
2889 106 1
1823 106 1
1033 106 1
1752 106 1
2704 106 1
1549 106 1
980 106 1
902 106 1
3021 106 1
2206 106 1
1617 106 1
1722 106 1
1625 106 1
1210 106 1
1488 106 1
2595 106 1
3586 106 1
2346 106 1
1647 106 1
2600 106 1
2831 106 1
2783 106 1
1644 106 1
328 106 1
3562 106 1
2501 106 1
2758 106 1
1603 106 1
1482 106 1
1232 106 1
3492 106 1
744 106 1
1595 106 1
2661 106 1
3240 106 1
820 106 1
3374 106 1
1685 106 1
2517 106 1
661 106 1
3505 106 1
3807 106 1
3840 106 1
179 106 1
1069 106 1
3441 106 1
16 106 1
837 106 1
1847 106 1
3421 106 1
2811 106 1
2638 106 1
1530 106 1
3098 106 1
2694 106 1
1142 106 1
2897 106 1
2845 106 1
400 106 1
3709 106 1
2248 106 1
2948 106 1
3173 106 1
675 106 1
996 106 1
1480 106 1
3064 106 1
3557 106 1
310 106 1
2913 106 1
1160 106 1
814 106 1
3145 106 1
708 106 1
1675 106 1
2096 106 1
104 106 1
2891 106 1
2308 106 1
2352 106 1
813 106 1
1000 106 1
2732 106 1
40 106 1
2833 106 1
3254 106 1
3235 106 1
1662 106 1
1916 106 1
2472 106 1
28 106 1
2962 106 1
2657 106 1
2497 106 1
620 106 1
1165 106 1
3260 106 1
1128 106 1
1415 106 1
2254 106 1
398 106 1
3726 106 1
3076 106 1
1592 106 1
3340 106 1
3378 106 1
3658 106 1
536 106 1
936 106 1
53 106 1
2284 106 1
333 106 1
1129 106 1
3110 106 1
168 106 1
339 106 1
1168 106 1
2542 106 1
420 106 1
2708 106 1
3859 106 1
3456 106 1
742 106 1
2555 106 1
3090 106 1
3825 106 1
1994 106 1
1121 106 1
123 106 1
1513 106 1
3576 106 1
3640 106 1
2258 106 1
3280 106 1
833 106 1
1920 107 1
1875 107 1
3798 107 1
1131 107 1
1869 107 1
2389 107 1
965 107 1
1866 107 1
2841 107 1
2307 107 1
751 107 1
187 107 1
2455 107 1
1770 107 1
1465 107 1
1009 107 1
3072 107 1
1381 107 1
2500 107 1
3036 107 1
2330 107 1
2291 107 1
3521 107 1
2139 107 1
2502 107 1
1201 107 1
1514 107 1
870 107 1
3150 107 1
2574 107 1
1001 107 1
630 107 1
2253 107 1
3539 107 1
1260 107 1
864 107 1
500 107 1
1132 107 1
1164 107 1
1449 107 1
2385 107 1
3120 107 1
476 107 1
1560 107 1
714 107 1
3012 107 1
3802 107 1
172 107 1
1778 107 1
1774 107 1
1280 107 1
702 107 1
3819 107 1
2933 107 1
3826 107 1
2620 107 1
904 107 1
1785 107 1
3789 107 1
227 107 1
744 107 1
2169 107 1
900 107 1
447 107 1
3567 107 1
3792 107 1
2161 107 1
3100 107 1
747 107 1
2881 107 1
3295 107 1
1655 107 1
789 107 1
3258 107 1
1752 107 1
3526 107 1
3236 107 1
2551 107 1
1692 107 1
2976 107 1
320 107 1
893 107 1
948 107 1
824 107 1
1222 107 1
3091 107 1
2600 107 1
2300 107 1
513 107 1
2277 107 1
398 107 1
2558 107 1
831 107 1
180 107 1
2629 107 1
3341 107 1
2842 107 1
2081 107 1
3192 107 1
2849 107 1
2822 107 1
1091 107 1
518 107 1
1230 107 1
3281 107 1
194 107 1
2088 107 1
3079 107 1
1226 107 1
2149 107 1
3807 107 1
2038 107 1
1911 107 1
1659 107 1
354 107 1
410 107 1
2524 107 1
637 107 1
3495 107 1
3727 107 1
3592 107 1
3248 107 1
3852 107 1
757 107 1
3513 107 1
3463 107 1
1307 107 1
2209 107 1
325 107 1
830 107 1
2782 107 1
2605 107 1
1377 107 1
2723 107 1
3252 107 1
3041 107 1
2679 107 1
455 107 1
3204 107 1
3250 107 1
3249 107 1
3518 107 1
3621 107 1
2598 107 1
2516 107 1
2947 107 1
2733 107 1
1803 107 1
3291 107 1
2005 107 1
3303 107 1
2855 107 1
837 107 1
1317 107 1
391 107 1
1032 107 1
3625 107 1
2890 107 1
2221 107 1
3436 107 1
2393 107 1
1321 107 1
592 107 1
3746 107 1
1211 107 1
2622 107 1
291 107 1
2772 107 1
3011 107 1
1067 107 1
1767 107 1
191 107 1
1982 107 1
843 107 1
1807 107 1
375 107 1
1169 107 1
2410 107 1
3770 107 1
658 107 1
2086 107 1
1137 107 1
1807 107 1
1485 107 1
3642 107 1
2138 107 1
2325 107 1
3178 107 1
1417 107 1
377 107 1
2681 107 1
436 107 1
43 107 1
728 107 1
2297 107 1
289 107 1
3514 107 1
1927 107 1
2942 107 1
3650 107 1
755 107 1
2642 107 1
322 107 1
434 107 1
3185 107 1
3335 107 1
3190 107 1
624 107 1
3594 107 1
3703 107 1
882 107 1
339 107 1
3598 107 1
398 107 1
3180 107 1
27 107 1
2204 107 1
2410 107 1
776 107 1
2122 107 1
1269 107 1
397 107 1
1851 107 1
599 107 1
127 107 1
1757 107 1
2214 107 1
188 107 1
1419 107 1
2767 107 1
3369 107 1
490 107 1
2080 107 1
3029 107 1
504 107 1
3809 107 1
3182 107 1
3420 107 1
2812 107 1
3617 107 1
2571 107 1
1005 107 1
277 107 1
2843 107 1
2875 107 1
2453 107 1
3698 107 1
2517 107 1
588 107 1
3335 107 1
1001 107 1
537 107 1
2300 107 1
2915 107 1
3711 107 1
1022 107 1
3680 107 1
1459 107 1
1591 107 1
2139 107 1
309 107 1
2420 107 1
500 107 1
1033 107 1
1745 107 1
2535 107 1
3770 107 1
243 107 1
2545 107 1
2702 107 1
2937 107 1
3436 107 1
52 107 1
3698 107 1
1212 107 1
919 107 1
140 107 1
2663 107 1
3402 107 1
569 107 1
1652 107 1
2740 107 1
1459 107 1
1516 107 1
2 107 1
2016 107 1
3804 107 1
3802 107 1
568 107 1
3184 107 1
2962 107 1
1349 107 1
1610 107 1
526 107 1
2496 107 1
2581 107 1
1879 107 1
154 107 1
1800 107 1
3487 107 1
1879 107 1
1012 107 1
3784 107 1
676 107 1
284 107 1
1530 107 1
317 107 1
3270 107 1
1972 107 1
2295 107 1
430 107 1
226 107 1
2336 107 1
3480 107 1
1824 107 1
2853 107 1
1145 107 1
2766 107 1
883 107 1
3335 107 1
3759 107 1
1617 107 1
1607 107 1
838 107 1
3087 107 1
3237 107 1
2391 107 1
72 107 1
1935 107 1
2116 107 1
2620 107 1
2349 107 1
2125 107 1
3482 107 1
2190 107 1
1672 107 1
1818 107 1
3109 107 1
287 107 1
3104 107 1
3508 107 1
1315 107 1
122 107 1
2280 107 1
814 107 1
3563 108 1
2040 108 1
1143 108 1
2282 108 1
46 108 1
3672 108 1
3238 108 1
1251 108 1
3176 108 1
2562 108 1
1436 108 1
553 108 1
2948 108 1
3535 108 1
2231 108 1
3357 108 1
12 108 1
3099 108 1
952 108 1
3663 108 1
996 108 1
3766 108 1
1303 108 1
2726 108 1
3425 108 1
787 108 1
466 108 1
263 108 1
340 108 1
2415 108 1
3779 108 1
1215 108 1
202 108 1
1895 108 1
1501 108 1
448 108 1
642 108 1
3105 108 1
3526 108 1
1850 108 1
1493 108 1
921 108 1
3280 108 1
2084 108 1
3053 108 1
985 108 1
3603 108 1
1551 108 1
3153 108 1
1039 108 1
3465 108 1
1168 108 1
144 108 1
1059 108 1
3087 108 1
2068 108 1
1663 108 1
3541 108 1
3113 108 1
2228 108 1
2515 108 1
3428 108 1
1649 108 1
1701 108 1
2950 108 1
1340 108 1
2047 108 1
3228 108 1
2371 108 1
1712 108 1
1731 108 1
3283 108 1
3695 108 1
2423 108 1
1553 108 1
2886 108 1
2565 108 1
873 108 1
3858 108 1
2300 108 1
2213 108 1
3236 108 1
3714 108 1
2195 108 1
858 108 1
2070 108 1
3164 108 1
1932 108 1
3007 108 1
270 108 1
3267 108 1
1780 108 1
3461 108 1
2413 108 1
1309 108 1
2902 108 1
3005 108 1
924 108 1
1944 108 1
3020 108 1
285 108 1
3200 108 1
1119 108 1
3590 108 1
1547 108 1
2937 108 1
3743 108 1
1674 108 1
563 108 1
1865 108 1
1213 108 1
1540 108 1
1972 108 1
351 108 1
3830 108 1
1565 108 1
2642 108 1
2092 108 1
2417 108 1
3743 108 1
2799 108 1
1352 108 1
3119 108 1
2262 108 1
2129 108 1
921 108 1
1440 108 1
2631 108 1
1685 108 1
3765 108 1
2262 108 1
3594 108 1
422 108 1
3088 108 1
1501 108 1
2052 108 1
1240 108 1
2679 108 1
44 108 1
397 108 1
1067 108 1
3372 108 1
1583 108 1
3149 108 1
918 108 1
3509 108 1
1196 108 1
3156 108 1
505 108 1
3455 108 1
2806 108 1
3099 108 1
3683 108 1
2708 108 1
2945 108 1
615 108 1
276 108 1
1629 108 1
416 108 1
2220 108 1
2017 108 1
3838 108 1
2510 108 1
3011 108 1
3280 108 1
3237 108 1
2403 108 1
3072 108 1
329 108 1
2143 108 1
2358 108 1
1410 108 1
1540 108 1
434 108 1
2835 108 1
297 108 1
993 108 1
2857 108 1
673 108 1
146 108 1
3227 108 1
1243 108 1
785 108 1
3576 108 1
3538 108 1
3666 108 1
3229 108 1
2828 108 1
2035 108 1
542 108 1
369 108 1
38 108 1
1598 108 1
2797 108 1
2160 108 1
1364 108 1
3023 108 1
711 108 1
3486 108 1
2898 108 1
425 108 1
572 108 1
2104 108 1
957 108 1
2865 108 1
1882 108 1
3299 108 1
672 108 1
1435 108 1
2390 108 1
1323 108 1
1457 108 1
3455 108 1
2862 108 1
2533 108 1
3535 108 1
67 108 1
955 108 1
57 108 1
3098 108 1
2887 108 1
2237 108 1
3415 108 1
2964 108 1
3791 108 1
964 108 1
3801 108 1
1693 108 1
1976 108 1
1415 108 1
715 108 1
3614 108 1
2495 108 1
85 108 1
612 108 1
3726 108 1
2074 108 1
3142 108 1
467 108 1
1058 108 1
1284 108 1
326 108 1
3304 108 1
100 108 1
1133 108 1
1429 108 1
3099 108 1
3503 108 1
1639 108 1
705 108 1
1445 108 1
1278 108 1
3145 108 1
623 108 1
3221 108 1
3583 108 1
256 108 1
2445 108 1
1489 108 1
2152 108 1
2507 108 1
631 108 1
983 108 1
3573 108 1
578 108 1
3843 108 1
921 108 1
101 108 1
1571 108 1
1340 108 1
2825 108 1
1340 108 1
2763 108 1
270 108 1
856 108 1
31 108 1
40 108 1
3003 108 1
2420 108 1
2144 108 1
1527 108 1
1721 108 1
882 108 1
1426 108 1
1239 108 1
2931 108 1
3284 108 1
3031 108 1
92 108 1
1430 108 1
2335 108 1
3850 108 1
2760 108 1
607 108 1
3725 108 1
2680 108 1
1576 108 1
3217 108 1
1686 108 1
462 108 1
2312 108 1
3128 108 1
2299 108 1
888 108 1
3851 108 1
1542 108 1
1977 108 1
3629 108 1
2335 108 1
197 108 1
1972 108 1
3662 108 1
1377 108 1
146 108 1
1355 108 1
2977 108 1
3325 108 1
1064 108 1
1727 108 1
1711 108 1
3629 108 1
2120 108 1
1321 108 1
1983 108 1
922 108 1
2337 108 1
3782 108 1
3131 108 1
1168 108 1
1177 108 1
1612 108 1
2930 108 1
2231 108 1
79 108 1
619 108 1
422 108 1
3829 108 1
1873 108 1
3192 108 1
2117 108 1
2274 108 1
3761 108 1
2056 108 1
1635 108 1
60 108 1
3698 109 1
3730 109 1
1702 109 1
1938 109 1
3852 109 1
74 109 1
2836 109 1
243 109 1
3112 109 1
348 109 1
3273 109 1
1798 109 1
2963 109 1
1029 109 1
2474 109 1
3733 109 1
599 109 1
3132 109 1
2394 109 1
497 109 1
1737 109 1
1235 109 1
1250 109 1
269 109 1
2333 109 1
1052 109 1
2110 109 1
756 109 1
3613 109 1
3299 109 1
1849 109 1
886 109 1
2106 109 1
1464 109 1
1610 109 1
1293 109 1
3809 109 1
3498 109 1
2809 109 1
2259 109 1
1829 109 1
1981 109 1
2631 109 1
2715 109 1
2846 109 1
3478 109 1
466 109 1
483 109 1
3315 109 1
1950 109 1
251 109 1
246 109 1
566 109 1
1066 109 1
1374 109 1
609 109 1
1510 109 1
1966 109 1
3013 109 1
2930 109 1
3096 109 1
400 109 1
3555 109 1
1628 109 1
704 109 1
3800 109 1
1817 109 1
172 109 1
667 109 1
1539 109 1
2201 109 1
3401 109 1
3439 109 1
445 109 1
1533 109 1
2204 109 1
91 109 1
533 109 1
3142 109 1
1293 109 1
2076 109 1
1597 109 1
381 109 1
1075 109 1
2578 109 1
2400 109 1
548 109 1
1996 109 1
709 109 1
1994 109 1
2499 109 1
2011 109 1
3203 109 1
1708 109 1
3615 109 1
146 109 1
1886 109 1
1499 109 1
261 109 1
1229 109 1
3224 109 1
1408 109 1
71 109 1
2527 109 1
2596 109 1
1305 109 1
3032 109 1
2687 109 1
1919 109 1
2966 109 1
3439 109 1
1785 109 1
1492 109 1
2242 109 1
2264 109 1
2908 109 1
1619 109 1
3133 109 1
870 109 1
554 109 1
2762 109 1
1518 109 1
1635 109 1
2134 109 1
3430 109 1
2586 109 1
1682 109 1
1865 109 1
1833 109 1
1160 109 1
1693 109 1
736 109 1
3674 109 1
1373 109 1
1569 109 1
244 109 1
2938 109 1
2911 109 1
3388 109 1
646 109 1
1434 109 1
3750 109 1
3444 109 1
2920 109 1
1009 109 1
992 109 1
714 109 1
3457 109 1
2429 109 1
3442 109 1
3371 109 1
105 109 1
3813 109 1
871 109 1
346 109 1
1666 109 1
144 109 1
1968 109 1
2639 109 1
2005 109 1
3696 109 1
132 109 1
2317 109 1
636 109 1
2951 109 1
1738 109 1
410 109 1
1375 109 1
2172 109 1
1490 109 1
475 109 1
3303 109 1
670 109 1
3149 109 1
547 109 1
1140 109 1
2205 109 1
1612 109 1
1662 109 1
70 109 1
2513 109 1
297 109 1
2803 109 1
1529 109 1
249 109 1
59 109 1
3580 109 1
1686 109 1
721 109 1
2904 109 1
3431 109 1
1817 109 1
2017 109 1
342 109 1
1921 109 1
1982 109 1
2064 109 1
202 109 1
1331 109 1
3444 109 1
3279 109 1
407 109 1
977 109 1
200 109 1
541 109 1
1244 109 1
2987 109 1
1763 109 1
2595 109 1
1866 109 1
3742 109 1
3564 109 1
3147 109 1
2904 109 1
2532 109 1
2613 109 1
974 109 1
2603 109 1
1816 109 1
2836 109 1
385 109 1
2575 109 1
3060 109 1
1284 109 1
142 109 1
251 109 1
1215 109 1
2226 109 1
70 109 1
3594 109 1
381 109 1
2442 109 1
3124 109 1
3262 109 1
1107 109 1
2776 109 1
2634 109 1
2011 109 1
2559 109 1
936 109 1
1129 109 1
1160 109 1
1677 109 1
866 109 1
838 109 1
1305 109 1
2610 109 1
2513 109 1
622 109 1
2882 109 1
3566 109 1
3420 109 1
3525 109 1
1692 109 1
3231 109 1
727 109 1
3026 109 1
1510 109 1
1714 109 1
607 109 1
3774 109 1
1641 109 1
2895 109 1
2295 109 1
3258 109 1
1150 109 1
2869 109 1
3069 109 1
1163 109 1
2932 109 1
2308 109 1
142 109 1
1921 109 1
458 109 1
444 109 1
1121 109 1
106 109 1
1746 109 1
3618 109 1
1563 109 1
3663 109 1
1968 109 1
3283 109 1
1141 109 1
570 109 1
19 109 1
1008 109 1
1177 109 1
1735 109 1
1600 109 1
3401 109 1
3538 109 1
1818 109 1
1765 109 1
1541 109 1
957 109 1
999 109 1
2138 109 1
2206 109 1
2643 109 1
2725 109 1
134 109 1
3748 109 1
2603 109 1
3598 109 1
1152 109 1
1698 109 1
1151 109 1
2129 109 1
3666 109 1
3739 109 1
707 109 1
2795 109 1
498 109 1
575 109 1
1778 109 1
1780 109 1
311 109 1
878 109 1
3790 109 1
412 109 1
2106 109 1
3543 109 1
2501 109 1
788 109 1
998 109 1
2136 109 1
2180 109 1
2311 109 1
62 109 1
2965 109 1
3617 109 1
2592 109 1
940 109 1
736 109 1
953 109 1
3455 109 1
759 109 1
3342 109 1
728 109 1
1995 109 1
3081 109 1
757 109 1
40 109 1
1150 109 1
2261 110 1
3188 110 1
974 110 1
2898 110 1
2407 110 1
1896 110 1
392 110 1
384 110 1
3286 110 1
2206 110 1
3492 110 1
3399 110 1
3471 110 1
2088 110 1
266 110 1
3467 110 1
1401 110 1
1693 110 1
588 110 1
3730 110 1
196 110 1
3531 110 1
3291 110 1
2248 110 1
302 110 1
2236 110 1
1678 110 1
2571 110 1
2042 110 1
3811 110 1
2627 110 1
877 110 1
895 110 1
125 110 1
133 110 1
1147 110 1
1666 110 1
3661 110 1
1729 110 1
1719 110 1
3648 110 1
1584 110 1
2143 110 1
190 110 1
1097 110 1
2882 110 1
3218 110 1
3280 110 1
1895 110 1
3370 110 1
2330 110 1
2821 110 1
724 110 1
640 110 1
2970 110 1
380 110 1
3550 110 1
1401 110 1
2333 110 1
1728 110 1
2314 110 1
2855 110 1
126 110 1
3176 110 1
3016 110 1
2985 110 1
1492 110 1
2993 110 1
994 110 1
2445 110 1
3700 110 1
3130 110 1
361 110 1
399 110 1
2584 110 1
2168 110 1
2805 110 1
3291 110 1
313 110 1
1511 110 1
1915 110 1
1398 110 1
395 110 1
405 110 1
2216 110 1
2739 110 1
685 110 1
518 110 1
2220 110 1
3628 110 1
2331 110 1
1309 110 1
1321 110 1
2400 110 1
3249 110 1
663 110 1
3469 110 1
885 110 1
1850 110 1
181 110 1
3770 110 1
569 110 1
1477 110 1
3711 110 1
2096 110 1
189 110 1
402 110 1
3438 110 1
198 110 1
3387 110 1
2900 110 1
3679 110 1
3085 110 1
3449 110 1
2111 110 1
1200 110 1
59 110 1
2455 110 1
1419 110 1
1197 110 1
2096 110 1
1892 110 1
3640 110 1
954 110 1
2513 110 1
201 110 1
2863 110 1
1626 110 1
175 110 1
3130 110 1
2701 110 1
1166 110 1
3797 110 1
3414 110 1
2520 110 1
1580 110 1
51 110 1
2676 110 1
1516 110 1
452 110 1
3629 110 1
3672 110 1
2541 110 1
1199 110 1
1512 110 1
3524 110 1
1430 110 1
293 110 1
106 110 1
1047 110 1
1811 110 1
1165 110 1
2594 110 1
1461 110 1
3495 110 1
3453 110 1
3072 110 1
2871 110 1
3147 110 1
1888 110 1
1456 110 1
555 110 1
3109 110 1
219 110 1
1945 110 1
3406 110 1
42 110 1
842 110 1
2229 110 1
3185 110 1
603 110 1
2389 110 1
3189 110 1
1976 110 1
2755 110 1
3488 110 1
3633 110 1
516 110 1
1946 110 1
2033 110 1
2201 110 1
1109 110 1
273 110 1
2651 110 1
532 110 1
73 110 1
3694 110 1
2017 110 1
1401 110 1
75 110 1
3354 110 1
1254 110 1
1586 110 1
408 110 1
1799 110 1
513 110 1
543 110 1
927 110 1
2223 110 1
984 110 1
2252 110 1
1353 110 1
3748 110 1
1992 110 1
3446 110 1
2932 110 1
1343 110 1
2032 110 1
2402 110 1
3211 110 1
1408 110 1
1817 110 1
2069 110 1
578 110 1
2641 110 1
36 110 1
1979 110 1
1601 110 1
1382 110 1
1865 110 1
1925 110 1
382 110 1
3466 110 1
349 110 1
1205 110 1
3511 110 1
1629 110 1
3216 110 1
1497 110 1
842 110 1
3502 110 1
2965 110 1
836 110 1
3658 110 1
2446 110 1
1989 110 1
3567 110 1
3157 110 1
3059 110 1
3671 110 1
3183 110 1
643 110 1
2806 110 1
196 110 1
817 110 1
1323 110 1
2893 110 1
2160 110 1
3525 110 1
185 110 1
1470 110 1
263 110 1
1874 110 1
778 110 1
931 110 1
1628 110 1
843 110 1
2174 110 1
2375 110 1
1043 110 1
3330 110 1
3048 110 1
3067 110 1
2809 110 1
3344 110 1
2381 110 1
3726 110 1
363 110 1
1078 110 1
3596 110 1
2988 110 1
3515 110 1
346 110 1
467 110 1
156 110 1
1255 110 1
3479 110 1
2542 110 1
1349 110 1
744 110 1
3575 110 1
1988 110 1
1313 110 1
3096 110 1
428 110 1
3295 110 1
2454 110 1
877 110 1
3714 110 1
340 110 1
2673 110 1
3231 110 1
1435 110 1
353 110 1
3136 110 1
2234 110 1
292 110 1
2025 110 1
1484 110 1
1665 110 1
1851 110 1
2393 110 1
773 110 1
709 110 1
2029 110 1
2576 110 1
3177 110 1
3219 110 1
570 110 1
3534 110 1
1454 110 1
780 110 1
2163 110 1
1291 110 1
1861 110 1
428 110 1
976 110 1
2081 110 1
803 110 1
2593 110 1
2694 110 1
3181 110 1
2938 110 1
1368 110 1
1861 110 1
2362 110 1
3528 110 1
412 110 1
3004 110 1
1439 110 1
2093 110 1
1970 110 1
3487 110 1
3573 110 1
2250 110 1
2975 110 1
2577 110 1
1810 110 1
1243 110 1
2108 110 1
675 110 1
2793 110 1
2804 110 1
508 110 1
826 110 1
3594 111 1
3111 111 1
104 111 1
1787 111 1
2881 111 1
2106 111 1
3728 111 1
3310 111 1
940 111 1
2693 111 1
119 111 1
375 111 1
402 111 1
3185 111 1
1996 111 1
340 111 1
233 111 1
3225 111 1
80 111 1
2052 111 1
3231 111 1
1215 111 1
567 111 1
3179 111 1
360 111 1
1572 111 1
2728 111 1
2629 111 1
477 111 1
332 111 1
369 111 1
2654 111 1
625 111 1
3362 111 1
2426 111 1
204 111 1
3638 111 1
3155 111 1
2736 111 1
638 111 1
1406 111 1
1805 111 1
637 111 1
3380 111 1
2486 111 1
3230 111 1
3322 111 1
868 111 1
1354 111 1
3651 111 1
1238 111 1
746 111 1
2205 111 1
405 111 1
1320 111 1
3346 111 1
1965 111 1
497 111 1
1218 111 1
914 111 1
2463 111 1
1926 111 1
2214 111 1
705 111 1
2909 111 1
2385 111 1
888 111 1
2729 111 1
953 111 1
132 111 1
89 111 1
2472 111 1
240 111 1
1407 111 1
2008 111 1
2442 111 1
2277 111 1
2498 111 1
44 111 1
2028 111 1
966 111 1
1308 111 1
164 111 1
3026 111 1
2286 111 1
1167 111 1
2090 111 1
384 111 1
3712 111 1
654 111 1
950 111 1
3216 111 1
3661 111 1
2396 111 1
2924 111 1
2531 111 1
1842 111 1
2081 111 1
1857 111 1
1120 111 1
3455 111 1
2417 111 1
1439 111 1
3653 111 1
3719 111 1
1037 111 1
736 111 1
3142 111 1
3324 111 1
1013 111 1
226 111 1
1 111 1
1898 111 1
2880 111 1
297 111 1
3074 111 1
110 111 1
187 111 1
935 111 1
2359 111 1
566 111 1
1314 111 1
3385 111 1
2257 111 1
3447 111 1
928 111 1
2584 111 1
3279 111 1
1572 111 1
2444 111 1
3237 111 1
1930 111 1
1446 111 1
3184 111 1
1938 111 1
2411 111 1
1006 111 1
852 111 1
678 111 1
3732 111 1
1190 111 1
2519 111 1
1088 111 1
3181 111 1
2400 111 1
389 111 1
2638 111 1
2286 111 1
250 111 1
2043 111 1
3074 111 1
1998 111 1
60 111 1
3125 111 1
1438 111 1
3249 111 1
3766 111 1
1165 111 1
2760 111 1
1755 111 1
3782 111 1
973 111 1
3528 111 1
772 111 1
3633 111 1
3413 111 1
458 111 1
925 111 1
829 111 1
3003 111 1
1489 111 1
1731 111 1
2565 111 1
414 111 1
1738 111 1
2989 111 1
2248 111 1
1356 111 1
367 111 1
3369 111 1
1887 111 1
1032 111 1
3342 111 1
2680 111 1
526 111 1
861 111 1
2316 111 1
872 111 1
2263 111 1
1828 111 1
2686 111 1
2556 111 1
397 111 1
2112 111 1
873 111 1
1975 111 1
3039 111 1
2432 111 1
1894 111 1
2522 111 1
450 111 1
1910 111 1
2944 111 1
191 111 1
3034 111 1
359 111 1
1087 111 1
2471 111 1
703 111 1
3368 111 1
3547 111 1
2484 111 1
1641 111 1
536 111 1
1746 111 1
145 111 1
3511 111 1
1233 111 1
1033 111 1
649 111 1
3687 111 1
1086 111 1
2017 111 1
3623 111 1
434 111 1
337 111 1
2324 111 1
540 111 1
451 111 1
2548 111 1
1454 111 1
62 111 1
3039 111 1
1786 111 1
2929 111 1
2572 111 1
2170 111 1
1106 111 1
1733 111 1
2390 111 1
1360 111 1
1689 111 1
1914 111 1
2421 111 1
1941 111 1
3620 111 1
1335 111 1
2709 111 1
1381 111 1
1222 111 1
2742 111 1
2440 111 1
616 111 1
2440 111 1
5 111 1
3749 111 1
160 111 1
1700 111 1
3097 111 1
2713 111 1
2967 111 1
2315 111 1
818 111 1
2709 111 1
2229 111 1
2139 111 1
3739 111 1
856 111 1
3833 111 1
2355 111 1
2354 111 1
1565 111 1
2323 111 1
72 111 1
3540 111 1
3463 111 1
463 111 1
3712 111 1
1647 111 1
2689 111 1
2888 111 1
2803 111 1
2771 111 1
3666 111 1
2617 111 1
3514 111 1
2067 111 1
63 111 1
1629 111 1
2488 111 1
206 111 1
2583 111 1
3436 111 1
1173 111 1
2291 111 1
277 111 1
3424 111 1
1295 111 1
3777 111 1
1648 111 1
2388 111 1
410 111 1
2305 111 1
1522 111 1
1812 111 1
3038 111 1
2728 111 1
2299 111 1
2137 111 1
2835 111 1
630 111 1
3581 111 1
1414 111 1
3148 111 1
2362 111 1
1180 111 1
210 111 1
2980 111 1
3822 111 1
3010 111 1
186 111 1
333 111 1
1419 111 1
1893 111 1
637 111 1
304 111 1
3670 111 1
3116 111 1
2550 111 1
959 111 1
2243 111 1
1358 111 1
363 111 1
2711 111 1
1580 111 1
896 111 1
2739 111 1
444 111 1
747 111 1
2642 111 1
1567 111 1
2085 111 1
518 111 1
3031 111 1
691 111 1
1264 112 1
587 112 1
2439 112 1
1738 112 1
3384 112 1
927 112 1
863 112 1
1933 112 1
527 112 1
2779 112 1
265 112 1
2136 112 1
132 112 1
1951 112 1
58 112 1
1878 112 1
3377 112 1
3511 112 1
676 112 1
1994 112 1
863 112 1
3228 112 1
1580 112 1
1265 112 1
3249 112 1
2395 112 1
1343 112 1
2268 112 1
595 112 1
3137 112 1
380 112 1
3827 112 1
546 112 1
3658 112 1
2488 112 1
1272 112 1
2599 112 1
3219 112 1
1589 112 1
552 112 1
1674 112 1
2917 112 1
1853 112 1
1552 112 1
2389 112 1
463 112 1
1565 112 1
1183 112 1
2338 112 1
1505 112 1
1559 112 1
561 112 1
2408 112 1
2876 112 1
3393 112 1
2617 112 1
3196 112 1
2080 112 1
403 112 1
3749 112 1
248 112 1
153 112 1
9 112 1
1147 112 1
3244 112 1
3300 112 1
3097 112 1
337 112 1
1039 112 1
3523 112 1
3721 112 1
1737 112 1
886 112 1
13 112 1
2604 112 1
3811 112 1
2935 112 1
2406 112 1
1097 112 1
3271 112 1
1595 112 1
3507 112 1
1800 112 1
112 112 1
1 112 1
2751 112 1
3081 112 1
50 112 1
3053 112 1
324 112 1
1958 112 1
1468 112 1
1374 112 1
1193 112 1
2783 112 1
523 112 1
2778 112 1
1297 112 1
1835 112 1
2265 112 1
2216 112 1
736 112 1
2515 112 1
158 112 1
3390 112 1
3028 112 1
76 112 1
1916 112 1
680 112 1
1166 112 1
1407 112 1
666 112 1
1412 112 1
138 112 1
196 112 1
889 112 1
2646 112 1
1355 112 1
3114 112 1
2152 112 1
2429 112 1
2909 112 1
2908 112 1
1163 112 1
599 112 1
1051 112 1
421 112 1
1187 112 1
1799 112 1
1910 112 1
1342 112 1
2272 112 1
3654 112 1
1413 112 1
2271 112 1
3534 112 1
1167 112 1
3286 112 1
601 112 1
1462 112 1
2519 112 1
2123 112 1
386 112 1
3388 112 1
3765 112 1
1675 112 1
3429 112 1
2016 112 1
2220 112 1
1172 112 1
1101 112 1
1756 112 1
95 112 1
1521 112 1
2190 112 1
101 112 1
3113 112 1
1153 112 1
3222 112 1
804 112 1
1735 112 1
533 112 1
2997 112 1
1477 112 1
311 112 1
847 112 1
92 112 1
3609 112 1
3072 112 1
3333 112 1
1090 112 1
3296 112 1
2899 112 1
3625 112 1
365 112 1
2986 112 1
2864 112 1
103 112 1
2997 112 1
2818 112 1
1886 112 1
371 112 1
3354 112 1
2629 112 1
324 112 1
2563 112 1
1492 112 1
1483 112 1
706 112 1
632 112 1
2845 112 1
3715 112 1
339 112 1
3683 112 1
2503 112 1
1514 112 1
1262 112 1
1321 112 1
238 112 1
2016 112 1
2464 112 1
3031 112 1
1691 112 1
778 112 1
1349 112 1
1533 112 1
3575 112 1
2141 112 1
3692 112 1
677 112 1
3618 112 1
737 112 1
2414 112 1
1122 112 1
2177 112 1
3202 112 1
2841 112 1
3106 112 1
342 112 1
2831 112 1
1167 112 1
375 112 1
950 112 1
3585 112 1
1318 112 1
308 112 1
1217 112 1
235 112 1
847 112 1
3425 112 1
1648 112 1
1379 112 1
3364 112 1
111 112 1
2930 112 1
228 112 1
1532 112 1
1791 112 1
3407 112 1
3486 112 1
1675 112 1
2420 112 1
3088 112 1
1352 112 1
982 112 1
3799 112 1
1724 112 1
1862 112 1
3505 112 1
3568 112 1
858 112 1
97 112 1
466 112 1
2754 112 1
2825 112 1
1045 112 1
1042 112 1
1153 112 1
28 112 1
2764 112 1
396 112 1
3314 112 1
2711 112 1
3222 112 1
750 112 1
3089 112 1
809 112 1
603 112 1
2728 112 1
2019 112 1
3780 112 1
2558 112 1
2706 112 1
3278 112 1
2681 112 1
1798 112 1
2818 112 1
2694 112 1
2828 112 1
3395 112 1
3522 112 1
720 112 1
236 112 1
1474 112 1
3585 112 1
1350 112 1
500 112 1
413 112 1
14 112 1
3146 112 1
2211 112 1
2893 112 1
302 112 1
1118 112 1
2921 112 1
3214 112 1
1153 112 1
341 112 1
2847 112 1
1287 112 1
891 112 1
38 112 1
1658 112 1
3415 112 1
2359 112 1
3220 112 1
3666 112 1
219 112 1
3632 112 1
1445 112 1
3225 112 1
859 112 1
1076 112 1
2784 112 1
3400 112 1
3025 112 1
907 112 1
1440 112 1
1693 112 1
2683 112 1
3523 112 1
2212 112 1
2644 112 1
3223 112 1
25 112 1
1165 112 1
3099 112 1
1149 112 1
3630 112 1
576 112 1
3078 112 1
459 112 1
2319 112 1
491 112 1
2788 112 1
3826 112 1
1561 112 1
2230 112 1
1777 112 1
3345 112 1
1424 112 1
117 112 1
1165 112 1
935 112 1
1780 112 1
1862 113 1
477 113 1
1343 113 1
3567 113 1
2911 113 1
96 113 1
566 113 1
1435 113 1
1448 113 1
257 113 1
2797 113 1
2692 113 1
3525 113 1
2965 113 1
3201 113 1
3325 113 1
809 113 1
1100 113 1
1183 113 1
3772 113 1
3722 113 1
2619 113 1
2021 113 1
3188 113 1
2295 113 1
70 113 1
1054 113 1
2789 113 1
3005 113 1
2212 113 1
2666 113 1
1823 113 1
717 113 1
2676 113 1
1788 113 1
698 113 1
2169 113 1
3811 113 1
3577 113 1
2887 113 1
2471 113 1
1542 113 1
1374 113 1
3149 113 1
1000 113 1
2637 113 1
968 113 1
76 113 1
2720 113 1
3218 113 1
2064 113 1
269 113 1
2764 113 1
650 113 1
282 113 1
1223 113 1
1461 113 1
2342 113 1
1066 113 1
1645 113 1
1105 113 1
3032 113 1
2495 113 1
2583 113 1
596 113 1
1637 113 1
1430 113 1
3043 113 1
127 113 1
2184 113 1
2777 113 1
194 113 1
918 113 1
3047 113 1
2635 113 1
448 113 1
3092 113 1
2913 113 1
3258 113 1
1062 113 1
1447 113 1
616 113 1
224 113 1
3016 113 1
788 113 1
3217 113 1
864 113 1
3674 113 1
2740 113 1
3632 113 1
2953 113 1
1633 113 1
2459 113 1
3488 113 1
55 113 1
2654 113 1
1441 113 1
3138 113 1
1477 113 1
2837 113 1
2087 113 1
2560 113 1
3170 113 1
3763 113 1
179 113 1
1684 113 1
1779 113 1
109 113 1
1024 113 1
1144 113 1
503 113 1
839 113 1
1450 113 1
1274 113 1
1445 113 1
1542 113 1
1478 113 1
2475 113 1
1338 113 1
1543 113 1
2849 113 1
157 113 1
357 113 1
1026 113 1
645 113 1
1360 113 1
2711 113 1
3150 113 1
3375 113 1
1297 113 1
2835 113 1
2154 113 1
3455 113 1
2772 113 1
3508 113 1
1776 113 1
2227 113 1
258 113 1
2366 113 1
1862 113 1
3796 113 1
470 113 1
127 113 1
468 113 1
1926 113 1
3278 113 1
1767 113 1
3286 113 1
3463 113 1
2759 113 1
1124 113 1
1048 113 1
3006 113 1
1390 113 1
3048 113 1
559 113 1
449 113 1
1744 113 1
3528 113 1
3830 113 1
1092 113 1
3176 113 1
201 113 1
1520 113 1
1754 113 1
369 113 1
3718 113 1
3735 113 1
2278 113 1
3737 113 1
3668 113 1
1823 113 1
2803 113 1
786 113 1
1660 113 1
658 113 1
450 113 1
175 113 1
3827 113 1
2052 113 1
3486 113 1
1017 113 1
658 113 1
1898 113 1
409 113 1
2585 113 1
2066 113 1
2762 113 1
2311 113 1
1795 113 1
2520 113 1
3809 113 1
730 113 1
2127 113 1
3477 113 1
1459 113 1
218 113 1
25 113 1
3391 113 1
3290 113 1
3138 113 1
2770 113 1
2627 113 1
140 113 1
1083 113 1
3598 113 1
3323 113 1
1658 113 1
2872 113 1
3101 113 1
3853 113 1
2929 113 1
2337 113 1
3799 113 1
1894 113 1
3615 113 1
477 113 1
2625 113 1
84 113 1
3217 113 1
3704 113 1
2041 113 1
770 113 1
1464 113 1
334 113 1
2934 113 1
3634 113 1
1867 113 1
3109 113 1
2878 113 1
2456 113 1
1638 113 1
2153 113 1
1251 113 1
1283 113 1
3040 113 1
1357 113 1
2833 113 1
3399 113 1
3330 113 1
3030 113 1
3248 113 1
3615 113 1
2540 113 1
3405 113 1
1647 113 1
1649 113 1
3265 113 1
2431 113 1
29 113 1
354 113 1
2071 113 1
3238 113 1
1704 113 1
3449 113 1
1634 113 1
430 113 1
1889 113 1
3363 113 1
3095 113 1
2039 113 1
1491 113 1
3586 113 1
1353 113 1
2124 113 1
676 113 1
1157 113 1
1163 113 1
3485 113 1
2891 113 1
2142 113 1
3513 113 1
510 113 1
158 113 1
3373 113 1
831 113 1
2974 113 1
2549 113 1
1667 113 1
2861 113 1
3402 113 1
3836 113 1
806 113 1
2796 113 1
1415 113 1
511 113 1
1348 113 1
592 113 1
1688 113 1
1871 113 1
1739 113 1
224 113 1
282 113 1
1415 113 1
1144 113 1
1741 113 1
369 113 1
1874 113 1
424 113 1
165 113 1
1936 113 1
3733 113 1
1600 113 1
2188 113 1
2688 113 1
3646 113 1
1621 113 1
1610 113 1
1416 113 1
2949 113 1
2374 113 1
991 113 1
3299 113 1
1609 113 1
2826 113 1
2584 113 1
1218 113 1
1155 113 1
401 113 1
2410 113 1
698 113 1
2195 113 1
675 113 1
1084 113 1
1576 113 1
1848 113 1
2444 113 1
3811 113 1
1917 113 1
3079 113 1
3645 113 1
3559 113 1
3515 113 1
3571 113 1
3540 113 1
1835 113 1
1366 113 1
2776 113 1
761 113 1
1157 113 1
1756 113 1
1310 113 1
3383 113 1
500 113 1
533 113 1
2966 114 1
1166 114 1
2990 114 1
779 114 1
939 114 1
561 114 1
3701 114 1
25 114 1
1669 114 1
658 114 1
460 114 1
1279 114 1
1781 114 1
1243 114 1
3151 114 1
476 114 1
1060 114 1
3479 114 1
3602 114 1
1303 114 1
116 114 1
1850 114 1
881 114 1
786 114 1
708 114 1
2599 114 1
2560 114 1
1649 114 1
3256 114 1
3798 114 1
803 114 1
3565 114 1
1537 114 1
2879 114 1
2072 114 1
2401 114 1
1813 114 1
428 114 1
1284 114 1
3696 114 1
729 114 1
3016 114 1
3619 114 1
156 114 1
169 114 1
1842 114 1
3375 114 1
3227 114 1
2655 114 1
1709 114 1
2786 114 1
59 114 1
3442 114 1
1995 114 1
222 114 1
388 114 1
3006 114 1
3162 114 1
1082 114 1
3188 114 1
3422 114 1
3405 114 1
3060 114 1
3160 114 1
830 114 1
1046 114 1
2342 114 1
956 114 1
814 114 1
3588 114 1
866 114 1
120 114 1
596 114 1
1377 114 1
474 114 1
3337 114 1
752 114 1
415 114 1
1990 114 1
1085 114 1
180 114 1
1213 114 1
3216 114 1
1727 114 1
189 114 1
3322 114 1
2764 114 1
2063 114 1
2444 114 1
2592 114 1
1200 114 1
2293 114 1
1520 114 1
3096 114 1
2352 114 1
3358 114 1
941 114 1
3249 114 1
3169 114 1
256 114 1
2922 114 1
1467 114 1
2668 114 1
2449 114 1
94 114 1
962 114 1
527 114 1
3354 114 1
1708 114 1
3025 114 1
3694 114 1
3576 114 1
1384 114 1
1446 114 1
2758 114 1
3825 114 1
3130 114 1
595 114 1
3300 114 1
1106 114 1
482 114 1
3116 114 1
1377 114 1
573 114 1
2529 114 1
1987 114 1
2558 114 1
2725 114 1
1073 114 1
434 114 1
1502 114 1
1186 114 1
1662 114 1
923 114 1
3799 114 1
3247 114 1
2534 114 1
1383 114 1
1952 114 1
2761 114 1
1432 114 1
2268 114 1
936 114 1
2869 114 1
423 114 1
556 114 1
1331 114 1
3535 114 1
1369 114 1
3083 114 1
1586 114 1
2071 114 1
3585 114 1
742 114 1
1820 114 1
2705 114 1
3530 114 1
1258 114 1
3267 114 1
773 114 1
163 114 1
1388 114 1
358 114 1
3085 114 1
1632 114 1
3167 114 1
14 114 1
1671 114 1
224 114 1
2453 114 1
3172 114 1
1311 114 1
1480 114 1
3226 114 1
3634 114 1
2732 114 1
1966 114 1
3630 114 1
1019 114 1
3824 114 1
1269 114 1
1649 114 1
1692 114 1
414 114 1
2563 114 1
570 114 1
623 114 1
1788 114 1
1954 114 1
3818 114 1
1070 114 1
3671 114 1
288 114 1
750 114 1
2345 114 1
3362 114 1
3497 114 1
781 114 1
703 114 1
3564 114 1
77 114 1
3081 114 1
3845 114 1
3411 114 1
3771 114 1
626 114 1
661 114 1
2830 114 1
1687 114 1
2311 114 1
2443 114 1
1232 114 1
3465 114 1
315 114 1
2141 114 1
640 114 1
740 114 1
2283 114 1
1783 114 1
1995 114 1
3094 114 1
1530 114 1
2516 114 1
1120 114 1
52 114 1
1390 114 1
2924 114 1
607 114 1
1021 114 1
618 114 1
1238 114 1
1471 114 1
2257 114 1
1924 114 1
3301 114 1
2055 114 1
1113 114 1
3080 114 1
2124 114 1
2143 114 1
1328 114 1
3038 114 1
2845 114 1
190 114 1
3271 114 1
2308 114 1
1044 114 1
1490 114 1
1781 114 1
273 114 1
1086 114 1
165 114 1
1445 114 1
257 114 1
1439 114 1
619 114 1
1096 114 1
3706 114 1
3163 114 1
2168 114 1
2981 114 1
940 114 1
2850 114 1
1297 114 1
3425 114 1
604 114 1
317 114 1
598 114 1
1490 114 1
404 114 1
1647 114 1
3100 114 1
1230 114 1
891 114 1
425 114 1
295 114 1
2140 114 1
1661 114 1
2016 114 1
514 114 1
3587 114 1
2704 114 1
2683 114 1
1986 114 1
3018 114 1
2394 114 1
1489 114 1
886 114 1
633 114 1
2557 114 1
883 114 1
3026 114 1
2205 114 1
1520 114 1
1499 114 1
2686 114 1
2604 114 1
843 114 1
2204 114 1
497 114 1
498 114 1
2427 114 1
511 114 1
422 114 1
230 114 1
8 114 1
572 114 1
1793 114 1
671 114 1
3354 114 1
406 114 1
1862 114 1
1627 114 1
1075 114 1
1249 114 1
2653 114 1
2185 114 1
3319 114 1
2902 114 1
3608 114 1
1749 114 1
247 114 1
2911 114 1
1827 114 1
2103 114 1
2850 114 1
2430 114 1
1921 114 1
382 114 1
3038 114 1
895 114 1
3578 114 1
1403 114 1
2553 114 1
8 114 1
1105 114 1
2549 114 1
2450 114 1
1817 114 1
3386 114 1
1742 114 1
16 114 1
3344 114 1
2481 114 1
68 114 1
641 115 1
1997 115 1
3031 115 1
1445 115 1
1921 115 1
3074 115 1
49 115 1
2486 115 1
1040 115 1
3503 115 1
1535 115 1
3067 115 1
1232 115 1
1401 115 1
2394 115 1
2404 115 1
3750 115 1
1616 115 1
3492 115 1
1861 115 1
111 115 1
1377 115 1
630 115 1
506 115 1
612 115 1
566 115 1
1689 115 1
3141 115 1
2678 115 1
2216 115 1
2858 115 1
613 115 1
1801 115 1
3215 115 1
2691 115 1
132 115 1
1783 115 1
150 115 1
3154 115 1
2282 115 1
1587 115 1
3833 115 1
3815 115 1
1028 115 1
3336 115 1
2139 115 1
1575 115 1
2378 115 1
1988 115 1
317 115 1
2705 115 1
1653 115 1
2468 115 1
775 115 1
3642 115 1
219 115 1
3827 115 1
2430 115 1
2099 115 1
3704 115 1
3722 115 1
1317 115 1
995 115 1
2853 115 1
107 115 1
1970 115 1
1902 115 1
2198 115 1
3192 115 1
1510 115 1
2844 115 1
2724 115 1
2385 115 1
3213 115 1
901 115 1
2265 115 1
1902 115 1
1126 115 1
2428 115 1
3407 115 1
2371 115 1
3691 115 1
2589 115 1
2453 115 1
40 115 1
1263 115 1
233 115 1
3418 115 1
3148 115 1
2710 115 1
822 115 1
2554 115 1
2785 115 1
137 115 1
2976 115 1
2007 115 1
193 115 1
84 115 1
3141 115 1
3717 115 1
513 115 1
2235 115 1
2764 115 1
13 115 1
3385 115 1
3858 115 1
3223 115 1
2727 115 1
3678 115 1
3151 115 1
3217 115 1
1985 115 1
1857 115 1
1093 115 1
2697 115 1
1382 115 1
3466 115 1
900 115 1
2436 115 1
1065 115 1
1851 115 1
3334 115 1
2293 115 1
3612 115 1
2324 115 1
3010 115 1
441 115 1
3823 115 1
601 115 1
1927 115 1
503 115 1
1201 115 1
2094 115 1
3163 115 1
3748 115 1
2092 115 1
1568 115 1
1373 115 1
640 115 1
1299 115 1
3278 115 1
440 115 1
2197 115 1
3731 115 1
2151 115 1
3165 115 1
1585 115 1
869 115 1
1235 115 1
2731 115 1
2051 115 1
2242 115 1
2406 115 1
1515 115 1
118 115 1
197 115 1
3383 115 1
440 115 1
58 115 1
1973 115 1
41 115 1
2812 115 1
2771 115 1
3648 115 1
1540 115 1
3172 115 1
468 115 1
1713 115 1
828 115 1
2502 115 1
2995 115 1
982 115 1
1117 115 1
470 115 1
3101 115 1
1295 115 1
1214 115 1
1890 115 1
1852 115 1
319 115 1
2228 115 1
1935 115 1
3353 115 1
241 115 1
1371 115 1
3271 115 1
3103 115 1
2116 115 1
3002 115 1
675 115 1
3349 115 1
69 115 1
1071 115 1
3631 115 1
3693 115 1
3257 115 1
2782 115 1
2505 115 1
3545 115 1
2675 115 1
451 115 1
995 115 1
2492 115 1
3330 115 1
1075 115 1
1929 115 1
1925 115 1
2745 115 1
99 115 1
300 115 1
2923 115 1
148 115 1
785 115 1
3576 115 1
2619 115 1
218 115 1
3043 115 1
2732 115 1
1046 115 1
3110 115 1
1228 115 1
2201 115 1
3159 115 1
239 115 1
953 115 1
3456 115 1
3431 115 1
10 115 1
1011 115 1
1791 115 1
2727 115 1
1832 115 1
643 115 1
1299 115 1
740 115 1
2957 115 1
822 115 1
1888 115 1
2817 115 1
2632 115 1
2023 115 1
1027 115 1
3088 115 1
1270 115 1
2392 115 1
2999 115 1
3242 115 1
2302 115 1
244 115 1
2 115 1
1366 115 1
3011 115 1
143 115 1
1578 115 1
3363 115 1
3072 115 1
1824 115 1
632 115 1
488 115 1
3739 115 1
2303 115 1
2566 115 1
548 115 1
2066 115 1
3071 115 1
2053 115 1
2247 115 1
1583 115 1
2113 115 1
2100 115 1
3229 115 1
834 115 1
261 115 1
1713 115 1
3464 115 1
1301 115 1
3145 115 1
1244 115 1
1835 115 1
3280 115 1
160 115 1
2333 115 1
1123 115 1
1674 115 1
2127 115 1
3509 115 1
2789 115 1
8 115 1
3124 115 1
2827 115 1
1527 115 1
3154 115 1
3485 115 1
1613 115 1
325 115 1
3627 115 1
2374 115 1
2971 115 1
2005 115 1
3049 115 1
725 115 1
478 115 1
3300 115 1
758 115 1
2545 115 1
822 115 1
3728 115 1
2473 115 1
3432 115 1
3003 115 1
754 115 1
292 115 1
370 115 1
2302 115 1
1425 115 1
2255 115 1
1446 115 1
2738 115 1
1873 115 1
1660 115 1
2625 115 1
472 115 1
771 115 1
309 115 1
2103 115 1
488 115 1
2901 115 1
281 115 1
1315 115 1
1967 115 1
957 115 1
488 115 1
3188 115 1
3744 115 1
1393 115 1
883 115 1
985 115 1
1913 115 1
3799 115 1
1284 115 1
1777 115 1
1923 115 1
723 115 1
2902 115 1
1737 115 1
1783 116 1
1182 116 1
1702 116 1
1857 116 1
2985 116 1
2684 116 1
2002 116 1
2883 116 1
909 116 1
1006 116 1
1688 116 1
1829 116 1
2283 116 1
2715 116 1
183 116 1
1468 116 1
656 116 1
1164 116 1
1381 116 1
2377 116 1
12 116 1
2170 116 1
547 116 1
3432 116 1
2033 116 1
1284 116 1
1018 116 1
3382 116 1
2834 116 1
74 116 1
742 116 1
1828 116 1
531 116 1
54 116 1
2307 116 1
3582 116 1
2965 116 1
1452 116 1
1645 116 1
3634 116 1
1185 116 1
1687 116 1
3498 116 1
2023 116 1
1831 116 1
3818 116 1
1518 116 1
557 116 1
2465 116 1
884 116 1
3779 116 1
1465 116 1
2200 116 1
1845 116 1
76 116 1
429 116 1
986 116 1
344 116 1
3567 116 1
2826 116 1
2634 116 1
3046 116 1
3103 116 1
2245 116 1
2521 116 1
79 116 1
2536 116 1
2379 116 1
2938 116 1
1984 116 1
1887 116 1
3610 116 1
2883 116 1
611 116 1
2826 116 1
59 116 1
483 116 1
1481 116 1
2627 116 1
1798 116 1
524 116 1
228 116 1
3674 116 1
3166 116 1
808 116 1
3356 116 1
1989 116 1
2383 116 1
3808 116 1
48 116 1
1717 116 1
617 116 1
1281 116 1
503 116 1
3585 116 1
3153 116 1
2785 116 1
1479 116 1
3763 116 1
3859 116 1
2333 116 1
513 116 1
923 116 1
2262 116 1
3481 116 1
396 116 1
878 116 1
563 116 1
1176 116 1
1202 116 1
3060 116 1
3827 116 1
1997 116 1
950 116 1
3645 116 1
2818 116 1
1024 116 1
2979 116 1
1872 116 1
911 116 1
3753 116 1
3458 116 1
1506 116 1
2011 116 1
900 116 1
690 116 1
3656 116 1
2356 116 1
274 116 1
1529 116 1
951 116 1
1516 116 1
2936 116 1
968 116 1
2182 116 1
3711 116 1
205 116 1
370 116 1
1929 116 1
2503 116 1
1415 116 1
2496 116 1
1532 116 1
2639 116 1
1669 116 1
1702 116 1
2586 116 1
1604 116 1
2807 116 1
2545 116 1
279 116 1
2239 116 1
1686 116 1
2044 116 1
859 116 1
2718 116 1
2555 116 1
2030 116 1
2659 116 1
1917 116 1
1368 116 1
770 116 1
993 116 1
3220 116 1
3775 116 1
735 116 1
2808 116 1
2574 116 1
643 116 1
3015 116 1
1905 116 1
654 116 1
3459 116 1
581 116 1
2157 116 1
2204 116 1
220 116 1
250 116 1
3406 116 1
3475 116 1
394 116 1
709 116 1
1129 116 1
1264 116 1
1122 116 1
180 116 1
3577 116 1
1743 116 1
3118 116 1
2584 116 1
3158 116 1
3637 116 1
278 116 1
3148 116 1
1914 116 1
1791 116 1
1230 116 1
3109 116 1
222 116 1
637 116 1
3834 116 1
1609 116 1
1285 116 1
3149 116 1
995 116 1
1491 116 1
1973 116 1
518 116 1
2524 116 1
1153 116 1
1889 116 1
1950 116 1
2578 116 1
3369 116 1
1361 116 1
3212 116 1
730 116 1
2627 116 1
2845 116 1
2798 116 1
1136 116 1
772 116 1
1129 116 1
3213 116 1
1014 116 1
451 116 1
1073 116 1
2657 116 1
3031 116 1
538 116 1
3046 116 1
2067 116 1
472 116 1
2272 116 1
2377 116 1
1883 116 1
1679 116 1
976 116 1
3429 116 1
1806 116 1
1927 116 1
3423 116 1
1136 116 1
2160 116 1
1097 116 1
3138 116 1
234 116 1
383 116 1
813 116 1
1588 116 1
338 116 1
2341 116 1
2447 116 1
2249 116 1
2511 116 1
29 116 1
1196 116 1
236 116 1
1181 116 1
1529 116 1
3529 116 1
2944 116 1
2213 116 1
3799 116 1
1646 116 1
2779 116 1
3581 116 1
3590 116 1
1594 116 1
3149 116 1
3458 116 1
1526 116 1
3605 116 1
1753 116 1
1263 116 1
622 116 1
2025 116 1
2023 116 1
790 116 1
3036 116 1
2470 116 1
1523 116 1
628 116 1
3696 116 1
3144 116 1
2263 116 1
1217 116 1
3151 116 1
2780 116 1
1575 116 1
2481 116 1
759 116 1
421 116 1
2010 116 1
1293 116 1
1468 116 1
1275 116 1
3141 116 1
2006 116 1
1155 116 1
408 116 1
870 116 1
372 116 1
1039 116 1
3317 116 1
2429 116 1
14 116 1
2324 116 1
2156 116 1
1719 116 1
1871 116 1
1580 116 1
1459 116 1
2414 116 1
2918 116 1
2038 116 1
3458 116 1
2925 116 1
2481 116 1
18 116 1
510 116 1
1836 116 1
2288 116 1
3623 116 1
3628 116 1
2043 116 1
188 116 1
2257 116 1
2646 116 1
938 116 1
143 116 1
3026 116 1
267 116 1
1957 116 1
1709 116 1
1520 116 1
2945 116 1
2759 116 1
3507 116 1
3674 116 1
1697 116 1
365 116 1
2087 116 1
2081 116 1
855 116 1
1873 117 1
3502 117 1
353 117 1
1829 117 1
75 117 1
842 117 1
2713 117 1
3618 117 1
61 117 1
2430 117 1
3347 117 1
1468 117 1
1188 117 1
382 117 1
3441 117 1
2263 117 1
3503 117 1
717 117 1
1912 117 1
1896 117 1
1898 117 1
3348 117 1
642 117 1
3470 117 1
2933 117 1
2289 117 1
2802 117 1
156 117 1
1395 117 1
330 117 1
2353 117 1
3288 117 1
2483 117 1
3118 117 1
1315 117 1
3563 117 1
575 117 1
62 117 1
1122 117 1
345 117 1
1035 117 1
3616 117 1
1362 117 1
2889 117 1
2961 117 1
3316 117 1
3302 117 1
582 117 1
10 117 1
2488 117 1
3278 117 1
2161 117 1
3448 117 1
1464 117 1
382 117 1
2377 117 1
146 117 1
584 117 1
2825 117 1
2083 117 1
2908 117 1
3235 117 1
3205 117 1
941 117 1
3256 117 1
21 117 1
740 117 1
967 117 1
2411 117 1
1137 117 1
2158 117 1
424 117 1
1183 117 1
554 117 1
2040 117 1
3219 117 1
929 117 1
2935 117 1
2200 117 1
628 117 1
3829 117 1
189 117 1
1282 117 1
3019 117 1
1682 117 1
2933 117 1
2190 117 1
3116 117 1
1908 117 1
683 117 1
553 117 1
2439 117 1
2203 117 1
2944 117 1
2252 117 1
2966 117 1
439 117 1
848 117 1
2529 117 1
949 117 1
1555 117 1
3510 117 1
3790 117 1
2905 117 1
3809 117 1
3667 117 1
1062 117 1
3404 117 1
1109 117 1
1988 117 1
1283 117 1
1773 117 1
2394 117 1
3110 117 1
1583 117 1
1645 117 1
964 117 1
768 117 1
45 117 1
159 117 1
2454 117 1
1897 117 1
1172 117 1
3147 117 1
408 117 1
1282 117 1
2651 117 1
3535 117 1
2363 117 1
2706 117 1
2015 117 1
2720 117 1
3604 117 1
3755 117 1
664 117 1
1614 117 1
239 117 1
305 117 1
2493 117 1
3770 117 1
1207 117 1
3724 117 1
1526 117 1
2917 117 1
3379 117 1
2038 117 1
1086 117 1
1725 117 1
1622 117 1
740 117 1
2468 117 1
2518 117 1
28 117 1
2082 117 1
2408 117 1
1897 117 1
3714 117 1
584 117 1
2457 117 1
86 117 1
2785 117 1
2003 117 1
704 117 1
3800 117 1
3637 117 1
829 117 1
2943 117 1
1538 117 1
597 117 1
1922 117 1
703 117 1
2817 117 1
634 117 1
2668 117 1
1186 117 1
2768 117 1
2862 117 1
1810 117 1
3855 117 1
1489 117 1
2015 117 1
2513 117 1
3451 117 1
1261 117 1
1035 117 1
1072 117 1
633 117 1
808 117 1
3194 117 1
2194 117 1
3811 117 1
578 117 1
2462 117 1
776 117 1
263 117 1
3179 117 1
3112 117 1
895 117 1
3310 117 1
1301 117 1
400 117 1
2992 117 1
1357 117 1
510 117 1
78 117 1
3796 117 1
997 117 1
268 117 1
1919 117 1
368 117 1
3240 117 1
830 117 1
2411 117 1
2477 117 1
2954 117 1
3842 117 1
383 117 1
2849 117 1
3803 117 1
1992 117 1
2090 117 1
1659 117 1
591 117 1
2302 117 1
3052 117 1
3463 117 1
1212 117 1
3076 117 1
2933 117 1
996 117 1
2827 117 1
515 117 1
3156 117 1
1942 117 1
400 117 1
2933 117 1
2209 117 1
2902 117 1
1120 117 1
1751 117 1
1360 117 1
2880 117 1
76 117 1
3122 117 1
1116 117 1
1235 117 1
1236 117 1
504 117 1
2867 117 1
2523 117 1
223 117 1
1488 117 1
12 117 1
582 117 1
2722 117 1
2260 117 1
3316 117 1
2481 117 1
1255 117 1
3178 117 1
997 117 1
1944 117 1
2986 117 1
967 117 1
3465 117 1
3689 117 1
3347 117 1
1725 117 1
2249 117 1
1621 117 1
2512 117 1
3568 117 1
3044 117 1
858 117 1
3023 117 1
872 117 1
2112 117 1
1330 117 1
3834 117 1
2445 117 1
283 117 1
74 117 1
1275 117 1
1445 117 1
3162 117 1
386 117 1
110 117 1
1930 117 1
950 117 1
3110 117 1
2807 117 1
1962 117 1
803 117 1
1399 117 1
1674 117 1
3578 117 1
3220 117 1
2850 117 1
3288 117 1
1474 117 1
771 117 1
3748 117 1
1852 117 1
197 117 1
1628 117 1
3661 117 1
2137 117 1
2157 117 1
2993 117 1
1089 117 1
2210 117 1
2776 117 1
2935 117 1
3376 117 1
2833 117 1
995 117 1
54 117 1
3346 117 1
1359 117 1
1649 117 1
1784 117 1
1321 117 1
1807 117 1
628 117 1
1163 117 1
1909 117 1
234 117 1
1385 117 1
1036 117 1
2475 117 1
2655 117 1
3792 117 1
3854 117 1
1937 117 1
3137 117 1
1962 117 1
1357 117 1
1977 117 1
3266 117 1
3002 117 1
1323 117 1
3265 117 1
1824 117 1
1995 117 1
545 117 1
2475 118 1
1610 118 1
227 118 1
2054 118 1
3254 118 1
897 118 1
1416 118 1
2230 118 1
1642 118 1
3711 118 1
1549 118 1
3522 118 1
2934 118 1
125 118 1
2860 118 1
1111 118 1
2701 118 1
2800 118 1
2487 118 1
1685 118 1
3038 118 1
770 118 1
1522 118 1
2301 118 1
69 118 1
2278 118 1
2535 118 1
2831 118 1
1898 118 1
3468 118 1
205 118 1
484 118 1
3140 118 1
1698 118 1
350 118 1
770 118 1
1910 118 1
2374 118 1
1523 118 1
1658 118 1
2667 118 1
2808 118 1
2103 118 1
2982 118 1
1159 118 1
2079 118 1
1260 118 1
1208 118 1
1469 118 1
3414 118 1
144 118 1
2291 118 1
2874 118 1
3441 118 1
1714 118 1
3428 118 1
2949 118 1
2456 118 1
1308 118 1
2675 118 1
3469 118 1
349 118 1
198 118 1
2988 118 1
2917 118 1
2194 118 1
939 118 1
1181 118 1
642 118 1
3155 118 1
3158 118 1
2562 118 1
262 118 1
581 118 1
3592 118 1
2586 118 1
2249 118 1
2381 118 1
3837 118 1
499 118 1
3505 118 1
2732 118 1
3604 118 1
220 118 1
2021 118 1
1313 118 1
1001 118 1
387 118 1
730 118 1
916 118 1
2290 118 1
2697 118 1
555 118 1
2224 118 1
451 118 1
2641 118 1
2003 118 1
973 118 1
1541 118 1
2201 118 1
1321 118 1
1695 118 1
2806 118 1
3561 118 1
1402 118 1
956 118 1
1972 118 1
3224 118 1
3582 118 1
2752 118 1
537 118 1
2303 118 1
1833 118 1
135 118 1
3068 118 1
2157 118 1
99 118 1
1891 118 1
1396 118 1
3653 118 1
3497 118 1
1883 118 1
3396 118 1
1802 118 1
2551 118 1
2085 118 1
1841 118 1
348 118 1
951 118 1
791 118 1
438 118 1
3639 118 1
2856 118 1
207 118 1
3705 118 1
3792 118 1
3043 118 1
3579 118 1
3519 118 1
3756 118 1
2185 118 1
2910 118 1
1895 118 1
177 118 1
2949 118 1
1072 118 1
1964 118 1
2163 118 1
122 118 1
2593 118 1
128 118 1
478 118 1
3271 118 1
2985 118 1
3376 118 1
3529 118 1
2239 118 1
484 118 1
2778 118 1
3293 118 1
3161 118 1
3253 118 1
787 118 1
256 118 1
1801 118 1
2000 118 1
2268 118 1
1218 118 1
3597 118 1
114 118 1
2064 118 1
2969 118 1
958 118 1
1319 118 1
408 118 1
3164 118 1
1003 118 1
2812 118 1
2318 118 1
1356 118 1
3768 118 1
928 118 1
3530 118 1
1934 118 1
2273 118 1
2343 118 1
694 118 1
2601 118 1
3142 118 1
1987 118 1
1174 118 1
2661 118 1
3528 118 1
1467 118 1
3436 118 1
2507 118 1
2576 118 1
1071 118 1
15 118 1
2648 118 1
2164 118 1
104 118 1
750 118 1
1269 118 1
3396 118 1
2140 118 1
1670 118 1
1465 118 1
114 118 1
1944 118 1
2177 118 1
1331 118 1
732 118 1
3009 118 1
3821 118 1
1819 118 1
2152 118 1
1449 118 1
2167 118 1
1656 118 1
2555 118 1
2531 118 1
3837 118 1
1243 118 1
768 118 1
3029 118 1
3652 118 1
1423 118 1
1984 118 1
397 118 1
2837 118 1
3619 118 1
2854 118 1
1524 118 1
1249 118 1
752 118 1
800 118 1
2647 118 1
838 118 1
898 118 1
2295 118 1
212 118 1
1325 118 1
2218 118 1
2408 118 1
53 118 1
159 118 1
2575 118 1
2248 118 1
2526 118 1
749 118 1
2178 118 1
2100 118 1
1183 118 1
933 118 1
1593 118 1
3623 118 1
158 118 1
2817 118 1
969 118 1
2958 118 1
3312 118 1
2661 118 1
2780 118 1
1577 118 1
2932 118 1
2910 118 1
1438 118 1
433 118 1
2837 118 1
3409 118 1
954 118 1
2090 118 1
2642 118 1
1111 118 1
3855 118 1
565 118 1
3735 118 1
2759 118 1
3001 118 1
1383 118 1
3657 118 1
494 118 1
915 118 1
77 118 1
1781 118 1
75 118 1
2124 118 1
190 118 1
2275 118 1
2638 118 1
2120 118 1
640 118 1
3251 118 1
2181 118 1
3400 118 1
1383 118 1
84 118 1
720 118 1
143 118 1
1960 118 1
1728 118 1
1961 118 1
2784 118 1
3557 118 1
3634 118 1
2372 118 1
3501 118 1
1169 118 1
1380 118 1
1621 118 1
967 118 1
1381 118 1
1409 118 1
2048 118 1
2179 118 1
1563 118 1
3465 118 1
258 118 1
1956 118 1
1133 118 1
3806 118 1
1912 118 1
465 118 1
3323 118 1
3081 118 1
2283 118 1
2409 118 1
2591 118 1
112 118 1
2936 118 1
3632 118 1
201 118 1
2388 118 1
3589 118 1
1712 118 1
289 118 1
3310 118 1
2630 118 1
1981 118 1
1999 118 1
943 118 1
2233 118 1
3440 118 1
1228 118 1
2039 119 1
1836 119 1
1806 119 1
2789 119 1
3806 119 1
327 119 1
1576 119 1
29 119 1
948 119 1
1160 119 1
3528 119 1
2153 119 1
3023 119 1
1840 119 1
2499 119 1
715 119 1
2185 119 1
360 119 1
3817 119 1
3055 119 1
2657 119 1
174 119 1
2062 119 1
617 119 1
3346 119 1
356 119 1
1292 119 1
2277 119 1
1549 119 1
2914 119 1
157 119 1
710 119 1
1562 119 1
1071 119 1
2398 119 1
2091 119 1
1780 119 1
441 119 1
3231 119 1
1581 119 1
2924 119 1
1742 119 1
1784 119 1
1380 119 1
457 119 1
346 119 1
3415 119 1
3758 119 1
3072 119 1
3142 119 1
3426 119 1
2172 119 1
3421 119 1
3350 119 1
1211 119 1
370 119 1
63 119 1
964 119 1
1828 119 1
2615 119 1
1638 119 1
1354 119 1
783 119 1
918 119 1
389 119 1
430 119 1
3713 119 1
2123 119 1
2283 119 1
3503 119 1
23 119 1
1379 119 1
3598 119 1
1627 119 1
2400 119 1
1773 119 1
542 119 1
3188 119 1
1741 119 1
3426 119 1
2804 119 1
919 119 1
3061 119 1
1348 119 1
1010 119 1
1424 119 1
2330 119 1
3462 119 1
3618 119 1
2547 119 1
3126 119 1
3399 119 1
3716 119 1
2133 119 1
684 119 1
749 119 1
3592 119 1
2596 119 1
3693 119 1
2687 119 1
2394 119 1
434 119 1
2886 119 1
2935 119 1
714 119 1
2939 119 1
2669 119 1
3341 119 1
1921 119 1
806 119 1
2475 119 1
1641 119 1
609 119 1
2238 119 1
3809 119 1
1172 119 1
1840 119 1
3031 119 1
574 119 1
1530 119 1
2179 119 1
3297 119 1
3592 119 1
2426 119 1
2580 119 1
79 119 1
2799 119 1
1399 119 1
2207 119 1
2915 119 1
580 119 1
3668 119 1
31 119 1
124 119 1
464 119 1
3446 119 1
3555 119 1
1448 119 1
3582 119 1
599 119 1
6 119 1
3143 119 1
560 119 1
3468 119 1
413 119 1
3447 119 1
2927 119 1
1461 119 1
3476 119 1
3540 119 1
2420 119 1
7 119 1
1832 119 1
3144 119 1
2995 119 1
3740 119 1
2750 119 1
615 119 1
3131 119 1
2772 119 1
453 119 1
2166 119 1
2145 119 1
2248 119 1
3738 119 1
3234 119 1
2651 119 1
3603 119 1
2848 119 1
2118 119 1
1860 119 1
1313 119 1
1785 119 1
606 119 1
3653 119 1
2164 119 1
3576 119 1
2314 119 1
2698 119 1
1888 119 1
241 119 1
172 119 1
1235 119 1
552 119 1
3299 119 1
825 119 1
1308 119 1
1118 119 1
2069 119 1
917 119 1
52 119 1
455 119 1
2915 119 1
2637 119 1
2716 119 1
3124 119 1
375 119 1
24 119 1
2172 119 1
26 119 1
2041 119 1
1676 119 1
1932 119 1
1546 119 1
136 119 1
72 119 1
2265 119 1
1724 119 1
138 119 1
2603 119 1
2980 119 1
1015 119 1
416 119 1
379 119 1
3774 119 1
122 119 1
2214 119 1
2733 119 1
499 119 1
3543 119 1
2907 119 1
2743 119 1
3614 119 1
3794 119 1
921 119 1
1377 119 1
2655 119 1
3277 119 1
501 119 1
3375 119 1
146 119 1
475 119 1
256 119 1
337 119 1
140 119 1
329 119 1
3261 119 1
2874 119 1
2573 119 1
1359 119 1
2702 119 1
854 119 1
3766 119 1
1759 119 1
1208 119 1
52 119 1
882 119 1
3806 119 1
119 119 1
989 119 1
1824 119 1
412 119 1
1832 119 1
3230 119 1
3779 119 1
503 119 1
2813 119 1
3559 119 1
3392 119 1
3814 119 1
1493 119 1
413 119 1
327 119 1
3061 119 1
3172 119 1
268 119 1
1505 119 1
2495 119 1
2989 119 1
3524 119 1
1748 119 1
3108 119 1
2863 119 1
1481 119 1
2524 119 1
3064 119 1
2576 119 1
2923 119 1
3800 119 1
3141 119 1
138 119 1
1030 119 1
2761 119 1
1910 119 1
260 119 1
218 119 1
3814 119 1
793 119 1
381 119 1
2950 119 1
2844 119 1
227 119 1
3500 119 1
492 119 1
3697 119 1
335 119 1
135 119 1
2481 119 1
1007 119 1
1007 119 1
2281 119 1
3546 119 1
2450 119 1
1386 119 1
2448 119 1
625 119 1
404 119 1
86 119 1
1489 119 1
357 119 1
1071 119 1
3463 119 1
1572 119 1
2274 119 1
3815 119 1
1488 119 1
1909 119 1
488 119 1
1971 119 1
424 119 1
617 119 1
1988 119 1
1748 119 1
445 119 1
3676 119 1
1943 119 1
3090 119 1
217 119 1
1328 119 1
3051 119 1
1747 119 1
3743 119 1
707 119 1
3122 119 1
1539 119 1
3481 119 1
3344 119 1
1947 119 1
3469 119 1
444 119 1
3654 119 1
1482 119 1
1851 119 1
209 119 1
1046 119 1
2890 120 1
1212 120 1
1909 120 1
1240 120 1
1880 120 1
356 120 1
2713 120 1
3352 120 1
3387 120 1
522 120 1
920 120 1
3636 120 1
815 120 1
3463 120 1
3708 120 1
1577 120 1
3322 120 1
1369 120 1
730 120 1
2031 120 1
509 120 1
545 120 1
1955 120 1
1841 120 1
3401 120 1
1924 120 1
93 120 1
3359 120 1
3712 120 1
933 120 1
1209 120 1
238 120 1
2844 120 1
1888 120 1
2327 120 1
1355 120 1
3570 120 1
2581 120 1
98 120 1
2498 120 1
1508 120 1
939 120 1
2118 120 1
3713 120 1
3126 120 1
2906 120 1
2271 120 1
2568 120 1
1503 120 1
2240 120 1
285 120 1
2907 120 1
948 120 1
2672 120 1
2446 120 1
2336 120 1
1489 120 1
3652 120 1
3771 120 1
3302 120 1
3243 120 1
1166 120 1
2544 120 1
2781 120 1
3378 120 1
3608 120 1
3030 120 1
1354 120 1
505 120 1
1063 120 1
222 120 1
3465 120 1
1427 120 1
3039 120 1
1516 120 1
729 120 1
2272 120 1
1031 120 1
1028 120 1
482 120 1
1671 120 1
2282 120 1
1312 120 1
1279 120 1
2299 120 1
1617 120 1
1133 120 1
2369 120 1
2964 120 1
2447 120 1
2905 120 1
2765 120 1
1029 120 1
3554 120 1
3839 120 1
2254 120 1
760 120 1
2446 120 1
1769 120 1
3324 120 1
3082 120 1
3021 120 1
1442 120 1
1247 120 1
1113 120 1
950 120 1
2355 120 1
3794 120 1
365 120 1
3615 120 1
3495 120 1
2455 120 1
1796 120 1
1970 120 1
702 120 1
3523 120 1
2238 120 1
315 120 1
2602 120 1
3019 120 1
3713 120 1
505 120 1
2138 120 1
672 120 1
1104 120 1
3279 120 1
971 120 1
1884 120 1
3842 120 1
2473 120 1
2041 120 1
1865 120 1
2772 120 1
769 120 1
337 120 1
760 120 1
1026 120 1
1305 120 1
1771 120 1
82 120 1
3015 120 1
556 120 1
269 120 1
179 120 1
3628 120 1
222 120 1
251 120 1
3050 120 1
384 120 1
1165 120 1
1619 120 1
2526 120 1
1303 120 1
1365 120 1
3047 120 1
1865 120 1
1256 120 1
2257 120 1
3298 120 1
1184 120 1
1340 120 1
1545 120 1
167 120 1
3632 120 1
505 120 1
3208 120 1
1802 120 1
53 120 1
2638 120 1
515 120 1
1580 120 1
1231 120 1
2862 120 1
486 120 1
2325 120 1
1741 120 1
246 120 1
104 120 1
1063 120 1
2298 120 1
63 120 1
836 120 1
2228 120 1
1334 120 1
612 120 1
2998 120 1
2927 120 1
3084 120 1
3529 120 1
49 120 1
1524 120 1
1695 120 1
1088 120 1
2567 120 1
2820 120 1
1710 120 1
2710 120 1
349 120 1
121 120 1
198 120 1
2954 120 1
3405 120 1
1914 120 1
1269 120 1
294 120 1
972 120 1
3658 120 1
2572 120 1
2374 120 1
3204 120 1
2592 120 1
299 120 1
3856 120 1
3439 120 1
2317 120 1
2769 120 1
1737 120 1
1197 120 1
3385 120 1
1017 120 1
180 120 1
1018 120 1
755 120 1
2002 120 1
495 120 1
3513 120 1
2084 120 1
2721 120 1
3047 120 1
1515 120 1
1069 120 1
852 120 1
3012 120 1
3095 120 1
2535 120 1
2631 120 1
1037 120 1
3585 120 1
2829 120 1
2953 120 1
3553 120 1
538 120 1
283 120 1
1964 120 1
2859 120 1
2375 120 1
234 120 1
1303 120 1
3666 120 1
1668 120 1
1013 120 1
1766 120 1
1829 120 1
1905 120 1
307 120 1
3495 120 1
257 120 1
133 120 1
916 120 1
1350 120 1
1912 120 1
1174 120 1
2456 120 1
22 120 1
3117 120 1
2025 120 1
2965 120 1
1239 120 1
37 120 1
113 120 1
2748 120 1
2547 120 1
223 120 1
1308 120 1
3380 120 1
2321 120 1
209 120 1
2404 120 1
3499 120 1
724 120 1
532 120 1
2034 120 1
3694 120 1
1937 120 1
894 120 1
2263 120 1
466 120 1
404 120 1
3116 120 1
1185 120 1
933 120 1
786 120 1
2093 120 1
558 120 1
2217 120 1
2872 120 1
678 120 1
3407 120 1
3827 120 1
1554 120 1
2669 120 1
8 120 1
602 120 1
1521 120 1
848 120 1
85 120 1
544 120 1
3211 120 1
2498 120 1
599 120 1
1299 120 1
2394 120 1
1403 120 1
918 120 1
957 120 1
3820 120 1
26 120 1
760 120 1
1113 120 1
2228 120 1
3472 120 1
3017 120 1
2733 120 1
1236 120 1
1703 120 1
296 120 1
2305 120 1
1969 120 1
1737 120 1
284 120 1
553 120 1
3061 120 1
183 120 1
1686 120 1
2263 120 1
3296 120 1
575 120 1
1545 120 1
2981 120 1
3087 120 1
3083 120 1
2237 120 1
539 120 1
3791 120 1
778 120 1
1295 121 1
3358 121 1
969 121 1
1999 121 1
2030 121 1
2280 121 1
615 121 1
1789 121 1
2268 121 1
342 121 1
3004 121 1
996 121 1
2290 121 1
1300 121 1
2784 121 1
1926 121 1
307 121 1
2601 121 1
1174 121 1
1994 121 1
2560 121 1
1520 121 1
496 121 1
2346 121 1
1830 121 1
2331 121 1
2244 121 1
2425 121 1
1439 121 1
709 121 1
3021 121 1
810 121 1
1918 121 1
905 121 1
1642 121 1
3373 121 1
1829 121 1
2586 121 1
2242 121 1
2265 121 1
532 121 1
1076 121 1
711 121 1
1764 121 1
1948 121 1
2299 121 1
1438 121 1
2804 121 1
1794 121 1
526 121 1
292 121 1
2941 121 1
1160 121 1
815 121 1
3185 121 1
3826 121 1
2163 121 1
3125 121 1
314 121 1
597 121 1
222 121 1
1964 121 1
1668 121 1
552 121 1
1664 121 1
2244 121 1
404 121 1
412 121 1
1277 121 1
2052 121 1
2652 121 1
2635 121 1
3394 121 1
2631 121 1
3038 121 1
2888 121 1
1199 121 1
1154 121 1
1714 121 1
592 121 1
1334 121 1
2053 121 1
2708 121 1
3437 121 1
2249 121 1
3446 121 1
503 121 1
1108 121 1
187 121 1
1812 121 1
3832 121 1
2025 121 1
1205 121 1
1006 121 1
3674 121 1
995 121 1
2192 121 1
3592 121 1
2911 121 1
3607 121 1
3025 121 1
2187 121 1
1827 121 1
328 121 1
2464 121 1
2578 121 1
373 121 1
1011 121 1
1552 121 1
3555 121 1
730 121 1
3636 121 1
1749 121 1
943 121 1
1824 121 1
1600 121 1
817 121 1
1745 121 1
2344 121 1
1664 121 1
2487 121 1
738 121 1
820 121 1
1225 121 1
537 121 1
2440 121 1
2214 121 1
2540 121 1
2163 121 1
3109 121 1
3530 121 1
2465 121 1
622 121 1
2118 121 1
2690 121 1
3093 121 1
3729 121 1
122 121 1
3072 121 1
1974 121 1
1401 121 1
2055 121 1
1964 121 1
2883 121 1
121 121 1
1290 121 1
3620 121 1
2482 121 1
3018 121 1
976 121 1
1789 121 1
3304 121 1
945 121 1
3237 121 1
1454 121 1
1632 121 1
2401 121 1
1656 121 1
2676 121 1
2720 121 1
706 121 1
708 121 1
627 121 1
1226 121 1
353 121 1
119 121 1
2175 121 1
1875 121 1
3512 121 1
2124 121 1
2609 121 1
2077 121 1
2067 121 1
739 121 1
2383 121 1
3806 121 1
1708 121 1
2973 121 1
3625 121 1
1703 121 1
1626 121 1
1117 121 1
2844 121 1
2644 121 1
3653 121 1
2535 121 1
823 121 1
813 121 1
737 121 1
593 121 1
1553 121 1
2441 121 1
3136 121 1
3102 121 1
556 121 1
325 121 1
687 121 1
157 121 1
834 121 1
1440 121 1
798 121 1
1083 121 1
1350 121 1
1676 121 1
719 121 1
3562 121 1
2488 121 1
2921 121 1
3748 121 1
2141 121 1
2630 121 1
3513 121 1
1602 121 1
13 121 1
2009 121 1
3192 121 1
524 121 1
2359 121 1
2437 121 1
1893 121 1
2673 121 1
3539 121 1
1127 121 1
2080 121 1
3109 121 1
3531 121 1
421 121 1
939 121 1
2261 121 1
368 121 1
1467 121 1
933 121 1
400 121 1
594 121 1
16 121 1
3397 121 1
1443 121 1
1719 121 1
1926 121 1
1405 121 1
1537 121 1
3017 121 1
1494 121 1
886 121 1
306 121 1
1976 121 1
3837 121 1
290 121 1
154 121 1
2606 121 1
1534 121 1
2361 121 1
2525 121 1
2365 121 1
3254 121 1
3830 121 1
401 121 1
1040 121 1
3107 121 1
2001 121 1
3509 121 1
1732 121 1
2208 121 1
3755 121 1
3158 121 1
2361 121 1
3183 121 1
3456 121 1
2168 121 1
3635 121 1
2589 121 1
3228 121 1
290 121 1
2720 121 1
1134 121 1
2868 121 1
2135 121 1
1743 121 1
542 121 1
3355 121 1
2067 121 1
3824 121 1
2883 121 1
3327 121 1
3685 121 1
2895 121 1
420 121 1
2493 121 1
1567 121 1
1485 121 1
3061 121 1
755 121 1
3330 121 1
3837 121 1
252 121 1
10 121 1
1985 121 1
644 121 1
1586 121 1
2691 121 1
2986 121 1
68 121 1
2946 121 1
2836 121 1
2803 121 1
572 121 1
1434 121 1
1504 121 1
3189 121 1
2448 121 1
2254 121 1
3271 121 1
3378 121 1
2185 121 1
3615 121 1
713 121 1
1620 121 1
511 121 1
1113 121 1
90 121 1
550 121 1
1291 121 1
3483 121 1
1945 121 1
2642 121 1
3583 121 1
1466 121 1
2150 121 1
1466 121 1
669 121 1
2391 121 1
2861 121 1
437 121 1
2110 121 1
1568 121 1
1008 121 1
3292 121 1
1143 121 1
1519 121 1
3398 121 1
3082 121 1
664 121 1
3774 121 1
1206 121 1
3700 121 1
3405 122 1
999 122 1
3553 122 1
142 122 1
3483 122 1
3473 122 1
393 122 1
2723 122 1
522 122 1
2465 122 1
3401 122 1
2650 122 1
1647 122 1
3266 122 1
3247 122 1
3386 122 1
2922 122 1
3037 122 1
3402 122 1
20 122 1
157 122 1
1358 122 1
1456 122 1
3829 122 1
2961 122 1
3835 122 1
1437 122 1
2577 122 1
2736 122 1
1571 122 1
3453 122 1
766 122 1
3025 122 1
1586 122 1
3634 122 1
2468 122 1
239 122 1
965 122 1
2799 122 1
239 122 1
1654 122 1
211 122 1
1795 122 1
3496 122 1
1757 122 1
3043 122 1
391 122 1
2482 122 1
1578 122 1
1472 122 1
3714 122 1
1874 122 1
3285 122 1
3639 122 1
3026 122 1
3341 122 1
3366 122 1
1714 122 1
127 122 1
3511 122 1
1589 122 1
2976 122 1
824 122 1
2926 122 1
3357 122 1
3036 122 1
782 122 1
2090 122 1
3703 122 1
3720 122 1
128 122 1
1576 122 1
1390 122 1
1677 122 1
226 122 1
3138 122 1
886 122 1
2460 122 1
3076 122 1
275 122 1
1913 122 1
3284 122 1
248 122 1
2642 122 1
2435 122 1
1101 122 1
1675 122 1
1055 122 1
1022 122 1
2645 122 1
1560 122 1
2755 122 1
855 122 1
396 122 1
2873 122 1
45 122 1
778 122 1
1321 122 1
3219 122 1
3612 122 1
3698 122 1
429 122 1
2443 122 1
3353 122 1
3145 122 1
385 122 1
1281 122 1
550 122 1
1848 122 1
2614 122 1
3082 122 1
514 122 1
3694 122 1
70 122 1
858 122 1
1397 122 1
1237 122 1
510 122 1
2941 122 1
2744 122 1
205 122 1
1653 122 1
3055 122 1
692 122 1
2086 122 1
2364 122 1
2339 122 1
1104 122 1
896 122 1
3310 122 1
1677 122 1
1967 122 1
2906 122 1
1144 122 1
1919 122 1
3576 122 1
3313 122 1
2700 122 1
3808 122 1
2792 122 1
193 122 1
328 122 1
2710 122 1
1674 122 1
3431 122 1
499 122 1
2328 122 1
3110 122 1
3555 122 1
1271 122 1
2667 122 1
499 122 1
3461 122 1
981 122 1
103 122 1
846 122 1
1350 122 1
478 122 1
2665 122 1
2298 122 1
2022 122 1
2805 122 1
1536 122 1
135 122 1
2741 122 1
2777 122 1
3204 122 1
1855 122 1
3845 122 1
2950 122 1
414 122 1
1340 122 1
847 122 1
1932 122 1
505 122 1
938 122 1
396 122 1
905 122 1
2067 122 1
1779 122 1
951 122 1
2215 122 1
2174 122 1
3059 122 1
3022 122 1
3038 122 1
850 122 1
3390 122 1
142 122 1
2747 122 1
2130 122 1
3074 122 1
858 122 1
275 122 1
21 122 1
3128 122 1
1375 122 1
3628 122 1
2307 122 1
719 122 1
705 122 1
130 122 1
150 122 1
331 122 1
1926 122 1
3180 122 1
2095 122 1
1040 122 1
138 122 1
2184 122 1
3313 122 1
3287 122 1
2632 122 1
3040 122 1
1023 122 1
941 122 1
2403 122 1
285 122 1
317 122 1
3386 122 1
3824 122 1
1622 122 1
1657 122 1
2497 122 1
3279 122 1
1812 122 1
2693 122 1
785 122 1
1853 122 1
1579 122 1
2626 122 1
2009 122 1
2144 122 1
2764 122 1
895 122 1
2275 122 1
2239 122 1
2045 122 1
771 122 1
1543 122 1
2740 122 1
1239 122 1
2924 122 1
773 122 1
2338 122 1
2123 122 1
3185 122 1
2663 122 1
1195 122 1
3066 122 1
3637 122 1
78 122 1
3190 122 1
840 122 1
3843 122 1
3797 122 1
2897 122 1
3262 122 1
728 122 1
987 122 1
481 122 1
3745 122 1
983 122 1
2068 122 1
2422 122 1
1797 122 1
2805 122 1
3389 122 1
1833 122 1
2894 122 1
245 122 1
1957 122 1
353 122 1
2866 122 1
307 122 1
194 122 1
3323 122 1
3208 122 1
2327 122 1
3208 122 1
3274 122 1
180 122 1
2917 122 1
3079 122 1
3581 122 1
262 122 1
2277 122 1
32 122 1
3631 122 1
2588 122 1
982 122 1
836 122 1
2818 122 1
2424 122 1
1181 122 1
2605 122 1
3367 122 1
2118 122 1
2719 122 1
2371 122 1
3636 122 1
1205 122 1
2557 122 1
3450 122 1
3531 122 1
2265 122 1
2692 122 1
3540 122 1
2371 122 1
2132 122 1
356 122 1
2237 122 1
933 122 1
1059 122 1
3090 122 1
1094 122 1
1445 122 1
3467 122 1
3086 122 1
3816 122 1
3185 122 1
2009 122 1
946 122 1
1292 122 1
1645 122 1
2774 122 1
3073 122 1
1881 122 1
3451 122 1
1863 122 1
2502 122 1
1932 122 1
975 122 1
1470 122 1
543 122 1
1435 122 1
1240 122 1
1673 122 1
3058 122 1
3357 122 1
1658 122 1
766 122 1
1856 122 1
2545 122 1
3714 122 1
2371 123 1
2940 123 1
33 123 1
2719 123 1
2818 123 1
867 123 1
3264 123 1
2210 123 1
1314 123 1
2990 123 1
755 123 1
3261 123 1
2505 123 1
3328 123 1
3584 123 1
3157 123 1
644 123 1
2178 123 1
3255 123 1
2328 123 1
2325 123 1
424 123 1
2950 123 1
1358 123 1
1025 123 1
973 123 1
2189 123 1
1450 123 1
3753 123 1
1894 123 1
2128 123 1
1009 123 1
2116 123 1
2663 123 1
1558 123 1
3622 123 1
3366 123 1
2318 123 1
229 123 1
3372 123 1
1674 123 1
3007 123 1
75 123 1
3332 123 1
130 123 1
170 123 1
929 123 1
1434 123 1
3417 123 1
235 123 1
1264 123 1
1153 123 1
861 123 1
598 123 1
2656 123 1
2956 123 1
1623 123 1
969 123 1
616 123 1
3153 123 1
909 123 1
1879 123 1
3214 123 1
153 123 1
2328 123 1
1445 123 1
927 123 1
1495 123 1
1604 123 1
296 123 1
2214 123 1
3539 123 1
940 123 1
916 123 1
270 123 1
1444 123 1
1511 123 1
2531 123 1
2972 123 1
309 123 1
2148 123 1
752 123 1
3396 123 1
700 123 1
728 123 1
3052 123 1
1871 123 1
2618 123 1
3721 123 1
2187 123 1
1186 123 1
1305 123 1
3795 123 1
670 123 1
2247 123 1
2213 123 1
315 123 1
2218 123 1
173 123 1
198 123 1
153 123 1
918 123 1
3159 123 1
617 123 1
2215 123 1
1716 123 1
1630 123 1
3577 123 1
3101 123 1
335 123 1
1914 123 1
552 123 1
988 123 1
1974 123 1
2043 123 1
43 123 1
2790 123 1
80 123 1
470 123 1
999 123 1
2897 123 1
2213 123 1
2236 123 1
3821 123 1
2834 123 1
1972 123 1
1908 123 1
2253 123 1
2117 123 1
421 123 1
87 123 1
1358 123 1
841 123 1
644 123 1
2002 123 1
2421 123 1
566 123 1
2347 123 1
2800 123 1
1943 123 1
3757 123 1
3599 123 1
2525 123 1
2263 123 1
2913 123 1
259 123 1
3818 123 1
513 123 1
2790 123 1
1198 123 1
300 123 1
2171 123 1
2291 123 1
3612 123 1
954 123 1
1090 123 1
357 123 1
2134 123 1
3025 123 1
549 123 1
3099 123 1
2530 123 1
1613 123 1
3699 123 1
3471 123 1
336 123 1
525 123 1
3250 123 1
2215 123 1
2763 123 1
2888 123 1
410 123 1
1664 123 1
511 123 1
3272 123 1
1151 123 1
2058 123 1
814 123 1
2580 123 1
3130 123 1
637 123 1
1822 123 1
666 123 1
160 123 1
2368 123 1
611 123 1
3526 123 1
3107 123 1
155 123 1
885 123 1
3165 123 1
564 123 1
3635 123 1
398 123 1
1437 123 1
2670 123 1
3152 123 1
533 123 1
731 123 1
2044 123 1
928 123 1
2692 123 1
2458 123 1
336 123 1
197 123 1
317 123 1
1272 123 1
1796 123 1
3691 123 1
1931 123 1
2335 123 1
58 123 1
2623 123 1
3685 123 1
2749 123 1
1379 123 1
1354 123 1
771 123 1
1815 123 1
1021 123 1
450 123 1
3754 123 1
2997 123 1
1593 123 1
2363 123 1
368 123 1
1902 123 1
1852 123 1
368 123 1
1986 123 1
1223 123 1
1758 123 1
2875 123 1
1625 123 1
2115 123 1
3602 123 1
3004 123 1
2414 123 1
1003 123 1
137 123 1
708 123 1
715 123 1
3303 123 1
3701 123 1
71 123 1
1696 123 1
1525 123 1
2070 123 1
166 123 1
3381 123 1
2370 123 1
2753 123 1
102 123 1
1138 123 1
3562 123 1
2169 123 1
3238 123 1
3778 123 1
1407 123 1
3527 123 1
3827 123 1
584 123 1
3108 123 1
3481 123 1
3116 123 1
2775 123 1
60 123 1
1800 123 1
2124 123 1
376 123 1
1667 123 1
2645 123 1
860 123 1
2331 123 1
1574 123 1
2714 123 1
3496 123 1
2799 123 1
2544 123 1
1918 123 1
1121 123 1
1728 123 1
90 123 1
1873 123 1
2805 123 1
1637 123 1
2221 123 1
952 123 1
156 123 1
886 123 1
3421 123 1
2713 123 1
2984 123 1
2762 123 1
2233 123 1
1115 123 1
2345 123 1
662 123 1
2806 123 1
1053 123 1
3758 123 1
1375 123 1
479 123 1
957 123 1
3789 123 1
434 123 1
1006 123 1
3039 123 1
1050 123 1
1304 123 1
788 123 1
1346 123 1
3848 123 1
2178 123 1
3482 123 1
1312 123 1
1799 123 1
820 123 1
2864 123 1
265 123 1
2137 123 1
2385 123 1
548 123 1
740 123 1
3207 123 1
1331 123 1
248 123 1
722 123 1
35 123 1
1684 123 1
3315 123 1
1253 123 1
3737 123 1
2330 123 1
2010 123 1
3692 123 1
3503 123 1
572 123 1
25 123 1
1414 123 1
2784 123 1
311 123 1
419 123 1
1454 123 1
826 123 1
2753 124 1
120 124 1
2998 124 1
2544 124 1
699 124 1
1487 124 1
646 124 1
2331 124 1
3355 124 1
1958 124 1
1542 124 1
1350 124 1
2519 124 1
1079 124 1
1388 124 1
164 124 1
2657 124 1
2261 124 1
2205 124 1
1206 124 1
3715 124 1
3410 124 1
956 124 1
1663 124 1
3846 124 1
1081 124 1
689 124 1
1894 124 1
699 124 1
633 124 1
3663 124 1
1491 124 1
2229 124 1
24 124 1
319 124 1
1506 124 1
1237 124 1
1702 124 1
2469 124 1
2883 124 1
2645 124 1
2744 124 1
1155 124 1
732 124 1
540 124 1
2777 124 1
2161 124 1
3572 124 1
1345 124 1
2483 124 1
1019 124 1
3375 124 1
3573 124 1
2648 124 1
2679 124 1
2213 124 1
141 124 1
3795 124 1
1451 124 1
494 124 1
2067 124 1
3524 124 1
697 124 1
2427 124 1
2638 124 1
512 124 1
2946 124 1
1041 124 1
258 124 1
861 124 1
2271 124 1
2952 124 1
2760 124 1
671 124 1
1085 124 1
751 124 1
1367 124 1
2857 124 1
957 124 1
1133 124 1
687 124 1
3262 124 1
1609 124 1
1930 124 1
2372 124 1
2258 124 1
1217 124 1
3286 124 1
2924 124 1
748 124 1
3233 124 1
1333 124 1
1128 124 1
991 124 1
2262 124 1
2216 124 1
2938 124 1
29 124 1
962 124 1
3572 124 1
3693 124 1
584 124 1
122 124 1
810 124 1
3323 124 1
388 124 1
2684 124 1
3027 124 1
1343 124 1
1897 124 1
3792 124 1
1165 124 1
2994 124 1
3616 124 1
1624 124 1
1069 124 1
799 124 1
1688 124 1
2486 124 1
1847 124 1
414 124 1
2173 124 1
2295 124 1
3629 124 1
1619 124 1
2216 124 1
1407 124 1
3000 124 1
2371 124 1
1139 124 1
1650 124 1
3491 124 1
3486 124 1
1930 124 1
2853 124 1
1988 124 1
1540 124 1
2775 124 1
198 124 1
2220 124 1
3401 124 1
520 124 1
1758 124 1
1472 124 1
1154 124 1
1976 124 1
1837 124 1
2562 124 1
1059 124 1
3335 124 1
2776 124 1
1036 124 1
772 124 1
3383 124 1
3735 124 1
277 124 1
1238 124 1
3353 124 1
675 124 1
2884 124 1
1340 124 1
1866 124 1
3826 124 1
1999 124 1
1999 124 1
2193 124 1
2270 124 1
2959 124 1
2479 124 1
291 124 1
1205 124 1
3610 124 1
3538 124 1
35 124 1
2032 124 1
1315 124 1
2634 124 1
2229 124 1
1377 124 1
1922 124 1
2990 124 1
1481 124 1
3169 124 1
3430 124 1
3718 124 1
1174 124 1
1715 124 1
2543 124 1
407 124 1
373 124 1
1188 124 1
1556 124 1
27 124 1
3119 124 1
3234 124 1
1955 124 1
3611 124 1
1457 124 1
3502 124 1
1307 124 1
1162 124 1
784 124 1
2410 124 1
2386 124 1
129 124 1
2002 124 1
906 124 1
3677 124 1
2811 124 1
570 124 1
1284 124 1
969 124 1
1219 124 1
608 124 1
3717 124 1
2024 124 1
2222 124 1
3504 124 1
1305 124 1
2796 124 1
817 124 1
1613 124 1
3648 124 1
1181 124 1
2471 124 1
2789 124 1
949 124 1
2887 124 1
55 124 1
3222 124 1
1377 124 1
3532 124 1
3761 124 1
921 124 1
3012 124 1
2793 124 1
3562 124 1
2927 124 1
3585 124 1
529 124 1
2684 124 1
1421 124 1
179 124 1
1715 124 1
1909 124 1
2685 124 1
114 124 1
2420 124 1
700 124 1
791 124 1
3410 124 1
3446 124 1
2332 124 1
2958 124 1
1751 124 1
2651 124 1
3043 124 1
2200 124 1
70 124 1
2933 124 1
902 124 1
3236 124 1
261 124 1
1032 124 1
762 124 1
1445 124 1
3058 124 1
3355 124 1
231 124 1
200 124 1
2306 124 1
237 124 1
2994 124 1
1651 124 1
2489 124 1
2390 124 1
3359 124 1
536 124 1
1729 124 1
561 124 1
531 124 1
2495 124 1
1547 124 1
2610 124 1
3103 124 1
1275 124 1
2813 124 1
405 124 1
1209 124 1
1905 124 1
2857 124 1
1771 124 1
2937 124 1
2012 124 1
2225 124 1
47 124 1
3185 124 1
1092 124 1
3606 124 1
186 124 1
1661 124 1
899 124 1
265 124 1
389 124 1
202 124 1
3317 124 1
498 124 1
2126 124 1
2571 124 1
2655 124 1
3038 124 1
674 124 1
2620 124 1
598 124 1
2591 124 1
2373 124 1
2047 124 1
313 124 1
2922 124 1
350 124 1
3448 124 1
3815 124 1
2686 124 1
2097 124 1
3146 124 1
1773 124 1
2957 124 1
135 124 1
1864 124 1
3060 124 1
1958 124 1
3621 124 1
1386 124 1
797 124 1
617 124 1
79 124 1
3652 124 1
2210 124 1
761 124 1
1866 124 1
1938 124 1
2343 124 1
2498 124 1
1912 124 1
1979 124 1
657 125 1
3414 125 1
82 125 1
2374 125 1
1009 125 1
3159 125 1
487 125 1
1933 125 1
980 125 1
2115 125 1
970 125 1
3284 125 1
1199 125 1
2976 125 1
3752 125 1
2000 125 1
2896 125 1
596 125 1
2078 125 1
4 125 1
1627 125 1
3581 125 1
505 125 1
1692 125 1
2184 125 1
2668 125 1
1583 125 1
1386 125 1
2103 125 1
906 125 1
1372 125 1
3357 125 1
2367 125 1
3256 125 1
1440 125 1
1000 125 1
2714 125 1
2125 125 1
857 125 1
1146 125 1
2098 125 1
3452 125 1
3743 125 1
626 125 1
30 125 1
98 125 1
2946 125 1
622 125 1
1353 125 1
3784 125 1
1858 125 1
3159 125 1
260 125 1
2579 125 1
3544 125 1
1404 125 1
2120 125 1
1165 125 1
914 125 1
664 125 1
1414 125 1
2497 125 1
748 125 1
3801 125 1
1594 125 1
890 125 1
94 125 1
889 125 1
883 125 1
679 125 1
588 125 1
3624 125 1
861 125 1
2901 125 1
2373 125 1
1734 125 1
280 125 1
2036 125 1
3050 125 1
782 125 1
2541 125 1
3754 125 1
882 125 1
1433 125 1
2008 125 1
1281 125 1
1060 125 1
624 125 1
908 125 1
1161 125 1
2715 125 1
2662 125 1
3517 125 1
1367 125 1
3000 125 1
1118 125 1
2756 125 1
1003 125 1
3035 125 1
937 125 1
124 125 1
2622 125 1
355 125 1
583 125 1
3320 125 1
2504 125 1
2450 125 1
3521 125 1
1992 125 1
1412 125 1
2509 125 1
3119 125 1
1060 125 1
3144 125 1
3257 125 1
3097 125 1
2522 125 1
1267 125 1
1031 125 1
2869 125 1
1767 125 1
3049 125 1
3768 125 1
2573 125 1
382 125 1
1031 125 1
2715 125 1
2017 125 1
1 125 1
2638 125 1
3545 125 1
553 125 1
420 125 1
784 125 1
3308 125 1
1204 125 1
1759 125 1
2571 125 1
61 125 1
2416 125 1
2850 125 1
3762 125 1
1319 125 1
2207 125 1
942 125 1
3783 125 1
1585 125 1
653 125 1
1173 125 1
51 125 1
2896 125 1
2794 125 1
917 125 1
2531 125 1
1139 125 1
342 125 1
2840 125 1
3841 125 1
3481 125 1
1297 125 1
2508 125 1
1883 125 1
18 125 1
1958 125 1
3563 125 1
2887 125 1
1687 125 1
3598 125 1
3652 125 1
32 125 1
9 125 1
239 125 1
1262 125 1
1793 125 1
611 125 1
3142 125 1
2234 125 1
3479 125 1
68 125 1
1522 125 1
3225 125 1
1774 125 1
1331 125 1
1689 125 1
2966 125 1
1558 125 1
117 125 1
2345 125 1
3397 125 1
3554 125 1
2434 125 1
1266 125 1
3356 125 1
418 125 1
3302 125 1
1861 125 1
310 125 1
3084 125 1
1344 125 1
1893 125 1
701 125 1
1411 125 1
3586 125 1
1761 125 1
444 125 1
2830 125 1
1775 125 1
3019 125 1
399 125 1
1115 125 1
2937 125 1
3227 125 1
2217 125 1
2699 125 1
3281 125 1
1504 125 1
3575 125 1
2958 125 1
82 125 1
3123 125 1
2274 125 1
3730 125 1
2065 125 1
107 125 1
1356 125 1
844 125 1
1213 125 1
2991 125 1
730 125 1
2577 125 1
1822 125 1
1544 125 1
1373 125 1
747 125 1
1767 125 1
1796 125 1
3138 125 1
464 125 1
666 125 1
1465 125 1
2197 125 1
2170 125 1
384 125 1
3534 125 1
1605 125 1
2629 125 1
3757 125 1
1182 125 1
2139 125 1
3788 125 1
2008 125 1
3768 125 1
3831 125 1
1562 125 1
679 125 1
2578 125 1
529 125 1
1612 125 1
2275 125 1
1621 125 1
3837 125 1
2769 125 1
394 125 1
3359 125 1
1017 125 1
1093 125 1
3007 125 1
1654 125 1
2601 125 1
2327 125 1
1559 125 1
2034 125 1
2018 125 1
2997 125 1
680 125 1
2305 125 1
1227 125 1
278 125 1
1245 125 1
2665 125 1
796 125 1
978 125 1
2526 125 1
3833 125 1
2702 125 1
1290 125 1
2109 125 1
2805 125 1
820 125 1
1802 125 1
2183 125 1
673 125 1
355 125 1
2214 125 1
3599 125 1
2881 125 1
905 125 1
3231 125 1
274 125 1
964 125 1
505 125 1
1034 125 1
369 125 1
1220 125 1
1717 125 1
2010 125 1
1222 125 1
3091 125 1
2382 125 1
39 125 1
1952 125 1
120 125 1
3693 125 1
506 125 1
3047 125 1
2948 125 1
1802 125 1
176 125 1
2353 125 1
2994 125 1
2615 125 1
1835 125 1
3772 125 1
2881 125 1
1836 125 1
2824 125 1
931 125 1
2681 125 1
2810 125 1
2068 125 1
2418 125 1
2733 125 1
2648 125 1
1294 125 1
1841 125 1
2854 125 1
1489 125 1
544 125 1
2105 125 1
3215 125 1
3715 125 1
704 125 1
3275 125 1
2017 125 1
3289 125 1
178 126 1
2170 126 1
1225 126 1
3702 126 1
2209 126 1
2804 126 1
3495 126 1
2733 126 1
2982 126 1
895 126 1
3499 126 1
2202 126 1
1495 126 1
2586 126 1
658 126 1
760 126 1
166 126 1
2031 126 1
1804 126 1
2728 126 1
3429 126 1
1138 126 1
2283 126 1
3181 126 1
3017 126 1
782 126 1
3783 126 1
2015 126 1
2152 126 1
916 126 1
2134 126 1
3252 126 1
1144 126 1
2321 126 1
1865 126 1
324 126 1
1391 126 1
445 126 1
3587 126 1
2882 126 1
3357 126 1
1114 126 1
2086 126 1
1109 126 1
2502 126 1
2605 126 1
2407 126 1
1420 126 1
2598 126 1
3833 126 1
1313 126 1
2798 126 1
3270 126 1
294 126 1
2226 126 1
480 126 1
535 126 1
2449 126 1
3845 126 1
4 126 1
149 126 1
861 126 1
2225 126 1
2819 126 1
3601 126 1
2073 126 1
120 126 1
881 126 1
422 126 1
3702 126 1
90 126 1
839 126 1
3544 126 1
2700 126 1
1563 126 1
880 126 1
3331 126 1
3143 126 1
2994 126 1
182 126 1
3188 126 1
119 126 1
2090 126 1
95 126 1
3075 126 1
1957 126 1
2944 126 1
2701 126 1
283 126 1
262 126 1
1877 126 1
218 126 1
458 126 1
894 126 1
1468 126 1
2740 126 1
2552 126 1
2035 126 1
3425 126 1
2395 126 1
160 126 1
3499 126 1
1356 126 1
3613 126 1
2769 126 1
2513 126 1
3644 126 1
1510 126 1
1348 126 1
1700 126 1
684 126 1
1251 126 1
1900 126 1
906 126 1
147 126 1
2456 126 1
2711 126 1
1499 126 1
1471 126 1
2779 126 1
1775 126 1
991 126 1
1112 126 1
3035 126 1
2024 126 1
3642 126 1
1700 126 1
2644 126 1
1284 126 1
2183 126 1
192 126 1
2478 126 1
613 126 1
3494 126 1
3082 126 1
2751 126 1
1507 126 1
1135 126 1
1141 126 1
2462 126 1
1945 126 1
391 126 1
3761 126 1
2098 126 1
1984 126 1
1693 126 1
721 126 1
964 126 1
629 126 1
2260 126 1
3793 126 1
1628 126 1
1597 126 1
3432 126 1
597 126 1
1856 126 1
2217 126 1
3801 126 1
2286 126 1
549 126 1
938 126 1
2004 126 1
3148 126 1
927 126 1
691 126 1
1771 126 1
2192 126 1
1153 126 1
1512 126 1
2247 126 1
971 126 1
859 126 1
2828 126 1
1069 126 1
2788 126 1
693 126 1
1557 126 1
2313 126 1
2264 126 1
629 126 1
1045 126 1
2861 126 1
1378 126 1
3692 126 1
3845 126 1
3556 126 1
2199 126 1
2122 126 1
270 126 1
1021 126 1
2697 126 1
924 126 1
610 126 1
1449 126 1
81 126 1
2062 126 1
1815 126 1
1075 126 1
240 126 1
1955 126 1
3286 126 1
3182 126 1
2491 126 1
3591 126 1
1582 126 1
1946 126 1
2316 126 1
3634 126 1
1881 126 1
851 126 1
989 126 1
431 126 1
2647 126 1
1491 126 1
3441 126 1
2420 126 1
2967 126 1
3706 126 1
1021 126 1
984 126 1
2438 126 1
231 126 1
3817 126 1
849 126 1
2214 126 1
3612 126 1
2826 126 1
3073 126 1
633 126 1
734 126 1
2270 126 1
1512 126 1
1971 126 1
622 126 1
3556 126 1
3028 126 1
3119 126 1
221 126 1
2172 126 1
659 126 1
1534 126 1
623 126 1
1147 126 1
1117 126 1
3462 126 1
2582 126 1
364 126 1
3586 126 1
2474 126 1
1524 126 1
832 126 1
642 126 1
3380 126 1
3259 126 1
2496 126 1
2839 126 1
2480 126 1
106 126 1
2010 126 1
1440 126 1
3848 126 1
3016 126 1
3106 126 1
2780 126 1
1382 126 1
1549 126 1
91 126 1
452 126 1
1598 126 1
2860 126 1
2330 126 1
3015 126 1
746 126 1
1037 126 1
2590 126 1
1933 126 1
1178 126 1
942 126 1
3306 126 1
912 126 1
3816 126 1
3285 126 1
1324 126 1
886 126 1
3014 126 1
1655 126 1
2598 126 1
1982 126 1
1825 126 1
1462 126 1
2708 126 1
505 126 1
55 126 1
1137 126 1
1874 126 1
1169 126 1
1798 126 1
1335 126 1
1257 126 1
790 126 1
996 126 1
2150 126 1
736 126 1
888 126 1
2280 126 1
1870 126 1
3150 126 1
1310 126 1
3730 126 1
3737 126 1
546 126 1
3546 126 1
1294 126 1
1002 126 1
568 126 1
2698 126 1
1200 126 1
588 126 1
3089 126 1
2729 126 1
3393 126 1
2739 126 1
3459 126 1
1109 126 1
810 126 1
2698 126 1
968 126 1
102 126 1
510 126 1
2053 126 1
1041 126 1
3074 126 1
2170 126 1
2625 126 1
666 126 1
2735 126 1
2502 126 1
1316 126 1
2338 126 1
2097 126 1
1349 126 1
12 126 1
3648 126 1
1031 126 1
1414 126 1
2954 127 1
2485 127 1
2052 127 1
1620 127 1
902 127 1
1276 127 1
1524 127 1
1672 127 1
2373 127 1
3851 127 1
1222 127 1
1377 127 1
2036 127 1
3848 127 1
1260 127 1
357 127 1
3421 127 1
3835 127 1
2269 127 1
271 127 1
2200 127 1
1031 127 1
737 127 1
3457 127 1
1730 127 1
1623 127 1
1362 127 1
3516 127 1
3202 127 1
3431 127 1
2877 127 1
1212 127 1
1030 127 1
41 127 1
554 127 1
2140 127 1
1845 127 1
1563 127 1
1222 127 1
1949 127 1
1700 127 1
1293 127 1
3362 127 1
2812 127 1
1163 127 1
3431 127 1
380 127 1
2519 127 1
2922 127 1
2928 127 1
1426 127 1
2824 127 1
1573 127 1
1484 127 1
1501 127 1
297 127 1
162 127 1
501 127 1
1759 127 1
1543 127 1
3479 127 1
2073 127 1
2412 127 1
1495 127 1
337 127 1
495 127 1
3451 127 1
533 127 1
331 127 1
2831 127 1
3575 127 1
199 127 1
1942 127 1
888 127 1
440 127 1
882 127 1
2587 127 1
428 127 1
2739 127 1
498 127 1
1648 127 1
63 127 1
1618 127 1
2957 127 1
3 127 1
2027 127 1
3697 127 1
3614 127 1
1638 127 1
3030 127 1
2311 127 1
2569 127 1
3601 127 1
485 127 1
3567 127 1
1391 127 1
2350 127 1
1837 127 1
65 127 1
2813 127 1
2758 127 1
2832 127 1
963 127 1
1490 127 1
1351 127 1
1531 127 1
3695 127 1
2003 127 1
3629 127 1
1605 127 1
1337 127 1
134 127 1
35 127 1
2745 127 1
3245 127 1
198 127 1
1924 127 1
3769 127 1
3017 127 1
2454 127 1
802 127 1
876 127 1
1459 127 1
5 127 1
1762 127 1
3334 127 1
822 127 1
1506 127 1
1725 127 1
1824 127 1
1934 127 1
1101 127 1
2562 127 1
2241 127 1
123 127 1
3375 127 1
1003 127 1
233 127 1
3380 127 1
3666 127 1
2447 127 1
2495 127 1
198 127 1
2852 127 1
429 127 1
1748 127 1
1804 127 1
640 127 1
324 127 1
2825 127 1
1929 127 1
1251 127 1
3249 127 1
1981 127 1
1678 127 1
1727 127 1
675 127 1
2155 127 1
518 127 1
2657 127 1
3568 127 1
806 127 1
2843 127 1
989 127 1
1122 127 1
2664 127 1
1031 127 1
3279 127 1
2183 127 1
594 127 1
2473 127 1
2304 127 1
2001 127 1
2671 127 1
2355 127 1
1228 127 1
999 127 1
3346 127 1
2129 127 1
587 127 1
2162 127 1
1327 127 1
2626 127 1
1128 127 1
3723 127 1
1747 127 1
1755 127 1
3690 127 1
2062 127 1
828 127 1
3365 127 1
289 127 1
397 127 1
3606 127 1
3571 127 1
342 127 1
751 127 1
918 127 1
3577 127 1
1946 127 1
1577 127 1
358 127 1
2395 127 1
1858 127 1
2560 127 1
2549 127 1
3663 127 1
3361 127 1
2675 127 1
2862 127 1
3677 127 1
1083 127 1
3532 127 1
2213 127 1
3537 127 1
3318 127 1
2063 127 1
1498 127 1
413 127 1
1244 127 1
3155 127 1
2594 127 1
2273 127 1
356 127 1
934 127 1
415 127 1
427 127 1
3669 127 1
2138 127 1
321 127 1
3706 127 1
720 127 1
2558 127 1
144 127 1
398 127 1
2187 127 1
2613 127 1
944 127 1
822 127 1
2602 127 1
949 127 1
3392 127 1
2054 127 1
2761 127 1
2378 127 1
2976 127 1
2880 127 1
616 127 1
244 127 1
1611 127 1
2097 127 1
3226 127 1
2068 127 1
623 127 1
60 127 1
3492 127 1
1056 127 1
2650 127 1
1223 127 1
2731 127 1
1614 127 1
1480 127 1
1309 127 1
1796 127 1
662 127 1
2718 127 1
1279 127 1
3215 127 1
2867 127 1
3054 127 1
2531 127 1
2453 127 1
1409 127 1
1461 127 1
2274 127 1
3220 127 1
1895 127 1
3687 127 1
1963 127 1
17 127 1
2830 127 1
3412 127 1
841 127 1
3457 127 1
604 127 1
1313 127 1
464 127 1
197 127 1
2719 127 1
3632 127 1
586 127 1
464 127 1
1669 127 1
1244 127 1
348 127 1
3202 127 1
2973 127 1
228 127 1
3826 127 1
2220 127 1
3245 127 1
303 127 1
659 127 1
3178 127 1
1898 127 1
3430 127 1
141 127 1
2991 127 1
3304 127 1
709 127 1
2138 127 1
335 127 1
1636 127 1
1427 127 1
43 127 1
112 127 1
1137 127 1
197 127 1
116 127 1
1972 127 1
2199 127 1
2065 127 1
3740 127 1
3855 127 1
3728 127 1
613 127 1
2894 127 1
3677 127 1
3229 127 1
713 127 1
1616 127 1
472 127 1
1319 127 1
3411 127 1
3243 127 1
1351 127 1
413 127 1
1645 127 1
2065 127 1
303 127 1
810 127 1
1616 127 1
1 127 1
2031 127 1
52 127 1
2283 128 1
3137 128 1
2091 128 1
2811 128 1
3446 128 1
3379 128 1
3671 128 1
3308 128 1
265 128 1
1787 128 1
3235 128 1
1281 128 1
2004 128 1
1909 128 1
1029 128 1
3558 128 1
3715 128 1
222 128 1
2687 128 1
1735 128 1
1310 128 1
1707 128 1
2586 128 1
896 128 1
3628 128 1
2681 128 1
2459 128 1
2799 128 1
627 128 1
93 128 1
1505 128 1
3762 128 1
2346 128 1
194 128 1
1644 128 1
1601 128 1
2650 128 1
3743 128 1
403 128 1
2625 128 1
796 128 1
2027 128 1
997 128 1
1099 128 1
1064 128 1
639 128 1
1434 128 1
837 128 1
319 128 1
2549 128 1
1068 128 1
2371 128 1
1733 128 1
3696 128 1
1409 128 1
271 128 1
768 128 1
444 128 1
743 128 1
3282 128 1
1030 128 1
3116 128 1
1366 128 1
761 128 1
3285 128 1
124 128 1
789 128 1
1151 128 1
1676 128 1
555 128 1
57 128 1
2484 128 1
3424 128 1
2773 128 1
3557 128 1
2678 128 1
1789 128 1
2445 128 1
148 128 1
290 128 1
2847 128 1
65 128 1
743 128 1
2816 128 1
2154 128 1
1581 128 1
218 128 1
3150 128 1
3528 128 1
2242 128 1
961 128 1
3598 128 1
2154 128 1
1673 128 1
625 128 1
3444 128 1
3098 128 1
3815 128 1
14 128 1
2421 128 1
2980 128 1
2693 128 1
1410 128 1
2348 128 1
1856 128 1
1284 128 1
1828 128 1
139 128 1
670 128 1
1981 128 1
2021 128 1
3269 128 1
1664 128 1
2866 128 1
3372 128 1
2516 128 1
231 128 1
1167 128 1
2610 128 1
3104 128 1
498 128 1
1242 128 1
403 128 1
1830 128 1
613 128 1
472 128 1
1504 128 1
1986 128 1
2410 128 1
1444 128 1
3069 128 1
3080 128 1
1793 128 1
1279 128 1
1773 128 1
359 128 1
1144 128 1
3818 128 1
216 128 1
442 128 1
1926 128 1
191 128 1
769 128 1
257 128 1
1648 128 1
3510 128 1
1393 128 1
2557 128 1
32 128 1
3451 128 1
771 128 1
1863 128 1
1107 128 1
1369 128 1
2962 128 1
545 128 1
1899 128 1
590 128 1
2223 128 1
3095 128 1
551 128 1
247 128 1
3254 128 1
1055 128 1
525 128 1
1968 128 1
2976 128 1
2128 128 1
3111 128 1
3649 128 1
514 128 1
3732 128 1
3100 128 1
2013 128 1
487 128 1
1498 128 1
3529 128 1
424 128 1
763 128 1
549 128 1
449 128 1
2781 128 1
3227 128 1
2733 128 1
1037 128 1
2329 128 1
2045 128 1
546 128 1
1991 128 1
2660 128 1
120 128 1
2500 128 1
2314 128 1
353 128 1
3677 128 1
3843 128 1
3218 128 1
1754 128 1
1606 128 1
1623 128 1
3480 128 1
3252 128 1
2182 128 1
1984 128 1
3309 128 1
1718 128 1
2452 128 1
2751 128 1
2980 128 1
2019 128 1
1987 128 1
1332 128 1
748 128 1
1934 128 1
2211 128 1
894 128 1
2692 128 1
527 128 1
2623 128 1
3335 128 1
2307 128 1
1624 128 1
3849 128 1
1463 128 1
1152 128 1
143 128 1
37 128 1
313 128 1
126 128 1
1222 128 1
3021 128 1
2430 128 1
223 128 1
2656 128 1
3265 128 1
3791 128 1
3549 128 1
2648 128 1
480 128 1
3057 128 1
2596 128 1
2079 128 1
2696 128 1
1655 128 1
3365 128 1
1350 128 1
2574 128 1
2875 128 1
1416 128 1
2490 128 1
1208 128 1
1718 128 1
2378 128 1
2593 128 1
3041 128 1
3249 128 1
950 128 1
571 128 1
2252 128 1
1388 128 1
1789 128 1
3159 128 1
2290 128 1
3804 128 1
407 128 1
313 128 1
1764 128 1
781 128 1
2813 128 1
3460 128 1
1636 128 1
3654 128 1
193 128 1
773 128 1
1608 128 1
1612 128 1
2180 128 1
470 128 1
2528 128 1
979 128 1
3841 128 1
536 128 1
3612 128 1
1122 128 1
3425 128 1
2330 128 1
3488 128 1
894 128 1
3068 128 1
1269 128 1
1396 128 1
254 128 1
2077 128 1
2405 128 1
9 128 1
847 128 1
534 128 1
1508 128 1
2981 128 1
1708 128 1
3231 128 1
2863 128 1
3820 128 1
1941 128 1
3853 128 1
3473 128 1
155 128 1
1652 128 1
1556 128 1
558 128 1
1272 128 1
1036 128 1
3708 128 1
1685 128 1
266 128 1
3055 128 1
2537 128 1
2710 128 1
1346 128 1
1135 128 1
3613 128 1
1919 128 1
2148 128 1
3360 128 1
3188 128 1
3648 128 1
3596 128 1
2763 128 1
1320 128 1
2800 128 1
1572 128 1
1903 128 1
2138 128 1
3672 128 1
20 128 1
454 128 1
3669 128 1
1727 128 1
463 128 1
3828 128 1
2449 128 1
3076 128 1
761 128 1
298 128 1
3475 128 1
2940 129 1
2741 129 1
3523 129 1
2683 129 1
3030 129 1
2884 129 1
2162 129 1
645 129 1
313 129 1
993 129 1
2219 129 1
1113 129 1
2054 129 1
597 129 1
231 129 1
1001 129 1
1514 129 1
1122 129 1
2722 129 1
3606 129 1
2576 129 1
2715 129 1
3059 129 1
752 129 1
660 129 1
3858 129 1
98 129 1
880 129 1
3163 129 1
895 129 1
2259 129 1
899 129 1
217 129 1
2409 129 1
576 129 1
705 129 1
2405 129 1
1810 129 1
2174 129 1
2640 129 1
3509 129 1
1314 129 1
2163 129 1
1889 129 1
2797 129 1
150 129 1
1876 129 1
750 129 1
1407 129 1
3782 129 1
2266 129 1
3358 129 1
961 129 1
2359 129 1
463 129 1
1485 129 1
2396 129 1
3195 129 1
1579 129 1
2855 129 1
2570 129 1
3803 129 1
2837 129 1
512 129 1
2454 129 1
3113 129 1
2323 129 1
2742 129 1
2299 129 1
3718 129 1
853 129 1
1822 129 1
3154 129 1
2425 129 1
3829 129 1
3265 129 1
1203 129 1
405 129 1
430 129 1
645 129 1
2961 129 1
1685 129 1
2882 129 1
2852 129 1
802 129 1
2298 129 1
3047 129 1
1575 129 1
1805 129 1
883 129 1
3560 129 1
3090 129 1
3810 129 1
1039 129 1
2158 129 1
3112 129 1
1193 129 1
2404 129 1
2342 129 1
1512 129 1
3639 129 1
1156 129 1
2677 129 1
423 129 1
880 129 1
615 129 1
330 129 1
1357 129 1
890 129 1
2010 129 1
3487 129 1
2956 129 1
2017 129 1
3131 129 1
1572 129 1
2203 129 1
3130 129 1
1182 129 1
1646 129 1
2829 129 1
153 129 1
2318 129 1
2064 129 1
1234 129 1
1629 129 1
1694 129 1
1563 129 1
1470 129 1
2830 129 1
2789 129 1
190 129 1
2413 129 1
2645 129 1
3748 129 1
2349 129 1
562 129 1
3228 129 1
1133 129 1
3135 129 1
3414 129 1
3521 129 1
354 129 1
2974 129 1
1540 129 1
1599 129 1
3748 129 1
1182 129 1
2333 129 1
727 129 1
1935 129 1
3035 129 1
1022 129 1
1052 129 1
1655 129 1
3333 129 1
3830 129 1
2762 129 1
557 129 1
3361 129 1
779 129 1
2983 129 1
3541 129 1
593 129 1
469 129 1
697 129 1
455 129 1
1917 129 1
485 129 1
3839 129 1
1373 129 1
2304 129 1
416 129 1
115 129 1
251 129 1
3776 129 1
3034 129 1
3353 129 1
2626 129 1
1116 129 1
3093 129 1
3430 129 1
1248 129 1
2963 129 1
3169 129 1
2650 129 1
1180 129 1
132 129 1
3541 129 1
1686 129 1
1837 129 1
492 129 1
2624 129 1
806 129 1
2177 129 1
2738 129 1
1628 129 1
1821 129 1
3468 129 1
2372 129 1
633 129 1
2970 129 1
3808 129 1
2055 129 1
1202 129 1
2811 129 1
2304 129 1
1424 129 1
2703 129 1
2896 129 1
642 129 1
3410 129 1
406 129 1
2540 129 1
299 129 1
3016 129 1
3005 129 1
3726 129 1
3424 129 1
891 129 1
3277 129 1
1168 129 1
745 129 1
98 129 1
245 129 1
1673 129 1
10 129 1
1126 129 1
3707 129 1
3127 129 1
1611 129 1
2713 129 1
3809 129 1
2561 129 1
1242 129 1
1245 129 1
1024 129 1
2738 129 1
614 129 1
1378 129 1
2889 129 1
3003 129 1
3466 129 1
3525 129 1
2930 129 1
1355 129 1
3460 129 1
652 129 1
243 129 1
271 129 1
2584 129 1
1046 129 1
1775 129 1
2479 129 1
891 129 1
2650 129 1
1245 129 1
2303 129 1
2582 129 1
2172 129 1
762 129 1
1235 129 1
2442 129 1
2349 129 1
278 129 1
339 129 1
1028 129 1
2508 129 1
418 129 1
2880 129 1
99 129 1
2226 129 1
534 129 1
2897 129 1
3353 129 1
1530 129 1
2409 129 1
2442 129 1
1943 129 1
3241 129 1
756 129 1
3430 129 1
2154 129 1
3304 129 1
3217 129 1
1959 129 1
187 129 1
2576 129 1
2905 129 1
3035 129 1
2920 129 1
1197 129 1
993 129 1
2900 129 1
1143 129 1
2074 129 1
2075 129 1
1864 129 1
2762 129 1
3430 129 1
1922 129 1
965 129 1
909 129 1
622 129 1
3487 129 1
3573 129 1
275 129 1
108 129 1
2378 129 1
3045 129 1
976 129 1
862 129 1
35 129 1
2706 129 1
2680 129 1
1469 129 1
1386 129 1
3200 129 1
1839 129 1
759 129 1
325 129 1
3733 129 1
113 129 1
1193 129 1
2767 129 1
422 129 1
3423 129 1
388 129 1
3486 129 1
94 129 1
1554 129 1
1193 129 1
3811 129 1
3856 129 1
3194 129 1
1588 129 1
1260 129 1
124 129 1
404 129 1
2396 129 1
3717 129 1
2578 129 1
1434 129 1
3179 129 1
2756 129 1
416 129 1
1517 130 1
1783 130 1
2593 130 1
1970 130 1
340 130 1
2 130 1
2763 130 1
516 130 1
3101 130 1
2806 130 1
2442 130 1
691 130 1
3256 130 1
2763 130 1
728 130 1
2037 130 1
1182 130 1
3548 130 1
752 130 1
1703 130 1
3761 130 1
1859 130 1
1712 130 1
368 130 1
2246 130 1
1053 130 1
2419 130 1
2418 130 1
3217 130 1
3381 130 1
606 130 1
3743 130 1
770 130 1
3330 130 1
2698 130 1
2916 130 1
3036 130 1
3087 130 1
3689 130 1
1617 130 1
3441 130 1
801 130 1
684 130 1
1925 130 1
3403 130 1
171 130 1
2888 130 1
2903 130 1
1797 130 1
2198 130 1
339 130 1
2204 130 1
2859 130 1
1834 130 1
3795 130 1
1287 130 1
2343 130 1
977 130 1
2746 130 1
402 130 1
1305 130 1
3644 130 1
2038 130 1
1298 130 1
1089 130 1
213 130 1
1000 130 1
555 130 1
966 130 1
1323 130 1
3032 130 1
866 130 1
3249 130 1
335 130 1
1169 130 1
553 130 1
1846 130 1
1251 130 1
1715 130 1
3276 130 1
3200 130 1
3612 130 1
1456 130 1
361 130 1
1623 130 1
2931 130 1
2329 130 1
1495 130 1
1515 130 1
2200 130 1
3736 130 1
1340 130 1
3708 130 1
2711 130 1
2406 130 1
3594 130 1
3587 130 1
3462 130 1
1790 130 1
1508 130 1
505 130 1
1230 130 1
2395 130 1
556 130 1
2795 130 1
2855 130 1
688 130 1
1257 130 1
878 130 1
945 130 1
387 130 1
1119 130 1
1235 130 1
556 130 1
978 130 1
1492 130 1
3664 130 1
2137 130 1
3567 130 1
1529 130 1
2625 130 1
644 130 1
3262 130 1
3087 130 1
3789 130 1
213 130 1
685 130 1
2700 130 1
344 130 1
449 130 1
584 130 1
50 130 1
2681 130 1
1832 130 1
898 130 1
2321 130 1
1464 130 1
2069 130 1
2931 130 1
2703 130 1
3529 130 1
1637 130 1
1842 130 1
2982 130 1
920 130 1
587 130 1
2103 130 1
2909 130 1
3789 130 1
829 130 1
2997 130 1
3177 130 1
116 130 1
2972 130 1
3185 130 1
3830 130 1
1914 130 1
2919 130 1
2930 130 1
2848 130 1
1374 130 1
2955 130 1
972 130 1
581 130 1
1195 130 1
348 130 1
707 130 1
2270 130 1
2491 130 1
3677 130 1
2619 130 1
1665 130 1
3405 130 1
1179 130 1
1585 130 1
1918 130 1
2492 130 1
1491 130 1
1676 130 1
1713 130 1
2740 130 1
623 130 1
1378 130 1
1885 130 1
1381 130 1
2297 130 1
3368 130 1
2321 130 1
1698 130 1
1157 130 1
2608 130 1
2806 130 1
1462 130 1
2242 130 1
1892 130 1
2932 130 1
1836 130 1
1799 130 1
3486 130 1
3748 130 1
3251 130 1
2623 130 1
5 130 1
3423 130 1
788 130 1
1227 130 1
2221 130 1
3193 130 1
693 130 1
1900 130 1
1922 130 1
2732 130 1
293 130 1
3739 130 1
2437 130 1
355 130 1
2153 130 1
1070 130 1
3324 130 1
334 130 1
2230 130 1
3331 130 1
1549 130 1
2137 130 1
3244 130 1
3728 130 1
1873 130 1
787 130 1
3465 130 1
2806 130 1
1148 130 1
2962 130 1
138 130 1
3077 130 1
1034 130 1
973 130 1
723 130 1
2754 130 1
1047 130 1
3468 130 1
1821 130 1
2897 130 1
3013 130 1
2475 130 1
1716 130 1
1778 130 1
1833 130 1
420 130 1
2787 130 1
496 130 1
1569 130 1
3265 130 1
1013 130 1
3738 130 1
1093 130 1
1436 130 1
477 130 1
2631 130 1
3222 130 1
359 130 1
1258 130 1
741 130 1
2081 130 1
933 130 1
3078 130 1
36 130 1
1053 130 1
1348 130 1
1691 130 1
1419 130 1
1561 130 1
752 130 1
1662 130 1
1410 130 1
702 130 1
798 130 1
915 130 1
2727 130 1
1585 130 1
1033 130 1
464 130 1
2446 130 1
1194 130 1
3518 130 1
3331 130 1
1216 130 1
1034 130 1
3608 130 1
3241 130 1
2101 130 1
1689 130 1
381 130 1
118 130 1
3659 130 1
2577 130 1
3389 130 1
3061 130 1
2893 130 1
2545 130 1
2092 130 1
1336 130 1
1210 130 1
581 130 1
2910 130 1
1342 130 1
2852 130 1
1955 130 1
1347 130 1
1247 130 1
3824 130 1
3269 130 1
121 130 1
2955 130 1
1021 130 1
3188 130 1
2389 130 1
374 130 1
1821 130 1
1128 130 1
1116 130 1
388 130 1
1657 130 1
3182 130 1
2612 130 1
3503 130 1
2837 130 1
1920 130 1
1570 130 1
3638 130 1
686 130 1
2156 130 1
973 130 1
3510 130 1
3738 130 1
1877 130 1
3107 130 1
1132 130 1
3521 130 1
58 130 1
2540 130 1
1617 130 1
606 130 1
3544 130 1
419 130 1
3509 130 1
2120 131 1
3272 131 1
3776 131 1
3452 131 1
2762 131 1
623 131 1
328 131 1
2765 131 1
192 131 1
2536 131 1
1458 131 1
786 131 1
836 131 1
2966 131 1
558 131 1
2108 131 1
1803 131 1
1512 131 1
1961 131 1
3527 131 1
2321 131 1
2026 131 1
3485 131 1
33 131 1
1125 131 1
345 131 1
573 131 1
1927 131 1
3633 131 1
1259 131 1
2591 131 1
3401 131 1
829 131 1
2501 131 1
965 131 1
6 131 1
906 131 1
2296 131 1
2489 131 1
455 131 1
231 131 1
681 131 1
2141 131 1
359 131 1
3422 131 1
1085 131 1
1601 131 1
337 131 1
2464 131 1
3725 131 1
2951 131 1
2406 131 1
2256 131 1
1065 131 1
2509 131 1
2037 131 1
839 131 1
3316 131 1
1663 131 1
557 131 1
364 131 1
742 131 1
3353 131 1
2804 131 1
1058 131 1
3270 131 1
3076 131 1
2190 131 1
3453 131 1
2340 131 1
1490 131 1
2141 131 1
693 131 1
516 131 1
2759 131 1
2741 131 1
1570 131 1
3849 131 1
1354 131 1
2988 131 1
1591 131 1
2224 131 1
1648 131 1
2501 131 1
2730 131 1
1307 131 1
2499 131 1
760 131 1
124 131 1
1513 131 1
3511 131 1
975 131 1
2388 131 1
187 131 1
1419 131 1
1374 131 1
2847 131 1
1722 131 1
1202 131 1
3642 131 1
189 131 1
636 131 1
3452 131 1
3525 131 1
840 131 1
925 131 1
1390 131 1
3402 131 1
750 131 1
892 131 1
3092 131 1
3370 131 1
414 131 1
910 131 1
253 131 1
3152 131 1
2830 131 1
2739 131 1
531 131 1
2916 131 1
2851 131 1
2401 131 1
2420 131 1
127 131 1
3212 131 1
2305 131 1
229 131 1
513 131 1
2489 131 1
1246 131 1
1678 131 1
2694 131 1
1118 131 1
935 131 1
567 131 1
968 131 1
706 131 1
147 131 1
2218 131 1
3218 131 1
3338 131 1
1851 131 1
3149 131 1
2365 131 1
439 131 1
1010 131 1
3158 131 1
3531 131 1
1256 131 1
3377 131 1
857 131 1
35 131 1
1997 131 1
398 131 1
1081 131 1
3074 131 1
163 131 1
2864 131 1
1500 131 1
2752 131 1
1700 131 1
189 131 1
3657 131 1
3637 131 1
1584 131 1
1895 131 1
2480 131 1
3114 131 1
1175 131 1
3413 131 1
3035 131 1
1430 131 1
2356 131 1
3132 131 1
3803 131 1
1418 131 1
1787 131 1
3024 131 1
762 131 1
581 131 1
2922 131 1
1398 131 1
791 131 1
1013 131 1
2510 131 1
2351 131 1
2216 131 1
1324 131 1
880 131 1
1667 131 1
3356 131 1
1870 131 1
489 131 1
1699 131 1
488 131 1
1160 131 1
2229 131 1
2788 131 1
1766 131 1
2163 131 1
920 131 1
1845 131 1
1676 131 1
2219 131 1
1305 131 1
1972 131 1
2517 131 1
635 131 1
2241 131 1
2133 131 1
1085 131 1
1153 131 1
2230 131 1
1376 131 1
1171 131 1
2093 131 1
222 131 1
64 131 1
219 131 1
2414 131 1
1390 131 1
3224 131 1
178 131 1
452 131 1
3621 131 1
3550 131 1
3796 131 1
328 131 1
1625 131 1
2529 131 1
158 131 1
1600 131 1
3619 131 1
3203 131 1
3325 131 1
2768 131 1
2002 131 1
1328 131 1
2371 131 1
3646 131 1
1413 131 1
3367 131 1
805 131 1
904 131 1
2350 131 1
3569 131 1
3316 131 1
494 131 1
2315 131 1
2844 131 1
408 131 1
449 131 1
3628 131 1
2742 131 1
2328 131 1
3388 131 1
722 131 1
2079 131 1
1529 131 1
3398 131 1
1289 131 1
2889 131 1
3638 131 1
3610 131 1
1219 131 1
2616 131 1
67 131 1
2072 131 1
452 131 1
3005 131 1
331 131 1
379 131 1
701 131 1
2579 131 1
2794 131 1
356 131 1
891 131 1
3637 131 1
727 131 1
2756 131 1
3202 131 1
949 131 1
299 131 1
798 131 1
831 131 1
3352 131 1
0 131 1
3820 131 1
2972 131 1
3325 131 1
3633 131 1
398 131 1
2005 131 1
2511 131 1
213 131 1
2181 131 1
2605 131 1
1222 131 1
3247 131 1
1420 131 1
398 131 1
2380 131 1
645 131 1
3209 131 1
2054 131 1
93 131 1
2806 131 1
666 131 1
950 131 1
3744 131 1
3255 131 1
1294 131 1
739 131 1
700 131 1
451 131 1
1227 131 1
1427 131 1
2441 131 1
389 131 1
1931 131 1
2007 131 1
2476 131 1
482 131 1
1696 131 1
3738 131 1
804 131 1
964 131 1
1704 131 1
3747 131 1
2494 131 1
3216 131 1
3470 131 1
1406 131 1
3203 131 1
681 131 1
1673 131 1
785 131 1
1170 131 1
2786 131 1
1065 131 1
1410 131 1
931 131 1
2210 131 1
2678 131 1
2953 131 1
3123 132 1
1635 132 1
2201 132 1
1346 132 1
2414 132 1
2272 132 1
3121 132 1
3465 132 1
3598 132 1
3411 132 1
2969 132 1
1355 132 1
1960 132 1
589 132 1
175 132 1
2216 132 1
3524 132 1
3728 132 1
2139 132 1
285 132 1
415 132 1
2874 132 1
2384 132 1
252 132 1
1145 132 1
361 132 1
167 132 1
2215 132 1
25 132 1
3372 132 1
2853 132 1
1997 132 1
2954 132 1
2648 132 1
2052 132 1
241 132 1
601 132 1
1834 132 1
3309 132 1
1459 132 1
3387 132 1
845 132 1
1612 132 1
1568 132 1
2872 132 1
3180 132 1
2422 132 1
1625 132 1
1931 132 1
1498 132 1
2404 132 1
809 132 1
2779 132 1
2099 132 1
3194 132 1
3718 132 1
2690 132 1
3208 132 1
1456 132 1
7 132 1
3250 132 1
587 132 1
2889 132 1
1570 132 1
1602 132 1
3087 132 1
3014 132 1
121 132 1
2917 132 1
198 132 1
2583 132 1
3795 132 1
45 132 1
1149 132 1
2988 132 1
381 132 1
1916 132 1
3673 132 1
1836 132 1
1177 132 1
930 132 1
3784 132 1
1785 132 1
3096 132 1
3674 132 1
2150 132 1
2975 132 1
287 132 1
3126 132 1
3245 132 1
1699 132 1
943 132 1
1074 132 1
3141 132 1
2243 132 1
210 132 1
445 132 1
1448 132 1
2495 132 1
2466 132 1
2399 132 1
2876 132 1
1977 132 1
823 132 1
3681 132 1
2960 132 1
3659 132 1
1132 132 1
2018 132 1
117 132 1
409 132 1
1065 132 1
1963 132 1
259 132 1
3514 132 1
2494 132 1
859 132 1
7 132 1
3322 132 1
1608 132 1
2238 132 1
1109 132 1
1814 132 1
3734 132 1
665 132 1
3363 132 1
1809 132 1
9 132 1
3531 132 1
3721 132 1
3289 132 1
3589 132 1
2552 132 1
3484 132 1
958 132 1
1276 132 1
2398 132 1
2412 132 1
1771 132 1
2045 132 1
1017 132 1
2929 132 1
1665 132 1
15 132 1
3100 132 1
594 132 1
83 132 1
2289 132 1
3417 132 1
3306 132 1
2014 132 1
1789 132 1
1706 132 1
1443 132 1
2231 132 1
2622 132 1
993 132 1
775 132 1
1886 132 1
2044 132 1
2366 132 1
2104 132 1
1773 132 1
228 132 1
2543 132 1
878 132 1
138 132 1
480 132 1
191 132 1
109 132 1
1550 132 1
673 132 1
865 132 1
348 132 1
1192 132 1
2178 132 1
1050 132 1
2178 132 1
3596 132 1
2354 132 1
1584 132 1
2530 132 1
3777 132 1
2511 132 1
3334 132 1
3251 132 1
2005 132 1
3411 132 1
2197 132 1
2143 132 1
2055 132 1
78 132 1
840 132 1
583 132 1
2521 132 1
3688 132 1
2325 132 1
5 132 1
321 132 1
284 132 1
3832 132 1
3734 132 1
1854 132 1
1033 132 1
3082 132 1
2562 132 1
476 132 1
318 132 1
613 132 1
2891 132 1
1373 132 1
1357 132 1
2452 132 1
2206 132 1
826 132 1
3856 132 1
36 132 1
2962 132 1
3192 132 1
2389 132 1
3702 132 1
2780 132 1
3076 132 1
222 132 1
3689 132 1
236 132 1
392 132 1
287 132 1
3044 132 1
1122 132 1
699 132 1
2815 132 1
499 132 1
1129 132 1
505 132 1
3222 132 1
1617 132 1
2723 132 1
852 132 1
2968 132 1
1574 132 1
1885 132 1
3635 132 1
1358 132 1
2134 132 1
182 132 1
1322 132 1
468 132 1
2169 132 1
113 132 1
816 132 1
3674 132 1
1184 132 1
785 132 1
1711 132 1
364 132 1
136 132 1
3126 132 1
2028 132 1
1568 132 1
864 132 1
3745 132 1
2726 132 1
2567 132 1
917 132 1
3508 132 1
3177 132 1
1459 132 1
1808 132 1
22 132 1
1949 132 1
2365 132 1
1180 132 1
1337 132 1
800 132 1
3072 132 1
713 132 1
3613 132 1
3553 132 1
596 132 1
3660 132 1
2612 132 1
2029 132 1
748 132 1
1498 132 1
1254 132 1
1446 132 1
3777 132 1
3478 132 1
3691 132 1
1283 132 1
3741 132 1
3430 132 1
2424 132 1
1940 132 1
3306 132 1
2339 132 1
2183 132 1
1115 132 1
3557 132 1
95 132 1
2588 132 1
3221 132 1
1057 132 1
1793 132 1
3175 132 1
714 132 1
3754 132 1
771 132 1
1004 132 1
1096 132 1
3144 132 1
685 132 1
1718 132 1
1013 132 1
2845 132 1
852 132 1
263 132 1
2917 132 1
3233 132 1
3135 132 1
2163 132 1
3480 132 1
844 132 1
283 132 1
2963 132 1
3604 132 1
2637 132 1
851 132 1
3496 132 1
1301 132 1
1905 132 1
994 132 1
90 132 1
735 132 1
2128 132 1
867 132 1
704 132 1
3828 132 1
607 132 1
3530 132 1
2790 132 1
1718 132 1
1408 132 1
3502 132 1
2131 133 1
1110 133 1
1015 133 1
2865 133 1
693 133 1
2739 133 1
1094 133 1
1498 133 1
400 133 1
3055 133 1
847 133 1
2435 133 1
1069 133 1
373 133 1
262 133 1
1483 133 1
3209 133 1
465 133 1
1510 133 1
3438 133 1
1802 133 1
2682 133 1
1044 133 1
3533 133 1
929 133 1
2482 133 1
615 133 1
1772 133 1
1555 133 1
940 133 1
1697 133 1
2587 133 1
2676 133 1
897 133 1
883 133 1
1590 133 1
3139 133 1
1971 133 1
616 133 1
1598 133 1
2141 133 1
838 133 1
1399 133 1
1302 133 1
3655 133 1
1254 133 1
1153 133 1
2264 133 1
3625 133 1
15 133 1
2758 133 1
3332 133 1
2674 133 1
3346 133 1
2788 133 1
2374 133 1
1209 133 1
2072 133 1
1534 133 1
1444 133 1
2820 133 1
3315 133 1
1831 133 1
873 133 1
451 133 1
2282 133 1
1050 133 1
2547 133 1
60 133 1
1441 133 1
2542 133 1
229 133 1
449 133 1
3497 133 1
1605 133 1
771 133 1
2969 133 1
24 133 1
3820 133 1
2213 133 1
1181 133 1
3019 133 1
352 133 1
2616 133 1
3449 133 1
470 133 1
1048 133 1
68 133 1
2493 133 1
3256 133 1
2048 133 1
2348 133 1
3844 133 1
95 133 1
3288 133 1
2682 133 1
79 133 1
216 133 1
3750 133 1
2174 133 1
961 133 1
79 133 1
1978 133 1
527 133 1
2868 133 1
2851 133 1
1231 133 1
2925 133 1
3288 133 1
1034 133 1
2338 133 1
2329 133 1
2292 133 1
1668 133 1
467 133 1
1374 133 1
186 133 1
3177 133 1
2026 133 1
2851 133 1
2575 133 1
2513 133 1
3854 133 1
777 133 1
2538 133 1
1687 133 1
3458 133 1
2917 133 1
2717 133 1
715 133 1
1288 133 1
2794 133 1
489 133 1
404 133 1
3614 133 1
2262 133 1
2874 133 1
381 133 1
894 133 1
3530 133 1
1058 133 1
2240 133 1
3066 133 1
3843 133 1
273 133 1
1523 133 1
3823 133 1
856 133 1
423 133 1
1523 133 1
2423 133 1
3172 133 1
598 133 1
290 133 1
2561 133 1
285 133 1
3559 133 1
523 133 1
1021 133 1
3342 133 1
2752 133 1
1570 133 1
2791 133 1
3064 133 1
1243 133 1
2975 133 1
454 133 1
2782 133 1
2415 133 1
708 133 1
2138 133 1
253 133 1
616 133 1
1601 133 1
3341 133 1
2363 133 1
2295 133 1
910 133 1
3265 133 1
3746 133 1
1851 133 1
3061 133 1
1721 133 1
1831 133 1
790 133 1
2991 133 1
2811 133 1
728 133 1
1806 133 1
2991 133 1
60 133 1
950 133 1
2376 133 1
2209 133 1
1959 133 1
1503 133 1
1146 133 1
661 133 1
2902 133 1
1317 133 1
1204 133 1
822 133 1
315 133 1
831 133 1
2359 133 1
3614 133 1
2835 133 1
2638 133 1
1705 133 1
1510 133 1
2024 133 1
1381 133 1
552 133 1
3110 133 1
2913 133 1
2786 133 1
3109 133 1
2889 133 1
1539 133 1
1195 133 1
1828 133 1
1848 133 1
480 133 1
413 133 1
309 133 1
1957 133 1
2297 133 1
2276 133 1
1661 133 1
1876 133 1
625 133 1
199 133 1
2679 133 1
217 133 1
586 133 1
960 133 1
2821 133 1
949 133 1
1974 133 1
1843 133 1
3256 133 1
3006 133 1
1534 133 1
1995 133 1
1896 133 1
3128 133 1
389 133 1
1045 133 1
2639 133 1
2105 133 1
3099 133 1
1644 133 1
3127 133 1
2439 133 1
1957 133 1
1514 133 1
2003 133 1
828 133 1
3698 133 1
427 133 1
3405 133 1
2580 133 1
189 133 1
1082 133 1
3225 133 1
590 133 1
3470 133 1
1738 133 1
2049 133 1
248 133 1
2857 133 1
3045 133 1
3556 133 1
2549 133 1
3241 133 1
3531 133 1
1684 133 1
1108 133 1
1195 133 1
3304 133 1
3666 133 1
719 133 1
1265 133 1
3710 133 1
667 133 1
3681 133 1
207 133 1
1602 133 1
2252 133 1
2157 133 1
378 133 1
2639 133 1
1313 133 1
2101 133 1
1153 133 1
756 133 1
255 133 1
1087 133 1
816 133 1
192 133 1
204 133 1
3329 133 1
3015 133 1
1954 133 1
3451 133 1
3694 133 1
1883 133 1
1553 133 1
2540 133 1
1209 133 1
623 133 1
2166 133 1
2660 133 1
2760 133 1
1529 133 1
1663 133 1
1477 133 1
2985 133 1
3585 133 1
792 133 1
2999 133 1
2780 133 1
3438 133 1
1357 133 1
1605 133 1
3746 133 1
2996 133 1
1144 133 1
2850 133 1
1599 133 1
1060 133 1
3215 133 1
157 133 1
2958 133 1
460 133 1
3735 133 1
1760 133 1
507 133 1
1727 133 1
2990 133 1
3195 133 1
1498 133 1
3298 133 1
3119 133 1
2702 133 1
2818 134 1
2586 134 1
1152 134 1
858 134 1
1562 134 1
3805 134 1
2938 134 1
13 134 1
1431 134 1
494 134 1
3603 134 1
1945 134 1
2333 134 1
2995 134 1
3674 134 1
3632 134 1
2345 134 1
3571 134 1
1998 134 1
2190 134 1
1500 134 1
2758 134 1
3385 134 1
3078 134 1
139 134 1
3844 134 1
3173 134 1
1782 134 1
1844 134 1
619 134 1
1821 134 1
1702 134 1
3508 134 1
942 134 1
991 134 1
2811 134 1
1717 134 1
2182 134 1
1338 134 1
2790 134 1
2589 134 1
3206 134 1
1636 134 1
3482 134 1
3586 134 1
525 134 1
1168 134 1
1280 134 1
3037 134 1
2582 134 1
1626 134 1
2321 134 1
3592 134 1
3523 134 1
1808 134 1
252 134 1
677 134 1
2959 134 1
2008 134 1
3291 134 1
1681 134 1
3415 134 1
2089 134 1
2757 134 1
2374 134 1
3755 134 1
3336 134 1
3165 134 1
1605 134 1
376 134 1
2294 134 1
3065 134 1
2322 134 1
3397 134 1
477 134 1
2574 134 1
3211 134 1
1879 134 1
398 134 1
2609 134 1
1847 134 1
1387 134 1
1992 134 1
2643 134 1
1715 134 1
3148 134 1
2006 134 1
1517 134 1
379 134 1
3271 134 1
3741 134 1
1260 134 1
2715 134 1
901 134 1
503 134 1
2638 134 1
1476 134 1
1975 134 1
486 134 1
1585 134 1
2374 134 1
710 134 1
2314 134 1
3184 134 1
1707 134 1
1072 134 1
1748 134 1
1929 134 1
1825 134 1
1486 134 1
1320 134 1
753 134 1
1568 134 1
532 134 1
1901 134 1
2405 134 1
2841 134 1
1882 134 1
0 134 1
586 134 1
1139 134 1
3787 134 1
2571 134 1
913 134 1
585 134 1
316 134 1
2899 134 1
1217 134 1
2360 134 1
2843 134 1
1002 134 1
538 134 1
257 134 1
1807 134 1
3490 134 1
914 134 1
2532 134 1
2867 134 1
2977 134 1
3187 134 1
511 134 1
1038 134 1
739 134 1
423 134 1
1154 134 1
968 134 1
2062 134 1
2944 134 1
1122 134 1
1791 134 1
274 134 1
85 134 1
2999 134 1
1211 134 1
91 134 1
1341 134 1
320 134 1
3535 134 1
3304 134 1
2272 134 1
749 134 1
1603 134 1
2253 134 1
3114 134 1
2159 134 1
3362 134 1
2986 134 1
1172 134 1
2221 134 1
1984 134 1
1215 134 1
1923 134 1
862 134 1
1507 134 1
3176 134 1
575 134 1
282 134 1
3191 134 1
881 134 1
1066 134 1
1274 134 1
2221 134 1
1113 134 1
3034 134 1
3234 134 1
3429 134 1
2011 134 1
2918 134 1
3681 134 1
285 134 1
1885 134 1
2390 134 1
3501 134 1
1496 134 1
2713 134 1
483 134 1
2241 134 1
2605 134 1
2907 134 1
2002 134 1
79 134 1
1577 134 1
1159 134 1
3592 134 1
3825 134 1
1950 134 1
1275 134 1
3045 134 1
1588 134 1
1791 134 1
2130 134 1
3392 134 1
1346 134 1
336 134 1
3626 134 1
1008 134 1
2663 134 1
830 134 1
198 134 1
2178 134 1
2103 134 1
3427 134 1
2419 134 1
1398 134 1
385 134 1
703 134 1
3767 134 1
3231 134 1
167 134 1
1946 134 1
535 134 1
2886 134 1
193 134 1
618 134 1
2689 134 1
1267 134 1
666 134 1
1915 134 1
1580 134 1
221 134 1
3086 134 1
1986 134 1
10 134 1
3766 134 1
1521 134 1
2999 134 1
1932 134 1
809 134 1
656 134 1
2135 134 1
666 134 1
2957 134 1
1410 134 1
418 134 1
1293 134 1
1087 134 1
2973 134 1
1312 134 1
2815 134 1
378 134 1
1041 134 1
41 134 1
190 134 1
3452 134 1
1962 134 1
3627 134 1
2882 134 1
1148 134 1
2724 134 1
1577 134 1
3802 134 1
2332 134 1
1750 134 1
3783 134 1
2404 134 1
2697 134 1
727 134 1
2503 134 1
1703 134 1
287 134 1
2171 134 1
3531 134 1
1752 134 1
3026 134 1
440 134 1
2468 134 1
2302 134 1
159 134 1
2957 134 1
2478 134 1
1197 134 1
3107 134 1
3694 134 1
464 134 1
915 134 1
1988 134 1
1378 134 1
1036 134 1
2327 134 1
3692 134 1
1099 134 1
1565 134 1
1616 134 1
2804 134 1
771 134 1
367 134 1
2687 134 1
2185 134 1
1089 134 1
1064 134 1
582 134 1
2883 134 1
1492 134 1
1306 134 1
2885 134 1
1771 134 1
1505 134 1
2710 134 1
2387 134 1
3058 134 1
2860 134 1
671 134 1
3057 134 1
3320 134 1
856 134 1
708 134 1
1149 134 1
897 134 1
1098 134 1
3008 134 1
1646 134 1
2761 134 1
2501 134 1
331 134 1
1404 134 1
958 134 1
637 134 1
2034 134 1
3390 134 1
111 134 1
3302 134 1
982 134 1
1057 134 1
3362 134 1
3240 134 1
2607 135 1
393 135 1
375 135 1
3155 135 1
2784 135 1
401 135 1
2150 135 1
668 135 1
1544 135 1
780 135 1
619 135 1
409 135 1
3614 135 1
2897 135 1
209 135 1
2867 135 1
2174 135 1
1131 135 1
3818 135 1
2686 135 1
424 135 1
203 135 1
801 135 1
665 135 1
1217 135 1
258 135 1
601 135 1
1512 135 1
579 135 1
927 135 1
2393 135 1
1403 135 1
1905 135 1
565 135 1
1856 135 1
2197 135 1
1236 135 1
3703 135 1
1374 135 1
98 135 1
2020 135 1
1383 135 1
1878 135 1
2532 135 1
1822 135 1
3063 135 1
1447 135 1
2101 135 1
639 135 1
2700 135 1
594 135 1
3790 135 1
1044 135 1
279 135 1
3007 135 1
1663 135 1
1611 135 1
3806 135 1
307 135 1
780 135 1
3237 135 1
3133 135 1
541 135 1
271 135 1
3601 135 1
3835 135 1
218 135 1
1300 135 1
2517 135 1
2220 135 1
3000 135 1
1999 135 1
687 135 1
3144 135 1
536 135 1
733 135 1
2330 135 1
2973 135 1
1015 135 1
3690 135 1
1092 135 1
679 135 1
1879 135 1
2123 135 1
2462 135 1
3487 135 1
910 135 1
1372 135 1
1722 135 1
1431 135 1
2165 135 1
277 135 1
2699 135 1
576 135 1
637 135 1
545 135 1
878 135 1
2731 135 1
3788 135 1
3309 135 1
627 135 1
2419 135 1
2973 135 1
111 135 1
3552 135 1
1200 135 1
2235 135 1
527 135 1
3512 135 1
82 135 1
1836 135 1
529 135 1
264 135 1
3218 135 1
677 135 1
2682 135 1
2888 135 1
1892 135 1
2800 135 1
2064 135 1
2958 135 1
2701 135 1
3060 135 1
1245 135 1
1260 135 1
90 135 1
992 135 1
1594 135 1
224 135 1
2220 135 1
1246 135 1
2759 135 1
1437 135 1
3473 135 1
839 135 1
430 135 1
1228 135 1
1245 135 1
731 135 1
353 135 1
2034 135 1
1844 135 1
538 135 1
3169 135 1
3172 135 1
2051 135 1
1643 135 1
448 135 1
3127 135 1
3044 135 1
1706 135 1
3573 135 1
723 135 1
1656 135 1
1434 135 1
2681 135 1
2997 135 1
1545 135 1
2277 135 1
3125 135 1
2374 135 1
213 135 1
1902 135 1
1893 135 1
2619 135 1
83 135 1
1813 135 1
3518 135 1
2344 135 1
1892 135 1
766 135 1
880 135 1
3057 135 1
2174 135 1
1563 135 1
2801 135 1
799 135 1
2843 135 1
2125 135 1
825 135 1
3296 135 1
1418 135 1
1427 135 1
839 135 1
1746 135 1
2270 135 1
934 135 1
3336 135 1
3464 135 1
30 135 1
3732 135 1
718 135 1
636 135 1
1595 135 1
2087 135 1
431 135 1
2379 135 1
2223 135 1
2180 135 1
3332 135 1
1575 135 1
1450 135 1
3775 135 1
905 135 1
2477 135 1
166 135 1
1717 135 1
900 135 1
826 135 1
1787 135 1
1455 135 1
498 135 1
3138 135 1
3599 135 1
1440 135 1
1672 135 1
872 135 1
1283 135 1
1538 135 1
1942 135 1
3750 135 1
3148 135 1
1203 135 1
1573 135 1
2458 135 1
1453 135 1
271 135 1
1485 135 1
922 135 1
808 135 1
1398 135 1
2146 135 1
1295 135 1
2789 135 1
449 135 1
782 135 1
3301 135 1
2412 135 1
1760 135 1
3363 135 1
1546 135 1
2973 135 1
2325 135 1
687 135 1
1056 135 1
2857 135 1
145 135 1
2061 135 1
843 135 1
3738 135 1
1180 135 1
2500 135 1
1213 135 1
1209 135 1
2731 135 1
1170 135 1
2268 135 1
140 135 1
2812 135 1
2555 135 1
2006 135 1
1524 135 1
2154 135 1
993 135 1
3037 135 1
2425 135 1
2252 135 1
2701 135 1
1744 135 1
2825 135 1
3646 135 1
1073 135 1
3023 135 1
3546 135 1
2601 135 1
1563 135 1
1860 135 1
248 135 1
43 135 1
567 135 1
3253 135 1
3433 135 1
2437 135 1
1759 135 1
1653 135 1
3737 135 1
2687 135 1
1580 135 1
2767 135 1
3415 135 1
3246 135 1
2901 135 1
3372 135 1
3038 135 1
52 135 1
2080 135 1
3760 135 1
1364 135 1
1897 135 1
2754 135 1
2472 135 1
1582 135 1
746 135 1
3691 135 1
131 135 1
1598 135 1
1845 135 1
1013 135 1
2573 135 1
3191 135 1
580 135 1
2994 135 1
3514 135 1
358 135 1
3811 135 1
400 135 1
560 135 1
0 135 1
927 135 1
889 135 1
1169 135 1
426 135 1
2478 135 1
2828 135 1
3340 135 1
468 135 1
1700 135 1
2696 135 1
88 135 1
2061 135 1
443 135 1
3538 135 1
3085 135 1
1225 135 1
781 135 1
3461 135 1
1745 135 1
351 135 1
2274 135 1
620 135 1
3774 135 1
479 135 1
1606 135 1
516 135 1
3710 135 1
2991 136 1
1780 136 1
2023 136 1
3037 136 1
1881 136 1
3632 136 1
1738 136 1
2448 136 1
647 136 1
3071 136 1
1393 136 1
1638 136 1
3018 136 1
2387 136 1
364 136 1
2522 136 1
2185 136 1
3533 136 1
1908 136 1
31 136 1
2704 136 1
3498 136 1
1477 136 1
3536 136 1
870 136 1
3295 136 1
2365 136 1
2141 136 1
2650 136 1
2056 136 1
3740 136 1
1653 136 1
1961 136 1
1205 136 1
509 136 1
2810 136 1
3301 136 1
2983 136 1
1596 136 1
1461 136 1
1160 136 1
1575 136 1
1803 136 1
1302 136 1
761 136 1
3284 136 1
3662 136 1
717 136 1
3659 136 1
1311 136 1
1484 136 1
1149 136 1
587 136 1
421 136 1
1284 136 1
3563 136 1
2896 136 1
140 136 1
1736 136 1
2917 136 1
3 136 1
563 136 1
2686 136 1
2898 136 1
1453 136 1
432 136 1
1663 136 1
722 136 1
667 136 1
172 136 1
1982 136 1
1203 136 1
635 136 1
2718 136 1
2529 136 1
895 136 1
417 136 1
1347 136 1
908 136 1
2052 136 1
2086 136 1
922 136 1
2062 136 1
3733 136 1
2885 136 1
895 136 1
59 136 1
2176 136 1
967 136 1
1574 136 1
2016 136 1
1042 136 1
183 136 1
548 136 1
3342 136 1
2764 136 1
2610 136 1
3052 136 1
2865 136 1
3176 136 1
86 136 1
1955 136 1
1396 136 1
483 136 1
2030 136 1
1924 136 1
2506 136 1
2525 136 1
1229 136 1
3498 136 1
110 136 1
3366 136 1
2325 136 1
1619 136 1
1261 136 1
1585 136 1
3444 136 1
2278 136 1
2249 136 1
2780 136 1
1516 136 1
3545 136 1
1743 136 1
2411 136 1
2496 136 1
604 136 1
2780 136 1
3346 136 1
645 136 1
74 136 1
2494 136 1
3270 136 1
1453 136 1
111 136 1
332 136 1
1843 136 1
2288 136 1
3769 136 1
22 136 1
3186 136 1
1089 136 1
815 136 1
2994 136 1
3523 136 1
623 136 1
3471 136 1
3453 136 1
3466 136 1
171 136 1
3827 136 1
899 136 1
68 136 1
3558 136 1
930 136 1
1277 136 1
1373 136 1
2154 136 1
1878 136 1
2995 136 1
2627 136 1
2195 136 1
1886 136 1
1837 136 1
1347 136 1
3750 136 1
1696 136 1
342 136 1
1151 136 1
3100 136 1
3353 136 1
2463 136 1
23 136 1
950 136 1
2559 136 1
653 136 1
3116 136 1
2224 136 1
911 136 1
3447 136 1
2647 136 1
1390 136 1
2878 136 1
3150 136 1
863 136 1
1523 136 1
756 136 1
454 136 1
662 136 1
2814 136 1
2848 136 1
129 136 1
3576 136 1
2399 136 1
2087 136 1
2151 136 1
859 136 1
3156 136 1
2018 136 1
893 136 1
3368 136 1
3419 136 1
3083 136 1
3276 136 1
2850 136 1
1043 136 1
887 136 1
758 136 1
1134 136 1
75 136 1
1783 136 1
2230 136 1
231 136 1
902 136 1
1577 136 1
2339 136 1
1313 136 1
109 136 1
2121 136 1
2234 136 1
528 136 1
1093 136 1
2363 136 1
3280 136 1
14 136 1
53 136 1
1394 136 1
1103 136 1
1680 136 1
1825 136 1
3278 136 1
2244 136 1
3722 136 1
1583 136 1
999 136 1
3588 136 1
447 136 1
3713 136 1
792 136 1
2010 136 1
3324 136 1
2697 136 1
1483 136 1
1259 136 1
2532 136 1
3328 136 1
3515 136 1
2459 136 1
1262 136 1
1144 136 1
2059 136 1
1163 136 1
1941 136 1
2046 136 1
1516 136 1
1952 136 1
465 136 1
2734 136 1
757 136 1
2284 136 1
59 136 1
34 136 1
1927 136 1
2623 136 1
2940 136 1
2257 136 1
1345 136 1
2474 136 1
3691 136 1
998 136 1
1419 136 1
2910 136 1
706 136 1
3814 136 1
80 136 1
1785 136 1
843 136 1
2215 136 1
221 136 1
2304 136 1
2927 136 1
2865 136 1
2929 136 1
3265 136 1
2442 136 1
2899 136 1
1058 136 1
575 136 1
3074 136 1
1166 136 1
1338 136 1
1134 136 1
615 136 1
2077 136 1
1931 136 1
2547 136 1
3626 136 1
2577 136 1
36 136 1
1160 136 1
1329 136 1
891 136 1
427 136 1
2786 136 1
1208 136 1
890 136 1
848 136 1
1742 136 1
612 136 1
3309 136 1
2758 136 1
2732 136 1
127 136 1
2004 136 1
1560 136 1
1289 136 1
2607 136 1
150 136 1
2211 136 1
2923 136 1
435 136 1
1541 136 1
2351 136 1
373 136 1
2932 136 1
3244 136 1
3662 136 1
99 136 1
383 136 1
1464 136 1
2725 136 1
3528 136 1
663 136 1
3507 136 1
1288 136 1
1763 136 1
968 136 1
204 136 1
1303 136 1
394 136 1
3611 136 1
1403 136 1
1123 136 1
3222 136 1
2826 136 1
1282 136 1
863 137 1
1977 137 1
1553 137 1
2039 137 1
2904 137 1
2582 137 1
1349 137 1
1892 137 1
2959 137 1
1637 137 1
2794 137 1
2254 137 1
2130 137 1
261 137 1
352 137 1
1273 137 1
1410 137 1
20 137 1
3000 137 1
2941 137 1
2160 137 1
598 137 1
917 137 1
1843 137 1
2909 137 1
2386 137 1
3066 137 1
927 137 1
3273 137 1
2409 137 1
2428 137 1
3396 137 1
1788 137 1
3065 137 1
2301 137 1
1805 137 1
520 137 1
459 137 1
2837 137 1
1204 137 1
3284 137 1
1732 137 1
3768 137 1
1509 137 1
1402 137 1
2616 137 1
1570 137 1
2531 137 1
773 137 1
3379 137 1
1176 137 1
2672 137 1
2841 137 1
915 137 1
507 137 1
35 137 1
235 137 1
2375 137 1
1190 137 1
500 137 1
2159 137 1
1808 137 1
1005 137 1
1137 137 1
757 137 1
2616 137 1
884 137 1
2411 137 1
1243 137 1
1256 137 1
2989 137 1
2874 137 1
3453 137 1
1491 137 1
3071 137 1
128 137 1
78 137 1
3794 137 1
2101 137 1
772 137 1
294 137 1
635 137 1
514 137 1
3072 137 1
2557 137 1
400 137 1
1939 137 1
400 137 1
358 137 1
3352 137 1
1420 137 1
482 137 1
676 137 1
1758 137 1
1576 137 1
3271 137 1
3158 137 1
433 137 1
3387 137 1
2829 137 1
729 137 1
647 137 1
3397 137 1
2171 137 1
3853 137 1
2364 137 1
2506 137 1
1899 137 1
1477 137 1
2655 137 1
2424 137 1
3796 137 1
765 137 1
833 137 1
3540 137 1
3072 137 1
1867 137 1
1839 137 1
2103 137 1
3857 137 1
230 137 1
113 137 1
775 137 1
2134 137 1
742 137 1
3785 137 1
1714 137 1
3152 137 1
3261 137 1
1767 137 1
480 137 1
2076 137 1
3355 137 1
3136 137 1
768 137 1
2058 137 1
1584 137 1
2723 137 1
3381 137 1
1885 137 1
1052 137 1
3322 137 1
3559 137 1
453 137 1
2076 137 1
2043 137 1
3091 137 1
1400 137 1
1569 137 1
7 137 1
2893 137 1
368 137 1
2431 137 1
3012 137 1
1716 137 1
2394 137 1
3706 137 1
3354 137 1
2188 137 1
2919 137 1
1607 137 1
3791 137 1
2852 137 1
1251 137 1
3739 137 1
2779 137 1
2796 137 1
791 137 1
1839 137 1
2064 137 1
2092 137 1
1486 137 1
57 137 1
3117 137 1
2240 137 1
3108 137 1
1859 137 1
1462 137 1
1288 137 1
1159 137 1
2421 137 1
3081 137 1
2988 137 1
3376 137 1
2750 137 1
1290 137 1
1543 137 1
2387 137 1
2664 137 1
903 137 1
1820 137 1
1966 137 1
1954 137 1
3197 137 1
2864 137 1
1437 137 1
1257 137 1
2908 137 1
1499 137 1
1497 137 1
2055 137 1
1419 137 1
3051 137 1
1012 137 1
224 137 1
2490 137 1
1442 137 1
3073 137 1
2663 137 1
3845 137 1
2719 137 1
1224 137 1
1693 137 1
17 137 1
283 137 1
1031 137 1
732 137 1
2821 137 1
1382 137 1
476 137 1
3131 137 1
3006 137 1
3287 137 1
1997 137 1
2298 137 1
39 137 1
2342 137 1
3345 137 1
3388 137 1
965 137 1
2365 137 1
3411 137 1
2656 137 1
3310 137 1
2361 137 1
500 137 1
1869 137 1
833 137 1
3246 137 1
2461 137 1
289 137 1
579 137 1
1884 137 1
1669 137 1
1380 137 1
2951 137 1
2431 137 1
3567 137 1
1461 137 1
2694 137 1
2044 137 1
2062 137 1
3706 137 1
285 137 1
1766 137 1
77 137 1
114 137 1
2423 137 1
2427 137 1
1084 137 1
1793 137 1
2811 137 1
1352 137 1
489 137 1
937 137 1
2674 137 1
185 137 1
1766 137 1
3341 137 1
3364 137 1
1546 137 1
450 137 1
3266 137 1
197 137 1
1487 137 1
697 137 1
3377 137 1
413 137 1
311 137 1
2836 137 1
3536 137 1
2651 137 1
872 137 1
3834 137 1
204 137 1
2264 137 1
2517 137 1
2084 137 1
3168 137 1
1434 137 1
2516 137 1
2364 137 1
1761 137 1
598 137 1
2044 137 1
2676 137 1
2287 137 1
3287 137 1
169 137 1
2876 137 1
809 137 1
3052 137 1
336 137 1
690 137 1
444 137 1
397 137 1
2786 137 1
596 137 1
3765 137 1
1655 137 1
2670 137 1
3244 137 1
2541 137 1
3452 137 1
2508 137 1
2116 137 1
2113 137 1
3370 137 1
1075 137 1
1744 137 1
1102 137 1
429 137 1
1368 137 1
645 137 1
3485 137 1
1052 137 1
479 137 1
312 137 1
1980 137 1
3584 137 1
3293 137 1
2044 137 1
3153 137 1
3180 137 1
3092 137 1
3611 137 1
3059 137 1
728 137 1
3848 137 1
2568 137 1
1354 137 1
295 137 1
3781 137 1
1493 137 1
3287 137 1
3025 138 1
3760 138 1
1617 138 1
848 138 1
3629 138 1
2399 138 1
97 138 1
2438 138 1
2474 138 1
438 138 1
2451 138 1
1586 138 1
1915 138 1
463 138 1
990 138 1
1135 138 1
2265 138 1
1187 138 1
2155 138 1
2229 138 1
3838 138 1
2935 138 1
806 138 1
140 138 1
1536 138 1
417 138 1
464 138 1
2495 138 1
130 138 1
524 138 1
2901 138 1
2263 138 1
306 138 1
2107 138 1
632 138 1
3295 138 1
2713 138 1
3283 138 1
1369 138 1
1426 138 1
42 138 1
257 138 1
1659 138 1
1588 138 1
872 138 1
2997 138 1
3104 138 1
2545 138 1
2698 138 1
2350 138 1
1507 138 1
3793 138 1
3535 138 1
1397 138 1
1768 138 1
2852 138 1
2677 138 1
593 138 1
2456 138 1
1281 138 1
2852 138 1
745 138 1
991 138 1
3710 138 1
2987 138 1
2613 138 1
3008 138 1
2362 138 1
3381 138 1
2238 138 1
1557 138 1
1497 138 1
2704 138 1
329 138 1
1600 138 1
2065 138 1
618 138 1
3608 138 1
391 138 1
1336 138 1
2287 138 1
418 138 1
1509 138 1
3589 138 1
3366 138 1
1840 138 1
2792 138 1
1041 138 1
906 138 1
773 138 1
326 138 1
5 138 1
617 138 1
37 138 1
2566 138 1
2759 138 1
1621 138 1
1009 138 1
3350 138 1
2506 138 1
9 138 1
2442 138 1
1043 138 1
453 138 1
1699 138 1
3750 138 1
2904 138 1
610 138 1
3762 138 1
3733 138 1
2211 138 1
1866 138 1
1195 138 1
3494 138 1
1091 138 1
1977 138 1
1323 138 1
2954 138 1
3086 138 1
1500 138 1
203 138 1
1838 138 1
2538 138 1
1110 138 1
851 138 1
2064 138 1
1929 138 1
2101 138 1
133 138 1
1546 138 1
3749 138 1
1381 138 1
584 138 1
276 138 1
237 138 1
1238 138 1
632 138 1
2801 138 1
1777 138 1
1150 138 1
2482 138 1
2699 138 1
1010 138 1
3412 138 1
3520 138 1
2136 138 1
2883 138 1
3043 138 1
3151 138 1
1176 138 1
1163 138 1
1746 138 1
2591 138 1
749 138 1
3779 138 1
3504 138 1
3847 138 1
450 138 1
2505 138 1
2916 138 1
1002 138 1
608 138 1
2699 138 1
167 138 1
3758 138 1
795 138 1
3718 138 1
2828 138 1
2491 138 1
2994 138 1
3829 138 1
2045 138 1
1142 138 1
1303 138 1
3580 138 1
3297 138 1
2867 138 1
2920 138 1
190 138 1
2200 138 1
3652 138 1
1224 138 1
957 138 1
3593 138 1
1379 138 1
3184 138 1
73 138 1
167 138 1
3201 138 1
3847 138 1
2344 138 1
543 138 1
99 138 1
200 138 1
2418 138 1
1373 138 1
1041 138 1
1509 138 1
1103 138 1
1130 138 1
3772 138 1
3481 138 1
3321 138 1
1167 138 1
125 138 1
3522 138 1
644 138 1
590 138 1
919 138 1
1318 138 1
2766 138 1
3457 138 1
700 138 1
3200 138 1
989 138 1
674 138 1
2212 138 1
2807 138 1
2964 138 1
3310 138 1
1275 138 1
2301 138 1
528 138 1
700 138 1
1704 138 1
2415 138 1
1436 138 1
1137 138 1
3229 138 1
347 138 1
2843 138 1
1944 138 1
3817 138 1
1043 138 1
2629 138 1
715 138 1
177 138 1
1077 138 1
2190 138 1
2310 138 1
821 138 1
2248 138 1
1122 138 1
3849 138 1
186 138 1
2839 138 1
1890 138 1
880 138 1
3147 138 1
147 138 1
1193 138 1
1947 138 1
206 138 1
233 138 1
686 138 1
2109 138 1
2004 138 1
2569 138 1
2503 138 1
3022 138 1
1211 138 1
1301 138 1
3852 138 1
1622 138 1
508 138 1
2752 138 1
847 138 1
1888 138 1
2707 138 1
3329 138 1
445 138 1
3811 138 1
2857 138 1
318 138 1
2781 138 1
2916 138 1
3396 138 1
1836 138 1
693 138 1
1918 138 1
1064 138 1
3453 138 1
1924 138 1
16 138 1
1644 138 1
90 138 1
1377 138 1
484 138 1
106 138 1
3236 138 1
839 138 1
805 138 1
1393 138 1
877 138 1
3084 138 1
3857 138 1
1932 138 1
709 138 1
3297 138 1
2583 138 1
3227 138 1
3728 138 1
464 138 1
2403 138 1
2680 138 1
1596 138 1
947 138 1
3286 138 1
1105 138 1
2541 138 1
1445 138 1
337 138 1
3314 138 1
705 138 1
1438 138 1
2530 138 1
957 138 1
200 138 1
3609 138 1
125 138 1
3634 138 1
950 138 1
629 138 1
3220 138 1
2310 138 1
1305 138 1
1261 138 1
2934 138 1
3836 138 1
2551 138 1
3078 138 1
425 138 1
1891 138 1
1486 138 1
1493 138 1
2625 138 1
3594 138 1
1287 138 1
3368 138 1
3615 138 1
529 138 1
1018 138 1
2657 138 1
471 138 1
3625 138 1
3230 139 1
988 139 1
110 139 1
1024 139 1
1879 139 1
3196 139 1
1949 139 1
1908 139 1
2823 139 1
2886 139 1
280 139 1
2565 139 1
2316 139 1
465 139 1
826 139 1
2270 139 1
408 139 1
3547 139 1
874 139 1
936 139 1
2158 139 1
1881 139 1
2358 139 1
1387 139 1
2511 139 1
1966 139 1
3803 139 1
312 139 1
2880 139 1
911 139 1
856 139 1
3725 139 1
2618 139 1
1614 139 1
247 139 1
167 139 1
3427 139 1
2729 139 1
2630 139 1
3229 139 1
2847 139 1
1842 139 1
1601 139 1
927 139 1
1864 139 1
793 139 1
3680 139 1
11 139 1
3626 139 1
2970 139 1
3760 139 1
1507 139 1
1993 139 1
72 139 1
697 139 1
1295 139 1
2956 139 1
953 139 1
114 139 1
2120 139 1
46 139 1
1438 139 1
3347 139 1
440 139 1
919 139 1
2355 139 1
3790 139 1
946 139 1
3172 139 1
3217 139 1
159 139 1
2158 139 1
2242 139 1
1184 139 1
3756 139 1
3689 139 1
3028 139 1
672 139 1
441 139 1
2632 139 1
3370 139 1
1840 139 1
205 139 1
1547 139 1
421 139 1
178 139 1
1055 139 1
189 139 1
2903 139 1
1870 139 1
98 139 1
2486 139 1
1659 139 1
3526 139 1
2129 139 1
3811 139 1
2199 139 1
1939 139 1
3251 139 1
1229 139 1
2967 139 1
2588 139 1
2021 139 1
3239 139 1
2556 139 1
2111 139 1
1943 139 1
223 139 1
2367 139 1
58 139 1
2068 139 1
307 139 1
647 139 1
1367 139 1
2048 139 1
790 139 1
748 139 1
2848 139 1
2480 139 1
1861 139 1
3501 139 1
3066 139 1
2035 139 1
285 139 1
2219 139 1
825 139 1
3073 139 1
3703 139 1
1283 139 1
483 139 1
2241 139 1
3179 139 1
3775 139 1
3225 139 1
1168 139 1
2277 139 1
3637 139 1
2773 139 1
3022 139 1
422 139 1
3097 139 1
443 139 1
3610 139 1
1079 139 1
3138 139 1
3673 139 1
1293 139 1
2229 139 1
618 139 1
671 139 1
432 139 1
2661 139 1
2095 139 1
2898 139 1
2526 139 1
733 139 1
1030 139 1
2585 139 1
2385 139 1
1100 139 1
673 139 1
63 139 1
2356 139 1
1649 139 1
2268 139 1
2105 139 1
3587 139 1
313 139 1
3663 139 1
1139 139 1
2784 139 1
883 139 1
1826 139 1
2254 139 1
280 139 1
3743 139 1
2925 139 1
265 139 1
1165 139 1
437 139 1
1844 139 1
1316 139 1
2262 139 1
3389 139 1
3608 139 1
2375 139 1
1048 139 1
2493 139 1
2408 139 1
2713 139 1
3087 139 1
2244 139 1
920 139 1
183 139 1
982 139 1
2295 139 1
3661 139 1
2992 139 1
3026 139 1
1714 139 1
1533 139 1
1196 139 1
3326 139 1
400 139 1
2805 139 1
543 139 1
2844 139 1
3165 139 1
3484 139 1
347 139 1
3398 139 1
1960 139 1
764 139 1
2018 139 1
3425 139 1
1965 139 1
152 139 1
2105 139 1
601 139 1
1130 139 1
3003 139 1
2641 139 1
849 139 1
1780 139 1
2121 139 1
2627 139 1
2904 139 1
2625 139 1
576 139 1
2268 139 1
3085 139 1
713 139 1
2345 139 1
3112 139 1
655 139 1
1868 139 1
1483 139 1
2282 139 1
1035 139 1
2220 139 1
2480 139 1
2395 139 1
502 139 1
1521 139 1
3383 139 1
2576 139 1
3561 139 1
1165 139 1
3771 139 1
2077 139 1
2197 139 1
3096 139 1
84 139 1
198 139 1
2585 139 1
3786 139 1
922 139 1
2111 139 1
2859 139 1
621 139 1
572 139 1
2859 139 1
1903 139 1
1663 139 1
3424 139 1
3225 139 1
2423 139 1
1711 139 1
2379 139 1
1470 139 1
1621 139 1
175 139 1
3540 139 1
1167 139 1
3026 139 1
551 139 1
199 139 1
1576 139 1
3671 139 1
3243 139 1
229 139 1
2311 139 1
1554 139 1
2130 139 1
3214 139 1
904 139 1
1295 139 1
2712 139 1
1397 139 1
1024 139 1
1383 139 1
2361 139 1
36 139 1
3344 139 1
1780 139 1
1570 139 1
2160 139 1
975 139 1
1588 139 1
566 139 1
2748 139 1
472 139 1
621 139 1
1880 139 1
3769 139 1
905 139 1
3282 139 1
2124 139 1
327 139 1
3682 139 1
1833 139 1
954 139 1
2332 139 1
3745 139 1
2710 139 1
1113 139 1
1509 139 1
690 139 1
3138 139 1
1044 139 1
1002 139 1
3259 139 1
876 139 1
1020 139 1
1610 139 1
3613 139 1
3604 139 1
3667 139 1
2934 139 1
2130 139 1
542 139 1
734 139 1
3539 139 1
391 139 1
2183 139 1
2917 139 1
2808 139 1
1494 139 1
2491 139 1
3382 139 1
2354 139 1
582 139 1
3224 139 1
1997 139 1
3729 139 1
3550 140 1
2455 140 1
3510 140 1
3672 140 1
2085 140 1
2512 140 1
2237 140 1
3419 140 1
1812 140 1
1243 140 1
1510 140 1
3124 140 1
1926 140 1
222 140 1
902 140 1
3853 140 1
2727 140 1
13 140 1
802 140 1
1157 140 1
1515 140 1
3108 140 1
1380 140 1
1358 140 1
3503 140 1
2960 140 1
254 140 1
1380 140 1
3500 140 1
2175 140 1
3472 140 1
2997 140 1
2958 140 1
3247 140 1
3798 140 1
3649 140 1
373 140 1
3613 140 1
1080 140 1
1923 140 1
300 140 1
1889 140 1
1191 140 1
1793 140 1
2493 140 1
3633 140 1
3089 140 1
295 140 1
3848 140 1
682 140 1
308 140 1
350 140 1
2796 140 1
3320 140 1
2601 140 1
312 140 1
2998 140 1
1510 140 1
3259 140 1
3091 140 1
3795 140 1
2454 140 1
902 140 1
2707 140 1
2880 140 1
2886 140 1
2858 140 1
347 140 1
148 140 1
2447 140 1
2150 140 1
3152 140 1
2895 140 1
2089 140 1
1566 140 1
114 140 1
3292 140 1
3640 140 1
2123 140 1
2996 140 1
3763 140 1
2030 140 1
2969 140 1
1224 140 1
1843 140 1
2814 140 1
64 140 1
1008 140 1
624 140 1
2827 140 1
1245 140 1
53 140 1
3691 140 1
103 140 1
2982 140 1
2276 140 1
2463 140 1
2946 140 1
3008 140 1
3196 140 1
898 140 1
1793 140 1
1014 140 1
266 140 1
3126 140 1
254 140 1
1730 140 1
2212 140 1
2509 140 1
3648 140 1
1979 140 1
248 140 1
2537 140 1
1982 140 1
1081 140 1
3279 140 1
2153 140 1
422 140 1
2306 140 1
408 140 1
3645 140 1
1539 140 1
1827 140 1
3766 140 1
2769 140 1
1416 140 1
2132 140 1
3840 140 1
2942 140 1
2997 140 1
3247 140 1
2930 140 1
880 140 1
2279 140 1
3169 140 1
1923 140 1
3209 140 1
3821 140 1
1450 140 1
633 140 1
1356 140 1
3199 140 1
1750 140 1
2036 140 1
997 140 1
2675 140 1
958 140 1
2048 140 1
1037 140 1
94 140 1
1364 140 1
684 140 1
2600 140 1
1109 140 1
3231 140 1
3219 140 1
934 140 1
1233 140 1
751 140 1
1685 140 1
112 140 1
3727 140 1
162 140 1
3002 140 1
1095 140 1
3767 140 1
2068 140 1
2154 140 1
2892 140 1
3272 140 1
2607 140 1
2158 140 1
3266 140 1
2780 140 1
1409 140 1
2972 140 1
1803 140 1
3450 140 1
3105 140 1
3008 140 1
521 140 1
1515 140 1
710 140 1
1260 140 1
3579 140 1
26 140 1
1584 140 1
713 140 1
3620 140 1
1713 140 1
2663 140 1
2163 140 1
2364 140 1
3202 140 1
109 140 1
3852 140 1
2456 140 1
3311 140 1
2158 140 1
3542 140 1
1599 140 1
265 140 1
2106 140 1
980 140 1
2802 140 1
283 140 1
337 140 1
2076 140 1
2805 140 1
1872 140 1
2013 140 1
305 140 1
3689 140 1
1393 140 1
978 140 1
7 140 1
609 140 1
646 140 1
2729 140 1
2920 140 1
496 140 1
3025 140 1
2330 140 1
1930 140 1
1717 140 1
3566 140 1
623 140 1
3828 140 1
1721 140 1
640 140 1
2184 140 1
3117 140 1
2712 140 1
3381 140 1
804 140 1
246 140 1
3595 140 1
1293 140 1
1335 140 1
1636 140 1
1744 140 1
3848 140 1
45 140 1
611 140 1
601 140 1
3072 140 1
632 140 1
217 140 1
274 140 1
383 140 1
513 140 1
996 140 1
25 140 1
198 140 1
575 140 1
1559 140 1
612 140 1
2299 140 1
3722 140 1
3597 140 1
2302 140 1
2312 140 1
734 140 1
2573 140 1
1746 140 1
2511 140 1
1408 140 1
998 140 1
3603 140 1
2090 140 1
3425 140 1
469 140 1
2883 140 1
3494 140 1
1298 140 1
3739 140 1
2183 140 1
1556 140 1
1953 140 1
3329 140 1
2229 140 1
3582 140 1
3115 140 1
2404 140 1
456 140 1
1672 140 1
101 140 1
3396 140 1
3757 140 1
3784 140 1
2649 140 1
2149 140 1
2595 140 1
1407 140 1
3388 140 1
185 140 1
796 140 1
2633 140 1
1182 140 1
3405 140 1
2646 140 1
1954 140 1
696 140 1
2041 140 1
2178 140 1
504 140 1
2708 140 1
3624 140 1
2529 140 1
1604 140 1
3570 140 1
58 140 1
2510 140 1
1067 140 1
2918 140 1
3801 140 1
1072 140 1
129 140 1
1272 140 1
1978 140 1
1694 140 1
1620 140 1
2528 140 1
2816 140 1
2541 140 1
1399 140 1
1357 140 1
204 140 1
2334 140 1
1968 140 1
1308 140 1
2885 140 1
650 140 1
1284 140 1
2481 140 1
3491 140 1
525 140 1
2656 140 1
3540 140 1
1527 140 1
1444 140 1
917 140 1
2026 140 1
3371 140 1
3351 140 1
3109 141 1
917 141 1
247 141 1
1627 141 1
3272 141 1
2427 141 1
2467 141 1
2430 141 1
3603 141 1
1866 141 1
3804 141 1
897 141 1
221 141 1
3482 141 1
1770 141 1
101 141 1
2072 141 1
3370 141 1
2168 141 1
3512 141 1
1942 141 1
884 141 1
3847 141 1
1421 141 1
1450 141 1
950 141 1
2855 141 1
113 141 1
2582 141 1
2329 141 1
2655 141 1
324 141 1
659 141 1
2324 141 1
821 141 1
3017 141 1
3489 141 1
746 141 1
3014 141 1
1157 141 1
558 141 1
1226 141 1
2854 141 1
2065 141 1
3362 141 1
589 141 1
3006 141 1
197 141 1
332 141 1
1096 141 1
1853 141 1
1752 141 1
1744 141 1
3117 141 1
916 141 1
3525 141 1
924 141 1
1726 141 1
2698 141 1
262 141 1
3597 141 1
3509 141 1
246 141 1
447 141 1
1284 141 1
230 141 1
3059 141 1
46 141 1
980 141 1
1141 141 1
3405 141 1
1267 141 1
1231 141 1
3094 141 1
3852 141 1
344 141 1
1719 141 1
1205 141 1
903 141 1
1863 141 1
3774 141 1
3401 141 1
3709 141 1
2625 141 1
442 141 1
1631 141 1
569 141 1
3587 141 1
2748 141 1
1892 141 1
2116 141 1
2965 141 1
2015 141 1
1514 141 1
2125 141 1
1256 141 1
3537 141 1
3769 141 1
147 141 1
1692 141 1
1297 141 1
2038 141 1
3205 141 1
3277 141 1
2100 141 1
3541 141 1
260 141 1
1618 141 1
1162 141 1
3338 141 1
3090 141 1
177 141 1
3581 141 1
3637 141 1
3093 141 1
3492 141 1
2260 141 1
930 141 1
1240 141 1
3791 141 1
1315 141 1
3266 141 1
2221 141 1
3134 141 1
918 141 1
1204 141 1
3296 141 1
130 141 1
3811 141 1
1425 141 1
3081 141 1
688 141 1
1294 141 1
1339 141 1
250 141 1
2304 141 1
1615 141 1
3254 141 1
60 141 1
840 141 1
902 141 1
2860 141 1
678 141 1
3203 141 1
2983 141 1
3119 141 1
2068 141 1
1113 141 1
3773 141 1
3099 141 1
2620 141 1
235 141 1
1519 141 1
1550 141 1
1827 141 1
2413 141 1
479 141 1
2584 141 1
322 141 1
3497 141 1
3327 141 1
2140 141 1
1231 141 1
3361 141 1
1075 141 1
2051 141 1
1727 141 1
3262 141 1
1983 141 1
22 141 1
2344 141 1
1369 141 1
2376 141 1
1429 141 1
3576 141 1
2515 141 1
57 141 1
1679 141 1
2655 141 1
1668 141 1
656 141 1
2555 141 1
1106 141 1
2080 141 1
1821 141 1
1086 141 1
1217 141 1
1087 141 1
479 141 1
2575 141 1
767 141 1
2975 141 1
3503 141 1
2510 141 1
3295 141 1
1179 141 1
1681 141 1
3718 141 1
634 141 1
815 141 1
1034 141 1
2623 141 1
1924 141 1
1577 141 1
3227 141 1
866 141 1
3302 141 1
2004 141 1
284 141 1
1413 141 1
2669 141 1
1680 141 1
3393 141 1
2559 141 1
2223 141 1
3458 141 1
3090 141 1
1547 141 1
3494 141 1
1082 141 1
588 141 1
2581 141 1
2396 141 1
2701 141 1
1998 141 1
747 141 1
1589 141 1
1372 141 1
19 141 1
3586 141 1
2089 141 1
1531 141 1
1971 141 1
2825 141 1
564 141 1
1056 141 1
589 141 1
3700 141 1
1987 141 1
1022 141 1
2383 141 1
3662 141 1
944 141 1
2815 141 1
3515 141 1
318 141 1
1688 141 1
281 141 1
2430 141 1
1416 141 1
1603 141 1
413 141 1
2365 141 1
3609 141 1
2786 141 1
223 141 1
2586 141 1
948 141 1
313 141 1
2476 141 1
1596 141 1
3322 141 1
934 141 1
391 141 1
3610 141 1
2263 141 1
3379 141 1
94 141 1
3593 141 1
3305 141 1
3675 141 1
1165 141 1
222 141 1
234 141 1
1511 141 1
3746 141 1
2537 141 1
623 141 1
203 141 1
1091 141 1
3762 141 1
799 141 1
1018 141 1
860 141 1
3210 141 1
2395 141 1
675 141 1
3592 141 1
83 141 1
1565 141 1
3510 141 1
3444 141 1
218 141 1
2606 141 1
1141 141 1
2705 141 1
1823 141 1
1734 141 1
2354 141 1
3207 141 1
642 141 1
560 141 1
2154 141 1
536 141 1
3036 141 1
484 141 1
862 141 1
2568 141 1
355 141 1
351 141 1
569 141 1
811 141 1
1658 141 1
749 141 1
608 141 1
1948 141 1
2049 141 1
346 141 1
3331 141 1
1637 141 1
3840 141 1
2846 141 1
851 141 1
255 141 1
3791 141 1
1541 141 1
539 141 1
308 141 1
2744 141 1
1005 141 1
1270 141 1
1119 141 1
723 141 1
2868 141 1
1771 141 1
2182 141 1
1601 141 1
2511 141 1
2666 141 1
3375 141 1
2078 141 1
1176 141 1
3305 141 1
2260 141 1
3478 141 1
551 142 1
2303 142 1
1385 142 1
2706 142 1
3299 142 1
2172 142 1
765 142 1
1527 142 1
12 142 1
2747 142 1
1144 142 1
3826 142 1
1322 142 1
3493 142 1
153 142 1
3682 142 1
1769 142 1
993 142 1
271 142 1
2259 142 1
423 142 1
1587 142 1
929 142 1
1757 142 1
2723 142 1
2107 142 1
3246 142 1
862 142 1
2002 142 1
931 142 1
2174 142 1
1229 142 1
705 142 1
2220 142 1
265 142 1
1204 142 1
1293 142 1
3464 142 1
132 142 1
254 142 1
2296 142 1
835 142 1
71 142 1
2307 142 1
866 142 1
1477 142 1
1013 142 1
3591 142 1
368 142 1
884 142 1
3660 142 1
1194 142 1
333 142 1
514 142 1
177 142 1
21 142 1
2225 142 1
535 142 1
539 142 1
966 142 1
3160 142 1
958 142 1
3516 142 1
3797 142 1
306 142 1
1059 142 1
510 142 1
3155 142 1
3518 142 1
952 142 1
1572 142 1
2064 142 1
2524 142 1
3700 142 1
2662 142 1
3181 142 1
3429 142 1
283 142 1
3696 142 1
3087 142 1
2436 142 1
2282 142 1
2153 142 1
3756 142 1
3490 142 1
3535 142 1
1709 142 1
2605 142 1
590 142 1
3181 142 1
3838 142 1
3805 142 1
3180 142 1
3840 142 1
2594 142 1
2877 142 1
3096 142 1
344 142 1
2864 142 1
2376 142 1
1052 142 1
3442 142 1
871 142 1
1533 142 1
460 142 1
3749 142 1
2558 142 1
1708 142 1
3701 142 1
857 142 1
2020 142 1
1504 142 1
3834 142 1
3037 142 1
3736 142 1
2934 142 1
2094 142 1
75 142 1
428 142 1
1786 142 1
1909 142 1
1980 142 1
2603 142 1
2990 142 1
1444 142 1
2919 142 1
1415 142 1
709 142 1
1108 142 1
1108 142 1
1675 142 1
1766 142 1
200 142 1
1376 142 1
3436 142 1
1509 142 1
1514 142 1
259 142 1
2613 142 1
2743 142 1
1054 142 1
278 142 1
1873 142 1
2303 142 1
900 142 1
21 142 1
3125 142 1
2743 142 1
1943 142 1
3312 142 1
1531 142 1
2704 142 1
3086 142 1
732 142 1
2929 142 1
1888 142 1
509 142 1
1452 142 1
3669 142 1
305 142 1
994 142 1
2163 142 1
2347 142 1
393 142 1
2009 142 1
1158 142 1
2718 142 1
3195 142 1
645 142 1
3058 142 1
178 142 1
1113 142 1
2589 142 1
3436 142 1
2001 142 1
1762 142 1
189 142 1
1708 142 1
1326 142 1
3687 142 1
2366 142 1
2296 142 1
2869 142 1
3841 142 1
3360 142 1
2513 142 1
88 142 1
1025 142 1
1518 142 1
3326 142 1
2744 142 1
3408 142 1
3035 142 1
336 142 1
3569 142 1
469 142 1
2873 142 1
1054 142 1
1289 142 1
979 142 1
3228 142 1
628 142 1
859 142 1
1493 142 1
876 142 1
3049 142 1
647 142 1
2192 142 1
1052 142 1
3212 142 1
3164 142 1
3047 142 1
487 142 1
195 142 1
34 142 1
802 142 1
3372 142 1
3514 142 1
1515 142 1
2898 142 1
1531 142 1
1877 142 1
310 142 1
2210 142 1
3735 142 1
62 142 1
3153 142 1
1416 142 1
2048 142 1
2911 142 1
351 142 1
3296 142 1
300 142 1
3812 142 1
343 142 1
1081 142 1
1692 142 1
3136 142 1
2961 142 1
1925 142 1
540 142 1
2897 142 1
3321 142 1
2833 142 1
1045 142 1
1756 142 1
305 142 1
618 142 1
1106 142 1
130 142 1
2932 142 1
2861 142 1
2779 142 1
3152 142 1
1902 142 1
2063 142 1
341 142 1
450 142 1
1874 142 1
2522 142 1
1063 142 1
3132 142 1
594 142 1
1693 142 1
763 142 1
351 142 1
3816 142 1
256 142 1
1698 142 1
1647 142 1
3475 142 1
82 142 1
1865 142 1
146 142 1
827 142 1
475 142 1
2798 142 1
14 142 1
3569 142 1
3471 142 1
1987 142 1
2726 142 1
2281 142 1
311 142 1
2734 142 1
2876 142 1
3270 142 1
3548 142 1
2367 142 1
3855 142 1
2315 142 1
3488 142 1
1628 142 1
2136 142 1
2702 142 1
567 142 1
1952 142 1
1385 142 1
251 142 1
647 142 1
3022 142 1
1110 142 1
1172 142 1
956 142 1
976 142 1
1344 142 1
1860 142 1
1767 142 1
2093 142 1
1824 142 1
1608 142 1
2332 142 1
1410 142 1
1890 142 1
1871 142 1
3070 142 1
702 142 1
160 142 1
1229 142 1
2505 142 1
316 142 1
74 142 1
1284 142 1
2471 142 1
1151 142 1
397 142 1
3599 142 1
3333 142 1
207 142 1
25 142 1
88 142 1
1007 142 1
2106 142 1
890 142 1
1020 142 1
1003 142 1
3843 142 1
2674 142 1
929 142 1
2746 142 1
1071 142 1
2547 142 1
940 142 1
2043 142 1
1500 142 1
1646 143 1
589 143 1
1006 143 1
3848 143 1
2725 143 1
1203 143 1
3401 143 1
577 143 1
13 143 1
245 143 1
2127 143 1
1412 143 1
2977 143 1
1629 143 1
3096 143 1
3279 143 1
3819 143 1
3689 143 1
3267 143 1
2567 143 1
3398 143 1
1485 143 1
1684 143 1
2591 143 1
3574 143 1
2945 143 1
1685 143 1
920 143 1
811 143 1
3000 143 1
2302 143 1
2853 143 1
109 143 1
2584 143 1
760 143 1
2729 143 1
2185 143 1
1059 143 1
1854 143 1
1383 143 1
390 143 1
2367 143 1
2529 143 1
2150 143 1
923 143 1
515 143 1
336 143 1
564 143 1
2289 143 1
2343 143 1
1199 143 1
3071 143 1
2402 143 1
3281 143 1
1064 143 1
1494 143 1
3802 143 1
2674 143 1
3117 143 1
1978 143 1
2522 143 1
1276 143 1
2247 143 1
3117 143 1
2754 143 1
1918 143 1
3180 143 1
3699 143 1
2360 143 1
815 143 1
3109 143 1
2340 143 1
2280 143 1
2656 143 1
3405 143 1
2795 143 1
1417 143 1
2195 143 1
2361 143 1
2646 143 1
468 143 1
2278 143 1
1686 143 1
3229 143 1
2299 143 1
1921 143 1
296 143 1
1346 143 1
2163 143 1
1249 143 1
74 143 1
2030 143 1
2266 143 1
3439 143 1
1975 143 1
1562 143 1
2860 143 1
2281 143 1
575 143 1
1657 143 1
3596 143 1
3485 143 1
3309 143 1
2105 143 1
813 143 1
2948 143 1
3810 143 1
2369 143 1
80 143 1
1089 143 1
1689 143 1
3293 143 1
2685 143 1
485 143 1
2541 143 1
321 143 1
1916 143 1
2079 143 1
1968 143 1
1235 143 1
3146 143 1
1897 143 1
18 143 1
3743 143 1
1801 143 1
3065 143 1
1793 143 1
212 143 1
462 143 1
3791 143 1
816 143 1
2072 143 1
908 143 1
324 143 1
1379 143 1
989 143 1
708 143 1
560 143 1
814 143 1
1199 143 1
2935 143 1
3066 143 1
1809 143 1
1334 143 1
1240 143 1
779 143 1
3661 143 1
3353 143 1
1497 143 1
3185 143 1
2291 143 1
653 143 1
2945 143 1
3009 143 1
265 143 1
1047 143 1
3282 143 1
3466 143 1
2045 143 1
2412 143 1
1455 143 1
3275 143 1
3415 143 1
3239 143 1
1074 143 1
2885 143 1
1599 143 1
2870 143 1
2092 143 1
2992 143 1
907 143 1
3846 143 1
1070 143 1
1745 143 1
3796 143 1
3831 143 1
2007 143 1
2738 143 1
1136 143 1
490 143 1
293 143 1
3323 143 1
2312 143 1
11 143 1
3094 143 1
1685 143 1
637 143 1
1516 143 1
2231 143 1
1367 143 1
3824 143 1
615 143 1
3156 143 1
2953 143 1
577 143 1
629 143 1
745 143 1
2887 143 1
3049 143 1
2748 143 1
442 143 1
1506 143 1
2664 143 1
1359 143 1
365 143 1
452 143 1
3128 143 1
1276 143 1
2657 143 1
1534 143 1
2793 143 1
1776 143 1
621 143 1
1789 143 1
3767 143 1
3754 143 1
2433 143 1
77 143 1
2140 143 1
1299 143 1
1133 143 1
1092 143 1
3235 143 1
3001 143 1
1945 143 1
1764 143 1
65 143 1
2334 143 1
666 143 1
3816 143 1
2438 143 1
3250 143 1
2069 143 1
3801 143 1
3063 143 1
2236 143 1
464 143 1
681 143 1
1104 143 1
319 143 1
3261 143 1
2477 143 1
1107 143 1
1821 143 1
2317 143 1
2166 143 1
1425 143 1
3534 143 1
541 143 1
743 143 1
3685 143 1
2217 143 1
3709 143 1
1859 143 1
3271 143 1
1181 143 1
1500 143 1
3263 143 1
1926 143 1
1293 143 1
1967 143 1
680 143 1
150 143 1
1167 143 1
2403 143 1
3846 143 1
2843 143 1
3263 143 1
3014 143 1
551 143 1
3566 143 1
813 143 1
162 143 1
2274 143 1
3012 143 1
2180 143 1
108 143 1
2595 143 1
1391 143 1
3479 143 1
2304 143 1
303 143 1
852 143 1
2951 143 1
1727 143 1
577 143 1
1824 143 1
1668 143 1
2012 143 1
1348 143 1
389 143 1
1749 143 1
29 143 1
1383 143 1
1241 143 1
324 143 1
3112 143 1
1240 143 1
3659 143 1
273 143 1
2505 143 1
2247 143 1
3738 143 1
25 143 1
2675 143 1
2800 143 1
1981 143 1
3697 143 1
561 143 1
1212 143 1
1094 143 1
1058 143 1
2477 143 1
2629 143 1
196 143 1
3450 143 1
2729 143 1
49 143 1
3139 143 1
218 143 1
1575 143 1
1823 143 1
2157 143 1
3178 143 1
607 143 1
3729 143 1
3452 143 1
2966 143 1
1192 143 1
54 143 1
1402 143 1
2754 143 1
2302 143 1
1475 143 1
655 143 1
617 143 1
3091 143 1
3496 143 1
2108 143 1
1156 143 1
2731 143 1
3377 143 1
896 143 1
104 143 1
897 143 1
2666 144 1
2594 144 1
580 144 1
3222 144 1
1372 144 1
1840 144 1
3030 144 1
3851 144 1
2542 144 1
3205 144 1
2015 144 1
214 144 1
2874 144 1
1800 144 1
412 144 1
3277 144 1
3396 144 1
2155 144 1
1082 144 1
1835 144 1
388 144 1
2161 144 1
1073 144 1
2472 144 1
432 144 1
683 144 1
3188 144 1
1176 144 1
2388 144 1
2830 144 1
3305 144 1
1880 144 1
2100 144 1
2043 144 1
3453 144 1
2911 144 1
3232 144 1
554 144 1
388 144 1
689 144 1
1054 144 1
2637 144 1
2188 144 1
2266 144 1
568 144 1
620 144 1
1862 144 1
3808 144 1
391 144 1
3571 144 1
3162 144 1
2890 144 1
1243 144 1
1199 144 1
2355 144 1
1839 144 1
22 144 1
1575 144 1
1899 144 1
841 144 1
1756 144 1
1157 144 1
3216 144 1
3558 144 1
20 144 1
871 144 1
2801 144 1
295 144 1
3831 144 1
1536 144 1
2567 144 1
827 144 1
2256 144 1
1128 144 1
2091 144 1
3428 144 1
1334 144 1
1809 144 1
2779 144 1
414 144 1
482 144 1
2536 144 1
501 144 1
3836 144 1
2135 144 1
2490 144 1
639 144 1
174 144 1
2785 144 1
1374 144 1
3280 144 1
2225 144 1
1195 144 1
1170 144 1
1852 144 1
2713 144 1
1228 144 1
1178 144 1
1550 144 1
935 144 1
1992 144 1
2924 144 1
269 144 1
509 144 1
3079 144 1
2792 144 1
824 144 1
2534 144 1
1456 144 1
742 144 1
2307 144 1
1806 144 1
1399 144 1
3431 144 1
2819 144 1
1724 144 1
542 144 1
3044 144 1
492 144 1
2785 144 1
2209 144 1
269 144 1
2043 144 1
2488 144 1
3184 144 1
783 144 1
1690 144 1
3796 144 1
3281 144 1
3246 144 1
3671 144 1
871 144 1
900 144 1
1216 144 1
2788 144 1
3456 144 1
146 144 1
2216 144 1
708 144 1
1778 144 1
3813 144 1
2289 144 1
3293 144 1
2500 144 1
3384 144 1
800 144 1
959 144 1
2586 144 1
338 144 1
145 144 1
2566 144 1
3099 144 1
968 144 1
2145 144 1
1474 144 1
3621 144 1
2339 144 1
306 144 1
2477 144 1
2571 144 1
3559 144 1
408 144 1
3777 144 1
3364 144 1
3344 144 1
1668 144 1
1033 144 1
1246 144 1
1508 144 1
1104 144 1
3809 144 1
3216 144 1
585 144 1
2857 144 1
670 144 1
2006 144 1
1844 144 1
3336 144 1
3403 144 1
1449 144 1
3554 144 1
1101 144 1
91 144 1
3501 144 1
2440 144 1
3450 144 1
1241 144 1
3675 144 1
2458 144 1
2863 144 1
72 144 1
1606 144 1
3201 144 1
2862 144 1
638 144 1
984 144 1
2619 144 1
3024 144 1
1805 144 1
2959 144 1
2266 144 1
2748 144 1
1321 144 1
1326 144 1
2713 144 1
1273 144 1
2425 144 1
1276 144 1
2835 144 1
1120 144 1
2190 144 1
1354 144 1
400 144 1
2099 144 1
2040 144 1
1282 144 1
64 144 1
1213 144 1
401 144 1
295 144 1
2959 144 1
571 144 1
1461 144 1
1387 144 1
66 144 1
3474 144 1
3640 144 1
51 144 1
3620 144 1
2692 144 1
879 144 1
2829 144 1
496 144 1
1358 144 1
3642 144 1
917 144 1
69 144 1
841 144 1
3461 144 1
2181 144 1
1121 144 1
989 144 1
3640 144 1
2238 144 1
869 144 1
1449 144 1
1799 144 1
2307 144 1
573 144 1
1850 144 1
1294 144 1
3542 144 1
662 144 1
2653 144 1
1936 144 1
2482 144 1
2812 144 1
2991 144 1
1275 144 1
3051 144 1
1835 144 1
1730 144 1
3736 144 1
2358 144 1
259 144 1
2050 144 1
756 144 1
920 144 1
610 144 1
3686 144 1
3799 144 1
3610 144 1
2147 144 1
1030 144 1
495 144 1
3601 144 1
3370 144 1
1838 144 1
2783 144 1
3169 144 1
917 144 1
424 144 1
3724 144 1
3644 144 1
1828 144 1
2008 144 1
445 144 1
2066 144 1
2029 144 1
3355 144 1
510 144 1
3410 144 1
3124 144 1
3499 144 1
1755 144 1
1533 144 1
2062 144 1
2956 144 1
1077 144 1
127 144 1
1590 144 1
65 144 1
2727 144 1
2153 144 1
939 144 1
915 144 1
1089 144 1
447 144 1
3358 144 1
43 144 1
3677 144 1
1257 144 1
540 144 1
3097 144 1
1244 144 1
2307 144 1
1711 144 1
2960 144 1
3137 144 1
830 144 1
339 144 1
175 144 1
3658 144 1
2492 144 1
2039 144 1
1146 144 1
612 144 1
682 144 1
1024 144 1
40 144 1
675 144 1
2596 144 1
924 144 1
2929 144 1
2190 144 1
2473 144 1
523 144 1
99 144 1
1199 144 1
480 144 1
3499 144 1
1043 144 1
2772 144 1
2756 144 1
2123 144 1
603 145 1
3111 145 1
349 145 1
2992 145 1
1004 145 1
1238 145 1
1659 145 1
1885 145 1
2318 145 1
3580 145 1
3144 145 1
2688 145 1
2380 145 1
1922 145 1
524 145 1
2358 145 1
1831 145 1
2793 145 1
2686 145 1
1441 145 1
3196 145 1
2548 145 1
1756 145 1
1532 145 1
913 145 1
1833 145 1
636 145 1
861 145 1
747 145 1
3121 145 1
2982 145 1
329 145 1
779 145 1
3053 145 1
3633 145 1
1356 145 1
306 145 1
99 145 1
2605 145 1
3192 145 1
1198 145 1
2401 145 1
1441 145 1
2858 145 1
1155 145 1
1174 145 1
2177 145 1
2851 145 1
2144 145 1
1922 145 1
2796 145 1
1893 145 1
441 145 1
2380 145 1
3650 145 1
1929 145 1
2037 145 1
939 145 1
2944 145 1
2314 145 1
1838 145 1
3565 145 1
159 145 1
1135 145 1
2569 145 1
243 145 1
2201 145 1
2987 145 1
3584 145 1
2455 145 1
3085 145 1
2913 145 1
2202 145 1
619 145 1
1937 145 1
2516 145 1
3235 145 1
3669 145 1
2464 145 1
317 145 1
293 145 1
3243 145 1
1788 145 1
1485 145 1
1214 145 1
1982 145 1
3372 145 1
176 145 1
2448 145 1
1029 145 1
952 145 1
1386 145 1
1764 145 1
3065 145 1
406 145 1
1376 145 1
741 145 1
1603 145 1
1092 145 1
3567 145 1
2036 145 1
1154 145 1
1322 145 1
3020 145 1
2838 145 1
3015 145 1
17 145 1
2288 145 1
1938 145 1
2282 145 1
2887 145 1
2212 145 1
1635 145 1
3396 145 1
1244 145 1
1488 145 1
766 145 1
99 145 1
1959 145 1
1686 145 1
847 145 1
3424 145 1
2108 145 1
3832 145 1
185 145 1
1614 145 1
1683 145 1
419 145 1
3634 145 1
814 145 1
3658 145 1
3858 145 1
2649 145 1
3245 145 1
1367 145 1
2233 145 1
2319 145 1
1999 145 1
2058 145 1
3339 145 1
1108 145 1
2375 145 1
2771 145 1
2884 145 1
1206 145 1
329 145 1
1981 145 1
2662 145 1
2481 145 1
3357 145 1
1816 145 1
740 145 1
1106 145 1
336 145 1
2395 145 1
1337 145 1
3772 145 1
2264 145 1
2245 145 1
762 145 1
569 145 1
2093 145 1
1077 145 1
437 145 1
2411 145 1
1225 145 1
3445 145 1
1499 145 1
512 145 1
1921 145 1
3546 145 1
3513 145 1
837 145 1
2090 145 1
3103 145 1
2575 145 1
2571 145 1
2106 145 1
3360 145 1
3280 145 1
2224 145 1
1986 145 1
605 145 1
1234 145 1
607 145 1
2513 145 1
78 145 1
1598 145 1
1984 145 1
1652 145 1
3230 145 1
2192 145 1
3715 145 1
1958 145 1
2190 145 1
507 145 1
2530 145 1
2463 145 1
1978 145 1
223 145 1
2557 145 1
1149 145 1
255 145 1
2575 145 1
618 145 1
1708 145 1
1340 145 1
658 145 1
1857 145 1
1366 145 1
62 145 1
394 145 1
2197 145 1
1616 145 1
3306 145 1
3566 145 1
1596 145 1
258 145 1
322 145 1
918 145 1
476 145 1
476 145 1
288 145 1
2583 145 1
57 145 1
2849 145 1
364 145 1
125 145 1
1351 145 1
1484 145 1
1206 145 1
1072 145 1
2621 145 1
1894 145 1
556 145 1
576 145 1
123 145 1
451 145 1
238 145 1
3049 145 1
3525 145 1
1496 145 1
1309 145 1
1694 145 1
2310 145 1
2451 145 1
17 145 1
1064 145 1
1820 145 1
3298 145 1
2499 145 1
2322 145 1
2319 145 1
1842 145 1
2078 145 1
1732 145 1
1415 145 1
3077 145 1
1337 145 1
2391 145 1
3600 145 1
262 145 1
2994 145 1
2859 145 1
2719 145 1
1928 145 1
2804 145 1
439 145 1
3835 145 1
2999 145 1
3477 145 1
2572 145 1
3425 145 1
1583 145 1
2872 145 1
3035 145 1
3125 145 1
3820 145 1
2810 145 1
795 145 1
2674 145 1
926 145 1
375 145 1
1848 145 1
175 145 1
3203 145 1
2744 145 1
2988 145 1
3667 145 1
1846 145 1
1807 145 1
2411 145 1
132 145 1
1202 145 1
2379 145 1
729 145 1
3598 145 1
3461 145 1
2933 145 1
2280 145 1
1240 145 1
2127 145 1
2302 145 1
241 145 1
2483 145 1
2471 145 1
1295 145 1
3156 145 1
2554 145 1
2995 145 1
1946 145 1
3223 145 1
1315 145 1
2862 145 1
3311 145 1
2442 145 1
2821 145 1
3757 145 1
957 145 1
3856 145 1
2948 145 1
874 145 1
2755 145 1
3246 145 1
2209 145 1
3089 145 1
3586 145 1
678 145 1
1345 145 1
3708 145 1
3637 145 1
709 145 1
363 145 1
1095 145 1
1987 145 1
3683 145 1
1216 145 1
2656 145 1
320 145 1
865 145 1
2404 145 1
2060 145 1
2181 145 1
3657 145 1
1888 145 1
1984 146 1
1500 146 1
1817 146 1
2237 146 1
2125 146 1
406 146 1
1093 146 1
1526 146 1
2156 146 1
479 146 1
1463 146 1
1496 146 1
528 146 1
2656 146 1
1313 146 1
1825 146 1
2338 146 1
1682 146 1
2793 146 1
1996 146 1
506 146 1
293 146 1
2610 146 1
2290 146 1
108 146 1
3851 146 1
790 146 1
3698 146 1
2963 146 1
2015 146 1
880 146 1
2429 146 1
3820 146 1
25 146 1
450 146 1
1166 146 1
3750 146 1
2166 146 1
119 146 1
1642 146 1
1543 146 1
604 146 1
633 146 1
342 146 1
3380 146 1
956 146 1
2766 146 1
3425 146 1
68 146 1
924 146 1
493 146 1
2355 146 1
3765 146 1
566 146 1
226 146 1
162 146 1
958 146 1
917 146 1
2856 146 1
2656 146 1
25 146 1
423 146 1
1260 146 1
2840 146 1
2303 146 1
781 146 1
3117 146 1
3822 146 1
1372 146 1
2238 146 1
841 146 1
2897 146 1
648 146 1
107 146 1
3276 146 1
2292 146 1
1139 146 1
110 146 1
311 146 1
1135 146 1
4 146 1
1709 146 1
2407 146 1
13 146 1
969 146 1
3666 146 1
44 146 1
474 146 1
1810 146 1
3342 146 1
820 146 1
266 146 1
3444 146 1
2533 146 1
3733 146 1
2441 146 1
1071 146 1
392 146 1
3614 146 1
914 146 1
2123 146 1
3594 146 1
1758 146 1
1478 146 1
1698 146 1
775 146 1
3822 146 1
1637 146 1
1223 146 1
1215 146 1
854 146 1
157 146 1
2960 146 1
855 146 1
899 146 1
561 146 1
185 146 1
205 146 1
696 146 1
3312 146 1
2307 146 1
2866 146 1
130 146 1
393 146 1
2361 146 1
1051 146 1
1302 146 1
1133 146 1
3424 146 1
1479 146 1
519 146 1
2195 146 1
1146 146 1
1514 146 1
3613 146 1
2360 146 1
2476 146 1
3420 146 1
395 146 1
3651 146 1
3697 146 1
2116 146 1
1055 146 1
482 146 1
3625 146 1
280 146 1
83 146 1
474 146 1
2785 146 1
2275 146 1
1892 146 1
3199 146 1
3086 146 1
1625 146 1
101 146 1
3660 146 1
1855 146 1
2559 146 1
3487 146 1
2409 146 1
3441 146 1
330 146 1
609 146 1
3045 146 1
1656 146 1
2523 146 1
444 146 1
933 146 1
1873 146 1
1737 146 1
2483 146 1
2516 146 1
591 146 1
2608 146 1
2879 146 1
2437 146 1
1622 146 1
3689 146 1
3412 146 1
2064 146 1
3201 146 1
3199 146 1
3362 146 1
740 146 1
2577 146 1
1050 146 1
3360 146 1
1371 146 1
787 146 1
3000 146 1
1631 146 1
2972 146 1
27 146 1
1111 146 1
1272 146 1
3099 146 1
1135 146 1
3531 146 1
3656 146 1
6 146 1
475 146 1
3402 146 1
1933 146 1
3646 146 1
299 146 1
3224 146 1
1712 146 1
128 146 1
14 146 1
3248 146 1
1335 146 1
2344 146 1
3193 146 1
3057 146 1
3534 146 1
1175 146 1
3745 146 1
1561 146 1
354 146 1
1786 146 1
2601 146 1
1315 146 1
1592 146 1
1205 146 1
2570 146 1
568 146 1
535 146 1
2927 146 1
1846 146 1
403 146 1
2839 146 1
2922 146 1
3326 146 1
942 146 1
3245 146 1
3606 146 1
1544 146 1
2916 146 1
1021 146 1
1685 146 1
3526 146 1
1777 146 1
1236 146 1
2524 146 1
2523 146 1
1138 146 1
3292 146 1
1279 146 1
474 146 1
1721 146 1
2396 146 1
3154 146 1
3040 146 1
1656 146 1
877 146 1
1251 146 1
2998 146 1
1422 146 1
2285 146 1
2356 146 1
2673 146 1
2254 146 1
175 146 1
2100 146 1
261 146 1
876 146 1
334 146 1
19 146 1
2487 146 1
3082 146 1
2113 146 1
1664 146 1
2890 146 1
1226 146 1
2793 146 1
1591 146 1
434 146 1
47 146 1
3217 146 1
1886 146 1
144 146 1
1825 146 1
856 146 1
2989 146 1
375 146 1
3278 146 1
1043 146 1
858 146 1
600 146 1
2 146 1
3104 146 1
727 146 1
2692 146 1
1478 146 1
745 146 1
1679 146 1
2277 146 1
1617 146 1
982 146 1
24 146 1
1798 146 1
1450 146 1
1484 146 1
929 146 1
135 146 1
3293 146 1
3779 146 1
3246 146 1
3607 146 1
2075 146 1
2136 146 1
2450 146 1
2740 146 1
48 146 1
2897 146 1
1166 146 1
1321 146 1
2875 146 1
2281 146 1
852 146 1
316 146 1
2696 146 1
2131 146 1
998 146 1
1754 146 1
2977 146 1
1044 146 1
3313 146 1
881 146 1
1687 146 1
2866 146 1
828 146 1
692 146 1
3142 146 1
2723 146 1
1329 146 1
3671 146 1
504 146 1
2469 146 1
2946 146 1
408 146 1
602 146 1
832 146 1
1020 146 1
1168 146 1
322 147 1
3540 147 1
1438 147 1
309 147 1
419 147 1
3162 147 1
1209 147 1
922 147 1
2357 147 1
704 147 1
1560 147 1
3624 147 1
880 147 1
3378 147 1
196 147 1
989 147 1
2740 147 1
2373 147 1
434 147 1
3673 147 1
3717 147 1
441 147 1
3064 147 1
1421 147 1
1114 147 1
1842 147 1
807 147 1
515 147 1
2699 147 1
2110 147 1
2759 147 1
3424 147 1
1086 147 1
1984 147 1
2840 147 1
2389 147 1
1850 147 1
1076 147 1
3500 147 1
489 147 1
434 147 1
1907 147 1
194 147 1
1565 147 1
3008 147 1
342 147 1
3278 147 1
2675 147 1
1757 147 1
200 147 1
2867 147 1
497 147 1
2220 147 1
2486 147 1
893 147 1
1679 147 1
1707 147 1
3773 147 1
2409 147 1
615 147 1
1235 147 1
2486 147 1
2584 147 1
930 147 1
1420 147 1
1913 147 1
2418 147 1
991 147 1
1694 147 1
576 147 1
3729 147 1
1290 147 1
63 147 1
1622 147 1
600 147 1
2440 147 1
353 147 1
2508 147 1
861 147 1
2541 147 1
1654 147 1
3139 147 1
479 147 1
1769 147 1
142 147 1
658 147 1
1363 147 1
833 147 1
2330 147 1
2210 147 1
3012 147 1
2691 147 1
489 147 1
342 147 1
3690 147 1
290 147 1
3096 147 1
1532 147 1
445 147 1
2772 147 1
1212 147 1
3048 147 1
2131 147 1
3234 147 1
1847 147 1
3560 147 1
2568 147 1
1401 147 1
671 147 1
2999 147 1
2986 147 1
642 147 1
493 147 1
2231 147 1
344 147 1
1888 147 1
1555 147 1
3259 147 1
1037 147 1
3134 147 1
1686 147 1
670 147 1
3565 147 1
2921 147 1
748 147 1
1046 147 1
28 147 1
2 147 1
1694 147 1
3087 147 1
3637 147 1
2971 147 1
2114 147 1
1299 147 1
1268 147 1
1067 147 1
2295 147 1
3694 147 1
3078 147 1
1100 147 1
1434 147 1
2186 147 1
3825 147 1
1535 147 1
544 147 1
71 147 1
2917 147 1
317 147 1
1176 147 1
3283 147 1
3677 147 1
1194 147 1
1792 147 1
2490 147 1
3812 147 1
1540 147 1
2086 147 1
3821 147 1
2167 147 1
56 147 1
1740 147 1
1638 147 1
572 147 1
1068 147 1
1102 147 1
3472 147 1
2442 147 1
2628 147 1
1188 147 1
2403 147 1
3748 147 1
1900 147 1
853 147 1
1375 147 1
962 147 1
931 147 1
1744 147 1
3847 147 1
2757 147 1
2950 147 1
2731 147 1
3626 147 1
1731 147 1
3545 147 1
90 147 1
1803 147 1
844 147 1
1487 147 1
299 147 1
3372 147 1
1180 147 1
1877 147 1
1004 147 1
2576 147 1
376 147 1
3606 147 1
75 147 1
527 147 1
1 147 1
380 147 1
2044 147 1
1317 147 1
1491 147 1
1501 147 1
2643 147 1
542 147 1
1917 147 1
714 147 1
1519 147 1
1695 147 1
751 147 1
2150 147 1
2881 147 1
3815 147 1
1456 147 1
2897 147 1
74 147 1
1000 147 1
2264 147 1
1547 147 1
9 147 1
1694 147 1
136 147 1
1101 147 1
1356 147 1
2491 147 1
1782 147 1
434 147 1
3832 147 1
1283 147 1
1921 147 1
1110 147 1
1027 147 1
1134 147 1
2208 147 1
959 147 1
339 147 1
2917 147 1
3716 147 1
1500 147 1
2191 147 1
3851 147 1
3678 147 1
2397 147 1
1644 147 1
2558 147 1
2777 147 1
590 147 1
549 147 1
3193 147 1
2018 147 1
3845 147 1
3426 147 1
627 147 1
473 147 1
1496 147 1
2137 147 1
2722 147 1
3210 147 1
1943 147 1
2332 147 1
2161 147 1
2195 147 1
2926 147 1
1854 147 1
3285 147 1
1770 147 1
1908 147 1
779 147 1
2624 147 1
2775 147 1
603 147 1
2451 147 1
3379 147 1
2096 147 1
2327 147 1
3466 147 1
2727 147 1
3624 147 1
1567 147 1
3376 147 1
207 147 1
1835 147 1
3310 147 1
2966 147 1
3556 147 1
3823 147 1
1393 147 1
2815 147 1
3730 147 1
2756 147 1
492 147 1
532 147 1
226 147 1
1534 147 1
125 147 1
3297 147 1
826 147 1
199 147 1
2955 147 1
2601 147 1
1086 147 1
1941 147 1
1803 147 1
1184 147 1
3226 147 1
3141 147 1
1934 147 1
34 147 1
1973 147 1
27 147 1
2595 147 1
1643 147 1
2618 147 1
3014 147 1
185 147 1
281 147 1
2285 147 1
282 147 1
3253 147 1
3424 147 1
1706 147 1
1081 147 1
1646 147 1
3095 147 1
498 147 1
3672 147 1
1156 147 1
725 147 1
2913 147 1
802 147 1
1178 147 1
2981 147 1
1217 147 1
3622 147 1
2142 147 1
1168 147 1
2902 147 1
3300 147 1
1768 147 1
3834 147 1
3364 147 1
168 147 1
1531 147 1
556 147 1
2352 148 1
3791 148 1
13 148 1
3492 148 1
581 148 1
3120 148 1
2025 148 1
858 148 1
113 148 1
3848 148 1
246 148 1
3525 148 1
1879 148 1
3121 148 1
3268 148 1
1020 148 1
0 148 1
2702 148 1
2245 148 1
1895 148 1
1763 148 1
3028 148 1
1240 148 1
2881 148 1
1943 148 1
1333 148 1
2606 148 1
2351 148 1
2602 148 1
2221 148 1
467 148 1
3293 148 1
2824 148 1
3706 148 1
2178 148 1
280 148 1
1755 148 1
265 148 1
1973 148 1
2605 148 1
1468 148 1
2365 148 1
1239 148 1
80 148 1
929 148 1
2615 148 1
1720 148 1
2024 148 1
77 148 1
3256 148 1
1697 148 1
3338 148 1
2676 148 1
1624 148 1
1951 148 1
2378 148 1
1651 148 1
2845 148 1
3734 148 1
2119 148 1
3536 148 1
758 148 1
3779 148 1
1342 148 1
1561 148 1
3738 148 1
1810 148 1
159 148 1
2222 148 1
3615 148 1
2688 148 1
1452 148 1
1642 148 1
2554 148 1
1529 148 1
2920 148 1
1046 148 1
3722 148 1
2927 148 1
3199 148 1
2679 148 1
901 148 1
2788 148 1
1791 148 1
2636 148 1
2831 148 1
2072 148 1
2239 148 1
2445 148 1
3219 148 1
3497 148 1
3242 148 1
1656 148 1
1638 148 1
858 148 1
1478 148 1
1686 148 1
1885 148 1
421 148 1
1841 148 1
501 148 1
2775 148 1
2465 148 1
1629 148 1
2763 148 1
2190 148 1
639 148 1
3281 148 1
1976 148 1
3656 148 1
1747 148 1
508 148 1
1937 148 1
3750 148 1
3815 148 1
1170 148 1
1972 148 1
3451 148 1
2607 148 1
2035 148 1
580 148 1
2156 148 1
2774 148 1
2395 148 1
964 148 1
2387 148 1
882 148 1
3345 148 1
2557 148 1
947 148 1
1149 148 1
2418 148 1
3731 148 1
1795 148 1
2860 148 1
2452 148 1
2607 148 1
1053 148 1
3290 148 1
938 148 1
2955 148 1
3484 148 1
2908 148 1
2513 148 1
3056 148 1
3474 148 1
991 148 1
1654 148 1
3671 148 1
416 148 1
3440 148 1
485 148 1
545 148 1
2899 148 1
2744 148 1
869 148 1
2770 148 1
1473 148 1
2923 148 1
2683 148 1
3810 148 1
3285 148 1
2919 148 1
277 148 1
3849 148 1
260 148 1
3257 148 1
1053 148 1
96 148 1
3774 148 1
2778 148 1
1586 148 1
1972 148 1
1353 148 1
1641 148 1
2851 148 1
1111 148 1
3075 148 1
1380 148 1
206 148 1
3485 148 1
699 148 1
2114 148 1
3174 148 1
384 148 1
2743 148 1
2776 148 1
2235 148 1
1424 148 1
3207 148 1
611 148 1
825 148 1
1530 148 1
3263 148 1
2915 148 1
2283 148 1
2108 148 1
38 148 1
2239 148 1
3331 148 1
1601 148 1
1243 148 1
547 148 1
2936 148 1
2904 148 1
221 148 1
3694 148 1
3607 148 1
1531 148 1
3372 148 1
2518 148 1
2903 148 1
2141 148 1
82 148 1
1371 148 1
802 148 1
301 148 1
3470 148 1
262 148 1
2297 148 1
2602 148 1
876 148 1
3181 148 1
1952 148 1
1612 148 1
3143 148 1
2010 148 1
1645 148 1
1997 148 1
104 148 1
2999 148 1
762 148 1
3353 148 1
3256 148 1
2016 148 1
160 148 1
3222 148 1
2934 148 1
2938 148 1
1857 148 1
461 148 1
589 148 1
3698 148 1
355 148 1
766 148 1
2316 148 1
975 148 1
3035 148 1
2251 148 1
3270 148 1
2853 148 1
415 148 1
1048 148 1
455 148 1
3121 148 1
3833 148 1
560 148 1
1593 148 1
2657 148 1
3517 148 1
1603 148 1
3743 148 1
319 148 1
2585 148 1
3659 148 1
514 148 1
1530 148 1
1538 148 1
3521 148 1
1837 148 1
3376 148 1
1816 148 1
1634 148 1
3117 148 1
3004 148 1
3442 148 1
1537 148 1
3340 148 1
666 148 1
577 148 1
1389 148 1
3223 148 1
608 148 1
2279 148 1
1396 148 1
2271 148 1
1568 148 1
1922 148 1
1394 148 1
2576 148 1
1580 148 1
606 148 1
3699 148 1
1114 148 1
1668 148 1
335 148 1
113 148 1
3228 148 1
328 148 1
583 148 1
3562 148 1
101 148 1
1218 148 1
2128 148 1
541 148 1
1153 148 1
3672 148 1
531 148 1
198 148 1
316 148 1
3762 148 1
3457 148 1
1219 148 1
3746 148 1
367 148 1
3361 148 1
977 148 1
842 148 1
801 148 1
337 148 1
2089 148 1
2280 148 1
2758 148 1
3731 148 1
349 148 1
3601 148 1
2922 148 1
2473 148 1
3090 148 1
1535 148 1
2504 148 1
1164 148 1
3176 148 1
3809 148 1
1964 148 1
1441 148 1
3084 148 1
732 148 1
125 148 1
3669 148 1
1787 148 1
424 148 1
1102 148 1
1745 148 1
2525 148 1
1051 149 1
2596 149 1
2664 149 1
2288 149 1
283 149 1
2235 149 1
17 149 1
3046 149 1
1893 149 1
3802 149 1
3003 149 1
751 149 1
2976 149 1
1778 149 1
1798 149 1
1412 149 1
192 149 1
31 149 1
3280 149 1
1912 149 1
1542 149 1
487 149 1
1031 149 1
869 149 1
175 149 1
2133 149 1
1356 149 1
3534 149 1
3778 149 1
1100 149 1
949 149 1
2022 149 1
2190 149 1
1768 149 1
3617 149 1
462 149 1
3336 149 1
3533 149 1
282 149 1
2612 149 1
2841 149 1
2600 149 1
875 149 1
2640 149 1
640 149 1
217 149 1
693 149 1
839 149 1
1200 149 1
3566 149 1
877 149 1
942 149 1
2293 149 1
2223 149 1
2943 149 1
1297 149 1
1419 149 1
1235 149 1
221 149 1
3819 149 1
222 149 1
1035 149 1
1362 149 1
2356 149 1
1881 149 1
3185 149 1
1226 149 1
1565 149 1
1772 149 1
2083 149 1
3838 149 1
2081 149 1
342 149 1
1072 149 1
2552 149 1
1811 149 1
2851 149 1
464 149 1
1054 149 1
426 149 1
2944 149 1
455 149 1
578 149 1
881 149 1
2602 149 1
3578 149 1
1648 149 1
2373 149 1
2366 149 1
3416 149 1
167 149 1
3028 149 1
3523 149 1
3109 149 1
3859 149 1
100 149 1
1369 149 1
1355 149 1
2838 149 1
800 149 1
270 149 1
2426 149 1
979 149 1
3839 149 1
1162 149 1
1591 149 1
326 149 1
378 149 1
1208 149 1
3739 149 1
2407 149 1
2782 149 1
1353 149 1
3015 149 1
1387 149 1
1581 149 1
1804 149 1
1769 149 1
883 149 1
2890 149 1
811 149 1
2675 149 1
3457 149 1
1834 149 1
1105 149 1
2345 149 1
2713 149 1
1471 149 1
2183 149 1
230 149 1
2310 149 1
1902 149 1
1148 149 1
2896 149 1
1949 149 1
2286 149 1
1451 149 1
842 149 1
95 149 1
2885 149 1
3293 149 1
1748 149 1
2651 149 1
2159 149 1
1590 149 1
2912 149 1
3307 149 1
1492 149 1
1798 149 1
3675 149 1
2628 149 1
3576 149 1
2969 149 1
347 149 1
714 149 1
3129 149 1
1384 149 1
2169 149 1
1665 149 1
1036 149 1
1730 149 1
2609 149 1
1022 149 1
2248 149 1
3452 149 1
1092 149 1
642 149 1
691 149 1
2227 149 1
3716 149 1
2817 149 1
398 149 1
2535 149 1
2371 149 1
742 149 1
1440 149 1
3208 149 1
3218 149 1
1294 149 1
3683 149 1
1699 149 1
3028 149 1
337 149 1
1792 149 1
3453 149 1
3446 149 1
2 149 1
3125 149 1
323 149 1
190 149 1
1023 149 1
3438 149 1
2668 149 1
416 149 1
2523 149 1
906 149 1
3441 149 1
924 149 1
1364 149 1
1205 149 1
3755 149 1
2891 149 1
893 149 1
3593 149 1
2451 149 1
2731 149 1
3064 149 1
3751 149 1
1273 149 1
2349 149 1
2166 149 1
496 149 1
1954 149 1
2578 149 1
1012 149 1
1036 149 1
1837 149 1
569 149 1
2401 149 1
481 149 1
1708 149 1
2168 149 1
3250 149 1
93 149 1
711 149 1
590 149 1
725 149 1
2263 149 1
1058 149 1
1576 149 1
1827 149 1
3579 149 1
1151 149 1
324 149 1
2959 149 1
996 149 1
3471 149 1
622 149 1
1949 149 1
3308 149 1
3674 149 1
2877 149 1
236 149 1
952 149 1
211 149 1
1310 149 1
1046 149 1
1850 149 1
2308 149 1
1111 149 1
1971 149 1
3232 149 1
975 149 1
1295 149 1
2121 149 1
2534 149 1
2006 149 1
3068 149 1
215 149 1
512 149 1
1486 149 1
2634 149 1
3564 149 1
2158 149 1
3407 149 1
2785 149 1
2687 149 1
1893 149 1
2208 149 1
3254 149 1
3454 149 1
639 149 1
525 149 1
10 149 1
2562 149 1
3296 149 1
2395 149 1
1987 149 1
3553 149 1
1884 149 1
2404 149 1
610 149 1
2624 149 1
433 149 1
718 149 1
417 149 1
3048 149 1
2424 149 1
972 149 1
531 149 1
556 149 1
3641 149 1
623 149 1
2157 149 1
1478 149 1
2977 149 1
1327 149 1
2511 149 1
1213 149 1
159 149 1
2899 149 1
875 149 1
3243 149 1
381 149 1
96 149 1
283 149 1
827 149 1
2302 149 1
1189 149 1
2086 149 1
588 149 1
1695 149 1
266 149 1
24 149 1
2846 149 1
3178 149 1
2151 149 1
1250 149 1
203 149 1
3244 149 1
3567 149 1
2571 149 1
3547 149 1
1086 149 1
728 149 1
610 149 1
3794 149 1
636 149 1
561 149 1
1825 149 1
918 149 1
1561 149 1
2808 149 1
1704 149 1
3529 149 1
2250 149 1
2577 149 1
2567 149 1
2883 149 1
1835 149 1
2731 149 1
2864 149 1
1037 149 1
3662 149 1
266 149 1
2266 150 1
2131 150 1
2775 150 1
1131 150 1
3843 150 1
3373 150 1
1564 150 1
3209 150 1
2354 150 1
3812 150 1
3459 150 1
1498 150 1
3170 150 1
108 150 1
2947 150 1
1164 150 1
2820 150 1
834 150 1
1597 150 1
351 150 1
452 150 1
1490 150 1
1489 150 1
3097 150 1
2490 150 1
2553 150 1
2083 150 1
3359 150 1
514 150 1
1422 150 1
2485 150 1
2327 150 1
3071 150 1
1089 150 1
893 150 1
2387 150 1
706 150 1
827 150 1
1685 150 1
304 150 1
1426 150 1
2447 150 1
2593 150 1
1634 150 1
1593 150 1
1246 150 1
3207 150 1
2233 150 1
842 150 1
1252 150 1
1985 150 1
1779 150 1
3343 150 1
1965 150 1
2049 150 1
691 150 1
3717 150 1
24 150 1
3836 150 1
3807 150 1
1170 150 1
3785 150 1
1426 150 1
2390 150 1
3419 150 1
2841 150 1
1821 150 1
1858 150 1
1374 150 1
1268 150 1
203 150 1
3328 150 1
1882 150 1
3568 150 1
1556 150 1
1458 150 1
1176 150 1
2984 150 1
15 150 1
3573 150 1
782 150 1
2816 150 1
2117 150 1
690 150 1
526 150 1
745 150 1
3012 150 1
3012 150 1
2986 150 1
3529 150 1
2814 150 1
3666 150 1
484 150 1
452 150 1
19 150 1
18 150 1
163 150 1
1455 150 1
1107 150 1
3603 150 1
3308 150 1
3460 150 1
2460 150 1
2764 150 1
1632 150 1
3259 150 1
1977 150 1
2534 150 1
3797 150 1
719 150 1
3261 150 1
1061 150 1
1601 150 1
3766 150 1
156 150 1
2338 150 1
3270 150 1
409 150 1
1055 150 1
185 150 1
738 150 1
461 150 1
2895 150 1
2305 150 1
106 150 1
1914 150 1
1172 150 1
3822 150 1
2451 150 1
3009 150 1
1287 150 1
332 150 1
607 150 1
3478 150 1
2367 150 1
474 150 1
203 150 1
1111 150 1
1423 150 1
2267 150 1
225 150 1
3859 150 1
1278 150 1
360 150 1
3728 150 1
2521 150 1
511 150 1
2164 150 1
3767 150 1
2610 150 1
1813 150 1
1837 150 1
600 150 1
2740 150 1
2618 150 1
3365 150 1
1104 150 1
816 150 1
1563 150 1
1303 150 1
3214 150 1
3440 150 1
1037 150 1
433 150 1
704 150 1
1721 150 1
230 150 1
243 150 1
2475 150 1
3026 150 1
3567 150 1
2258 150 1
1645 150 1
3560 150 1
1127 150 1
2195 150 1
562 150 1
2543 150 1
2501 150 1
3853 150 1
289 150 1
2568 150 1
3855 150 1
1843 150 1
3735 150 1
2464 150 1
1001 150 1
1365 150 1
528 150 1
2445 150 1
2928 150 1
3637 150 1
245 150 1
3253 150 1
1197 150 1
2905 150 1
2145 150 1
264 150 1
202 150 1
672 150 1
1231 150 1
2719 150 1
3201 150 1
2296 150 1
786 150 1
3704 150 1
3168 150 1
1500 150 1
1598 150 1
1885 150 1
1501 150 1
3182 150 1
1164 150 1
1613 150 1
3678 150 1
738 150 1
150 150 1
3088 150 1
3429 150 1
2281 150 1
3259 150 1
2437 150 1
1184 150 1
434 150 1
154 150 1
3659 150 1
140 150 1
1668 150 1
999 150 1
2938 150 1
3331 150 1
227 150 1
1316 150 1
329 150 1
3135 150 1
3564 150 1
338 150 1
1216 150 1
1021 150 1
3009 150 1
311 150 1
2121 150 1
3465 150 1
285 150 1
1189 150 1
3402 150 1
2550 150 1
155 150 1
1701 150 1
1451 150 1
495 150 1
2504 150 1
8 150 1
3059 150 1
650 150 1
1325 150 1
1017 150 1
818 150 1
3722 150 1
2185 150 1
2076 150 1
2837 150 1
3285 150 1
459 150 1
1994 150 1
1318 150 1
2425 150 1
3571 150 1
2165 150 1
2170 150 1
158 150 1
3145 150 1
3027 150 1
698 150 1
3150 150 1
3699 150 1
1250 150 1
22 150 1
757 150 1
3578 150 1
431 150 1
2593 150 1
2223 150 1
1668 150 1
407 150 1
2717 150 1
2612 150 1
1818 150 1
534 150 1
1309 150 1
3285 150 1
1905 150 1
2702 150 1
3615 150 1
2723 150 1
3426 150 1
2196 150 1
3815 150 1
3508 150 1
553 150 1
1296 150 1
772 150 1
3620 150 1
3256 150 1
859 150 1
2324 150 1
3057 150 1
1885 150 1
1406 150 1
2540 150 1
1979 150 1
533 150 1
3558 150 1
149 150 1
981 150 1
3460 150 1
657 150 1
1648 150 1
1660 150 1
3637 150 1
1601 150 1
1146 150 1
526 150 1
2728 150 1
106 150 1
3671 150 1
533 150 1
193 150 1
3230 150 1
3504 150 1
777 150 1
2060 150 1
3258 150 1
1085 150 1
3668 150 1
2923 150 1
2839 150 1
3611 150 1
1622 150 1
2033 150 1
1450 150 1
1858 150 1
1570 150 1
2996 150 1
1477 150 1
3214 151 1
2745 151 1
281 151 1
1205 151 1
3297 151 1
3052 151 1
1746 151 1
3756 151 1
2673 151 1
2178 151 1
3687 151 1
3061 151 1
260 151 1
1919 151 1
1911 151 1
843 151 1
702 151 1
2690 151 1
1711 151 1
2434 151 1
3372 151 1
1449 151 1
2862 151 1
947 151 1
341 151 1
1660 151 1
3110 151 1
2252 151 1
3298 151 1
3340 151 1
1629 151 1
343 151 1
3270 151 1
1089 151 1
3616 151 1
1710 151 1
2640 151 1
231 151 1
3654 151 1
3308 151 1
2773 151 1
450 151 1
3105 151 1
1143 151 1
1455 151 1
2057 151 1
2970 151 1
3481 151 1
1205 151 1
2858 151 1
1713 151 1
1982 151 1
2963 151 1
3806 151 1
20 151 1
1669 151 1
1728 151 1
3596 151 1
1330 151 1
1412 151 1
645 151 1
2506 151 1
1351 151 1
3668 151 1
2851 151 1
1781 151 1
1329 151 1
2820 151 1
1793 151 1
1361 151 1
1841 151 1
60 151 1
2081 151 1
244 151 1
3175 151 1
2890 151 1
1860 151 1
463 151 1
1379 151 1
2454 151 1
3170 151 1
2418 151 1
3594 151 1
195 151 1
3752 151 1
158 151 1
1434 151 1
3023 151 1
1606 151 1
3093 151 1
762 151 1
118 151 1
3644 151 1
793 151 1
3590 151 1
2140 151 1
286 151 1
3228 151 1
1616 151 1
2327 151 1
1863 151 1
574 151 1
1286 151 1
761 151 1
2455 151 1
2141 151 1
1414 151 1
3450 151 1
54 151 1
3396 151 1
44 151 1
187 151 1
2212 151 1
3116 151 1
3427 151 1
1485 151 1
3238 151 1
3362 151 1
1625 151 1
19 151 1
1552 151 1
3338 151 1
746 151 1
2060 151 1
3519 151 1
1083 151 1
2594 151 1
906 151 1
837 151 1
597 151 1
1311 151 1
2105 151 1
182 151 1
2298 151 1
607 151 1
2531 151 1
444 151 1
1462 151 1
1841 151 1
28 151 1
1022 151 1
1544 151 1
969 151 1
3184 151 1
1787 151 1
510 151 1
2649 151 1
87 151 1
1529 151 1
44 151 1
3604 151 1
1298 151 1
1837 151 1
663 151 1
1984 151 1
1697 151 1
808 151 1
613 151 1
1239 151 1
953 151 1
1073 151 1
866 151 1
2318 151 1
2858 151 1
785 151 1
3048 151 1
2703 151 1
852 151 1
3072 151 1
1988 151 1
2496 151 1
2639 151 1
1970 151 1
1196 151 1
1322 151 1
2115 151 1
178 151 1
1734 151 1
3478 151 1
3344 151 1
3126 151 1
3719 151 1
82 151 1
2958 151 1
3330 151 1
1111 151 1
2560 151 1
3134 151 1
3761 151 1
1927 151 1
2810 151 1
3449 151 1
2603 151 1
2635 151 1
1013 151 1
295 151 1
2291 151 1
1438 151 1
2791 151 1
340 151 1
2468 151 1
1629 151 1
3724 151 1
2801 151 1
3382 151 1
722 151 1
3033 151 1
590 151 1
3819 151 1
1825 151 1
3414 151 1
2951 151 1
2123 151 1
989 151 1
369 151 1
1923 151 1
1954 151 1
1111 151 1
2620 151 1
3006 151 1
567 151 1
2708 151 1
3514 151 1
1436 151 1
3548 151 1
2597 151 1
3377 151 1
93 151 1
2832 151 1
2817 151 1
311 151 1
144 151 1
2020 151 1
250 151 1
2172 151 1
629 151 1
3562 151 1
333 151 1
2714 151 1
749 151 1
2527 151 1
2093 151 1
1023 151 1
577 151 1
944 151 1
2788 151 1
2079 151 1
74 151 1
2068 151 1
2216 151 1
560 151 1
3759 151 1
3467 151 1
2478 151 1
3504 151 1
1918 151 1
389 151 1
1447 151 1
93 151 1
695 151 1
2950 151 1
2888 151 1
1255 151 1
3657 151 1
3823 151 1
180 151 1
2374 151 1
50 151 1
25 151 1
2001 151 1
1334 151 1
2096 151 1
784 151 1
1795 151 1
1454 151 1
3822 151 1
2420 151 1
2741 151 1
1686 151 1
1330 151 1
3307 151 1
3108 151 1
47 151 1
1475 151 1
3286 151 1
3681 151 1
876 151 1
3120 151 1
517 151 1
2681 151 1
819 151 1
2740 151 1
1544 151 1
863 151 1
1339 151 1
3076 151 1
1860 151 1
228 151 1
3446 151 1
2901 151 1
433 151 1
178 151 1
3412 151 1
2129 151 1
3298 151 1
227 151 1
3472 151 1
2109 151 1
2008 151 1
1469 151 1
1295 151 1
3503 151 1
3217 151 1
1117 151 1
1180 151 1
2219 151 1
3824 151 1
2893 151 1
3197 151 1
630 151 1
1009 151 1
2259 151 1
2173 151 1
3481 151 1
3813 151 1
1911 151 1
2105 151 1
3061 151 1
2364 151 1
2877 151 1
1094 151 1
261 151 1
2359 151 1
3602 151 1
2502 151 1
2176 151 1
2876 151 1
3705 151 1
2446 151 1
1935 151 1
1339 151 1
3571 151 1
881 151 1
2009 151 1
2501 151 1
2669 152 1
2661 152 1
2959 152 1
3214 152 1
2850 152 1
2298 152 1
2788 152 1
3657 152 1
2006 152 1
3723 152 1
187 152 1
2739 152 1
1811 152 1
964 152 1
2590 152 1
1475 152 1
928 152 1
2190 152 1
2244 152 1
2850 152 1
1161 152 1
1446 152 1
1677 152 1
1568 152 1
1408 152 1
1637 152 1
79 152 1
510 152 1
1141 152 1
3662 152 1
3087 152 1
356 152 1
2101 152 1
3431 152 1
2478 152 1
2659 152 1
3283 152 1
2238 152 1
2124 152 1
281 152 1
3076 152 1
3488 152 1
294 152 1
3257 152 1
3549 152 1
1714 152 1
179 152 1
2776 152 1
2891 152 1
2034 152 1
434 152 1
3585 152 1
2189 152 1
3275 152 1
1145 152 1
1655 152 1
775 152 1
3141 152 1
780 152 1
3185 152 1
66 152 1
2153 152 1
3273 152 1
42 152 1
1462 152 1
3822 152 1
3793 152 1
1553 152 1
2488 152 1
1339 152 1
1121 152 1
2566 152 1
3112 152 1
1566 152 1
1719 152 1
3470 152 1
2304 152 1
2024 152 1
2008 152 1
2210 152 1
424 152 1
2874 152 1
3495 152 1
1813 152 1
527 152 1
1738 152 1
2987 152 1
1499 152 1
252 152 1
1994 152 1
712 152 1
498 152 1
1033 152 1
3192 152 1
45 152 1
1819 152 1
3858 152 1
2971 152 1
1197 152 1
652 152 1
1175 152 1
464 152 1
1506 152 1
2312 152 1
3359 152 1
1521 152 1
860 152 1
2751 152 1
1961 152 1
2249 152 1
2403 152 1
1497 152 1
69 152 1
3286 152 1
1592 152 1
1156 152 1
2277 152 1
2355 152 1
1930 152 1
2551 152 1
784 152 1
3434 152 1
3068 152 1
1441 152 1
3031 152 1
2084 152 1
436 152 1
770 152 1
2415 152 1
1854 152 1
1330 152 1
2362 152 1
1903 152 1
3357 152 1
806 152 1
3480 152 1
3350 152 1
2015 152 1
2537 152 1
389 152 1
3228 152 1
1276 152 1
3064 152 1
1446 152 1
1919 152 1
1600 152 1
268 152 1
3668 152 1
1723 152 1
2639 152 1
2384 152 1
774 152 1
3258 152 1
51 152 1
2829 152 1
2932 152 1
138 152 1
2776 152 1
2558 152 1
2705 152 1
1815 152 1
109 152 1
1660 152 1
555 152 1
2149 152 1
3795 152 1
1729 152 1
3665 152 1
1527 152 1
3618 152 1
17 152 1
1900 152 1
2659 152 1
1255 152 1
2537 152 1
699 152 1
3148 152 1
97 152 1
3837 152 1
3044 152 1
1642 152 1
1090 152 1
3362 152 1
2820 152 1
147 152 1
1203 152 1
426 152 1
33 152 1
830 152 1
2362 152 1
3581 152 1
1160 152 1
1612 152 1
1302 152 1
1678 152 1
2805 152 1
1301 152 1
1334 152 1
489 152 1
1440 152 1
2689 152 1
714 152 1
1867 152 1
1269 152 1
1059 152 1
3708 152 1
1847 152 1
1768 152 1
1952 152 1
1739 152 1
451 152 1
3353 152 1
824 152 1
701 152 1
1105 152 1
257 152 1
2228 152 1
1203 152 1
3676 152 1
2629 152 1
1399 152 1
1779 152 1
518 152 1
2691 152 1
1579 152 1
2411 152 1
1058 152 1
3337 152 1
1130 152 1
66 152 1
771 152 1
1219 152 1
316 152 1
649 152 1
3224 152 1
397 152 1
3810 152 1
2511 152 1
106 152 1
3633 152 1
572 152 1
2807 152 1
3431 152 1
811 152 1
542 152 1
3778 152 1
1916 152 1
123 152 1
2619 152 1
524 152 1
2947 152 1
2292 152 1
1604 152 1
1151 152 1
163 152 1
3285 152 1
3555 152 1
1898 152 1
867 152 1
3732 152 1
1107 152 1
3760 152 1
1146 152 1
3407 152 1
2750 152 1
1349 152 1
626 152 1
2718 152 1
625 152 1
3081 152 1
360 152 1
3530 152 1
2829 152 1
618 152 1
3044 152 1
3638 152 1
1629 152 1
1989 152 1
2349 152 1
2026 152 1
381 152 1
3558 152 1
480 152 1
723 152 1
1340 152 1
1503 152 1
1175 152 1
3470 152 1
3800 152 1
1 152 1
1883 152 1
1273 152 1
500 152 1
907 152 1
3545 152 1
3037 152 1
1670 152 1
1957 152 1
2838 152 1
1872 152 1
920 152 1
2167 152 1
169 152 1
2047 152 1
827 152 1
2066 152 1
2514 152 1
1548 152 1
1193 152 1
602 152 1
509 152 1
1369 152 1
220 152 1
3411 152 1
1457 152 1
1285 152 1
3833 152 1
2999 152 1
1641 152 1
6 152 1
2153 152 1
2195 152 1
2848 152 1
3755 152 1
3454 152 1
1516 152 1
2595 152 1
293 152 1
3132 152 1
2138 152 1
2985 152 1
1672 152 1
1608 152 1
1119 152 1
878 152 1
1414 152 1
2453 152 1
621 152 1
2592 152 1
3421 152 1
1271 152 1
2695 152 1
2467 152 1
1532 152 1
2458 152 1
3461 153 1
2327 153 1
1156 153 1
2937 153 1
3513 153 1
1902 153 1
3495 153 1
2818 153 1
3620 153 1
1456 153 1
1185 153 1
2610 153 1
2294 153 1
692 153 1
3255 153 1
3150 153 1
3093 153 1
3685 153 1
107 153 1
721 153 1
178 153 1
2462 153 1
1184 153 1
3849 153 1
2864 153 1
3736 153 1
726 153 1
2051 153 1
1120 153 1
2628 153 1
1040 153 1
3506 153 1
608 153 1
3452 153 1
3375 153 1
722 153 1
2611 153 1
60 153 1
487 153 1
1789 153 1
911 153 1
1276 153 1
484 153 1
622 153 1
2763 153 1
1025 153 1
2281 153 1
3565 153 1
3746 153 1
2907 153 1
2021 153 1
370 153 1
468 153 1
957 153 1
2295 153 1
1399 153 1
1371 153 1
1556 153 1
2645 153 1
1084 153 1
3124 153 1
1302 153 1
448 153 1
812 153 1
1366 153 1
2443 153 1
1745 153 1
2438 153 1
1646 153 1
1891 153 1
2306 153 1
2485 153 1
3022 153 1
3575 153 1
383 153 1
2552 153 1
1505 153 1
1088 153 1
2371 153 1
985 153 1
3255 153 1
3436 153 1
1053 153 1
3365 153 1
541 153 1
610 153 1
818 153 1
284 153 1
1622 153 1
3530 153 1
2330 153 1
1877 153 1
601 153 1
3058 153 1
1999 153 1
912 153 1
967 153 1
709 153 1
408 153 1
729 153 1
2818 153 1
668 153 1
1704 153 1
1480 153 1
2824 153 1
2646 153 1
267 153 1
2453 153 1
1465 153 1
3686 153 1
2371 153 1
2128 153 1
70 153 1
1062 153 1
1774 153 1
1248 153 1
2087 153 1
979 153 1
2136 153 1
3859 153 1
2687 153 1
3447 153 1
176 153 1
196 153 1
310 153 1
3815 153 1
3094 153 1
3600 153 1
3283 153 1
313 153 1
3571 153 1
3781 153 1
2989 153 1
280 153 1
2677 153 1
3656 153 1
2050 153 1
217 153 1
2799 153 1
1292 153 1
2780 153 1
1509 153 1
967 153 1
3618 153 1
1791 153 1
812 153 1
629 153 1
503 153 1
1174 153 1
2444 153 1
3161 153 1
1654 153 1
871 153 1
2867 153 1
3279 153 1
699 153 1
1064 153 1
1646 153 1
681 153 1
450 153 1
696 153 1
2389 153 1
228 153 1
1197 153 1
1703 153 1
639 153 1
2104 153 1
1154 153 1
2449 153 1
2687 153 1
2754 153 1
2240 153 1
419 153 1
37 153 1
305 153 1
2752 153 1
3780 153 1
302 153 1
331 153 1
2945 153 1
1488 153 1
3492 153 1
2437 153 1
795 153 1
1804 153 1
707 153 1
2916 153 1
2653 153 1
1337 153 1
1109 153 1
1400 153 1
2688 153 1
3519 153 1
138 153 1
3370 153 1
103 153 1
1030 153 1
1627 153 1
3563 153 1
497 153 1
531 153 1
1731 153 1
273 153 1
3438 153 1
1611 153 1
1935 153 1
1860 153 1
1969 153 1
303 153 1
2663 153 1
297 153 1
1488 153 1
3838 153 1
77 153 1
1781 153 1
202 153 1
1062 153 1
2010 153 1
2228 153 1
1486 153 1
3237 153 1
544 153 1
1161 153 1
1227 153 1
2480 153 1
1292 153 1
3361 153 1
2741 153 1
1157 153 1
742 153 1
700 153 1
2657 153 1
1584 153 1
3527 153 1
652 153 1
2209 153 1
2381 153 1
3254 153 1
3108 153 1
1389 153 1
2170 153 1
955 153 1
462 153 1
2934 153 1
2138 153 1
1413 153 1
2390 153 1
2481 153 1
632 153 1
1746 153 1
3842 153 1
2853 153 1
133 153 1
483 153 1
2993 153 1
659 153 1
635 153 1
3760 153 1
2546 153 1
180 153 1
630 153 1
2264 153 1
2871 153 1
861 153 1
3625 153 1
1680 153 1
884 153 1
3649 153 1
706 153 1
2919 153 1
1337 153 1
1885 153 1
3528 153 1
2429 153 1
3752 153 1
3201 153 1
539 153 1
2457 153 1
284 153 1
1370 153 1
1369 153 1
1680 153 1
716 153 1
3369 153 1
1939 153 1
1750 153 1
3588 153 1
735 153 1
1344 153 1
1618 153 1
2418 153 1
2457 153 1
2891 153 1
775 153 1
702 153 1
2408 153 1
3484 153 1
2812 153 1
1674 153 1
2088 153 1
3371 153 1
1168 153 1
2685 153 1
18 153 1
510 153 1
1185 153 1
1224 153 1
1060 153 1
2821 153 1
3323 153 1
2676 153 1
3765 153 1
1637 153 1
2257 153 1
2578 153 1
1625 153 1
1978 153 1
135 153 1
86 153 1
3728 153 1
3414 153 1
1752 153 1
469 153 1
2918 153 1
3663 153 1
2088 153 1
1440 153 1
1958 153 1
3051 153 1
2865 153 1
2762 153 1
2072 153 1
2351 153 1
3060 153 1
2997 153 1
701 153 1
1470 153 1
1077 153 1
2155 153 1
2909 153 1
1 153 1
3252 153 1
3470 153 1
247 153 1
509 153 1
2681 154 1
2492 154 1
3406 154 1
1930 154 1
1372 154 1
446 154 1
2888 154 1
1355 154 1
1988 154 1
887 154 1
2566 154 1
3009 154 1
3214 154 1
374 154 1
3858 154 1
2010 154 1
691 154 1
104 154 1
1926 154 1
3781 154 1
2651 154 1
1048 154 1
997 154 1
2382 154 1
1413 154 1
1805 154 1
2890 154 1
68 154 1
383 154 1
3070 154 1
3769 154 1
2704 154 1
2840 154 1
3273 154 1
2387 154 1
1503 154 1
3700 154 1
557 154 1
44 154 1
2663 154 1
2631 154 1
2108 154 1
475 154 1
3710 154 1
1233 154 1
2720 154 1
2989 154 1
2170 154 1
3106 154 1
3400 154 1
1594 154 1
1543 154 1
2531 154 1
2074 154 1
1790 154 1
1481 154 1
23 154 1
2202 154 1
1335 154 1
1452 154 1
477 154 1
624 154 1
2917 154 1
125 154 1
3332 154 1
3554 154 1
3382 154 1
934 154 1
3804 154 1
2721 154 1
1033 154 1
3728 154 1
3344 154 1
3850 154 1
1918 154 1
1895 154 1
1726 154 1
834 154 1
840 154 1
3073 154 1
2061 154 1
1829 154 1
2283 154 1
804 154 1
650 154 1
1814 154 1
1865 154 1
2832 154 1
3841 154 1
2847 154 1
1064 154 1
3297 154 1
1852 154 1
2579 154 1
3297 154 1
1589 154 1
2673 154 1
3456 154 1
422 154 1
2907 154 1
611 154 1
3651 154 1
36 154 1
3425 154 1
1565 154 1
1156 154 1
3747 154 1
1129 154 1
1701 154 1
850 154 1
1937 154 1
3096 154 1
2160 154 1
3360 154 1
1978 154 1
777 154 1
441 154 1
1314 154 1
1065 154 1
1595 154 1
3146 154 1
2465 154 1
2243 154 1
1539 154 1
1469 154 1
2063 154 1
3450 154 1
2889 154 1
1115 154 1
1733 154 1
414 154 1
498 154 1
830 154 1
2675 154 1
268 154 1
1562 154 1
105 154 1
2010 154 1
313 154 1
2515 154 1
1000 154 1
2638 154 1
2149 154 1
797 154 1
3060 154 1
352 154 1
3058 154 1
3563 154 1
3683 154 1
301 154 1
2416 154 1
2252 154 1
825 154 1
3835 154 1
701 154 1
2583 154 1
2404 154 1
1035 154 1
126 154 1
2406 154 1
218 154 1
1313 154 1
1723 154 1
3013 154 1
3377 154 1
2169 154 1
537 154 1
2895 154 1
123 154 1
127 154 1
83 154 1
648 154 1
1129 154 1
2441 154 1
607 154 1
3379 154 1
3523 154 1
1606 154 1
903 154 1
1341 154 1
2510 154 1
279 154 1
541 154 1
1985 154 1
1190 154 1
2481 154 1
135 154 1
2788 154 1
132 154 1
2913 154 1
2462 154 1
747 154 1
204 154 1
948 154 1
1401 154 1
1533 154 1
1914 154 1
645 154 1
2558 154 1
1421 154 1
1336 154 1
2436 154 1
1652 154 1
3431 154 1
1548 154 1
677 154 1
680 154 1
503 154 1
3503 154 1
1497 154 1
1341 154 1
536 154 1
2419 154 1
2496 154 1
1637 154 1
928 154 1
1558 154 1
2682 154 1
1801 154 1
980 154 1
3104 154 1
203 154 1
3763 154 1
3583 154 1
1788 154 1
1228 154 1
208 154 1
1550 154 1
2557 154 1
1454 154 1
2783 154 1
2286 154 1
2022 154 1
708 154 1
946 154 1
1370 154 1
1186 154 1
1958 154 1
2431 154 1
2227 154 1
2252 154 1
2368 154 1
600 154 1
1324 154 1
674 154 1
1805 154 1
318 154 1
52 154 1
964 154 1
1684 154 1
428 154 1
1915 154 1
1892 154 1
3801 154 1
1919 154 1
2050 154 1
1826 154 1
1503 154 1
203 154 1
3292 154 1
1979 154 1
19 154 1
1974 154 1
3517 154 1
2846 154 1
428 154 1
2253 154 1
2780 154 1
2777 154 1
2825 154 1
1808 154 1
2475 154 1
2251 154 1
1822 154 1
3614 154 1
1921 154 1
1335 154 1
1492 154 1
2009 154 1
483 154 1
3394 154 1
518 154 1
2016 154 1
55 154 1
3649 154 1
3605 154 1
2300 154 1
3294 154 1
430 154 1
1612 154 1
2666 154 1
2279 154 1
1506 154 1
1957 154 1
571 154 1
3639 154 1
1836 154 1
346 154 1
423 154 1
2334 154 1
3162 154 1
3831 154 1
1687 154 1
931 154 1
2145 154 1
1325 154 1
3808 154 1
414 154 1
902 154 1
1267 154 1
858 154 1
69 154 1
1515 154 1
1198 154 1
2670 154 1
117 154 1
1909 154 1
210 154 1
1044 154 1
1170 154 1
658 154 1
919 154 1
2265 154 1
742 154 1
1665 154 1
2308 154 1
861 154 1
3627 154 1
1930 154 1
3139 154 1
2518 154 1
1623 154 1
3462 154 1
3749 154 1
3794 154 1
1133 154 1
734 154 1
2821 154 1
1767 154 1
3127 154 1
35 154 1
2944 154 1
2907 154 1
1562 154 1
1892 154 1
1177 155 1
2234 155 1
694 155 1
1784 155 1
1417 155 1
3277 155 1
2777 155 1
3321 155 1
1182 155 1
690 155 1
1707 155 1
3055 155 1
2085 155 1
1017 155 1
3055 155 1
2618 155 1
3012 155 1
92 155 1
2554 155 1
2627 155 1
1315 155 1
2679 155 1
868 155 1
2676 155 1
1019 155 1
410 155 1
2662 155 1
114 155 1
3 155 1
860 155 1
2782 155 1
272 155 1
805 155 1
3488 155 1
3279 155 1
1363 155 1
771 155 1
1281 155 1
1195 155 1
3398 155 1
1632 155 1
2170 155 1
2936 155 1
3441 155 1
3296 155 1
1605 155 1
3170 155 1
94 155 1
3314 155 1
219 155 1
3234 155 1
910 155 1
3415 155 1
897 155 1
936 155 1
3755 155 1
1122 155 1
2647 155 1
315 155 1
1990 155 1
986 155 1
2861 155 1
3210 155 1
229 155 1
1085 155 1
3730 155 1
1624 155 1
1864 155 1
3587 155 1
2420 155 1
3683 155 1
3009 155 1
2231 155 1
1454 155 1
1720 155 1
1453 155 1
777 155 1
1928 155 1
1981 155 1
1194 155 1
275 155 1
3594 155 1
34 155 1
1428 155 1
3173 155 1
513 155 1
1649 155 1
2536 155 1
1467 155 1
3119 155 1
3842 155 1
2410 155 1
1348 155 1
2080 155 1
1241 155 1
3294 155 1
333 155 1
721 155 1
1021 155 1
2968 155 1
3392 155 1
3696 155 1
2228 155 1
3256 155 1
1928 155 1
935 155 1
1825 155 1
1463 155 1
1465 155 1
3488 155 1
3604 155 1
2736 155 1
979 155 1
3753 155 1
1823 155 1
3378 155 1
2824 155 1
806 155 1
2974 155 1
2690 155 1
3010 155 1
2133 155 1
804 155 1
1440 155 1
972 155 1
2175 155 1
999 155 1
203 155 1
153 155 1
2703 155 1
2987 155 1
298 155 1
2925 155 1
257 155 1
674 155 1
1180 155 1
334 155 1
610 155 1
941 155 1
3820 155 1
2112 155 1
1550 155 1
3284 155 1
2656 155 1
3519 155 1
3710 155 1
89 155 1
2179 155 1
2851 155 1
204 155 1
2617 155 1
2342 155 1
3846 155 1
2325 155 1
1894 155 1
2193 155 1
3337 155 1
2112 155 1
1480 155 1
1546 155 1
427 155 1
3047 155 1
3464 155 1
1953 155 1
1894 155 1
1472 155 1
1486 155 1
2048 155 1
3129 155 1
2866 155 1
177 155 1
1443 155 1
1508 155 1
714 155 1
2048 155 1
2441 155 1
1569 155 1
956 155 1
3137 155 1
3377 155 1
3236 155 1
3100 155 1
3768 155 1
3134 155 1
1795 155 1
1365 155 1
1033 155 1
2600 155 1
793 155 1
3135 155 1
747 155 1
1129 155 1
2528 155 1
1833 155 1
1358 155 1
3162 155 1
3375 155 1
3109 155 1
271 155 1
504 155 1
2841 155 1
3636 155 1
871 155 1
2193 155 1
2615 155 1
1265 155 1
1317 155 1
1855 155 1
2942 155 1
1868 155 1
1178 155 1
2482 155 1
2137 155 1
3320 155 1
1226 155 1
3368 155 1
2739 155 1
322 155 1
3669 155 1
414 155 1
1681 155 1
2547 155 1
423 155 1
3333 155 1
3419 155 1
2144 155 1
793 155 1
2417 155 1
638 155 1
3393 155 1
2661 155 1
2729 155 1
38 155 1
296 155 1
2873 155 1
2533 155 1
3322 155 1
3108 155 1
900 155 1
371 155 1
1173 155 1
3732 155 1
2801 155 1
2649 155 1
1342 155 1
1278 155 1
108 155 1
2485 155 1
2230 155 1
2430 155 1
461 155 1
755 155 1
2334 155 1
1535 155 1
992 155 1
1129 155 1
3688 155 1
1745 155 1
338 155 1
1777 155 1
3134 155 1
3147 155 1
1625 155 1
2809 155 1
1336 155 1
1582 155 1
3070 155 1
2074 155 1
20 155 1
776 155 1
2019 155 1
1269 155 1
1913 155 1
2355 155 1
3196 155 1
1543 155 1
3091 155 1
1837 155 1
3029 155 1
155 155 1
2613 155 1
1064 155 1
389 155 1
1830 155 1
1759 155 1
1814 155 1
800 155 1
857 155 1
982 155 1
1320 155 1
99 155 1
2298 155 1
1511 155 1
1791 155 1
2098 155 1
639 155 1
1223 155 1
2310 155 1
2445 155 1
2236 155 1
562 155 1
1454 155 1
1686 155 1
2735 155 1
3344 155 1
1604 155 1
2208 155 1
1235 155 1
2570 155 1
3633 155 1
3267 155 1
3170 155 1
864 155 1
70 155 1
2158 155 1
2772 155 1
2815 155 1
588 155 1
3220 155 1
2307 155 1
1164 155 1
192 155 1
2443 155 1
2379 155 1
146 155 1
799 155 1
2941 155 1
380 155 1
1698 155 1
446 155 1
2457 155 1
674 155 1
3501 155 1
3539 155 1
1258 155 1
3664 155 1
1483 155 1
444 155 1
145 155 1
2238 155 1
557 155 1
2652 155 1
2463 155 1
1049 155 1
2888 155 1
2875 156 1
1854 156 1
612 156 1
2734 156 1
1694 156 1
1820 156 1
3000 156 1
2430 156 1
2023 156 1
1964 156 1
2582 156 1
2267 156 1
3754 156 1
2401 156 1
1000 156 1
1220 156 1
3638 156 1
1300 156 1
847 156 1
822 156 1
2967 156 1
105 156 1
3427 156 1
1529 156 1
48 156 1
3758 156 1
993 156 1
1298 156 1
2346 156 1
463 156 1
2368 156 1
3241 156 1
3827 156 1
2363 156 1
1890 156 1
1977 156 1
406 156 1
2633 156 1
1176 156 1
309 156 1
3187 156 1
2148 156 1
3760 156 1
947 156 1
3538 156 1
876 156 1
279 156 1
80 156 1
3032 156 1
2844 156 1
1868 156 1
2534 156 1
764 156 1
787 156 1
2110 156 1
3261 156 1
3620 156 1
3837 156 1
3035 156 1
1137 156 1
2014 156 1
197 156 1
3553 156 1
491 156 1
1132 156 1
3329 156 1
2029 156 1
1649 156 1
3813 156 1
2916 156 1
3195 156 1
491 156 1
3459 156 1
998 156 1
600 156 1
1994 156 1
2966 156 1
1336 156 1
3310 156 1
1366 156 1
1901 156 1
3216 156 1
1863 156 1
1865 156 1
2214 156 1
1362 156 1
2826 156 1
1202 156 1
403 156 1
1156 156 1
2052 156 1
1975 156 1
1810 156 1
1477 156 1
1340 156 1
2931 156 1
2073 156 1
2344 156 1
312 156 1
1806 156 1
3553 156 1
726 156 1
3451 156 1
2973 156 1
3130 156 1
2266 156 1
130 156 1
2129 156 1
667 156 1
1473 156 1
769 156 1
1523 156 1
1815 156 1
1944 156 1
3276 156 1
3817 156 1
3476 156 1
1023 156 1
3428 156 1
3836 156 1
3153 156 1
382 156 1
2500 156 1
69 156 1
238 156 1
1818 156 1
1111 156 1
3158 156 1
2218 156 1
3311 156 1
3012 156 1
3093 156 1
682 156 1
2583 156 1
936 156 1
2233 156 1
1481 156 1
1192 156 1
1173 156 1
2673 156 1
949 156 1
2695 156 1
2875 156 1
2179 156 1
2306 156 1
1906 156 1
3497 156 1
465 156 1
1204 156 1
2920 156 1
2060 156 1
958 156 1
2491 156 1
2881 156 1
2078 156 1
832 156 1
2580 156 1
148 156 1
2415 156 1
1906 156 1
2035 156 1
2300 156 1
892 156 1
2858 156 1
927 156 1
2958 156 1
2743 156 1
915 156 1
3336 156 1
1094 156 1
3564 156 1
1522 156 1
3672 156 1
2450 156 1
1815 156 1
13 156 1
2410 156 1
1047 156 1
321 156 1
1060 156 1
1843 156 1
310 156 1
1037 156 1
548 156 1
3674 156 1
1558 156 1
1420 156 1
2187 156 1
2631 156 1
3772 156 1
3331 156 1
3791 156 1
3733 156 1
3321 156 1
2601 156 1
1604 156 1
3420 156 1
2672 156 1
2793 156 1
2426 156 1
3723 156 1
627 156 1
3027 156 1
3180 156 1
2339 156 1
268 156 1
88 156 1
2633 156 1
2683 156 1
2238 156 1
1301 156 1
2283 156 1
1361 156 1
3765 156 1
2130 156 1
2345 156 1
1388 156 1
2630 156 1
2082 156 1
1304 156 1
173 156 1
131 156 1
495 156 1
2065 156 1
3858 156 1
2317 156 1
1352 156 1
3832 156 1
3529 156 1
3798 156 1
2596 156 1
2989 156 1
2446 156 1
1368 156 1
3259 156 1
97 156 1
3484 156 1
1131 156 1
2896 156 1
2592 156 1
526 156 1
2474 156 1
1244 156 1
1714 156 1
785 156 1
1452 156 1
140 156 1
1297 156 1
580 156 1
2792 156 1
3382 156 1
2013 156 1
731 156 1
2768 156 1
3130 156 1
654 156 1
3056 156 1
2678 156 1
3520 156 1
2051 156 1
3597 156 1
2771 156 1
1943 156 1
3014 156 1
746 156 1
1005 156 1
103 156 1
1317 156 1
1310 156 1
1001 156 1
2554 156 1
1001 156 1
836 156 1
2412 156 1
1303 156 1
3162 156 1
427 156 1
2904 156 1
2837 156 1
3326 156 1
2340 156 1
368 156 1
273 156 1
3739 156 1
3300 156 1
3641 156 1
3316 156 1
2542 156 1
991 156 1
1078 156 1
445 156 1
3800 156 1
776 156 1
1629 156 1
2473 156 1
3780 156 1
2490 156 1
1694 156 1
2476 156 1
3331 156 1
1968 156 1
953 156 1
3825 156 1
210 156 1
1807 156 1
2041 156 1
2665 156 1
911 156 1
1086 156 1
677 156 1
817 156 1
134 156 1
2741 156 1
937 156 1
3809 156 1
144 156 1
1701 156 1
2507 156 1
2428 156 1
2186 156 1
1238 156 1
1543 156 1
3074 156 1
878 156 1
945 156 1
1213 156 1
2543 156 1
2605 156 1
794 156 1
2704 156 1
621 156 1
1231 156 1
3569 156 1
2506 156 1
252 156 1
2521 156 1
728 156 1
2152 156 1
591 156 1
1587 156 1
2150 156 1
3711 156 1
815 156 1
1309 156 1
3093 156 1
2946 157 1
1837 157 1
3370 157 1
3638 157 1
619 157 1
2604 157 1
143 157 1
1610 157 1
1071 157 1
473 157 1
2094 157 1
3777 157 1
3400 157 1
2181 157 1
3743 157 1
2726 157 1
2207 157 1
1099 157 1
320 157 1
3647 157 1
235 157 1
3174 157 1
1141 157 1
588 157 1
3187 157 1
1801 157 1
1945 157 1
3392 157 1
5 157 1
2211 157 1
1901 157 1
3222 157 1
177 157 1
3445 157 1
3389 157 1
3518 157 1
2669 157 1
535 157 1
3637 157 1
120 157 1
2536 157 1
1746 157 1
1555 157 1
3136 157 1
2724 157 1
890 157 1
841 157 1
1271 157 1
13 157 1
2665 157 1
2073 157 1
3532 157 1
1943 157 1
858 157 1
1041 157 1
3302 157 1
248 157 1
2038 157 1
1045 157 1
2434 157 1
1498 157 1
184 157 1
2665 157 1
910 157 1
3063 157 1
965 157 1
3265 157 1
468 157 1
1596 157 1
1810 157 1
2449 157 1
116 157 1
3187 157 1
2123 157 1
1891 157 1
743 157 1
3415 157 1
662 157 1
1587 157 1
3250 157 1
3029 157 1
572 157 1
1109 157 1
432 157 1
87 157 1
1173 157 1
3111 157 1
1431 157 1
2321 157 1
3306 157 1
3337 157 1
3197 157 1
2463 157 1
159 157 1
142 157 1
549 157 1
283 157 1
2621 157 1
1203 157 1
2791 157 1
1638 157 1
2343 157 1
572 157 1
3454 157 1
2319 157 1
645 157 1
505 157 1
1464 157 1
3747 157 1
1934 157 1
72 157 1
2428 157 1
1815 157 1
3002 157 1
35 157 1
2582 157 1
3050 157 1
2186 157 1
3747 157 1
1503 157 1
915 157 1
3629 157 1
1263 157 1
1006 157 1
2047 157 1
481 157 1
3246 157 1
667 157 1
2802 157 1
2238 157 1
1252 157 1
1058 157 1
131 157 1
348 157 1
970 157 1
2548 157 1
2673 157 1
2137 157 1
2419 157 1
1258 157 1
3570 157 1
1703 157 1
2588 157 1
738 157 1
2304 157 1
691 157 1
2813 157 1
2956 157 1
1364 157 1
2000 157 1
633 157 1
3087 157 1
1715 157 1
1260 157 1
2757 157 1
114 157 1
2347 157 1
2691 157 1
1452 157 1
2331 157 1
1335 157 1
923 157 1
1124 157 1
2679 157 1
194 157 1
2460 157 1
275 157 1
2550 157 1
3758 157 1
1823 157 1
343 157 1
2870 157 1
1665 157 1
1033 157 1
2794 157 1
1708 157 1
165 157 1
2772 157 1
2254 157 1
2833 157 1
2744 157 1
72 157 1
1871 157 1
3489 157 1
929 157 1
2488 157 1
3608 157 1
259 157 1
125 157 1
1308 157 1
3705 157 1
2205 157 1
1900 157 1
3041 157 1
2862 157 1
3471 157 1
987 157 1
1128 157 1
719 157 1
3288 157 1
1900 157 1
3027 157 1
2799 157 1
2814 157 1
2255 157 1
1279 157 1
542 157 1
130 157 1
3650 157 1
2556 157 1
682 157 1
3820 157 1
1633 157 1
3814 157 1
98 157 1
2228 157 1
2561 157 1
186 157 1
2709 157 1
1892 157 1
2693 157 1
702 157 1
3626 157 1
1400 157 1
453 157 1
722 157 1
207 157 1
109 157 1
2455 157 1
1504 157 1
4 157 1
2748 157 1
1291 157 1
86 157 1
341 157 1
679 157 1
992 157 1
728 157 1
3176 157 1
2720 157 1
935 157 1
424 157 1
993 157 1
2861 157 1
668 157 1
3601 157 1
3147 157 1
3271 157 1
190 157 1
252 157 1
69 157 1
3486 157 1
604 157 1
2296 157 1
1577 157 1
1396 157 1
2804 157 1
834 157 1
1970 157 1
1786 157 1
2735 157 1
3696 157 1
1050 157 1
334 157 1
3337 157 1
3139 157 1
718 157 1
1154 157 1
388 157 1
1200 157 1
1816 157 1
3266 157 1
1629 157 1
2585 157 1
2173 157 1
2789 157 1
3573 157 1
2618 157 1
145 157 1
1621 157 1
1258 157 1
555 157 1
1368 157 1
3479 157 1
566 157 1
369 157 1
3416 157 1
2744 157 1
1454 157 1
2365 157 1
1440 157 1
1552 157 1
198 157 1
3486 157 1
2922 157 1
2148 157 1
1516 157 1
3054 157 1
2251 157 1
204 157 1
924 157 1
2616 157 1
1490 157 1
1024 157 1
773 157 1
3497 157 1
2720 157 1
446 157 1
2937 157 1
2159 157 1
96 157 1
3351 157 1
3822 157 1
2622 157 1
663 157 1
279 157 1
2620 157 1
3802 157 1
55 157 1
1253 157 1
1503 157 1
3424 157 1
2501 157 1
710 157 1
3244 157 1
1880 157 1
585 157 1
3071 157 1
1608 157 1
1856 157 1
3676 157 1
286 157 1
426 157 1
2948 157 1
2639 157 1
1534 157 1
850 157 1
3751 157 1
17 157 1
3691 157 1
3364 157 1
3174 157 1
155 157 1
1034 157 1
1105 157 1
193 158 1
3055 158 1
2598 158 1
1763 158 1
2005 158 1
2393 158 1
3443 158 1
332 158 1
2897 158 1
3054 158 1
3855 158 1
1860 158 1
2454 158 1
3214 158 1
1272 158 1
1213 158 1
2176 158 1
1298 158 1
1572 158 1
3062 158 1
2818 158 1
2217 158 1
162 158 1
1940 158 1
3530 158 1
3715 158 1
408 158 1
1308 158 1
987 158 1
2941 158 1
2227 158 1
215 158 1
65 158 1
3805 158 1
592 158 1
2512 158 1
1799 158 1
2298 158 1
2175 158 1
140 158 1
958 158 1
1373 158 1
2112 158 1
2864 158 1
1341 158 1
1521 158 1
234 158 1
3607 158 1
2537 158 1
1875 158 1
588 158 1
2649 158 1
958 158 1
729 158 1
2607 158 1
1709 158 1
2826 158 1
3248 158 1
1536 158 1
2541 158 1
2216 158 1
1054 158 1
119 158 1
3787 158 1
1953 158 1
222 158 1
1148 158 1
2946 158 1
2328 158 1
3192 158 1
2877 158 1
888 158 1
3289 158 1
3224 158 1
1500 158 1
2056 158 1
3146 158 1
1273 158 1
1717 158 1
2758 158 1
2102 158 1
1792 158 1
527 158 1
2854 158 1
2069 158 1
2333 158 1
3033 158 1
28 158 1
2202 158 1
2925 158 1
463 158 1
938 158 1
259 158 1
2618 158 1
712 158 1
2294 158 1
759 158 1
1996 158 1
2712 158 1
2652 158 1
2880 158 1
482 158 1
2539 158 1
1590 158 1
122 158 1
3595 158 1
517 158 1
2778 158 1
2975 158 1
1839 158 1
956 158 1
32 158 1
1646 158 1
2056 158 1
3676 158 1
2693 158 1
2922 158 1
2558 158 1
1597 158 1
2393 158 1
1072 158 1
790 158 1
633 158 1
1477 158 1
3716 158 1
521 158 1
200 158 1
2968 158 1
767 158 1
401 158 1
2204 158 1
1163 158 1
679 158 1
1832 158 1
340 158 1
2997 158 1
3437 158 1
1201 158 1
1060 158 1
1881 158 1
3032 158 1
2764 158 1
1372 158 1
858 158 1
1115 158 1
152 158 1
3306 158 1
2108 158 1
2472 158 1
3237 158 1
469 158 1
1348 158 1
1193 158 1
2316 158 1
1131 158 1
1403 158 1
497 158 1
2388 158 1
3756 158 1
1363 158 1
1605 158 1
3340 158 1
2859 158 1
2766 158 1
6 158 1
1511 158 1
2646 158 1
3638 158 1
3069 158 1
1882 158 1
784 158 1
3384 158 1
2716 158 1
3546 158 1
3036 158 1
392 158 1
3466 158 1
3457 158 1
2475 158 1
1761 158 1
697 158 1
3417 158 1
942 158 1
517 158 1
3041 158 1
2968 158 1
1252 158 1
944 158 1
2565 158 1
319 158 1
3548 158 1
3751 158 1
477 158 1
1150 158 1
2850 158 1
2487 158 1
3765 158 1
1599 158 1
719 158 1
846 158 1
853 158 1
212 158 1
1326 158 1
2404 158 1
3824 158 1
1443 158 1
3203 158 1
2194 158 1
961 158 1
3640 158 1
1389 158 1
3787 158 1
1000 158 1
457 158 1
669 158 1
3697 158 1
3064 158 1
528 158 1
1818 158 1
1754 158 1
186 158 1
1994 158 1
908 158 1
3135 158 1
3020 158 1
3415 158 1
3576 158 1
792 158 1
2937 158 1
3271 158 1
1109 158 1
1065 158 1
3089 158 1
1832 158 1
1530 158 1
3120 158 1
2225 158 1
742 158 1
2082 158 1
2427 158 1
1146 158 1
1349 158 1
449 158 1
1797 158 1
816 158 1
2156 158 1
2666 158 1
824 158 1
3547 158 1
2339 158 1
1185 158 1
3363 158 1
2929 158 1
1232 158 1
2243 158 1
1867 158 1
88 158 1
3454 158 1
3416 158 1
1416 158 1
2660 158 1
2167 158 1
1602 158 1
1099 158 1
2122 158 1
3339 158 1
1417 158 1
3217 158 1
3752 158 1
1890 158 1
2318 158 1
3063 158 1
3639 158 1
2102 158 1
314 158 1
63 158 1
3330 158 1
260 158 1
447 158 1
3682 158 1
2350 158 1
2740 158 1
470 158 1
3051 158 1
3215 158 1
1955 158 1
2014 158 1
2119 158 1
3325 158 1
632 158 1
1556 158 1
2342 158 1
1964 158 1
176 158 1
1919 158 1
1088 158 1
1511 158 1
145 158 1
1897 158 1
539 158 1
347 158 1
936 158 1
2811 158 1
3399 158 1
3421 158 1
1349 158 1
3694 158 1
3590 158 1
3355 158 1
2486 158 1
3033 158 1
915 158 1
669 158 1
3264 158 1
1289 158 1
457 158 1
215 158 1
1397 158 1
2395 158 1
1227 158 1
2562 158 1
127 158 1
8 158 1
1424 158 1
2371 158 1
2395 158 1
2226 158 1
3556 158 1
831 158 1
833 158 1
381 158 1
2125 158 1
2766 158 1
2165 158 1
440 158 1
3719 158 1
1807 158 1
3223 158 1
2388 158 1
1494 158 1
2946 158 1
2135 158 1
1286 158 1
1589 158 1
2981 158 1
675 159 1
343 159 1
2276 159 1
3100 159 1
3202 159 1
2707 159 1
875 159 1
1740 159 1
2999 159 1
1914 159 1
2352 159 1
571 159 1
3466 159 1
3157 159 1
2772 159 1
130 159 1
1555 159 1
3179 159 1
149 159 1
3737 159 1
1128 159 1
1561 159 1
133 159 1
735 159 1
616 159 1
634 159 1
2297 159 1
3403 159 1
1434 159 1
2982 159 1
2779 159 1
3497 159 1
145 159 1
2576 159 1
435 159 1
2710 159 1
3053 159 1
1015 159 1
3193 159 1
1420 159 1
1170 159 1
1547 159 1
3113 159 1
1583 159 1
2066 159 1
1125 159 1
1992 159 1
2643 159 1
252 159 1
3022 159 1
3163 159 1
2525 159 1
1844 159 1
3628 159 1
3668 159 1
3808 159 1
1218 159 1
3788 159 1
443 159 1
2975 159 1
3841 159 1
290 159 1
1946 159 1
2341 159 1
570 159 1
2798 159 1
254 159 1
925 159 1
3505 159 1
2146 159 1
2539 159 1
3628 159 1
863 159 1
2995 159 1
1504 159 1
425 159 1
773 159 1
534 159 1
3654 159 1
287 159 1
67 159 1
3110 159 1
3384 159 1
3196 159 1
774 159 1
408 159 1
1085 159 1
98 159 1
276 159 1
1079 159 1
1367 159 1
3453 159 1
2450 159 1
2067 159 1
2038 159 1
1447 159 1
3075 159 1
1663 159 1
2657 159 1
2792 159 1
502 159 1
1483 159 1
1946 159 1
289 159 1
428 159 1
2209 159 1
1341 159 1
718 159 1
486 159 1
3003 159 1
2897 159 1
3785 159 1
1347 159 1
757 159 1
683 159 1
3063 159 1
1765 159 1
2245 159 1
2095 159 1
1820 159 1
1982 159 1
1326 159 1
737 159 1
2796 159 1
3586 159 1
3783 159 1
49 159 1
2565 159 1
1823 159 1
981 159 1
1755 159 1
1910 159 1
194 159 1
2128 159 1
248 159 1
2998 159 1
1797 159 1
911 159 1
86 159 1
2071 159 1
2056 159 1
261 159 1
979 159 1
97 159 1
372 159 1
1249 159 1
3464 159 1
710 159 1
2838 159 1
3248 159 1
3070 159 1
971 159 1
2711 159 1
2113 159 1
3829 159 1
3208 159 1
2897 159 1
1968 159 1
110 159 1
1717 159 1
264 159 1
3007 159 1
2490 159 1
1983 159 1
2335 159 1
3844 159 1
1316 159 1
176 159 1
3451 159 1
1540 159 1
1150 159 1
2389 159 1
3214 159 1
3509 159 1
3400 159 1
3069 159 1
979 159 1
773 159 1
3429 159 1
1734 159 1
2335 159 1
1185 159 1
1231 159 1
335 159 1
1274 159 1
846 159 1
1013 159 1
1365 159 1
3183 159 1
772 159 1
2757 159 1
1142 159 1
1720 159 1
3772 159 1
1528 159 1
3152 159 1
1765 159 1
3409 159 1
2418 159 1
2031 159 1
3807 159 1
2656 159 1
617 159 1
703 159 1
3103 159 1
2027 159 1
2759 159 1
680 159 1
3060 159 1
713 159 1
2327 159 1
2616 159 1
3160 159 1
2853 159 1
3587 159 1
3289 159 1
844 159 1
307 159 1
3718 159 1
3493 159 1
3111 159 1
3001 159 1
3434 159 1
3544 159 1
249 159 1
1484 159 1
414 159 1
2691 159 1
841 159 1
3126 159 1
2887 159 1
3425 159 1
2590 159 1
3204 159 1
2097 159 1
2340 159 1
768 159 1
2028 159 1
1560 159 1
1710 159 1
1228 159 1
3215 159 1
2010 159 1
552 159 1
3621 159 1
3538 159 1
306 159 1
3693 159 1
421 159 1
252 159 1
3238 159 1
1865 159 1
3439 159 1
222 159 1
94 159 1
566 159 1
1673 159 1
1881 159 1
844 159 1
3626 159 1
1458 159 1
3251 159 1
645 159 1
1126 159 1
1185 159 1
270 159 1
1232 159 1
1743 159 1
2131 159 1
2019 159 1
1328 159 1
3664 159 1
3288 159 1
898 159 1
3161 159 1
3078 159 1
1831 159 1
2280 159 1
1375 159 1
1281 159 1
3850 159 1
122 159 1
1911 159 1
1415 159 1
417 159 1
3581 159 1
1779 159 1
2688 159 1
3193 159 1
609 159 1
855 159 1
2576 159 1
2677 159 1
2563 159 1
1837 159 1
1456 159 1
3021 159 1
2923 159 1
2547 159 1
998 159 1
3206 159 1
125 159 1
232 159 1
3019 159 1
3355 159 1
658 159 1
3526 159 1
3596 159 1
587 159 1
817 159 1
3585 159 1
1375 159 1
1351 159 1
3592 159 1
708 159 1
1425 159 1
3123 159 1
3099 159 1
1593 159 1
877 159 1
1824 159 1
148 159 1
1793 159 1
600 159 1
1157 159 1
1386 159 1
3136 159 1
0 159 1
2872 159 1
156 159 1
1603 159 1
2545 159 1
1970 159 1
857 159 1
662 159 1
2983 159 1
471 159 1
3117 159 1
2109 159 1
734 159 1
756 159 1
3233 159 1
1682 159 1
297 159 1
396 159 1
3447 160 1
3790 160 1
1023 160 1
3637 160 1
1331 160 1
1935 160 1
2393 160 1
2070 160 1
1925 160 1
152 160 1
203 160 1
3077 160 1
2899 160 1
2697 160 1
2027 160 1
2800 160 1
2159 160 1
62 160 1
2602 160 1
684 160 1
804 160 1
2141 160 1
1853 160 1
3510 160 1
3100 160 1
2240 160 1
2752 160 1
814 160 1
1249 160 1
1042 160 1
2334 160 1
821 160 1
65 160 1
1232 160 1
2933 160 1
2142 160 1
1852 160 1
1944 160 1
1661 160 1
546 160 1
667 160 1
729 160 1
224 160 1
1452 160 1
1682 160 1
2488 160 1
2311 160 1
1374 160 1
3723 160 1
1655 160 1
832 160 1
3454 160 1
747 160 1
1836 160 1
795 160 1
3075 160 1
3609 160 1
596 160 1
3447 160 1
3698 160 1
2547 160 1
3267 160 1
1979 160 1
3071 160 1
1360 160 1
808 160 1
107 160 1
2665 160 1
1343 160 1
861 160 1
1753 160 1
3776 160 1
327 160 1
3306 160 1
902 160 1
2887 160 1
3249 160 1
2839 160 1
1293 160 1
2826 160 1
3693 160 1
2641 160 1
2170 160 1
3174 160 1
287 160 1
1525 160 1
1799 160 1
2467 160 1
1395 160 1
2630 160 1
3010 160 1
1835 160 1
3676 160 1
2108 160 1
1656 160 1
3834 160 1
926 160 1
2087 160 1
1800 160 1
819 160 1
3617 160 1
2917 160 1
2656 160 1
1821 160 1
2242 160 1
1208 160 1
1402 160 1
1428 160 1
920 160 1
15 160 1
2979 160 1
3605 160 1
1647 160 1
1522 160 1
3156 160 1
3352 160 1
2538 160 1
3073 160 1
2159 160 1
2088 160 1
2397 160 1
449 160 1
2224 160 1
3366 160 1
1614 160 1
975 160 1
752 160 1
1567 160 1
1752 160 1
2168 160 1
3851 160 1
1932 160 1
940 160 1
3265 160 1
3030 160 1
1797 160 1
1036 160 1
2302 160 1
49 160 1
1814 160 1
130 160 1
1081 160 1
111 160 1
1738 160 1
1348 160 1
3771 160 1
3351 160 1
1893 160 1
2621 160 1
1360 160 1
3573 160 1
108 160 1
703 160 1
3258 160 1
2368 160 1
2009 160 1
1302 160 1
2894 160 1
290 160 1
2417 160 1
3207 160 1
2025 160 1
207 160 1
2129 160 1
1106 160 1
3460 160 1
571 160 1
2985 160 1
3333 160 1
3566 160 1
2177 160 1
546 160 1
3567 160 1
3351 160 1
2562 160 1
2530 160 1
3285 160 1
970 160 1
115 160 1
2749 160 1
811 160 1
3447 160 1
995 160 1
3491 160 1
2616 160 1
3403 160 1
3033 160 1
3133 160 1
2119 160 1
3661 160 1
2596 160 1
3412 160 1
3121 160 1
959 160 1
1773 160 1
3692 160 1
1802 160 1
299 160 1
885 160 1
434 160 1
3614 160 1
1413 160 1
3362 160 1
2027 160 1
2811 160 1
69 160 1
2676 160 1
3410 160 1
2265 160 1
1604 160 1
3850 160 1
3356 160 1
882 160 1
2175 160 1
1666 160 1
3103 160 1
2947 160 1
3432 160 1
2603 160 1
821 160 1
3705 160 1
1467 160 1
1887 160 1
117 160 1
3446 160 1
1622 160 1
522 160 1
2530 160 1
2382 160 1
578 160 1
1923 160 1
1547 160 1
2870 160 1
148 160 1
3178 160 1
2626 160 1
131 160 1
3723 160 1
2370 160 1
1625 160 1
308 160 1
1601 160 1
3710 160 1
1731 160 1
290 160 1
3430 160 1
2046 160 1
1939 160 1
3459 160 1
3433 160 1
870 160 1
1046 160 1
445 160 1
3173 160 1
690 160 1
2794 160 1
236 160 1
1425 160 1
730 160 1
2511 160 1
437 160 1
2186 160 1
3677 160 1
1719 160 1
3364 160 1
3787 160 1
3721 160 1
3342 160 1
2573 160 1
549 160 1
2266 160 1
3807 160 1
1556 160 1
2319 160 1
1892 160 1
574 160 1
3240 160 1
2517 160 1
3797 160 1
654 160 1
3390 160 1
3041 160 1
2204 160 1
745 160 1
3350 160 1
753 160 1
3311 160 1
1957 160 1
1162 160 1
2667 160 1
3131 160 1
332 160 1
1157 160 1
267 160 1
2910 160 1
805 160 1
649 160 1
550 160 1
1552 160 1
127 160 1
1138 160 1
2674 160 1
1982 160 1
1652 160 1
1086 160 1
857 160 1
3707 160 1
1191 160 1
1773 160 1
2275 160 1
1758 160 1
2026 160 1
3420 160 1
238 160 1
355 160 1
2481 160 1
3613 160 1
2360 160 1
33 160 1
1674 160 1
3136 160 1
1876 160 1
1983 160 1
3538 160 1
2149 160 1
2656 160 1
1732 160 1
2278 160 1
3799 160 1
2976 160 1
3265 160 1
1555 160 1
1514 160 1
2922 160 1
1668 160 1
3501 160 1
2297 160 1
2834 160 1
153 160 1
2086 160 1
3308 160 1
2179 160 1
703 160 1
220 160 1
342 160 1
535 161 1
1468 161 1
2706 161 1
2611 161 1
2652 161 1
2940 161 1
3161 161 1
182 161 1
1792 161 1
3509 161 1
3658 161 1
1667 161 1
2056 161 1
87 161 1
1032 161 1
1167 161 1
2969 161 1
3479 161 1
3344 161 1
357 161 1
3255 161 1
1803 161 1
1824 161 1
2179 161 1
1353 161 1
3581 161 1
324 161 1
2796 161 1
1963 161 1
1660 161 1
1579 161 1
2628 161 1
2124 161 1
357 161 1
551 161 1
318 161 1
2635 161 1
321 161 1
1307 161 1
2514 161 1
258 161 1
1270 161 1
1841 161 1
3167 161 1
3254 161 1
3387 161 1
2727 161 1
3550 161 1
950 161 1
2673 161 1
939 161 1
1273 161 1
3813 161 1
1331 161 1
424 161 1
3135 161 1
3223 161 1
2194 161 1
2280 161 1
1963 161 1
3576 161 1
2348 161 1
3591 161 1
3197 161 1
1431 161 1
1202 161 1
1988 161 1
2437 161 1
2113 161 1
3341 161 1
3626 161 1
96 161 1
613 161 1
1891 161 1
3045 161 1
2088 161 1
501 161 1
2844 161 1
1519 161 1
1052 161 1
1431 161 1
3026 161 1
3228 161 1
1201 161 1
970 161 1
193 161 1
869 161 1
694 161 1
654 161 1
2685 161 1
1157 161 1
1152 161 1
3402 161 1
1900 161 1
2957 161 1
2836 161 1
2226 161 1
2954 161 1
3811 161 1
1233 161 1
1718 161 1
2557 161 1
3556 161 1
2048 161 1
3733 161 1
2763 161 1
2026 161 1
2914 161 1
1202 161 1
1535 161 1
1305 161 1
3776 161 1
1967 161 1
1505 161 1
149 161 1
3449 161 1
2836 161 1
3771 161 1
2275 161 1
2620 161 1
937 161 1
1201 161 1
2096 161 1
1241 161 1
27 161 1
711 161 1
3268 161 1
3588 161 1
2093 161 1
383 161 1
2094 161 1
2742 161 1
3031 161 1
167 161 1
228 161 1
38 161 1
3402 161 1
3197 161 1
1613 161 1
1531 161 1
3437 161 1
1757 161 1
654 161 1
3090 161 1
1156 161 1
3404 161 1
3254 161 1
3576 161 1
1477 161 1
3659 161 1
2515 161 1
1662 161 1
2366 161 1
2536 161 1
2250 161 1
3755 161 1
441 161 1
2239 161 1
1342 161 1
213 161 1
1352 161 1
3197 161 1
2519 161 1
1306 161 1
3318 161 1
2315 161 1
1212 161 1
3606 161 1
1244 161 1
1327 161 1
1949 161 1
1222 161 1
2597 161 1
1903 161 1
1364 161 1
3394 161 1
1732 161 1
2011 161 1
2437 161 1
369 161 1
2701 161 1
2802 161 1
1397 161 1
3220 161 1
3277 161 1
2104 161 1
1903 161 1
1794 161 1
371 161 1
1429 161 1
2801 161 1
1752 161 1
2491 161 1
2342 161 1
3110 161 1
1030 161 1
860 161 1
371 161 1
3582 161 1
1770 161 1
1987 161 1
2510 161 1
3144 161 1
1331 161 1
3296 161 1
1388 161 1
349 161 1
924 161 1
2939 161 1
1185 161 1
3260 161 1
467 161 1
2767 161 1
3775 161 1
1036 161 1
2015 161 1
1392 161 1
1207 161 1
1485 161 1
3156 161 1
3453 161 1
2553 161 1
2161 161 1
2521 161 1
2664 161 1
2550 161 1
1011 161 1
2034 161 1
2864 161 1
3085 161 1
2806 161 1
3040 161 1
2284 161 1
3598 161 1
3812 161 1
542 161 1
12 161 1
3522 161 1
1565 161 1
2571 161 1
2329 161 1
2524 161 1
3749 161 1
3179 161 1
3316 161 1
857 161 1
3152 161 1
557 161 1
3249 161 1
2787 161 1
2560 161 1
420 161 1
1738 161 1
3043 161 1
40 161 1
1989 161 1
3654 161 1
2902 161 1
2878 161 1
1371 161 1
2654 161 1
1714 161 1
617 161 1
1149 161 1
1216 161 1
3252 161 1
1493 161 1
1894 161 1
289 161 1
2621 161 1
643 161 1
380 161 1
3751 161 1
1076 161 1
1076 161 1
2714 161 1
37 161 1
1111 161 1
1991 161 1
1730 161 1
3714 161 1
3292 161 1
3525 161 1
2580 161 1
361 161 1
2665 161 1
351 161 1
55 161 1
3383 161 1
1703 161 1
3813 161 1
763 161 1
173 161 1
1945 161 1
388 161 1
3341 161 1
788 161 1
2582 161 1
3835 161 1
780 161 1
2766 161 1
1615 161 1
899 161 1
192 161 1
670 161 1
991 161 1
752 161 1
2168 161 1
2958 161 1
1990 161 1
3596 161 1
2704 161 1
2643 161 1
2914 161 1
2473 161 1
3380 161 1
1989 161 1
3341 161 1
2847 161 1
956 161 1
2450 161 1
1140 161 1
415 161 1
1086 161 1
1817 161 1
3228 161 1
3322 161 1
2397 161 1
2547 161 1
829 161 1
2594 161 1
3610 161 1
2139 161 1
2872 161 1
2957 161 1
1878 161 1
2112 161 1
3030 161 1
1779 161 1
2468 161 1
1305 161 1
2748 161 1
1296 161 1
2051 161 1
2640 161 1
984 162 1
1360 162 1
1448 162 1
3801 162 1
116 162 1
1909 162 1
898 162 1
230 162 1
88 162 1
1421 162 1
1350 162 1
1240 162 1
2219 162 1
247 162 1
1025 162 1
2989 162 1
2340 162 1
3638 162 1
2607 162 1
1636 162 1
1828 162 1
3334 162 1
590 162 1
3460 162 1
455 162 1
1218 162 1
1863 162 1
2736 162 1
1818 162 1
1526 162 1
349 162 1
640 162 1
867 162 1
3192 162 1
683 162 1
719 162 1
789 162 1
11 162 1
1049 162 1
3089 162 1
2555 162 1
186 162 1
1597 162 1
1182 162 1
1705 162 1
1973 162 1
1717 162 1
1922 162 1
3410 162 1
3708 162 1
798 162 1
1217 162 1
2459 162 1
3335 162 1
3193 162 1
3090 162 1
1497 162 1
3051 162 1
1164 162 1
2154 162 1
1121 162 1
497 162 1
943 162 1
2687 162 1
1612 162 1
127 162 1
2340 162 1
1720 162 1
3325 162 1
2701 162 1
1656 162 1
1093 162 1
623 162 1
1859 162 1
971 162 1
3854 162 1
435 162 1
642 162 1
549 162 1
1868 162 1
1561 162 1
2167 162 1
2990 162 1
3028 162 1
29 162 1
3403 162 1
1392 162 1
831 162 1
47 162 1
840 162 1
3398 162 1
2899 162 1
695 162 1
2988 162 1
2983 162 1
3057 162 1
2614 162 1
2512 162 1
695 162 1
181 162 1
1484 162 1
327 162 1
1561 162 1
2613 162 1
3146 162 1
3670 162 1
768 162 1
2393 162 1
3754 162 1
2089 162 1
1939 162 1
110 162 1
2410 162 1
3679 162 1
1255 162 1
724 162 1
985 162 1
665 162 1
473 162 1
2853 162 1
2985 162 1
755 162 1
243 162 1
1365 162 1
644 162 1
3818 162 1
1290 162 1
581 162 1
274 162 1
49 162 1
3110 162 1
2370 162 1
3700 162 1
2287 162 1
2423 162 1
1151 162 1
3582 162 1
3603 162 1
3842 162 1
2821 162 1
2277 162 1
400 162 1
1197 162 1
2323 162 1
1672 162 1
2098 162 1
914 162 1
3523 162 1
2328 162 1
2935 162 1
1045 162 1
3579 162 1
233 162 1
2766 162 1
1303 162 1
327 162 1
3584 162 1
2383 162 1
2943 162 1
3321 162 1
1347 162 1
2034 162 1
2978 162 1
586 162 1
2472 162 1
2815 162 1
2603 162 1
780 162 1
3328 162 1
1292 162 1
1040 162 1
2299 162 1
2667 162 1
2280 162 1
1898 162 1
923 162 1
806 162 1
306 162 1
3649 162 1
54 162 1
2172 162 1
511 162 1
2481 162 1
3847 162 1
857 162 1
3666 162 1
2510 162 1
465 162 1
1940 162 1
922 162 1
431 162 1
2058 162 1
3377 162 1
2298 162 1
3844 162 1
1098 162 1
2306 162 1
24 162 1
2736 162 1
3491 162 1
65 162 1
601 162 1
553 162 1
3567 162 1
714 162 1
1342 162 1
663 162 1
3195 162 1
514 162 1
1617 162 1
1763 162 1
2851 162 1
942 162 1
15 162 1
1636 162 1
1369 162 1
239 162 1
81 162 1
2759 162 1
3192 162 1
479 162 1
1964 162 1
1738 162 1
943 162 1
1537 162 1
2034 162 1
1102 162 1
2124 162 1
409 162 1
3567 162 1
1544 162 1
958 162 1
9 162 1
1863 162 1
2898 162 1
3627 162 1
2180 162 1
3402 162 1
3682 162 1
3836 162 1
2043 162 1
758 162 1
53 162 1
2508 162 1
1884 162 1
684 162 1
1654 162 1
3688 162 1
427 162 1
2039 162 1
3842 162 1
74 162 1
146 162 1
2258 162 1
3708 162 1
2894 162 1
3671 162 1
450 162 1
1686 162 1
774 162 1
1109 162 1
3298 162 1
117 162 1
3714 162 1
2784 162 1
1143 162 1
3731 162 1
2725 162 1
500 162 1
1117 162 1
3572 162 1
844 162 1
2964 162 1
3780 162 1
3103 162 1
3159 162 1
1412 162 1
3628 162 1
3200 162 1
895 162 1
2119 162 1
1865 162 1
2479 162 1
856 162 1
630 162 1
3153 162 1
2227 162 1
449 162 1
270 162 1
3030 162 1
2713 162 1
582 162 1
2671 162 1
2127 162 1
939 162 1
1996 162 1
919 162 1
2906 162 1
13 162 1
2566 162 1
3244 162 1
1806 162 1
3281 162 1
82 162 1
354 162 1
1856 162 1
3048 162 1
3151 162 1
2209 162 1
3618 162 1
1698 162 1
385 162 1
2807 162 1
928 162 1
3704 162 1
3143 162 1
648 162 1
3775 162 1
2288 162 1
534 162 1
2339 162 1
854 162 1
1745 162 1
2423 162 1
2526 162 1
392 162 1
3727 162 1
1591 162 1
1659 162 1
3402 162 1
864 162 1
429 162 1
3560 162 1
1737 162 1
1369 162 1
2104 162 1
3814 162 1
2573 162 1
632 162 1
394 162 1
543 162 1
3820 162 1
676 162 1
3627 162 1
405 162 1
2283 163 1
278 163 1
3735 163 1
1472 163 1
3455 163 1
1355 163 1
1712 163 1
2191 163 1
3228 163 1
698 163 1
1029 163 1
2313 163 1
2641 163 1
989 163 1
2526 163 1
3184 163 1
501 163 1
1269 163 1
968 163 1
1695 163 1
544 163 1
3360 163 1
3076 163 1
3313 163 1
3380 163 1
3368 163 1
56 163 1
1943 163 1
2775 163 1
1296 163 1
1179 163 1
3592 163 1
3386 163 1
1229 163 1
1093 163 1
497 163 1
2496 163 1
1412 163 1
3682 163 1
1953 163 1
1530 163 1
180 163 1
1928 163 1
1022 163 1
824 163 1
1429 163 1
3715 163 1
3560 163 1
208 163 1
1578 163 1
3082 163 1
3612 163 1
857 163 1
1545 163 1
2859 163 1
68 163 1
2285 163 1
2805 163 1
1489 163 1
1263 163 1
1417 163 1
2601 163 1
1483 163 1
1162 163 1
2372 163 1
2576 163 1
3565 163 1
1021 163 1
1593 163 1
2245 163 1
408 163 1
2285 163 1
937 163 1
1391 163 1
2030 163 1
1552 163 1
2218 163 1
850 163 1
123 163 1
662 163 1
3243 163 1
712 163 1
2478 163 1
2552 163 1
3520 163 1
1382 163 1
2627 163 1
2301 163 1
762 163 1
73 163 1
2469 163 1
350 163 1
638 163 1
1970 163 1
1871 163 1
685 163 1
2736 163 1
639 163 1
2710 163 1
2455 163 1
132 163 1
484 163 1
281 163 1
2617 163 1
126 163 1
2629 163 1
578 163 1
1760 163 1
2535 163 1
1697 163 1
3083 163 1
36 163 1
3408 163 1
2977 163 1
2193 163 1
2416 163 1
1355 163 1
3649 163 1
149 163 1
3367 163 1
3161 163 1
2442 163 1
1361 163 1
1679 163 1
798 163 1
649 163 1
2311 163 1
927 163 1
2081 163 1
1520 163 1
3042 163 1
2846 163 1
2614 163 1
907 163 1
3061 163 1
1618 163 1
3592 163 1
1456 163 1
2151 163 1
407 163 1
733 163 1
1327 163 1
130 163 1
1856 163 1
3838 163 1
3167 163 1
2341 163 1
3803 163 1
3135 163 1
1834 163 1
1004 163 1
1904 163 1
3385 163 1
2885 163 1
1699 163 1
3270 163 1
3476 163 1
3271 163 1
670 163 1
2215 163 1
1587 163 1
2604 163 1
356 163 1
909 163 1
395 163 1
2915 163 1
1968 163 1
2037 163 1
555 163 1
2625 163 1
535 163 1
2514 163 1
892 163 1
1917 163 1
3697 163 1
2270 163 1
916 163 1
3350 163 1
879 163 1
2303 163 1
2751 163 1
2159 163 1
780 163 1
584 163 1
451 163 1
1481 163 1
3539 163 1
1233 163 1
2867 163 1
243 163 1
2152 163 1
1229 163 1
2056 163 1
1321 163 1
1530 163 1
96 163 1
74 163 1
1895 163 1
834 163 1
511 163 1
1308 163 1
3570 163 1
1883 163 1
1370 163 1
2920 163 1
1216 163 1
1047 163 1
3775 163 1
3484 163 1
3796 163 1
2748 163 1
101 163 1
87 163 1
939 163 1
3276 163 1
1867 163 1
979 163 1
1121 163 1
3693 163 1
2979 163 1
1681 163 1
2139 163 1
552 163 1
2695 163 1
573 163 1
288 163 1
1894 163 1
3194 163 1
2362 163 1
3832 163 1
495 163 1
250 163 1
1205 163 1
3650 163 1
1131 163 1
706 163 1
3230 163 1
225 163 1
1071 163 1
2241 163 1
942 163 1
3180 163 1
2976 163 1
364 163 1
1080 163 1
110 163 1
933 163 1
878 163 1
728 163 1
3568 163 1
2518 163 1
581 163 1
1112 163 1
387 163 1
3837 163 1
2762 163 1
1782 163 1
674 163 1
1857 163 1
961 163 1
376 163 1
2193 163 1
1442 163 1
3126 163 1
1567 163 1
2151 163 1
2192 163 1
689 163 1
221 163 1
2165 163 1
3464 163 1
336 163 1
3224 163 1
3349 163 1
3383 163 1
1854 163 1
2025 163 1
1131 163 1
2451 163 1
3526 163 1
553 163 1
849 163 1
3048 163 1
394 163 1
2143 163 1
3845 163 1
1357 163 1
3588 163 1
1913 163 1
2796 163 1
3088 163 1
2965 163 1
2149 163 1
3394 163 1
2757 163 1
3071 163 1
1305 163 1
2344 163 1
1410 163 1
3841 163 1
714 163 1
3336 163 1
242 163 1
3829 163 1
3040 163 1
2372 163 1
1702 163 1
1370 163 1
819 163 1
2873 163 1
677 163 1
28 163 1
2917 163 1
3301 163 1
986 163 1
321 163 1
2562 163 1
1391 163 1
903 163 1
723 163 1
1424 163 1
2076 163 1
3715 163 1
2214 163 1
2520 163 1
723 163 1
2727 163 1
3615 163 1
2038 163 1
95 163 1
1114 163 1
26 163 1
693 163 1
2787 163 1
1864 163 1
483 163 1
649 163 1
2388 163 1
2076 163 1
3249 163 1
3840 163 1
684 163 1
3806 163 1
1817 163 1
3537 163 1
1126 164 1
2605 164 1
3382 164 1
1160 164 1
2800 164 1
2789 164 1
2617 164 1
2758 164 1
490 164 1
477 164 1
1885 164 1
2570 164 1
2920 164 1
3220 164 1
643 164 1
3513 164 1
299 164 1
1040 164 1
2020 164 1
256 164 1
2547 164 1
2670 164 1
1308 164 1
2906 164 1
2025 164 1
108 164 1
3089 164 1
3153 164 1
1676 164 1
3707 164 1
1879 164 1
665 164 1
1649 164 1
1677 164 1
257 164 1
2917 164 1
3599 164 1
3249 164 1
2801 164 1
2783 164 1
836 164 1
342 164 1
3504 164 1
894 164 1
1806 164 1
2450 164 1
469 164 1
1770 164 1
235 164 1
1443 164 1
2568 164 1
21 164 1
3625 164 1
3649 164 1
2724 164 1
634 164 1
638 164 1
3590 164 1
2461 164 1
3691 164 1
3845 164 1
737 164 1
1378 164 1
3097 164 1
2822 164 1
2007 164 1
1455 164 1
411 164 1
3022 164 1
1171 164 1
46 164 1
2646 164 1
3051 164 1
3394 164 1
231 164 1
1570 164 1
2457 164 1
1338 164 1
1060 164 1
599 164 1
3313 164 1
197 164 1
763 164 1
3720 164 1
759 164 1
1164 164 1
94 164 1
3546 164 1
2811 164 1
2360 164 1
2027 164 1
2383 164 1
2212 164 1
1236 164 1
742 164 1
1607 164 1
683 164 1
2030 164 1
3310 164 1
2914 164 1
2135 164 1
620 164 1
1232 164 1
2508 164 1
1619 164 1
1839 164 1
1475 164 1
2407 164 1
1663 164 1
763 164 1
2227 164 1
1295 164 1
925 164 1
1373 164 1
496 164 1
2888 164 1
3823 164 1
1470 164 1
551 164 1
3398 164 1
2679 164 1
430 164 1
3013 164 1
2667 164 1
2746 164 1
272 164 1
2896 164 1
842 164 1
3837 164 1
714 164 1
2094 164 1
3614 164 1
3821 164 1
107 164 1
3084 164 1
349 164 1
3300 164 1
2519 164 1
3193 164 1
991 164 1
1445 164 1
1000 164 1
3843 164 1
746 164 1
1126 164 1
3730 164 1
3767 164 1
2479 164 1
926 164 1
2499 164 1
3462 164 1
2350 164 1
3708 164 1
1413 164 1
2968 164 1
601 164 1
1780 164 1
3858 164 1
388 164 1
3070 164 1
748 164 1
3768 164 1
2782 164 1
161 164 1
1498 164 1
3736 164 1
234 164 1
1527 164 1
3685 164 1
260 164 1
2414 164 1
961 164 1
1475 164 1
563 164 1
2705 164 1
433 164 1
2630 164 1
1046 164 1
1672 164 1
1005 164 1
74 164 1
2304 164 1
2690 164 1
3761 164 1
3634 164 1
2336 164 1
60 164 1
362 164 1
2981 164 1
2071 164 1
333 164 1
21 164 1
3723 164 1
1751 164 1
3833 164 1
1237 164 1
3139 164 1
2115 164 1
3777 164 1
3790 164 1
1022 164 1
906 164 1
844 164 1
3481 164 1
2199 164 1
1690 164 1
1751 164 1
772 164 1
522 164 1
2212 164 1
1931 164 1
796 164 1
1753 164 1
591 164 1
975 164 1
3486 164 1
1770 164 1
1063 164 1
3432 164 1
3523 164 1
9 164 1
1761 164 1
1628 164 1
1056 164 1
2086 164 1
3008 164 1
2260 164 1
194 164 1
2540 164 1
987 164 1
2731 164 1
3431 164 1
3654 164 1
1713 164 1
1559 164 1
3662 164 1
273 164 1
2893 164 1
1570 164 1
3141 164 1
1228 164 1
1750 164 1
2705 164 1
595 164 1
2356 164 1
1203 164 1
1549 164 1
31 164 1
2477 164 1
2049 164 1
2359 164 1
58 164 1
677 164 1
78 164 1
1152 164 1
2880 164 1
2346 164 1
619 164 1
770 164 1
804 164 1
3263 164 1
1172 164 1
2750 164 1
3078 164 1
3442 164 1
937 164 1
885 164 1
793 164 1
1206 164 1
2418 164 1
3157 164 1
1616 164 1
93 164 1
2745 164 1
3621 164 1
1029 164 1
1906 164 1
1493 164 1
1623 164 1
2951 164 1
3281 164 1
1043 164 1
1943 164 1
1592 164 1
1078 164 1
760 164 1
2163 164 1
294 164 1
1495 164 1
1175 164 1
3109 164 1
3245 164 1
3472 164 1
1962 164 1
3857 164 1
2925 164 1
3098 164 1
3762 164 1
992 164 1
1467 164 1
159 164 1
1278 164 1
122 164 1
224 164 1
365 164 1
2520 164 1
2313 164 1
3684 164 1
1390 164 1
2308 164 1
1712 164 1
104 164 1
817 164 1
2183 164 1
660 164 1
3541 164 1
2248 164 1
2572 164 1
1248 164 1
1926 164 1
1911 164 1
3136 164 1
462 164 1
3731 164 1
1632 164 1
3745 164 1
4 164 1
2911 164 1
2878 164 1
859 164 1
1945 164 1
352 164 1
2837 164 1
2965 164 1
2123 164 1
1860 164 1
2210 164 1
2500 164 1
3672 164 1
61 164 1
3737 164 1
602 164 1
504 164 1
2144 164 1
2047 164 1
1621 165 1
1717 165 1
353 165 1
3526 165 1
1225 165 1
1595 165 1
2307 165 1
1066 165 1
3399 165 1
335 165 1
2217 165 1
3712 165 1
2530 165 1
52 165 1
2647 165 1
1074 165 1
2790 165 1
68 165 1
525 165 1
2506 165 1
2448 165 1
1211 165 1
2755 165 1
960 165 1
325 165 1
132 165 1
2736 165 1
3125 165 1
871 165 1
217 165 1
3145 165 1
2944 165 1
1317 165 1
3648 165 1
3706 165 1
2260 165 1
1154 165 1
3808 165 1
882 165 1
2149 165 1
1426 165 1
2182 165 1
1429 165 1
3721 165 1
3282 165 1
846 165 1
1795 165 1
3569 165 1
1797 165 1
2285 165 1
3362 165 1
2983 165 1
996 165 1
1909 165 1
1803 165 1
3589 165 1
1599 165 1
1202 165 1
3414 165 1
2157 165 1
2220 165 1
200 165 1
3577 165 1
1280 165 1
1073 165 1
1040 165 1
1188 165 1
3121 165 1
2142 165 1
2590 165 1
2491 165 1
3013 165 1
424 165 1
3204 165 1
947 165 1
1248 165 1
578 165 1
2325 165 1
67 165 1
168 165 1
243 165 1
2204 165 1
2740 165 1
23 165 1
1813 165 1
754 165 1
1706 165 1
684 165 1
3775 165 1
1616 165 1
1637 165 1
3567 165 1
1588 165 1
679 165 1
1120 165 1
2578 165 1
2711 165 1
1715 165 1
1502 165 1
1215 165 1
3013 165 1
1008 165 1
1185 165 1
190 165 1
813 165 1
206 165 1
894 165 1
2331 165 1
712 165 1
2606 165 1
2545 165 1
3660 165 1
247 165 1
3172 165 1
2647 165 1
20 165 1
2535 165 1
255 165 1
885 165 1
3763 165 1
2641 165 1
348 165 1
1 165 1
1214 165 1
3329 165 1
1486 165 1
1717 165 1
3578 165 1
2455 165 1
2118 165 1
1204 165 1
2856 165 1
1370 165 1
1971 165 1
1232 165 1
2793 165 1
2636 165 1
3819 165 1
1229 165 1
276 165 1
1704 165 1
286 165 1
1620 165 1
946 165 1
3096 165 1
2306 165 1
219 165 1
1040 165 1
1304 165 1
1622 165 1
1577 165 1
2749 165 1
3512 165 1
2598 165 1
1053 165 1
1287 165 1
1849 165 1
2191 165 1
695 165 1
2528 165 1
1617 165 1
3238 165 1
126 165 1
1852 165 1
3095 165 1
113 165 1
135 165 1
1226 165 1
658 165 1
1939 165 1
199 165 1
2554 165 1
255 165 1
2522 165 1
196 165 1
3250 165 1
1611 165 1
2025 165 1
3855 165 1
2785 165 1
2003 165 1
598 165 1
1213 165 1
650 165 1
3070 165 1
1896 165 1
3515 165 1
1846 165 1
2944 165 1
1236 165 1
529 165 1
527 165 1
1527 165 1
96 165 1
1108 165 1
3644 165 1
493 165 1
3068 165 1
1814 165 1
368 165 1
223 165 1
3646 165 1
876 165 1
2994 165 1
2958 165 1
601 165 1
652 165 1
3784 165 1
3463 165 1
1076 165 1
3081 165 1
3756 165 1
3167 165 1
51 165 1
2128 165 1
3516 165 1
3592 165 1
586 165 1
2556 165 1
1912 165 1
2319 165 1
2593 165 1
976 165 1
1128 165 1
1931 165 1
2626 165 1
3447 165 1
438 165 1
505 165 1
2982 165 1
1248 165 1
623 165 1
3438 165 1
985 165 1
3270 165 1
2825 165 1
2635 165 1
2286 165 1
3521 165 1
2407 165 1
61 165 1
952 165 1
1927 165 1
652 165 1
3043 165 1
2246 165 1
2296 165 1
73 165 1
2714 165 1
1136 165 1
2056 165 1
2688 165 1
1468 165 1
966 165 1
332 165 1
1112 165 1
1369 165 1
3468 165 1
1269 165 1
3011 165 1
3135 165 1
460 165 1
2770 165 1
1383 165 1
321 165 1
2007 165 1
2922 165 1
2975 165 1
3222 165 1
1768 165 1
3607 165 1
375 165 1
424 165 1
3332 165 1
917 165 1
2228 165 1
1978 165 1
1683 165 1
1287 165 1
1816 165 1
3033 165 1
2200 165 1
3069 165 1
3 165 1
3134 165 1
1327 165 1
2500 165 1
306 165 1
993 165 1
2409 165 1
1959 165 1
1396 165 1
174 165 1
1268 165 1
2058 165 1
2799 165 1
3791 165 1
1394 165 1
1623 165 1
1953 165 1
1803 165 1
1309 165 1
3365 165 1
2077 165 1
3349 165 1
1997 165 1
853 165 1
3408 165 1
893 165 1
65 165 1
1357 165 1
2255 165 1
262 165 1
1070 165 1
408 165 1
1351 165 1
403 165 1
3121 165 1
2182 165 1
2235 165 1
2064 165 1
2071 165 1
1365 165 1
1548 165 1
1585 165 1
1639 165 1
2305 165 1
2413 165 1
1142 165 1
1556 165 1
595 165 1
1652 165 1
3703 165 1
761 165 1
2487 165 1
3755 165 1
2705 165 1
1883 165 1
1395 165 1
1244 165 1
182 165 1
1399 165 1
1470 165 1
1505 165 1
736 165 1
1866 166 1
3740 166 1
2134 166 1
2014 166 1
1512 166 1
3259 166 1
3197 166 1
637 166 1
1631 166 1
2098 166 1
2246 166 1
1885 166 1
607 166 1
3611 166 1
3320 166 1
1664 166 1
3074 166 1
910 166 1
2302 166 1
3846 166 1
3297 166 1
1636 166 1
2109 166 1
2111 166 1
1211 166 1
1887 166 1
3544 166 1
2366 166 1
3019 166 1
2062 166 1
3311 166 1
3121 166 1
3328 166 1
1782 166 1
1195 166 1
1383 166 1
3718 166 1
3708 166 1
446 166 1
1239 166 1
2071 166 1
1321 166 1
3303 166 1
3635 166 1
1063 166 1
2337 166 1
3294 166 1
1197 166 1
883 166 1
1205 166 1
3721 166 1
3253 166 1
2360 166 1
2791 166 1
140 166 1
1725 166 1
1536 166 1
1313 166 1
1225 166 1
1144 166 1
943 166 1
3484 166 1
44 166 1
2534 166 1
2643 166 1
3826 166 1
2838 166 1
3022 166 1
1642 166 1
3117 166 1
1244 166 1
3491 166 1
3828 166 1
579 166 1
3545 166 1
800 166 1
3624 166 1
1434 166 1
3645 166 1
1589 166 1
3163 166 1
3842 166 1
3354 166 1
3771 166 1
1603 166 1
3477 166 1
1071 166 1
3041 166 1
3082 166 1
2088 166 1
454 166 1
1839 166 1
35 166 1
2811 166 1
328 166 1
2057 166 1
3697 166 1
3463 166 1
753 166 1
3562 166 1
803 166 1
3130 166 1
1600 166 1
2957 166 1
3568 166 1
567 166 1
2053 166 1
838 166 1
3640 166 1
2669 166 1
3605 166 1
442 166 1
2428 166 1
1338 166 1
2930 166 1
1574 166 1
3198 166 1
2138 166 1
335 166 1
151 166 1
1353 166 1
2557 166 1
3576 166 1
1735 166 1
1784 166 1
956 166 1
1724 166 1
2062 166 1
2750 166 1
2590 166 1
2376 166 1
3022 166 1
1176 166 1
814 166 1
1095 166 1
2821 166 1
241 166 1
1208 166 1
1894 166 1
1081 166 1
2775 166 1
637 166 1
2769 166 1
2301 166 1
1001 166 1
2509 166 1
1428 166 1
1100 166 1
2323 166 1
926 166 1
1984 166 1
2079 166 1
2761 166 1
3546 166 1
3834 166 1
1799 166 1
2303 166 1
3257 166 1
2817 166 1
1070 166 1
3085 166 1
484 166 1
792 166 1
2374 166 1
501 166 1
1477 166 1
2091 166 1
2603 166 1
3462 166 1
95 166 1
3408 166 1
2655 166 1
2854 166 1
1740 166 1
363 166 1
2061 166 1
2859 166 1
1422 166 1
966 166 1
3123 166 1
1545 166 1
3562 166 1
1700 166 1
1529 166 1
3374 166 1
1043 166 1
1793 166 1
2724 166 1
3342 166 1
1654 166 1
511 166 1
2626 166 1
3715 166 1
278 166 1
922 166 1
742 166 1
1218 166 1
2037 166 1
3233 166 1
1885 166 1
772 166 1
1819 166 1
2494 166 1
1321 166 1
1067 166 1
1698 166 1
1623 166 1
3398 166 1
3327 166 1
1170 166 1
619 166 1
3409 166 1
1492 166 1
1125 166 1
662 166 1
1947 166 1
262 166 1
1330 166 1
2141 166 1
2825 166 1
858 166 1
3338 166 1
2137 166 1
623 166 1
3063 166 1
2352 166 1
3120 166 1
1771 166 1
3006 166 1
2436 166 1
3401 166 1
1265 166 1
3589 166 1
2896 166 1
2245 166 1
2958 166 1
1758 166 1
141 166 1
1621 166 1
2058 166 1
3617 166 1
676 166 1
381 166 1
2054 166 1
3743 166 1
3314 166 1
1405 166 1
2826 166 1
379 166 1
2113 166 1
302 166 1
1548 166 1
3302 166 1
966 166 1
2004 166 1
2862 166 1
407 166 1
400 166 1
3387 166 1
3315 166 1
1925 166 1
82 166 1
1942 166 1
1669 166 1
3560 166 1
1627 166 1
3658 166 1
2386 166 1
2725 166 1
2474 166 1
1986 166 1
815 166 1
2716 166 1
1071 166 1
3640 166 1
774 166 1
3019 166 1
2144 166 1
1866 166 1
683 166 1
558 166 1
3568 166 1
2920 166 1
3160 166 1
2317 166 1
3109 166 1
1090 166 1
1254 166 1
1752 166 1
1547 166 1
449 166 1
925 166 1
603 166 1
2815 166 1
3076 166 1
2603 166 1
375 166 1
976 166 1
588 166 1
33 166 1
1982 166 1
2999 166 1
1075 166 1
3489 166 1
2603 166 1
2728 166 1
1605 166 1
2792 166 1
2325 166 1
3303 166 1
3164 166 1
336 166 1
1697 166 1
1161 166 1
138 166 1
2952 166 1
1250 166 1
3608 166 1
2524 166 1
3701 166 1
3511 166 1
3444 166 1
3483 166 1
2049 166 1
1778 166 1
888 166 1
464 166 1
1814 166 1
3389 166 1
3441 166 1
871 166 1
2631 166 1
298 166 1
3354 166 1
768 166 1
1721 166 1
2874 166 1
2101 166 1
1610 166 1
1162 166 1
2161 166 1
2616 166 1
1237 166 1
3612 166 1
3248 166 1
2100 167 1
1662 167 1
3099 167 1
1884 167 1
806 167 1
1579 167 1
2028 167 1
965 167 1
295 167 1
1996 167 1
1639 167 1
1737 167 1
2183 167 1
1670 167 1
1287 167 1
1685 167 1
2691 167 1
556 167 1
3143 167 1
798 167 1
923 167 1
215 167 1
3246 167 1
448 167 1
3322 167 1
3379 167 1
1805 167 1
3593 167 1
3525 167 1
41 167 1
3424 167 1
2103 167 1
823 167 1
1964 167 1
1410 167 1
3563 167 1
3839 167 1
1770 167 1
2384 167 1
220 167 1
3335 167 1
988 167 1
2375 167 1
15 167 1
3237 167 1
424 167 1
1565 167 1
744 167 1
932 167 1
1020 167 1
2403 167 1
2943 167 1
2455 167 1
1784 167 1
3724 167 1
1296 167 1
27 167 1
404 167 1
285 167 1
777 167 1
2915 167 1
1436 167 1
3769 167 1
1076 167 1
2472 167 1
3781 167 1
372 167 1
3585 167 1
555 167 1
2318 167 1
412 167 1
2117 167 1
1168 167 1
2284 167 1
1695 167 1
1848 167 1
264 167 1
3507 167 1
2667 167 1
2658 167 1
3543 167 1
16 167 1
1186 167 1
2498 167 1
1638 167 1
2136 167 1
3177 167 1
1994 167 1
3184 167 1
2233 167 1
3736 167 1
1603 167 1
8 167 1
495 167 1
1903 167 1
183 167 1
2758 167 1
1800 167 1
3693 167 1
3492 167 1
3751 167 1
1156 167 1
1772 167 1
191 167 1
1759 167 1
1184 167 1
1849 167 1
3553 167 1
2270 167 1
3612 167 1
43 167 1
1197 167 1
736 167 1
760 167 1
2493 167 1
3771 167 1
70 167 1
3022 167 1
2836 167 1
1508 167 1
2564 167 1
2197 167 1
1486 167 1
2488 167 1
3263 167 1
3408 167 1
3172 167 1
2111 167 1
616 167 1
1508 167 1
2039 167 1
3704 167 1
1239 167 1
727 167 1
2135 167 1
3140 167 1
3715 167 1
2221 167 1
2951 167 1
2176 167 1
1790 167 1
330 167 1
1651 167 1
3481 167 1
2675 167 1
3474 167 1
3119 167 1
1475 167 1
1524 167 1
826 167 1
1378 167 1
680 167 1
677 167 1
1628 167 1
2359 167 1
1600 167 1
153 167 1
3495 167 1
3684 167 1
3537 167 1
1945 167 1
1267 167 1
2876 167 1
1412 167 1
2364 167 1
409 167 1
2717 167 1
2593 167 1
980 167 1
2068 167 1
3265 167 1
1289 167 1
3411 167 1
2217 167 1
238 167 1
3797 167 1
3639 167 1
1996 167 1
34 167 1
1534 167 1
2796 167 1
142 167 1
169 167 1
988 167 1
2184 167 1
1835 167 1
2164 167 1
2999 167 1
1375 167 1
2045 167 1
1576 167 1
3222 167 1
2534 167 1
3578 167 1
2085 167 1
2341 167 1
332 167 1
1051 167 1
566 167 1
2741 167 1
2184 167 1
357 167 1
1863 167 1
1299 167 1
1613 167 1
867 167 1
1158 167 1
3646 167 1
1045 167 1
248 167 1
948 167 1
1491 167 1
1043 167 1
2487 167 1
224 167 1
2277 167 1
966 167 1
3768 167 1
181 167 1
2636 167 1
2052 167 1
678 167 1
755 167 1
1071 167 1
2591 167 1
2530 167 1
2460 167 1
1240 167 1
3026 167 1
3017 167 1
3009 167 1
1397 167 1
2313 167 1
135 167 1
3373 167 1
1668 167 1
2477 167 1
637 167 1
2838 167 1
2988 167 1
447 167 1
2415 167 1
909 167 1
3356 167 1
2506 167 1
1570 167 1
686 167 1
1064 167 1
584 167 1
3629 167 1
2980 167 1
877 167 1
289 167 1
2094 167 1
2220 167 1
1933 167 1
3275 167 1
2751 167 1
878 167 1
212 167 1
2624 167 1
1003 167 1
485 167 1
3605 167 1
903 167 1
2945 167 1
787 167 1
1765 167 1
2420 167 1
2618 167 1
3237 167 1
3049 167 1
1636 167 1
728 167 1
1715 167 1
2537 167 1
1104 167 1
175 167 1
3354 167 1
1899 167 1
1148 167 1
1129 167 1
3645 167 1
1312 167 1
3555 167 1
1959 167 1
3148 167 1
874 167 1
1409 167 1
800 167 1
636 167 1
1892 167 1
1352 167 1
3398 167 1
2250 167 1
2859 167 1
2389 167 1
1860 167 1
2504 167 1
1767 167 1
2280 167 1
2632 167 1
3302 167 1
1339 167 1
1784 167 1
948 167 1
47 167 1
3710 167 1
1592 167 1
1199 167 1
2275 167 1
2340 167 1
2421 167 1
2000 167 1
3247 167 1
2856 167 1
991 167 1
1667 167 1
3562 167 1
3357 167 1
3391 167 1
3477 167 1
551 167 1
1193 167 1
1689 167 1
3836 167 1
642 167 1
375 167 1
523 167 1
17 167 1
1435 167 1
2744 167 1
979 167 1
1226 167 1
2966 167 1
2491 167 1
3162 167 1
3242 167 1
1169 167 1
2484 167 1
1188 167 1
1583 167 1
2954 167 1
3822 167 1
444 167 1
538 168 1
514 168 1
3265 168 1
158 168 1
3132 168 1
2680 168 1
2622 168 1
1348 168 1
59 168 1
2133 168 1
1169 168 1
835 168 1
676 168 1
278 168 1
3231 168 1
2838 168 1
920 168 1
1644 168 1
644 168 1
295 168 1
3511 168 1
1611 168 1
1388 168 1
2172 168 1
1697 168 1
1346 168 1
2254 168 1
2695 168 1
2971 168 1
261 168 1
2291 168 1
2951 168 1
224 168 1
958 168 1
2390 168 1
712 168 1
1659 168 1
2972 168 1
2466 168 1
670 168 1
2110 168 1
1793 168 1
1817 168 1
114 168 1
740 168 1
1360 168 1
77 168 1
1716 168 1
2464 168 1
1951 168 1
1502 168 1
1830 168 1
1109 168 1
3433 168 1
1263 168 1
3768 168 1
265 168 1
3284 168 1
1770 168 1
2728 168 1
2863 168 1
2457 168 1
3696 168 1
2129 168 1
3532 168 1
2390 168 1
1963 168 1
1200 168 1
2744 168 1
2080 168 1
1502 168 1
844 168 1
2731 168 1
230 168 1
2509 168 1
281 168 1
2211 168 1
426 168 1
2026 168 1
2087 168 1
3398 168 1
1341 168 1
3687 168 1
3475 168 1
2944 168 1
717 168 1
2608 168 1
1043 168 1
729 168 1
2989 168 1
1260 168 1
2478 168 1
3066 168 1
3520 168 1
3474 168 1
1069 168 1
2751 168 1
958 168 1
3565 168 1
2989 168 1
1936 168 1
627 168 1
1025 168 1
2399 168 1
943 168 1
2634 168 1
210 168 1
3013 168 1
497 168 1
2245 168 1
2296 168 1
3696 168 1
2936 168 1
956 168 1
1206 168 1
3696 168 1
2052 168 1
19 168 1
528 168 1
3681 168 1
3458 168 1
2739 168 1
1451 168 1
2469 168 1
2659 168 1
1055 168 1
1318 168 1
1625 168 1
3243 168 1
2858 168 1
2948 168 1
3536 168 1
1541 168 1
2491 168 1
1086 168 1
1743 168 1
86 168 1
719 168 1
821 168 1
3058 168 1
3690 168 1
2317 168 1
2190 168 1
1325 168 1
3417 168 1
501 168 1
2880 168 1
990 168 1
3526 168 1
2399 168 1
1678 168 1
3819 168 1
1011 168 1
3213 168 1
3502 168 1
2001 168 1
1706 168 1
935 168 1
1295 168 1
2896 168 1
2796 168 1
111 168 1
3089 168 1
2591 168 1
2615 168 1
2860 168 1
3128 168 1
664 168 1
2345 168 1
1221 168 1
2928 168 1
2953 168 1
2942 168 1
3736 168 1
2539 168 1
667 168 1
3392 168 1
1918 168 1
2287 168 1
574 168 1
3114 168 1
1789 168 1
1642 168 1
918 168 1
2918 168 1
2413 168 1
2239 168 1
2673 168 1
1275 168 1
1514 168 1
1682 168 1
468 168 1
1923 168 1
3363 168 1
2667 168 1
2484 168 1
835 168 1
1594 168 1
3277 168 1
2168 168 1
3034 168 1
568 168 1
938 168 1
212 168 1
3774 168 1
2431 168 1
3151 168 1
3788 168 1
1524 168 1
3350 168 1
59 168 1
157 168 1
739 168 1
2485 168 1
2054 168 1
2190 168 1
1490 168 1
1214 168 1
2447 168 1
602 168 1
3077 168 1
3556 168 1
1493 168 1
1628 168 1
3766 168 1
2507 168 1
1493 168 1
1106 168 1
1746 168 1
3102 168 1
2428 168 1
3456 168 1
3310 168 1
1457 168 1
1904 168 1
3376 168 1
291 168 1
3649 168 1
828 168 1
2425 168 1
3599 168 1
1123 168 1
2598 168 1
2399 168 1
3190 168 1
2952 168 1
2233 168 1
1948 168 1
1811 168 1
35 168 1
778 168 1
1083 168 1
2989 168 1
3571 168 1
1010 168 1
3587 168 1
1156 168 1
2975 168 1
1296 168 1
2699 168 1
3431 168 1
874 168 1
1950 168 1
3495 168 1
1781 168 1
101 168 1
2363 168 1
3654 168 1
2863 168 1
442 168 1
232 168 1
3488 168 1
2734 168 1
2077 168 1
805 168 1
927 168 1
3332 168 1
2410 168 1
961 168 1
3771 168 1
2595 168 1
480 168 1
1193 168 1
2550 168 1
2738 168 1
465 168 1
2320 168 1
3565 168 1
1469 168 1
2309 168 1
853 168 1
2658 168 1
66 168 1
33 168 1
2892 168 1
979 168 1
1040 168 1
2251 168 1
1911 168 1
1349 168 1
3228 168 1
561 168 1
3057 168 1
2501 168 1
919 168 1
1107 168 1
1552 168 1
2811 168 1
2802 168 1
476 168 1
2275 168 1
3547 168 1
3667 168 1
563 168 1
200 168 1
1218 168 1
1715 168 1
1046 168 1
210 168 1
500 168 1
910 168 1
1387 168 1
1431 168 1
2773 168 1
2332 168 1
178 168 1
1514 168 1
1174 168 1
1069 168 1
3689 168 1
3195 168 1
1811 168 1
3342 168 1
2402 168 1
3793 168 1
274 168 1
2645 168 1
3678 168 1
2385 168 1
2322 168 1
3728 168 1
82 168 1
2676 168 1
739 168 1
2337 168 1
2739 169 1
2776 169 1
2396 169 1
2704 169 1
3222 169 1
2794 169 1
2448 169 1
805 169 1
690 169 1
3308 169 1
3777 169 1
545 169 1
3537 169 1
2926 169 1
461 169 1
454 169 1
438 169 1
711 169 1
686 169 1
1042 169 1
3495 169 1
86 169 1
866 169 1
673 169 1
3716 169 1
1380 169 1
1438 169 1
3376 169 1
1320 169 1
3783 169 1
738 169 1
1692 169 1
802 169 1
2325 169 1
3006 169 1
1553 169 1
794 169 1
2200 169 1
1732 169 1
3021 169 1
2752 169 1
3821 169 1
2934 169 1
2473 169 1
1328 169 1
3064 169 1
1440 169 1
2148 169 1
2912 169 1
3130 169 1
3618 169 1
511 169 1
1243 169 1
3414 169 1
3540 169 1
554 169 1
1187 169 1
1735 169 1
3619 169 1
754 169 1
1561 169 1
1999 169 1
1161 169 1
3588 169 1
2219 169 1
3221 169 1
2633 169 1
1924 169 1
2953 169 1
3589 169 1
2973 169 1
82 169 1
3197 169 1
3064 169 1
822 169 1
1253 169 1
3244 169 1
811 169 1
805 169 1
1452 169 1
1908 169 1
306 169 1
959 169 1
2149 169 1
3275 169 1
3450 169 1
620 169 1
188 169 1
570 169 1
29 169 1
3331 169 1
332 169 1
211 169 1
2303 169 1
36 169 1
2029 169 1
1547 169 1
1898 169 1
2310 169 1
974 169 1
1086 169 1
2754 169 1
1755 169 1
264 169 1
82 169 1
2617 169 1
1505 169 1
1191 169 1
2279 169 1
959 169 1
549 169 1
2386 169 1
2748 169 1
3134 169 1
362 169 1
520 169 1
2867 169 1
2964 169 1
1832 169 1
3430 169 1
1315 169 1
1688 169 1
2097 169 1
2583 169 1
304 169 1
578 169 1
3486 169 1
2557 169 1
3328 169 1
2826 169 1
800 169 1
167 169 1
940 169 1
3322 169 1
749 169 1
1285 169 1
669 169 1
346 169 1
3025 169 1
2523 169 1
2081 169 1
3212 169 1
766 169 1
1774 169 1
3137 169 1
478 169 1
3710 169 1
3278 169 1
2591 169 1
838 169 1
2637 169 1
1212 169 1
3029 169 1
2760 169 1
158 169 1
3717 169 1
112 169 1
2544 169 1
1153 169 1
2489 169 1
1241 169 1
2386 169 1
317 169 1
2672 169 1
1682 169 1
590 169 1
1331 169 1
879 169 1
1949 169 1
3735 169 1
747 169 1
1490 169 1
3486 169 1
2171 169 1
179 169 1
1123 169 1
2617 169 1
417 169 1
3108 169 1
3194 169 1
483 169 1
2199 169 1
1792 169 1
2074 169 1
1249 169 1
1834 169 1
3756 169 1
974 169 1
3354 169 1
2908 169 1
2708 169 1
2519 169 1
240 169 1
2794 169 1
3766 169 1
3350 169 1
786 169 1
3546 169 1
1266 169 1
1439 169 1
1115 169 1
2809 169 1
1263 169 1
423 169 1
34 169 1
569 169 1
1284 169 1
755 169 1
3786 169 1
1362 169 1
219 169 1
2941 169 1
1559 169 1
3285 169 1
3479 169 1
3519 169 1
3563 169 1
3554 169 1
3643 169 1
903 169 1
2021 169 1
1663 169 1
821 169 1
3836 169 1
3329 169 1
18 169 1
2637 169 1
542 169 1
698 169 1
536 169 1
805 169 1
183 169 1
1378 169 1
2941 169 1
624 169 1
3364 169 1
1599 169 1
1561 169 1
825 169 1
2355 169 1
851 169 1
2776 169 1
3007 169 1
1880 169 1
1323 169 1
3181 169 1
2436 169 1
2548 169 1
2114 169 1
1921 169 1
2663 169 1
1458 169 1
941 169 1
2456 169 1
277 169 1
3237 169 1
719 169 1
3831 169 1
2258 169 1
3059 169 1
683 169 1
748 169 1
834 169 1
2037 169 1
3184 169 1
2475 169 1
3168 169 1
2716 169 1
1476 169 1
2580 169 1
107 169 1
658 169 1
1730 169 1
2982 169 1
3360 169 1
3356 169 1
2777 169 1
306 169 1
1500 169 1
147 169 1
397 169 1
478 169 1
1631 169 1
2408 169 1
20 169 1
2488 169 1
1523 169 1
3350 169 1
2124 169 1
2244 169 1
2982 169 1
3762 169 1
280 169 1
2300 169 1
2397 169 1
1470 169 1
3242 169 1
3610 169 1
3094 169 1
2858 169 1
3223 169 1
1325 169 1
195 169 1
3323 169 1
2560 169 1
210 169 1
3712 169 1
1814 169 1
1820 169 1
550 169 1
2972 169 1
1370 169 1
1151 169 1
3490 169 1
2941 169 1
1661 169 1
971 169 1
2281 169 1
1440 169 1
2795 169 1
2612 169 1
3690 169 1
2274 169 1
2490 169 1
1059 169 1
2760 169 1
116 169 1
2054 169 1
1247 169 1
606 169 1
2309 169 1
206 169 1
1375 169 1
2515 169 1
2988 169 1
3532 169 1
3622 169 1
1044 169 1
3768 169 1
533 169 1
2397 169 1
1298 169 1
776 169 1
2968 169 1
1148 169 1
2370 170 1
3149 170 1
1636 170 1
3333 170 1
3063 170 1
3376 170 1
2467 170 1
2711 170 1
1540 170 1
1781 170 1
2950 170 1
1079 170 1
334 170 1
1186 170 1
783 170 1
1327 170 1
3141 170 1
2114 170 1
3627 170 1
214 170 1
113 170 1
2350 170 1
3064 170 1
1092 170 1
2523 170 1
3409 170 1
2877 170 1
1838 170 1
436 170 1
2776 170 1
3193 170 1
3300 170 1
3348 170 1
1961 170 1
2050 170 1
3367 170 1
1019 170 1
719 170 1
2983 170 1
2634 170 1
478 170 1
1055 170 1
2729 170 1
3350 170 1
3608 170 1
1351 170 1
1390 170 1
3234 170 1
1278 170 1
770 170 1
3855 170 1
2655 170 1
2337 170 1
590 170 1
65 170 1
1109 170 1
1762 170 1
2490 170 1
3425 170 1
1935 170 1
3790 170 1
3673 170 1
3324 170 1
2043 170 1
3446 170 1
88 170 1
2672 170 1
956 170 1
2640 170 1
74 170 1
1953 170 1
3149 170 1
1908 170 1
2936 170 1
3559 170 1
2115 170 1
3551 170 1
2328 170 1
1452 170 1
2681 170 1
3378 170 1
537 170 1
203 170 1
606 170 1
2709 170 1
3055 170 1
1468 170 1
2959 170 1
2249 170 1
499 170 1
885 170 1
221 170 1
3470 170 1
2352 170 1
548 170 1
354 170 1
645 170 1
3671 170 1
824 170 1
3398 170 1
1754 170 1
680 170 1
3161 170 1
1249 170 1
3348 170 1
3153 170 1
1352 170 1
702 170 1
3069 170 1
2756 170 1
3434 170 1
1922 170 1
1054 170 1
946 170 1
3473 170 1
347 170 1
3448 170 1
3103 170 1
3028 170 1
2020 170 1
1016 170 1
3217 170 1
1179 170 1
1382 170 1
2257 170 1
773 170 1
3736 170 1
584 170 1
2746 170 1
3099 170 1
1843 170 1
2938 170 1
1109 170 1
3063 170 1
2835 170 1
3619 170 1
3703 170 1
3540 170 1
3298 170 1
1636 170 1
653 170 1
57 170 1
2689 170 1
1860 170 1
2144 170 1
1420 170 1
3821 170 1
392 170 1
3138 170 1
3411 170 1
2445 170 1
2318 170 1
2546 170 1
668 170 1
873 170 1
266 170 1
1354 170 1
847 170 1
489 170 1
3295 170 1
2032 170 1
837 170 1
425 170 1
2410 170 1
694 170 1
2207 170 1
3413 170 1
1234 170 1
3543 170 1
2564 170 1
1019 170 1
303 170 1
971 170 1
1050 170 1
3729 170 1
1549 170 1
1427 170 1
1009 170 1
2758 170 1
606 170 1
2446 170 1
2877 170 1
1103 170 1
3075 170 1
2170 170 1
623 170 1
1164 170 1
3521 170 1
2526 170 1
3844 170 1
3409 170 1
2381 170 1
243 170 1
1251 170 1
1365 170 1
648 170 1
1225 170 1
3539 170 1
81 170 1
2724 170 1
3851 170 1
78 170 1
442 170 1
2147 170 1
207 170 1
690 170 1
1550 170 1
3100 170 1
2941 170 1
1737 170 1
2361 170 1
3498 170 1
3061 170 1
473 170 1
2712 170 1
362 170 1
268 170 1
3128 170 1
772 170 1
869 170 1
826 170 1
1333 170 1
172 170 1
222 170 1
917 170 1
2711 170 1
2473 170 1
2452 170 1
1685 170 1
1257 170 1
877 170 1
3152 170 1
3696 170 1
2692 170 1
3096 170 1
1649 170 1
3149 170 1
3376 170 1
1918 170 1
1768 170 1
577 170 1
2267 170 1
902 170 1
2866 170 1
3344 170 1
2149 170 1
88 170 1
3393 170 1
1923 170 1
802 170 1
451 170 1
2269 170 1
224 170 1
1161 170 1
2826 170 1
2136 170 1
1039 170 1
1184 170 1
368 170 1
3461 170 1
2433 170 1
403 170 1
2481 170 1
2387 170 1
2968 170 1
3184 170 1
176 170 1
63 170 1
1560 170 1
2652 170 1
409 170 1
3447 170 1
663 170 1
459 170 1
1412 170 1
1575 170 1
786 170 1
839 170 1
1189 170 1
511 170 1
144 170 1
3784 170 1
2563 170 1
2489 170 1
2818 170 1
3315 170 1
2134 170 1
3158 170 1
3206 170 1
3549 170 1
1875 170 1
3413 170 1
2385 170 1
1364 170 1
3617 170 1
1905 170 1
26 170 1
311 170 1
2072 170 1
378 170 1
758 170 1
2923 170 1
1473 170 1
2836 170 1
1925 170 1
2394 170 1
1540 170 1
3033 170 1
3281 170 1
1985 170 1
319 170 1
1148 170 1
2095 170 1
1260 170 1
180 170 1
3317 170 1
2245 170 1
801 170 1
3745 170 1
1709 170 1
665 170 1
2708 170 1
309 170 1
3324 170 1
3376 170 1
1311 170 1
2115 170 1
378 170 1
486 170 1
460 170 1
2167 170 1
3488 170 1
3047 170 1
347 170 1
1812 170 1
479 170 1
129 170 1
2827 170 1
1444 170 1
2252 170 1
3360 170 1
1908 170 1
2811 170 1
3842 170 1
3166 170 1
2226 171 1
2882 171 1
2563 171 1
3648 171 1
714 171 1
3020 171 1
1634 171 1
480 171 1
578 171 1
313 171 1
3668 171 1
2857 171 1
3784 171 1
855 171 1
2297 171 1
1815 171 1
1756 171 1
229 171 1
1803 171 1
2452 171 1
272 171 1
2795 171 1
1516 171 1
3670 171 1
1624 171 1
1248 171 1
740 171 1
2626 171 1
1252 171 1
3247 171 1
3529 171 1
797 171 1
3599 171 1
797 171 1
2148 171 1
3612 171 1
2924 171 1
1169 171 1
1700 171 1
79 171 1
2006 171 1
3778 171 1
1623 171 1
1265 171 1
2857 171 1
3137 171 1
482 171 1
3086 171 1
1604 171 1
1053 171 1
358 171 1
3790 171 1
3585 171 1
943 171 1
1696 171 1
857 171 1
3474 171 1
167 171 1
1715 171 1
250 171 1
1071 171 1
3652 171 1
2376 171 1
3803 171 1
1328 171 1
2342 171 1
1828 171 1
3192 171 1
564 171 1
3105 171 1
1452 171 1
1397 171 1
2557 171 1
864 171 1
3358 171 1
917 171 1
3096 171 1
953 171 1
2001 171 1
375 171 1
1810 171 1
2575 171 1
717 171 1
8 171 1
3569 171 1
1454 171 1
2353 171 1
3744 171 1
3268 171 1
3130 171 1
1728 171 1
3322 171 1
2189 171 1
55 171 1
182 171 1
26 171 1
3142 171 1
1086 171 1
3396 171 1
2517 171 1
216 171 1
1500 171 1
433 171 1
1797 171 1
792 171 1
3625 171 1
2245 171 1
2212 171 1
3078 171 1
1638 171 1
2138 171 1
380 171 1
3250 171 1
3747 171 1
1241 171 1
2221 171 1
3033 171 1
767 171 1
1231 171 1
3526 171 1
2147 171 1
562 171 1
3841 171 1
3689 171 1
1692 171 1
1631 171 1
1441 171 1
3510 171 1
2986 171 1
814 171 1
2649 171 1
2184 171 1
1848 171 1
3318 171 1
1028 171 1
3372 171 1
3799 171 1
3132 171 1
3357 171 1
1562 171 1
2249 171 1
3058 171 1
2311 171 1
1909 171 1
345 171 1
2563 171 1
3313 171 1
3137 171 1
1872 171 1
1766 171 1
379 171 1
2609 171 1
396 171 1
1629 171 1
2400 171 1
2243 171 1
1791 171 1
2189 171 1
508 171 1
1684 171 1
1372 171 1
163 171 1
3423 171 1
3512 171 1
3731 171 1
3446 171 1
2788 171 1
1535 171 1
745 171 1
2766 171 1
109 171 1
3331 171 1
1420 171 1
2321 171 1
1545 171 1
806 171 1
2058 171 1
3050 171 1
2243 171 1
2189 171 1
2219 171 1
3053 171 1
3186 171 1
2831 171 1
2518 171 1
3830 171 1
473 171 1
2071 171 1
3728 171 1
2493 171 1
1328 171 1
193 171 1
2150 171 1
1729 171 1
16 171 1
3467 171 1
2225 171 1
1833 171 1
2391 171 1
362 171 1
1180 171 1
1168 171 1
724 171 1
777 171 1
1784 171 1
1828 171 1
1196 171 1
3064 171 1
3524 171 1
2650 171 1
3378 171 1
3672 171 1
2966 171 1
1855 171 1
1054 171 1
578 171 1
1706 171 1
2706 171 1
2096 171 1
2946 171 1
1537 171 1
3157 171 1
967 171 1
1313 171 1
3497 171 1
2563 171 1
1367 171 1
1741 171 1
1583 171 1
567 171 1
1543 171 1
1823 171 1
3036 171 1
3231 171 1
3393 171 1
533 171 1
518 171 1
263 171 1
3783 171 1
377 171 1
1967 171 1
362 171 1
2639 171 1
3603 171 1
2270 171 1
435 171 1
1927 171 1
762 171 1
700 171 1
3564 171 1
2061 171 1
2852 171 1
497 171 1
2712 171 1
297 171 1
1955 171 1
2631 171 1
3637 171 1
2024 171 1
2084 171 1
3375 171 1
1024 171 1
467 171 1
902 171 1
2484 171 1
1852 171 1
2787 171 1
3418 171 1
1745 171 1
3047 171 1
1896 171 1
3754 171 1
2695 171 1
1889 171 1
2801 171 1
949 171 1
90 171 1
1910 171 1
2750 171 1
2197 171 1
3128 171 1
3020 171 1
622 171 1
1321 171 1
3214 171 1
2353 171 1
1628 171 1
2654 171 1
3854 171 1
698 171 1
2115 171 1
2150 171 1
3807 171 1
3065 171 1
3231 171 1
1093 171 1
2644 171 1
1689 171 1
252 171 1
2409 171 1
1518 171 1
3091 171 1
2767 171 1
3400 171 1
129 171 1
1219 171 1
1562 171 1
219 171 1
1419 171 1
598 171 1
91 171 1
3433 171 1
3011 171 1
735 171 1
1931 171 1
628 171 1
1708 171 1
2510 171 1
2277 171 1
2085 171 1
188 171 1
2157 171 1
920 171 1
2410 171 1
2786 171 1
2365 171 1
942 171 1
2524 171 1
3852 171 1
1844 171 1
3271 171 1
15 171 1
3555 171 1
2179 171 1
3563 171 1
2853 171 1
1649 171 1
3750 171 1
900 171 1
2514 171 1
1694 171 1
2655 171 1
1461 171 1
415 171 1
246 171 1
2895 172 1
3240 172 1
2388 172 1
2875 172 1
2561 172 1
3166 172 1
2972 172 1
2969 172 1
2457 172 1
1228 172 1
3076 172 1
877 172 1
1711 172 1
1285 172 1
2038 172 1
69 172 1
2165 172 1
1877 172 1
3522 172 1
2031 172 1
3317 172 1
3684 172 1
2057 172 1
1428 172 1
2431 172 1
1787 172 1
173 172 1
1343 172 1
2167 172 1
2468 172 1
2886 172 1
1913 172 1
307 172 1
989 172 1
2774 172 1
3381 172 1
2862 172 1
2179 172 1
740 172 1
587 172 1
1526 172 1
3800 172 1
723 172 1
257 172 1
336 172 1
2093 172 1
909 172 1
2873 172 1
2398 172 1
1517 172 1
775 172 1
3770 172 1
345 172 1
2724 172 1
1813 172 1
1891 172 1
1098 172 1
1227 172 1
1390 172 1
2887 172 1
2738 172 1
949 172 1
1257 172 1
326 172 1
1801 172 1
1828 172 1
1621 172 1
3031 172 1
2971 172 1
1205 172 1
2565 172 1
531 172 1
3784 172 1
1685 172 1
662 172 1
2169 172 1
2964 172 1
3207 172 1
1633 172 1
3655 172 1
2972 172 1
1612 172 1
2331 172 1
2894 172 1
1758 172 1
3357 172 1
3291 172 1
3769 172 1
2613 172 1
1596 172 1
2698 172 1
2446 172 1
1839 172 1
272 172 1
3009 172 1
3699 172 1
2558 172 1
413 172 1
908 172 1
2797 172 1
395 172 1
1487 172 1
3381 172 1
916 172 1
2739 172 1
2815 172 1
3046 172 1
3528 172 1
795 172 1
3263 172 1
1485 172 1
2051 172 1
2305 172 1
662 172 1
3088 172 1
3551 172 1
3770 172 1
3581 172 1
1734 172 1
506 172 1
3188 172 1
2647 172 1
1518 172 1
3755 172 1
1839 172 1
1173 172 1
641 172 1
3796 172 1
3157 172 1
1337 172 1
2394 172 1
1682 172 1
3138 172 1
305 172 1
501 172 1
766 172 1
869 172 1
3617 172 1
1453 172 1
953 172 1
210 172 1
1364 172 1
2409 172 1
3026 172 1
1257 172 1
575 172 1
2358 172 1
2137 172 1
3472 172 1
3379 172 1
935 172 1
286 172 1
1126 172 1
3767 172 1
2411 172 1
2184 172 1
78 172 1
3692 172 1
1903 172 1
2871 172 1
2242 172 1
248 172 1
3691 172 1
2668 172 1
3799 172 1
1494 172 1
279 172 1
3611 172 1
3298 172 1
2473 172 1
2305 172 1
2513 172 1
1865 172 1
2496 172 1
3009 172 1
36 172 1
1234 172 1
3626 172 1
468 172 1
1767 172 1
126 172 1
2938 172 1
3073 172 1
1429 172 1
3132 172 1
3365 172 1
3359 172 1
3204 172 1
193 172 1
641 172 1
2414 172 1
220 172 1
3340 172 1
505 172 1
3609 172 1
57 172 1
160 172 1
1960 172 1
1364 172 1
1830 172 1
1486 172 1
3450 172 1
730 172 1
1786 172 1
3590 172 1
400 172 1
512 172 1
1307 172 1
3748 172 1
1643 172 1
1670 172 1
619 172 1
1101 172 1
618 172 1
199 172 1
2363 172 1
1347 172 1
1664 172 1
219 172 1
407 172 1
2171 172 1
3454 172 1
1299 172 1
3129 172 1
3856 172 1
2512 172 1
1693 172 1
1559 172 1
248 172 1
702 172 1
248 172 1
2256 172 1
1517 172 1
973 172 1
1583 172 1
2704 172 1
1216 172 1
2569 172 1
167 172 1
3431 172 1
13 172 1
868 172 1
961 172 1
847 172 1
317 172 1
1176 172 1
2795 172 1
3626 172 1
1155 172 1
3496 172 1
2923 172 1
1443 172 1
3691 172 1
1742 172 1
2302 172 1
3106 172 1
2904 172 1
3220 172 1
3179 172 1
2403 172 1
3440 172 1
3525 172 1
151 172 1
2251 172 1
3509 172 1
2251 172 1
2258 172 1
1509 172 1
2698 172 1
2424 172 1
3455 172 1
1304 172 1
439 172 1
2078 172 1
1738 172 1
3608 172 1
3248 172 1
2248 172 1
3084 172 1
3032 172 1
2412 172 1
3271 172 1
1339 172 1
3657 172 1
2579 172 1
3281 172 1
1602 172 1
445 172 1
1392 172 1
2628 172 1
1003 172 1
129 172 1
2635 172 1
3735 172 1
1701 172 1
2870 172 1
2073 172 1
3622 172 1
3816 172 1
1962 172 1
2375 172 1
3822 172 1
823 172 1
1478 172 1
258 172 1
2866 172 1
2704 172 1
1487 172 1
528 172 1
1402 172 1
413 172 1
730 172 1
2214 172 1
2266 172 1
457 172 1
256 172 1
118 172 1
1956 172 1
200 172 1
1726 172 1
3447 172 1
321 172 1
73 172 1
731 172 1
3402 172 1
3444 172 1
933 172 1
1111 172 1
742 172 1
538 172 1
2294 172 1
1019 172 1
2357 172 1
1329 172 1
3242 172 1
3232 172 1
3260 172 1
2365 172 1
1798 172 1
637 172 1
2145 172 1
2093 172 1
1480 172 1
2713 172 1
2861 172 1
3075 173 1
164 173 1
1775 173 1
3354 173 1
2227 173 1
2000 173 1
2979 173 1
1811 173 1
1493 173 1
1837 173 1
1566 173 1
3662 173 1
2147 173 1
1595 173 1
3286 173 1
2037 173 1
3820 173 1
2809 173 1
1021 173 1
2835 173 1
1261 173 1
1631 173 1
3513 173 1
1333 173 1
1928 173 1
544 173 1
147 173 1
2185 173 1
3315 173 1
49 173 1
3280 173 1
3859 173 1
2495 173 1
2689 173 1
302 173 1
1029 173 1
1916 173 1
1962 173 1
2738 173 1
3755 173 1
1169 173 1
2298 173 1
374 173 1
2810 173 1
1967 173 1
1426 173 1
115 173 1
1161 173 1
2090 173 1
2032 173 1
1374 173 1
1267 173 1
2989 173 1
1451 173 1
3475 173 1
2991 173 1
3086 173 1
1979 173 1
3059 173 1
2915 173 1
3700 173 1
2726 173 1
306 173 1
2342 173 1
2403 173 1
2821 173 1
256 173 1
2259 173 1
2073 173 1
2657 173 1
709 173 1
290 173 1
2855 173 1
2533 173 1
3562 173 1
3596 173 1
470 173 1
3779 173 1
3028 173 1
1233 173 1
2401 173 1
1792 173 1
3425 173 1
3756 173 1
3824 173 1
3329 173 1
2603 173 1
3818 173 1
317 173 1
3138 173 1
1034 173 1
626 173 1
2312 173 1
3321 173 1
1452 173 1
3743 173 1
3504 173 1
3680 173 1
2571 173 1
1715 173 1
2543 173 1
18 173 1
3487 173 1
3053 173 1
2673 173 1
2018 173 1
537 173 1
753 173 1
1163 173 1
3590 173 1
1634 173 1
1798 173 1
1544 173 1
1670 173 1
1114 173 1
1552 173 1
2247 173 1
3816 173 1
1077 173 1
325 173 1
3697 173 1
68 173 1
3121 173 1
1699 173 1
1185 173 1
3301 173 1
3368 173 1
2286 173 1
3168 173 1
3156 173 1
767 173 1
893 173 1
1833 173 1
784 173 1
3136 173 1
3797 173 1
2669 173 1
3395 173 1
3388 173 1
2710 173 1
1546 173 1
1467 173 1
1629 173 1
2165 173 1
1508 173 1
3475 173 1
2421 173 1
2239 173 1
3087 173 1
708 173 1
3354 173 1
3855 173 1
1697 173 1
426 173 1
1158 173 1
2719 173 1
1387 173 1
2863 173 1
928 173 1
856 173 1
2489 173 1
2142 173 1
3156 173 1
760 173 1
730 173 1
1244 173 1
1210 173 1
2499 173 1
697 173 1
2867 173 1
1237 173 1
2955 173 1
756 173 1
248 173 1
1575 173 1
3204 173 1
1881 173 1
3326 173 1
421 173 1
3037 173 1
777 173 1
3467 173 1
2134 173 1
1691 173 1
2270 173 1
504 173 1
3581 173 1
2625 173 1
1300 173 1
338 173 1
3311 173 1
405 173 1
2203 173 1
3268 173 1
449 173 1
1904 173 1
2855 173 1
2753 173 1
3163 173 1
2795 173 1
1630 173 1
50 173 1
1762 173 1
2952 173 1
3576 173 1
849 173 1
1722 173 1
1115 173 1
2894 173 1
618 173 1
976 173 1
2246 173 1
3519 173 1
621 173 1
2801 173 1
3228 173 1
1251 173 1
1763 173 1
3283 173 1
395 173 1
1255 173 1
2635 173 1
2620 173 1
2333 173 1
2410 173 1
2832 173 1
2063 173 1
2063 173 1
1302 173 1
1552 173 1
1469 173 1
3259 173 1
2293 173 1
2760 173 1
3320 173 1
2871 173 1
200 173 1
3814 173 1
2788 173 1
1617 173 1
3688 173 1
1195 173 1
3406 173 1
3280 173 1
3083 173 1
1868 173 1
378 173 1
3511 173 1
1767 173 1
2979 173 1
805 173 1
1701 173 1
2897 173 1
153 173 1
1032 173 1
435 173 1
991 173 1
1601 173 1
3014 173 1
2719 173 1
1299 173 1
702 173 1
1422 173 1
3575 173 1
801 173 1
354 173 1
1678 173 1
2422 173 1
1483 173 1
2732 173 1
566 173 1
3795 173 1
682 173 1
1963 173 1
1304 173 1
2266 173 1
3567 173 1
1117 173 1
2137 173 1
3269 173 1
2559 173 1
3037 173 1
567 173 1
3091 173 1
1387 173 1
602 173 1
2075 173 1
1532 173 1
3 173 1
1231 173 1
2576 173 1
2874 173 1
3322 173 1
3812 173 1
2287 173 1
1341 173 1
2252 173 1
3828 173 1
1585 173 1
648 173 1
2046 173 1
3737 173 1
889 173 1
1234 173 1
3671 173 1
1097 173 1
725 173 1
604 173 1
3488 173 1
1266 173 1
2884 173 1
3565 173 1
2879 173 1
2100 173 1
2626 173 1
383 173 1
2019 173 1
2049 173 1
2723 173 1
817 173 1
2975 173 1
100 173 1
2446 173 1
588 173 1
1049 173 1
1150 173 1
1157 173 1
2594 173 1
2217 173 1
3075 173 1
1724 173 1
541 173 1
921 173 1
1971 173 1
370 173 1
594 173 1
3063 173 1
2642 173 1
3138 173 1
2053 173 1
1249 173 1
1947 173 1
21 173 1
1413 173 1
3293 173 1
2248 174 1
2604 174 1
2859 174 1
486 174 1
2691 174 1
1378 174 1
889 174 1
3169 174 1
701 174 1
142 174 1
3769 174 1
2272 174 1
3478 174 1
3038 174 1
1770 174 1
1474 174 1
1883 174 1
3782 174 1
3268 174 1
1529 174 1
2784 174 1
858 174 1
1720 174 1
1721 174 1
347 174 1
3435 174 1
3178 174 1
976 174 1
415 174 1
2537 174 1
1882 174 1
202 174 1
439 174 1
1306 174 1
693 174 1
1420 174 1
3311 174 1
4 174 1
105 174 1
1737 174 1
3682 174 1
406 174 1
328 174 1
99 174 1
48 174 1
565 174 1
3471 174 1
1596 174 1
296 174 1
2376 174 1
2022 174 1
258 174 1
3071 174 1
2503 174 1
57 174 1
2990 174 1
1405 174 1
3208 174 1
1201 174 1
2683 174 1
3079 174 1
1738 174 1
2672 174 1
3518 174 1
1483 174 1
3387 174 1
335 174 1
3393 174 1
2856 174 1
1748 174 1
1961 174 1
876 174 1
1884 174 1
2853 174 1
3336 174 1
376 174 1
646 174 1
965 174 1
2421 174 1
2751 174 1
1665 174 1
57 174 1
224 174 1
1470 174 1
3223 174 1
469 174 1
2939 174 1
182 174 1
3717 174 1
2964 174 1
3096 174 1
2432 174 1
804 174 1
60 174 1
3155 174 1
1930 174 1
2604 174 1
3719 174 1
857 174 1
820 174 1
1909 174 1
1647 174 1
2360 174 1
1941 174 1
1563 174 1
3095 174 1
1983 174 1
705 174 1
1187 174 1
2472 174 1
3591 174 1
971 174 1
3190 174 1
2094 174 1
1161 174 1
3516 174 1
3008 174 1
2025 174 1
1315 174 1
2869 174 1
2823 174 1
2542 174 1
2962 174 1
2773 174 1
1180 174 1
743 174 1
3513 174 1
89 174 1
3025 174 1
3708 174 1
3499 174 1
3116 174 1
704 174 1
2919 174 1
225 174 1
1247 174 1
989 174 1
1726 174 1
1214 174 1
3109 174 1
1710 174 1
1188 174 1
3568 174 1
1491 174 1
2138 174 1
2322 174 1
832 174 1
2931 174 1
1630 174 1
2171 174 1
2020 174 1
546 174 1
3095 174 1
3230 174 1
920 174 1
3795 174 1
7 174 1
747 174 1
1879 174 1
2740 174 1
2258 174 1
3855 174 1
1290 174 1
3498 174 1
2931 174 1
2652 174 1
2754 174 1
2482 174 1
3360 174 1
2491 174 1
2812 174 1
345 174 1
29 174 1
3054 174 1
3480 174 1
3379 174 1
33 174 1
1076 174 1
1808 174 1
188 174 1
1401 174 1
3343 174 1
899 174 1
2578 174 1
56 174 1
3739 174 1
1063 174 1
1089 174 1
1642 174 1
3615 174 1
116 174 1
1937 174 1
1542 174 1
2071 174 1
2023 174 1
3415 174 1
1179 174 1
3211 174 1
979 174 1
1045 174 1
612 174 1
1430 174 1
2086 174 1
2296 174 1
1695 174 1
3503 174 1
3043 174 1
1217 174 1
3436 174 1
3238 174 1
1856 174 1
729 174 1
3814 174 1
2466 174 1
1513 174 1
3210 174 1
211 174 1
647 174 1
814 174 1
1866 174 1
2117 174 1
1087 174 1
226 174 1
3266 174 1
3212 174 1
2112 174 1
2385 174 1
61 174 1
48 174 1
2803 174 1
2961 174 1
2065 174 1
1246 174 1
2470 174 1
520 174 1
367 174 1
2203 174 1
684 174 1
2783 174 1
1934 174 1
3542 174 1
861 174 1
3808 174 1
2166 174 1
1206 174 1
1614 174 1
693 174 1
1780 174 1
2938 174 1
1454 174 1
1538 174 1
3336 174 1
2938 174 1
1466 174 1
3380 174 1
908 174 1
1006 174 1
2884 174 1
1545 174 1
3096 174 1
2715 174 1
2433 174 1
2869 174 1
2785 174 1
1012 174 1
3416 174 1
1136 174 1
2597 174 1
3180 174 1
581 174 1
208 174 1
14 174 1
3101 174 1
1568 174 1
3288 174 1
2750 174 1
3778 174 1
3680 174 1
3772 174 1
1856 174 1
245 174 1
50 174 1
2426 174 1
1919 174 1
2884 174 1
656 174 1
2951 174 1
197 174 1
1733 174 1
419 174 1
2329 174 1
3474 174 1
126 174 1
2909 174 1
288 174 1
1486 174 1
2103 174 1
1758 174 1
3824 174 1
2968 174 1
2781 174 1
3158 174 1
269 174 1
3267 174 1
2756 174 1
3355 174 1
3432 174 1
1151 174 1
264 174 1
307 174 1
936 174 1
1180 174 1
129 174 1
2457 174 1
3073 174 1
779 174 1
536 174 1
2060 174 1
1682 174 1
3246 174 1
1225 174 1
7 174 1
15 174 1
2110 174 1
2520 174 1
1407 174 1
2530 174 1
2402 174 1
3621 174 1
2823 174 1
1306 174 1
824 174 1
1847 174 1
3378 174 1
3355 174 1
1096 174 1
2327 174 1
425 174 1
1748 174 1
1805 174 1
2568 174 1
711 174 1
624 174 1
2752 174 1
318 174 1
1277 175 1
2984 175 1
3253 175 1
253 175 1
1667 175 1
967 175 1
575 175 1
1655 175 1
2392 175 1
1066 175 1
1338 175 1
427 175 1
391 175 1
383 175 1
2033 175 1
3503 175 1
514 175 1
1206 175 1
3845 175 1
342 175 1
431 175 1
111 175 1
1441 175 1
1254 175 1
576 175 1
1166 175 1
445 175 1
3265 175 1
1542 175 1
1625 175 1
809 175 1
1557 175 1
21 175 1
225 175 1
317 175 1
3164 175 1
1777 175 1
3463 175 1
1092 175 1
2901 175 1
2441 175 1
358 175 1
382 175 1
1412 175 1
537 175 1
1152 175 1
1966 175 1
1729 175 1
2141 175 1
3304 175 1
845 175 1
2650 175 1
2086 175 1
1655 175 1
3039 175 1
664 175 1
1305 175 1
3090 175 1
2508 175 1
792 175 1
1568 175 1
2661 175 1
2284 175 1
2730 175 1
3710 175 1
3483 175 1
3174 175 1
1478 175 1
1054 175 1
2067 175 1
2631 175 1
2696 175 1
1379 175 1
0 175 1
3493 175 1
1147 175 1
3141 175 1
275 175 1
2713 175 1
399 175 1
2906 175 1
1293 175 1
2569 175 1
1083 175 1
2879 175 1
760 175 1
211 175 1
3165 175 1
396 175 1
754 175 1
3308 175 1
788 175 1
358 175 1
3831 175 1
2768 175 1
2985 175 1
2427 175 1
3149 175 1
3125 175 1
1347 175 1
148 175 1
798 175 1
554 175 1
2246 175 1
2461 175 1
2966 175 1
2122 175 1
2083 175 1
965 175 1
1589 175 1
1220 175 1
1094 175 1
3655 175 1
2097 175 1
40 175 1
336 175 1
2456 175 1
465 175 1
973 175 1
3486 175 1
2622 175 1
2773 175 1
41 175 1
2611 175 1
2861 175 1
1201 175 1
102 175 1
2283 175 1
1460 175 1
3348 175 1
1865 175 1
477 175 1
513 175 1
644 175 1
2403 175 1
2506 175 1
1335 175 1
2608 175 1
2429 175 1
2178 175 1
1430 175 1
2030 175 1
1139 175 1
226 175 1
805 175 1
1844 175 1
626 175 1
1646 175 1
1371 175 1
61 175 1
708 175 1
1908 175 1
3596 175 1
3829 175 1
1789 175 1
3253 175 1
755 175 1
3764 175 1
2215 175 1
803 175 1
3462 175 1
2990 175 1
3284 175 1
551 175 1
3599 175 1
3823 175 1
3570 175 1
2166 175 1
3702 175 1
3224 175 1
1134 175 1
1897 175 1
2562 175 1
1826 175 1
1466 175 1
1880 175 1
1270 175 1
2226 175 1
960 175 1
3336 175 1
2116 175 1
1316 175 1
1743 175 1
2917 175 1
1843 175 1
1468 175 1
2140 175 1
1340 175 1
2361 175 1
1062 175 1
1957 175 1
3111 175 1
2740 175 1
1164 175 1
1230 175 1
2248 175 1
2826 175 1
2965 175 1
3858 175 1
3156 175 1
1222 175 1
362 175 1
3507 175 1
1273 175 1
3007 175 1
2021 175 1
3189 175 1
455 175 1
952 175 1
3296 175 1
176 175 1
939 175 1
3535 175 1
1572 175 1
1378 175 1
807 175 1
1623 175 1
1169 175 1
1913 175 1
3546 175 1
2620 175 1
1655 175 1
3094 175 1
3005 175 1
3439 175 1
2329 175 1
2912 175 1
3442 175 1
2236 175 1
1208 175 1
2453 175 1
2456 175 1
3451 175 1
2412 175 1
2058 175 1
2503 175 1
1881 175 1
2518 175 1
2678 175 1
3075 175 1
2548 175 1
1750 175 1
1173 175 1
3086 175 1
3494 175 1
2915 175 1
2884 175 1
25 175 1
2537 175 1
3263 175 1
2 175 1
693 175 1
1840 175 1
3355 175 1
739 175 1
850 175 1
1345 175 1
319 175 1
3601 175 1
2915 175 1
3288 175 1
2667 175 1
3592 175 1
102 175 1
1042 175 1
2626 175 1
3647 175 1
190 175 1
910 175 1
982 175 1
703 175 1
2997 175 1
1871 175 1
473 175 1
700 175 1
520 175 1
525 175 1
1712 175 1
680 175 1
3391 175 1
73 175 1
2534 175 1
2768 175 1
3579 175 1
2112 175 1
3436 175 1
1928 175 1
538 175 1
3660 175 1
2685 175 1
1933 175 1
3200 175 1
3123 175 1
385 175 1
1814 175 1
3562 175 1
156 175 1
257 175 1
1018 175 1
3527 175 1
3167 175 1
1183 175 1
1554 175 1
500 175 1
288 175 1
1179 175 1
452 175 1
3140 175 1
2794 175 1
863 175 1
1698 175 1
1734 175 1
2580 175 1
2375 175 1
3416 175 1
1724 175 1
1718 175 1
1830 175 1
3667 175 1
1710 175 1
1367 175 1
1032 175 1
2177 175 1
640 175 1
2039 175 1
129 175 1
3282 175 1
35 175 1
2462 175 1
2896 175 1
1603 175 1
706 175 1
774 175 1
1317 175 1
393 175 1
3106 175 1
1439 175 1
2600 175 1
3548 175 1
2943 175 1
1005 175 1
2192 175 1
3465 175 1
3442 175 1
2618 175 1
152 176 1
733 176 1
1731 176 1
3214 176 1
2270 176 1
3501 176 1
3222 176 1
1796 176 1
390 176 1
1794 176 1
2599 176 1
3437 176 1
3702 176 1
127 176 1
995 176 1
2131 176 1
3 176 1
1162 176 1
2502 176 1
2691 176 1
1836 176 1
2598 176 1
374 176 1
3175 176 1
3348 176 1
1111 176 1
3838 176 1
3843 176 1
3040 176 1
3091 176 1
560 176 1
131 176 1
411 176 1
2921 176 1
420 176 1
319 176 1
2763 176 1
1503 176 1
2739 176 1
652 176 1
542 176 1
920 176 1
5 176 1
3774 176 1
1851 176 1
1069 176 1
2131 176 1
765 176 1
2097 176 1
1566 176 1
3502 176 1
20 176 1
469 176 1
1713 176 1
3571 176 1
105 176 1
2899 176 1
2955 176 1
2488 176 1
2978 176 1
2049 176 1
2817 176 1
2990 176 1
3807 176 1
1920 176 1
181 176 1
1276 176 1
1847 176 1
2500 176 1
1161 176 1
186 176 1
428 176 1
2665 176 1
422 176 1
2707 176 1
429 176 1
2032 176 1
2769 176 1
378 176 1
493 176 1
889 176 1
441 176 1
2933 176 1
2729 176 1
2836 176 1
2726 176 1
1320 176 1
3293 176 1
1608 176 1
1551 176 1
275 176 1
134 176 1
3288 176 1
85 176 1
3615 176 1
1399 176 1
2504 176 1
745 176 1
220 176 1
2633 176 1
2228 176 1
3013 176 1
2198 176 1
625 176 1
1731 176 1
1618 176 1
1945 176 1
2 176 1
2931 176 1
3056 176 1
2571 176 1
1215 176 1
1526 176 1
3165 176 1
1258 176 1
3773 176 1
726 176 1
1824 176 1
3167 176 1
1302 176 1
821 176 1
2053 176 1
3559 176 1
3090 176 1
1005 176 1
2411 176 1
3203 176 1
595 176 1
3743 176 1
2127 176 1
2687 176 1
1215 176 1
3339 176 1
2884 176 1
3013 176 1
828 176 1
1100 176 1
1403 176 1
3054 176 1
2611 176 1
3745 176 1
1598 176 1
1189 176 1
1427 176 1
1342 176 1
3265 176 1
118 176 1
2658 176 1
3071 176 1
1082 176 1
844 176 1
1505 176 1
2520 176 1
3281 176 1
1842 176 1
1758 176 1
112 176 1
2073 176 1
377 176 1
1980 176 1
3272 176 1
2744 176 1
3146 176 1
3242 176 1
2071 176 1
850 176 1
2109 176 1
714 176 1
1777 176 1
3512 176 1
1746 176 1
175 176 1
1096 176 1
3671 176 1
2280 176 1
3313 176 1
3749 176 1
363 176 1
3251 176 1
3163 176 1
192 176 1
1149 176 1
930 176 1
119 176 1
1653 176 1
2611 176 1
1700 176 1
927 176 1
2312 176 1
2740 176 1
2348 176 1
141 176 1
1057 176 1
1494 176 1
1629 176 1
1452 176 1
685 176 1
2477 176 1
1035 176 1
18 176 1
3276 176 1
2743 176 1
677 176 1
2251 176 1
2343 176 1
2394 176 1
2168 176 1
2284 176 1
1551 176 1
503 176 1
3292 176 1
835 176 1
2585 176 1
418 176 1
1375 176 1
1186 176 1
3620 176 1
1285 176 1
3704 176 1
241 176 1
1634 176 1
1949 176 1
1568 176 1
65 176 1
2042 176 1
1946 176 1
982 176 1
1860 176 1
1546 176 1
801 176 1
3211 176 1
120 176 1
3500 176 1
1368 176 1
3446 176 1
679 176 1
574 176 1
2944 176 1
805 176 1
3570 176 1
3489 176 1
1531 176 1
1727 176 1
642 176 1
1084 176 1
2366 176 1
1144 176 1
1774 176 1
3428 176 1
2606 176 1
2255 176 1
902 176 1
210 176 1
1905 176 1
319 176 1
2230 176 1
3193 176 1
412 176 1
640 176 1
561 176 1
1000 176 1
1811 176 1
518 176 1
880 176 1
1123 176 1
1399 176 1
1386 176 1
1969 176 1
2342 176 1
672 176 1
580 176 1
2188 176 1
2821 176 1
1796 176 1
3750 176 1
1488 176 1
2745 176 1
645 176 1
3514 176 1
1758 176 1
1979 176 1
1970 176 1
2446 176 1
1658 176 1
236 176 1
1702 176 1
3493 176 1
797 176 1
2335 176 1
2548 176 1
2397 176 1
3320 176 1
2935 176 1
1827 176 1
43 176 1
1055 176 1
921 176 1
1307 176 1
653 176 1
2610 176 1
916 176 1
342 176 1
193 176 1
3533 176 1
2802 176 1
1312 176 1
134 176 1
431 176 1
1425 176 1
450 176 1
2518 176 1
2850 176 1
3803 176 1
2882 176 1
3613 176 1
2693 176 1
2735 176 1
1162 176 1
1813 176 1
3045 176 1
3279 176 1
1337 176 1
2497 176 1
3635 176 1
1946 176 1
2555 176 1
786 176 1
1217 176 1
3668 176 1
2535 176 1
1751 176 1
225 176 1
3509 176 1
881 176 1
2662 176 1
1228 176 1
1660 176 1
3323 176 1
336 176 1
2373 176 1
1125 176 1
40 176 1
1963 176 1
1471 176 1
889 176 1
120 177 1
1280 177 1
86 177 1
1578 177 1
956 177 1
3853 177 1
3054 177 1
1859 177 1
408 177 1
836 177 1
1483 177 1
3799 177 1
1592 177 1
1205 177 1
314 177 1
818 177 1
3621 177 1
3651 177 1
1537 177 1
3179 177 1
2009 177 1
2929 177 1
2904 177 1
1864 177 1
2048 177 1
2892 177 1
797 177 1
2774 177 1
1434 177 1
1137 177 1
3491 177 1
1714 177 1
1768 177 1
1092 177 1
1059 177 1
3657 177 1
2863 177 1
166 177 1
3124 177 1
3717 177 1
3638 177 1
2438 177 1
560 177 1
3699 177 1
3560 177 1
3641 177 1
2655 177 1
1417 177 1
1084 177 1
2103 177 1
214 177 1
2975 177 1
2959 177 1
3441 177 1
1031 177 1
1917 177 1
2164 177 1
2388 177 1
3496 177 1
1863 177 1
2069 177 1
264 177 1
919 177 1
335 177 1
848 177 1
1253 177 1
688 177 1
2148 177 1
927 177 1
94 177 1
1947 177 1
850 177 1
2735 177 1
3097 177 1
3443 177 1
3058 177 1
1687 177 1
1546 177 1
85 177 1
478 177 1
3250 177 1
1768 177 1
2511 177 1
2486 177 1
574 177 1
1414 177 1
3314 177 1
1848 177 1
185 177 1
3144 177 1
2455 177 1
2532 177 1
2352 177 1
3187 177 1
1957 177 1
3714 177 1
2733 177 1
1328 177 1
3673 177 1
1466 177 1
2645 177 1
3185 177 1
2506 177 1
73 177 1
849 177 1
861 177 1
827 177 1
3188 177 1
259 177 1
3452 177 1
471 177 1
1986 177 1
1432 177 1
3304 177 1
2593 177 1
3367 177 1
400 177 1
562 177 1
1933 177 1
1424 177 1
1182 177 1
1109 177 1
1593 177 1
3559 177 1
985 177 1
16 177 1
317 177 1
1815 177 1
3738 177 1
787 177 1
2144 177 1
194 177 1
130 177 1
564 177 1
1636 177 1
1631 177 1
693 177 1
3720 177 1
2704 177 1
205 177 1
269 177 1
690 177 1
1604 177 1
2646 177 1
3621 177 1
767 177 1
2224 177 1
3343 177 1
3392 177 1
1615 177 1
1990 177 1
2060 177 1
1352 177 1
253 177 1
2737 177 1
3427 177 1
2692 177 1
2308 177 1
430 177 1
716 177 1
1849 177 1
2024 177 1
460 177 1
1573 177 1
2363 177 1
21 177 1
2884 177 1
1471 177 1
1475 177 1
1260 177 1
906 177 1
3337 177 1
2708 177 1
429 177 1
1074 177 1
3484 177 1
3720 177 1
318 177 1
196 177 1
3115 177 1
2046 177 1
1468 177 1
322 177 1
683 177 1
766 177 1
2557 177 1
2219 177 1
2806 177 1
3049 177 1
1947 177 1
974 177 1
3119 177 1
1764 177 1
1249 177 1
3570 177 1
617 177 1
481 177 1
1350 177 1
2709 177 1
961 177 1
1616 177 1
1285 177 1
1984 177 1
1569 177 1
2826 177 1
2645 177 1
1524 177 1
2468 177 1
3144 177 1
2519 177 1
1390 177 1
1356 177 1
1639 177 1
825 177 1
2041 177 1
1695 177 1
3813 177 1
2693 177 1
3612 177 1
3631 177 1
2430 177 1
2711 177 1
3042 177 1
124 177 1
537 177 1
244 177 1
3390 177 1
3202 177 1
3094 177 1
483 177 1
3849 177 1
1743 177 1
1972 177 1
2759 177 1
2795 177 1
458 177 1
3658 177 1
2615 177 1
1100 177 1
3156 177 1
771 177 1
3782 177 1
2110 177 1
893 177 1
3763 177 1
2745 177 1
1659 177 1
3627 177 1
1611 177 1
251 177 1
3114 177 1
3411 177 1
1345 177 1
3050 177 1
2383 177 1
1458 177 1
323 177 1
129 177 1
3309 177 1
2669 177 1
3721 177 1
1938 177 1
1187 177 1
1486 177 1
3186 177 1
3571 177 1
45 177 1
63 177 1
930 177 1
2498 177 1
671 177 1
96 177 1
935 177 1
1499 177 1
1161 177 1
1282 177 1
1691 177 1
3776 177 1
1957 177 1
296 177 1
3804 177 1
1717 177 1
1527 177 1
1747 177 1
3186 177 1
3316 177 1
234 177 1
576 177 1
2026 177 1
2472 177 1
2735 177 1
1560 177 1
61 177 1
3522 177 1
3107 177 1
3853 177 1
2068 177 1
3032 177 1
269 177 1
3056 177 1
404 177 1
186 177 1
753 177 1
2923 177 1
848 177 1
2719 177 1
3353 177 1
2091 177 1
2551 177 1
1946 177 1
2937 177 1
840 177 1
3582 177 1
3818 177 1
2437 177 1
3279 177 1
882 177 1
3152 177 1
1378 177 1
2925 177 1
931 177 1
1210 177 1
214 177 1
213 177 1
1369 177 1
1016 177 1
2527 177 1
3625 177 1
559 177 1
899 177 1
218 177 1
2225 177 1
3670 177 1
1945 177 1
864 177 1
2199 177 1
2998 177 1
2988 177 1
3080 177 1
1212 177 1
3022 177 1
1988 177 1
3851 177 1
136 177 1
42 177 1
3787 178 1
1621 178 1
3000 178 1
3360 178 1
2952 178 1
546 178 1
2994 178 1
3430 178 1
3599 178 1
874 178 1
2116 178 1
1098 178 1
699 178 1
2413 178 1
2151 178 1
3788 178 1
2715 178 1
1459 178 1
694 178 1
804 178 1
1224 178 1
1768 178 1
3353 178 1
2449 178 1
1187 178 1
1079 178 1
546 178 1
698 178 1
1602 178 1
2824 178 1
3798 178 1
2777 178 1
1532 178 1
2142 178 1
155 178 1
1157 178 1
993 178 1
3023 178 1
3718 178 1
1033 178 1
564 178 1
267 178 1
2610 178 1
1021 178 1
1398 178 1
1799 178 1
2930 178 1
3358 178 1
1914 178 1
3482 178 1
3127 178 1
1779 178 1
3499 178 1
732 178 1
2328 178 1
1743 178 1
2787 178 1
3190 178 1
2193 178 1
3104 178 1
875 178 1
2429 178 1
774 178 1
2404 178 1
1636 178 1
1170 178 1
2278 178 1
2358 178 1
3849 178 1
2285 178 1
2641 178 1
1020 178 1
951 178 1
1280 178 1
3541 178 1
1934 178 1
1644 178 1
566 178 1
948 178 1
1205 178 1
2648 178 1
1222 178 1
520 178 1
2961 178 1
1752 178 1
3504 178 1
494 178 1
1078 178 1
594 178 1
591 178 1
972 178 1
2521 178 1
2799 178 1
1725 178 1
1489 178 1
421 178 1
1083 178 1
988 178 1
413 178 1
899 178 1
1483 178 1
1725 178 1
1904 178 1
1645 178 1
3007 178 1
1102 178 1
3419 178 1
3470 178 1
424 178 1
1169 178 1
911 178 1
406 178 1
1679 178 1
797 178 1
3114 178 1
1848 178 1
1 178 1
1131 178 1
2053 178 1
299 178 1
932 178 1
2153 178 1
3113 178 1
1231 178 1
3501 178 1
3090 178 1
3834 178 1
3430 178 1
17 178 1
2800 178 1
3811 178 1
2007 178 1
2577 178 1
2252 178 1
2794 178 1
801 178 1
2096 178 1
2572 178 1
1780 178 1
196 178 1
2848 178 1
3429 178 1
523 178 1
993 178 1
2182 178 1
318 178 1
1409 178 1
261 178 1
1754 178 1
1175 178 1
1310 178 1
2099 178 1
3815 178 1
3218 178 1
1182 178 1
1941 178 1
377 178 1
397 178 1
2735 178 1
1354 178 1
835 178 1
1034 178 1
493 178 1
2097 178 1
2422 178 1
8 178 1
2034 178 1
545 178 1
234 178 1
2601 178 1
2938 178 1
408 178 1
2459 178 1
2898 178 1
879 178 1
3144 178 1
3173 178 1
3324 178 1
461 178 1
1987 178 1
1208 178 1
2557 178 1
2427 178 1
2930 178 1
752 178 1
2076 178 1
2507 178 1
2781 178 1
3118 178 1
989 178 1
3317 178 1
1395 178 1
3467 178 1
2916 178 1
1528 178 1
2663 178 1
1630 178 1
1036 178 1
3462 178 1
1508 178 1
297 178 1
3330 178 1
3032 178 1
2463 178 1
3446 178 1
263 178 1
2352 178 1
1707 178 1
901 178 1
2215 178 1
1614 178 1
119 178 1
1077 178 1
3097 178 1
497 178 1
345 178 1
3840 178 1
924 178 1
3628 178 1
1245 178 1
2807 178 1
1202 178 1
527 178 1
3049 178 1
2301 178 1
1162 178 1
3776 178 1
3591 178 1
1794 178 1
685 178 1
3571 178 1
2149 178 1
3440 178 1
2547 178 1
1966 178 1
1627 178 1
1594 178 1
221 178 1
1026 178 1
1002 178 1
92 178 1
3096 178 1
920 178 1
2899 178 1
532 178 1
782 178 1
3261 178 1
2441 178 1
2774 178 1
940 178 1
2066 178 1
3243 178 1
1601 178 1
2334 178 1
1648 178 1
3546 178 1
675 178 1
326 178 1
3356 178 1
2872 178 1
2952 178 1
2098 178 1
72 178 1
2233 178 1
1290 178 1
1992 178 1
1737 178 1
1991 178 1
3365 178 1
3127 178 1
2772 178 1
2691 178 1
1264 178 1
1012 178 1
2592 178 1
188 178 1
1278 178 1
2449 178 1
846 178 1
1854 178 1
903 178 1
1728 178 1
520 178 1
2002 178 1
3334 178 1
957 178 1
2802 178 1
2326 178 1
3772 178 1
1274 178 1
1681 178 1
946 178 1
976 178 1
2031 178 1
2918 178 1
2804 178 1
1230 178 1
1921 178 1
2657 178 1
1002 178 1
3471 178 1
313 178 1
300 178 1
2734 178 1
2602 178 1
3083 178 1
1425 178 1
1367 178 1
726 178 1
2871 178 1
2946 178 1
2045 178 1
2298 178 1
3109 178 1
1498 178 1
2336 178 1
817 178 1
3557 178 1
3768 178 1
357 178 1
2034 178 1
3015 178 1
1204 178 1
747 178 1
1507 178 1
1446 178 1
1757 178 1
536 178 1
2871 178 1
3784 178 1
1242 178 1
711 178 1
1278 178 1
3657 178 1
2175 178 1
1342 178 1
1865 178 1
3030 178 1
2828 178 1
916 178 1
71 178 1
110 178 1
2872 178 1
2059 178 1
3428 178 1
2630 179 1
3171 179 1
3785 179 1
2687 179 1
2413 179 1
2530 179 1
2501 179 1
1449 179 1
434 179 1
3094 179 1
2392 179 1
1164 179 1
1036 179 1
1343 179 1
1075 179 1
3854 179 1
3842 179 1
2103 179 1
613 179 1
2865 179 1
2160 179 1
1589 179 1
1217 179 1
1403 179 1
157 179 1
1183 179 1
2832 179 1
2584 179 1
827 179 1
3464 179 1
2062 179 1
1968 179 1
1503 179 1
2813 179 1
260 179 1
2546 179 1
1912 179 1
3340 179 1
570 179 1
835 179 1
58 179 1
1496 179 1
2649 179 1
2977 179 1
410 179 1
171 179 1
711 179 1
3134 179 1
302 179 1
2103 179 1
2253 179 1
2745 179 1
1948 179 1
3119 179 1
3595 179 1
1549 179 1
2225 179 1
1888 179 1
2578 179 1
2641 179 1
795 179 1
3057 179 1
1874 179 1
3747 179 1
553 179 1
2228 179 1
3347 179 1
323 179 1
2230 179 1
3661 179 1
886 179 1
3147 179 1
3721 179 1
551 179 1
2297 179 1
1691 179 1
3207 179 1
2097 179 1
1568 179 1
3406 179 1
158 179 1
2808 179 1
3119 179 1
643 179 1
1335 179 1
1404 179 1
2133 179 1
1444 179 1
1795 179 1
3580 179 1
2407 179 1
3649 179 1
3228 179 1
3475 179 1
1617 179 1
3422 179 1
358 179 1
1048 179 1
654 179 1
3788 179 1
185 179 1
963 179 1
628 179 1
913 179 1
3205 179 1
2967 179 1
190 179 1
2794 179 1
2514 179 1
3451 179 1
2747 179 1
2539 179 1
1814 179 1
1704 179 1
3519 179 1
94 179 1
3016 179 1
3102 179 1
454 179 1
865 179 1
1628 179 1
2217 179 1
1143 179 1
417 179 1
3837 179 1
3704 179 1
1616 179 1
298 179 1
2048 179 1
888 179 1
3461 179 1
1189 179 1
1809 179 1
110 179 1
59 179 1
2822 179 1
3144 179 1
905 179 1
108 179 1
824 179 1
2700 179 1
2186 179 1
1701 179 1
2512 179 1
486 179 1
951 179 1
3485 179 1
3246 179 1
1227 179 1
875 179 1
3378 179 1
1824 179 1
1596 179 1
3071 179 1
2034 179 1
1382 179 1
737 179 1
3740 179 1
353 179 1
177 179 1
2831 179 1
583 179 1
3096 179 1
1563 179 1
560 179 1
2125 179 1
3765 179 1
392 179 1
1930 179 1
720 179 1
2115 179 1
2387 179 1
2171 179 1
1655 179 1
2265 179 1
1258 179 1
515 179 1
1534 179 1
3487 179 1
2261 179 1
2267 179 1
1446 179 1
3448 179 1
1639 179 1
2051 179 1
832 179 1
3624 179 1
3461 179 1
4 179 1
2104 179 1
1792 179 1
235 179 1
2098 179 1
1636 179 1
1491 179 1
3586 179 1
1985 179 1
207 179 1
1859 179 1
1522 179 1
2317 179 1
1520 179 1
94 179 1
2588 179 1
3087 179 1
2244 179 1
2564 179 1
3482 179 1
449 179 1
1252 179 1
3828 179 1
1185 179 1
1660 179 1
426 179 1
2696 179 1
3756 179 1
2401 179 1
559 179 1
2193 179 1
2561 179 1
2883 179 1
3035 179 1
3114 179 1
256 179 1
3062 179 1
2856 179 1
2929 179 1
3123 179 1
3764 179 1
414 179 1
793 179 1
1781 179 1
2818 179 1
3201 179 1
2988 179 1
2107 179 1
1322 179 1
2241 179 1
1580 179 1
3357 179 1
2603 179 1
1788 179 1
861 179 1
1096 179 1
3609 179 1
683 179 1
1550 179 1
2294 179 1
1628 179 1
3406 179 1
1950 179 1
1842 179 1
1547 179 1
2912 179 1
2201 179 1
2664 179 1
3647 179 1
2818 179 1
27 179 1
164 179 1
3585 179 1
1930 179 1
1555 179 1
719 179 1
1485 179 1
1357 179 1
341 179 1
1030 179 1
559 179 1
1808 179 1
3690 179 1
1717 179 1
367 179 1
985 179 1
1019 179 1
3251 179 1
1908 179 1
1631 179 1
945 179 1
1084 179 1
3233 179 1
3328 179 1
3576 179 1
3760 179 1
642 179 1
1963 179 1
2495 179 1
1316 179 1
1885 179 1
2724 179 1
927 179 1
3615 179 1
2516 179 1
120 179 1
2183 179 1
1461 179 1
739 179 1
2196 179 1
3561 179 1
875 179 1
3782 179 1
1133 179 1
120 179 1
1319 179 1
112 179 1
1057 179 1
1888 179 1
2429 179 1
3289 179 1
841 179 1
87 179 1
1744 179 1
1748 179 1
1911 179 1
3335 179 1
2123 179 1
1220 179 1
1082 179 1
2709 179 1
3062 179 1
1114 179 1
1427 179 1
1525 179 1
588 179 1
123 179 1
1664 179 1
862 179 1
3093 179 1
3703 179 1
3214 179 1
701 179 1
2471 179 1
2170 179 1
2010 179 1
1574 179 1
3812 179 1
2789 179 1
2509 179 1
1483 179 1
1845 179 1
1297 179 1
440 179 1
57 179 1
1206 179 1
475 179 1
862 180 1
3788 180 1
3040 180 1
117 180 1
2729 180 1
1624 180 1
49 180 1
3597 180 1
1898 180 1
949 180 1
939 180 1
2380 180 1
457 180 1
47 180 1
3455 180 1
2840 180 1
1058 180 1
2077 180 1
3063 180 1
3842 180 1
2759 180 1
310 180 1
848 180 1
2166 180 1
3506 180 1
3501 180 1
2401 180 1
2205 180 1
720 180 1
3492 180 1
2372 180 1
140 180 1
3495 180 1
352 180 1
1319 180 1
1685 180 1
1617 180 1
2773 180 1
1191 180 1
116 180 1
1761 180 1
3216 180 1
1668 180 1
2076 180 1
1736 180 1
681 180 1
2220 180 1
1994 180 1
1159 180 1
3228 180 1
1670 180 1
2297 180 1
921 180 1
2401 180 1
2282 180 1
1527 180 1
210 180 1
2065 180 1
3095 180 1
1256 180 1
5 180 1
1861 180 1
2547 180 1
1019 180 1
3645 180 1
3154 180 1
1246 180 1
2245 180 1
2288 180 1
3264 180 1
2836 180 1
2479 180 1
3612 180 1
904 180 1
2902 180 1
1238 180 1
1705 180 1
2492 180 1
3736 180 1
2082 180 1
2912 180 1
922 180 1
1194 180 1
3602 180 1
1971 180 1
1144 180 1
1259 180 1
3208 180 1
536 180 1
2065 180 1
2544 180 1
155 180 1
1296 180 1
1322 180 1
2850 180 1
1270 180 1
2003 180 1
3601 180 1
400 180 1
3305 180 1
927 180 1
2286 180 1
887 180 1
1347 180 1
3579 180 1
3429 180 1
1873 180 1
1425 180 1
242 180 1
1072 180 1
2796 180 1
1314 180 1
676 180 1
1458 180 1
128 180 1
1619 180 1
3117 180 1
2227 180 1
3304 180 1
1490 180 1
1115 180 1
358 180 1
163 180 1
3156 180 1
3051 180 1
1988 180 1
3566 180 1
2115 180 1
3294 180 1
897 180 1
1575 180 1
1017 180 1
2189 180 1
3349 180 1
2453 180 1
3805 180 1
1940 180 1
3279 180 1
3698 180 1
1113 180 1
1589 180 1
2685 180 1
373 180 1
407 180 1
447 180 1
874 180 1
2278 180 1
338 180 1
2593 180 1
3248 180 1
2796 180 1
3358 180 1
1397 180 1
2317 180 1
1642 180 1
2745 180 1
3205 180 1
1723 180 1
206 180 1
2104 180 1
2115 180 1
2578 180 1
1737 180 1
3658 180 1
3158 180 1
2534 180 1
793 180 1
2652 180 1
3741 180 1
2297 180 1
1449 180 1
2458 180 1
1165 180 1
548 180 1
2238 180 1
1527 180 1
2636 180 1
1961 180 1
605 180 1
3652 180 1
1653 180 1
143 180 1
3578 180 1
3427 180 1
1739 180 1
3007 180 1
2751 180 1
10 180 1
2433 180 1
1921 180 1
696 180 1
3835 180 1
780 180 1
303 180 1
3762 180 1
1227 180 1
1207 180 1
1030 180 1
673 180 1
3156 180 1
2370 180 1
1447 180 1
2702 180 1
3101 180 1
956 180 1
3266 180 1
3260 180 1
638 180 1
3117 180 1
1610 180 1
3185 180 1
2253 180 1
1727 180 1
2346 180 1
2976 180 1
782 180 1
3445 180 1
2814 180 1
477 180 1
804 180 1
1429 180 1
2251 180 1
2249 180 1
3516 180 1
1162 180 1
62 180 1
2792 180 1
323 180 1
1052 180 1
2029 180 1
1764 180 1
2886 180 1
327 180 1
1283 180 1
2927 180 1
2424 180 1
3298 180 1
2631 180 1
839 180 1
3262 180 1
913 180 1
1699 180 1
2251 180 1
58 180 1
2909 180 1
1601 180 1
3148 180 1
2257 180 1
2509 180 1
481 180 1
1009 180 1
990 180 1
524 180 1
1774 180 1
1689 180 1
2610 180 1
45 180 1
888 180 1
3560 180 1
2421 180 1
852 180 1
2314 180 1
3512 180 1
606 180 1
3346 180 1
1126 180 1
3838 180 1
1454 180 1
3342 180 1
2272 180 1
802 180 1
2549 180 1
2280 180 1
2408 180 1
3458 180 1
1664 180 1
950 180 1
1658 180 1
3418 180 1
1868 180 1
2060 180 1
1010 180 1
1294 180 1
3408 180 1
2863 180 1
218 180 1
1394 180 1
287 180 1
1080 180 1
3616 180 1
90 180 1
144 180 1
1054 180 1
2968 180 1
796 180 1
2521 180 1
3785 180 1
1031 180 1
3673 180 1
76 180 1
1077 180 1
2140 180 1
3339 180 1
1389 180 1
2779 180 1
3471 180 1
3406 180 1
3468 180 1
7 180 1
3556 180 1
3728 180 1
2918 180 1
1262 180 1
2491 180 1
1114 180 1
2141 180 1
2221 180 1
3300 180 1
373 180 1
2597 180 1
1825 180 1
1169 180 1
2014 180 1
1917 180 1
69 180 1
3443 180 1
1719 180 1
2773 180 1
2950 180 1
3503 180 1
1612 180 1
2439 180 1
2012 180 1
493 180 1
38 180 1
3285 180 1
1545 180 1
3686 180 1
2254 180 1
1240 180 1
2497 180 1
1223 180 1
1954 180 1
3501 180 1
3345 180 1
3095 181 1
588 181 1
3801 181 1
3831 181 1
3473 181 1
822 181 1
1495 181 1
3299 181 1
2668 181 1
1812 181 1
3793 181 1
3688 181 1
1808 181 1
69 181 1
3400 181 1
1477 181 1
833 181 1
3004 181 1
3196 181 1
1930 181 1
2835 181 1
3253 181 1
1955 181 1
1479 181 1
3512 181 1
1194 181 1
458 181 1
2003 181 1
1526 181 1
2910 181 1
1387 181 1
2328 181 1
3445 181 1
2296 181 1
1880 181 1
1650 181 1
2378 181 1
318 181 1
3787 181 1
1762 181 1
3683 181 1
1297 181 1
3207 181 1
2140 181 1
3377 181 1
1005 181 1
165 181 1
1054 181 1
1152 181 1
1944 181 1
851 181 1
1848 181 1
984 181 1
533 181 1
2732 181 1
1360 181 1
886 181 1
3116 181 1
1470 181 1
382 181 1
1834 181 1
2898 181 1
1562 181 1
3220 181 1
3280 181 1
1533 181 1
587 181 1
3148 181 1
2029 181 1
577 181 1
663 181 1
3814 181 1
927 181 1
2595 181 1
1086 181 1
2488 181 1
2420 181 1
2244 181 1
1943 181 1
2600 181 1
1358 181 1
485 181 1
2051 181 1
1072 181 1
2897 181 1
670 181 1
1481 181 1
3538 181 1
415 181 1
2796 181 1
691 181 1
2771 181 1
3367 181 1
1170 181 1
3127 181 1
1196 181 1
1472 181 1
329 181 1
2197 181 1
2944 181 1
1457 181 1
3162 181 1
1072 181 1
420 181 1
1742 181 1
2245 181 1
764 181 1
2897 181 1
182 181 1
1081 181 1
2182 181 1
2077 181 1
1285 181 1
2048 181 1
2725 181 1
3155 181 1
1295 181 1
366 181 1
784 181 1
2544 181 1
1175 181 1
3246 181 1
260 181 1
1969 181 1
3632 181 1
1370 181 1
3816 181 1
657 181 1
2367 181 1
2684 181 1
1860 181 1
1431 181 1
1888 181 1
5 181 1
224 181 1
3141 181 1
511 181 1
1055 181 1
2888 181 1
1075 181 1
1930 181 1
1877 181 1
2124 181 1
30 181 1
1221 181 1
447 181 1
1303 181 1
2916 181 1
2173 181 1
1906 181 1
215 181 1
3635 181 1
3647 181 1
3818 181 1
530 181 1
1411 181 1
3252 181 1
670 181 1
3087 181 1
225 181 1
1699 181 1
1327 181 1
168 181 1
3760 181 1
3734 181 1
1245 181 1
169 181 1
2113 181 1
3103 181 1
3081 181 1
431 181 1
3484 181 1
1307 181 1
3437 181 1
2359 181 1
231 181 1
2338 181 1
44 181 1
890 181 1
1993 181 1
1836 181 1
710 181 1
3162 181 1
300 181 1
1036 181 1
1562 181 1
2707 181 1
883 181 1
3033 181 1
3370 181 1
597 181 1
676 181 1
719 181 1
2574 181 1
2736 181 1
2643 181 1
2462 181 1
1172 181 1
21 181 1
2913 181 1
1383 181 1
1375 181 1
3197 181 1
577 181 1
2020 181 1
2610 181 1
1972 181 1
420 181 1
1345 181 1
2244 181 1
2185 181 1
1931 181 1
2429 181 1
2294 181 1
1178 181 1
1998 181 1
449 181 1
267 181 1
2241 181 1
2517 181 1
173 181 1
1852 181 1
1175 181 1
3575 181 1
1756 181 1
1289 181 1
3081 181 1
1774 181 1
872 181 1
629 181 1
1002 181 1
3769 181 1
39 181 1
3285 181 1
2867 181 1
3831 181 1
295 181 1
570 181 1
2604 181 1
3584 181 1
3464 181 1
1215 181 1
2058 181 1
662 181 1
2989 181 1
1251 181 1
3346 181 1
2253 181 1
755 181 1
2022 181 1
3788 181 1
3783 181 1
1976 181 1
1267 181 1
2136 181 1
2615 181 1
2717 181 1
2687 181 1
3410 181 1
2201 181 1
1198 181 1
2875 181 1
3813 181 1
3700 181 1
2516 181 1
1244 181 1
204 181 1
3218 181 1
3085 181 1
2008 181 1
1456 181 1
3130 181 1
483 181 1
3236 181 1
750 181 1
2262 181 1
2374 181 1
689 181 1
1531 181 1
560 181 1
2257 181 1
2754 181 1
2308 181 1
1911 181 1
2441 181 1
3465 181 1
362 181 1
3583 181 1
2631 181 1
2318 181 1
1941 181 1
1024 181 1
2113 181 1
1218 181 1
2754 181 1
2402 181 1
374 181 1
2187 181 1
1052 181 1
1760 181 1
12 181 1
2579 181 1
2069 181 1
3143 181 1
1582 181 1
129 181 1
1356 181 1
3116 181 1
263 181 1
2662 181 1
56 181 1
2528 181 1
256 181 1
1628 181 1
28 181 1
607 181 1
556 181 1
1483 181 1
829 181 1
2296 181 1
2216 181 1
1038 181 1
3656 181 1
2170 181 1
2135 181 1
2394 181 1
1387 181 1
89 181 1
3407 181 1
1523 181 1
635 181 1
170 181 1
3109 181 1
2920 181 1
1911 181 1
2646 181 1
3564 181 1
411 181 1
552 181 1
563 181 1
70 181 1
1725 181 1
904 181 1
3531 181 1
554 181 1
676 182 1
815 182 1
3616 182 1
1862 182 1
3457 182 1
85 182 1
1703 182 1
1806 182 1
3787 182 1
1867 182 1
2545 182 1
1879 182 1
955 182 1
1730 182 1
2052 182 1
3707 182 1
2763 182 1
1814 182 1
1316 182 1
1144 182 1
3599 182 1
829 182 1
2322 182 1
3188 182 1
1423 182 1
2008 182 1
721 182 1
2131 182 1
2483 182 1
1682 182 1
383 182 1
1279 182 1
2219 182 1
3065 182 1
48 182 1
2145 182 1
3671 182 1
3571 182 1
3430 182 1
3489 182 1
3416 182 1
2333 182 1
2080 182 1
2001 182 1
3343 182 1
3267 182 1
864 182 1
2348 182 1
1846 182 1
1819 182 1
2706 182 1
3326 182 1
1182 182 1
2418 182 1
3429 182 1
541 182 1
3704 182 1
472 182 1
1718 182 1
1003 182 1
1251 182 1
139 182 1
1641 182 1
1806 182 1
911 182 1
2827 182 1
2984 182 1
682 182 1
2308 182 1
2300 182 1
3520 182 1
1562 182 1
733 182 1
2136 182 1
1601 182 1
2735 182 1
3094 182 1
2231 182 1
2359 182 1
2559 182 1
470 182 1
211 182 1
2259 182 1
2746 182 1
3199 182 1
3857 182 1
2381 182 1
1926 182 1
3556 182 1
3334 182 1
739 182 1
392 182 1
2287 182 1
3770 182 1
2010 182 1
3563 182 1
1631 182 1
443 182 1
1394 182 1
2742 182 1
776 182 1
1189 182 1
2770 182 1
1606 182 1
2846 182 1
355 182 1
2063 182 1
2273 182 1
2288 182 1
2042 182 1
740 182 1
1731 182 1
2323 182 1
3410 182 1
77 182 1
3538 182 1
3112 182 1
2869 182 1
537 182 1
1858 182 1
3056 182 1
1604 182 1
495 182 1
2412 182 1
2420 182 1
121 182 1
1509 182 1
3084 182 1
763 182 1
746 182 1
2161 182 1
831 182 1
463 182 1
2790 182 1
3767 182 1
3829 182 1
89 182 1
3432 182 1
1688 182 1
2375 182 1
345 182 1
2170 182 1
2781 182 1
3299 182 1
1649 182 1
787 182 1
3006 182 1
776 182 1
204 182 1
3214 182 1
2063 182 1
2390 182 1
509 182 1
1517 182 1
3193 182 1
1375 182 1
996 182 1
3425 182 1
584 182 1
134 182 1
891 182 1
2258 182 1
2136 182 1
98 182 1
3751 182 1
2224 182 1
182 182 1
3464 182 1
1461 182 1
3159 182 1
1805 182 1
1315 182 1
1530 182 1
1251 182 1
3778 182 1
3084 182 1
3406 182 1
3650 182 1
2135 182 1
3553 182 1
115 182 1
2246 182 1
2350 182 1
365 182 1
1767 182 1
607 182 1
3014 182 1
2042 182 1
3628 182 1
2737 182 1
2225 182 1
1506 182 1
1171 182 1
3799 182 1
2907 182 1
816 182 1
2368 182 1
3419 182 1
2338 182 1
3776 182 1
1740 182 1
2700 182 1
661 182 1
3707 182 1
122 182 1
2054 182 1
2338 182 1
3581 182 1
3511 182 1
808 182 1
391 182 1
1494 182 1
1096 182 1
2326 182 1
756 182 1
3429 182 1
365 182 1
3827 182 1
1169 182 1
3460 182 1
2212 182 1
2545 182 1
2027 182 1
2441 182 1
3370 182 1
2220 182 1
1550 182 1
3654 182 1
1281 182 1
662 182 1
1703 182 1
2499 182 1
2490 182 1
1277 182 1
749 182 1
2065 182 1
2307 182 1
1865 182 1
844 182 1
3144 182 1
3528 182 1
1134 182 1
3761 182 1
3666 182 1
3453 182 1
2994 182 1
907 182 1
2623 182 1
2589 182 1
1826 182 1
881 182 1
744 182 1
849 182 1
190 182 1
3148 182 1
3556 182 1
1885 182 1
2520 182 1
3754 182 1
221 182 1
3658 182 1
292 182 1
66 182 1
1577 182 1
1911 182 1
2695 182 1
3540 182 1
2319 182 1
2288 182 1
539 182 1
195 182 1
3233 182 1
3562 182 1
3682 182 1
3561 182 1
965 182 1
780 182 1
2218 182 1
3599 182 1
1180 182 1
377 182 1
288 182 1
2090 182 1
3551 182 1
1743 182 1
983 182 1
3568 182 1
3839 182 1
2775 182 1
1919 182 1
415 182 1
3811 182 1
2734 182 1
3552 182 1
1497 182 1
274 182 1
2055 182 1
1275 182 1
680 182 1
2368 182 1
1985 182 1
32 182 1
323 182 1
2568 182 1
2233 182 1
2345 182 1
852 182 1
3474 182 1
1866 182 1
2027 182 1
749 182 1
1479 182 1
1078 182 1
1352 182 1
1890 182 1
1085 182 1
1556 182 1
317 182 1
2896 182 1
2868 182 1
36 182 1
2948 182 1
1730 182 1
3387 182 1
48 182 1
3577 182 1
2378 182 1
596 182 1
3216 182 1
3173 182 1
2317 182 1
2467 182 1
2360 182 1
2050 182 1
1286 182 1
3359 182 1
3433 182 1
2286 182 1
3241 182 1
2308 182 1
2199 182 1
1213 182 1
425 182 1
3840 182 1
3000 182 1
2310 183 1
1319 183 1
3658 183 1
2829 183 1
1129 183 1
3645 183 1
1871 183 1
1938 183 1
2151 183 1
1103 183 1
3768 183 1
273 183 1
1982 183 1
2848 183 1
3322 183 1
2602 183 1
2322 183 1
21 183 1
3139 183 1
1322 183 1
740 183 1
2549 183 1
2148 183 1
805 183 1
3297 183 1
2470 183 1
1210 183 1
1236 183 1
3553 183 1
3491 183 1
3687 183 1
2514 183 1
3413 183 1
1026 183 1
3526 183 1
1922 183 1
2869 183 1
2968 183 1
381 183 1
610 183 1
1939 183 1
149 183 1
659 183 1
1223 183 1
3256 183 1
2257 183 1
3750 183 1
2950 183 1
2041 183 1
1816 183 1
3229 183 1
2857 183 1
2819 183 1
402 183 1
2971 183 1
385 183 1
1843 183 1
1299 183 1
271 183 1
440 183 1
2201 183 1
2233 183 1
876 183 1
1814 183 1
193 183 1
2899 183 1
645 183 1
3470 183 1
2995 183 1
1466 183 1
322 183 1
1658 183 1
3023 183 1
2241 183 1
2946 183 1
2095 183 1
1003 183 1
796 183 1
1703 183 1
3176 183 1
36 183 1
3585 183 1
3524 183 1
2395 183 1
3040 183 1
1653 183 1
3308 183 1
1746 183 1
2302 183 1
1577 183 1
3266 183 1
1176 183 1
1805 183 1
2036 183 1
1159 183 1
1253 183 1
1245 183 1
3755 183 1
2863 183 1
806 183 1
2234 183 1
2966 183 1
269 183 1
2911 183 1
1928 183 1
2120 183 1
3611 183 1
1366 183 1
1737 183 1
1555 183 1
2577 183 1
2361 183 1
2423 183 1
1004 183 1
3064 183 1
240 183 1
1129 183 1
936 183 1
2399 183 1
2506 183 1
1183 183 1
3017 183 1
3538 183 1
1825 183 1
2797 183 1
3215 183 1
217 183 1
536 183 1
535 183 1
1573 183 1
339 183 1
2030 183 1
1254 183 1
3077 183 1
2138 183 1
2478 183 1
1360 183 1
637 183 1
3173 183 1
3014 183 1
17 183 1
2384 183 1
576 183 1
798 183 1
1381 183 1
1728 183 1
2215 183 1
3006 183 1
2627 183 1
1526 183 1
2015 183 1
1581 183 1
3835 183 1
524 183 1
184 183 1
287 183 1
927 183 1
735 183 1
1365 183 1
1231 183 1
2617 183 1
1061 183 1
395 183 1
414 183 1
3273 183 1
2300 183 1
2101 183 1
1243 183 1
3741 183 1
2370 183 1
2281 183 1
702 183 1
3603 183 1
2208 183 1
555 183 1
1045 183 1
111 183 1
3389 183 1
2856 183 1
2099 183 1
1146 183 1
2666 183 1
2855 183 1
2306 183 1
2768 183 1
271 183 1
2077 183 1
3783 183 1
297 183 1
3106 183 1
997 183 1
519 183 1
2875 183 1
1855 183 1
1317 183 1
3198 183 1
3197 183 1
497 183 1
3675 183 1
1075 183 1
2918 183 1
604 183 1
2985 183 1
978 183 1
3584 183 1
500 183 1
1713 183 1
1948 183 1
2733 183 1
1575 183 1
1663 183 1
498 183 1
2859 183 1
2959 183 1
688 183 1
2774 183 1
328 183 1
176 183 1
1188 183 1
2399 183 1
3154 183 1
1315 183 1
1412 183 1
2124 183 1
2369 183 1
3192 183 1
2846 183 1
1109 183 1
3084 183 1
1326 183 1
1197 183 1
1107 183 1
3048 183 1
1946 183 1
1009 183 1
337 183 1
3365 183 1
2297 183 1
3639 183 1
2955 183 1
255 183 1
1345 183 1
292 183 1
917 183 1
618 183 1
2329 183 1
1327 183 1
1855 183 1
2757 183 1
3063 183 1
2161 183 1
1474 183 1
3442 183 1
3578 183 1
1187 183 1
765 183 1
2815 183 1
2950 183 1
486 183 1
2301 183 1
346 183 1
3035 183 1
2798 183 1
2835 183 1
1520 183 1
2300 183 1
3728 183 1
3108 183 1
1846 183 1
443 183 1
1694 183 1
709 183 1
2180 183 1
3255 183 1
3046 183 1
2037 183 1
2717 183 1
2119 183 1
2059 183 1
1943 183 1
705 183 1
952 183 1
2001 183 1
150 183 1
1768 183 1
3301 183 1
1626 183 1
2997 183 1
550 183 1
2541 183 1
459 183 1
2731 183 1
3228 183 1
3440 183 1
3440 183 1
1541 183 1
1414 183 1
184 183 1
518 183 1
420 183 1
299 183 1
3692 183 1
1895 183 1
2350 183 1
750 183 1
2554 183 1
169 183 1
15 183 1
936 183 1
3303 183 1
796 183 1
775 183 1
3331 183 1
2305 183 1
2397 183 1
2375 183 1
3140 183 1
2358 183 1
1876 183 1
256 183 1
256 183 1
2723 183 1
3472 183 1
2782 183 1
1845 183 1
152 183 1
30 183 1
2386 183 1
3844 183 1
1620 183 1
3819 183 1
179 183 1
1894 183 1
166 183 1
837 183 1
1972 183 1
3431 183 1
1043 183 1
522 183 1
3691 183 1
314 183 1
464 183 1
3029 183 1
1245 183 1
1021 183 1
3658 184 1
232 184 1
3457 184 1
422 184 1
1602 184 1
610 184 1
857 184 1
169 184 1
2128 184 1
138 184 1
2791 184 1
1894 184 1
758 184 1
3419 184 1
2920 184 1
2446 184 1
2403 184 1
3339 184 1
3463 184 1
2523 184 1
3177 184 1
3411 184 1
2929 184 1
2800 184 1
3121 184 1
1995 184 1
3723 184 1
3088 184 1
3049 184 1
2706 184 1
2113 184 1
2500 184 1
3568 184 1
3162 184 1
2109 184 1
2026 184 1
3300 184 1
234 184 1
2271 184 1
3653 184 1
2990 184 1
1275 184 1
1737 184 1
1635 184 1
2482 184 1
1924 184 1
1444 184 1
58 184 1
351 184 1
736 184 1
817 184 1
418 184 1
1885 184 1
3356 184 1
2964 184 1
2668 184 1
2775 184 1
3779 184 1
1981 184 1
1019 184 1
435 184 1
3125 184 1
2689 184 1
2791 184 1
2526 184 1
3721 184 1
49 184 1
1546 184 1
1279 184 1
1894 184 1
3252 184 1
322 184 1
1343 184 1
419 184 1
790 184 1
1011 184 1
1737 184 1
694 184 1
2090 184 1
1198 184 1
3643 184 1
3435 184 1
1300 184 1
1138 184 1
3429 184 1
1856 184 1
735 184 1
2058 184 1
3089 184 1
871 184 1
786 184 1
588 184 1
323 184 1
12 184 1
2242 184 1
799 184 1
2516 184 1
1313 184 1
1053 184 1
3851 184 1
1476 184 1
1654 184 1
2430 184 1
209 184 1
3051 184 1
3162 184 1
1682 184 1
382 184 1
553 184 1
3721 184 1
3041 184 1
3586 184 1
588 184 1
762 184 1
1782 184 1
3667 184 1
2115 184 1
255 184 1
644 184 1
3772 184 1
2253 184 1
1720 184 1
1044 184 1
3408 184 1
1781 184 1
1576 184 1
3512 184 1
1171 184 1
2745 184 1
2181 184 1
923 184 1
3737 184 1
2161 184 1
664 184 1
1611 184 1
2455 184 1
383 184 1
3041 184 1
662 184 1
2231 184 1
1484 184 1
1206 184 1
1180 184 1
2689 184 1
3184 184 1
3493 184 1
1012 184 1
852 184 1
1712 184 1
3457 184 1
1839 184 1
1735 184 1
2647 184 1
1410 184 1
3389 184 1
808 184 1
880 184 1
1303 184 1
1994 184 1
3095 184 1
3475 184 1
647 184 1
2265 184 1
2519 184 1
3424 184 1
1853 184 1
3299 184 1
702 184 1
1812 184 1
5 184 1
1740 184 1
3674 184 1
1309 184 1
2865 184 1
2737 184 1
2509 184 1
1648 184 1
2024 184 1
1863 184 1
774 184 1
3019 184 1
3299 184 1
3621 184 1
1950 184 1
3776 184 1
210 184 1
326 184 1
357 184 1
2556 184 1
2566 184 1
3012 184 1
1726 184 1
1252 184 1
2076 184 1
3576 184 1
2341 184 1
1819 184 1
1440 184 1
2594 184 1
78 184 1
294 184 1
37 184 1
1441 184 1
1592 184 1
662 184 1
682 184 1
2472 184 1
461 184 1
2198 184 1
3811 184 1
3069 184 1
1187 184 1
2306 184 1
3354 184 1
942 184 1
1206 184 1
995 184 1
1621 184 1
2547 184 1
189 184 1
2545 184 1
2949 184 1
1656 184 1
3483 184 1
268 184 1
2343 184 1
2455 184 1
2345 184 1
1783 184 1
2454 184 1
2123 184 1
3609 184 1
2006 184 1
3645 184 1
1720 184 1
40 184 1
884 184 1
3745 184 1
788 184 1
2744 184 1
2380 184 1
2824 184 1
3557 184 1
1475 184 1
1336 184 1
2852 184 1
1342 184 1
741 184 1
2675 184 1
1050 184 1
2020 184 1
458 184 1
187 184 1
2499 184 1
3257 184 1
3103 184 1
1610 184 1
1796 184 1
1628 184 1
36 184 1
1502 184 1
2810 184 1
1379 184 1
1375 184 1
3118 184 1
1030 184 1
2806 184 1
575 184 1
1284 184 1
2448 184 1
355 184 1
913 184 1
3377 184 1
1481 184 1
3603 184 1
1899 184 1
1817 184 1
1412 184 1
7 184 1
1182 184 1
278 184 1
3233 184 1
1174 184 1
655 184 1
2263 184 1
3125 184 1
352 184 1
2679 184 1
787 184 1
295 184 1
276 184 1
3600 184 1
986 184 1
2736 184 1
1542 184 1
2191 184 1
3703 184 1
2906 184 1
1979 184 1
3108 184 1
994 184 1
1054 184 1
2295 184 1
27 184 1
2808 184 1
2226 184 1
126 184 1
1886 184 1
831 184 1
594 184 1
288 184 1
3745 184 1
779 184 1
250 184 1
1254 184 1
1079 184 1
198 184 1
1556 184 1
1156 184 1
2984 184 1
2527 184 1
1359 184 1
643 184 1
3760 184 1
1898 184 1
2069 184 1
3501 184 1
1295 184 1
3558 184 1
326 184 1
345 184 1
1791 184 1
434 184 1
2896 184 1
3574 184 1
2659 184 1
196 184 1
3642 184 1
2385 184 1
264 184 1
1443 184 1
3770 184 1
1239 184 1
3488 184 1
3334 184 1
1599 185 1
3369 185 1
601 185 1
2946 185 1
3634 185 1
1886 185 1
3816 185 1
1211 185 1
3726 185 1
2548 185 1
1064 185 1
2025 185 1
2420 185 1
1282 185 1
3356 185 1
1858 185 1
359 185 1
60 185 1
2483 185 1
1728 185 1
490 185 1
1452 185 1
3198 185 1
3587 185 1
186 185 1
985 185 1
3726 185 1
1507 185 1
2974 185 1
447 185 1
1772 185 1
222 185 1
141 185 1
1543 185 1
1564 185 1
217 185 1
3261 185 1
3171 185 1
3364 185 1
3594 185 1
2243 185 1
2313 185 1
101 185 1
1482 185 1
276 185 1
333 185 1
3729 185 1
2582 185 1
3491 185 1
835 185 1
2068 185 1
3169 185 1
2491 185 1
33 185 1
2154 185 1
2411 185 1
2875 185 1
3669 185 1
731 185 1
287 185 1
928 185 1
1339 185 1
1959 185 1
3046 185 1
387 185 1
3066 185 1
2831 185 1
183 185 1
2280 185 1
341 185 1
2295 185 1
2621 185 1
76 185 1
2465 185 1
1243 185 1
3172 185 1
2168 185 1
1684 185 1
2598 185 1
3569 185 1
2765 185 1
3486 185 1
3527 185 1
102 185 1
3838 185 1
1496 185 1
3180 185 1
2379 185 1
2074 185 1
1436 185 1
3193 185 1
3065 185 1
3495 185 1
3183 185 1
705 185 1
2062 185 1
970 185 1
218 185 1
3789 185 1
775 185 1
265 185 1
488 185 1
1764 185 1
3031 185 1
1786 185 1
470 185 1
2611 185 1
949 185 1
2569 185 1
1956 185 1
2645 185 1
1681 185 1
19 185 1
829 185 1
518 185 1
1556 185 1
1425 185 1
3187 185 1
3089 185 1
1307 185 1
1126 185 1
629 185 1
1377 185 1
2966 185 1
1729 185 1
169 185 1
3803 185 1
1788 185 1
3706 185 1
1506 185 1
1120 185 1
1044 185 1
1215 185 1
1206 185 1
49 185 1
1647 185 1
1238 185 1
534 185 1
1209 185 1
710 185 1
1001 185 1
2923 185 1
491 185 1
2267 185 1
1508 185 1
3745 185 1
1291 185 1
3583 185 1
2362 185 1
335 185 1
2765 185 1
3499 185 1
961 185 1
1784 185 1
2658 185 1
3004 185 1
2426 185 1
2728 185 1
3198 185 1
1486 185 1
2284 185 1
1355 185 1
2938 185 1
69 185 1
1531 185 1
1243 185 1
1145 185 1
859 185 1
2817 185 1
2381 185 1
1664 185 1
722 185 1
3476 185 1
2936 185 1
3518 185 1
3086 185 1
376 185 1
2451 185 1
2615 185 1
111 185 1
1114 185 1
3383 185 1
1069 185 1
1492 185 1
82 185 1
111 185 1
2322 185 1
779 185 1
999 185 1
1859 185 1
1040 185 1
2274 185 1
887 185 1
3808 185 1
237 185 1
1889 185 1
740 185 1
2345 185 1
1368 185 1
2940 185 1
1221 185 1
2430 185 1
1895 185 1
2504 185 1
2371 185 1
3534 185 1
3086 185 1
1651 185 1
344 185 1
1629 185 1
457 185 1
990 185 1
811 185 1
962 185 1
595 185 1
993 185 1
2061 185 1
223 185 1
1862 185 1
2661 185 1
428 185 1
25 185 1
34 185 1
1675 185 1
3072 185 1
2300 185 1
141 185 1
2402 185 1
1997 185 1
2939 185 1
2501 185 1
3230 185 1
586 185 1
332 185 1
1475 185 1
2543 185 1
2538 185 1
3646 185 1
3148 185 1
1431 185 1
2824 185 1
3081 185 1
1008 185 1
3767 185 1
701 185 1
1872 185 1
129 185 1
349 185 1
2774 185 1
3401 185 1
2148 185 1
3156 185 1
778 185 1
3429 185 1
3210 185 1
1838 185 1
1808 185 1
2501 185 1
2640 185 1
2687 185 1
452 185 1
218 185 1
2038 185 1
3122 185 1
3538 185 1
1918 185 1
3014 185 1
3565 185 1
27 185 1
79 185 1
3455 185 1
2431 185 1
3233 185 1
916 185 1
45 185 1
2664 185 1
1561 185 1
611 185 1
2152 185 1
166 185 1
605 185 1
2753 185 1
1709 185 1
1160 185 1
3011 185 1
662 185 1
468 185 1
2454 185 1
871 185 1
2484 185 1
1267 185 1
3376 185 1
3093 185 1
2227 185 1
1946 185 1
912 185 1
2865 185 1
2427 185 1
3300 185 1
1496 185 1
1940 185 1
198 185 1
3497 185 1
808 185 1
3217 185 1
1117 185 1
2707 185 1
453 185 1
881 185 1
2152 185 1
1240 185 1
3844 185 1
1743 185 1
1097 185 1
993 185 1
1946 185 1
1984 185 1
3227 185 1
623 185 1
3350 185 1
2275 185 1
875 185 1
2095 185 1
3677 185 1
220 185 1
3204 185 1
2617 185 1
560 185 1
2362 185 1
3153 185 1
2231 185 1
2455 185 1
1627 185 1
3827 185 1
1030 185 1
1699 185 1
915 185 1
3576 185 1
3006 185 1
1398 185 1
585 185 1
2852 185 1
3152 185 1
2681 185 1
3642 185 1
1288 186 1
1115 186 1
3031 186 1
3523 186 1
1788 186 1
47 186 1
2015 186 1
3008 186 1
3656 186 1
867 186 1
2963 186 1
1136 186 1
1370 186 1
3546 186 1
804 186 1
411 186 1
2802 186 1
2412 186 1
1393 186 1
3745 186 1
1431 186 1
2991 186 1
614 186 1
3037 186 1
1706 186 1
793 186 1
482 186 1
1650 186 1
1321 186 1
250 186 1
1171 186 1
736 186 1
3521 186 1
3419 186 1
3608 186 1
3631 186 1
1686 186 1
2533 186 1
3145 186 1
138 186 1
2950 186 1
392 186 1
2240 186 1
1350 186 1
2574 186 1
2461 186 1
2562 186 1
3193 186 1
1289 186 1
3584 186 1
1423 186 1
1070 186 1
604 186 1
1698 186 1
2240 186 1
1936 186 1
1256 186 1
2398 186 1
2070 186 1
3680 186 1
86 186 1
987 186 1
3685 186 1
1250 186 1
1003 186 1
148 186 1
2837 186 1
2715 186 1
1192 186 1
2094 186 1
2705 186 1
366 186 1
905 186 1
443 186 1
3044 186 1
2548 186 1
3314 186 1
3854 186 1
767 186 1
1528 186 1
276 186 1
80 186 1
837 186 1
1138 186 1
2470 186 1
611 186 1
117 186 1
665 186 1
1896 186 1
3323 186 1
286 186 1
316 186 1
3503 186 1
3195 186 1
1946 186 1
1626 186 1
797 186 1
1682 186 1
1938 186 1
839 186 1
3605 186 1
1271 186 1
2988 186 1
2814 186 1
1129 186 1
421 186 1
1324 186 1
1661 186 1
3360 186 1
230 186 1
2666 186 1
1334 186 1
2567 186 1
1990 186 1
1445 186 1
2604 186 1
559 186 1
1166 186 1
1090 186 1
1572 186 1
1601 186 1
195 186 1
2737 186 1
1826 186 1
2524 186 1
867 186 1
646 186 1
3720 186 1
1097 186 1
3696 186 1
613 186 1
863 186 1
3555 186 1
2508 186 1
2011 186 1
426 186 1
778 186 1
679 186 1
701 186 1
3217 186 1
1203 186 1
2621 186 1
2557 186 1
579 186 1
769 186 1
1109 186 1
3349 186 1
1575 186 1
26 186 1
1657 186 1
828 186 1
2885 186 1
2425 186 1
2430 186 1
2377 186 1
1960 186 1
1702 186 1
1465 186 1
3059 186 1
2234 186 1
1666 186 1
1420 186 1
3371 186 1
1457 186 1
1386 186 1
2546 186 1
1227 186 1
2557 186 1
1010 186 1
3569 186 1
2668 186 1
1728 186 1
757 186 1
2248 186 1
183 186 1
2787 186 1
2886 186 1
2852 186 1
2259 186 1
370 186 1
2837 186 1
3660 186 1
74 186 1
938 186 1
1988 186 1
2395 186 1
769 186 1
3814 186 1
2533 186 1
1637 186 1
3483 186 1
2212 186 1
1526 186 1
619 186 1
2644 186 1
1404 186 1
2282 186 1
1903 186 1
3283 186 1
3629 186 1
2848 186 1
3055 186 1
3205 186 1
2054 186 1
2551 186 1
2424 186 1
1143 186 1
3185 186 1
1444 186 1
3834 186 1
1617 186 1
3082 186 1
819 186 1
1340 186 1
416 186 1
3739 186 1
2377 186 1
1336 186 1
88 186 1
1030 186 1
197 186 1
207 186 1
552 186 1
2802 186 1
3696 186 1
2237 186 1
86 186 1
2798 186 1
292 186 1
2832 186 1
1397 186 1
1527 186 1
1323 186 1
3236 186 1
1160 186 1
1770 186 1
1828 186 1
3490 186 1
1095 186 1
1701 186 1
895 186 1
1792 186 1
2997 186 1
2265 186 1
207 186 1
1774 186 1
1683 186 1
2717 186 1
3439 186 1
2811 186 1
775 186 1
453 186 1
1496 186 1
2051 186 1
1835 186 1
239 186 1
1964 186 1
3589 186 1
2517 186 1
3474 186 1
898 186 1
2782 186 1
3544 186 1
964 186 1
3034 186 1
550 186 1
3803 186 1
477 186 1
779 186 1
2052 186 1
1919 186 1
2154 186 1
2014 186 1
1452 186 1
597 186 1
3050 186 1
2802 186 1
3197 186 1
2854 186 1
1483 186 1
3411 186 1
3739 186 1
141 186 1
150 186 1
3100 186 1
1141 186 1
119 186 1
466 186 1
617 186 1
3058 186 1
1943 186 1
2919 186 1
20 186 1
2023 186 1
3034 186 1
348 186 1
2606 186 1
1398 186 1
181 186 1
423 186 1
2887 186 1
2033 186 1
485 186 1
3200 186 1
3203 186 1
2801 186 1
196 186 1
1074 186 1
3641 186 1
3804 186 1
2949 186 1
2625 186 1
902 186 1
1177 186 1
2041 186 1
460 186 1
2462 186 1
2995 186 1
3550 186 1
1113 186 1
2900 186 1
934 186 1
472 186 1
1450 186 1
160 186 1
2919 186 1
1990 186 1
1490 186 1
951 186 1
3284 186 1
1727 186 1
853 186 1
232 186 1
17 186 1
2055 186 1
1826 186 1
1666 186 1
816 186 1
3201 186 1
1503 186 1
3116 186 1
1963 186 1
2290 186 1
1977 186 1
3393 186 1
3711 187 1
393 187 1
1513 187 1
3322 187 1
2558 187 1
3627 187 1
817 187 1
2977 187 1
1646 187 1
1652 187 1
2 187 1
2546 187 1
3367 187 1
3102 187 1
2729 187 1
56 187 1
1150 187 1
2879 187 1
1624 187 1
475 187 1
830 187 1
3246 187 1
1718 187 1
3377 187 1
2544 187 1
782 187 1
1894 187 1
3335 187 1
2075 187 1
1925 187 1
641 187 1
2300 187 1
987 187 1
1080 187 1
1355 187 1
1882 187 1
3445 187 1
3429 187 1
219 187 1
1354 187 1
1722 187 1
3526 187 1
1285 187 1
3097 187 1
2933 187 1
2574 187 1
3427 187 1
1112 187 1
1997 187 1
1147 187 1
395 187 1
2688 187 1
2845 187 1
1373 187 1
209 187 1
661 187 1
608 187 1
1862 187 1
2738 187 1
3343 187 1
3234 187 1
3666 187 1
1247 187 1
3033 187 1
2852 187 1
1185 187 1
1358 187 1
382 187 1
186 187 1
3010 187 1
1041 187 1
3381 187 1
1436 187 1
1114 187 1
2892 187 1
1146 187 1
470 187 1
1010 187 1
1798 187 1
2756 187 1
2297 187 1
3493 187 1
958 187 1
1224 187 1
1115 187 1
694 187 1
3278 187 1
370 187 1
1120 187 1
3744 187 1
2647 187 1
2029 187 1
289 187 1
614 187 1
2908 187 1
1610 187 1
2424 187 1
943 187 1
2779 187 1
2923 187 1
2710 187 1
1667 187 1
3032 187 1
2668 187 1
2013 187 1
2112 187 1
3030 187 1
797 187 1
1705 187 1
3264 187 1
3491 187 1
299 187 1
3053 187 1
2072 187 1
162 187 1
3387 187 1
2384 187 1
2687 187 1
3598 187 1
548 187 1
1772 187 1
1466 187 1
1836 187 1
2730 187 1
1355 187 1
3716 187 1
3608 187 1
2225 187 1
3130 187 1
833 187 1
3267 187 1
3332 187 1
2493 187 1
325 187 1
1027 187 1
2464 187 1
3023 187 1
720 187 1
1650 187 1
1351 187 1
3713 187 1
634 187 1
1499 187 1
2994 187 1
2744 187 1
1255 187 1
3852 187 1
1807 187 1
3223 187 1
2055 187 1
3650 187 1
681 187 1
3133 187 1
1840 187 1
100 187 1
645 187 1
2717 187 1
1191 187 1
2268 187 1
1557 187 1
2875 187 1
3010 187 1
443 187 1
1010 187 1
2682 187 1
3173 187 1
3699 187 1
2419 187 1
1122 187 1
2777 187 1
1930 187 1
2314 187 1
3509 187 1
1458 187 1
2252 187 1
67 187 1
620 187 1
3715 187 1
2986 187 1
40 187 1
1431 187 1
2931 187 1
124 187 1
3348 187 1
376 187 1
3320 187 1
2501 187 1
1475 187 1
493 187 1
940 187 1
793 187 1
2642 187 1
196 187 1
1788 187 1
1186 187 1
1069 187 1
11 187 1
1425 187 1
3535 187 1
2787 187 1
3215 187 1
1566 187 1
732 187 1
413 187 1
3564 187 1
1281 187 1
3118 187 1
102 187 1
2664 187 1
3224 187 1
976 187 1
876 187 1
2669 187 1
3190 187 1
2884 187 1
2335 187 1
3701 187 1
2178 187 1
1133 187 1
1975 187 1
345 187 1
2474 187 1
108 187 1
2302 187 1
822 187 1
1137 187 1
2333 187 1
2572 187 1
3123 187 1
2956 187 1
2917 187 1
1773 187 1
1201 187 1
2557 187 1
2193 187 1
3076 187 1
908 187 1
1648 187 1
1936 187 1
2330 187 1
3806 187 1
2921 187 1
3302 187 1
733 187 1
2957 187 1
2510 187 1
2006 187 1
1049 187 1
177 187 1
431 187 1
1587 187 1
1817 187 1
327 187 1
3361 187 1
493 187 1
2459 187 1
39 187 1
2905 187 1
697 187 1
2500 187 1
3684 187 1
1041 187 1
883 187 1
2356 187 1
1462 187 1
539 187 1
826 187 1
321 187 1
3521 187 1
2010 187 1
2263 187 1
7 187 1
1101 187 1
2449 187 1
794 187 1
1546 187 1
459 187 1
824 187 1
1803 187 1
3029 187 1
1541 187 1
2861 187 1
341 187 1
2098 187 1
466 187 1
2314 187 1
1190 187 1
802 187 1
700 187 1
3023 187 1
774 187 1
3012 187 1
3417 187 1
421 187 1
2836 187 1
2550 187 1
742 187 1
2773 187 1
3624 187 1
3107 187 1
2343 187 1
3199 187 1
2157 187 1
1092 187 1
3576 187 1
1375 187 1
2148 187 1
75 187 1
2412 187 1
2742 187 1
3356 187 1
165 187 1
3436 187 1
921 187 1
1568 187 1
685 187 1
1768 187 1
2491 187 1
1930 187 1
3735 187 1
800 187 1
3092 187 1
1538 187 1
2388 187 1
747 187 1
1997 187 1
649 187 1
161 187 1
1056 187 1
682 187 1
1441 187 1
2730 187 1
3637 187 1
2146 187 1
3228 187 1
3739 187 1
803 187 1
1797 187 1
2660 187 1
2099 187 1
3719 187 1
1419 187 1
3404 187 1
227 187 1
3667 187 1
923 188 1
363 188 1
35 188 1
976 188 1
2686 188 1
939 188 1
2220 188 1
2903 188 1
807 188 1
2405 188 1
335 188 1
3385 188 1
738 188 1
984 188 1
788 188 1
2619 188 1
10 188 1
1004 188 1
353 188 1
2317 188 1
2013 188 1
3305 188 1
1107 188 1
1110 188 1
2502 188 1
2509 188 1
3624 188 1
3628 188 1
2606 188 1
155 188 1
259 188 1
111 188 1
2920 188 1
2342 188 1
3837 188 1
2280 188 1
1665 188 1
3068 188 1
3253 188 1
1332 188 1
1098 188 1
778 188 1
1940 188 1
1312 188 1
3028 188 1
1757 188 1
2005 188 1
2237 188 1
3825 188 1
2833 188 1
1900 188 1
356 188 1
1336 188 1
2942 188 1
1006 188 1
2466 188 1
331 188 1
627 188 1
3437 188 1
1181 188 1
1 188 1
913 188 1
1686 188 1
919 188 1
2082 188 1
814 188 1
3836 188 1
3177 188 1
3654 188 1
2748 188 1
2895 188 1
1423 188 1
2050 188 1
1249 188 1
3730 188 1
470 188 1
1765 188 1
236 188 1
2913 188 1
3041 188 1
650 188 1
1985 188 1
2110 188 1
1479 188 1
3147 188 1
3772 188 1
3745 188 1
3103 188 1
985 188 1
3478 188 1
1071 188 1
1771 188 1
11 188 1
2073 188 1
350 188 1
3215 188 1
3607 188 1
2618 188 1
1300 188 1
250 188 1
1949 188 1
786 188 1
1347 188 1
692 188 1
805 188 1
200 188 1
758 188 1
1228 188 1
427 188 1
471 188 1
1623 188 1
793 188 1
1030 188 1
439 188 1
486 188 1
1459 188 1
3647 188 1
3003 188 1
2559 188 1
274 188 1
3185 188 1
1766 188 1
643 188 1
3420 188 1
3617 188 1
1409 188 1
1877 188 1
3246 188 1
2219 188 1
3300 188 1
3106 188 1
2263 188 1
1373 188 1
1883 188 1
185 188 1
2146 188 1
2627 188 1
762 188 1
93 188 1
467 188 1
1612 188 1
882 188 1
1110 188 1
749 188 1
3190 188 1
62 188 1
3215 188 1
1973 188 1
511 188 1
1012 188 1
2927 188 1
975 188 1
1536 188 1
57 188 1
1624 188 1
1293 188 1
387 188 1
3624 188 1
1140 188 1
2505 188 1
1760 188 1
3509 188 1
2854 188 1
2617 188 1
765 188 1
3334 188 1
1432 188 1
1911 188 1
3557 188 1
1104 188 1
855 188 1
1283 188 1
1455 188 1
2146 188 1
365 188 1
2620 188 1
2330 188 1
1806 188 1
2944 188 1
1681 188 1
1891 188 1
1286 188 1
1531 188 1
2973 188 1
3135 188 1
2965 188 1
2348 188 1
2955 188 1
645 188 1
2108 188 1
958 188 1
953 188 1
2082 188 1
833 188 1
3295 188 1
273 188 1
3715 188 1
140 188 1
304 188 1
3117 188 1
3446 188 1
1364 188 1
1438 188 1
1723 188 1
2214 188 1
2631 188 1
342 188 1
1359 188 1
3734 188 1
785 188 1
234 188 1
1996 188 1
1828 188 1
2490 188 1
1476 188 1
3675 188 1
736 188 1
1684 188 1
211 188 1
2283 188 1
2088 188 1
3481 188 1
1902 188 1
2839 188 1
997 188 1
1816 188 1
552 188 1
3296 188 1
678 188 1
2878 188 1
2374 188 1
2740 188 1
340 188 1
2178 188 1
2127 188 1
1313 188 1
2968 188 1
3630 188 1
2516 188 1
3519 188 1
30 188 1
1544 188 1
2948 188 1
1358 188 1
3670 188 1
2310 188 1
2305 188 1
1819 188 1
1787 188 1
236 188 1
1755 188 1
3266 188 1
2326 188 1
1388 188 1
2907 188 1
2296 188 1
1427 188 1
3451 188 1
1678 188 1
1939 188 1
1304 188 1
756 188 1
2529 188 1
3483 188 1
1443 188 1
3286 188 1
3466 188 1
3600 188 1
495 188 1
3746 188 1
2677 188 1
3125 188 1
3622 188 1
3691 188 1
1623 188 1
2844 188 1
613 188 1
3320 188 1
288 188 1
933 188 1
1563 188 1
3164 188 1
436 188 1
2529 188 1
3348 188 1
2742 188 1
477 188 1
253 188 1
496 188 1
3094 188 1
1196 188 1
1750 188 1
96 188 1
323 188 1
999 188 1
2169 188 1
2746 188 1
1401 188 1
3300 188 1
153 188 1
60 188 1
2598 188 1
689 188 1
48 188 1
945 188 1
1774 188 1
2268 188 1
679 188 1
834 188 1
2146 188 1
3504 188 1
1478 188 1
1310 188 1
818 188 1
1560 188 1
1343 188 1
1365 188 1
3273 188 1
2344 188 1
2873 188 1
590 188 1
3370 188 1
379 188 1
692 188 1
2337 188 1
1702 188 1
2769 188 1
3127 188 1
109 188 1
1259 188 1
3313 188 1
2585 188 1
3793 188 1
647 188 1
2336 188 1
807 188 1
375 188 1
1119 188 1
260 188 1
3702 188 1
1722 188 1
3184 188 1
96 188 1
1539 188 1
2404 188 1
1335 189 1
638 189 1
2945 189 1
1755 189 1
1159 189 1
3851 189 1
2695 189 1
2331 189 1
3114 189 1
1298 189 1
1088 189 1
1288 189 1
1554 189 1
3293 189 1
2316 189 1
2803 189 1
2384 189 1
135 189 1
1804 189 1
2614 189 1
517 189 1
2326 189 1
1095 189 1
3437 189 1
2280 189 1
3074 189 1
2481 189 1
956 189 1
756 189 1
2510 189 1
2052 189 1
1274 189 1
2399 189 1
2043 189 1
913 189 1
3207 189 1
2771 189 1
868 189 1
2959 189 1
541 189 1
542 189 1
1417 189 1
1191 189 1
1807 189 1
3286 189 1
1430 189 1
2427 189 1
1544 189 1
3332 189 1
3127 189 1
2865 189 1
828 189 1
633 189 1
2441 189 1
3372 189 1
903 189 1
92 189 1
2065 189 1
579 189 1
421 189 1
168 189 1
1279 189 1
1999 189 1
3441 189 1
1234 189 1
3441 189 1
2620 189 1
3563 189 1
1850 189 1
1752 189 1
3645 189 1
2121 189 1
3507 189 1
2165 189 1
3451 189 1
67 189 1
1545 189 1
3196 189 1
1240 189 1
2729 189 1
1437 189 1
373 189 1
293 189 1
1577 189 1
1111 189 1
1176 189 1
29 189 1
2013 189 1
2918 189 1
1318 189 1
1631 189 1
2244 189 1
3473 189 1
588 189 1
681 189 1
1355 189 1
2398 189 1
2177 189 1
1517 189 1
3299 189 1
2796 189 1
918 189 1
3707 189 1
2527 189 1
317 189 1
47 189 1
1549 189 1
102 189 1
3243 189 1
2634 189 1
368 189 1
2329 189 1
1353 189 1
1835 189 1
930 189 1
1489 189 1
994 189 1
1600 189 1
952 189 1
2546 189 1
412 189 1
1067 189 1
3164 189 1
3013 189 1
3807 189 1
3530 189 1
3816 189 1
482 189 1
2586 189 1
1387 189 1
1462 189 1
3068 189 1
3124 189 1
3155 189 1
1705 189 1
614 189 1
1401 189 1
84 189 1
2921 189 1
3793 189 1
155 189 1
922 189 1
1211 189 1
2632 189 1
2810 189 1
1393 189 1
1902 189 1
3000 189 1
992 189 1
3728 189 1
2505 189 1
2477 189 1
3037 189 1
264 189 1
170 189 1
2908 189 1
3489 189 1
1524 189 1
1977 189 1
3623 189 1
1156 189 1
894 189 1
171 189 1
2948 189 1
763 189 1
1309 189 1
1196 189 1
1079 189 1
1474 189 1
1704 189 1
3281 189 1
3251 189 1
369 189 1
438 189 1
3116 189 1
2581 189 1
2222 189 1
605 189 1
891 189 1
91 189 1
2734 189 1
1160 189 1
1823 189 1
2522 189 1
3256 189 1
1980 189 1
2546 189 1
330 189 1
3506 189 1
1412 189 1
2370 189 1
2394 189 1
2223 189 1
2375 189 1
2272 189 1
3054 189 1
2984 189 1
2299 189 1
783 189 1
1887 189 1
1694 189 1
3398 189 1
2272 189 1
2538 189 1
940 189 1
799 189 1
3748 189 1
1182 189 1
2060 189 1
1314 189 1
20 189 1
1396 189 1
1536 189 1
1430 189 1
2973 189 1
1404 189 1
1871 189 1
1195 189 1
3562 189 1
2032 189 1
3427 189 1
3447 189 1
1099 189 1
1267 189 1
2050 189 1
2087 189 1
1607 189 1
1190 189 1
1863 189 1
2749 189 1
47 189 1
1328 189 1
2131 189 1
1139 189 1
2080 189 1
787 189 1
698 189 1
1989 189 1
3436 189 1
1007 189 1
1581 189 1
1292 189 1
1455 189 1
2076 189 1
3804 189 1
2322 189 1
2354 189 1
430 189 1
2821 189 1
2129 189 1
93 189 1
46 189 1
3857 189 1
1906 189 1
1911 189 1
1544 189 1
2506 189 1
1993 189 1
1982 189 1
2087 189 1
2687 189 1
910 189 1
3330 189 1
258 189 1
2332 189 1
3027 189 1
3834 189 1
2525 189 1
2452 189 1
1522 189 1
1710 189 1
2847 189 1
1846 189 1
3766 189 1
3701 189 1
991 189 1
503 189 1
3815 189 1
3053 189 1
838 189 1
300 189 1
2889 189 1
3226 189 1
1337 189 1
3609 189 1
2159 189 1
303 189 1
1964 189 1
602 189 1
2781 189 1
751 189 1
1937 189 1
1254 189 1
3206 189 1
1616 189 1
621 189 1
1787 189 1
3047 189 1
3853 189 1
2437 189 1
1443 189 1
1148 189 1
1531 189 1
1703 189 1
680 189 1
1273 189 1
2049 189 1
2914 189 1
1347 189 1
2299 189 1
1001 189 1
3048 189 1
2815 189 1
259 189 1
801 189 1
1901 189 1
3630 189 1
3431 189 1
3085 189 1
3236 189 1
278 189 1
1863 189 1
722 189 1
2228 189 1
489 189 1
2387 189 1
3281 189 1
3201 189 1
2726 189 1
1862 189 1
3264 189 1
3760 189 1
1133 189 1
778 189 1
87 189 1
3078 189 1
2921 189 1
1354 189 1
3800 189 1
410 189 1
1513 189 1
3350 189 1
1771 189 1
2174 189 1
3260 189 1
3454 190 1
3469 190 1
3801 190 1
2818 190 1
1941 190 1
3063 190 1
2166 190 1
512 190 1
542 190 1
509 190 1
284 190 1
3632 190 1
686 190 1
3592 190 1
155 190 1
3429 190 1
3642 190 1
1673 190 1
3584 190 1
2212 190 1
3426 190 1
62 190 1
1968 190 1
3798 190 1
1058 190 1
2603 190 1
3421 190 1
2731 190 1
1641 190 1
1994 190 1
891 190 1
2235 190 1
2194 190 1
1465 190 1
2047 190 1
2882 190 1
2826 190 1
983 190 1
3108 190 1
1251 190 1
3597 190 1
1944 190 1
3387 190 1
323 190 1
3603 190 1
883 190 1
1096 190 1
343 190 1
403 190 1
2980 190 1
1609 190 1
373 190 1
3731 190 1
1318 190 1
1187 190 1
3153 190 1
2838 190 1
1816 190 1
1877 190 1
1981 190 1
624 190 1
115 190 1
729 190 1
2840 190 1
3158 190 1
2043 190 1
1805 190 1
1219 190 1
942 190 1
572 190 1
33 190 1
3796 190 1
3547 190 1
3486 190 1
1051 190 1
1763 190 1
776 190 1
498 190 1
3665 190 1
2013 190 1
1935 190 1
1291 190 1
1316 190 1
2353 190 1
824 190 1
3345 190 1
1043 190 1
3261 190 1
2181 190 1
550 190 1
2062 190 1
1885 190 1
2220 190 1
2886 190 1
2017 190 1
349 190 1
1678 190 1
1021 190 1
136 190 1
1950 190 1
3236 190 1
3064 190 1
2673 190 1
3789 190 1
1848 190 1
2670 190 1
1816 190 1
1559 190 1
38 190 1
2282 190 1
2018 190 1
3330 190 1
3257 190 1
1930 190 1
945 190 1
3110 190 1
3506 190 1
1263 190 1
2668 190 1
1655 190 1
3765 190 1
62 190 1
3486 190 1
494 190 1
3775 190 1
1038 190 1
2666 190 1
2819 190 1
1703 190 1
3375 190 1
306 190 1
3786 190 1
2169 190 1
2477 190 1
2796 190 1
2736 190 1
2692 190 1
2974 190 1
3722 190 1
695 190 1
773 190 1
1801 190 1
99 190 1
1050 190 1
2976 190 1
3115 190 1
2462 190 1
445 190 1
1149 190 1
846 190 1
3453 190 1
1644 190 1
3107 190 1
786 190 1
2973 190 1
417 190 1
3009 190 1
440 190 1
1204 190 1
3707 190 1
3137 190 1
447 190 1
2195 190 1
2525 190 1
3791 190 1
1364 190 1
3273 190 1
2552 190 1
922 190 1
2482 190 1
2583 190 1
3601 190 1
704 190 1
1954 190 1
756 190 1
3398 190 1
3648 190 1
2794 190 1
130 190 1
978 190 1
2695 190 1
1027 190 1
138 190 1
2736 190 1
3825 190 1
3654 190 1
288 190 1
699 190 1
462 190 1
1088 190 1
3781 190 1
2782 190 1
2813 190 1
2302 190 1
1156 190 1
2043 190 1
3333 190 1
908 190 1
1996 190 1
1333 190 1
2214 190 1
3792 190 1
1341 190 1
3375 190 1
630 190 1
1791 190 1
3053 190 1
1625 190 1
1502 190 1
2727 190 1
3716 190 1
1700 190 1
3094 190 1
241 190 1
3625 190 1
1601 190 1
528 190 1
2913 190 1
3180 190 1
1368 190 1
2089 190 1
3267 190 1
2765 190 1
2229 190 1
960 190 1
1620 190 1
1362 190 1
240 190 1
3698 190 1
2795 190 1
1787 190 1
264 190 1
1962 190 1
3082 190 1
3115 190 1
3116 190 1
615 190 1
1245 190 1
242 190 1
1070 190 1
2369 190 1
1533 190 1
3704 190 1
3280 190 1
1845 190 1
2100 190 1
792 190 1
1095 190 1
2141 190 1
2088 190 1
565 190 1
3158 190 1
3435 190 1
117 190 1
1551 190 1
3808 190 1
18 190 1
2717 190 1
1199 190 1
981 190 1
174 190 1
2795 190 1
3187 190 1
3155 190 1
3275 190 1
3811 190 1
1581 190 1
2765 190 1
641 190 1
2623 190 1
2685 190 1
3475 190 1
3074 190 1
1050 190 1
1595 190 1
2236 190 1
1868 190 1
2525 190 1
3709 190 1
200 190 1
2836 190 1
2084 190 1
701 190 1
1758 190 1
998 190 1
3733 190 1
2497 190 1
84 190 1
3172 190 1
1837 190 1
2334 190 1
3602 190 1
2110 190 1
3454 190 1
2147 190 1
1540 190 1
145 190 1
1128 190 1
1503 190 1
1374 190 1
405 190 1
375 190 1
2719 190 1
3005 190 1
457 190 1
3592 190 1
1582 190 1
2745 190 1
1957 190 1
599 190 1
1481 190 1
2956 190 1
1149 190 1
2850 190 1
653 190 1
2373 190 1
1463 190 1
3403 190 1
1191 190 1
2968 190 1
2591 190 1
2438 190 1
3848 190 1
2979 190 1
1021 190 1
707 190 1
3089 190 1
3118 190 1
70 190 1
3697 190 1
3392 190 1
202 190 1
2284 190 1
1905 190 1
3313 190 1
722 190 1
132 190 1
237 190 1
2050 190 1
1492 190 1
3288 190 1
2983 190 1
3492 190 1
1018 190 1
1559 190 1
2339 191 1
1849 191 1
2171 191 1
3283 191 1
168 191 1
3448 191 1
168 191 1
2529 191 1
2142 191 1
804 191 1
317 191 1
113 191 1
419 191 1
2754 191 1
3831 191 1
3131 191 1
481 191 1
1427 191 1
3050 191 1
2281 191 1
694 191 1
2003 191 1
3623 191 1
619 191 1
3522 191 1
2687 191 1
473 191 1
140 191 1
2484 191 1
445 191 1
3487 191 1
1402 191 1
2712 191 1
3584 191 1
787 191 1
1415 191 1
3423 191 1
2509 191 1
1582 191 1
3117 191 1
2242 191 1
3593 191 1
180 191 1
1224 191 1
2244 191 1
3351 191 1
1097 191 1
3539 191 1
433 191 1
3533 191 1
3427 191 1
1019 191 1
1762 191 1
872 191 1
3721 191 1
303 191 1
2696 191 1
974 191 1
3363 191 1
3574 191 1
2744 191 1
2865 191 1
3377 191 1
801 191 1
565 191 1
2947 191 1
2608 191 1
1987 191 1
3641 191 1
183 191 1
3377 191 1
2294 191 1
1272 191 1
3215 191 1
320 191 1
721 191 1
931 191 1
1691 191 1
2839 191 1
2670 191 1
2083 191 1
2881 191 1
1098 191 1
1341 191 1
3232 191 1
1152 191 1
1537 191 1
1312 191 1
1542 191 1
2760 191 1
3170 191 1
3536 191 1
2660 191 1
1883 191 1
445 191 1
1296 191 1
1364 191 1
689 191 1
1247 191 1
37 191 1
3488 191 1
373 191 1
3820 191 1
431 191 1
2403 191 1
2984 191 1
543 191 1
1173 191 1
1292 191 1
1835 191 1
1291 191 1
3789 191 1
601 191 1
1531 191 1
3309 191 1
52 191 1
1440 191 1
652 191 1
312 191 1
1399 191 1
3825 191 1
848 191 1
3038 191 1
1468 191 1
1700 191 1
65 191 1
2581 191 1
2689 191 1
1285 191 1
2287 191 1
1346 191 1
1901 191 1
59 191 1
3470 191 1
2462 191 1
1945 191 1
1809 191 1
2690 191 1
749 191 1
367 191 1
2540 191 1
3832 191 1
3535 191 1
2892 191 1
1731 191 1
717 191 1
2443 191 1
1930 191 1
3242 191 1
1698 191 1
353 191 1
1769 191 1
3027 191 1
1229 191 1
2532 191 1
2386 191 1
3474 191 1
153 191 1
2154 191 1
816 191 1
2283 191 1
1675 191 1
1251 191 1
916 191 1
1956 191 1
3315 191 1
1822 191 1
3337 191 1
760 191 1
1436 191 1
2432 191 1
1563 191 1
2275 191 1
1459 191 1
868 191 1
3734 191 1
857 191 1
1124 191 1
2706 191 1
691 191 1
2231 191 1
1931 191 1
3664 191 1
2437 191 1
1165 191 1
2201 191 1
1952 191 1
2990 191 1
506 191 1
2178 191 1
3763 191 1
1279 191 1
3412 191 1
1036 191 1
652 191 1
417 191 1
2204 191 1
3744 191 1
296 191 1
2420 191 1
20 191 1
2542 191 1
1306 191 1
828 191 1
1754 191 1
2886 191 1
1736 191 1
1285 191 1
1 191 1
2201 191 1
3473 191 1
2034 191 1
2498 191 1
2364 191 1
447 191 1
2679 191 1
351 191 1
2226 191 1
1447 191 1
1385 191 1
877 191 1
3526 191 1
76 191 1
579 191 1
2282 191 1
2991 191 1
1621 191 1
2998 191 1
739 191 1
1102 191 1
1900 191 1
1823 191 1
757 191 1
2527 191 1
1608 191 1
1103 191 1
534 191 1
505 191 1
2436 191 1
1853 191 1
2255 191 1
2915 191 1
3315 191 1
705 191 1
2291 191 1
3552 191 1
583 191 1
369 191 1
522 191 1
2844 191 1
1185 191 1
965 191 1
1797 191 1
1069 191 1
2151 191 1
1109 191 1
133 191 1
3420 191 1
2742 191 1
102 191 1
3308 191 1
2190 191 1
1715 191 1
3677 191 1
3054 191 1
1006 191 1
3185 191 1
2853 191 1
1567 191 1
1294 191 1
2207 191 1
2178 191 1
3531 191 1
3655 191 1
486 191 1
158 191 1
1433 191 1
3143 191 1
763 191 1
2702 191 1
985 191 1
1977 191 1
2998 191 1
3377 191 1
1544 191 1
2564 191 1
3 191 1
1900 191 1
3630 191 1
608 191 1
3480 191 1
3049 191 1
2325 191 1
2512 191 1
2750 191 1
18 191 1
957 191 1
3239 191 1
3688 191 1
2212 191 1
812 191 1
2746 191 1
12 191 1
3256 191 1
3044 191 1
1469 191 1
2537 191 1
440 191 1
1265 191 1
2416 191 1
2594 191 1
3062 191 1
3758 191 1
1001 191 1
531 191 1
1 191 1
1256 191 1
3628 191 1
2839 191 1
2653 191 1
354 191 1
1057 191 1
2227 191 1
1051 191 1
2503 191 1
561 191 1
531 191 1
2712 191 1
3776 191 1
2441 191 1
2090 191 1
567 191 1
3544 191 1
588 191 1
1503 191 1
2836 191 1
2856 191 1
3046 191 1
3055 191 1
320 191 1
1580 191 1
941 191 1
488 191 1
807 191 1
3069 191 1
419 192 1
2035 192 1
1465 192 1
85 192 1
1007 192 1
961 192 1
1090 192 1
1207 192 1
1162 192 1
2906 192 1
2540 192 1
380 192 1
183 192 1
2791 192 1
593 192 1
2986 192 1
774 192 1
3519 192 1
1664 192 1
1876 192 1
845 192 1
837 192 1
3798 192 1
409 192 1
3489 192 1
751 192 1
3042 192 1
2294 192 1
3272 192 1
3331 192 1
2134 192 1
3263 192 1
41 192 1
3788 192 1
2542 192 1
408 192 1
2595 192 1
3839 192 1
3219 192 1
1333 192 1
1880 192 1
3155 192 1
2910 192 1
2263 192 1
543 192 1
2668 192 1
2481 192 1
2545 192 1
1049 192 1
1277 192 1
1164 192 1
402 192 1
710 192 1
2966 192 1
1777 192 1
2737 192 1
1581 192 1
2864 192 1
993 192 1
2064 192 1
1537 192 1
1732 192 1
754 192 1
1350 192 1
828 192 1
1836 192 1
763 192 1
3549 192 1
1941 192 1
2350 192 1
2601 192 1
1625 192 1
2398 192 1
3291 192 1
1743 192 1
3798 192 1
427 192 1
2786 192 1
203 192 1
2131 192 1
948 192 1
195 192 1
1811 192 1
476 192 1
2908 192 1
337 192 1
805 192 1
1904 192 1
2919 192 1
2714 192 1
2021 192 1
2489 192 1
3068 192 1
1658 192 1
286 192 1
1636 192 1
445 192 1
1189 192 1
1984 192 1
3718 192 1
92 192 1
2103 192 1
1761 192 1
864 192 1
1946 192 1
2506 192 1
2980 192 1
1148 192 1
693 192 1
2919 192 1
3393 192 1
2248 192 1
2027 192 1
923 192 1
2220 192 1
200 192 1
567 192 1
706 192 1
3844 192 1
1524 192 1
1498 192 1
2342 192 1
3355 192 1
28 192 1
1136 192 1
1940 192 1
1537 192 1
844 192 1
1447 192 1
1545 192 1
932 192 1
1085 192 1
1960 192 1
3520 192 1
1526 192 1
757 192 1
1055 192 1
2560 192 1
2134 192 1
295 192 1
257 192 1
706 192 1
587 192 1
1187 192 1
1541 192 1
1638 192 1
109 192 1
1574 192 1
2234 192 1
2152 192 1
2752 192 1
898 192 1
1748 192 1
129 192 1
3001 192 1
2011 192 1
67 192 1
1104 192 1
1511 192 1
3691 192 1
2451 192 1
3195 192 1
3471 192 1
2059 192 1
2663 192 1
2446 192 1
1860 192 1
753 192 1
1684 192 1
1808 192 1
524 192 1
574 192 1
2073 192 1
1852 192 1
2661 192 1
706 192 1
3099 192 1
209 192 1
3331 192 1
808 192 1
1387 192 1
3330 192 1
2788 192 1
897 192 1
3752 192 1
2572 192 1
2464 192 1
629 192 1
2843 192 1
3722 192 1
817 192 1
3249 192 1
3325 192 1
1803 192 1
3503 192 1
2781 192 1
347 192 1
2934 192 1
2591 192 1
6 192 1
2047 192 1
2534 192 1
17 192 1
1085 192 1
537 192 1
1736 192 1
3527 192 1
3834 192 1
1222 192 1
1511 192 1
3743 192 1
1567 192 1
2239 192 1
3714 192 1
2528 192 1
3173 192 1
1924 192 1
2401 192 1
2084 192 1
3689 192 1
1774 192 1
2739 192 1
3209 192 1
1267 192 1
3365 192 1
1975 192 1
290 192 1
2154 192 1
1000 192 1
279 192 1
895 192 1
1244 192 1
762 192 1
913 192 1
1662 192 1
826 192 1
1782 192 1
3203 192 1
290 192 1
1630 192 1
252 192 1
2378 192 1
781 192 1
253 192 1
2761 192 1
2274 192 1
865 192 1
3832 192 1
1548 192 1
2435 192 1
2761 192 1
3219 192 1
2322 192 1
856 192 1
2657 192 1
51 192 1
1392 192 1
1226 192 1
2781 192 1
1570 192 1
3812 192 1
3258 192 1
2011 192 1
3681 192 1
304 192 1
3338 192 1
868 192 1
699 192 1
2951 192 1
3069 192 1
3348 192 1
3138 192 1
2088 192 1
2800 192 1
2503 192 1
404 192 1
1644 192 1
789 192 1
466 192 1
799 192 1
2413 192 1
2961 192 1
2888 192 1
2447 192 1
2003 192 1
3145 192 1
2684 192 1
1581 192 1
65 192 1
3142 192 1
1188 192 1
972 192 1
458 192 1
141 192 1
496 192 1
954 192 1
291 192 1
774 192 1
1890 192 1
3548 192 1
2184 192 1
2734 192 1
2766 192 1
672 192 1
533 192 1
3775 192 1
2700 192 1
902 192 1
2246 192 1
1582 192 1
3783 192 1
303 192 1
2998 192 1
180 192 1
156 192 1
1334 192 1
830 192 1
3049 192 1
1443 192 1
1800 192 1
2720 192 1
1286 192 1
1130 192 1
1313 192 1
1652 192 1
1690 192 1
527 192 1
1680 192 1
1934 192 1
3855 192 1
1609 192 1
995 192 1
622 192 1
810 192 1
1762 192 1
412 192 1
1375 192 1
3570 192 1
1503 192 1
2770 192 1
3723 192 1
1249 192 1
2619 192 1
805 192 1
2603 192 1
3203 193 1
1354 193 1
2696 193 1
3 193 1
2795 193 1
625 193 1
1095 193 1
1274 193 1
3171 193 1
2411 193 1
1494 193 1
1599 193 1
2412 193 1
256 193 1
3478 193 1
1699 193 1
651 193 1
1352 193 1
994 193 1
690 193 1
3482 193 1
187 193 1
3403 193 1
3569 193 1
2040 193 1
1430 193 1
536 193 1
2830 193 1
176 193 1
2633 193 1
521 193 1
81 193 1
1850 193 1
3544 193 1
738 193 1
726 193 1
3068 193 1
3417 193 1
373 193 1
2377 193 1
1081 193 1
1589 193 1
3063 193 1
1723 193 1
737 193 1
2052 193 1
562 193 1
1272 193 1
2941 193 1
1023 193 1
1959 193 1
1184 193 1
23 193 1
1840 193 1
317 193 1
2377 193 1
3207 193 1
981 193 1
3122 193 1
1229 193 1
43 193 1
1724 193 1
911 193 1
3111 193 1
1175 193 1
2321 193 1
3181 193 1
1462 193 1
3198 193 1
2946 193 1
9 193 1
2299 193 1
1977 193 1
3147 193 1
3206 193 1
993 193 1
2026 193 1
1941 193 1
366 193 1
237 193 1
3339 193 1
2037 193 1
1137 193 1
1806 193 1
1047 193 1
3297 193 1
949 193 1
477 193 1
3130 193 1
86 193 1
506 193 1
1949 193 1
2148 193 1
1584 193 1
2036 193 1
1487 193 1
278 193 1
2491 193 1
1210 193 1
2901 193 1
1657 193 1
2794 193 1
3060 193 1
3026 193 1
416 193 1
3326 193 1
2277 193 1
3519 193 1
2680 193 1
3201 193 1
3570 193 1
810 193 1
3484 193 1
2303 193 1
1071 193 1
2627 193 1
72 193 1
163 193 1
1556 193 1
2672 193 1
3373 193 1
1398 193 1
2725 193 1
2136 193 1
3180 193 1
1534 193 1
1448 193 1
1526 193 1
3082 193 1
2453 193 1
2892 193 1
1911 193 1
507 193 1
952 193 1
116 193 1
1143 193 1
1287 193 1
2262 193 1
3263 193 1
3354 193 1
1502 193 1
1346 193 1
2450 193 1
2548 193 1
966 193 1
2962 193 1
1628 193 1
1036 193 1
614 193 1
379 193 1
1268 193 1
1733 193 1
1670 193 1
516 193 1
873 193 1
1098 193 1
2347 193 1
1209 193 1
1302 193 1
1487 193 1
1739 193 1
1339 193 1
3003 193 1
86 193 1
939 193 1
3170 193 1
2756 193 1
3706 193 1
1510 193 1
3353 193 1
3816 193 1
3107 193 1
674 193 1
44 193 1
2733 193 1
3456 193 1
86 193 1
1477 193 1
2439 193 1
698 193 1
1930 193 1
1291 193 1
614 193 1
83 193 1
2727 193 1
2929 193 1
3019 193 1
3243 193 1
1368 193 1
3614 193 1
3471 193 1
3068 193 1
3482 193 1
1909 193 1
2493 193 1
256 193 1
1170 193 1
3482 193 1
3650 193 1
2954 193 1
3009 193 1
1065 193 1
1183 193 1
1145 193 1
335 193 1
2762 193 1
2220 193 1
1725 193 1
410 193 1
2168 193 1
2362 193 1
1128 193 1
3418 193 1
2967 193 1
1393 193 1
3303 193 1
1920 193 1
3737 193 1
1274 193 1
3643 193 1
3659 193 1
2345 193 1
277 193 1
1427 193 1
3175 193 1
420 193 1
507 193 1
520 193 1
1968 193 1
850 193 1
1786 193 1
2293 193 1
3248 193 1
1425 193 1
1648 193 1
272 193 1
2384 193 1
1925 193 1
2941 193 1
234 193 1
896 193 1
1416 193 1
713 193 1
2234 193 1
3703 193 1
3174 193 1
3151 193 1
2402 193 1
1868 193 1
2038 193 1
3319 193 1
2368 193 1
2429 193 1
2554 193 1
2059 193 1
3262 193 1
1205 193 1
3772 193 1
2568 193 1
1961 193 1
3658 193 1
2781 193 1
3711 193 1
68 193 1
2350 193 1
356 193 1
1469 193 1
3719 193 1
1092 193 1
1851 193 1
2266 193 1
3491 193 1
3604 193 1
3775 193 1
2168 193 1
409 193 1
445 193 1
2596 193 1
1430 193 1
2584 193 1
3305 193 1
1133 193 1
2867 193 1
1979 193 1
2774 193 1
3477 193 1
3429 193 1
2566 193 1
3775 193 1
590 193 1
1067 193 1
1850 193 1
565 193 1
2419 193 1
1456 193 1
811 193 1
3164 193 1
2245 193 1
475 193 1
1329 193 1
2178 193 1
2579 193 1
2735 193 1
2692 193 1
2498 193 1
3138 193 1
1943 193 1
3855 193 1
1694 193 1
2751 193 1
152 193 1
2423 193 1
2645 193 1
3197 193 1
3634 193 1
3502 193 1
2248 193 1
1432 193 1
733 193 1
869 193 1
68 193 1
540 193 1
3718 193 1
1056 193 1
443 193 1
2260 193 1
2257 193 1
1997 193 1
1056 193 1
3316 193 1
2602 193 1
615 193 1
1218 193 1
3269 193 1
674 193 1
482 193 1
1935 193 1
1544 193 1
1620 193 1
1843 193 1
1706 193 1
442 193 1
3607 193 1
753 193 1
2897 193 1
2456 194 1
1760 194 1
2647 194 1
282 194 1
2339 194 1
834 194 1
1965 194 1
343 194 1
1374 194 1
500 194 1
1481 194 1
2924 194 1
2362 194 1
298 194 1
3183 194 1
884 194 1
2076 194 1
574 194 1
1823 194 1
1972 194 1
1307 194 1
1396 194 1
1512 194 1
70 194 1
3582 194 1
192 194 1
1475 194 1
165 194 1
3454 194 1
1120 194 1
2648 194 1
1922 194 1
678 194 1
983 194 1
2476 194 1
3355 194 1
2430 194 1
2000 194 1
2617 194 1
3296 194 1
421 194 1
3102 194 1
2624 194 1
1175 194 1
2233 194 1
1817 194 1
3564 194 1
1108 194 1
1455 194 1
3404 194 1
1852 194 1
2697 194 1
3362 194 1
1957 194 1
1147 194 1
2029 194 1
121 194 1
2555 194 1
3170 194 1
1178 194 1
2346 194 1
553 194 1
1127 194 1
815 194 1
2010 194 1
1830 194 1
1580 194 1
1884 194 1
1230 194 1
3368 194 1
946 194 1
1286 194 1
241 194 1
2101 194 1
2718 194 1
3343 194 1
582 194 1
3216 194 1
2725 194 1
2393 194 1
2487 194 1
1945 194 1
605 194 1
3650 194 1
1806 194 1
598 194 1
1800 194 1
941 194 1
2354 194 1
3271 194 1
2612 194 1
2133 194 1
3690 194 1
2524 194 1
2190 194 1
2775 194 1
1776 194 1
1930 194 1
2140 194 1
799 194 1
2216 194 1
2755 194 1
3130 194 1
78 194 1
701 194 1
654 194 1
1283 194 1
2797 194 1
2003 194 1
3832 194 1
692 194 1
3337 194 1
1690 194 1
223 194 1
2139 194 1
623 194 1
311 194 1
2104 194 1
1108 194 1
1893 194 1
2889 194 1
3652 194 1
246 194 1
2160 194 1
3047 194 1
3550 194 1
2125 194 1
196 194 1
1728 194 1
2183 194 1
1132 194 1
2821 194 1
219 194 1
11 194 1
2858 194 1
3143 194 1
460 194 1
2760 194 1
603 194 1
974 194 1
770 194 1
1058 194 1
3210 194 1
163 194 1
2639 194 1
3294 194 1
2171 194 1
1827 194 1
1804 194 1
1644 194 1
1995 194 1
793 194 1
2569 194 1
248 194 1
105 194 1
3619 194 1
2965 194 1
459 194 1
1587 194 1
2346 194 1
1416 194 1
2536 194 1
303 194 1
2188 194 1
3059 194 1
1218 194 1
2171 194 1
2298 194 1
931 194 1
2680 194 1
1363 194 1
1804 194 1
2823 194 1
2330 194 1
2508 194 1
1439 194 1
3459 194 1
532 194 1
383 194 1
2965 194 1
3270 194 1
2724 194 1
1254 194 1
79 194 1
1520 194 1
330 194 1
1286 194 1
2349 194 1
2524 194 1
2213 194 1
3152 194 1
2055 194 1
3618 194 1
1796 194 1
2565 194 1
3128 194 1
631 194 1
3207 194 1
1837 194 1
925 194 1
1860 194 1
1928 194 1
3182 194 1
652 194 1
181 194 1
246 194 1
1971 194 1
139 194 1
2954 194 1
2115 194 1
3300 194 1
1664 194 1
3526 194 1
1815 194 1
2194 194 1
3328 194 1
411 194 1
2801 194 1
3542 194 1
2381 194 1
1877 194 1
3261 194 1
3373 194 1
3506 194 1
2544 194 1
3671 194 1
75 194 1
1340 194 1
2443 194 1
2224 194 1
3730 194 1
1799 194 1
413 194 1
490 194 1
3716 194 1
2779 194 1
1306 194 1
551 194 1
2564 194 1
2545 194 1
1912 194 1
2941 194 1
1261 194 1
1123 194 1
1682 194 1
1507 194 1
1162 194 1
3244 194 1
804 194 1
441 194 1
3169 194 1
654 194 1
2843 194 1
3003 194 1
1660 194 1
2326 194 1
1166 194 1
2238 194 1
2831 194 1
2162 194 1
2260 194 1
925 194 1
3720 194 1
1693 194 1
2547 194 1
1369 194 1
775 194 1
1096 194 1
683 194 1
3311 194 1
2202 194 1
1964 194 1
1825 194 1
1224 194 1
3275 194 1
3559 194 1
1348 194 1
3808 194 1
772 194 1
349 194 1
1629 194 1
2983 194 1
2467 194 1
254 194 1
1515 194 1
3185 194 1
1978 194 1
729 194 1
3612 194 1
2074 194 1
60 194 1
2921 194 1
639 194 1
554 194 1
2134 194 1
1210 194 1
2415 194 1
3457 194 1
3820 194 1
245 194 1
948 194 1
3762 194 1
1282 194 1
2510 194 1
1797 194 1
38 194 1
2273 194 1
3433 194 1
98 194 1
1863 194 1
3122 194 1
1992 194 1
2267 194 1
529 194 1
253 194 1
890 194 1
2823 194 1
2360 194 1
3217 194 1
2204 194 1
788 194 1
2968 194 1
2126 194 1
1690 194 1
1493 194 1
1130 194 1
1811 194 1
2997 194 1
3201 194 1
1712 194 1
2637 194 1
2358 194 1
969 194 1
717 194 1
2582 194 1
930 194 1
1577 194 1
2996 194 1
3158 194 1
493 194 1
2005 194 1
2001 194 1
2326 194 1
2702 194 1
3619 194 1
2453 195 1
2294 195 1
2820 195 1
640 195 1
2873 195 1
1705 195 1
3395 195 1
767 195 1
502 195 1
187 195 1
2821 195 1
642 195 1
336 195 1
765 195 1
2581 195 1
3824 195 1
2362 195 1
2724 195 1
3565 195 1
1231 195 1
441 195 1
533 195 1
2675 195 1
3208 195 1
761 195 1
1229 195 1
134 195 1
424 195 1
1481 195 1
1326 195 1
738 195 1
1830 195 1
772 195 1
1027 195 1
842 195 1
2560 195 1
3853 195 1
3277 195 1
1792 195 1
3507 195 1
1393 195 1
2189 195 1
1467 195 1
102 195 1
2915 195 1
3694 195 1
3765 195 1
1998 195 1
877 195 1
2373 195 1
1306 195 1
72 195 1
1800 195 1
3130 195 1
120 195 1
1830 195 1
2431 195 1
2515 195 1
2485 195 1
878 195 1
934 195 1
2841 195 1
1557 195 1
1551 195 1
978 195 1
1964 195 1
37 195 1
2653 195 1
1024 195 1
523 195 1
3577 195 1
2375 195 1
1392 195 1
3516 195 1
3473 195 1
3500 195 1
1677 195 1
2749 195 1
3425 195 1
209 195 1
1099 195 1
2869 195 1
357 195 1
1315 195 1
3165 195 1
2620 195 1
2583 195 1
692 195 1
2210 195 1
2385 195 1
2250 195 1
732 195 1
1887 195 1
2611 195 1
3197 195 1
1569 195 1
326 195 1
3706 195 1
3504 195 1
1736 195 1
3466 195 1
3065 195 1
984 195 1
3079 195 1
2648 195 1
935 195 1
1043 195 1
3497 195 1
963 195 1
1566 195 1
2863 195 1
1315 195 1
332 195 1
2783 195 1
706 195 1
2815 195 1
3664 195 1
1234 195 1
1278 195 1
3011 195 1
871 195 1
2040 195 1
136 195 1
1271 195 1
1201 195 1
3832 195 1
426 195 1
2983 195 1
635 195 1
2442 195 1
3220 195 1
2502 195 1
1736 195 1
1588 195 1
2771 195 1
648 195 1
733 195 1
2608 195 1
2225 195 1
429 195 1
3016 195 1
837 195 1
2522 195 1
2798 195 1
682 195 1
3415 195 1
3122 195 1
2085 195 1
582 195 1
106 195 1
2034 195 1
1316 195 1
81 195 1
3561 195 1
2931 195 1
2962 195 1
3250 195 1
804 195 1
482 195 1
1732 195 1
1329 195 1
583 195 1
3696 195 1
3397 195 1
3248 195 1
2755 195 1
3079 195 1
4 195 1
2425 195 1
2077 195 1
2996 195 1
3307 195 1
3591 195 1
2628 195 1
3638 195 1
1848 195 1
373 195 1
3537 195 1
2740 195 1
558 195 1
2562 195 1
863 195 1
3673 195 1
2648 195 1
1653 195 1
1295 195 1
233 195 1
1565 195 1
2165 195 1
2271 195 1
260 195 1
1073 195 1
268 195 1
276 195 1
386 195 1
1148 195 1
1608 195 1
1006 195 1
148 195 1
3253 195 1
2696 195 1
3544 195 1
565 195 1
1388 195 1
420 195 1
2945 195 1
2542 195 1
2583 195 1
2129 195 1
2157 195 1
3507 195 1
1821 195 1
2066 195 1
683 195 1
199 195 1
435 195 1
3504 195 1
2707 195 1
2240 195 1
2918 195 1
2109 195 1
1444 195 1
463 195 1
1353 195 1
2240 195 1
2477 195 1
1235 195 1
3742 195 1
1394 195 1
436 195 1
3687 195 1
1233 195 1
3833 195 1
2104 195 1
69 195 1
1881 195 1
3710 195 1
2756 195 1
1275 195 1
2846 195 1
2096 195 1
3014 195 1
3083 195 1
2671 195 1
2491 195 1
2012 195 1
3590 195 1
3299 195 1
1491 195 1
1742 195 1
399 195 1
1383 195 1
2041 195 1
1537 195 1
287 195 1
1027 195 1
2487 195 1
2392 195 1
761 195 1
2988 195 1
1574 195 1
3045 195 1
319 195 1
1103 195 1
1415 195 1
2322 195 1
1318 195 1
3802 195 1
1871 195 1
2678 195 1
3203 195 1
1376 195 1
2990 195 1
1588 195 1
3434 195 1
717 195 1
1968 195 1
3295 195 1
2195 195 1
1239 195 1
1906 195 1
883 195 1
1178 195 1
2812 195 1
2376 195 1
3455 195 1
1915 195 1
2870 195 1
46 195 1
2254 195 1
896 195 1
2117 195 1
3415 195 1
577 195 1
1472 195 1
2654 195 1
3755 195 1
1657 195 1
2759 195 1
312 195 1
3407 195 1
3003 195 1
2517 195 1
1788 195 1
2419 195 1
2023 195 1
1592 195 1
2242 195 1
2059 195 1
3170 195 1
1187 195 1
3724 195 1
93 195 1
3853 195 1
924 195 1
2661 195 1
1845 195 1
2770 195 1
1335 195 1
223 195 1
787 195 1
1129 195 1
1105 195 1
1456 195 1
1181 195 1
38 195 1
3724 195 1
2239 195 1
595 195 1
3067 195 1
2005 195 1
3775 195 1
3621 195 1
3523 195 1
598 195 1
139 195 1
820 195 1
2531 195 1
3277 195 1
3163 195 1
532 195 1
3554 195 1
1601 195 1
1586 195 1
3428 195 1
3665 196 1
3392 196 1
3212 196 1
644 196 1
1994 196 1
2112 196 1
599 196 1
2446 196 1
1825 196 1
1080 196 1
1466 196 1
1300 196 1
2989 196 1
1353 196 1
1114 196 1
1087 196 1
3377 196 1
3708 196 1
3669 196 1
553 196 1
3701 196 1
2546 196 1
3000 196 1
1708 196 1
60 196 1
1669 196 1
1013 196 1
1453 196 1
1122 196 1
1145 196 1
1536 196 1
2880 196 1
2609 196 1
2408 196 1
1284 196 1
3244 196 1
2309 196 1
3473 196 1
1018 196 1
2115 196 1
2590 196 1
2415 196 1
2063 196 1
932 196 1
2082 196 1
3754 196 1
2499 196 1
461 196 1
3165 196 1
2468 196 1
1996 196 1
3262 196 1
2250 196 1
2086 196 1
205 196 1
3746 196 1
172 196 1
3102 196 1
3462 196 1
117 196 1
3579 196 1
1853 196 1
506 196 1
3426 196 1
2873 196 1
2152 196 1
3551 196 1
3629 196 1
44 196 1
2657 196 1
3567 196 1
1223 196 1
1353 196 1
2788 196 1
3752 196 1
1043 196 1
858 196 1
3438 196 1
1025 196 1
1059 196 1
2702 196 1
224 196 1
3282 196 1
2927 196 1
3663 196 1
1329 196 1
712 196 1
3590 196 1
1678 196 1
2600 196 1
3147 196 1
34 196 1
2892 196 1
3634 196 1
1025 196 1
3334 196 1
658 196 1
968 196 1
2552 196 1
3692 196 1
1686 196 1
2267 196 1
684 196 1
1801 196 1
1230 196 1
1927 196 1
772 196 1
2859 196 1
1957 196 1
1566 196 1
2081 196 1
2835 196 1
2710 196 1
1006 196 1
1967 196 1
3429 196 1
2860 196 1
398 196 1
790 196 1
1210 196 1
472 196 1
3836 196 1
2281 196 1
3187 196 1
706 196 1
2689 196 1
2809 196 1
750 196 1
1815 196 1
210 196 1
1489 196 1
791 196 1
3057 196 1
2395 196 1
3765 196 1
1988 196 1
3137 196 1
552 196 1
1130 196 1
1083 196 1
2572 196 1
3147 196 1
2346 196 1
2188 196 1
3540 196 1
3284 196 1
1668 196 1
1163 196 1
323 196 1
709 196 1
812 196 1
1236 196 1
265 196 1
3557 196 1
2651 196 1
96 196 1
3782 196 1
3181 196 1
355 196 1
215 196 1
2306 196 1
1790 196 1
3221 196 1
3858 196 1
3107 196 1
3022 196 1
2500 196 1
430 196 1
453 196 1
3515 196 1
2152 196 1
3373 196 1
1238 196 1
515 196 1
3270 196 1
533 196 1
3844 196 1
1122 196 1
3694 196 1
2312 196 1
2089 196 1
3121 196 1
2179 196 1
1806 196 1
1432 196 1
2970 196 1
2410 196 1
2678 196 1
2231 196 1
1282 196 1
3017 196 1
275 196 1
2632 196 1
3228 196 1
1845 196 1
29 196 1
60 196 1
2291 196 1
2395 196 1
964 196 1
156 196 1
1232 196 1
2870 196 1
67 196 1
1230 196 1
639 196 1
939 196 1
3828 196 1
3499 196 1
3282 196 1
532 196 1
897 196 1
1739 196 1
837 196 1
189 196 1
619 196 1
2966 196 1
3075 196 1
2330 196 1
1707 196 1
3667 196 1
3807 196 1
2339 196 1
2767 196 1
1321 196 1
2295 196 1
3634 196 1
3515 196 1
652 196 1
1120 196 1
623 196 1
2579 196 1
1148 196 1
1927 196 1
741 196 1
3448 196 1
3144 196 1
1477 196 1
2944 196 1
2265 196 1
726 196 1
2882 196 1
629 196 1
1651 196 1
688 196 1
3290 196 1
1487 196 1
1099 196 1
2234 196 1
3181 196 1
645 196 1
1488 196 1
3619 196 1
2039 196 1
3161 196 1
291 196 1
1071 196 1
437 196 1
2202 196 1
2162 196 1
786 196 1
1801 196 1
3604 196 1
3585 196 1
2398 196 1
1259 196 1
1136 196 1
775 196 1
2980 196 1
1330 196 1
1249 196 1
837 196 1
3540 196 1
745 196 1
3690 196 1
1829 196 1
3631 196 1
891 196 1
950 196 1
2140 196 1
3792 196 1
2478 196 1
956 196 1
334 196 1
1004 196 1
1033 196 1
515 196 1
2139 196 1
3070 196 1
1823 196 1
24 196 1
919 196 1
2943 196 1
3663 196 1
883 196 1
24 196 1
427 196 1
3640 196 1
918 196 1
1210 196 1
1003 196 1
1000 196 1
3599 196 1
1140 196 1
2065 196 1
593 196 1
703 196 1
2914 196 1
3737 196 1
1579 196 1
3525 196 1
3674 196 1
3578 196 1
1115 196 1
1276 196 1
732 196 1
3146 196 1
2914 196 1
3588 196 1
945 196 1
314 196 1
52 196 1
3262 196 1
1485 196 1
638 196 1
1017 196 1
189 196 1
2110 196 1
613 196 1
1320 196 1
2121 196 1
1266 196 1
3754 196 1
52 196 1
1160 196 1
1612 196 1
2627 196 1
1743 196 1
608 196 1
2308 196 1
1921 196 1
2168 196 1
1317 196 1
2846 196 1
1723 196 1
1302 197 1
1380 197 1
694 197 1
3760 197 1
251 197 1
3532 197 1
3031 197 1
536 197 1
3785 197 1
3761 197 1
2181 197 1
874 197 1
3564 197 1
3031 197 1
3701 197 1
2256 197 1
2560 197 1
946 197 1
3367 197 1
1998 197 1
3383 197 1
3791 197 1
1799 197 1
3325 197 1
459 197 1
2007 197 1
1345 197 1
907 197 1
365 197 1
2109 197 1
1492 197 1
1265 197 1
2806 197 1
2437 197 1
1011 197 1
1445 197 1
313 197 1
2291 197 1
1068 197 1
607 197 1
3255 197 1
1635 197 1
3346 197 1
655 197 1
2779 197 1
2851 197 1
1154 197 1
2048 197 1
2387 197 1
1448 197 1
1940 197 1
1028 197 1
1867 197 1
91 197 1
2635 197 1
2872 197 1
1789 197 1
2650 197 1
1096 197 1
531 197 1
1156 197 1
3631 197 1
1014 197 1
3622 197 1
3076 197 1
1644 197 1
2165 197 1
928 197 1
405 197 1
3164 197 1
682 197 1
2755 197 1
446 197 1
1591 197 1
3779 197 1
1617 197 1
1862 197 1
2363 197 1
994 197 1
315 197 1
1890 197 1
1538 197 1
645 197 1
680 197 1
428 197 1
2880 197 1
599 197 1
2177 197 1
2437 197 1
3053 197 1
2974 197 1
158 197 1
1854 197 1
1647 197 1
392 197 1
344 197 1
454 197 1
861 197 1
3631 197 1
108 197 1
3234 197 1
3643 197 1
2659 197 1
2411 197 1
2629 197 1
347 197 1
1065 197 1
3537 197 1
1399 197 1
1552 197 1
60 197 1
998 197 1
2734 197 1
2065 197 1
3047 197 1
3771 197 1
740 197 1
3424 197 1
571 197 1
3677 197 1
2001 197 1
1280 197 1
2335 197 1
58 197 1
3573 197 1
691 197 1
1233 197 1
1884 197 1
3849 197 1
1288 197 1
1603 197 1
2050 197 1
2667 197 1
1436 197 1
3114 197 1
2270 197 1
3567 197 1
2078 197 1
1147 197 1
3346 197 1
2873 197 1
2955 197 1
2739 197 1
171 197 1
2806 197 1
3748 197 1
720 197 1
2190 197 1
843 197 1
708 197 1
785 197 1
1874 197 1
3458 197 1
2684 197 1
1938 197 1
2637 197 1
2964 197 1
2266 197 1
1698 197 1
3008 197 1
2104 197 1
3777 197 1
928 197 1
2695 197 1
1914 197 1
42 197 1
3857 197 1
1144 197 1
3102 197 1
3687 197 1
2763 197 1
1251 197 1
3175 197 1
3166 197 1
2697 197 1
1185 197 1
1872 197 1
2828 197 1
1369 197 1
827 197 1
2667 197 1
3813 197 1
2112 197 1
101 197 1
878 197 1
2495 197 1
780 197 1
3266 197 1
1096 197 1
352 197 1
3770 197 1
303 197 1
2293 197 1
747 197 1
1146 197 1
1565 197 1
746 197 1
1124 197 1
732 197 1
2686 197 1
1609 197 1
1718 197 1
3697 197 1
1099 197 1
1614 197 1
602 197 1
251 197 1
1710 197 1
1233 197 1
190 197 1
1117 197 1
2349 197 1
27 197 1
1744 197 1
3748 197 1
2332 197 1
1535 197 1
2953 197 1
2980 197 1
1210 197 1
447 197 1
2842 197 1
3358 197 1
1570 197 1
1558 197 1
2252 197 1
2130 197 1
3564 197 1
2748 197 1
1921 197 1
3029 197 1
473 197 1
1534 197 1
205 197 1
761 197 1
1944 197 1
985 197 1
2776 197 1
2910 197 1
2314 197 1
3733 197 1
2103 197 1
128 197 1
1365 197 1
564 197 1
2380 197 1
405 197 1
1832 197 1
2581 197 1
363 197 1
1964 197 1
64 197 1
2018 197 1
2384 197 1
561 197 1
1878 197 1
1398 197 1
3208 197 1
2870 197 1
1696 197 1
1076 197 1
3326 197 1
2220 197 1
2976 197 1
95 197 1
1176 197 1
3143 197 1
3042 197 1
303 197 1
3810 197 1
2313 197 1
437 197 1
3458 197 1
3121 197 1
1791 197 1
692 197 1
2013 197 1
829 197 1
3763 197 1
2241 197 1
393 197 1
3568 197 1
1893 197 1
863 197 1
3478 197 1
2665 197 1
3115 197 1
1802 197 1
51 197 1
1759 197 1
1895 197 1
1148 197 1
823 197 1
2935 197 1
1321 197 1
270 197 1
3501 197 1
2445 197 1
1120 197 1
3529 197 1
3448 197 1
1270 197 1
2368 197 1
2646 197 1
208 197 1
2578 197 1
2352 197 1
1528 197 1
2373 197 1
437 197 1
1552 197 1
3829 197 1
834 197 1
3524 197 1
3749 197 1
193 197 1
3 197 1
2492 197 1
3286 197 1
1214 197 1
1348 197 1
3857 197 1
786 197 1
1534 197 1
1183 197 1
695 197 1
690 197 1
2374 197 1
615 197 1
2586 197 1
2234 197 1
2904 197 1
752 197 1
321 197 1
172 197 1
2234 197 1
964 197 1
339 197 1
1462 197 1
378 197 1
3726 197 1
2721 197 1
1436 197 1
3040 197 1
1518 197 1
2416 198 1
871 198 1
3548 198 1
1942 198 1
3607 198 1
2376 198 1
854 198 1
1745 198 1
1850 198 1
181 198 1
1231 198 1
2337 198 1
1127 198 1
1322 198 1
2482 198 1
1892 198 1
477 198 1
2739 198 1
2411 198 1
2605 198 1
405 198 1
2259 198 1
3582 198 1
1771 198 1
339 198 1
3830 198 1
2475 198 1
3730 198 1
3264 198 1
3002 198 1
2526 198 1
3150 198 1
1640 198 1
1516 198 1
2017 198 1
2708 198 1
3683 198 1
615 198 1
2077 198 1
3456 198 1
2168 198 1
3760 198 1
1178 198 1
2648 198 1
3483 198 1
2769 198 1
1022 198 1
3423 198 1
2840 198 1
2818 198 1
209 198 1
42 198 1
366 198 1
2662 198 1
3450 198 1
2622 198 1
869 198 1
65 198 1
1813 198 1
2841 198 1
3527 198 1
2664 198 1
1119 198 1
2456 198 1
1399 198 1
2326 198 1
77 198 1
476 198 1
1514 198 1
2660 198 1
2731 198 1
755 198 1
3579 198 1
1506 198 1
2052 198 1
3699 198 1
199 198 1
1447 198 1
2892 198 1
3358 198 1
2778 198 1
3071 198 1
216 198 1
3620 198 1
1111 198 1
1171 198 1
1537 198 1
1849 198 1
211 198 1
3377 198 1
3220 198 1
2620 198 1
2291 198 1
2690 198 1
2488 198 1
1516 198 1
1947 198 1
1246 198 1
310 198 1
617 198 1
1852 198 1
1718 198 1
431 198 1
1821 198 1
2053 198 1
2248 198 1
3775 198 1
2688 198 1
1647 198 1
3290 198 1
3688 198 1
999 198 1
1753 198 1
3215 198 1
3173 198 1
3753 198 1
3294 198 1
64 198 1
1034 198 1
1766 198 1
361 198 1
1156 198 1
2362 198 1
3223 198 1
3682 198 1
2541 198 1
2660 198 1
2785 198 1
2672 198 1
150 198 1
3361 198 1
1383 198 1
861 198 1
1502 198 1
3077 198 1
2836 198 1
3214 198 1
2204 198 1
417 198 1
2953 198 1
3308 198 1
1084 198 1
3133 198 1
2674 198 1
3409 198 1
2506 198 1
1948 198 1
2042 198 1
2289 198 1
2920 198 1
2962 198 1
3534 198 1
90 198 1
2978 198 1
3391 198 1
2606 198 1
325 198 1
93 198 1
347 198 1
2520 198 1
1971 198 1
2242 198 1
2152 198 1
3 198 1
1747 198 1
41 198 1
2935 198 1
68 198 1
112 198 1
1696 198 1
3143 198 1
3719 198 1
2081 198 1
2494 198 1
3161 198 1
1679 198 1
1263 198 1
2668 198 1
2500 198 1
546 198 1
2742 198 1
1499 198 1
873 198 1
688 198 1
54 198 1
3021 198 1
1794 198 1
3250 198 1
1645 198 1
2770 198 1
3153 198 1
1368 198 1
212 198 1
221 198 1
1977 198 1
2208 198 1
3038 198 1
2012 198 1
1612 198 1
1397 198 1
2320 198 1
3489 198 1
334 198 1
897 198 1
829 198 1
369 198 1
847 198 1
941 198 1
1258 198 1
1223 198 1
401 198 1
218 198 1
1231 198 1
1671 198 1
380 198 1
396 198 1
2874 198 1
573 198 1
1283 198 1
291 198 1
2744 198 1
703 198 1
3531 198 1
1086 198 1
3769 198 1
2994 198 1
1019 198 1
2884 198 1
2659 198 1
3231 198 1
2121 198 1
3829 198 1
2945 198 1
818 198 1
3540 198 1
1898 198 1
2621 198 1
2474 198 1
2463 198 1
2154 198 1
1813 198 1
3774 198 1
1695 198 1
386 198 1
610 198 1
218 198 1
840 198 1
1188 198 1
2179 198 1
3173 198 1
1088 198 1
2553 198 1
3191 198 1
2282 198 1
289 198 1
483 198 1
1934 198 1
544 198 1
2680 198 1
1304 198 1
1149 198 1
3208 198 1
3128 198 1
974 198 1
3026 198 1
1316 198 1
197 198 1
1440 198 1
2688 198 1
716 198 1
1211 198 1
1897 198 1
2279 198 1
1551 198 1
1852 198 1
871 198 1
3218 198 1
1314 198 1
2777 198 1
759 198 1
3377 198 1
734 198 1
1728 198 1
3556 198 1
3220 198 1
925 198 1
3819 198 1
972 198 1
1942 198 1
1543 198 1
2448 198 1
1169 198 1
1979 198 1
3235 198 1
1447 198 1
383 198 1
168 198 1
696 198 1
3194 198 1
1772 198 1
1133 198 1
270 198 1
3100 198 1
98 198 1
1030 198 1
726 198 1
2998 198 1
2060 198 1
3127 198 1
3740 198 1
2613 198 1
1930 198 1
1671 198 1
1218 198 1
3112 198 1
2278 198 1
2407 198 1
1394 198 1
2225 198 1
2997 198 1
1533 198 1
16 198 1
1417 198 1
3025 198 1
2650 198 1
599 198 1
2393 198 1
1999 198 1
3528 198 1
992 198 1
1733 198 1
1664 198 1
1059 198 1
1477 198 1
171 198 1
1310 198 1
2581 198 1
2200 198 1
456 198 1
555 198 1
1311 198 1
3757 198 1
365 198 1
3529 198 1
683 198 1
1740 199 1
527 199 1
1416 199 1
1132 199 1
1051 199 1
728 199 1
2387 199 1
267 199 1
455 199 1
200 199 1
3622 199 1
1625 199 1
1148 199 1
3490 199 1
1347 199 1
1591 199 1
108 199 1
1471 199 1
911 199 1
1355 199 1
3547 199 1
1221 199 1
349 199 1
3375 199 1
3342 199 1
3498 199 1
781 199 1
3608 199 1
3076 199 1
649 199 1
283 199 1
2060 199 1
1836 199 1
3399 199 1
2439 199 1
624 199 1
1284 199 1
1163 199 1
626 199 1
504 199 1
522 199 1
931 199 1
1633 199 1
3206 199 1
3486 199 1
2828 199 1
2593 199 1
1316 199 1
2252 199 1
2029 199 1
3280 199 1
607 199 1
1224 199 1
298 199 1
3162 199 1
2646 199 1
3652 199 1
2986 199 1
669 199 1
2087 199 1
2903 199 1
268 199 1
826 199 1
3794 199 1
2441 199 1
1452 199 1
1853 199 1
3586 199 1
1008 199 1
1866 199 1
270 199 1
2781 199 1
2310 199 1
3349 199 1
424 199 1
1050 199 1
1595 199 1
3495 199 1
2360 199 1
2231 199 1
1272 199 1
862 199 1
2270 199 1
1132 199 1
862 199 1
2194 199 1
1302 199 1
1194 199 1
1097 199 1
2172 199 1
306 199 1
3560 199 1
688 199 1
18 199 1
1062 199 1
2344 199 1
1968 199 1
948 199 1
728 199 1
656 199 1
2772 199 1
1911 199 1
3152 199 1
2917 199 1
1141 199 1
1177 199 1
1684 199 1
1891 199 1
2090 199 1
2975 199 1
3040 199 1
128 199 1
3505 199 1
482 199 1
837 199 1
936 199 1
230 199 1
2819 199 1
3648 199 1
206 199 1
425 199 1
2045 199 1
3278 199 1
3058 199 1
1193 199 1
3536 199 1
1735 199 1
1442 199 1
3482 199 1
2713 199 1
3288 199 1
1151 199 1
647 199 1
1922 199 1
1347 199 1
1505 199 1
1357 199 1
3688 199 1
3 199 1
2519 199 1
3083 199 1
2805 199 1
2277 199 1
2801 199 1
3119 199 1
2880 199 1
3237 199 1
1957 199 1
481 199 1
1270 199 1
1659 199 1
2475 199 1
3856 199 1
2305 199 1
3085 199 1
2876 199 1
2665 199 1
297 199 1
3501 199 1
3024 199 1
1669 199 1
2112 199 1
2228 199 1
3646 199 1
641 199 1
596 199 1
126 199 1
183 199 1
835 199 1
1121 199 1
3745 199 1
892 199 1
2362 199 1
1043 199 1
2721 199 1
2639 199 1
1340 199 1
2479 199 1
3691 199 1
1829 199 1
2680 199 1
1548 199 1
1579 199 1
3098 199 1
3818 199 1
3771 199 1
3025 199 1
3275 199 1
3180 199 1
2474 199 1
736 199 1
425 199 1
3061 199 1
1870 199 1
3024 199 1
2625 199 1
1268 199 1
1959 199 1
2520 199 1
911 199 1
1168 199 1
673 199 1
14 199 1
2247 199 1
2962 199 1
2301 199 1
1351 199 1
242 199 1
3018 199 1
2988 199 1
1173 199 1
1588 199 1
1756 199 1
2982 199 1
1855 199 1
3852 199 1
1304 199 1
2651 199 1
766 199 1
2200 199 1
2421 199 1
1038 199 1
3255 199 1
2047 199 1
963 199 1
3401 199 1
3262 199 1
613 199 1
2619 199 1
870 199 1
2434 199 1
3499 199 1
1015 199 1
3316 199 1
3844 199 1
3192 199 1
2022 199 1
1312 199 1
2928 199 1
3843 199 1
2059 199 1
1794 199 1
389 199 1
1587 199 1
2958 199 1
3300 199 1
2554 199 1
2743 199 1
2355 199 1
3067 199 1
3463 199 1
374 199 1
2769 199 1
2247 199 1
553 199 1
2797 199 1
1262 199 1
13 199 1
1296 199 1
2413 199 1
3015 199 1
2817 199 1
3141 199 1
3744 199 1
2255 199 1
2644 199 1
2899 199 1
1588 199 1
3116 199 1
1415 199 1
1841 199 1
453 199 1
3621 199 1
2011 199 1
1622 199 1
1998 199 1
73 199 1
3565 199 1
2375 199 1
186 199 1
3846 199 1
751 199 1
38 199 1
1539 199 1
3450 199 1
2986 199 1
556 199 1
349 199 1
3742 199 1
2666 199 1
3778 199 1
400 199 1
3351 199 1
1938 199 1
318 199 1
3668 199 1
2397 199 1
539 199 1
337 199 1
2629 199 1
3257 199 1
1767 199 1
175 199 1
3535 199 1
3325 199 1
972 199 1
2102 199 1
2160 199 1
1547 199 1
3317 199 1
3204 199 1
2812 199 1
2121 199 1
954 199 1
1164 199 1
3854 199 1
298 199 1
1348 199 1
770 199 1
1997 199 1
952 199 1
2262 199 1
3598 199 1
2893 199 1
2931 199 1
2774 199 1
394 199 1
3252 199 1
354 199 1
2897 199 1
1235 199 1
2997 199 1
474 199 1
2535 199 1
3005 199 1
458 199 1
985 199 1
1823 199 1
1011 199 1
1531 199 1
2300 199 1
3125 199 1
3672 199 1
3502 199 1
1224 199 1
855 200 1
569 200 1
1200 200 1
2857 200 1
1068 200 1
1314 200 1
3661 200 1
578 200 1
3195 200 1
3058 200 1
901 200 1
3622 200 1
3751 200 1
3810 200 1
237 200 1
235 200 1
2414 200 1
3128 200 1
1693 200 1
940 200 1
1527 200 1
1730 200 1
252 200 1
982 200 1
597 200 1
2733 200 1
2277 200 1
1022 200 1
3517 200 1
696 200 1
1809 200 1
3169 200 1
1986 200 1
756 200 1
418 200 1
3454 200 1
3118 200 1
2910 200 1
2595 200 1
2102 200 1
2529 200 1
1613 200 1
1723 200 1
3241 200 1
2403 200 1
1948 200 1
573 200 1
1862 200 1
1187 200 1
494 200 1
1431 200 1
2572 200 1
949 200 1
3775 200 1
1818 200 1
3250 200 1
2604 200 1
135 200 1
2334 200 1
3479 200 1
1706 200 1
2471 200 1
923 200 1
3267 200 1
1016 200 1
416 200 1
1010 200 1
2684 200 1
3481 200 1
239 200 1
199 200 1
2075 200 1
2198 200 1
3357 200 1
212 200 1
1519 200 1
416 200 1
3859 200 1
2938 200 1
1446 200 1
781 200 1
296 200 1
3343 200 1
1650 200 1
57 200 1
2799 200 1
3118 200 1
1703 200 1
1532 200 1
259 200 1
1807 200 1
2537 200 1
3299 200 1
288 200 1
2547 200 1
954 200 1
1342 200 1
579 200 1
2087 200 1
399 200 1
1668 200 1
577 200 1
3767 200 1
1430 200 1
1718 200 1
2930 200 1
1303 200 1
1052 200 1
126 200 1
2292 200 1
3405 200 1
2406 200 1
2443 200 1
977 200 1
3017 200 1
3672 200 1
3206 200 1
1277 200 1
1375 200 1
1944 200 1
1040 200 1
2364 200 1
306 200 1
2885 200 1
1172 200 1
2106 200 1
1977 200 1
174 200 1
1683 200 1
257 200 1
2185 200 1
476 200 1
603 200 1
3831 200 1
2762 200 1
3070 200 1
1485 200 1
359 200 1
3498 200 1
117 200 1
1111 200 1
353 200 1
1064 200 1
326 200 1
3180 200 1
91 200 1
65 200 1
499 200 1
3662 200 1
3242 200 1
3253 200 1
686 200 1
2294 200 1
1670 200 1
1910 200 1
2016 200 1
3348 200 1
754 200 1
483 200 1
3056 200 1
1587 200 1
2327 200 1
197 200 1
3659 200 1
1472 200 1
2434 200 1
1279 200 1
1130 200 1
46 200 1
3713 200 1
783 200 1
1331 200 1
1563 200 1
647 200 1
192 200 1
2256 200 1
1390 200 1
1128 200 1
1752 200 1
3773 200 1
164 200 1
2803 200 1
3824 200 1
639 200 1
3110 200 1
2271 200 1
3652 200 1
2014 200 1
3567 200 1
3220 200 1
3182 200 1
1125 200 1
2427 200 1
72 200 1
1734 200 1
2367 200 1
807 200 1
65 200 1
3565 200 1
462 200 1
2000 200 1
247 200 1
1054 200 1
3315 200 1
1748 200 1
1694 200 1
3573 200 1
2146 200 1
1176 200 1
2151 200 1
1454 200 1
3467 200 1
1026 200 1
1750 200 1
3017 200 1
3237 200 1
633 200 1
2829 200 1
2392 200 1
2632 200 1
3763 200 1
2874 200 1
661 200 1
951 200 1
3059 200 1
667 200 1
3204 200 1
1614 200 1
148 200 1
1509 200 1
3664 200 1
3828 200 1
851 200 1
3072 200 1
1347 200 1
1034 200 1
3267 200 1
1838 200 1
1828 200 1
3814 200 1
2005 200 1
1585 200 1
1312 200 1
3187 200 1
3592 200 1
1708 200 1
2444 200 1
2535 200 1
2284 200 1
2893 200 1
290 200 1
34 200 1
1946 200 1
3197 200 1
2023 200 1
3468 200 1
3641 200 1
155 200 1
3342 200 1
2508 200 1
3620 200 1
204 200 1
867 200 1
1234 200 1
2500 200 1
3146 200 1
1435 200 1
946 200 1
158 200 1
2489 200 1
851 200 1
2011 200 1
339 200 1
3542 200 1
1536 200 1
2334 200 1
412 200 1
3490 200 1
1061 200 1
3525 200 1
1251 200 1
2232 200 1
2204 200 1
106 200 1
164 200 1
1897 200 1
2341 200 1
607 200 1
1451 200 1
2048 200 1
2129 200 1
1514 200 1
2520 200 1
1354 200 1
3028 200 1
224 200 1
1270 200 1
2949 200 1
2340 200 1
1452 200 1
231 200 1
718 200 1
3216 200 1
2138 200 1
948 200 1
712 200 1
3445 200 1
354 200 1
3251 200 1
849 200 1
1879 200 1
3045 200 1
1764 200 1
719 200 1
1249 200 1
3078 200 1
460 200 1
2077 200 1
3808 200 1
983 200 1
2168 200 1
2368 200 1
1824 200 1
2686 200 1
645 200 1
3435 200 1
3585 200 1
2698 200 1
155 200 1
1045 200 1
1608 200 1
1790 200 1
398 200 1
1645 200 1
628 200 1
2405 200 1
2338 200 1
810 200 1
1757 200 1
929 200 1
2659 200 1
574 200 1
2483 200 1
1840 200 1
2287 200 1
2712 201 1
593 201 1
2857 201 1
3066 201 1
435 201 1
520 201 1
2566 201 1
2838 201 1
3568 201 1
2428 201 1
3506 201 1
1196 201 1
2604 201 1
769 201 1
807 201 1
381 201 1
157 201 1
822 201 1
3744 201 1
1245 201 1
1333 201 1
1499 201 1
1469 201 1
604 201 1
2619 201 1
1071 201 1
261 201 1
3504 201 1
519 201 1
1794 201 1
3038 201 1
900 201 1
3328 201 1
946 201 1
1016 201 1
2899 201 1
2772 201 1
1399 201 1
2016 201 1
1124 201 1
1396 201 1
184 201 1
2807 201 1
2256 201 1
3693 201 1
1499 201 1
2660 201 1
717 201 1
3284 201 1
3228 201 1
2145 201 1
1872 201 1
2991 201 1
1868 201 1
151 201 1
3021 201 1
264 201 1
3193 201 1
444 201 1
1094 201 1
3490 201 1
2955 201 1
1369 201 1
1734 201 1
1966 201 1
245 201 1
3160 201 1
3183 201 1
3356 201 1
3119 201 1
1621 201 1
806 201 1
1208 201 1
0 201 1
1938 201 1
476 201 1
2596 201 1
2034 201 1
257 201 1
2225 201 1
1494 201 1
765 201 1
3721 201 1
819 201 1
1137 201 1
444 201 1
2666 201 1
2255 201 1
3750 201 1
3582 201 1
3823 201 1
2817 201 1
1431 201 1
2047 201 1
3236 201 1
1131 201 1
2141 201 1
2050 201 1
3056 201 1
3095 201 1
3217 201 1
1148 201 1
1870 201 1
1036 201 1
2259 201 1
698 201 1
2314 201 1
2330 201 1
122 201 1
1535 201 1
523 201 1
3130 201 1
1648 201 1
3131 201 1
2993 201 1
630 201 1
2628 201 1
2734 201 1
366 201 1
3135 201 1
1226 201 1
3554 201 1
3706 201 1
681 201 1
411 201 1
3569 201 1
1642 201 1
3376 201 1
1704 201 1
1196 201 1
607 201 1
1675 201 1
167 201 1
3627 201 1
2451 201 1
2316 201 1
3529 201 1
2136 201 1
963 201 1
492 201 1
3194 201 1
179 201 1
2449 201 1
2035 201 1
363 201 1
2678 201 1
1181 201 1
2394 201 1
590 201 1
1901 201 1
2453 201 1
1833 201 1
3295 201 1
3175 201 1
2637 201 1
52 201 1
3019 201 1
2697 201 1
1739 201 1
1843 201 1
236 201 1
1035 201 1
848 201 1
2217 201 1
351 201 1
2952 201 1
3260 201 1
97 201 1
2985 201 1
1507 201 1
2628 201 1
778 201 1
3189 201 1
1337 201 1
3265 201 1
1666 201 1
1178 201 1
3184 201 1
164 201 1
537 201 1
3098 201 1
1965 201 1
2635 201 1
2160 201 1
574 201 1
604 201 1
2149 201 1
2772 201 1
1222 201 1
3004 201 1
2695 201 1
2843 201 1
3770 201 1
3381 201 1
1591 201 1
1252 201 1
1955 201 1
3035 201 1
2407 201 1
1316 201 1
3469 201 1
837 201 1
790 201 1
3303 201 1
2872 201 1
717 201 1
2678 201 1
3446 201 1
430 201 1
1870 201 1
2344 201 1
1250 201 1
218 201 1
1141 201 1
855 201 1
2438 201 1
617 201 1
3407 201 1
3852 201 1
1949 201 1
2953 201 1
3327 201 1
1592 201 1
2939 201 1
3382 201 1
2823 201 1
2303 201 1
2916 201 1
1283 201 1
648 201 1
3529 201 1
866 201 1
85 201 1
2525 201 1
613 201 1
3579 201 1
713 201 1
2246 201 1
1186 201 1
2093 201 1
102 201 1
1949 201 1
403 201 1
2752 201 1
604 201 1
2533 201 1
2947 201 1
1911 201 1
1042 201 1
706 201 1
2914 201 1
1112 201 1
506 201 1
3484 201 1
473 201 1
2282 201 1
3032 201 1
65 201 1
2307 201 1
2875 201 1
20 201 1
3085 201 1
849 201 1
16 201 1
2818 201 1
2415 201 1
2784 201 1
1037 201 1
1756 201 1
2923 201 1
754 201 1
393 201 1
3768 201 1
1178 201 1
3386 201 1
3644 201 1
1892 201 1
689 201 1
2315 201 1
1514 201 1
2136 201 1
2445 201 1
561 201 1
1898 201 1
3699 201 1
2252 201 1
2322 201 1
3367 201 1
2842 201 1
2769 201 1
1822 201 1
2735 201 1
826 201 1
3369 201 1
776 201 1
1431 201 1
2095 201 1
3095 201 1
736 201 1
2349 201 1
1569 201 1
180 201 1
1315 201 1
646 201 1
3189 201 1
3455 201 1
2570 201 1
3801 201 1
1313 201 1
1380 201 1
1730 201 1
1520 201 1
3369 201 1
1710 201 1
421 201 1
2114 201 1
1262 201 1
2128 201 1
681 201 1
2746 201 1
3042 201 1
836 201 1
3328 201 1
357 201 1
260 201 1
2875 201 1
293 201 1
72 201 1
3512 201 1
2499 201 1
2440 201 1
1446 201 1
2237 201 1
1421 201 1
3755 201 1
1339 201 1
73 201 1
701 201 1
2061 201 1
1005 201 1
465 201 1
3166 201 1
3130 201 1
2826 201 1
2907 201 1
1757 202 1
3316 202 1
610 202 1
499 202 1
3760 202 1
1975 202 1
2209 202 1
500 202 1
3058 202 1
2281 202 1
1121 202 1
1613 202 1
2727 202 1
762 202 1
635 202 1
1690 202 1
3335 202 1
2271 202 1
3156 202 1
2495 202 1
3456 202 1
3418 202 1
2370 202 1
2605 202 1
281 202 1
466 202 1
3634 202 1
249 202 1
2011 202 1
839 202 1
541 202 1
1837 202 1
650 202 1
2474 202 1
1076 202 1
3799 202 1
2406 202 1
2123 202 1
2788 202 1
1445 202 1
1252 202 1
1032 202 1
157 202 1
1666 202 1
1999 202 1
2081 202 1
22 202 1
3371 202 1
2109 202 1
887 202 1
3124 202 1
1708 202 1
658 202 1
870 202 1
2076 202 1
3249 202 1
2886 202 1
424 202 1
3385 202 1
2447 202 1
1858 202 1
2181 202 1
1632 202 1
2723 202 1
75 202 1
2121 202 1
760 202 1
2678 202 1
3816 202 1
551 202 1
2584 202 1
2005 202 1
263 202 1
3277 202 1
3367 202 1
1197 202 1
60 202 1
1298 202 1
3358 202 1
3170 202 1
386 202 1
1094 202 1
659 202 1
1424 202 1
1744 202 1
1450 202 1
2654 202 1
1905 202 1
2696 202 1
1206 202 1
1153 202 1
2675 202 1
158 202 1
377 202 1
1838 202 1
1662 202 1
3248 202 1
2814 202 1
2153 202 1
1394 202 1
3564 202 1
1002 202 1
2192 202 1
2203 202 1
1026 202 1
3062 202 1
1799 202 1
2071 202 1
1206 202 1
2522 202 1
3155 202 1
848 202 1
2573 202 1
3385 202 1
386 202 1
1403 202 1
2048 202 1
1679 202 1
1352 202 1
240 202 1
915 202 1
1346 202 1
2821 202 1
663 202 1
917 202 1
2229 202 1
3445 202 1
2040 202 1
3717 202 1
3792 202 1
2886 202 1
3325 202 1
1498 202 1
2219 202 1
877 202 1
2004 202 1
2606 202 1
794 202 1
631 202 1
39 202 1
1339 202 1
1216 202 1
1190 202 1
1116 202 1
2125 202 1
2826 202 1
1899 202 1
1287 202 1
691 202 1
2100 202 1
2833 202 1
1460 202 1
712 202 1
3513 202 1
2062 202 1
3735 202 1
310 202 1
2425 202 1
1001 202 1
2916 202 1
1634 202 1
2782 202 1
618 202 1
2492 202 1
762 202 1
2271 202 1
1990 202 1
91 202 1
2825 202 1
3686 202 1
141 202 1
3473 202 1
1209 202 1
2720 202 1
21 202 1
887 202 1
2143 202 1
1880 202 1
2540 202 1
273 202 1
3071 202 1
1435 202 1
1449 202 1
179 202 1
3463 202 1
1995 202 1
968 202 1
3395 202 1
1631 202 1
593 202 1
2677 202 1
2917 202 1
3313 202 1
3312 202 1
1988 202 1
3264 202 1
3750 202 1
3240 202 1
3487 202 1
3621 202 1
1731 202 1
2080 202 1
1443 202 1
3494 202 1
676 202 1
3547 202 1
1804 202 1
599 202 1
1316 202 1
1971 202 1
801 202 1
735 202 1
3 202 1
3332 202 1
3283 202 1
2392 202 1
2610 202 1
350 202 1
3694 202 1
179 202 1
1102 202 1
395 202 1
3619 202 1
3702 202 1
116 202 1
1542 202 1
2221 202 1
2152 202 1
482 202 1
480 202 1
2220 202 1
2315 202 1
2683 202 1
3502 202 1
2325 202 1
3146 202 1
3781 202 1
1734 202 1
3165 202 1
2447 202 1
619 202 1
200 202 1
2857 202 1
472 202 1
2244 202 1
3599 202 1
2424 202 1
3645 202 1
2073 202 1
1372 202 1
554 202 1
999 202 1
2896 202 1
2473 202 1
3611 202 1
3365 202 1
667 202 1
2712 202 1
3241 202 1
262 202 1
3286 202 1
1854 202 1
2409 202 1
1976 202 1
770 202 1
3428 202 1
3011 202 1
3319 202 1
3499 202 1
1992 202 1
1165 202 1
1582 202 1
24 202 1
180 202 1
3710 202 1
2522 202 1
3434 202 1
1995 202 1
18 202 1
3266 202 1
2709 202 1
3116 202 1
2958 202 1
1035 202 1
1720 202 1
178 202 1
453 202 1
2624 202 1
2828 202 1
719 202 1
1125 202 1
612 202 1
2302 202 1
3487 202 1
82 202 1
651 202 1
273 202 1
1126 202 1
83 202 1
3336 202 1
1897 202 1
3535 202 1
1350 202 1
1302 202 1
3087 202 1
1062 202 1
705 202 1
25 202 1
291 202 1
1444 202 1
1893 202 1
2598 202 1
989 202 1
850 202 1
574 202 1
1051 202 1
3786 202 1
2048 202 1
2458 202 1
2096 202 1
1786 202 1
716 202 1
3692 202 1
287 202 1
3421 202 1
1811 202 1
2731 202 1
1587 202 1
759 202 1
1770 202 1
2453 202 1
2356 202 1
1049 202 1
3414 202 1
666 202 1
3411 202 1
745 202 1
1861 202 1
1883 202 1
3334 202 1
2113 202 1
113 202 1
2585 202 1
3449 202 1
854 202 1
2668 203 1
3302 203 1
1549 203 1
3180 203 1
23 203 1
763 203 1
1459 203 1
2459 203 1
352 203 1
1863 203 1
2068 203 1
3536 203 1
310 203 1
127 203 1
3018 203 1
2299 203 1
3484 203 1
1438 203 1
3483 203 1
1109 203 1
1999 203 1
3841 203 1
1535 203 1
1170 203 1
2227 203 1
2351 203 1
3165 203 1
1089 203 1
3587 203 1
367 203 1
2939 203 1
2462 203 1
288 203 1
3443 203 1
1639 203 1
3364 203 1
951 203 1
3223 203 1
1017 203 1
522 203 1
2470 203 1
1196 203 1
251 203 1
3427 203 1
697 203 1
312 203 1
2810 203 1
1502 203 1
3312 203 1
3058 203 1
2134 203 1
2736 203 1
265 203 1
998 203 1
1602 203 1
3273 203 1
2150 203 1
3217 203 1
3627 203 1
3331 203 1
935 203 1
2075 203 1
3419 203 1
3002 203 1
980 203 1
3112 203 1
1974 203 1
2955 203 1
1034 203 1
3563 203 1
3230 203 1
3649 203 1
3565 203 1
2179 203 1
3389 203 1
2436 203 1
948 203 1
3017 203 1
573 203 1
2204 203 1
2753 203 1
502 203 1
591 203 1
765 203 1
3324 203 1
3624 203 1
3430 203 1
3695 203 1
2017 203 1
2819 203 1
3517 203 1
1227 203 1
266 203 1
1194 203 1
2160 203 1
3027 203 1
3640 203 1
1705 203 1
3635 203 1
1779 203 1
947 203 1
2951 203 1
3820 203 1
3690 203 1
455 203 1
2486 203 1
2357 203 1
1919 203 1
3384 203 1
2678 203 1
3020 203 1
317 203 1
3642 203 1
426 203 1
1056 203 1
385 203 1
1732 203 1
1153 203 1
3003 203 1
1202 203 1
1020 203 1
247 203 1
1195 203 1
1202 203 1
893 203 1
898 203 1
778 203 1
1170 203 1
3758 203 1
1781 203 1
2120 203 1
303 203 1
133 203 1
137 203 1
2506 203 1
3026 203 1
1093 203 1
2042 203 1
541 203 1
194 203 1
2374 203 1
337 203 1
1184 203 1
1800 203 1
3428 203 1
524 203 1
3230 203 1
3580 203 1
400 203 1
1967 203 1
2748 203 1
3358 203 1
61 203 1
2135 203 1
2967 203 1
2821 203 1
3827 203 1
2911 203 1
106 203 1
696 203 1
633 203 1
3398 203 1
486 203 1
2649 203 1
1996 203 1
636 203 1
2663 203 1
1682 203 1
3452 203 1
511 203 1
862 203 1
1693 203 1
409 203 1
523 203 1
3784 203 1
2602 203 1
2756 203 1
3529 203 1
3390 203 1
1369 203 1
185 203 1
3065 203 1
1528 203 1
565 203 1
3758 203 1
3527 203 1
3202 203 1
2714 203 1
1086 203 1
203 203 1
2052 203 1
954 203 1
2369 203 1
3840 203 1
3852 203 1
1585 203 1
2951 203 1
3296 203 1
2045 203 1
738 203 1
2810 203 1
1996 203 1
1780 203 1
2650 203 1
1673 203 1
1722 203 1
1163 203 1
715 203 1
311 203 1
467 203 1
3721 203 1
1820 203 1
967 203 1
2684 203 1
862 203 1
3085 203 1
3450 203 1
1683 203 1
759 203 1
2806 203 1
1769 203 1
2335 203 1
2355 203 1
2509 203 1
561 203 1
3163 203 1
578 203 1
3005 203 1
2095 203 1
2786 203 1
2584 203 1
3518 203 1
1420 203 1
435 203 1
368 203 1
150 203 1
1967 203 1
3425 203 1
2520 203 1
195 203 1
1435 203 1
1968 203 1
1379 203 1
2030 203 1
2924 203 1
3097 203 1
1098 203 1
1662 203 1
826 203 1
3203 203 1
3544 203 1
203 203 1
3669 203 1
3188 203 1
2746 203 1
78 203 1
3653 203 1
868 203 1
2560 203 1
3571 203 1
2599 203 1
952 203 1
283 203 1
3391 203 1
1144 203 1
3236 203 1
1894 203 1
781 203 1
3772 203 1
2546 203 1
2869 203 1
3716 203 1
3484 203 1
3670 203 1
2862 203 1
1361 203 1
3393 203 1
648 203 1
2632 203 1
140 203 1
1439 203 1
2469 203 1
1375 203 1
2870 203 1
254 203 1
3032 203 1
938 203 1
3801 203 1
662 203 1
2668 203 1
239 203 1
1015 203 1
3305 203 1
1411 203 1
774 203 1
2608 203 1
877 203 1
3598 203 1
1840 203 1
2193 203 1
2987 203 1
350 203 1
1771 203 1
1265 203 1
1756 203 1
3667 203 1
3719 203 1
2589 203 1
124 203 1
1167 203 1
1912 203 1
1500 203 1
2715 203 1
2469 203 1
2463 203 1
2862 203 1
3639 203 1
721 203 1
379 203 1
3484 203 1
1628 203 1
1359 203 1
3732 203 1
3212 203 1
2212 203 1
2489 203 1
3782 203 1
3281 203 1
1141 203 1
1471 203 1
2539 203 1
996 203 1
2229 203 1
1499 203 1
1339 203 1
2323 203 1
618 203 1
165 203 1
724 203 1
944 203 1
1041 203 1
682 203 1
2872 203 1
2208 203 1
798 203 1
1195 204 1
1838 204 1
1835 204 1
1243 204 1
949 204 1
1328 204 1
3488 204 1
1190 204 1
104 204 1
2277 204 1
3822 204 1
2024 204 1
1984 204 1
1070 204 1
338 204 1
429 204 1
3353 204 1
1208 204 1
2539 204 1
3437 204 1
649 204 1
3113 204 1
3025 204 1
3089 204 1
1818 204 1
3626 204 1
3562 204 1
3295 204 1
1855 204 1
798 204 1
2135 204 1
2100 204 1
2343 204 1
33 204 1
1889 204 1
3141 204 1
2334 204 1
3417 204 1
3307 204 1
1272 204 1
3807 204 1
3015 204 1
1778 204 1
2283 204 1
2996 204 1
2957 204 1
1091 204 1
280 204 1
3519 204 1
2013 204 1
2872 204 1
1109 204 1
303 204 1
1750 204 1
2429 204 1
3717 204 1
2924 204 1
2233 204 1
2890 204 1
2330 204 1
456 204 1
191 204 1
45 204 1
2669 204 1
3225 204 1
506 204 1
3219 204 1
3387 204 1
337 204 1
3044 204 1
336 204 1
1472 204 1
2025 204 1
2562 204 1
2864 204 1
3162 204 1
1003 204 1
3116 204 1
1505 204 1
2586 204 1
1014 204 1
3597 204 1
1226 204 1
247 204 1
463 204 1
1114 204 1
836 204 1
2865 204 1
3099 204 1
166 204 1
1500 204 1
82 204 1
3706 204 1
1637 204 1
784 204 1
2268 204 1
3690 204 1
447 204 1
2855 204 1
2347 204 1
2869 204 1
1897 204 1
3830 204 1
3814 204 1
2200 204 1
2161 204 1
1553 204 1
2826 204 1
2980 204 1
855 204 1
82 204 1
526 204 1
1032 204 1
1685 204 1
1223 204 1
2108 204 1
3554 204 1
1443 204 1
1201 204 1
331 204 1
502 204 1
3178 204 1
3438 204 1
2489 204 1
3378 204 1
1218 204 1
3383 204 1
1879 204 1
753 204 1
2552 204 1
2242 204 1
2287 204 1
926 204 1
2236 204 1
2505 204 1
1493 204 1
351 204 1
2055 204 1
1423 204 1
1185 204 1
941 204 1
1241 204 1
2637 204 1
1973 204 1
1257 204 1
251 204 1
3205 204 1
3828 204 1
195 204 1
1351 204 1
2626 204 1
1086 204 1
526 204 1
3458 204 1
3082 204 1
3433 204 1
1000 204 1
2743 204 1
2449 204 1
3841 204 1
2540 204 1
755 204 1
713 204 1
1033 204 1
1777 204 1
3225 204 1
3052 204 1
987 204 1
1449 204 1
989 204 1
2770 204 1
1816 204 1
2518 204 1
747 204 1
2786 204 1
3692 204 1
1398 204 1
3492 204 1
1715 204 1
1424 204 1
1955 204 1
1463 204 1
2413 204 1
742 204 1
1130 204 1
1554 204 1
2801 204 1
3088 204 1
977 204 1
2681 204 1
3417 204 1
527 204 1
150 204 1
3130 204 1
3279 204 1
2510 204 1
1943 204 1
1563 204 1
613 204 1
3694 204 1
2397 204 1
1054 204 1
2152 204 1
1697 204 1
1976 204 1
2516 204 1
1280 204 1
2559 204 1
978 204 1
417 204 1
856 204 1
2659 204 1
3025 204 1
3381 204 1
1153 204 1
206 204 1
2941 204 1
3571 204 1
1157 204 1
1010 204 1
2848 204 1
2839 204 1
3045 204 1
14 204 1
2046 204 1
2389 204 1
1213 204 1
2537 204 1
1552 204 1
853 204 1
1992 204 1
931 204 1
1678 204 1
1666 204 1
322 204 1
2207 204 1
2423 204 1
2570 204 1
1164 204 1
3508 204 1
710 204 1
3396 204 1
2225 204 1
1706 204 1
904 204 1
2114 204 1
3311 204 1
867 204 1
361 204 1
3111 204 1
3691 204 1
685 204 1
1759 204 1
3644 204 1
2507 204 1
3028 204 1
1882 204 1
259 204 1
2827 204 1
3060 204 1
675 204 1
3210 204 1
2224 204 1
427 204 1
274 204 1
3815 204 1
524 204 1
3808 204 1
2066 204 1
2348 204 1
1159 204 1
1424 204 1
1284 204 1
3002 204 1
2740 204 1
267 204 1
3004 204 1
2270 204 1
1448 204 1
2462 204 1
1422 204 1
2559 204 1
2219 204 1
150 204 1
1685 204 1
878 204 1
3421 204 1
2818 204 1
2435 204 1
3711 204 1
1750 204 1
2089 204 1
3128 204 1
2525 204 1
1801 204 1
410 204 1
3289 204 1
377 204 1
1096 204 1
2341 204 1
951 204 1
3072 204 1
463 204 1
1781 204 1
3115 204 1
46 204 1
270 204 1
2027 204 1
3164 204 1
2400 204 1
3600 204 1
1991 204 1
2537 204 1
1885 204 1
1054 204 1
2773 204 1
1198 204 1
961 204 1
627 204 1
9 204 1
2449 204 1
3730 204 1
3316 204 1
2809 204 1
228 204 1
3496 204 1
886 204 1
3101 204 1
3488 204 1
2795 204 1
2365 204 1
3419 204 1
2264 204 1
2004 204 1
2947 204 1
277 204 1
1348 204 1
967 204 1
539 204 1
2194 204 1
188 204 1
272 204 1
1209 204 1
2412 204 1
2418 204 1
1140 205 1
1969 205 1
3015 205 1
2792 205 1
270 205 1
3196 205 1
3658 205 1
3588 205 1
2314 205 1
955 205 1
975 205 1
3449 205 1
3211 205 1
1678 205 1
1442 205 1
310 205 1
1358 205 1
570 205 1
1749 205 1
1108 205 1
3544 205 1
1066 205 1
1814 205 1
3387 205 1
686 205 1
3422 205 1
1357 205 1
4 205 1
991 205 1
2073 205 1
3067 205 1
3220 205 1
3612 205 1
666 205 1
744 205 1
3280 205 1
3193 205 1
3384 205 1
1583 205 1
535 205 1
277 205 1
1903 205 1
2269 205 1
1737 205 1
1126 205 1
1356 205 1
77 205 1
831 205 1
884 205 1
388 205 1
2446 205 1
3612 205 1
1287 205 1
418 205 1
827 205 1
998 205 1
2012 205 1
3279 205 1
3460 205 1
3319 205 1
3734 205 1
2301 205 1
2027 205 1
1185 205 1
3396 205 1
2278 205 1
3446 205 1
937 205 1
1262 205 1
983 205 1
3153 205 1
1485 205 1
2566 205 1
744 205 1
3652 205 1
4 205 1
3434 205 1
3577 205 1
260 205 1
1639 205 1
43 205 1
3451 205 1
947 205 1
198 205 1
1904 205 1
1383 205 1
3610 205 1
2207 205 1
2492 205 1
1341 205 1
1057 205 1
782 205 1
2902 205 1
730 205 1
1128 205 1
441 205 1
1204 205 1
663 205 1
833 205 1
2256 205 1
2167 205 1
1860 205 1
3562 205 1
146 205 1
3263 205 1
1672 205 1
2360 205 1
336 205 1
2951 205 1
3400 205 1
529 205 1
3846 205 1
3242 205 1
3026 205 1
3810 205 1
42 205 1
1488 205 1
852 205 1
2476 205 1
794 205 1
2316 205 1
3215 205 1
791 205 1
844 205 1
571 205 1
2859 205 1
2061 205 1
3807 205 1
2736 205 1
113 205 1
838 205 1
2665 205 1
883 205 1
767 205 1
1968 205 1
3419 205 1
3151 205 1
457 205 1
1212 205 1
987 205 1
2898 205 1
1653 205 1
2510 205 1
166 205 1
3404 205 1
3616 205 1
1844 205 1
540 205 1
1777 205 1
784 205 1
1020 205 1
1056 205 1
2145 205 1
780 205 1
2308 205 1
973 205 1
360 205 1
117 205 1
2315 205 1
3697 205 1
614 205 1
3803 205 1
2356 205 1
2129 205 1
2308 205 1
1338 205 1
1375 205 1
2362 205 1
865 205 1
85 205 1
392 205 1
670 205 1
2950 205 1
2037 205 1
1269 205 1
2121 205 1
3636 205 1
3720 205 1
3489 205 1
2907 205 1
1330 205 1
2749 205 1
2644 205 1
667 205 1
830 205 1
2657 205 1
1668 205 1
3814 205 1
3442 205 1
767 205 1
594 205 1
1382 205 1
3748 205 1
949 205 1
1727 205 1
913 205 1
2751 205 1
2057 205 1
1002 205 1
3459 205 1
1440 205 1
1028 205 1
2972 205 1
247 205 1
532 205 1
521 205 1
2797 205 1
401 205 1
3212 205 1
2291 205 1
128 205 1
1136 205 1
754 205 1
3732 205 1
2923 205 1
1316 205 1
2606 205 1
2006 205 1
534 205 1
3169 205 1
1589 205 1
1982 205 1
253 205 1
2166 205 1
2813 205 1
3201 205 1
225 205 1
2874 205 1
858 205 1
2101 205 1
3119 205 1
2083 205 1
3128 205 1
2294 205 1
1259 205 1
2590 205 1
2245 205 1
646 205 1
473 205 1
2039 205 1
3058 205 1
1240 205 1
909 205 1
3712 205 1
1348 205 1
1948 205 1
2672 205 1
3732 205 1
2350 205 1
621 205 1
679 205 1
768 205 1
2848 205 1
1107 205 1
2394 205 1
3700 205 1
2736 205 1
824 205 1
1333 205 1
2369 205 1
367 205 1
834 205 1
3466 205 1
244 205 1
454 205 1
3655 205 1
3771 205 1
838 205 1
3356 205 1
3429 205 1
3837 205 1
3326 205 1
3210 205 1
120 205 1
1876 205 1
2948 205 1
554 205 1
3613 205 1
2198 205 1
1004 205 1
1381 205 1
2801 205 1
3352 205 1
3807 205 1
3687 205 1
348 205 1
3530 205 1
456 205 1
3247 205 1
1034 205 1
752 205 1
2368 205 1
3220 205 1
2966 205 1
2306 205 1
1539 205 1
19 205 1
3485 205 1
1076 205 1
196 205 1
1210 205 1
667 205 1
3285 205 1
1919 205 1
1247 205 1
439 205 1
3086 205 1
848 205 1
147 205 1
2129 205 1
2804 205 1
2257 205 1
2067 205 1
703 205 1
163 205 1
2735 205 1
2126 205 1
570 205 1
2716 205 1
3233 205 1
1905 205 1
2376 205 1
3726 205 1
3498 205 1
638 205 1
3281 205 1
3317 205 1
3232 205 1
2183 205 1
1219 205 1
635 205 1
56 205 1
828 205 1
1091 205 1
1135 205 1
1916 205 1
2152 205 1
309 205 1
3666 205 1
1198 205 1
1158 205 1
407 205 1
2153 205 1
1622 205 1
1709 205 1
896 206 1
2275 206 1
3680 206 1
3151 206 1
1569 206 1
2007 206 1
3634 206 1
3336 206 1
763 206 1
3431 206 1
2394 206 1
508 206 1
809 206 1
3644 206 1
3366 206 1
2363 206 1
2871 206 1
15 206 1
2015 206 1
447 206 1
2256 206 1
1158 206 1
1720 206 1
71 206 1
2583 206 1
3299 206 1
458 206 1
626 206 1
39 206 1
1744 206 1
3123 206 1
3093 206 1
2825 206 1
1694 206 1
3514 206 1
1162 206 1
1385 206 1
2672 206 1
732 206 1
1920 206 1
2244 206 1
2305 206 1
2556 206 1
1029 206 1
1895 206 1
2683 206 1
648 206 1
1520 206 1
3221 206 1
1568 206 1
3852 206 1
1283 206 1
345 206 1
832 206 1
1238 206 1
3385 206 1
198 206 1
1853 206 1
792 206 1
1029 206 1
780 206 1
946 206 1
24 206 1
2302 206 1
3353 206 1
1772 206 1
810 206 1
1116 206 1
137 206 1
2453 206 1
3345 206 1
2772 206 1
361 206 1
2124 206 1
2831 206 1
986 206 1
1419 206 1
956 206 1
2261 206 1
1075 206 1
898 206 1
3125 206 1
586 206 1
1355 206 1
1998 206 1
2976 206 1
3659 206 1
2954 206 1
2834 206 1
1193 206 1
586 206 1
3752 206 1
1653 206 1
3668 206 1
2644 206 1
1924 206 1
3290 206 1
747 206 1
2318 206 1
3323 206 1
2541 206 1
990 206 1
1028 206 1
2380 206 1
3059 206 1
293 206 1
2258 206 1
1018 206 1
2192 206 1
635 206 1
2203 206 1
3420 206 1
2530 206 1
2999 206 1
1071 206 1
3751 206 1
2519 206 1
3691 206 1
3262 206 1
1470 206 1
3305 206 1
1409 206 1
2595 206 1
1014 206 1
1936 206 1
2771 206 1
1240 206 1
2193 206 1
856 206 1
3051 206 1
722 206 1
2036 206 1
3422 206 1
1759 206 1
1888 206 1
494 206 1
2884 206 1
577 206 1
1844 206 1
1605 206 1
2135 206 1
2634 206 1
3416 206 1
2067 206 1
2027 206 1
894 206 1
461 206 1
1744 206 1
1854 206 1
702 206 1
2078 206 1
2949 206 1
3207 206 1
1812 206 1
1478 206 1
1397 206 1
2670 206 1
710 206 1
2054 206 1
1117 206 1
264 206 1
1145 206 1
2880 206 1
2554 206 1
613 206 1
2522 206 1
3653 206 1
2631 206 1
1312 206 1
2487 206 1
3385 206 1
3362 206 1
2031 206 1
3475 206 1
1181 206 1
1613 206 1
3718 206 1
807 206 1
2265 206 1
280 206 1
3468 206 1
37 206 1
121 206 1
557 206 1
304 206 1
2499 206 1
1199 206 1
300 206 1
1799 206 1
2120 206 1
468 206 1
2260 206 1
1730 206 1
2567 206 1
1880 206 1
1656 206 1
1632 206 1
2965 206 1
3715 206 1
1340 206 1
251 206 1
1025 206 1
2727 206 1
2207 206 1
2340 206 1
2887 206 1
2764 206 1
1075 206 1
3592 206 1
3598 206 1
3034 206 1
1776 206 1
888 206 1
3077 206 1
754 206 1
1601 206 1
113 206 1
3536 206 1
63 206 1
156 206 1
3733 206 1
840 206 1
1380 206 1
1289 206 1
2943 206 1
2076 206 1
3785 206 1
1355 206 1
3335 206 1
3548 206 1
946 206 1
1992 206 1
3238 206 1
612 206 1
1359 206 1
1182 206 1
1498 206 1
42 206 1
3789 206 1
1755 206 1
2919 206 1
1263 206 1
3433 206 1
3856 206 1
2785 206 1
3201 206 1
1312 206 1
279 206 1
263 206 1
715 206 1
1075 206 1
3515 206 1
1901 206 1
2009 206 1
3342 206 1
635 206 1
3112 206 1
333 206 1
1154 206 1
3594 206 1
3028 206 1
2513 206 1
1047 206 1
3459 206 1
2934 206 1
2007 206 1
280 206 1
2214 206 1
2419 206 1
2420 206 1
1517 206 1
3074 206 1
3766 206 1
1772 206 1
125 206 1
543 206 1
3059 206 1
2539 206 1
1130 206 1
3412 206 1
2085 206 1
1474 206 1
3426 206 1
1364 206 1
3282 206 1
3800 206 1
2388 206 1
1598 206 1
2916 206 1
1083 206 1
391 206 1
244 206 1
1453 206 1
2086 206 1
3425 206 1
1024 206 1
3000 206 1
2564 206 1
1506 206 1
3134 206 1
0 206 1
2272 206 1
891 206 1
3297 206 1
2161 206 1
2138 206 1
483 206 1
2490 206 1
3482 206 1
2803 206 1
3761 206 1
1090 206 1
2994 206 1
1678 206 1
2587 206 1
3680 206 1
1660 206 1
144 206 1
1017 206 1
3855 206 1
523 206 1
63 206 1
1595 206 1
2574 206 1
871 206 1
337 206 1
2077 206 1
111 206 1
318 206 1
1249 206 1
1302 206 1
1613 206 1
2143 206 1
2952 206 1
145 206 1
3441 206 1
681 206 1
252 206 1
2314 206 1
161 206 1
2579 206 1
333 206 1
3221 206 1
1878 206 1
1373 206 1
1993 207 1
2335 207 1
2154 207 1
1443 207 1
3576 207 1
1665 207 1
1416 207 1
385 207 1
3062 207 1
3172 207 1
1521 207 1
3795 207 1
1522 207 1
818 207 1
2432 207 1
1452 207 1
3807 207 1
2531 207 1
3201 207 1
276 207 1
2993 207 1
482 207 1
762 207 1
975 207 1
113 207 1
1532 207 1
1945 207 1
1919 207 1
779 207 1
3737 207 1
1702 207 1
1674 207 1
578 207 1
3063 207 1
3641 207 1
2047 207 1
876 207 1
591 207 1
166 207 1
2291 207 1
1628 207 1
1481 207 1
2178 207 1
2130 207 1
3856 207 1
1617 207 1
3283 207 1
2646 207 1
902 207 1
2571 207 1
492 207 1
1438 207 1
919 207 1
20 207 1
1991 207 1
3357 207 1
350 207 1
81 207 1
2338 207 1
1671 207 1
477 207 1
550 207 1
1816 207 1
1664 207 1
2396 207 1
2934 207 1
1404 207 1
3065 207 1
1791 207 1
2571 207 1
633 207 1
1826 207 1
1270 207 1
402 207 1
2329 207 1
2409 207 1
1602 207 1
3657 207 1
357 207 1
2702 207 1
402 207 1
3222 207 1
831 207 1
1480 207 1
3086 207 1
494 207 1
2255 207 1
2152 207 1
2421 207 1
3611 207 1
3751 207 1
920 207 1
3775 207 1
863 207 1
2309 207 1
1811 207 1
496 207 1
1815 207 1
840 207 1
311 207 1
947 207 1
3575 207 1
3529 207 1
1375 207 1
1543 207 1
2067 207 1
672 207 1
528 207 1
2143 207 1
3012 207 1
2315 207 1
2614 207 1
2719 207 1
3477 207 1
3852 207 1
1236 207 1
1950 207 1
2328 207 1
744 207 1
1384 207 1
3701 207 1
2596 207 1
516 207 1
3334 207 1
822 207 1
2691 207 1
3403 207 1
3736 207 1
2981 207 1
128 207 1
1019 207 1
2724 207 1
3455 207 1
1759 207 1
3590 207 1
1606 207 1
1661 207 1
3254 207 1
1748 207 1
3541 207 1
2739 207 1
3727 207 1
988 207 1
2938 207 1
3123 207 1
1797 207 1
2756 207 1
957 207 1
1481 207 1
1693 207 1
3426 207 1
2057 207 1
613 207 1
3355 207 1
3091 207 1
3228 207 1
1352 207 1
2417 207 1
3436 207 1
2663 207 1
524 207 1
3111 207 1
2773 207 1
986 207 1
3382 207 1
508 207 1
673 207 1
3388 207 1
2823 207 1
547 207 1
548 207 1
2403 207 1
3567 207 1
1583 207 1
226 207 1
554 207 1
1423 207 1
3677 207 1
771 207 1
1413 207 1
2547 207 1
1779 207 1
1105 207 1
1033 207 1
1807 207 1
2503 207 1
2363 207 1
566 207 1
3223 207 1
605 207 1
480 207 1
2555 207 1
951 207 1
3733 207 1
2745 207 1
2636 207 1
3150 207 1
1873 207 1
3552 207 1
2265 207 1
2470 207 1
2667 207 1
2829 207 1
3337 207 1
170 207 1
2056 207 1
2642 207 1
2997 207 1
1398 207 1
1345 207 1
964 207 1
885 207 1
380 207 1
3697 207 1
3769 207 1
3124 207 1
1474 207 1
1271 207 1
3434 207 1
233 207 1
624 207 1
3005 207 1
3480 207 1
2225 207 1
3042 207 1
715 207 1
1418 207 1
2339 207 1
2727 207 1
101 207 1
146 207 1
1101 207 1
3468 207 1
3553 207 1
1619 207 1
2270 207 1
1732 207 1
486 207 1
1791 207 1
3136 207 1
2307 207 1
2684 207 1
3226 207 1
26 207 1
2764 207 1
3199 207 1
871 207 1
1667 207 1
1972 207 1
589 207 1
3441 207 1
2572 207 1
1459 207 1
1701 207 1
177 207 1
2933 207 1
1430 207 1
3822 207 1
2663 207 1
3542 207 1
1456 207 1
533 207 1
972 207 1
1530 207 1
3686 207 1
3236 207 1
1510 207 1
2604 207 1
172 207 1
475 207 1
3200 207 1
971 207 1
214 207 1
1264 207 1
2106 207 1
758 207 1
3562 207 1
260 207 1
3565 207 1
1280 207 1
3345 207 1
3633 207 1
1570 207 1
788 207 1
1625 207 1
2833 207 1
3104 207 1
3785 207 1
2168 207 1
248 207 1
25 207 1
3642 207 1
2538 207 1
2828 207 1
2295 207 1
2631 207 1
2849 207 1
2725 207 1
3844 207 1
1259 207 1
711 207 1
2013 207 1
3569 207 1
1148 207 1
2965 207 1
1222 207 1
3314 207 1
3858 207 1
1036 207 1
3648 207 1
2518 207 1
2854 207 1
518 207 1
836 207 1
3563 207 1
3136 207 1
1731 207 1
3011 207 1
2352 207 1
3481 207 1
1087 207 1
901 207 1
950 207 1
3518 207 1
58 207 1
3248 207 1
3150 207 1
853 207 1
2699 207 1
1186 207 1
2523 207 1
616 207 1
744 207 1
1354 207 1
3053 207 1
3577 207 1
1968 207 1
96 207 1
2661 207 1
3214 207 1
985 207 1
2316 207 1
471 207 1
1594 207 1
489 207 1
3120 208 1
50 208 1
2150 208 1
2518 208 1
3289 208 1
2753 208 1
3728 208 1
3652 208 1
2313 208 1
2615 208 1
2385 208 1
373 208 1
1542 208 1
3823 208 1
2230 208 1
1575 208 1
2792 208 1
3833 208 1
2107 208 1
1242 208 1
222 208 1
3560 208 1
292 208 1
2491 208 1
1357 208 1
2402 208 1
743 208 1
1390 208 1
1142 208 1
189 208 1
1710 208 1
3049 208 1
596 208 1
726 208 1
106 208 1
3314 208 1
193 208 1
2630 208 1
3434 208 1
386 208 1
1800 208 1
3136 208 1
2800 208 1
2526 208 1
3454 208 1
2422 208 1
2226 208 1
3753 208 1
2873 208 1
1346 208 1
2215 208 1
2557 208 1
2109 208 1
1889 208 1
3066 208 1
3644 208 1
3055 208 1
279 208 1
398 208 1
2030 208 1
3649 208 1
153 208 1
1887 208 1
2146 208 1
3291 208 1
788 208 1
1597 208 1
1729 208 1
762 208 1
2319 208 1
1282 208 1
3658 208 1
816 208 1
521 208 1
1002 208 1
1629 208 1
166 208 1
3347 208 1
2734 208 1
2196 208 1
2524 208 1
1317 208 1
2618 208 1
3639 208 1
3769 208 1
1802 208 1
1903 208 1
2538 208 1
3380 208 1
2050 208 1
941 208 1
1472 208 1
1924 208 1
3435 208 1
315 208 1
3193 208 1
3247 208 1
79 208 1
1297 208 1
201 208 1
3325 208 1
2838 208 1
3191 208 1
114 208 1
3498 208 1
3611 208 1
1668 208 1
3209 208 1
3493 208 1
2180 208 1
2227 208 1
6 208 1
3117 208 1
2938 208 1
1543 208 1
2793 208 1
2069 208 1
2919 208 1
1295 208 1
3567 208 1
1906 208 1
1802 208 1
619 208 1
3155 208 1
2164 208 1
99 208 1
3722 208 1
667 208 1
261 208 1
2057 208 1
2228 208 1
1556 208 1
2838 208 1
2868 208 1
2815 208 1
633 208 1
1502 208 1
2314 208 1
1869 208 1
3329 208 1
3114 208 1
2599 208 1
244 208 1
3521 208 1
3403 208 1
3842 208 1
1814 208 1
929 208 1
711 208 1
3066 208 1
2864 208 1
685 208 1
121 208 1
2760 208 1
1758 208 1
1789 208 1
1826 208 1
3063 208 1
1060 208 1
986 208 1
1376 208 1
1999 208 1
2354 208 1
3751 208 1
521 208 1
3272 208 1
911 208 1
2503 208 1
1021 208 1
2639 208 1
3218 208 1
3662 208 1
1349 208 1
1818 208 1
670 208 1
184 208 1
770 208 1
881 208 1
75 208 1
396 208 1
1854 208 1
1653 208 1
2331 208 1
3096 208 1
2693 208 1
2831 208 1
1804 208 1
1616 208 1
2171 208 1
582 208 1
3035 208 1
384 208 1
2288 208 1
319 208 1
1349 208 1
3319 208 1
3477 208 1
2120 208 1
3653 208 1
2045 208 1
1560 208 1
480 208 1
2322 208 1
1018 208 1
1059 208 1
2194 208 1
2525 208 1
271 208 1
2556 208 1
3007 208 1
1156 208 1
1685 208 1
963 208 1
3809 208 1
2146 208 1
2081 208 1
379 208 1
1612 208 1
1605 208 1
2040 208 1
3299 208 1
2092 208 1
3231 208 1
3464 208 1
925 208 1
1632 208 1
1036 208 1
2167 208 1
2788 208 1
463 208 1
3843 208 1
3846 208 1
581 208 1
402 208 1
1767 208 1
2188 208 1
604 208 1
2543 208 1
3388 208 1
3577 208 1
1619 208 1
1475 208 1
251 208 1
3775 208 1
59 208 1
687 208 1
2613 208 1
561 208 1
80 208 1
1131 208 1
2568 208 1
3146 208 1
3184 208 1
3706 208 1
3515 208 1
1092 208 1
3513 208 1
1209 208 1
1833 208 1
2401 208 1
3564 208 1
1914 208 1
3479 208 1
853 208 1
3116 208 1
558 208 1
1837 208 1
2306 208 1
2543 208 1
1318 208 1
3614 208 1
3770 208 1
3572 208 1
2070 208 1
829 208 1
2261 208 1
2893 208 1
334 208 1
3477 208 1
1165 208 1
2338 208 1
1375 208 1
1801 208 1
2227 208 1
2129 208 1
2053 208 1
582 208 1
1111 208 1
2052 208 1
1757 208 1
43 208 1
2701 208 1
190 208 1
443 208 1
3068 208 1
981 208 1
176 208 1
1746 208 1
2249 208 1
973 208 1
2415 208 1
236 208 1
3524 208 1
3500 208 1
2890 208 1
457 208 1
1474 208 1
414 208 1
3449 208 1
2224 208 1
965 208 1
1481 208 1
2089 208 1
3561 208 1
2542 208 1
1585 208 1
3237 208 1
19 208 1
1115 208 1
437 208 1
1198 208 1
7 208 1
3221 208 1
2118 208 1
2747 208 1
1259 208 1
1588 208 1
2023 208 1
617 208 1
1943 208 1
3423 208 1
2572 208 1
3235 208 1
2422 208 1
1679 208 1
3075 208 1
1223 208 1
3293 208 1
497 208 1
2968 208 1
2761 208 1
3616 208 1
3163 208 1
3757 208 1
2747 208 1
1370 209 1
935 209 1
481 209 1
2742 209 1
1402 209 1
1520 209 1
1405 209 1
2491 209 1
3301 209 1
2698 209 1
976 209 1
2674 209 1
2045 209 1
3107 209 1
3786 209 1
1637 209 1
474 209 1
2941 209 1
3669 209 1
3841 209 1
3526 209 1
615 209 1
928 209 1
1822 209 1
1485 209 1
3155 209 1
2624 209 1
2963 209 1
401 209 1
2280 209 1
3112 209 1
834 209 1
1381 209 1
898 209 1
1223 209 1
425 209 1
97 209 1
2944 209 1
3812 209 1
3297 209 1
84 209 1
3043 209 1
3375 209 1
2078 209 1
3749 209 1
2229 209 1
2262 209 1
1968 209 1
350 209 1
2309 209 1
1741 209 1
1499 209 1
3340 209 1
744 209 1
1007 209 1
217 209 1
136 209 1
1125 209 1
1190 209 1
1964 209 1
2275 209 1
3663 209 1
1574 209 1
1798 209 1
1449 209 1
2308 209 1
1989 209 1
1267 209 1
2517 209 1
1479 209 1
1763 209 1
1375 209 1
3840 209 1
2987 209 1
2299 209 1
299 209 1
2115 209 1
729 209 1
1889 209 1
1313 209 1
1446 209 1
1990 209 1
2688 209 1
1464 209 1
1009 209 1
2639 209 1
1907 209 1
3054 209 1
623 209 1
568 209 1
1808 209 1
2178 209 1
3007 209 1
696 209 1
3247 209 1
3283 209 1
3497 209 1
2120 209 1
972 209 1
2620 209 1
3832 209 1
3294 209 1
2957 209 1
1531 209 1
3418 209 1
2953 209 1
833 209 1
282 209 1
621 209 1
1188 209 1
2880 209 1
3115 209 1
615 209 1
3599 209 1
2851 209 1
751 209 1
2444 209 1
559 209 1
261 209 1
2442 209 1
3560 209 1
309 209 1
176 209 1
1453 209 1
263 209 1
2832 209 1
3585 209 1
1246 209 1
3849 209 1
233 209 1
3572 209 1
3080 209 1
2699 209 1
2004 209 1
1929 209 1
3538 209 1
1439 209 1
1649 209 1
3661 209 1
1336 209 1
1263 209 1
1958 209 1
1575 209 1
3120 209 1
381 209 1
2759 209 1
3167 209 1
313 209 1
31 209 1
3448 209 1
1135 209 1
1998 209 1
1376 209 1
2874 209 1
2212 209 1
2741 209 1
1383 209 1
1473 209 1
3454 209 1
3037 209 1
416 209 1
176 209 1
3314 209 1
232 209 1
3084 209 1
1206 209 1
1012 209 1
364 209 1
1683 209 1
2168 209 1
136 209 1
1023 209 1
3423 209 1
1391 209 1
1884 209 1
603 209 1
3317 209 1
3206 209 1
2077 209 1
307 209 1
2791 209 1
2791 209 1
3321 209 1
1358 209 1
3672 209 1
1133 209 1
3442 209 1
169 209 1
1501 209 1
2081 209 1
341 209 1
3687 209 1
536 209 1
3553 209 1
2324 209 1
2730 209 1
1933 209 1
1296 209 1
1057 209 1
3461 209 1
1096 209 1
2132 209 1
1994 209 1
2027 209 1
3067 209 1
1265 209 1
1842 209 1
450 209 1
3500 209 1
1334 209 1
1810 209 1
2317 209 1
94 209 1
624 209 1
2909 209 1
1432 209 1
3081 209 1
1464 209 1
381 209 1
702 209 1
2777 209 1
1185 209 1
2991 209 1
2937 209 1
867 209 1
169 209 1
3293 209 1
1112 209 1
3419 209 1
1866 209 1
824 209 1
803 209 1
1132 209 1
2305 209 1
1975 209 1
635 209 1
1214 209 1
791 209 1
1718 209 1
384 209 1
1356 209 1
2913 209 1
779 209 1
1338 209 1
857 209 1
2494 209 1
1423 209 1
2847 209 1
3349 209 1
3149 209 1
487 209 1
598 209 1
2221 209 1
3667 209 1
3138 209 1
1673 209 1
2329 209 1
3342 209 1
290 209 1
466 209 1
2391 209 1
1440 209 1
446 209 1
2622 209 1
2070 209 1
355 209 1
2729 209 1
1178 209 1
808 209 1
1196 209 1
3218 209 1
2385 209 1
3618 209 1
2484 209 1
253 209 1
3756 209 1
733 209 1
3317 209 1
1963 209 1
167 209 1
1199 209 1
286 209 1
2441 209 1
2768 209 1
352 209 1
1741 209 1
3009 209 1
2453 209 1
2850 209 1
1782 209 1
2702 209 1
1316 209 1
2687 209 1
2220 209 1
2370 209 1
5 209 1
3136 209 1
787 209 1
2312 209 1
1238 209 1
519 209 1
327 209 1
2618 209 1
981 209 1
1983 209 1
231 209 1
3439 209 1
251 209 1
2191 209 1
771 209 1
1706 209 1
2619 209 1
2084 209 1
2388 209 1
2719 209 1
275 209 1
651 209 1
3027 209 1
3383 209 1
2868 209 1
2634 209 1
89 209 1
1153 209 1
1586 209 1
2516 209 1
2695 209 1
1933 209 1
3708 209 1
390 209 1
3517 209 1
2933 209 1
1751 209 1
2913 209 1
1715 209 1
3414 209 1
1354 209 1
2043 209 1
253 209 1
3101 209 1
2175 209 1
726 209 1
1669 209 1
1383 209 1
3118 209 1
1516 209 1
1429 210 1
2562 210 1
2373 210 1
2485 210 1
950 210 1
2178 210 1
2870 210 1
3735 210 1
892 210 1
1613 210 1
2517 210 1
2419 210 1
2708 210 1
2117 210 1
740 210 1
2885 210 1
3125 210 1
3812 210 1
1603 210 1
348 210 1
1357 210 1
2686 210 1
39 210 1
3704 210 1
2872 210 1
3597 210 1
174 210 1
1605 210 1
396 210 1
2795 210 1
2906 210 1
1758 210 1
241 210 1
3085 210 1
2206 210 1
3632 210 1
2856 210 1
542 210 1
629 210 1
2951 210 1
2735 210 1
3291 210 1
1505 210 1
213 210 1
2498 210 1
2081 210 1
1639 210 1
690 210 1
1218 210 1
3447 210 1
701 210 1
3370 210 1
2595 210 1
1492 210 1
3641 210 1
1417 210 1
1093 210 1
227 210 1
1264 210 1
2170 210 1
1557 210 1
432 210 1
1943 210 1
526 210 1
1840 210 1
3728 210 1
331 210 1
1598 210 1
585 210 1
2587 210 1
3526 210 1
263 210 1
3717 210 1
3476 210 1
2612 210 1
3509 210 1
3752 210 1
1428 210 1
1434 210 1
2974 210 1
3120 210 1
875 210 1
73 210 1
732 210 1
1674 210 1
491 210 1
3352 210 1
2714 210 1
2892 210 1
546 210 1
2716 210 1
2388 210 1
2672 210 1
665 210 1
1807 210 1
2319 210 1
3593 210 1
2539 210 1
3225 210 1
1714 210 1
1616 210 1
3624 210 1
2132 210 1
1599 210 1
3243 210 1
2046 210 1
2687 210 1
659 210 1
619 210 1
2098 210 1
1756 210 1
313 210 1
3716 210 1
2485 210 1
610 210 1
3166 210 1
2611 210 1
109 210 1
2420 210 1
846 210 1
2695 210 1
44 210 1
2661 210 1
2105 210 1
1623 210 1
3786 210 1
206 210 1
1595 210 1
1445 210 1
340 210 1
3206 210 1
2127 210 1
2308 210 1
1714 210 1
243 210 1
1347 210 1
2627 210 1
968 210 1
3019 210 1
1916 210 1
3576 210 1
450 210 1
2076 210 1
410 210 1
3569 210 1
2930 210 1
2473 210 1
551 210 1
2614 210 1
1342 210 1
119 210 1
1882 210 1
208 210 1
1845 210 1
2187 210 1
972 210 1
950 210 1
1594 210 1
341 210 1
867 210 1
2341 210 1
2002 210 1
2941 210 1
2209 210 1
158 210 1
1419 210 1
242 210 1
2423 210 1
624 210 1
173 210 1
1597 210 1
3305 210 1
2532 210 1
2943 210 1
2764 210 1
881 210 1
2383 210 1
2587 210 1
895 210 1
3368 210 1
1650 210 1
2079 210 1
1101 210 1
3657 210 1
2246 210 1
242 210 1
3134 210 1
50 210 1
854 210 1
3165 210 1
440 210 1
2600 210 1
811 210 1
1369 210 1
2233 210 1
2741 210 1
2245 210 1
1455 210 1
3025 210 1
2207 210 1
2745 210 1
1265 210 1
1579 210 1
672 210 1
3050 210 1
3645 210 1
1981 210 1
3399 210 1
3392 210 1
931 210 1
3347 210 1
330 210 1
3656 210 1
2057 210 1
3127 210 1
618 210 1
1216 210 1
128 210 1
919 210 1
3105 210 1
843 210 1
2605 210 1
1678 210 1
1813 210 1
1440 210 1
414 210 1
1394 210 1
611 210 1
3200 210 1
898 210 1
2025 210 1
3155 210 1
1621 210 1
1222 210 1
2833 210 1
1110 210 1
3371 210 1
3034 210 1
2295 210 1
2211 210 1
621 210 1
1375 210 1
698 210 1
953 210 1
1001 210 1
2251 210 1
2845 210 1
2199 210 1
1880 210 1
721 210 1
1716 210 1
336 210 1
1160 210 1
1697 210 1
2112 210 1
1047 210 1
3389 210 1
1828 210 1
2117 210 1
1078 210 1
1472 210 1
2567 210 1
2442 210 1
3746 210 1
2174 210 1
3322 210 1
533 210 1
805 210 1
2732 210 1
3349 210 1
1790 210 1
2541 210 1
728 210 1
1610 210 1
2472 210 1
2298 210 1
1814 210 1
2799 210 1
3325 210 1
1646 210 1
1057 210 1
1235 210 1
3666 210 1
3306 210 1
2664 210 1
3061 210 1
1668 210 1
47 210 1
1265 210 1
3287 210 1
3537 210 1
141 210 1
3420 210 1
699 210 1
360 210 1
1740 210 1
2552 210 1
1357 210 1
1982 210 1
2093 210 1
3232 210 1
700 210 1
3229 210 1
1228 210 1
3545 210 1
3176 210 1
652 210 1
2559 210 1
1670 210 1
3595 210 1
2478 210 1
957 210 1
2324 210 1
586 210 1
2503 210 1
1809 210 1
1785 210 1
3477 210 1
3424 210 1
1756 210 1
3255 210 1
89 210 1
2168 210 1
3140 210 1
3846 210 1
395 210 1
2408 210 1
1332 210 1
2154 210 1
1049 210 1
3716 210 1
529 210 1
3220 210 1
3760 210 1
2763 210 1
1453 210 1
2649 210 1
2996 210 1
1625 210 1
292 210 1
1846 210 1
2873 210 1
2634 210 1
2432 210 1
1851 210 1
1668 211 1
1770 211 1
1454 211 1
3398 211 1
3050 211 1
570 211 1
3535 211 1
2656 211 1
2126 211 1
2957 211 1
3512 211 1
2355 211 1
302 211 1
2497 211 1
2820 211 1
3453 211 1
2369 211 1
2980 211 1
2687 211 1
1570 211 1
2198 211 1
2755 211 1
3341 211 1
2760 211 1
1286 211 1
543 211 1
77 211 1
1400 211 1
2191 211 1
195 211 1
1741 211 1
3809 211 1
1973 211 1
3046 211 1
316 211 1
2452 211 1
2779 211 1
808 211 1
111 211 1
2756 211 1
1418 211 1
1414 211 1
2209 211 1
1232 211 1
2440 211 1
238 211 1
2854 211 1
2362 211 1
3269 211 1
1002 211 1
2115 211 1
3765 211 1
1386 211 1
258 211 1
1766 211 1
3787 211 1
600 211 1
2400 211 1
2341 211 1
1908 211 1
3461 211 1
3508 211 1
2119 211 1
1238 211 1
2434 211 1
557 211 1
98 211 1
3553 211 1
307 211 1
673 211 1
154 211 1
1843 211 1
3756 211 1
1828 211 1
1214 211 1
1942 211 1
2448 211 1
2833 211 1
1083 211 1
709 211 1
1258 211 1
2164 211 1
963 211 1
3635 211 1
1101 211 1
333 211 1
1053 211 1
422 211 1
2237 211 1
2244 211 1
1918 211 1
3809 211 1
3672 211 1
273 211 1
1924 211 1
688 211 1
3698 211 1
2123 211 1
622 211 1
628 211 1
1240 211 1
3723 211 1
1832 211 1
1564 211 1
3633 211 1
1547 211 1
3273 211 1
1957 211 1
2269 211 1
3288 211 1
2682 211 1
1885 211 1
1379 211 1
1663 211 1
1361 211 1
1144 211 1
3541 211 1
1936 211 1
2206 211 1
1566 211 1
2669 211 1
3609 211 1
2137 211 1
3709 211 1
417 211 1
315 211 1
1431 211 1
498 211 1
1638 211 1
1278 211 1
1797 211 1
299 211 1
1283 211 1
2812 211 1
1766 211 1
1550 211 1
1537 211 1
2118 211 1
3734 211 1
3236 211 1
283 211 1
1713 211 1
3185 211 1
2544 211 1
2390 211 1
1938 211 1
3464 211 1
3142 211 1
2795 211 1
1146 211 1
3384 211 1
1639 211 1
3616 211 1
3827 211 1
806 211 1
1112 211 1
3810 211 1
2426 211 1
1220 211 1
2798 211 1
1152 211 1
1699 211 1
1775 211 1
2894 211 1
1185 211 1
912 211 1
1754 211 1
2962 211 1
140 211 1
3139 211 1
889 211 1
787 211 1
1028 211 1
1126 211 1
345 211 1
3289 211 1
3292 211 1
236 211 1
1472 211 1
2642 211 1
2392 211 1
1818 211 1
2253 211 1
3841 211 1
296 211 1
463 211 1
3367 211 1
3116 211 1
1005 211 1
875 211 1
3390 211 1
2581 211 1
1476 211 1
3195 211 1
1149 211 1
1840 211 1
3655 211 1
748 211 1
22 211 1
2937 211 1
971 211 1
551 211 1
1925 211 1
1931 211 1
1204 211 1
910 211 1
3050 211 1
796 211 1
759 211 1
620 211 1
3823 211 1
2685 211 1
807 211 1
1665 211 1
956 211 1
1968 211 1
480 211 1
2695 211 1
1960 211 1
1307 211 1
3695 211 1
3241 211 1
970 211 1
1171 211 1
3615 211 1
1256 211 1
3568 211 1
2856 211 1
2698 211 1
3043 211 1
2719 211 1
2425 211 1
3084 211 1
3820 211 1
1669 211 1
3172 211 1
1201 211 1
1316 211 1
3002 211 1
1008 211 1
1309 211 1
1124 211 1
1653 211 1
3802 211 1
384 211 1
1023 211 1
2008 211 1
129 211 1
672 211 1
3184 211 1
3446 211 1
1684 211 1
2234 211 1
1988 211 1
3119 211 1
908 211 1
1776 211 1
3029 211 1
505 211 1
130 211 1
352 211 1
2986 211 1
45 211 1
594 211 1
141 211 1
3576 211 1
1229 211 1
2273 211 1
1887 211 1
2739 211 1
3019 211 1
983 211 1
3714 211 1
2520 211 1
551 211 1
3696 211 1
3752 211 1
1393 211 1
1918 211 1
2532 211 1
2084 211 1
690 211 1
1837 211 1
2765 211 1
1667 211 1
528 211 1
155 211 1
1593 211 1
2971 211 1
1389 211 1
3384 211 1
1161 211 1
2927 211 1
2183 211 1
3450 211 1
3508 211 1
915 211 1
275 211 1
940 211 1
3604 211 1
1030 211 1
1606 211 1
1051 211 1
1582 211 1
2021 211 1
3403 211 1
3735 211 1
3826 211 1
1476 211 1
2012 211 1
1823 211 1
217 211 1
1014 211 1
3335 211 1
2024 211 1
3278 211 1
1843 211 1
3555 211 1
3525 211 1
3309 211 1
2852 211 1
2368 211 1
1067 211 1
3678 211 1
2452 211 1
3461 211 1
2879 211 1
1047 211 1
1767 211 1
1348 211 1
1557 211 1
2187 211 1
2112 211 1
3082 211 1
2992 211 1
3824 211 1
2101 211 1
2777 211 1
1445 211 1
3445 211 1
3719 211 1
1954 211 1
2578 211 1
1690 211 1
1900 211 1
2960 212 1
1844 212 1
931 212 1
300 212 1
1795 212 1
3597 212 1
2277 212 1
8 212 1
2786 212 1
333 212 1
3613 212 1
637 212 1
3702 212 1
1616 212 1
909 212 1
2085 212 1
1220 212 1
3391 212 1
3553 212 1
1549 212 1
3730 212 1
2321 212 1
1571 212 1
2055 212 1
622 212 1
3071 212 1
736 212 1
3699 212 1
3023 212 1
804 212 1
2048 212 1
1799 212 1
3779 212 1
1649 212 1
1400 212 1
2137 212 1
2503 212 1
1725 212 1
3540 212 1
1984 212 1
3167 212 1
3489 212 1
1799 212 1
3855 212 1
3763 212 1
3852 212 1
635 212 1
195 212 1
89 212 1
1932 212 1
689 212 1
3393 212 1
2138 212 1
165 212 1
340 212 1
2274 212 1
2013 212 1
3720 212 1
2895 212 1
1953 212 1
2980 212 1
1987 212 1
3055 212 1
3025 212 1
572 212 1
982 212 1
3116 212 1
377 212 1
3712 212 1
101 212 1
3410 212 1
2628 212 1
385 212 1
867 212 1
3416 212 1
2938 212 1
565 212 1
558 212 1
1948 212 1
3487 212 1
111 212 1
2761 212 1
1135 212 1
370 212 1
1127 212 1
3196 212 1
2020 212 1
1233 212 1
2021 212 1
2630 212 1
2800 212 1
566 212 1
1943 212 1
3452 212 1
2912 212 1
1663 212 1
2661 212 1
3528 212 1
2235 212 1
3137 212 1
2505 212 1
875 212 1
58 212 1
3250 212 1
1630 212 1
2268 212 1
1485 212 1
480 212 1
920 212 1
2067 212 1
3090 212 1
1335 212 1
2524 212 1
3197 212 1
674 212 1
525 212 1
511 212 1
1825 212 1
2558 212 1
1742 212 1
2105 212 1
3551 212 1
137 212 1
1287 212 1
222 212 1
3492 212 1
86 212 1
2306 212 1
332 212 1
1195 212 1
221 212 1
2760 212 1
2116 212 1
1735 212 1
1840 212 1
545 212 1
1317 212 1
1427 212 1
2832 212 1
1200 212 1
2770 212 1
3426 212 1
1017 212 1
3054 212 1
99 212 1
2598 212 1
1038 212 1
1585 212 1
1669 212 1
1819 212 1
2366 212 1
3056 212 1
1905 212 1
1569 212 1
2529 212 1
1674 212 1
1446 212 1
2773 212 1
2064 212 1
2750 212 1
2944 212 1
3071 212 1
3518 212 1
354 212 1
3812 212 1
2457 212 1
567 212 1
370 212 1
3658 212 1
3761 212 1
2831 212 1
3639 212 1
3613 212 1
382 212 1
2079 212 1
3097 212 1
1166 212 1
1177 212 1
800 212 1
1358 212 1
2020 212 1
3749 212 1
877 212 1
633 212 1
2664 212 1
600 212 1
3815 212 1
2145 212 1
2443 212 1
3208 212 1
3331 212 1
2318 212 1
2901 212 1
863 212 1
34 212 1
1977 212 1
2310 212 1
469 212 1
1053 212 1
252 212 1
2376 212 1
3308 212 1
966 212 1
3485 212 1
1867 212 1
567 212 1
50 212 1
214 212 1
3397 212 1
2015 212 1
1317 212 1
2797 212 1
1584 212 1
1061 212 1
731 212 1
3483 212 1
1350 212 1
1738 212 1
2940 212 1
1740 212 1
407 212 1
1024 212 1
675 212 1
2870 212 1
2284 212 1
3641 212 1
1727 212 1
3405 212 1
2459 212 1
1565 212 1
2222 212 1
1060 212 1
865 212 1
1023 212 1
2978 212 1
1391 212 1
3076 212 1
1314 212 1
3079 212 1
3400 212 1
3048 212 1
2541 212 1
2128 212 1
1707 212 1
17 212 1
3513 212 1
340 212 1
3170 212 1
1045 212 1
1228 212 1
2601 212 1
1148 212 1
1386 212 1
748 212 1
848 212 1
3512 212 1
2913 212 1
1317 212 1
465 212 1
2590 212 1
1674 212 1
1328 212 1
3545 212 1
399 212 1
2225 212 1
3315 212 1
3532 212 1
1771 212 1
118 212 1
2775 212 1
2715 212 1
3807 212 1
3242 212 1
25 212 1
1880 212 1
3791 212 1
787 212 1
2986 212 1
452 212 1
1185 212 1
2963 212 1
2815 212 1
2009 212 1
2295 212 1
132 212 1
2999 212 1
2075 212 1
1381 212 1
2024 212 1
129 212 1
2977 212 1
2542 212 1
2682 212 1
1214 212 1
2566 212 1
877 212 1
3210 212 1
2843 212 1
1660 212 1
533 212 1
2489 212 1
2334 212 1
836 212 1
187 212 1
3558 212 1
3809 212 1
921 212 1
3096 212 1
3380 212 1
2008 212 1
811 212 1
66 212 1
837 212 1
2146 212 1
2613 212 1
43 212 1
656 212 1
3698 212 1
44 212 1
467 212 1
944 212 1
1157 212 1
2959 212 1
3823 212 1
2785 212 1
48 212 1
1991 212 1
1846 212 1
502 212 1
3736 212 1
3138 212 1
1961 212 1
1440 212 1
659 212 1
2385 212 1
288 212 1
3564 212 1
3458 212 1
3675 212 1
1796 212 1
3327 212 1
2259 212 1
158 212 1
1953 212 1
3317 212 1
3152 213 1
155 213 1
3413 213 1
1784 213 1
248 213 1
1982 213 1
1991 213 1
1647 213 1
446 213 1
404 213 1
3040 213 1
2719 213 1
84 213 1
3431 213 1
3785 213 1
848 213 1
282 213 1
3306 213 1
1002 213 1
1370 213 1
2552 213 1
2869 213 1
1543 213 1
1247 213 1
625 213 1
2096 213 1
2060 213 1
995 213 1
2532 213 1
2617 213 1
3613 213 1
200 213 1
2643 213 1
511 213 1
1232 213 1
2442 213 1
3459 213 1
2094 213 1
431 213 1
3526 213 1
3648 213 1
1389 213 1
658 213 1
3858 213 1
1527 213 1
22 213 1
1707 213 1
1813 213 1
681 213 1
225 213 1
2250 213 1
741 213 1
823 213 1
3525 213 1
2529 213 1
3632 213 1
1637 213 1
496 213 1
3700 213 1
3057 213 1
859 213 1
1721 213 1
3030 213 1
1945 213 1
985 213 1
823 213 1
1654 213 1
1100 213 1
1003 213 1
2439 213 1
2149 213 1
1297 213 1
293 213 1
215 213 1
1236 213 1
1046 213 1
3732 213 1
3359 213 1
1980 213 1
1349 213 1
1518 213 1
398 213 1
1535 213 1
121 213 1
3486 213 1
906 213 1
1597 213 1
1284 213 1
818 213 1
1918 213 1
1655 213 1
2923 213 1
1836 213 1
3723 213 1
2238 213 1
358 213 1
1989 213 1
1409 213 1
1865 213 1
3848 213 1
2661 213 1
272 213 1
916 213 1
1879 213 1
3502 213 1
23 213 1
3569 213 1
1938 213 1
3138 213 1
6 213 1
1514 213 1
3135 213 1
1892 213 1
3596 213 1
937 213 1
2048 213 1
1961 213 1
1146 213 1
2880 213 1
3068 213 1
2591 213 1
1494 213 1
2603 213 1
1160 213 1
2592 213 1
3748 213 1
2419 213 1
3520 213 1
270 213 1
393 213 1
1904 213 1
2486 213 1
2309 213 1
2508 213 1
625 213 1
3221 213 1
3802 213 1
3844 213 1
2286 213 1
464 213 1
144 213 1
2205 213 1
3606 213 1
903 213 1
3091 213 1
3740 213 1
1117 213 1
1265 213 1
1680 213 1
3733 213 1
2275 213 1
2514 213 1
3275 213 1
1369 213 1
1493 213 1
3162 213 1
1798 213 1
909 213 1
3064 213 1
1341 213 1
2079 213 1
3001 213 1
180 213 1
102 213 1
986 213 1
3314 213 1
428 213 1
2348 213 1
2444 213 1
388 213 1
805 213 1
1958 213 1
1402 213 1
3122 213 1
54 213 1
1061 213 1
3373 213 1
297 213 1
1285 213 1
464 213 1
3537 213 1
2761 213 1
2661 213 1
3010 213 1
3677 213 1
862 213 1
2391 213 1
3545 213 1
2241 213 1
168 213 1
3438 213 1
3115 213 1
908 213 1
2417 213 1
1924 213 1
1233 213 1
39 213 1
2072 213 1
981 213 1
2733 213 1
243 213 1
1265 213 1
3194 213 1
2102 213 1
2420 213 1
92 213 1
1428 213 1
505 213 1
997 213 1
2348 213 1
148 213 1
13 213 1
857 213 1
2633 213 1
3677 213 1
619 213 1
2125 213 1
570 213 1
2924 213 1
3476 213 1
1583 213 1
3026 213 1
387 213 1
3630 213 1
3496 213 1
1057 213 1
236 213 1
1488 213 1
1028 213 1
3646 213 1
3440 213 1
1712 213 1
1699 213 1
3824 213 1
2821 213 1
2922 213 1
166 213 1
3533 213 1
281 213 1
1162 213 1
743 213 1
280 213 1
1635 213 1
2318 213 1
236 213 1
3279 213 1
3415 213 1
1922 213 1
975 213 1
1030 213 1
2700 213 1
370 213 1
3276 213 1
2843 213 1
2670 213 1
730 213 1
1525 213 1
478 213 1
3384 213 1
8 213 1
1557 213 1
216 213 1
2852 213 1
1474 213 1
2513 213 1
2340 213 1
2617 213 1
219 213 1
1947 213 1
1431 213 1
1650 213 1
739 213 1
602 213 1
1377 213 1
656 213 1
3731 213 1
1214 213 1
749 213 1
3309 213 1
1301 213 1
1775 213 1
3664 213 1
1553 213 1
3825 213 1
2050 213 1
2098 213 1
3391 213 1
1802 213 1
2746 213 1
3776 213 1
32 213 1
48 213 1
3435 213 1
2393 213 1
1422 213 1
1893 213 1
1371 213 1
587 213 1
1728 213 1
1396 213 1
2177 213 1
58 213 1
3667 213 1
1757 213 1
1321 213 1
367 213 1
3342 213 1
3495 213 1
985 213 1
261 213 1
209 213 1
1936 213 1
1960 213 1
1464 213 1
2455 213 1
490 213 1
1247 213 1
2043 213 1
180 213 1
370 213 1
1897 213 1
1281 213 1
3859 213 1
55 213 1
1840 213 1
2768 213 1
1190 213 1
3042 213 1
2764 213 1
3339 213 1
1672 213 1
3657 213 1
1571 213 1
201 213 1
701 213 1
3114 213 1
1806 213 1
842 213 1
3744 213 1
2129 213 1
456 213 1
3243 213 1
1008 213 1
1384 213 1
71 213 1
2979 214 1
259 214 1
3370 214 1
3624 214 1
3423 214 1
1791 214 1
2411 214 1
2516 214 1
676 214 1
3651 214 1
3821 214 1
2836 214 1
1900 214 1
377 214 1
372 214 1
2035 214 1
3146 214 1
2713 214 1
3630 214 1
2872 214 1
1686 214 1
1596 214 1
1613 214 1
3257 214 1
2483 214 1
3838 214 1
3734 214 1
101 214 1
1351 214 1
2798 214 1
2326 214 1
2781 214 1
1789 214 1
3649 214 1
92 214 1
1005 214 1
3414 214 1
2180 214 1
1948 214 1
77 214 1
2577 214 1
349 214 1
780 214 1
2597 214 1
3230 214 1
3124 214 1
173 214 1
3801 214 1
1991 214 1
1816 214 1
91 214 1
788 214 1
2593 214 1
785 214 1
2742 214 1
2646 214 1
3644 214 1
3546 214 1
2709 214 1
3740 214 1
2743 214 1
1817 214 1
3004 214 1
3848 214 1
3661 214 1
2986 214 1
2986 214 1
3273 214 1
2894 214 1
343 214 1
3665 214 1
3269 214 1
1418 214 1
3392 214 1
904 214 1
2674 214 1
1571 214 1
3101 214 1
937 214 1
850 214 1
484 214 1
1292 214 1
2416 214 1
1817 214 1
2183 214 1
2113 214 1
1238 214 1
2320 214 1
3178 214 1
1885 214 1
3564 214 1
349 214 1
2022 214 1
2804 214 1
3120 214 1
2211 214 1
1339 214 1
3342 214 1
1785 214 1
3011 214 1
436 214 1
2868 214 1
3313 214 1
3170 214 1
2213 214 1
3841 214 1
2427 214 1
577 214 1
3483 214 1
2569 214 1
3493 214 1
2342 214 1
649 214 1
3795 214 1
3312 214 1
1993 214 1
998 214 1
98 214 1
2928 214 1
3796 214 1
749 214 1
1110 214 1
43 214 1
3514 214 1
1794 214 1
173 214 1
310 214 1
3638 214 1
2532 214 1
1580 214 1
740 214 1
623 214 1
500 214 1
1055 214 1
1395 214 1
3225 214 1
2496 214 1
3674 214 1
1861 214 1
603 214 1
2993 214 1
1592 214 1
1590 214 1
3262 214 1
1888 214 1
1078 214 1
3464 214 1
3361 214 1
1768 214 1
1807 214 1
1080 214 1
3125 214 1
1514 214 1
3664 214 1
2183 214 1
3260 214 1
1354 214 1
253 214 1
1515 214 1
1278 214 1
955 214 1
525 214 1
3852 214 1
2307 214 1
399 214 1
2470 214 1
2598 214 1
1448 214 1
3018 214 1
357 214 1
1261 214 1
693 214 1
3057 214 1
807 214 1
2757 214 1
958 214 1
3402 214 1
1261 214 1
269 214 1
94 214 1
874 214 1
2368 214 1
2967 214 1
3222 214 1
1054 214 1
3821 214 1
3801 214 1
129 214 1
221 214 1
1820 214 1
2390 214 1
2300 214 1
1937 214 1
3350 214 1
1730 214 1
796 214 1
2821 214 1
550 214 1
1630 214 1
1738 214 1
3747 214 1
3435 214 1
1380 214 1
2200 214 1
971 214 1
2882 214 1
2610 214 1
2175 214 1
1239 214 1
3368 214 1
2825 214 1
1169 214 1
3681 214 1
193 214 1
1655 214 1
1908 214 1
3593 214 1
1555 214 1
868 214 1
398 214 1
3488 214 1
976 214 1
1389 214 1
3488 214 1
325 214 1
2701 214 1
946 214 1
2509 214 1
1003 214 1
2726 214 1
1729 214 1
1977 214 1
2828 214 1
3803 214 1
3038 214 1
2637 214 1
3702 214 1
1165 214 1
1196 214 1
2199 214 1
275 214 1
1252 214 1
768 214 1
3487 214 1
354 214 1
165 214 1
1552 214 1
743 214 1
3488 214 1
472 214 1
471 214 1
2510 214 1
1237 214 1
2236 214 1
145 214 1
1522 214 1
3671 214 1
2919 214 1
2006 214 1
2929 214 1
1505 214 1
1170 214 1
1920 214 1
1564 214 1
2612 214 1
3562 214 1
2223 214 1
1871 214 1
2891 214 1
1518 214 1
3711 214 1
3252 214 1
2636 214 1
2900 214 1
2659 214 1
42 214 1
1185 214 1
3777 214 1
1356 214 1
1109 214 1
1585 214 1
545 214 1
1260 214 1
2399 214 1
704 214 1
475 214 1
2180 214 1
236 214 1
3724 214 1
1941 214 1
420 214 1
2929 214 1
3661 214 1
3768 214 1
1507 214 1
153 214 1
3494 214 1
2681 214 1
1241 214 1
2098 214 1
2250 214 1
744 214 1
3406 214 1
2912 214 1
1559 214 1
79 214 1
1338 214 1
677 214 1
3155 214 1
164 214 1
3753 214 1
2553 214 1
2364 214 1
729 214 1
2592 214 1
621 214 1
3636 214 1
273 214 1
3067 214 1
3365 214 1
577 214 1
3458 214 1
3258 214 1
2342 214 1
1362 214 1
2096 214 1
2372 214 1
344 214 1
369 214 1
632 214 1
2439 214 1
2721 214 1
3396 214 1
1468 214 1
808 214 1
1386 214 1
3347 214 1
3209 214 1
1035 214 1
615 214 1
2792 214 1
571 214 1
536 214 1
289 214 1
3844 214 1
2782 215 1
1024 215 1
2937 215 1
1553 215 1
312 215 1
211 215 1
3233 215 1
1109 215 1
50 215 1
2941 215 1
105 215 1
1001 215 1
2657 215 1
1620 215 1
625 215 1
2500 215 1
1435 215 1
3478 215 1
516 215 1
1658 215 1
3711 215 1
1447 215 1
1417 215 1
1280 215 1
2197 215 1
3350 215 1
2367 215 1
3744 215 1
1223 215 1
3333 215 1
2222 215 1
471 215 1
3576 215 1
668 215 1
3024 215 1
3302 215 1
3216 215 1
3688 215 1
915 215 1
1901 215 1
3730 215 1
2460 215 1
116 215 1
3841 215 1
505 215 1
109 215 1
1968 215 1
950 215 1
166 215 1
1723 215 1
3597 215 1
1456 215 1
2180 215 1
1399 215 1
2911 215 1
564 215 1
2522 215 1
494 215 1
852 215 1
2750 215 1
3761 215 1
1085 215 1
2840 215 1
2964 215 1
2904 215 1
3233 215 1
977 215 1
639 215 1
1078 215 1
2635 215 1
1209 215 1
19 215 1
675 215 1
3346 215 1
269 215 1
1471 215 1
223 215 1
3285 215 1
638 215 1
3339 215 1
1989 215 1
232 215 1
550 215 1
1383 215 1
2775 215 1
884 215 1
899 215 1
689 215 1
232 215 1
3393 215 1
1344 215 1
934 215 1
2013 215 1
2597 215 1
13 215 1
1884 215 1
625 215 1
1439 215 1
3555 215 1
3369 215 1
527 215 1
1032 215 1
2272 215 1
1330 215 1
1732 215 1
2798 215 1
3098 215 1
1626 215 1
2427 215 1
1291 215 1
2825 215 1
928 215 1
1750 215 1
882 215 1
2398 215 1
3088 215 1
872 215 1
2340 215 1
2404 215 1
1685 215 1
448 215 1
3038 215 1
2397 215 1
3433 215 1
1233 215 1
2165 215 1
743 215 1
2453 215 1
159 215 1
3517 215 1
2530 215 1
2555 215 1
3698 215 1
1980 215 1
3738 215 1
1240 215 1
2700 215 1
1928 215 1
1754 215 1
3555 215 1
355 215 1
1516 215 1
2076 215 1
227 215 1
828 215 1
3425 215 1
3549 215 1
1646 215 1
663 215 1
17 215 1
2518 215 1
1425 215 1
3811 215 1
424 215 1
2292 215 1
18 215 1
73 215 1
3742 215 1
165 215 1
2784 215 1
1138 215 1
2087 215 1
3789 215 1
3193 215 1
3459 215 1
523 215 1
2809 215 1
3477 215 1
578 215 1
2072 215 1
3426 215 1
3831 215 1
161 215 1
3768 215 1
1012 215 1
592 215 1
2118 215 1
522 215 1
70 215 1
1013 215 1
1196 215 1
1703 215 1
917 215 1
2418 215 1
1384 215 1
2326 215 1
1696 215 1
2498 215 1
2431 215 1
1387 215 1
3059 215 1
2503 215 1
1927 215 1
1806 215 1
34 215 1
2081 215 1
3206 215 1
2035 215 1
3287 215 1
1583 215 1
1710 215 1
2026 215 1
223 215 1
3757 215 1
2885 215 1
1521 215 1
1421 215 1
1901 215 1
3780 215 1
92 215 1
3252 215 1
971 215 1
2006 215 1
1618 215 1
2632 215 1
1394 215 1
817 215 1
635 215 1
3399 215 1
3154 215 1
1193 215 1
3752 215 1
703 215 1
497 215 1
1455 215 1
989 215 1
1166 215 1
3627 215 1
1805 215 1
3098 215 1
2534 215 1
1660 215 1
1778 215 1
3491 215 1
3287 215 1
2273 215 1
2310 215 1
2458 215 1
1485 215 1
2505 215 1
3284 215 1
1575 215 1
2035 215 1
1513 215 1
1705 215 1
396 215 1
490 215 1
1935 215 1
968 215 1
2150 215 1
1313 215 1
99 215 1
1007 215 1
2836 215 1
2781 215 1
35 215 1
1044 215 1
3519 215 1
2494 215 1
3653 215 1
3145 215 1
1865 215 1
3700 215 1
1804 215 1
3049 215 1
442 215 1
1887 215 1
2413 215 1
2470 215 1
1554 215 1
2704 215 1
1202 215 1
56 215 1
3738 215 1
752 215 1
3145 215 1
1966 215 1
2310 215 1
1764 215 1
2810 215 1
3232 215 1
12 215 1
3460 215 1
3445 215 1
3577 215 1
488 215 1
1336 215 1
1170 215 1
1608 215 1
1833 215 1
1535 215 1
2720 215 1
1406 215 1
2009 215 1
3697 215 1
3349 215 1
2557 215 1
2778 215 1
155 215 1
1911 215 1
1288 215 1
3289 215 1
65 215 1
2374 215 1
2888 215 1
519 215 1
2818 215 1
540 215 1
2361 215 1
2602 215 1
2803 215 1
1056 215 1
1966 215 1
32 215 1
2603 215 1
2074 215 1
295 215 1
3490 215 1
3168 215 1
1391 215 1
3688 215 1
2307 215 1
2626 215 1
2986 215 1
281 215 1
155 215 1
2180 215 1
3269 215 1
1430 215 1
40 215 1
2452 215 1
952 215 1
355 215 1
1156 215 1
2156 215 1
1213 215 1
647 215 1
2909 215 1
3276 215 1
2232 215 1
1071 215 1
2967 215 1
435 215 1
3538 215 1
3763 215 1
916 216 1
2991 216 1
1944 216 1
2245 216 1
3705 216 1
2343 216 1
992 216 1
2348 216 1
1107 216 1
1419 216 1
3688 216 1
370 216 1
3222 216 1
513 216 1
1587 216 1
2790 216 1
1225 216 1
3156 216 1
3010 216 1
248 216 1
3119 216 1
2972 216 1
1918 216 1
3063 216 1
529 216 1
518 216 1
1995 216 1
1317 216 1
1962 216 1
1475 216 1
2907 216 1
3857 216 1
2803 216 1
151 216 1
1586 216 1
1440 216 1
3591 216 1
1810 216 1
780 216 1
3184 216 1
885 216 1
1668 216 1
3767 216 1
3599 216 1
1849 216 1
765 216 1
1071 216 1
3608 216 1
3680 216 1
2803 216 1
1832 216 1
3441 216 1
3238 216 1
483 216 1
1923 216 1
116 216 1
2936 216 1
3690 216 1
1808 216 1
3495 216 1
3474 216 1
766 216 1
3733 216 1
2298 216 1
2500 216 1
2133 216 1
1490 216 1
3790 216 1
3827 216 1
584 216 1
1465 216 1
2424 216 1
312 216 1
3113 216 1
3239 216 1
2033 216 1
1707 216 1
1743 216 1
597 216 1
1607 216 1
1363 216 1
3414 216 1
610 216 1
3304 216 1
1478 216 1
656 216 1
2375 216 1
1236 216 1
2315 216 1
3314 216 1
1431 216 1
3814 216 1
2975 216 1
1314 216 1
3539 216 1
2606 216 1
181 216 1
2922 216 1
2074 216 1
396 216 1
1005 216 1
1298 216 1
1064 216 1
1115 216 1
988 216 1
1489 216 1
1793 216 1
3674 216 1
1672 216 1
213 216 1
2793 216 1
866 216 1
835 216 1
2223 216 1
3177 216 1
112 216 1
598 216 1
3314 216 1
1006 216 1
2488 216 1
2026 216 1
2425 216 1
3381 216 1
3356 216 1
332 216 1
1396 216 1
449 216 1
787 216 1
1109 216 1
334 216 1
120 216 1
2661 216 1
438 216 1
1376 216 1
2708 216 1
844 216 1
3455 216 1
2070 216 1
360 216 1
2246 216 1
2315 216 1
2686 216 1
2274 216 1
162 216 1
141 216 1
2347 216 1
1464 216 1
2506 216 1
3172 216 1
716 216 1
1377 216 1
3779 216 1
1513 216 1
2216 216 1
3763 216 1
2576 216 1
1686 216 1
1132 216 1
1378 216 1
2040 216 1
126 216 1
471 216 1
2277 216 1
1297 216 1
304 216 1
1256 216 1
2406 216 1
1419 216 1
1160 216 1
295 216 1
2378 216 1
2199 216 1
135 216 1
1610 216 1
1694 216 1
3370 216 1
1316 216 1
2505 216 1
1325 216 1
2435 216 1
3294 216 1
1504 216 1
3615 216 1
3517 216 1
2344 216 1
1203 216 1
784 216 1
3323 216 1
435 216 1
1961 216 1
760 216 1
808 216 1
1489 216 1
1376 216 1
3347 216 1
2933 216 1
46 216 1
2593 216 1
134 216 1
674 216 1
574 216 1
1740 216 1
3712 216 1
2027 216 1
2365 216 1
3107 216 1
266 216 1
1508 216 1
1214 216 1
1685 216 1
2390 216 1
1490 216 1
1521 216 1
2781 216 1
3579 216 1
2861 216 1
801 216 1
2310 216 1
3778 216 1
1620 216 1
1015 216 1
556 216 1
1755 216 1
1679 216 1
280 216 1
1939 216 1
1782 216 1
1599 216 1
1218 216 1
605 216 1
3103 216 1
588 216 1
1533 216 1
3140 216 1
2995 216 1
3017 216 1
3018 216 1
3572 216 1
3055 216 1
3148 216 1
1443 216 1
2018 216 1
3391 216 1
3338 216 1
906 216 1
1649 216 1
824 216 1
1939 216 1
2916 216 1
419 216 1
1440 216 1
2876 216 1
2173 216 1
2429 216 1
3361 216 1
3056 216 1
2326 216 1
3255 216 1
2396 216 1
2701 216 1
2698 216 1
1599 216 1
3012 216 1
3193 216 1
3253 216 1
156 216 1
2759 216 1
2151 216 1
2471 216 1
1954 216 1
506 216 1
867 216 1
600 216 1
2611 216 1
1942 216 1
2719 216 1
1613 216 1
2146 216 1
1245 216 1
989 216 1
1051 216 1
2380 216 1
2374 216 1
2484 216 1
2227 216 1
1143 216 1
3700 216 1
3099 216 1
1774 216 1
1466 216 1
3643 216 1
2334 216 1
2885 216 1
709 216 1
1261 216 1
3087 216 1
33 216 1
3253 216 1
1868 216 1
3670 216 1
2594 216 1
3352 216 1
1092 216 1
2544 216 1
2154 216 1
137 216 1
2462 216 1
1781 216 1
566 216 1
770 216 1
1207 216 1
1242 216 1
3854 216 1
455 216 1
1432 216 1
1902 216 1
2417 216 1
2849 216 1
3724 216 1
1260 216 1
1672 216 1
1275 216 1
3113 216 1
847 216 1
3606 216 1
1571 216 1
701 216 1
1024 216 1
2338 216 1
2217 216 1
2916 216 1
1023 216 1
2411 216 1
1069 216 1
3147 216 1
1408 216 1
1389 216 1
73 216 1
2208 216 1
1921 216 1
3514 216 1
1979 216 1
2594 216 1
1134 216 1
796 216 1
2744 217 1
3087 217 1
1883 217 1
2670 217 1
2294 217 1
3389 217 1
395 217 1
2956 217 1
1740 217 1
3676 217 1
2723 217 1
715 217 1
948 217 1
1763 217 1
2296 217 1
2170 217 1
3406 217 1
2413 217 1
1966 217 1
76 217 1
363 217 1
1865 217 1
2188 217 1
2303 217 1
820 217 1
1881 217 1
3205 217 1
932 217 1
3292 217 1
3017 217 1
205 217 1
2480 217 1
3088 217 1
3092 217 1
3281 217 1
285 217 1
1937 217 1
268 217 1
1414 217 1
1805 217 1
169 217 1
212 217 1
1687 217 1
2186 217 1
1686 217 1
258 217 1
3048 217 1
2864 217 1
3244 217 1
1545 217 1
44 217 1
3023 217 1
303 217 1
306 217 1
2041 217 1
2782 217 1
3186 217 1
250 217 1
3048 217 1
3334 217 1
3588 217 1
3208 217 1
523 217 1
2793 217 1
2547 217 1
3515 217 1
3690 217 1
3617 217 1
3648 217 1
1072 217 1
3749 217 1
2525 217 1
3006 217 1
2318 217 1
3441 217 1
115 217 1
1946 217 1
2288 217 1
1658 217 1
15 217 1
1374 217 1
2807 217 1
432 217 1
2489 217 1
3784 217 1
32 217 1
875 217 1
3407 217 1
893 217 1
2036 217 1
1248 217 1
3354 217 1
2109 217 1
1173 217 1
125 217 1
1169 217 1
1195 217 1
3001 217 1
3778 217 1
2389 217 1
2127 217 1
2956 217 1
776 217 1
73 217 1
1727 217 1
3324 217 1
1206 217 1
408 217 1
1260 217 1
3358 217 1
2667 217 1
1979 217 1
1351 217 1
1748 217 1
1763 217 1
3214 217 1
2328 217 1
1 217 1
2824 217 1
2669 217 1
3370 217 1
592 217 1
2937 217 1
2263 217 1
681 217 1
1441 217 1
2504 217 1
2335 217 1
3559 217 1
840 217 1
2432 217 1
2050 217 1
3044 217 1
407 217 1
3773 217 1
473 217 1
1186 217 1
552 217 1
3236 217 1
1739 217 1
2211 217 1
570 217 1
1120 217 1
2813 217 1
1329 217 1
1017 217 1
1956 217 1
1437 217 1
1943 217 1
2926 217 1
1967 217 1
394 217 1
1658 217 1
1556 217 1
1678 217 1
2951 217 1
2307 217 1
1222 217 1
3758 217 1
243 217 1
2129 217 1
3336 217 1
1478 217 1
42 217 1
1496 217 1
608 217 1
2305 217 1
1116 217 1
2633 217 1
911 217 1
2385 217 1
1091 217 1
2377 217 1
26 217 1
1407 217 1
3240 217 1
3535 217 1
748 217 1
2768 217 1
2886 217 1
454 217 1
3823 217 1
1547 217 1
301 217 1
3707 217 1
3844 217 1
1651 217 1
2683 217 1
866 217 1
1237 217 1
2325 217 1
1755 217 1
2824 217 1
2083 217 1
1459 217 1
491 217 1
766 217 1
2761 217 1
2579 217 1
252 217 1
2200 217 1
1003 217 1
214 217 1
466 217 1
1395 217 1
992 217 1
2009 217 1
430 217 1
3403 217 1
3808 217 1
538 217 1
62 217 1
724 217 1
2481 217 1
220 217 1
2589 217 1
3242 217 1
2456 217 1
3272 217 1
934 217 1
3746 217 1
869 217 1
1941 217 1
1790 217 1
1505 217 1
645 217 1
3046 217 1
2450 217 1
180 217 1
3338 217 1
2834 217 1
3657 217 1
341 217 1
1156 217 1
2514 217 1
11 217 1
2781 217 1
1188 217 1
1282 217 1
1565 217 1
1551 217 1
2851 217 1
978 217 1
3807 217 1
2512 217 1
2590 217 1
1036 217 1
3055 217 1
1439 217 1
1216 217 1
1067 217 1
1301 217 1
3703 217 1
2505 217 1
2030 217 1
3104 217 1
475 217 1
2176 217 1
1273 217 1
142 217 1
2168 217 1
2274 217 1
16 217 1
541 217 1
695 217 1
2527 217 1
2135 217 1
3544 217 1
3503 217 1
274 217 1
2213 217 1
2903 217 1
1432 217 1
3618 217 1
773 217 1
3484 217 1
358 217 1
1103 217 1
3666 217 1
3817 217 1
3284 217 1
1996 217 1
3090 217 1
1140 217 1
451 217 1
1941 217 1
1939 217 1
2768 217 1
3065 217 1
1538 217 1
1527 217 1
1787 217 1
1679 217 1
1137 217 1
403 217 1
2900 217 1
864 217 1
1268 217 1
2792 217 1
1483 217 1
692 217 1
3801 217 1
656 217 1
2643 217 1
3588 217 1
3496 217 1
2366 217 1
3786 217 1
2073 217 1
3353 217 1
1966 217 1
3475 217 1
1971 217 1
3784 217 1
1703 217 1
1175 217 1
3339 217 1
1199 217 1
724 217 1
2077 217 1
2691 217 1
2463 217 1
1497 217 1
3251 217 1
3827 217 1
3474 217 1
1649 217 1
2203 217 1
1489 217 1
440 217 1
3739 217 1
2892 217 1
813 217 1
441 217 1
2515 217 1
1724 217 1
3182 217 1
57 217 1
159 217 1
233 217 1
1052 217 1
68 217 1
3649 217 1
1083 217 1
2399 217 1
3059 218 1
569 218 1
302 218 1
2085 218 1
899 218 1
871 218 1
2130 218 1
1811 218 1
371 218 1
2782 218 1
2529 218 1
3168 218 1
191 218 1
3240 218 1
1683 218 1
2400 218 1
1248 218 1
2068 218 1
3632 218 1
3034 218 1
619 218 1
2705 218 1
938 218 1
1493 218 1
1932 218 1
3666 218 1
1602 218 1
39 218 1
2385 218 1
3261 218 1
3378 218 1
313 218 1
555 218 1
3419 218 1
683 218 1
136 218 1
743 218 1
556 218 1
3621 218 1
1581 218 1
1283 218 1
2927 218 1
1189 218 1
1612 218 1
2982 218 1
2805 218 1
2037 218 1
884 218 1
708 218 1
2046 218 1
282 218 1
3000 218 1
2224 218 1
1291 218 1
1300 218 1
1932 218 1
3370 218 1
3697 218 1
270 218 1
2763 218 1
3605 218 1
876 218 1
1058 218 1
3300 218 1
3647 218 1
3090 218 1
1986 218 1
172 218 1
1846 218 1
3448 218 1
3627 218 1
965 218 1
832 218 1
2132 218 1
387 218 1
1568 218 1
3242 218 1
534 218 1
1855 218 1
980 218 1
3124 218 1
2824 218 1
1329 218 1
2788 218 1
3849 218 1
3245 218 1
1338 218 1
276 218 1
564 218 1
3496 218 1
3692 218 1
209 218 1
610 218 1
467 218 1
3012 218 1
548 218 1
3793 218 1
1233 218 1
1726 218 1
140 218 1
2528 218 1
542 218 1
3103 218 1
1197 218 1
1627 218 1
1052 218 1
1749 218 1
428 218 1
1521 218 1
1004 218 1
2599 218 1
1936 218 1
1813 218 1
2942 218 1
575 218 1
3161 218 1
2778 218 1
3771 218 1
1243 218 1
3369 218 1
2301 218 1
531 218 1
595 218 1
1506 218 1
180 218 1
1955 218 1
631 218 1
1875 218 1
927 218 1
3263 218 1
1625 218 1
3394 218 1
513 218 1
2616 218 1
1662 218 1
3236 218 1
2561 218 1
3351 218 1
2616 218 1
3186 218 1
2549 218 1
984 218 1
1556 218 1
26 218 1
1600 218 1
2066 218 1
2292 218 1
2865 218 1
90 218 1
2196 218 1
860 218 1
580 218 1
1234 218 1
3091 218 1
2852 218 1
2822 218 1
776 218 1
2250 218 1
1360 218 1
3335 218 1
2709 218 1
1849 218 1
3735 218 1
2285 218 1
2252 218 1
1018 218 1
2518 218 1
3587 218 1
1884 218 1
2733 218 1
1637 218 1
508 218 1
3796 218 1
3101 218 1
508 218 1
1861 218 1
1732 218 1
1011 218 1
1338 218 1
867 218 1
1180 218 1
3214 218 1
3609 218 1
607 218 1
508 218 1
2150 218 1
57 218 1
1081 218 1
3519 218 1
112 218 1
2485 218 1
2221 218 1
1500 218 1
938 218 1
2378 218 1
2221 218 1
3491 218 1
2876 218 1
1270 218 1
2417 218 1
672 218 1
2986 218 1
2119 218 1
2562 218 1
519 218 1
2983 218 1
99 218 1
3458 218 1
2280 218 1
1255 218 1
216 218 1
3 218 1
3197 218 1
3513 218 1
3176 218 1
2874 218 1
825 218 1
1717 218 1
3209 218 1
2426 218 1
770 218 1
3627 218 1
65 218 1
1594 218 1
1121 218 1
2509 218 1
1541 218 1
888 218 1
3095 218 1
524 218 1
3796 218 1
2581 218 1
891 218 1
3536 218 1
1177 218 1
1809 218 1
1583 218 1
3010 218 1
158 218 1
3266 218 1
2860 218 1
2460 218 1
2220 218 1
782 218 1
2785 218 1
2640 218 1
985 218 1
2340 218 1
2134 218 1
2882 218 1
3038 218 1
3176 218 1
2917 218 1
1651 218 1
2296 218 1
2749 218 1
1914 218 1
1761 218 1
1668 218 1
448 218 1
3562 218 1
274 218 1
165 218 1
1884 218 1
1149 218 1
1287 218 1
515 218 1
2655 218 1
27 218 1
1253 218 1
2594 218 1
797 218 1
2736 218 1
618 218 1
2594 218 1
3374 218 1
2886 218 1
2183 218 1
432 218 1
528 218 1
77 218 1
3555 218 1
217 218 1
2553 218 1
1917 218 1
1526 218 1
1170 218 1
215 218 1
2310 218 1
1518 218 1
3726 218 1
974 218 1
3642 218 1
1783 218 1
2152 218 1
957 218 1
1264 218 1
2820 218 1
1429 218 1
3154 218 1
2060 218 1
3584 218 1
2195 218 1
2016 218 1
2781 218 1
1758 218 1
1025 218 1
1353 218 1
1656 218 1
878 218 1
1146 218 1
3526 218 1
3199 218 1
1326 218 1
698 218 1
1236 218 1
733 218 1
28 218 1
2636 218 1
175 218 1
2874 218 1
3756 218 1
1990 218 1
2537 218 1
2606 218 1
3339 218 1
2693 218 1
2710 218 1
3084 218 1
3041 218 1
3845 218 1
573 218 1
3704 218 1
1081 218 1
1870 218 1
2009 218 1
3576 218 1
3061 218 1
2805 218 1
2700 218 1
2423 218 1
2016 218 1
1223 218 1
3108 218 1
648 218 1
2449 219 1
895 219 1
1560 219 1
2504 219 1
1109 219 1
2443 219 1
1396 219 1
2704 219 1
2845 219 1
2366 219 1
3334 219 1
2647 219 1
3299 219 1
219 219 1
1394 219 1
2143 219 1
1752 219 1
1919 219 1
0 219 1
1617 219 1
3659 219 1
426 219 1
984 219 1
3695 219 1
1517 219 1
2281 219 1
2290 219 1
3379 219 1
476 219 1
1469 219 1
3369 219 1
3103 219 1
951 219 1
2451 219 1
3646 219 1
3334 219 1
1513 219 1
2556 219 1
1214 219 1
2665 219 1
2070 219 1
3245 219 1
120 219 1
3431 219 1
2003 219 1
3368 219 1
2503 219 1
94 219 1
1458 219 1
1059 219 1
2359 219 1
1988 219 1
3670 219 1
708 219 1
54 219 1
2087 219 1
262 219 1
3035 219 1
1628 219 1
1969 219 1
3290 219 1
2367 219 1
3089 219 1
2891 219 1
3536 219 1
1408 219 1
3062 219 1
3667 219 1
2985 219 1
572 219 1
2047 219 1
2905 219 1
2663 219 1
1089 219 1
302 219 1
3379 219 1
817 219 1
2938 219 1
2146 219 1
188 219 1
2710 219 1
359 219 1
1396 219 1
2434 219 1
336 219 1
3099 219 1
841 219 1
341 219 1
824 219 1
894 219 1
3670 219 1
63 219 1
2981 219 1
742 219 1
906 219 1
2414 219 1
3352 219 1
2234 219 1
2490 219 1
261 219 1
280 219 1
1220 219 1
989 219 1
61 219 1
80 219 1
330 219 1
2985 219 1
2632 219 1
1390 219 1
1265 219 1
2204 219 1
1997 219 1
3445 219 1
1818 219 1
1205 219 1
168 219 1
1403 219 1
732 219 1
2339 219 1
1685 219 1
3611 219 1
3711 219 1
2347 219 1
133 219 1
2472 219 1
1049 219 1
2158 219 1
3336 219 1
3364 219 1
3372 219 1
1104 219 1
1840 219 1
3026 219 1
3531 219 1
2611 219 1
3687 219 1
2573 219 1
161 219 1
2939 219 1
1969 219 1
3846 219 1
445 219 1
3790 219 1
359 219 1
3010 219 1
226 219 1
2430 219 1
186 219 1
1215 219 1
2058 219 1
3368 219 1
3241 219 1
1748 219 1
169 219 1
1696 219 1
1322 219 1
1860 219 1
1079 219 1
168 219 1
2160 219 1
1878 219 1
1289 219 1
2978 219 1
1813 219 1
994 219 1
2039 219 1
1257 219 1
360 219 1
1158 219 1
3225 219 1
2798 219 1
3196 219 1
1224 219 1
394 219 1
2004 219 1
3451 219 1
702 219 1
1836 219 1
2479 219 1
2070 219 1
2770 219 1
3126 219 1
1344 219 1
3754 219 1
2109 219 1
957 219 1
1161 219 1
2315 219 1
10 219 1
2806 219 1
1539 219 1
3721 219 1
3707 219 1
778 219 1
1061 219 1
3714 219 1
1254 219 1
3250 219 1
1789 219 1
776 219 1
2933 219 1
3076 219 1
3481 219 1
1311 219 1
3053 219 1
1991 219 1
343 219 1
523 219 1
2345 219 1
2543 219 1
314 219 1
3545 219 1
1335 219 1
505 219 1
3765 219 1
47 219 1
971 219 1
2125 219 1
3800 219 1
1736 219 1
2029 219 1
3059 219 1
1209 219 1
2307 219 1
13 219 1
2154 219 1
3436 219 1
975 219 1
496 219 1
3449 219 1
1710 219 1
1052 219 1
889 219 1
845 219 1
980 219 1
2254 219 1
810 219 1
2909 219 1
2920 219 1
3549 219 1
1812 219 1
704 219 1
2899 219 1
129 219 1
2390 219 1
336 219 1
2126 219 1
1765 219 1
1108 219 1
1392 219 1
1789 219 1
2748 219 1
3194 219 1
1250 219 1
10 219 1
2631 219 1
1449 219 1
867 219 1
1039 219 1
2104 219 1
3543 219 1
2053 219 1
3536 219 1
3150 219 1
1472 219 1
3041 219 1
2264 219 1
3553 219 1
3682 219 1
356 219 1
972 219 1
2851 219 1
617 219 1
2011 219 1
2404 219 1
3435 219 1
1471 219 1
2005 219 1
1657 219 1
1182 219 1
2200 219 1
1201 219 1
1550 219 1
534 219 1
49 219 1
2588 219 1
1821 219 1
1212 219 1
2429 219 1
2131 219 1
1495 219 1
3459 219 1
338 219 1
3609 219 1
2988 219 1
123 219 1
799 219 1
3561 219 1
2337 219 1
3665 219 1
2409 219 1
2093 219 1
1942 219 1
550 219 1
1281 219 1
1847 219 1
2577 219 1
1171 219 1
908 219 1
643 219 1
2575 219 1
1892 219 1
1843 219 1
3272 219 1
2685 219 1
3848 219 1
3062 219 1
2887 219 1
47 219 1
1622 219 1
2782 219 1
135 219 1
2285 219 1
1343 219 1
111 219 1
3232 219 1
1707 219 1
3756 219 1
2900 219 1
1747 219 1
1192 219 1
1640 219 1
1251 219 1
561 219 1
2551 219 1
1804 219 1
409 219 1
3343 219 1
1521 219 1
1610 219 1
3121 219 1
3652 219 1
1711 219 1
3653 219 1
242 219 1
88 220 1
997 220 1
67 220 1
2365 220 1
886 220 1
2937 220 1
2006 220 1
3014 220 1
1949 220 1
2389 220 1
507 220 1
1493 220 1
2793 220 1
3006 220 1
662 220 1
1092 220 1
1983 220 1
627 220 1
963 220 1
3016 220 1
754 220 1
3733 220 1
207 220 1
390 220 1
2415 220 1
716 220 1
3733 220 1
1565 220 1
195 220 1
88 220 1
3252 220 1
1197 220 1
848 220 1
2415 220 1
2883 220 1
3190 220 1
2724 220 1
3049 220 1
2571 220 1
704 220 1
2953 220 1
3470 220 1
2827 220 1
3628 220 1
2421 220 1
2396 220 1
3559 220 1
2384 220 1
2032 220 1
3741 220 1
615 220 1
1806 220 1
3096 220 1
586 220 1
769 220 1
370 220 1
1855 220 1
2562 220 1
1052 220 1
923 220 1
3440 220 1
591 220 1
3221 220 1
1454 220 1
1993 220 1
1194 220 1
115 220 1
2109 220 1
3659 220 1
2572 220 1
1043 220 1
3528 220 1
3421 220 1
1649 220 1
1181 220 1
2728 220 1
2388 220 1
154 220 1
2571 220 1
2101 220 1
1873 220 1
3555 220 1
1931 220 1
2267 220 1
2316 220 1
3357 220 1
731 220 1
716 220 1
3730 220 1
3347 220 1
1620 220 1
3031 220 1
362 220 1
2473 220 1
3512 220 1
380 220 1
2882 220 1
2877 220 1
3639 220 1
348 220 1
1635 220 1
392 220 1
775 220 1
2196 220 1
1636 220 1
2290 220 1
2333 220 1
1335 220 1
1779 220 1
3500 220 1
1803 220 1
365 220 1
847 220 1
2769 220 1
3240 220 1
3391 220 1
1211 220 1
1023 220 1
1399 220 1
2965 220 1
526 220 1
1983 220 1
2552 220 1
415 220 1
1900 220 1
3657 220 1
1503 220 1
565 220 1
3034 220 1
1743 220 1
2348 220 1
1427 220 1
3487 220 1
3627 220 1
73 220 1
3324 220 1
2211 220 1
417 220 1
532 220 1
671 220 1
2865 220 1
2325 220 1
430 220 1
2279 220 1
2771 220 1
3584 220 1
531 220 1
2926 220 1
1171 220 1
2132 220 1
1356 220 1
3273 220 1
362 220 1
2509 220 1
2495 220 1
3183 220 1
1681 220 1
3338 220 1
2746 220 1
2509 220 1
1706 220 1
2691 220 1
1147 220 1
3182 220 1
2542 220 1
3851 220 1
3586 220 1
2319 220 1
629 220 1
3690 220 1
11 220 1
1023 220 1
738 220 1
1217 220 1
2731 220 1
2858 220 1
3651 220 1
2249 220 1
1229 220 1
3192 220 1
2900 220 1
3522 220 1
860 220 1
3651 220 1
1953 220 1
1789 220 1
1535 220 1
269 220 1
908 220 1
2607 220 1
959 220 1
1131 220 1
3189 220 1
1731 220 1
2172 220 1
1069 220 1
1069 220 1
1764 220 1
1304 220 1
479 220 1
2087 220 1
493 220 1
546 220 1
1176 220 1
1193 220 1
2330 220 1
2453 220 1
1956 220 1
685 220 1
3352 220 1
2778 220 1
1459 220 1
714 220 1
292 220 1
1984 220 1
1301 220 1
1181 220 1
338 220 1
2702 220 1
2596 220 1
1969 220 1
2312 220 1
2744 220 1
3022 220 1
679 220 1
2419 220 1
2876 220 1
597 220 1
2580 220 1
316 220 1
3408 220 1
2620 220 1
1572 220 1
2869 220 1
438 220 1
1169 220 1
1603 220 1
800 220 1
986 220 1
1685 220 1
3224 220 1
353 220 1
3078 220 1
1808 220 1
2455 220 1
2236 220 1
3542 220 1
1096 220 1
867 220 1
929 220 1
1261 220 1
2408 220 1
2756 220 1
732 220 1
730 220 1
3010 220 1
1030 220 1
1048 220 1
1560 220 1
3497 220 1
2782 220 1
1816 220 1
79 220 1
3439 220 1
1438 220 1
1376 220 1
3726 220 1
538 220 1
2226 220 1
2571 220 1
1 220 1
412 220 1
2598 220 1
1615 220 1
3727 220 1
1637 220 1
1271 220 1
1141 220 1
975 220 1
3557 220 1
2389 220 1
3400 220 1
2451 220 1
952 220 1
3582 220 1
3377 220 1
1865 220 1
47 220 1
1545 220 1
1208 220 1
2830 220 1
1591 220 1
1131 220 1
3773 220 1
1293 220 1
891 220 1
1826 220 1
1663 220 1
3616 220 1
2446 220 1
2570 220 1
1482 220 1
504 220 1
515 220 1
650 220 1
2845 220 1
3802 220 1
2144 220 1
351 220 1
3181 220 1
2447 220 1
2987 220 1
3111 220 1
1846 220 1
1769 220 1
1529 220 1
1583 220 1
1349 220 1
1008 220 1
2077 220 1
3672 220 1
962 220 1
1460 220 1
2980 220 1
3780 220 1
3851 220 1
581 220 1
3242 220 1
221 220 1
2630 220 1
3424 220 1
2776 220 1
1639 220 1
1251 220 1
3426 220 1
750 220 1
2990 220 1
1753 220 1
2925 220 1
1836 220 1
3087 220 1
1079 220 1
3290 220 1
3352 220 1
2811 220 1
2350 221 1
3842 221 1
641 221 1
3203 221 1
1542 221 1
3127 221 1
3480 221 1
844 221 1
462 221 1
3263 221 1
1883 221 1
1166 221 1
2445 221 1
175 221 1
3458 221 1
3739 221 1
3512 221 1
3655 221 1
3306 221 1
1117 221 1
1699 221 1
658 221 1
1887 221 1
2264 221 1
1713 221 1
2424 221 1
1724 221 1
1832 221 1
2800 221 1
631 221 1
1906 221 1
2000 221 1
2590 221 1
2792 221 1
3819 221 1
857 221 1
507 221 1
2291 221 1
563 221 1
37 221 1
1858 221 1
3114 221 1
1390 221 1
1012 221 1
2716 221 1
2697 221 1
1502 221 1
1841 221 1
3745 221 1
2872 221 1
3495 221 1
2300 221 1
1627 221 1
3616 221 1
1039 221 1
3452 221 1
3672 221 1
3066 221 1
621 221 1
766 221 1
1753 221 1
3499 221 1
665 221 1
2374 221 1
1313 221 1
1640 221 1
3593 221 1
988 221 1
1143 221 1
743 221 1
895 221 1
3644 221 1
2624 221 1
555 221 1
781 221 1
1038 221 1
1896 221 1
2486 221 1
1962 221 1
1520 221 1
1731 221 1
756 221 1
1913 221 1
482 221 1
725 221 1
1057 221 1
2753 221 1
2813 221 1
1208 221 1
1340 221 1
1435 221 1
682 221 1
25 221 1
2497 221 1
1307 221 1
1236 221 1
481 221 1
3731 221 1
1003 221 1
2807 221 1
950 221 1
2856 221 1
3573 221 1
2285 221 1
1561 221 1
1350 221 1
1356 221 1
920 221 1
1749 221 1
2935 221 1
1551 221 1
1531 221 1
2122 221 1
3191 221 1
3843 221 1
2938 221 1
1923 221 1
3281 221 1
854 221 1
635 221 1
1564 221 1
1723 221 1
3425 221 1
2374 221 1
2640 221 1
1675 221 1
1710 221 1
240 221 1
2689 221 1
2839 221 1
3766 221 1
2749 221 1
1153 221 1
2917 221 1
1273 221 1
955 221 1
19 221 1
1531 221 1
666 221 1
3674 221 1
3251 221 1
3176 221 1
3742 221 1
942 221 1
250 221 1
2989 221 1
3766 221 1
782 221 1
3361 221 1
2944 221 1
1002 221 1
249 221 1
935 221 1
2801 221 1
3396 221 1
3651 221 1
2405 221 1
3650 221 1
3512 221 1
1232 221 1
2511 221 1
19 221 1
3763 221 1
859 221 1
436 221 1
2851 221 1
3138 221 1
485 221 1
2396 221 1
522 221 1
3396 221 1
3691 221 1
498 221 1
2316 221 1
262 221 1
568 221 1
231 221 1
1721 221 1
3394 221 1
1323 221 1
1143 221 1
2693 221 1
1059 221 1
1561 221 1
1094 221 1
1503 221 1
1203 221 1
3665 221 1
3520 221 1
2936 221 1
3016 221 1
2585 221 1
1218 221 1
2730 221 1
627 221 1
1861 221 1
2980 221 1
613 221 1
2902 221 1
61 221 1
1133 221 1
3067 221 1
36 221 1
487 221 1
3358 221 1
1977 221 1
980 221 1
813 221 1
1414 221 1
879 221 1
1192 221 1
736 221 1
3019 221 1
1116 221 1
3764 221 1
38 221 1
2649 221 1
2004 221 1
553 221 1
196 221 1
2403 221 1
1213 221 1
230 221 1
2884 221 1
3585 221 1
2497 221 1
1332 221 1
3530 221 1
157 221 1
661 221 1
3351 221 1
1259 221 1
946 221 1
2386 221 1
2289 221 1
3436 221 1
1753 221 1
3757 221 1
2605 221 1
3066 221 1
3686 221 1
2780 221 1
161 221 1
3354 221 1
3121 221 1
3207 221 1
991 221 1
2814 221 1
1099 221 1
2207 221 1
982 221 1
713 221 1
2988 221 1
1942 221 1
146 221 1
2498 221 1
746 221 1
37 221 1
2607 221 1
1317 221 1
574 221 1
228 221 1
2561 221 1
2184 221 1
2834 221 1
2392 221 1
2389 221 1
671 221 1
3225 221 1
3421 221 1
655 221 1
2494 221 1
3170 221 1
2963 221 1
2771 221 1
1843 221 1
2128 221 1
3365 221 1
1380 221 1
3173 221 1
2180 221 1
3477 221 1
1948 221 1
1077 221 1
2844 221 1
842 221 1
3022 221 1
3151 221 1
361 221 1
2503 221 1
3526 221 1
2072 221 1
3433 221 1
2630 221 1
2936 221 1
3044 221 1
413 221 1
1590 221 1
634 221 1
3384 221 1
507 221 1
1280 221 1
2794 221 1
1288 221 1
680 221 1
1727 221 1
978 221 1
542 221 1
3624 221 1
2940 221 1
1259 221 1
2298 221 1
571 221 1
2548 221 1
1304 221 1
1010 221 1
2440 221 1
2342 221 1
3096 221 1
3652 221 1
1049 221 1
676 221 1
331 221 1
1944 221 1
456 221 1
2653 221 1
1854 221 1
2934 221 1
1711 221 1
2686 221 1
2641 221 1
2394 221 1
243 221 1
3001 221 1
2562 221 1
1832 221 1
1752 221 1
848 221 1
2490 221 1
627 221 1
1549 221 1
3420 221 1
901 221 1
1064 221 1
1406 221 1
2755 222 1
3242 222 1
299 222 1
3509 222 1
2712 222 1
222 222 1
3756 222 1
579 222 1
636 222 1
2150 222 1
3269 222 1
3826 222 1
2816 222 1
2210 222 1
1871 222 1
1794 222 1
222 222 1
2403 222 1
3353 222 1
2602 222 1
359 222 1
707 222 1
1039 222 1
1037 222 1
3685 222 1
787 222 1
3395 222 1
241 222 1
925 222 1
512 222 1
3618 222 1
3855 222 1
1421 222 1
2194 222 1
14 222 1
1078 222 1
435 222 1
3000 222 1
1453 222 1
2663 222 1
707 222 1
3045 222 1
1962 222 1
2644 222 1
407 222 1
1488 222 1
1626 222 1
1356 222 1
2532 222 1
3602 222 1
3744 222 1
910 222 1
16 222 1
2013 222 1
2295 222 1
847 222 1
305 222 1
1888 222 1
816 222 1
3254 222 1
608 222 1
3570 222 1
45 222 1
3820 222 1
2064 222 1
2056 222 1
2187 222 1
1845 222 1
2685 222 1
666 222 1
3058 222 1
1007 222 1
3277 222 1
2399 222 1
3434 222 1
2504 222 1
1598 222 1
1610 222 1
930 222 1
1169 222 1
231 222 1
95 222 1
3327 222 1
669 222 1
603 222 1
1389 222 1
1370 222 1
1963 222 1
932 222 1
2546 222 1
1420 222 1
805 222 1
3032 222 1
3043 222 1
3144 222 1
1760 222 1
2345 222 1
2354 222 1
2718 222 1
2769 222 1
3225 222 1
2712 222 1
1066 222 1
2219 222 1
1307 222 1
2922 222 1
412 222 1
2670 222 1
514 222 1
3327 222 1
3857 222 1
3177 222 1
2412 222 1
3823 222 1
3728 222 1
3802 222 1
1608 222 1
590 222 1
2127 222 1
2776 222 1
1531 222 1
1302 222 1
3280 222 1
2622 222 1
103 222 1
1745 222 1
915 222 1
1007 222 1
2033 222 1
528 222 1
2844 222 1
1545 222 1
3203 222 1
3175 222 1
1649 222 1
2861 222 1
1786 222 1
2239 222 1
2313 222 1
3133 222 1
1109 222 1
2884 222 1
2357 222 1
588 222 1
2475 222 1
3346 222 1
3620 222 1
294 222 1
2591 222 1
73 222 1
2977 222 1
1549 222 1
1068 222 1
2129 222 1
465 222 1
3618 222 1
3089 222 1
1993 222 1
1525 222 1
1528 222 1
1419 222 1
1114 222 1
1830 222 1
2951 222 1
1985 222 1
2051 222 1
2355 222 1
1368 222 1
701 222 1
3481 222 1
2559 222 1
3640 222 1
332 222 1
2047 222 1
3750 222 1
2924 222 1
2576 222 1
1760 222 1
1626 222 1
40 222 1
3448 222 1
2254 222 1
3613 222 1
3254 222 1
1405 222 1
1545 222 1
2850 222 1
537 222 1
3411 222 1
817 222 1
2777 222 1
2594 222 1
3118 222 1
3720 222 1
722 222 1
2117 222 1
2415 222 1
382 222 1
441 222 1
784 222 1
3509 222 1
494 222 1
2961 222 1
3192 222 1
1296 222 1
1620 222 1
2360 222 1
3415 222 1
466 222 1
1339 222 1
665 222 1
439 222 1
926 222 1
340 222 1
715 222 1
3760 222 1
2477 222 1
549 222 1
2294 222 1
1413 222 1
3305 222 1
2096 222 1
852 222 1
2972 222 1
1424 222 1
1082 222 1
3741 222 1
2178 222 1
1756 222 1
3822 222 1
561 222 1
1760 222 1
1611 222 1
2516 222 1
3802 222 1
3018 222 1
1804 222 1
3503 222 1
1879 222 1
781 222 1
580 222 1
1715 222 1
1380 222 1
854 222 1
2590 222 1
573 222 1
2672 222 1
169 222 1
428 222 1
3225 222 1
3073 222 1
3732 222 1
1668 222 1
3420 222 1
3218 222 1
44 222 1
2075 222 1
450 222 1
2752 222 1
1579 222 1
620 222 1
917 222 1
3414 222 1
3029 222 1
3410 222 1
1938 222 1
648 222 1
2435 222 1
2778 222 1
1498 222 1
1272 222 1
661 222 1
1838 222 1
569 222 1
1969 222 1
2062 222 1
3406 222 1
2606 222 1
3775 222 1
3723 222 1
2831 222 1
2136 222 1
832 222 1
80 222 1
2740 222 1
1698 222 1
1246 222 1
3490 222 1
912 222 1
1208 222 1
780 222 1
1014 222 1
3190 222 1
2248 222 1
2200 222 1
1090 222 1
910 222 1
3679 222 1
2148 222 1
992 222 1
3382 222 1
1438 222 1
2328 222 1
1317 222 1
1506 222 1
3428 222 1
266 222 1
3601 222 1
2980 222 1
2780 222 1
246 222 1
738 222 1
1822 222 1
1954 222 1
2508 222 1
593 222 1
1624 222 1
1037 222 1
712 222 1
3505 222 1
533 222 1
2009 222 1
2031 222 1
1251 222 1
2024 222 1
284 222 1
2631 222 1
955 222 1
2740 222 1
3709 222 1
2682 222 1
278 222 1
1465 222 1
525 222 1
1680 222 1
1373 222 1
606 222 1
1807 222 1
2151 222 1
1164 222 1
630 222 1
3673 222 1
2042 222 1
603 222 1
1011 222 1
1748 223 1
3092 223 1
3083 223 1
1540 223 1
2804 223 1
3709 223 1
3612 223 1
1311 223 1
3479 223 1
3490 223 1
1632 223 1
3162 223 1
2431 223 1
1512 223 1
2844 223 1
3354 223 1
3460 223 1
1722 223 1
2262 223 1
2121 223 1
898 223 1
1295 223 1
1977 223 1
2660 223 1
3490 223 1
551 223 1
2893 223 1
3727 223 1
549 223 1
3327 223 1
1860 223 1
3185 223 1
1263 223 1
2127 223 1
1824 223 1
3361 223 1
485 223 1
3148 223 1
1540 223 1
2141 223 1
2734 223 1
3317 223 1
2252 223 1
1127 223 1
561 223 1
3226 223 1
3208 223 1
246 223 1
76 223 1
1120 223 1
3808 223 1
1039 223 1
2283 223 1
1767 223 1
2375 223 1
3258 223 1
3537 223 1
1933 223 1
991 223 1
3670 223 1
2423 223 1
3435 223 1
1556 223 1
3268 223 1
3514 223 1
2352 223 1
2702 223 1
3767 223 1
3772 223 1
1577 223 1
1811 223 1
943 223 1
2032 223 1
2530 223 1
1561 223 1
3756 223 1
693 223 1
1253 223 1
306 223 1
227 223 1
2378 223 1
2920 223 1
2147 223 1
2120 223 1
2927 223 1
2881 223 1
226 223 1
2817 223 1
2704 223 1
743 223 1
3636 223 1
2641 223 1
1372 223 1
3625 223 1
1075 223 1
2924 223 1
1137 223 1
315 223 1
3673 223 1
2366 223 1
1043 223 1
3427 223 1
65 223 1
371 223 1
108 223 1
2628 223 1
1679 223 1
906 223 1
1122 223 1
996 223 1
965 223 1
1439 223 1
2083 223 1
2811 223 1
1578 223 1
3437 223 1
3294 223 1
3109 223 1
3377 223 1
458 223 1
2928 223 1
1510 223 1
3361 223 1
836 223 1
598 223 1
2528 223 1
1220 223 1
141 223 1
22 223 1
620 223 1
2070 223 1
2010 223 1
2093 223 1
447 223 1
3429 223 1
2629 223 1
3491 223 1
235 223 1
2955 223 1
3466 223 1
1521 223 1
2143 223 1
1392 223 1
1984 223 1
3424 223 1
216 223 1
595 223 1
1881 223 1
2496 223 1
381 223 1
1039 223 1
341 223 1
2355 223 1
3222 223 1
938 223 1
1177 223 1
2934 223 1
1532 223 1
1241 223 1
3425 223 1
2151 223 1
3584 223 1
3103 223 1
1113 223 1
209 223 1
2086 223 1
2214 223 1
590 223 1
3158 223 1
358 223 1
590 223 1
118 223 1
2703 223 1
1402 223 1
2498 223 1
922 223 1
86 223 1
1852 223 1
3100 223 1
802 223 1
609 223 1
1069 223 1
1533 223 1
104 223 1
2506 223 1
1245 223 1
2261 223 1
3645 223 1
3483 223 1
2197 223 1
1856 223 1
2881 223 1
3115 223 1
863 223 1
3089 223 1
3749 223 1
1581 223 1
3593 223 1
1808 223 1
2659 223 1
3159 223 1
3827 223 1
1908 223 1
1687 223 1
2431 223 1
3607 223 1
946 223 1
1923 223 1
3077 223 1
1720 223 1
903 223 1
226 223 1
1427 223 1
2232 223 1
330 223 1
175 223 1
631 223 1
2307 223 1
960 223 1
2565 223 1
922 223 1
232 223 1
2638 223 1
1726 223 1
3503 223 1
1652 223 1
1292 223 1
3644 223 1
2770 223 1
930 223 1
309 223 1
1224 223 1
2556 223 1
508 223 1
3563 223 1
1861 223 1
3267 223 1
575 223 1
1635 223 1
2723 223 1
372 223 1
3659 223 1
704 223 1
3695 223 1
3389 223 1
3601 223 1
3282 223 1
260 223 1
3445 223 1
3767 223 1
1586 223 1
479 223 1
1475 223 1
428 223 1
1840 223 1
2220 223 1
1735 223 1
347 223 1
3568 223 1
318 223 1
2313 223 1
879 223 1
3300 223 1
3523 223 1
434 223 1
282 223 1
1546 223 1
3510 223 1
3432 223 1
3296 223 1
1784 223 1
1246 223 1
3555 223 1
1101 223 1
3003 223 1
3299 223 1
810 223 1
669 223 1
48 223 1
2906 223 1
923 223 1
1540 223 1
1192 223 1
1977 223 1
1294 223 1
2534 223 1
2670 223 1
602 223 1
23 223 1
186 223 1
13 223 1
2556 223 1
1266 223 1
1011 223 1
3486 223 1
3793 223 1
2313 223 1
311 223 1
2183 223 1
2039 223 1
1519 223 1
25 223 1
3618 223 1
1271 223 1
445 223 1
2403 223 1
640 223 1
1386 223 1
2637 223 1
2843 223 1
1573 223 1
3378 223 1
383 223 1
230 223 1
1663 223 1
1601 223 1
2756 223 1
1828 223 1
3724 223 1
2101 223 1
2545 223 1
3356 223 1
2016 223 1
3028 223 1
617 223 1
2846 223 1
730 223 1
985 223 1
3389 223 1
1758 223 1
51 223 1
3758 223 1
149 223 1
188 223 1
3614 223 1
3087 223 1
89 223 1
3602 223 1
1541 223 1
1663 223 1
369 223 1
2806 223 1
1518 223 1
3611 223 1
1674 223 1
2567 224 1
3211 224 1
1991 224 1
1732 224 1
2411 224 1
2458 224 1
1493 224 1
2894 224 1
3608 224 1
1767 224 1
1524 224 1
2158 224 1
2166 224 1
1539 224 1
3487 224 1
383 224 1
2364 224 1
2777 224 1
3225 224 1
3320 224 1
3596 224 1
2013 224 1
3551 224 1
2021 224 1
2691 224 1
3531 224 1
3043 224 1
599 224 1
2130 224 1
1403 224 1
3218 224 1
1498 224 1
2664 224 1
3374 224 1
946 224 1
591 224 1
2022 224 1
129 224 1
3785 224 1
1278 224 1
1441 224 1
402 224 1
2719 224 1
1332 224 1
287 224 1
448 224 1
649 224 1
915 224 1
2953 224 1
3787 224 1
638 224 1
2848 224 1
1319 224 1
3182 224 1
231 224 1
221 224 1
1903 224 1
495 224 1
3440 224 1
276 224 1
3019 224 1
738 224 1
1059 224 1
2261 224 1
1889 224 1
1467 224 1
289 224 1
3103 224 1
3849 224 1
1564 224 1
1097 224 1
2276 224 1
1292 224 1
194 224 1
1473 224 1
37 224 1
3850 224 1
715 224 1
829 224 1
1936 224 1
1693 224 1
2998 224 1
2917 224 1
2956 224 1
417 224 1
1277 224 1
2330 224 1
1382 224 1
541 224 1
2985 224 1
151 224 1
3251 224 1
2158 224 1
667 224 1
121 224 1
2085 224 1
25 224 1
62 224 1
2770 224 1
3211 224 1
1368 224 1
1512 224 1
3621 224 1
1567 224 1
3681 224 1
2076 224 1
2801 224 1
975 224 1
1726 224 1
2863 224 1
930 224 1
405 224 1
3032 224 1
3089 224 1
954 224 1
1677 224 1
722 224 1
154 224 1
1865 224 1
172 224 1
2539 224 1
3044 224 1
660 224 1
864 224 1
3073 224 1
1087 224 1
1303 224 1
902 224 1
2664 224 1
206 224 1
2629 224 1
3399 224 1
572 224 1
3366 224 1
2012 224 1
1871 224 1
1603 224 1
151 224 1
3418 224 1
2875 224 1
2650 224 1
1134 224 1
1735 224 1
3345 224 1
363 224 1
338 224 1
2997 224 1
872 224 1
2168 224 1
1744 224 1
1690 224 1
583 224 1
1152 224 1
1521 224 1
1873 224 1
618 224 1
392 224 1
2437 224 1
254 224 1
960 224 1
1787 224 1
2133 224 1
2790 224 1
139 224 1
1359 224 1
908 224 1
1613 224 1
1983 224 1
2553 224 1
1535 224 1
1968 224 1
1319 224 1
1573 224 1
810 224 1
2915 224 1
1573 224 1
802 224 1
2239 224 1
1827 224 1
2491 224 1
538 224 1
2012 224 1
3802 224 1
2364 224 1
424 224 1
677 224 1
1879 224 1
1610 224 1
814 224 1
1529 224 1
2894 224 1
1324 224 1
2073 224 1
558 224 1
681 224 1
3501 224 1
2220 224 1
2039 224 1
2217 224 1
1796 224 1
871 224 1
3378 224 1
1340 224 1
2711 224 1
2428 224 1
116 224 1
1502 224 1
3164 224 1
220 224 1
3696 224 1
837 224 1
13 224 1
950 224 1
2563 224 1
312 224 1
3335 224 1
2863 224 1
1106 224 1
2284 224 1
1038 224 1
3315 224 1
3666 224 1
1639 224 1
1937 224 1
3795 224 1
1031 224 1
825 224 1
1673 224 1
399 224 1
3349 224 1
1268 224 1
1028 224 1
883 224 1
1482 224 1
1082 224 1
2664 224 1
3541 224 1
2543 224 1
859 224 1
1088 224 1
1759 224 1
718 224 1
637 224 1
1227 224 1
544 224 1
2922 224 1
933 224 1
1669 224 1
3842 224 1
1009 224 1
625 224 1
741 224 1
1808 224 1
330 224 1
1321 224 1
146 224 1
949 224 1
1233 224 1
576 224 1
2428 224 1
688 224 1
3569 224 1
931 224 1
2791 224 1
533 224 1
350 224 1
2906 224 1
2391 224 1
1891 224 1
3159 224 1
1118 224 1
550 224 1
2154 224 1
2364 224 1
643 224 1
3307 224 1
1613 224 1
931 224 1
3575 224 1
3812 224 1
3835 224 1
1591 224 1
3729 224 1
133 224 1
1934 224 1
2321 224 1
2608 224 1
3722 224 1
3128 224 1
158 224 1
51 224 1
1547 224 1
554 224 1
968 224 1
1554 224 1
693 224 1
2560 224 1
2331 224 1
2216 224 1
295 224 1
2113 224 1
3216 224 1
2379 224 1
3089 224 1
573 224 1
45 224 1
1441 224 1
3291 224 1
3271 224 1
2363 224 1
839 224 1
1540 224 1
1941 224 1
1470 224 1
745 224 1
3807 224 1
3597 224 1
3499 224 1
1588 224 1
2504 224 1
1920 224 1
2945 224 1
3108 224 1
2885 224 1
3551 224 1
2617 224 1
1876 224 1
323 224 1
2072 224 1
1512 224 1
220 224 1
1291 224 1
2779 224 1
1306 224 1
844 224 1
2812 224 1
525 224 1
2654 224 1
3602 224 1
232 224 1
3435 224 1
1975 224 1
3851 224 1
2149 224 1
2523 224 1
97 225 1
1165 225 1
3065 225 1
2199 225 1
1116 225 1
269 225 1
61 225 1
3373 225 1
461 225 1
1406 225 1
3705 225 1
61 225 1
2875 225 1
2790 225 1
1357 225 1
1952 225 1
1404 225 1
2908 225 1
1372 225 1
111 225 1
2645 225 1
672 225 1
1720 225 1
2337 225 1
1139 225 1
172 225 1
394 225 1
1799 225 1
686 225 1
3372 225 1
3434 225 1
1019 225 1
139 225 1
680 225 1
1060 225 1
1602 225 1
3218 225 1
2952 225 1
2981 225 1
1741 225 1
3438 225 1
3522 225 1
3091 225 1
3234 225 1
1272 225 1
3639 225 1
2293 225 1
2702 225 1
1921 225 1
2361 225 1
2640 225 1
1126 225 1
3171 225 1
468 225 1
3014 225 1
3284 225 1
3455 225 1
3085 225 1
1560 225 1
3397 225 1
723 225 1
2748 225 1
3357 225 1
1060 225 1
905 225 1
2109 225 1
1695 225 1
2032 225 1
3060 225 1
1397 225 1
101 225 1
3776 225 1
1556 225 1
2274 225 1
1888 225 1
3510 225 1
3702 225 1
2270 225 1
2159 225 1
2552 225 1
3110 225 1
1077 225 1
2260 225 1
1299 225 1
2146 225 1
2773 225 1
2855 225 1
2387 225 1
3716 225 1
2286 225 1
861 225 1
1603 225 1
2309 225 1
1345 225 1
3518 225 1
454 225 1
2749 225 1
2200 225 1
1561 225 1
741 225 1
183 225 1
2195 225 1
2472 225 1
3522 225 1
1607 225 1
2876 225 1
2135 225 1
644 225 1
1763 225 1
3793 225 1
2957 225 1
1384 225 1
1156 225 1
3639 225 1
2126 225 1
1442 225 1
393 225 1
347 225 1
2306 225 1
2589 225 1
408 225 1
2371 225 1
2771 225 1
3001 225 1
184 225 1
1236 225 1
2360 225 1
1141 225 1
1164 225 1
2743 225 1
315 225 1
101 225 1
3402 225 1
647 225 1
385 225 1
373 225 1
113 225 1
1988 225 1
2981 225 1
3729 225 1
1338 225 1
3060 225 1
70 225 1
2987 225 1
1480 225 1
3638 225 1
484 225 1
3403 225 1
2716 225 1
3043 225 1
107 225 1
505 225 1
513 225 1
2129 225 1
2262 225 1
413 225 1
3323 225 1
1354 225 1
3303 225 1
3123 225 1
2759 225 1
433 225 1
868 225 1
1782 225 1
2375 225 1
2945 225 1
378 225 1
2809 225 1
2704 225 1
2028 225 1
1395 225 1
13 225 1
3712 225 1
712 225 1
2059 225 1
2766 225 1
1403 225 1
1450 225 1
537 225 1
721 225 1
2861 225 1
658 225 1
2562 225 1
2743 225 1
629 225 1
428 225 1
739 225 1
1087 225 1
2107 225 1
3392 225 1
160 225 1
2529 225 1
2014 225 1
1249 225 1
1030 225 1
3233 225 1
721 225 1
2625 225 1
1113 225 1
741 225 1
1878 225 1
3722 225 1
553 225 1
2161 225 1
1655 225 1
632 225 1
1456 225 1
2060 225 1
3773 225 1
517 225 1
2189 225 1
2829 225 1
932 225 1
3245 225 1
3119 225 1
3456 225 1
3227 225 1
1156 225 1
3450 225 1
552 225 1
1336 225 1
2071 225 1
2907 225 1
1397 225 1
29 225 1
1281 225 1
2045 225 1
227 225 1
2660 225 1
3172 225 1
427 225 1
468 225 1
272 225 1
1590 225 1
3840 225 1
1188 225 1
3491 225 1
2633 225 1
2938 225 1
1608 225 1
2655 225 1
3051 225 1
1462 225 1
2542 225 1
1339 225 1
1379 225 1
1856 225 1
1400 225 1
3786 225 1
1579 225 1
2389 225 1
1653 225 1
178 225 1
1858 225 1
3389 225 1
999 225 1
1473 225 1
130 225 1
206 225 1
1155 225 1
3579 225 1
1774 225 1
3134 225 1
3020 225 1
3519 225 1
1552 225 1
519 225 1
3092 225 1
2999 225 1
2437 225 1
2978 225 1
1748 225 1
1762 225 1
786 225 1
1313 225 1
2125 225 1
1556 225 1
2181 225 1
1671 225 1
2660 225 1
50 225 1
3281 225 1
895 225 1
3099 225 1
3401 225 1
3797 225 1
76 225 1
159 225 1
58 225 1
1243 225 1
1519 225 1
3401 225 1
1440 225 1
2982 225 1
2874 225 1
3189 225 1
1056 225 1
2135 225 1
2435 225 1
682 225 1
3173 225 1
865 225 1
2774 225 1
2046 225 1
580 225 1
103 225 1
2776 225 1
350 225 1
3421 225 1
3697 225 1
3562 225 1
1098 225 1
2378 225 1
2590 225 1
3559 225 1
273 225 1
867 225 1
1243 225 1
3468 225 1
2189 225 1
311 225 1
26 225 1
2697 225 1
3416 225 1
2504 225 1
1173 225 1
1131 225 1
2657 225 1
2776 225 1
32 225 1
311 225 1
596 225 1
145 225 1
1095 225 1
2966 225 1
1816 225 1
2555 225 1
960 225 1
260 225 1
1631 225 1
1621 225 1
2382 225 1
43 225 1
2133 225 1
71 225 1
109 226 1
2303 226 1
2878 226 1
220 226 1
2203 226 1
3143 226 1
629 226 1
3729 226 1
568 226 1
3169 226 1
3144 226 1
911 226 1
889 226 1
1800 226 1
2553 226 1
3457 226 1
1862 226 1
1787 226 1
3192 226 1
785 226 1
3168 226 1
3050 226 1
2465 226 1
798 226 1
2307 226 1
3103 226 1
2923 226 1
2804 226 1
84 226 1
2670 226 1
2211 226 1
992 226 1
364 226 1
2611 226 1
2229 226 1
3112 226 1
3338 226 1
3240 226 1
3427 226 1
1041 226 1
2180 226 1
3345 226 1
40 226 1
1062 226 1
1616 226 1
1763 226 1
1004 226 1
91 226 1
5 226 1
2726 226 1
2520 226 1
3143 226 1
543 226 1
3132 226 1
616 226 1
2680 226 1
2991 226 1
3737 226 1
2967 226 1
3405 226 1
2929 226 1
2988 226 1
837 226 1
47 226 1
3593 226 1
3508 226 1
3182 226 1
428 226 1
2463 226 1
2669 226 1
3042 226 1
3520 226 1
2891 226 1
3011 226 1
2801 226 1
1314 226 1
3523 226 1
1694 226 1
1816 226 1
3498 226 1
672 226 1
1900 226 1
408 226 1
3055 226 1
2779 226 1
568 226 1
3787 226 1
2062 226 1
3555 226 1
1420 226 1
2364 226 1
1154 226 1
3789 226 1
246 226 1
2429 226 1
1110 226 1
877 226 1
2481 226 1
1731 226 1
1545 226 1
863 226 1
275 226 1
639 226 1
1887 226 1
3191 226 1
3206 226 1
1758 226 1
3285 226 1
711 226 1
116 226 1
2347 226 1
10 226 1
3236 226 1
1760 226 1
3354 226 1
1198 226 1
2025 226 1
1925 226 1
404 226 1
3185 226 1
2532 226 1
2601 226 1
2131 226 1
1867 226 1
2790 226 1
2467 226 1
1286 226 1
867 226 1
2824 226 1
318 226 1
521 226 1
2083 226 1
2245 226 1
2216 226 1
932 226 1
2820 226 1
3750 226 1
2606 226 1
1843 226 1
3492 226 1
3528 226 1
3141 226 1
2058 226 1
1245 226 1
2495 226 1
3450 226 1
1813 226 1
3157 226 1
3252 226 1
1281 226 1
2417 226 1
3565 226 1
873 226 1
495 226 1
356 226 1
697 226 1
2445 226 1
3224 226 1
1445 226 1
1907 226 1
851 226 1
3632 226 1
3661 226 1
2455 226 1
599 226 1
3398 226 1
3585 226 1
3729 226 1
3702 226 1
647 226 1
1585 226 1
149 226 1
185 226 1
802 226 1
1656 226 1
93 226 1
1651 226 1
3005 226 1
3533 226 1
3702 226 1
1121 226 1
2760 226 1
527 226 1
1193 226 1
3609 226 1
598 226 1
1511 226 1
3277 226 1
435 226 1
1894 226 1
1928 226 1
3028 226 1
3248 226 1
2947 226 1
2211 226 1
2256 226 1
1154 226 1
3313 226 1
2783 226 1
1913 226 1
2242 226 1
1388 226 1
2736 226 1
1121 226 1
1028 226 1
2197 226 1
3184 226 1
1200 226 1
2716 226 1
184 226 1
2912 226 1
1236 226 1
2854 226 1
366 226 1
1284 226 1
2909 226 1
2445 226 1
3058 226 1
1824 226 1
90 226 1
1117 226 1
111 226 1
1068 226 1
2686 226 1
2972 226 1
3211 226 1
3435 226 1
1727 226 1
1878 226 1
1766 226 1
2552 226 1
173 226 1
176 226 1
1577 226 1
1276 226 1
129 226 1
3590 226 1
457 226 1
3732 226 1
1550 226 1
2526 226 1
1344 226 1
3236 226 1
138 226 1
3095 226 1
25 226 1
3509 226 1
2720 226 1
2615 226 1
1036 226 1
3022 226 1
295 226 1
2921 226 1
2663 226 1
2085 226 1
1575 226 1
322 226 1
537 226 1
69 226 1
3621 226 1
413 226 1
1238 226 1
1673 226 1
3196 226 1
3525 226 1
3148 226 1
3532 226 1
1575 226 1
3120 226 1
2355 226 1
1579 226 1
324 226 1
2752 226 1
3816 226 1
81 226 1
2111 226 1
543 226 1
2429 226 1
3500 226 1
3392 226 1
173 226 1
2248 226 1
1579 226 1
3710 226 1
2927 226 1
942 226 1
3136 226 1
2453 226 1
648 226 1
3637 226 1
3446 226 1
2570 226 1
213 226 1
3388 226 1
1796 226 1
2987 226 1
506 226 1
3582 226 1
1520 226 1
1185 226 1
1079 226 1
951 226 1
1093 226 1
2949 226 1
2183 226 1
3724 226 1
711 226 1
469 226 1
1097 226 1
127 226 1
2541 226 1
2663 226 1
3815 226 1
672 226 1
1889 226 1
569 226 1
1402 226 1
1789 226 1
1597 226 1
96 226 1
3343 226 1
3101 226 1
3677 226 1
430 226 1
1855 226 1
1116 226 1
3293 226 1
3741 226 1
1049 226 1
1504 226 1
1794 226 1
2609 226 1
1570 226 1
1116 226 1
2659 226 1
2094 226 1
2346 226 1
1308 226 1
3266 226 1
2232 226 1
1438 226 1
244 226 1
1843 226 1
1263 226 1
963 226 1
664 227 1
1874 227 1
457 227 1
3255 227 1
3554 227 1
1948 227 1
1400 227 1
21 227 1
3767 227 1
1399 227 1
1516 227 1
967 227 1
1056 227 1
2896 227 1
3657 227 1
538 227 1
1750 227 1
1030 227 1
2417 227 1
770 227 1
3024 227 1
3026 227 1
1601 227 1
3443 227 1
947 227 1
1400 227 1
377 227 1
1950 227 1
3754 227 1
1120 227 1
1966 227 1
2732 227 1
2659 227 1
723 227 1
1873 227 1
2165 227 1
2413 227 1
948 227 1
687 227 1
3259 227 1
3381 227 1
1706 227 1
417 227 1
2334 227 1
2040 227 1
476 227 1
2166 227 1
215 227 1
2648 227 1
403 227 1
1354 227 1
3272 227 1
783 227 1
461 227 1
3036 227 1
1482 227 1
3349 227 1
1954 227 1
602 227 1
2592 227 1
636 227 1
1474 227 1
1244 227 1
1733 227 1
2601 227 1
2024 227 1
160 227 1
1631 227 1
1978 227 1
3134 227 1
2859 227 1
159 227 1
1749 227 1
1997 227 1
3622 227 1
3561 227 1
2774 227 1
1127 227 1
408 227 1
789 227 1
2462 227 1
1919 227 1
1383 227 1
2806 227 1
2717 227 1
36 227 1
130 227 1
3819 227 1
299 227 1
3571 227 1
2465 227 1
384 227 1
3739 227 1
2451 227 1
2689 227 1
2824 227 1
1757 227 1
616 227 1
1093 227 1
2114 227 1
3198 227 1
5 227 1
1498 227 1
2025 227 1
3483 227 1
2429 227 1
861 227 1
461 227 1
501 227 1
601 227 1
2603 227 1
334 227 1
1364 227 1
1538 227 1
1513 227 1
2971 227 1
2325 227 1
1686 227 1
2547 227 1
2779 227 1
2979 227 1
1099 227 1
3485 227 1
964 227 1
3014 227 1
2377 227 1
2297 227 1
3245 227 1
3130 227 1
2167 227 1
399 227 1
1650 227 1
1076 227 1
1645 227 1
1380 227 1
1251 227 1
1976 227 1
1873 227 1
1006 227 1
608 227 1
461 227 1
673 227 1
3542 227 1
2993 227 1
895 227 1
2410 227 1
645 227 1
1497 227 1
256 227 1
2151 227 1
186 227 1
833 227 1
3397 227 1
3678 227 1
125 227 1
1965 227 1
2568 227 1
1900 227 1
161 227 1
1365 227 1
561 227 1
2710 227 1
2463 227 1
1707 227 1
3432 227 1
628 227 1
2796 227 1
961 227 1
881 227 1
3672 227 1
2703 227 1
2986 227 1
2348 227 1
2129 227 1
2439 227 1
2673 227 1
1128 227 1
2235 227 1
2464 227 1
3162 227 1
2336 227 1
724 227 1
3209 227 1
1514 227 1
2774 227 1
3568 227 1
1746 227 1
1235 227 1
250 227 1
1184 227 1
698 227 1
1747 227 1
1138 227 1
2890 227 1
1648 227 1
2131 227 1
1934 227 1
728 227 1
2768 227 1
1182 227 1
158 227 1
3679 227 1
1500 227 1
2953 227 1
1681 227 1
686 227 1
2296 227 1
3454 227 1
1292 227 1
1018 227 1
3588 227 1
3818 227 1
2068 227 1
3776 227 1
3835 227 1
153 227 1
2211 227 1
3345 227 1
3741 227 1
2423 227 1
333 227 1
1949 227 1
637 227 1
3122 227 1
2706 227 1
1545 227 1
2187 227 1
2829 227 1
2251 227 1
3846 227 1
2072 227 1
106 227 1
857 227 1
110 227 1
3320 227 1
2519 227 1
2328 227 1
1505 227 1
2901 227 1
630 227 1
1171 227 1
3747 227 1
1832 227 1
1538 227 1
914 227 1
910 227 1
28 227 1
2357 227 1
3721 227 1
2531 227 1
400 227 1
1974 227 1
2882 227 1
3177 227 1
2119 227 1
485 227 1
760 227 1
387 227 1
3011 227 1
900 227 1
1925 227 1
547 227 1
787 227 1
1874 227 1
2227 227 1
1942 227 1
2740 227 1
2214 227 1
3378 227 1
2814 227 1
3170 227 1
2913 227 1
394 227 1
3238 227 1
349 227 1
2212 227 1
3252 227 1
3848 227 1
1275 227 1
2551 227 1
2910 227 1
2948 227 1
2456 227 1
1616 227 1
1166 227 1
2368 227 1
958 227 1
2432 227 1
2618 227 1
19 227 1
279 227 1
2063 227 1
3339 227 1
819 227 1
423 227 1
380 227 1
3418 227 1
2703 227 1
1364 227 1
485 227 1
2589 227 1
3311 227 1
1574 227 1
356 227 1
286 227 1
3758 227 1
3571 227 1
2617 227 1
3772 227 1
1613 227 1
789 227 1
3614 227 1
3812 227 1
3364 227 1
1020 227 1
801 227 1
87 227 1
3499 227 1
1413 227 1
1467 227 1
2999 227 1
1750 227 1
2659 227 1
3380 227 1
1548 227 1
2900 227 1
3755 227 1
233 227 1
3052 227 1
2853 227 1
1128 227 1
1508 227 1
2620 227 1
3827 227 1
698 227 1
1152 227 1
1646 227 1
739 227 1
1005 227 1
2797 227 1
2872 227 1
3452 227 1
3074 227 1
2251 227 1
3511 227 1
3144 228 1
2108 228 1
3159 228 1
2444 228 1
1948 228 1
3810 228 1
2465 228 1
571 228 1
2254 228 1
1062 228 1
509 228 1
2460 228 1
2573 228 1
2936 228 1
479 228 1
26 228 1
3234 228 1
1793 228 1
778 228 1
2383 228 1
399 228 1
645 228 1
1530 228 1
3659 228 1
415 228 1
3572 228 1
449 228 1
920 228 1
2584 228 1
2714 228 1
1395 228 1
3015 228 1
2846 228 1
2085 228 1
2146 228 1
753 228 1
613 228 1
2193 228 1
2897 228 1
3787 228 1
2189 228 1
1474 228 1
2823 228 1
1811 228 1
3573 228 1
2899 228 1
2535 228 1
3410 228 1
1530 228 1
1119 228 1
1300 228 1
1429 228 1
1240 228 1
724 228 1
157 228 1
854 228 1
808 228 1
619 228 1
2152 228 1
889 228 1
1173 228 1
2599 228 1
1480 228 1
2968 228 1
193 228 1
2880 228 1
894 228 1
2581 228 1
3695 228 1
2679 228 1
656 228 1
289 228 1
1857 228 1
3471 228 1
678 228 1
3354 228 1
2835 228 1
3327 228 1
1186 228 1
2311 228 1
3051 228 1
2625 228 1
1072 228 1
1573 228 1
627 228 1
3044 228 1
2810 228 1
2480 228 1
2023 228 1
3591 228 1
689 228 1
3342 228 1
957 228 1
2182 228 1
843 228 1
1741 228 1
749 228 1
315 228 1
219 228 1
382 228 1
3116 228 1
10 228 1
2931 228 1
1878 228 1
3138 228 1
2306 228 1
3418 228 1
1161 228 1
1414 228 1
964 228 1
151 228 1
3603 228 1
226 228 1
2279 228 1
737 228 1
2451 228 1
2313 228 1
2533 228 1
1150 228 1
2982 228 1
3682 228 1
1900 228 1
2281 228 1
1686 228 1
3819 228 1
1815 228 1
2873 228 1
2641 228 1
2191 228 1
1990 228 1
2108 228 1
1532 228 1
781 228 1
1429 228 1
1456 228 1
2059 228 1
3133 228 1
1683 228 1
1511 228 1
1965 228 1
3516 228 1
2691 228 1
2539 228 1
1072 228 1
2818 228 1
3610 228 1
1454 228 1
192 228 1
446 228 1
538 228 1
397 228 1
1093 228 1
3511 228 1
2180 228 1
3801 228 1
3083 228 1
1584 228 1
3171 228 1
3826 228 1
771 228 1
801 228 1
1974 228 1
1365 228 1
2136 228 1
3373 228 1
564 228 1
1277 228 1
1276 228 1
1249 228 1
968 228 1
139 228 1
1823 228 1
2972 228 1
2171 228 1
857 228 1
711 228 1
219 228 1
237 228 1
463 228 1
2777 228 1
1549 228 1
976 228 1
3761 228 1
2968 228 1
1696 228 1
2248 228 1
287 228 1
798 228 1
3694 228 1
1279 228 1
808 228 1
1808 228 1
1614 228 1
957 228 1
2821 228 1
3418 228 1
3001 228 1
2711 228 1
52 228 1
50 228 1
632 228 1
3310 228 1
2367 228 1
2022 228 1
703 228 1
3090 228 1
2023 228 1
1943 228 1
379 228 1
2802 228 1
2410 228 1
2750 228 1
475 228 1
3768 228 1
2471 228 1
1239 228 1
1318 228 1
1814 228 1
2774 228 1
2885 228 1
3488 228 1
604 228 1
820 228 1
1821 228 1
605 228 1
1486 228 1
2465 228 1
2778 228 1
3684 228 1
1584 228 1
3049 228 1
2877 228 1
1161 228 1
2787 228 1
1842 228 1
2239 228 1
1267 228 1
2943 228 1
3548 228 1
2170 228 1
3367 228 1
1828 228 1
214 228 1
809 228 1
1722 228 1
260 228 1
2083 228 1
1168 228 1
577 228 1
1769 228 1
3548 228 1
3723 228 1
2768 228 1
2632 228 1
3369 228 1
3191 228 1
900 228 1
1932 228 1
907 228 1
483 228 1
1905 228 1
3469 228 1
2651 228 1
596 228 1
2616 228 1
410 228 1
438 228 1
1856 228 1
1813 228 1
368 228 1
246 228 1
516 228 1
2633 228 1
3503 228 1
2231 228 1
2495 228 1
328 228 1
2509 228 1
1046 228 1
2767 228 1
3213 228 1
3203 228 1
1450 228 1
686 228 1
570 228 1
935 228 1
2797 228 1
975 228 1
142 228 1
1351 228 1
1848 228 1
3563 228 1
1133 228 1
2714 228 1
496 228 1
3092 228 1
3754 228 1
1807 228 1
3518 228 1
359 228 1
1732 228 1
1706 228 1
2532 228 1
957 228 1
3484 228 1
3477 228 1
2651 228 1
3185 228 1
3211 228 1
2944 228 1
1708 228 1
658 228 1
1546 228 1
3421 228 1
2379 228 1
2871 228 1
1188 228 1
3562 228 1
72 228 1
1116 228 1
1738 228 1
3283 228 1
1320 228 1
788 228 1
2334 228 1
595 228 1
3483 228 1
3755 228 1
1971 228 1
3298 228 1
2434 228 1
1700 228 1
771 228 1
3351 228 1
744 228 1
3628 228 1
3712 228 1
2370 228 1
634 228 1
459 228 1
3481 228 1
2804 228 1
465 228 1
1730 228 1
2915 228 1
3152 229 1
802 229 1
356 229 1
582 229 1
504 229 1
2918 229 1
836 229 1
499 229 1
3603 229 1
3748 229 1
2865 229 1
180 229 1
2603 229 1
1887 229 1
3728 229 1
1725 229 1
2593 229 1
1854 229 1
2068 229 1
822 229 1
26 229 1
2373 229 1
2975 229 1
3109 229 1
2019 229 1
3151 229 1
2898 229 1
3592 229 1
2640 229 1
3347 229 1
331 229 1
3618 229 1
482 229 1
3536 229 1
2213 229 1
2409 229 1
3096 229 1
1650 229 1
2187 229 1
3109 229 1
2572 229 1
901 229 1
3828 229 1
2990 229 1
2194 229 1
2677 229 1
839 229 1
3817 229 1
3719 229 1
1478 229 1
2749 229 1
1800 229 1
1019 229 1
3323 229 1
2706 229 1
2766 229 1
2045 229 1
1246 229 1
1936 229 1
2718 229 1
1629 229 1
12 229 1
1639 229 1
3750 229 1
1150 229 1
942 229 1
1315 229 1
573 229 1
2287 229 1
705 229 1
280 229 1
264 229 1
1848 229 1
2814 229 1
3619 229 1
3847 229 1
1711 229 1
1483 229 1
654 229 1
3473 229 1
2560 229 1
931 229 1
1770 229 1
2257 229 1
3299 229 1
1218 229 1
1945 229 1
3584 229 1
3601 229 1
1154 229 1
1427 229 1
439 229 1
1343 229 1
2777 229 1
1243 229 1
2756 229 1
1150 229 1
1804 229 1
2558 229 1
1530 229 1
935 229 1
655 229 1
2185 229 1
935 229 1
3324 229 1
1107 229 1
851 229 1
1621 229 1
2791 229 1
1325 229 1
3395 229 1
581 229 1
3689 229 1
2216 229 1
1145 229 1
1902 229 1
3853 229 1
861 229 1
2975 229 1
3635 229 1
61 229 1
474 229 1
2985 229 1
463 229 1
2642 229 1
1132 229 1
3261 229 1
1389 229 1
3741 229 1
1752 229 1
939 229 1
2828 229 1
2454 229 1
1436 229 1
3112 229 1
1000 229 1
35 229 1
1482 229 1
3396 229 1
618 229 1
2915 229 1
2175 229 1
3450 229 1
3837 229 1
819 229 1
2067 229 1
2308 229 1
1222 229 1
1949 229 1
3159 229 1
2648 229 1
1217 229 1
2434 229 1
2960 229 1
2515 229 1
3216 229 1
829 229 1
3734 229 1
3132 229 1
672 229 1
1430 229 1
3767 229 1
3387 229 1
2745 229 1
1930 229 1
740 229 1
1256 229 1
3204 229 1
1804 229 1
1427 229 1
2589 229 1
439 229 1
3844 229 1
1237 229 1
3057 229 1
2260 229 1
2053 229 1
3465 229 1
2162 229 1
1321 229 1
2042 229 1
1192 229 1
2644 229 1
2807 229 1
1965 229 1
2907 229 1
3676 229 1
3084 229 1
530 229 1
750 229 1
2945 229 1
326 229 1
3095 229 1
3669 229 1
3533 229 1
330 229 1
2593 229 1
1270 229 1
2468 229 1
2523 229 1
2877 229 1
1854 229 1
547 229 1
1885 229 1
3653 229 1
1278 229 1
224 229 1
639 229 1
122 229 1
1423 229 1
1983 229 1
1417 229 1
3682 229 1
2517 229 1
3670 229 1
3260 229 1
2331 229 1
1573 229 1
3039 229 1
542 229 1
3317 229 1
387 229 1
199 229 1
2898 229 1
1839 229 1
175 229 1
1482 229 1
3049 229 1
671 229 1
2542 229 1
707 229 1
295 229 1
2604 229 1
71 229 1
1470 229 1
895 229 1
1504 229 1
3021 229 1
216 229 1
2996 229 1
1795 229 1
1367 229 1
3693 229 1
1445 229 1
787 229 1
2288 229 1
1865 229 1
2377 229 1
583 229 1
242 229 1
2188 229 1
1461 229 1
2599 229 1
220 229 1
488 229 1
2834 229 1
2029 229 1
1734 229 1
250 229 1
876 229 1
3374 229 1
1180 229 1
2285 229 1
311 229 1
2553 229 1
1603 229 1
1418 229 1
749 229 1
3073 229 1
1579 229 1
1849 229 1
261 229 1
1480 229 1
2156 229 1
2584 229 1
1901 229 1
480 229 1
2269 229 1
26 229 1
112 229 1
1810 229 1
1820 229 1
1377 229 1
3601 229 1
2796 229 1
607 229 1
2972 229 1
114 229 1
2464 229 1
1894 229 1
3525 229 1
175 229 1
2715 229 1
2262 229 1
2949 229 1
2142 229 1
2700 229 1
3471 229 1
405 229 1
2667 229 1
3751 229 1
1312 229 1
3709 229 1
1734 229 1
1104 229 1
368 229 1
3594 229 1
1374 229 1
2628 229 1
1601 229 1
867 229 1
2595 229 1
3532 229 1
765 229 1
1324 229 1
1029 229 1
3411 229 1
1069 229 1
2674 229 1
1097 229 1
568 229 1
3421 229 1
1628 229 1
489 229 1
2517 229 1
2806 229 1
1880 229 1
3182 229 1
1232 229 1
3354 229 1
2873 229 1
3488 229 1
3613 229 1
965 229 1
2974 229 1
24 229 1
1133 229 1
981 229 1
255 229 1
2212 229 1
3714 229 1
2086 229 1
2362 229 1
1232 229 1
1635 229 1
2664 230 1
533 230 1
3750 230 1
147 230 1
1271 230 1
1694 230 1
605 230 1
1436 230 1
313 230 1
191 230 1
697 230 1
788 230 1
980 230 1
3459 230 1
3738 230 1
3187 230 1
2337 230 1
2777 230 1
1823 230 1
2914 230 1
1106 230 1
656 230 1
1934 230 1
300 230 1
3356 230 1
3033 230 1
3260 230 1
1882 230 1
89 230 1
2150 230 1
3040 230 1
2470 230 1
2685 230 1
618 230 1
1062 230 1
85 230 1
2803 230 1
3167 230 1
546 230 1
653 230 1
1461 230 1
3493 230 1
975 230 1
282 230 1
1780 230 1
776 230 1
17 230 1
1303 230 1
93 230 1
520 230 1
1166 230 1
3487 230 1
1340 230 1
3477 230 1
3069 230 1
2493 230 1
1121 230 1
2264 230 1
3293 230 1
3559 230 1
2252 230 1
2744 230 1
24 230 1
3478 230 1
1551 230 1
2308 230 1
3445 230 1
3822 230 1
2356 230 1
2864 230 1
3796 230 1
3641 230 1
1083 230 1
3009 230 1
1268 230 1
954 230 1
1354 230 1
831 230 1
477 230 1
1392 230 1
3821 230 1
1134 230 1
1221 230 1
904 230 1
2572 230 1
2549 230 1
834 230 1
989 230 1
1918 230 1
1849 230 1
1472 230 1
1780 230 1
1245 230 1
1758 230 1
725 230 1
863 230 1
3337 230 1
3298 230 1
103 230 1
1436 230 1
626 230 1
2564 230 1
366 230 1
3756 230 1
2196 230 1
2167 230 1
1357 230 1
1714 230 1
3600 230 1
3130 230 1
170 230 1
318 230 1
428 230 1
1904 230 1
2885 230 1
3290 230 1
614 230 1
1310 230 1
3334 230 1
3073 230 1
928 230 1
7 230 1
2149 230 1
997 230 1
27 230 1
1177 230 1
123 230 1
350 230 1
1954 230 1
2031 230 1
1955 230 1
163 230 1
3228 230 1
361 230 1
353 230 1
1434 230 1
1086 230 1
550 230 1
1618 230 1
80 230 1
2576 230 1
1834 230 1
2749 230 1
3614 230 1
612 230 1
873 230 1
2249 230 1
3401 230 1
2305 230 1
818 230 1
3520 230 1
3717 230 1
2013 230 1
233 230 1
801 230 1
2273 230 1
2901 230 1
192 230 1
317 230 1
2390 230 1
253 230 1
1588 230 1
3338 230 1
3669 230 1
3663 230 1
818 230 1
3156 230 1
2082 230 1
2257 230 1
2947 230 1
110 230 1
3820 230 1
2376 230 1
1101 230 1
1447 230 1
3606 230 1
696 230 1
306 230 1
2373 230 1
1023 230 1
1833 230 1
178 230 1
3735 230 1
1486 230 1
3157 230 1
2027 230 1
2311 230 1
106 230 1
1155 230 1
2146 230 1
3313 230 1
2234 230 1
1979 230 1
1628 230 1
3358 230 1
1106 230 1
3099 230 1
1624 230 1
3775 230 1
3519 230 1
3683 230 1
2576 230 1
3485 230 1
501 230 1
549 230 1
2185 230 1
350 230 1
3427 230 1
2332 230 1
3071 230 1
2058 230 1
304 230 1
1950 230 1
1488 230 1
2530 230 1
2180 230 1
3553 230 1
2701 230 1
2212 230 1
3350 230 1
1441 230 1
1881 230 1
526 230 1
3561 230 1
73 230 1
600 230 1
3545 230 1
3354 230 1
415 230 1
2421 230 1
1199 230 1
1499 230 1
1427 230 1
3699 230 1
1330 230 1
3374 230 1
2388 230 1
2713 230 1
402 230 1
2340 230 1
3534 230 1
3796 230 1
2610 230 1
713 230 1
3673 230 1
370 230 1
2327 230 1
3789 230 1
1809 230 1
2599 230 1
1212 230 1
3469 230 1
590 230 1
2040 230 1
2418 230 1
2485 230 1
1935 230 1
3282 230 1
2506 230 1
2845 230 1
1094 230 1
756 230 1
647 230 1
1921 230 1
114 230 1
1875 230 1
585 230 1
3582 230 1
2699 230 1
2065 230 1
2243 230 1
2309 230 1
2583 230 1
1551 230 1
1855 230 1
3411 230 1
161 230 1
2949 230 1
1515 230 1
1988 230 1
2414 230 1
1541 230 1
2812 230 1
1672 230 1
2565 230 1
3819 230 1
694 230 1
3353 230 1
1423 230 1
1512 230 1
1315 230 1
3782 230 1
2910 230 1
722 230 1
118 230 1
2252 230 1
3630 230 1
3632 230 1
304 230 1
2430 230 1
3187 230 1
2902 230 1
3136 230 1
1247 230 1
2871 230 1
81 230 1
2531 230 1
298 230 1
3766 230 1
282 230 1
1812 230 1
1349 230 1
3078 230 1
616 230 1
1050 230 1
3435 230 1
3022 230 1
629 230 1
1066 230 1
73 230 1
572 230 1
2727 230 1
1145 230 1
3151 230 1
2132 230 1
2678 230 1
2500 230 1
3049 230 1
3069 230 1
3627 230 1
3007 230 1
1490 230 1
55 230 1
599 230 1
2228 230 1
1826 230 1
916 230 1
2753 230 1
3098 230 1
594 230 1
100 230 1
771 230 1
3622 230 1
3807 230 1
1763 230 1
1302 231 1
882 231 1
897 231 1
1721 231 1
1514 231 1
2269 231 1
2847 231 1
2246 231 1
1026 231 1
2276 231 1
864 231 1
1157 231 1
165 231 1
2457 231 1
827 231 1
1271 231 1
1523 231 1
3115 231 1
1165 231 1
1379 231 1
3134 231 1
2072 231 1
1151 231 1
1630 231 1
792 231 1
2494 231 1
3507 231 1
2249 231 1
1740 231 1
3647 231 1
1167 231 1
1055 231 1
1591 231 1
1703 231 1
1646 231 1
143 231 1
2543 231 1
586 231 1
188 231 1
1181 231 1
1461 231 1
2595 231 1
3610 231 1
1795 231 1
550 231 1
1792 231 1
2586 231 1
1230 231 1
2795 231 1
635 231 1
969 231 1
2042 231 1
2541 231 1
988 231 1
249 231 1
2291 231 1
3524 231 1
374 231 1
888 231 1
1403 231 1
1001 231 1
3770 231 1
2915 231 1
1421 231 1
2384 231 1
356 231 1
849 231 1
3590 231 1
861 231 1
2823 231 1
3600 231 1
2583 231 1
2036 231 1
3607 231 1
2375 231 1
3694 231 1
311 231 1
1069 231 1
3355 231 1
3687 231 1
1532 231 1
1981 231 1
3340 231 1
3827 231 1
1982 231 1
3179 231 1
3666 231 1
1206 231 1
1835 231 1
2758 231 1
3474 231 1
1836 231 1
3852 231 1
157 231 1
3550 231 1
1618 231 1
403 231 1
1695 231 1
1253 231 1
3100 231 1
2700 231 1
2481 231 1
10 231 1
1397 231 1
3733 231 1
1139 231 1
3396 231 1
513 231 1
890 231 1
1474 231 1
837 231 1
2908 231 1
3526 231 1
2717 231 1
1912 231 1
1598 231 1
575 231 1
593 231 1
1156 231 1
106 231 1
1046 231 1
3835 231 1
3496 231 1
3101 231 1
705 231 1
1545 231 1
2977 231 1
472 231 1
520 231 1
661 231 1
1306 231 1
82 231 1
519 231 1
70 231 1
1982 231 1
1898 231 1
2465 231 1
3535 231 1
280 231 1
2423 231 1
1118 231 1
2309 231 1
556 231 1
3043 231 1
94 231 1
2902 231 1
2563 231 1
1684 231 1
3636 231 1
353 231 1
500 231 1
709 231 1
3399 231 1
932 231 1
499 231 1
1408 231 1
493 231 1
1483 231 1
1301 231 1
1738 231 1
2680 231 1
3307 231 1
1706 231 1
3502 231 1
697 231 1
2509 231 1
3543 231 1
1036 231 1
2781 231 1
1312 231 1
718 231 1
2507 231 1
1368 231 1
3579 231 1
3302 231 1
3817 231 1
194 231 1
1316 231 1
743 231 1
2981 231 1
3644 231 1
770 231 1
2094 231 1
495 231 1
291 231 1
574 231 1
2176 231 1
2180 231 1
2370 231 1
1032 231 1
1273 231 1
317 231 1
440 231 1
702 231 1
114 231 1
3323 231 1
988 231 1
2676 231 1
1948 231 1
2781 231 1
343 231 1
2934 231 1
1877 231 1
1098 231 1
3352 231 1
2640 231 1
126 231 1
748 231 1
1816 231 1
806 231 1
2969 231 1
1801 231 1
3348 231 1
2700 231 1
3376 231 1
1735 231 1
1450 231 1
3244 231 1
751 231 1
3342 231 1
3519 231 1
1127 231 1
28 231 1
2832 231 1
2683 231 1
1898 231 1
2217 231 1
776 231 1
1737 231 1
2286 231 1
649 231 1
3186 231 1
596 231 1
623 231 1
918 231 1
114 231 1
2550 231 1
2665 231 1
2589 231 1
2049 231 1
3514 231 1
3047 231 1
459 231 1
1107 231 1
349 231 1
238 231 1
2948 231 1
1531 231 1
15 231 1
560 231 1
159 231 1
3344 231 1
1484 231 1
3634 231 1
11 231 1
1039 231 1
1951 231 1
2671 231 1
174 231 1
225 231 1
70 231 1
611 231 1
742 231 1
2288 231 1
2946 231 1
1051 231 1
3703 231 1
1975 231 1
108 231 1
3501 231 1
2910 231 1
3405 231 1
3087 231 1
710 231 1
3429 231 1
966 231 1
3671 231 1
1902 231 1
3813 231 1
2619 231 1
1374 231 1
3480 231 1
312 231 1
1383 231 1
3854 231 1
3728 231 1
2944 231 1
1353 231 1
128 231 1
182 231 1
2700 231 1
402 231 1
79 231 1
2810 231 1
1290 231 1
1424 231 1
2450 231 1
3213 231 1
1098 231 1
3628 231 1
2696 231 1
1272 231 1
2311 231 1
3185 231 1
413 231 1
2843 231 1
15 231 1
233 231 1
2566 231 1
788 231 1
508 231 1
3743 231 1
1982 231 1
3493 231 1
176 231 1
417 231 1
639 231 1
2622 231 1
3752 231 1
229 231 1
1891 231 1
1023 231 1
3102 231 1
2155 231 1
2186 231 1
458 231 1
444 231 1
954 231 1
2893 231 1
2482 231 1
2431 231 1
2197 231 1
466 231 1
2465 231 1
88 231 1
3083 231 1
613 231 1
3347 231 1
1094 231 1
2372 231 1
3859 231 1
3161 231 1
2900 231 1
502 231 1
2427 231 1
3832 232 1
1271 232 1
3579 232 1
1805 232 1
2157 232 1
412 232 1
2120 232 1
1478 232 1
1707 232 1
1551 232 1
2532 232 1
3441 232 1
3507 232 1
76 232 1
2768 232 1
2170 232 1
2388 232 1
295 232 1
992 232 1
1848 232 1
2658 232 1
1083 232 1
1684 232 1
291 232 1
766 232 1
3044 232 1
1603 232 1
3090 232 1
193 232 1
3464 232 1
255 232 1
898 232 1
3763 232 1
593 232 1
1914 232 1
2262 232 1
3157 232 1
479 232 1
2003 232 1
43 232 1
2313 232 1
60 232 1
494 232 1
534 232 1
2044 232 1
2738 232 1
3487 232 1
2683 232 1
3545 232 1
2754 232 1
804 232 1
569 232 1
2720 232 1
1068 232 1
912 232 1
1227 232 1
3182 232 1
2280 232 1
2078 232 1
3812 232 1
3348 232 1
239 232 1
2711 232 1
3030 232 1
235 232 1
298 232 1
306 232 1
926 232 1
2150 232 1
3327 232 1
283 232 1
1055 232 1
3486 232 1
918 232 1
2537 232 1
1524 232 1
857 232 1
1302 232 1
2050 232 1
3358 232 1
3190 232 1
457 232 1
2318 232 1
1035 232 1
806 232 1
2119 232 1
926 232 1
777 232 1
1367 232 1
174 232 1
526 232 1
2173 232 1
2184 232 1
3850 232 1
750 232 1
1076 232 1
1575 232 1
1890 232 1
1364 232 1
349 232 1
3367 232 1
1256 232 1
1852 232 1
3708 232 1
3824 232 1
325 232 1
3207 232 1
399 232 1
3506 232 1
651 232 1
2003 232 1
226 232 1
3598 232 1
1181 232 1
713 232 1
3543 232 1
1844 232 1
3357 232 1
2526 232 1
569 232 1
3481 232 1
88 232 1
1174 232 1
2091 232 1
1126 232 1
1625 232 1
2413 232 1
2937 232 1
3248 232 1
3290 232 1
2442 232 1
1967 232 1
723 232 1
2372 232 1
314 232 1
362 232 1
3689 232 1
485 232 1
182 232 1
538 232 1
2609 232 1
3402 232 1
1826 232 1
754 232 1
824 232 1
164 232 1
3006 232 1
193 232 1
1500 232 1
2043 232 1
1419 232 1
3724 232 1
638 232 1
1999 232 1
1084 232 1
396 232 1
3623 232 1
2186 232 1
1811 232 1
3497 232 1
116 232 1
2719 232 1
809 232 1
1413 232 1
2377 232 1
1600 232 1
2638 232 1
3689 232 1
442 232 1
3403 232 1
3321 232 1
243 232 1
3502 232 1
3076 232 1
1400 232 1
3577 232 1
3300 232 1
2972 232 1
684 232 1
442 232 1
878 232 1
543 232 1
3107 232 1
306 232 1
1331 232 1
1040 232 1
3620 232 1
1314 232 1
2503 232 1
1036 232 1
2569 232 1
3363 232 1
202 232 1
157 232 1
2079 232 1
1059 232 1
1910 232 1
851 232 1
3702 232 1
642 232 1
2974 232 1
2817 232 1
2970 232 1
1035 232 1
2227 232 1
954 232 1
133 232 1
864 232 1
2964 232 1
2119 232 1
1289 232 1
39 232 1
1448 232 1
2825 232 1
988 232 1
634 232 1
1787 232 1
1723 232 1
1959 232 1
3260 232 1
319 232 1
3515 232 1
1189 232 1
2763 232 1
3399 232 1
3611 232 1
2257 232 1
1892 232 1
3803 232 1
662 232 1
610 232 1
150 232 1
3005 232 1
3659 232 1
2368 232 1
2331 232 1
2305 232 1
701 232 1
3524 232 1
1266 232 1
3382 232 1
3624 232 1
661 232 1
383 232 1
2966 232 1
179 232 1
1201 232 1
2926 232 1
3486 232 1
1953 232 1
2659 232 1
2521 232 1
3444 232 1
193 232 1
2489 232 1
2076 232 1
1376 232 1
2 232 1
1102 232 1
348 232 1
3330 232 1
2926 232 1
3554 232 1
329 232 1
3771 232 1
1081 232 1
1208 232 1
861 232 1
1316 232 1
707 232 1
2821 232 1
2641 232 1
92 232 1
1175 232 1
1809 232 1
3569 232 1
1136 232 1
470 232 1
2738 232 1
157 232 1
2198 232 1
3648 232 1
2691 232 1
1829 232 1
1876 232 1
1576 232 1
1314 232 1
1468 232 1
2038 232 1
1324 232 1
189 232 1
635 232 1
1694 232 1
2827 232 1
2542 232 1
953 232 1
1205 232 1
3791 232 1
3378 232 1
1847 232 1
1832 232 1
2011 232 1
2132 232 1
1423 232 1
998 232 1
2767 232 1
3779 232 1
3583 232 1
3415 232 1
2517 232 1
2419 232 1
1499 232 1
3081 232 1
2095 232 1
2861 232 1
2744 232 1
576 232 1
3785 232 1
2772 232 1
2910 232 1
2218 232 1
2918 232 1
99 232 1
2650 232 1
2989 232 1
3155 232 1
2301 232 1
1144 232 1
265 232 1
1459 232 1
1441 232 1
2375 232 1
1298 232 1
1439 232 1
421 232 1
1726 232 1
1304 232 1
494 232 1
838 232 1
2642 232 1
2707 232 1
3112 232 1
206 232 1
1290 232 1
3687 232 1
1560 233 1
1406 233 1
2510 233 1
3065 233 1
2052 233 1
1924 233 1
2116 233 1
680 233 1
2184 233 1
3511 233 1
18 233 1
1962 233 1
826 233 1
2335 233 1
233 233 1
3841 233 1
3564 233 1
308 233 1
2386 233 1
1159 233 1
3644 233 1
1952 233 1
504 233 1
3175 233 1
3022 233 1
3228 233 1
2622 233 1
2436 233 1
3746 233 1
77 233 1
3735 233 1
282 233 1
1749 233 1
316 233 1
3212 233 1
3138 233 1
37 233 1
3048 233 1
162 233 1
3026 233 1
1948 233 1
216 233 1
3650 233 1
3482 233 1
3810 233 1
2446 233 1
2380 233 1
423 233 1
1760 233 1
2184 233 1
3024 233 1
3442 233 1
2955 233 1
1647 233 1
178 233 1
1520 233 1
1371 233 1
1535 233 1
2554 233 1
934 233 1
1443 233 1
2635 233 1
2568 233 1
211 233 1
2720 233 1
3518 233 1
663 233 1
1054 233 1
2221 233 1
3004 233 1
1197 233 1
3310 233 1
1590 233 1
700 233 1
3688 233 1
389 233 1
2819 233 1
2335 233 1
461 233 1
2360 233 1
2148 233 1
2012 233 1
3062 233 1
3421 233 1
1840 233 1
3642 233 1
488 233 1
489 233 1
2962 233 1
2503 233 1
3365 233 1
455 233 1
2883 233 1
3232 233 1
1645 233 1
198 233 1
3293 233 1
3336 233 1
174 233 1
3403 233 1
1625 233 1
3046 233 1
1770 233 1
2338 233 1
3313 233 1
3830 233 1
3706 233 1
838 233 1
1323 233 1
1609 233 1
3714 233 1
1187 233 1
1025 233 1
1610 233 1
23 233 1
2967 233 1
1052 233 1
196 233 1
2951 233 1
3064 233 1
724 233 1
2382 233 1
2342 233 1
815 233 1
2980 233 1
3333 233 1
2096 233 1
3772 233 1
117 233 1
1113 233 1
222 233 1
2838 233 1
3773 233 1
2353 233 1
2568 233 1
1752 233 1
739 233 1
676 233 1
1020 233 1
3059 233 1
2901 233 1
2018 233 1
267 233 1
3550 233 1
2642 233 1
1158 233 1
1188 233 1
1028 233 1
3703 233 1
1169 233 1
1328 233 1
1678 233 1
959 233 1
3147 233 1
237 233 1
3121 233 1
2941 233 1
277 233 1
70 233 1
299 233 1
3347 233 1
511 233 1
1945 233 1
2587 233 1
3726 233 1
1318 233 1
3043 233 1
3756 233 1
3189 233 1
2305 233 1
2194 233 1
3700 233 1
2746 233 1
3836 233 1
237 233 1
1010 233 1
3324 233 1
1769 233 1
3421 233 1
2752 233 1
334 233 1
2765 233 1
965 233 1
1597 233 1
2165 233 1
1602 233 1
3690 233 1
2285 233 1
3167 233 1
558 233 1
3003 233 1
2384 233 1
1302 233 1
53 233 1
328 233 1
1180 233 1
1827 233 1
431 233 1
1538 233 1
680 233 1
2465 233 1
3248 233 1
2177 233 1
1300 233 1
3345 233 1
693 233 1
602 233 1
3793 233 1
707 233 1
1772 233 1
3794 233 1
3697 233 1
642 233 1
1639 233 1
3306 233 1
3750 233 1
1309 233 1
2525 233 1
1956 233 1
3618 233 1
3747 233 1
2222 233 1
1019 233 1
8 233 1
3199 233 1
932 233 1
3095 233 1
3623 233 1
3579 233 1
14 233 1
2210 233 1
1496 233 1
30 233 1
2573 233 1
1833 233 1
1167 233 1
976 233 1
724 233 1
789 233 1
2972 233 1
1032 233 1
176 233 1
1796 233 1
463 233 1
3339 233 1
2761 233 1
2900 233 1
3655 233 1
1101 233 1
3678 233 1
493 233 1
2446 233 1
3051 233 1
1380 233 1
1957 233 1
2715 233 1
2598 233 1
111 233 1
890 233 1
3167 233 1
1448 233 1
2355 233 1
2149 233 1
909 233 1
2305 233 1
523 233 1
2808 233 1
3483 233 1
2404 233 1
2083 233 1
3754 233 1
589 233 1
58 233 1
3050 233 1
1239 233 1
34 233 1
2381 233 1
2287 233 1
1899 233 1
325 233 1
700 233 1
1770 233 1
2686 233 1
3569 233 1
1752 233 1
3665 233 1
568 233 1
2174 233 1
3588 233 1
1888 233 1
1135 233 1
2110 233 1
3140 233 1
2544 233 1
2887 233 1
1933 233 1
2644 233 1
2823 233 1
2875 233 1
1376 233 1
879 233 1
2299 233 1
316 233 1
794 233 1
3853 233 1
3389 233 1
3802 233 1
668 233 1
3157 233 1
400 233 1
290 233 1
3113 233 1
3340 233 1
122 233 1
3217 233 1
3783 233 1
1665 233 1
1895 233 1
2899 233 1
3208 233 1
3012 233 1
3 233 1
2308 233 1
1782 233 1
2558 233 1
543 233 1
989 233 1
1995 233 1
2633 233 1
3353 233 1
3327 233 1
1240 233 1
2097 233 1
2796 233 1
2730 233 1
2089 233 1
3184 233 1
2136 233 1
317 233 1
3262 233 1
1670 233 1
1265 233 1
1252 233 1
3467 233 1
1031 233 1
2783 234 1
3332 234 1
3031 234 1
3187 234 1
1398 234 1
368 234 1
1694 234 1
2940 234 1
2457 234 1
1937 234 1
1798 234 1
9 234 1
3794 234 1
1150 234 1
720 234 1
2155 234 1
1748 234 1
805 234 1
535 234 1
213 234 1
155 234 1
606 234 1
3777 234 1
2792 234 1
156 234 1
3779 234 1
1998 234 1
3196 234 1
1573 234 1
2552 234 1
2996 234 1
1039 234 1
1116 234 1
304 234 1
1495 234 1
901 234 1
2757 234 1
1972 234 1
3620 234 1
745 234 1
1598 234 1
1165 234 1
3182 234 1
1424 234 1
176 234 1
1329 234 1
1949 234 1
1164 234 1
3694 234 1
738 234 1
808 234 1
3177 234 1
2232 234 1
3312 234 1
3400 234 1
2306 234 1
3350 234 1
1234 234 1
901 234 1
3380 234 1
3454 234 1
3338 234 1
2975 234 1
747 234 1
1981 234 1
1970 234 1
3429 234 1
912 234 1
1401 234 1
608 234 1
610 234 1
1923 234 1
2512 234 1
2096 234 1
487 234 1
840 234 1
2629 234 1
2496 234 1
1185 234 1
352 234 1
73 234 1
258 234 1
1511 234 1
2221 234 1
460 234 1
2779 234 1
768 234 1
848 234 1
766 234 1
1380 234 1
1588 234 1
999 234 1
3753 234 1
1174 234 1
2407 234 1
3147 234 1
2356 234 1
3431 234 1
1525 234 1
3729 234 1
898 234 1
3738 234 1
3347 234 1
1999 234 1
91 234 1
317 234 1
1579 234 1
27 234 1
482 234 1
1624 234 1
2194 234 1
459 234 1
2525 234 1
3124 234 1
505 234 1
2436 234 1
1551 234 1
2420 234 1
21 234 1
3406 234 1
1971 234 1
2617 234 1
2273 234 1
2806 234 1
3082 234 1
879 234 1
106 234 1
2899 234 1
2799 234 1
3102 234 1
2222 234 1
2165 234 1
1440 234 1
3697 234 1
816 234 1
1478 234 1
2136 234 1
150 234 1
1033 234 1
1610 234 1
1247 234 1
1740 234 1
20 234 1
906 234 1
3227 234 1
461 234 1
368 234 1
1166 234 1
946 234 1
2428 234 1
735 234 1
3824 234 1
1036 234 1
516 234 1
3157 234 1
2614 234 1
1434 234 1
1131 234 1
3171 234 1
1512 234 1
643 234 1
1510 234 1
2040 234 1
1984 234 1
139 234 1
3500 234 1
3611 234 1
426 234 1
2271 234 1
1591 234 1
3464 234 1
859 234 1
533 234 1
2227 234 1
3344 234 1
1842 234 1
703 234 1
2652 234 1
3156 234 1
2532 234 1
3161 234 1
1409 234 1
782 234 1
1768 234 1
3450 234 1
837 234 1
1117 234 1
3325 234 1
2632 234 1
452 234 1
964 234 1
1008 234 1
3756 234 1
2247 234 1
1284 234 1
3854 234 1
1885 234 1
1854 234 1
990 234 1
1989 234 1
786 234 1
419 234 1
3632 234 1
2606 234 1
2710 234 1
2788 234 1
1516 234 1
462 234 1
223 234 1
2434 234 1
3552 234 1
1910 234 1
1024 234 1
3679 234 1
615 234 1
1480 234 1
854 234 1
737 234 1
2726 234 1
2770 234 1
2706 234 1
1345 234 1
3344 234 1
3568 234 1
3315 234 1
2080 234 1
3789 234 1
2142 234 1
42 234 1
3498 234 1
2374 234 1
2334 234 1
3847 234 1
2548 234 1
1202 234 1
2711 234 1
71 234 1
2829 234 1
1430 234 1
1807 234 1
1743 234 1
1540 234 1
1064 234 1
2710 234 1
1610 234 1
1931 234 1
3608 234 1
1217 234 1
1940 234 1
3205 234 1
67 234 1
268 234 1
491 234 1
755 234 1
3170 234 1
2610 234 1
2215 234 1
1917 234 1
3270 234 1
470 234 1
2412 234 1
1042 234 1
2898 234 1
3124 234 1
1659 234 1
1882 234 1
2300 234 1
1232 234 1
30 234 1
525 234 1
885 234 1
1476 234 1
2681 234 1
1735 234 1
1450 234 1
3840 234 1
471 234 1
3296 234 1
1524 234 1
1244 234 1
1614 234 1
2723 234 1
2731 234 1
3179 234 1
599 234 1
3020 234 1
3023 234 1
381 234 1
2162 234 1
2238 234 1
2293 234 1
3090 234 1
2993 234 1
2601 234 1
3390 234 1
1051 234 1
3221 234 1
392 234 1
515 234 1
1221 234 1
829 234 1
535 234 1
3281 234 1
1194 234 1
1543 234 1
260 234 1
344 234 1
2001 234 1
2949 234 1
3320 234 1
2959 234 1
615 234 1
1259 234 1
239 234 1
2853 234 1
1807 234 1
1980 234 1
2544 234 1
84 234 1
1588 234 1
1827 234 1
864 234 1
1914 234 1
3073 234 1
1312 234 1
1466 234 1
256 234 1
2558 234 1
3627 234 1
3034 234 1
1005 234 1
554 234 1
275 234 1
2972 234 1
1872 234 1
1756 234 1
620 234 1
679 234 1
2166 234 1
2121 234 1
1400 234 1
682 234 1
3319 234 1
3030 234 1
461 234 1
1875 235 1
2322 235 1
2257 235 1
2408 235 1
1138 235 1
344 235 1
486 235 1
1151 235 1
2939 235 1
2040 235 1
1428 235 1
3817 235 1
1630 235 1
1290 235 1
407 235 1
2019 235 1
2561 235 1
1450 235 1
770 235 1
1570 235 1
1075 235 1
2368 235 1
203 235 1
3559 235 1
2998 235 1
3645 235 1
114 235 1
1074 235 1
2006 235 1
2239 235 1
2494 235 1
2172 235 1
3322 235 1
86 235 1
3440 235 1
2804 235 1
3309 235 1
327 235 1
943 235 1
2029 235 1
2919 235 1
3686 235 1
421 235 1
2308 235 1
3451 235 1
1905 235 1
3013 235 1
609 235 1
1622 235 1
3834 235 1
1367 235 1
1195 235 1
2926 235 1
1949 235 1
1134 235 1
3159 235 1
3100 235 1
2954 235 1
2854 235 1
1736 235 1
2532 235 1
3145 235 1
2058 235 1
2265 235 1
2253 235 1
1884 235 1
3637 235 1
854 235 1
2279 235 1
567 235 1
9 235 1
2139 235 1
2269 235 1
1751 235 1
1743 235 1
3618 235 1
1463 235 1
2654 235 1
2466 235 1
3239 235 1
1576 235 1
2668 235 1
3016 235 1
606 235 1
3369 235 1
1504 235 1
2614 235 1
2135 235 1
2360 235 1
1697 235 1
695 235 1
1123 235 1
1193 235 1
2405 235 1
3449 235 1
1430 235 1
285 235 1
1678 235 1
3184 235 1
247 235 1
1089 235 1
1163 235 1
1835 235 1
1456 235 1
2466 235 1
1793 235 1
3238 235 1
2931 235 1
3731 235 1
854 235 1
3808 235 1
3045 235 1
1091 235 1
525 235 1
2972 235 1
569 235 1
1062 235 1
481 235 1
523 235 1
2725 235 1
2192 235 1
749 235 1
852 235 1
1456 235 1
1242 235 1
2225 235 1
1304 235 1
2067 235 1
1010 235 1
2357 235 1
757 235 1
2767 235 1
990 235 1
3366 235 1
822 235 1
333 235 1
3646 235 1
326 235 1
2276 235 1
1682 235 1
1737 235 1
2920 235 1
1825 235 1
3846 235 1
668 235 1
2058 235 1
2844 235 1
1157 235 1
2968 235 1
412 235 1
1570 235 1
2494 235 1
2912 235 1
2378 235 1
2592 235 1
3755 235 1
1840 235 1
1317 235 1
1939 235 1
1125 235 1
2863 235 1
957 235 1
3810 235 1
80 235 1
1198 235 1
3061 235 1
418 235 1
1053 235 1
520 235 1
1702 235 1
219 235 1
994 235 1
2895 235 1
2700 235 1
762 235 1
1613 235 1
2481 235 1
3666 235 1
3750 235 1
1458 235 1
165 235 1
3674 235 1
1222 235 1
262 235 1
3473 235 1
1877 235 1
556 235 1
103 235 1
1610 235 1
459 235 1
839 235 1
2056 235 1
2721 235 1
3537 235 1
1826 235 1
2617 235 1
473 235 1
2307 235 1
3790 235 1
2293 235 1
2635 235 1
290 235 1
1561 235 1
652 235 1
1613 235 1
1770 235 1
2908 235 1
2259 235 1
332 235 1
3834 235 1
175 235 1
2758 235 1
2145 235 1
411 235 1
2937 235 1
1426 235 1
2395 235 1
3370 235 1
3372 235 1
3081 235 1
1070 235 1
2903 235 1
3844 235 1
3851 235 1
1093 235 1
1031 235 1
2293 235 1
2294 235 1
1630 235 1
1741 235 1
3218 235 1
2542 235 1
2120 235 1
3219 235 1
2185 235 1
1414 235 1
1387 235 1
3275 235 1
946 235 1
783 235 1
640 235 1
2525 235 1
1384 235 1
1644 235 1
3559 235 1
329 235 1
2578 235 1
3622 235 1
437 235 1
3669 235 1
3305 235 1
478 235 1
2709 235 1
2256 235 1
3064 235 1
2654 235 1
1616 235 1
3682 235 1
3631 235 1
2766 235 1
3501 235 1
1717 235 1
693 235 1
2254 235 1
1239 235 1
1568 235 1
2765 235 1
2606 235 1
3710 235 1
1136 235 1
1061 235 1
2192 235 1
2689 235 1
335 235 1
1752 235 1
2843 235 1
2887 235 1
649 235 1
750 235 1
3678 235 1
3687 235 1
1566 235 1
3150 235 1
1332 235 1
234 235 1
366 235 1
580 235 1
2029 235 1
2383 235 1
3671 235 1
267 235 1
1256 235 1
1691 235 1
323 235 1
1961 235 1
1602 235 1
425 235 1
1595 235 1
3119 235 1
1165 235 1
2400 235 1
2458 235 1
1139 235 1
3794 235 1
3744 235 1
2067 235 1
2664 235 1
1245 235 1
3728 235 1
1662 235 1
2999 235 1
2945 235 1
3152 235 1
599 235 1
1730 235 1
3576 235 1
2546 235 1
911 235 1
2534 235 1
1694 235 1
1541 235 1
3687 235 1
1764 235 1
762 235 1
553 235 1
3069 235 1
334 235 1
3421 235 1
2705 235 1
2053 235 1
1186 235 1
812 235 1
2135 235 1
3390 235 1
1711 235 1
3001 235 1
1258 235 1
3207 235 1
272 235 1
2334 235 1
2620 235 1
505 235 1
2573 235 1
1584 235 1
3122 235 1
3816 236 1
3336 236 1
2868 236 1
324 236 1
2217 236 1
728 236 1
1008 236 1
916 236 1
3677 236 1
39 236 1
1309 236 1
3607 236 1
1373 236 1
1469 236 1
241 236 1
801 236 1
2488 236 1
3031 236 1
546 236 1
1939 236 1
2609 236 1
3340 236 1
2991 236 1
3633 236 1
2937 236 1
1449 236 1
382 236 1
842 236 1
1948 236 1
1004 236 1
2566 236 1
3437 236 1
561 236 1
967 236 1
821 236 1
1623 236 1
354 236 1
749 236 1
3577 236 1
315 236 1
481 236 1
2834 236 1
3611 236 1
3769 236 1
1842 236 1
2237 236 1
1810 236 1
3774 236 1
2628 236 1
3063 236 1
840 236 1
680 236 1
638 236 1
2925 236 1
3306 236 1
3204 236 1
558 236 1
1814 236 1
3062 236 1
51 236 1
1198 236 1
158 236 1
1360 236 1
2863 236 1
3246 236 1
1954 236 1
3138 236 1
3022 236 1
2553 236 1
3236 236 1
186 236 1
2187 236 1
2910 236 1
618 236 1
3166 236 1
3836 236 1
940 236 1
2946 236 1
3154 236 1
875 236 1
1850 236 1
1728 236 1
3682 236 1
871 236 1
408 236 1
1039 236 1
742 236 1
2896 236 1
2897 236 1
735 236 1
1655 236 1
449 236 1
124 236 1
2515 236 1
1885 236 1
2312 236 1
3309 236 1
3756 236 1
1919 236 1
368 236 1
2218 236 1
1181 236 1
912 236 1
1017 236 1
1571 236 1
1859 236 1
3384 236 1
1212 236 1
1238 236 1
1887 236 1
1680 236 1
2447 236 1
785 236 1
759 236 1
2642 236 1
262 236 1
1064 236 1
629 236 1
3346 236 1
823 236 1
2696 236 1
70 236 1
671 236 1
658 236 1
3691 236 1
3454 236 1
1344 236 1
2323 236 1
2475 236 1
1499 236 1
857 236 1
3029 236 1
2826 236 1
3687 236 1
490 236 1
3295 236 1
2415 236 1
2128 236 1
1892 236 1
2635 236 1
1925 236 1
2619 236 1
1004 236 1
1869 236 1
1225 236 1
2974 236 1
902 236 1
2376 236 1
2271 236 1
3619 236 1
2391 236 1
2648 236 1
1618 236 1
3623 236 1
3171 236 1
3607 236 1
3554 236 1
1703 236 1
3421 236 1
776 236 1
2294 236 1
2880 236 1
2924 236 1
2722 236 1
1072 236 1
460 236 1
1060 236 1
1525 236 1
2161 236 1
1029 236 1
3442 236 1
2944 236 1
3783 236 1
2787 236 1
3077 236 1
458 236 1
3564 236 1
1817 236 1
1269 236 1
151 236 1
172 236 1
2181 236 1
80 236 1
1286 236 1
1714 236 1
2788 236 1
746 236 1
3558 236 1
1849 236 1
2608 236 1
2 236 1
1666 236 1
662 236 1
3561 236 1
834 236 1
256 236 1
317 236 1
1577 236 1
2979 236 1
2570 236 1
303 236 1
1088 236 1
1117 236 1
3416 236 1
3495 236 1
656 236 1
670 236 1
2886 236 1
3155 236 1
1004 236 1
29 236 1
3664 236 1
333 236 1
2417 236 1
245 236 1
904 236 1
1450 236 1
3265 236 1
142 236 1
1817 236 1
1269 236 1
2238 236 1
1921 236 1
3101 236 1
1110 236 1
2662 236 1
430 236 1
2427 236 1
1614 236 1
3661 236 1
2222 236 1
508 236 1
803 236 1
2948 236 1
877 236 1
2556 236 1
2930 236 1
2873 236 1
3452 236 1
3645 236 1
1984 236 1
1660 236 1
1501 236 1
3347 236 1
3782 236 1
1548 236 1
2493 236 1
1163 236 1
2492 236 1
1542 236 1
751 236 1
3406 236 1
2586 236 1
3552 236 1
2220 236 1
134 236 1
528 236 1
2239 236 1
1252 236 1
1136 236 1
3172 236 1
706 236 1
3739 236 1
777 236 1
1070 236 1
3340 236 1
1041 236 1
3340 236 1
1327 236 1
364 236 1
537 236 1
2655 236 1
2958 236 1
2248 236 1
693 236 1
1215 236 1
811 236 1
210 236 1
842 236 1
159 236 1
2097 236 1
2697 236 1
2866 236 1
682 236 1
2128 236 1
177 236 1
2214 236 1
3290 236 1
1392 236 1
327 236 1
2876 236 1
1126 236 1
3767 236 1
932 236 1
3361 236 1
998 236 1
3822 236 1
1187 236 1
1306 236 1
22 236 1
1589 236 1
2283 236 1
881 236 1
2215 236 1
865 236 1
1242 236 1
1791 236 1
282 236 1
1769 236 1
1367 236 1
1221 236 1
2172 236 1
3064 236 1
1558 236 1
3250 236 1
1418 236 1
1778 236 1
3355 236 1
203 236 1
723 236 1
1181 236 1
3815 236 1
1544 236 1
2179 236 1
1719 236 1
3438 236 1
3713 236 1
2538 236 1
3398 236 1
2489 236 1
3836 236 1
1087 236 1
3114 236 1
1989 236 1
527 236 1
528 236 1
3419 236 1
3733 236 1
3352 236 1
1481 236 1
3155 236 1
1289 236 1
80 236 1
1310 236 1
2371 236 1
3075 237 1
3015 237 1
439 237 1
2201 237 1
936 237 1
2445 237 1
622 237 1
1878 237 1
495 237 1
3535 237 1
3766 237 1
3276 237 1
1485 237 1
2898 237 1
980 237 1
2137 237 1
2613 237 1
1888 237 1
1632 237 1
2990 237 1
41 237 1
1994 237 1
3588 237 1
1476 237 1
1521 237 1
837 237 1
3516 237 1
2096 237 1
1080 237 1
3447 237 1
509 237 1
2467 237 1
3221 237 1
635 237 1
1779 237 1
256 237 1
1359 237 1
318 237 1
418 237 1
2264 237 1
1003 237 1
2066 237 1
2464 237 1
388 237 1
951 237 1
2145 237 1
3723 237 1
564 237 1
1305 237 1
3080 237 1
37 237 1
3327 237 1
1353 237 1
2399 237 1
1065 237 1
1939 237 1
3479 237 1
1129 237 1
3144 237 1
3225 237 1
1252 237 1
767 237 1
396 237 1
3052 237 1
1426 237 1
3137 237 1
1004 237 1
779 237 1
1231 237 1
3317 237 1
3504 237 1
588 237 1
3746 237 1
2120 237 1
873 237 1
960 237 1
3121 237 1
3416 237 1
3741 237 1
2334 237 1
1923 237 1
3079 237 1
2480 237 1
260 237 1
2930 237 1
2104 237 1
2005 237 1
3264 237 1
2619 237 1
60 237 1
3583 237 1
1994 237 1
3475 237 1
771 237 1
782 237 1
3296 237 1
462 237 1
1402 237 1
1098 237 1
1407 237 1
1232 237 1
2628 237 1
3820 237 1
2529 237 1
2399 237 1
1578 237 1
868 237 1
1565 237 1
3457 237 1
256 237 1
707 237 1
1946 237 1
74 237 1
2530 237 1
1572 237 1
101 237 1
2964 237 1
1078 237 1
2557 237 1
2086 237 1
3835 237 1
2111 237 1
3023 237 1
1814 237 1
493 237 1
854 237 1
680 237 1
2392 237 1
1805 237 1
3450 237 1
2071 237 1
1115 237 1
3578 237 1
1477 237 1
3602 237 1
1875 237 1
1371 237 1
407 237 1
640 237 1
1880 237 1
3432 237 1
1728 237 1
3708 237 1
3191 237 1
2945 237 1
3037 237 1
3116 237 1
747 237 1
1588 237 1
2269 237 1
896 237 1
64 237 1
1617 237 1
71 237 1
1620 237 1
3159 237 1
3230 237 1
989 237 1
206 237 1
964 237 1
1278 237 1
2969 237 1
2052 237 1
1867 237 1
1833 237 1
2265 237 1
2702 237 1
3472 237 1
2333 237 1
514 237 1
437 237 1
3399 237 1
1794 237 1
738 237 1
3342 237 1
1078 237 1
1398 237 1
285 237 1
3135 237 1
4 237 1
2785 237 1
3185 237 1
2982 237 1
3695 237 1
503 237 1
3147 237 1
3377 237 1
3051 237 1
84 237 1
541 237 1
1675 237 1
175 237 1
458 237 1
160 237 1
1777 237 1
3687 237 1
14 237 1
123 237 1
889 237 1
2515 237 1
2650 237 1
1515 237 1
3413 237 1
2454 237 1
929 237 1
2771 237 1
2724 237 1
239 237 1
2993 237 1
337 237 1
3774 237 1
2547 237 1
513 237 1
1461 237 1
2414 237 1
2652 237 1
2290 237 1
1508 237 1
778 237 1
70 237 1
2588 237 1
2273 237 1
2493 237 1
2415 237 1
2015 237 1
49 237 1
2516 237 1
2740 237 1
1724 237 1
1857 237 1
2243 237 1
807 237 1
1833 237 1
1045 237 1
1327 237 1
191 237 1
1990 237 1
1856 237 1
576 237 1
2475 237 1
1820 237 1
1724 237 1
1295 237 1
115 237 1
350 237 1
3805 237 1
1240 237 1
1791 237 1
3585 237 1
2745 237 1
1309 237 1
2745 237 1
227 237 1
3664 237 1
19 237 1
2065 237 1
3334 237 1
280 237 1
719 237 1
2889 237 1
2251 237 1
2801 237 1
3315 237 1
2858 237 1
1533 237 1
1686 237 1
2537 237 1
1847 237 1
2294 237 1
932 237 1
1210 237 1
538 237 1
1184 237 1
1447 237 1
117 237 1
3449 237 1
982 237 1
1863 237 1
1843 237 1
2264 237 1
3637 237 1
2984 237 1
510 237 1
2855 237 1
360 237 1
2149 237 1
3114 237 1
743 237 1
1695 237 1
1488 237 1
2135 237 1
1644 237 1
306 237 1
1966 237 1
51 237 1
1132 237 1
2165 237 1
509 237 1
2627 237 1
3417 237 1
2070 237 1
1952 237 1
746 237 1
313 237 1
1631 237 1
724 237 1
2270 237 1
1512 237 1
3628 237 1
1795 237 1
1503 237 1
112 237 1
329 237 1
1037 237 1
2241 237 1
2725 237 1
1128 237 1
3430 237 1
3331 237 1
526 237 1
2502 237 1
2164 237 1
275 237 1
2664 237 1
618 237 1
2938 237 1
2890 237 1
2118 237 1
3244 237 1
2402 237 1
604 237 1
1073 237 1
3461 237 1
1326 237 1
2909 237 1
3635 237 1
3399 237 1
60 237 1
158 237 1
1843 237 1
2502 237 1
1762 237 1
995 237 1
2332 237 1
3811 237 1
2812 238 1
472 238 1
241 238 1
3638 238 1
1959 238 1
3630 238 1
736 238 1
3570 238 1
924 238 1
465 238 1
1784 238 1
3142 238 1
2067 238 1
293 238 1
1837 238 1
1038 238 1
1928 238 1
997 238 1
1319 238 1
146 238 1
2633 238 1
2243 238 1
177 238 1
632 238 1
2089 238 1
1720 238 1
260 238 1
3416 238 1
1665 238 1
1724 238 1
1307 238 1
781 238 1
1452 238 1
3614 238 1
3259 238 1
3857 238 1
3370 238 1
2885 238 1
1709 238 1
1930 238 1
350 238 1
3027 238 1
1230 238 1
3222 238 1
1447 238 1
2808 238 1
1083 238 1
2881 238 1
142 238 1
3772 238 1
933 238 1
1614 238 1
621 238 1
2457 238 1
1336 238 1
2900 238 1
3853 238 1
1140 238 1
979 238 1
697 238 1
1813 238 1
2061 238 1
1539 238 1
3830 238 1
3452 238 1
1767 238 1
2628 238 1
366 238 1
2691 238 1
2937 238 1
1504 238 1
1499 238 1
302 238 1
608 238 1
1126 238 1
768 238 1
1458 238 1
1731 238 1
809 238 1
1720 238 1
2577 238 1
652 238 1
3785 238 1
464 238 1
3630 238 1
2472 238 1
2782 238 1
385 238 1
290 238 1
3017 238 1
1937 238 1
420 238 1
1193 238 1
1916 238 1
1625 238 1
1705 238 1
3769 238 1
824 238 1
256 238 1
74 238 1
662 238 1
3714 238 1
716 238 1
2598 238 1
2673 238 1
401 238 1
2553 238 1
3136 238 1
3025 238 1
1640 238 1
1675 238 1
3555 238 1
2480 238 1
243 238 1
1993 238 1
3300 238 1
2637 238 1
3167 238 1
1815 238 1
196 238 1
412 238 1
364 238 1
3121 238 1
599 238 1
1658 238 1
891 238 1
2524 238 1
1268 238 1
2131 238 1
477 238 1
1079 238 1
3536 238 1
2508 238 1
2599 238 1
1837 238 1
362 238 1
1126 238 1
672 238 1
3555 238 1
1711 238 1
1227 238 1
2172 238 1
1557 238 1
3742 238 1
2779 238 1
1231 238 1
890 238 1
3337 238 1
1088 238 1
3663 238 1
1779 238 1
1622 238 1
1037 238 1
2930 238 1
2814 238 1
1653 238 1
618 238 1
3249 238 1
3759 238 1
1925 238 1
559 238 1
3709 238 1
1321 238 1
1513 238 1
121 238 1
2693 238 1
2260 238 1
179 238 1
1530 238 1
3807 238 1
622 238 1
1539 238 1
94 238 1
1511 238 1
3211 238 1
1949 238 1
972 238 1
3292 238 1
3846 238 1
678 238 1
1901 238 1
3291 238 1
3074 238 1
1497 238 1
2571 238 1
1241 238 1
3182 238 1
3382 238 1
275 238 1
1808 238 1
3555 238 1
3517 238 1
2825 238 1
2396 238 1
203 238 1
3755 238 1
3756 238 1
2076 238 1
3397 238 1
917 238 1
354 238 1
3835 238 1
3749 238 1
2620 238 1
2102 238 1
2805 238 1
3591 238 1
2985 238 1
2450 238 1
2407 238 1
2833 238 1
3336 238 1
1796 238 1
1155 238 1
3233 238 1
2621 238 1
692 238 1
1441 238 1
3662 238 1
3028 238 1
1790 238 1
3770 238 1
986 238 1
2573 238 1
2952 238 1
2475 238 1
1615 238 1
2911 238 1
369 238 1
1177 238 1
3079 238 1
3345 238 1
720 238 1
1235 238 1
2629 238 1
36 238 1
575 238 1
3257 238 1
1473 238 1
1977 238 1
1689 238 1
1043 238 1
664 238 1
705 238 1
2675 238 1
2027 238 1
863 238 1
2304 238 1
1917 238 1
3589 238 1
3242 238 1
193 238 1
3180 238 1
1455 238 1
3846 238 1
3408 238 1
936 238 1
212 238 1
3686 238 1
726 238 1
135 238 1
1972 238 1
3592 238 1
1525 238 1
2658 238 1
1487 238 1
115 238 1
3832 238 1
2840 238 1
3675 238 1
2258 238 1
1599 238 1
1562 238 1
1959 238 1
418 238 1
1541 238 1
217 238 1
1000 238 1
841 238 1
477 238 1
3494 238 1
2658 238 1
2966 238 1
2853 238 1
130 238 1
2725 238 1
1540 238 1
1327 238 1
632 238 1
1126 238 1
1075 238 1
3811 238 1
2880 238 1
3490 238 1
2748 238 1
2817 238 1
3377 238 1
2614 238 1
126 238 1
1835 238 1
1561 238 1
2560 238 1
2998 238 1
383 238 1
699 238 1
2472 238 1
1125 238 1
2312 238 1
3556 238 1
2669 238 1
2976 238 1
903 238 1
64 238 1
416 238 1
3078 238 1
2176 238 1
1340 238 1
368 238 1
2557 238 1
2800 238 1
2291 238 1
778 238 1
747 238 1
774 238 1
1540 238 1
248 238 1
103 238 1
1474 238 1
1341 238 1
575 238 1
3758 238 1
1720 238 1
3277 238 1
1228 238 1
3732 238 1
1728 238 1
3791 238 1
1255 238 1
1574 238 1
2623 238 1
260 238 1
202 238 1
2311 238 1
123 238 1
131 238 1
3384 239 1
3694 239 1
970 239 1
3652 239 1
3154 239 1
1878 239 1
3838 239 1
872 239 1
148 239 1
1072 239 1
814 239 1
613 239 1
1599 239 1
3728 239 1
3820 239 1
3241 239 1
3695 239 1
684 239 1
2423 239 1
2330 239 1
2718 239 1
2256 239 1
409 239 1
2444 239 1
1212 239 1
157 239 1
1033 239 1
2397 239 1
2930 239 1
2682 239 1
2295 239 1
1674 239 1
3071 239 1
2787 239 1
3285 239 1
1267 239 1
991 239 1
2037 239 1
815 239 1
2614 239 1
1688 239 1
1423 239 1
9 239 1
2244 239 1
1447 239 1
2981 239 1
3210 239 1
1915 239 1
131 239 1
3435 239 1
2875 239 1
1275 239 1
64 239 1
3848 239 1
2793 239 1
1127 239 1
563 239 1
74 239 1
2800 239 1
3657 239 1
585 239 1
1836 239 1
418 239 1
2268 239 1
3798 239 1
2298 239 1
484 239 1
2163 239 1
1244 239 1
2424 239 1
3016 239 1
2523 239 1
2388 239 1
869 239 1
421 239 1
1330 239 1
3573 239 1
538 239 1
2295 239 1
3473 239 1
1480 239 1
1870 239 1
287 239 1
1874 239 1
284 239 1
2461 239 1
1030 239 1
1001 239 1
715 239 1
178 239 1
123 239 1
199 239 1
1225 239 1
3673 239 1
1477 239 1
2770 239 1
2051 239 1
773 239 1
646 239 1
932 239 1
3694 239 1
1790 239 1
1210 239 1
2507 239 1
1777 239 1
1418 239 1
429 239 1
498 239 1
1812 239 1
1799 239 1
1138 239 1
2210 239 1
1458 239 1
464 239 1
3235 239 1
595 239 1
1836 239 1
2875 239 1
2768 239 1
3425 239 1
1001 239 1
147 239 1
1073 239 1
1039 239 1
3046 239 1
3105 239 1
3351 239 1
410 239 1
606 239 1
857 239 1
744 239 1
2581 239 1
1269 239 1
893 239 1
3157 239 1
2931 239 1
321 239 1
1574 239 1
815 239 1
892 239 1
3435 239 1
488 239 1
701 239 1
1200 239 1
3844 239 1
3183 239 1
156 239 1
1663 239 1
2828 239 1
2843 239 1
1565 239 1
55 239 1
2935 239 1
2926 239 1
1484 239 1
2161 239 1
3351 239 1
622 239 1
53 239 1
2379 239 1
657 239 1
1474 239 1
3230 239 1
3528 239 1
1826 239 1
2391 239 1
125 239 1
915 239 1
490 239 1
1357 239 1
3642 239 1
2824 239 1
2 239 1
544 239 1
2440 239 1
3086 239 1
1856 239 1
59 239 1
2275 239 1
1278 239 1
917 239 1
126 239 1
217 239 1
3400 239 1
540 239 1
2228 239 1
2126 239 1
3182 239 1
2963 239 1
348 239 1
240 239 1
2170 239 1
2175 239 1
1229 239 1
540 239 1
493 239 1
3726 239 1
1266 239 1
3225 239 1
2510 239 1
2339 239 1
2383 239 1
233 239 1
1776 239 1
3805 239 1
2215 239 1
878 239 1
270 239 1
3143 239 1
206 239 1
3317 239 1
121 239 1
3444 239 1
823 239 1
916 239 1
700 239 1
1545 239 1
1474 239 1
1216 239 1
749 239 1
3170 239 1
615 239 1
982 239 1
1097 239 1
799 239 1
1469 239 1
3319 239 1
1572 239 1
3760 239 1
1816 239 1
3375 239 1
3350 239 1
3153 239 1
1830 239 1
592 239 1
829 239 1
2125 239 1
2678 239 1
2873 239 1
94 239 1
431 239 1
1453 239 1
1417 239 1
163 239 1
384 239 1
1171 239 1
1945 239 1
3034 239 1
3630 239 1
3610 239 1
215 239 1
590 239 1
2059 239 1
670 239 1
603 239 1
2923 239 1
2136 239 1
3109 239 1
3577 239 1
1265 239 1
2529 239 1
871 239 1
2966 239 1
2699 239 1
1574 239 1
3700 239 1
733 239 1
1857 239 1
1013 239 1
284 239 1
1954 239 1
235 239 1
1969 239 1
3184 239 1
1274 239 1
1441 239 1
1268 239 1
1675 239 1
1987 239 1
3714 239 1
1155 239 1
2381 239 1
1421 239 1
3062 239 1
3576 239 1
1170 239 1
2927 239 1
376 239 1
1381 239 1
2657 239 1
2598 239 1
765 239 1
1955 239 1
1075 239 1
3505 239 1
3311 239 1
2201 239 1
1596 239 1
3491 239 1
1390 239 1
3435 239 1
239 239 1
992 239 1
1400 239 1
2165 239 1
1763 239 1
1840 239 1
2093 239 1
2443 239 1
1704 239 1
583 239 1
1936 239 1
1460 239 1
2689 239 1
2862 239 1
1168 239 1
3146 239 1
3306 239 1
3732 239 1
1314 239 1
1428 239 1
1018 239 1
2951 239 1
1790 239 1
3366 239 1
2634 239 1
1654 239 1
2006 239 1
2546 239 1
2444 239 1
2357 239 1
889 239 1
739 239 1
3742 239 1
823 239 1
1080 239 1
480 239 1
2693 239 1
577 239 1
2581 239 1
789 239 1
533 239 1
2048 239 1
3411 239 1
396 239 1
3249 240 1
880 240 1
3191 240 1
3838 240 1
3655 240 1
948 240 1
3338 240 1
1854 240 1
1808 240 1
1230 240 1
2259 240 1
819 240 1
2145 240 1
3433 240 1
3418 240 1
1105 240 1
1412 240 1
3513 240 1
3722 240 1
2609 240 1
3056 240 1
877 240 1
3697 240 1
365 240 1
990 240 1
2209 240 1
2234 240 1
991 240 1
1071 240 1
1943 240 1
1060 240 1
1557 240 1
1073 240 1
1187 240 1
2551 240 1
1885 240 1
17 240 1
1039 240 1
1174 240 1
617 240 1
3591 240 1
919 240 1
2654 240 1
810 240 1
50 240 1
252 240 1
1455 240 1
1486 240 1
2233 240 1
1580 240 1
2441 240 1
2954 240 1
2181 240 1
1604 240 1
2009 240 1
2186 240 1
1988 240 1
1369 240 1
1204 240 1
2170 240 1
886 240 1
2722 240 1
731 240 1
2935 240 1
380 240 1
2273 240 1
162 240 1
450 240 1
144 240 1
680 240 1
3292 240 1
32 240 1
3754 240 1
1145 240 1
2177 240 1
1429 240 1
994 240 1
3183 240 1
552 240 1
3488 240 1
2341 240 1
1889 240 1
3039 240 1
3801 240 1
2609 240 1
1907 240 1
2260 240 1
3622 240 1
2470 240 1
3001 240 1
263 240 1
2667 240 1
1276 240 1
845 240 1
249 240 1
475 240 1
2514 240 1
499 240 1
713 240 1
1872 240 1
3054 240 1
693 240 1
3255 240 1
2036 240 1
1389 240 1
1900 240 1
1537 240 1
2858 240 1
1203 240 1
408 240 1
1224 240 1
2823 240 1
3212 240 1
1349 240 1
2623 240 1
1705 240 1
3195 240 1
3412 240 1
3820 240 1
622 240 1
1598 240 1
1429 240 1
3767 240 1
2514 240 1
264 240 1
640 240 1
3848 240 1
1094 240 1
3398 240 1
2466 240 1
1408 240 1
3627 240 1
3239 240 1
2859 240 1
109 240 1
733 240 1
2182 240 1
3034 240 1
3531 240 1
3239 240 1
2926 240 1
1013 240 1
3684 240 1
479 240 1
3358 240 1
3755 240 1
2537 240 1
1331 240 1
1081 240 1
3079 240 1
846 240 1
1575 240 1
108 240 1
2988 240 1
3685 240 1
2526 240 1
3419 240 1
2385 240 1
2447 240 1
706 240 1
239 240 1
3370 240 1
1165 240 1
3774 240 1
648 240 1
62 240 1
1474 240 1
3444 240 1
923 240 1
337 240 1
1469 240 1
1214 240 1
904 240 1
2651 240 1
3016 240 1
3799 240 1
2107 240 1
3088 240 1
2081 240 1
1798 240 1
1921 240 1
3578 240 1
14 240 1
1495 240 1
2253 240 1
2804 240 1
3839 240 1
2596 240 1
1707 240 1
2476 240 1
2195 240 1
2456 240 1
3627 240 1
122 240 1
1692 240 1
1522 240 1
1303 240 1
2178 240 1
1772 240 1
1047 240 1
3024 240 1
3254 240 1
2875 240 1
2121 240 1
2822 240 1
3213 240 1
2115 240 1
3000 240 1
1331 240 1
313 240 1
1079 240 1
3809 240 1
2784 240 1
3016 240 1
3314 240 1
1223 240 1
1636 240 1
1414 240 1
1855 240 1
2269 240 1
1368 240 1
3852 240 1
1588 240 1
472 240 1
3047 240 1
1049 240 1
782 240 1
2330 240 1
517 240 1
125 240 1
1761 240 1
3584 240 1
3243 240 1
893 240 1
1897 240 1
3268 240 1
897 240 1
1601 240 1
1199 240 1
2019 240 1
3002 240 1
2672 240 1
330 240 1
742 240 1
211 240 1
2818 240 1
3552 240 1
417 240 1
924 240 1
3502 240 1
2276 240 1
107 240 1
174 240 1
3715 240 1
3219 240 1
231 240 1
1948 240 1
1554 240 1
2333 240 1
833 240 1
2791 240 1
219 240 1
3452 240 1
563 240 1
2380 240 1
3439 240 1
494 240 1
3279 240 1
2024 240 1
3073 240 1
3017 240 1
2760 240 1
387 240 1
528 240 1
1276 240 1
856 240 1
3236 240 1
3226 240 1
367 240 1
2315 240 1
841 240 1
1017 240 1
2506 240 1
152 240 1
1002 240 1
3132 240 1
3749 240 1
2203 240 1
2933 240 1
1575 240 1
118 240 1
3288 240 1
3350 240 1
584 240 1
673 240 1
739 240 1
1333 240 1
2065 240 1
3826 240 1
3812 240 1
904 240 1
481 240 1
1907 240 1
2042 240 1
3023 240 1
1649 240 1
1875 240 1
1445 240 1
3103 240 1
2796 240 1
1066 240 1
761 240 1
261 240 1
3347 240 1
3259 240 1
3413 240 1
1121 240 1
3823 240 1
3777 240 1
1659 240 1
3474 240 1
1646 240 1
1716 240 1
976 240 1
2715 240 1
1134 240 1
3229 240 1
3633 240 1
1749 240 1
1021 240 1
1349 240 1
1030 240 1
1524 240 1
113 240 1
3058 240 1
1257 240 1
1877 240 1
1034 240 1
2472 240 1
1748 240 1
574 240 1
2589 240 1
288 240 1
1639 240 1
1714 240 1
1049 241 1
471 241 1
2517 241 1
2529 241 1
3518 241 1
2090 241 1
1708 241 1
2439 241 1
844 241 1
3156 241 1
921 241 1
1389 241 1
1288 241 1
1499 241 1
3272 241 1
3695 241 1
345 241 1
2406 241 1
1637 241 1
2508 241 1
2461 241 1
535 241 1
2992 241 1
1515 241 1
3549 241 1
1017 241 1
3013 241 1
1370 241 1
2312 241 1
504 241 1
2527 241 1
2559 241 1
128 241 1
3123 241 1
1094 241 1
1657 241 1
2286 241 1
3304 241 1
619 241 1
3196 241 1
822 241 1
3711 241 1
1070 241 1
3247 241 1
1048 241 1
3576 241 1
2237 241 1
1054 241 1
1644 241 1
1911 241 1
3737 241 1
2678 241 1
304 241 1
1140 241 1
889 241 1
885 241 1
2101 241 1
2898 241 1
3567 241 1
3607 241 1
1385 241 1
3094 241 1
2258 241 1
1840 241 1
3272 241 1
2507 241 1
1807 241 1
788 241 1
3117 241 1
1123 241 1
1877 241 1
62 241 1
72 241 1
245 241 1
3509 241 1
3329 241 1
3838 241 1
361 241 1
1135 241 1
290 241 1
1707 241 1
3681 241 1
2523 241 1
435 241 1
2641 241 1
2429 241 1
1378 241 1
3767 241 1
818 241 1
1096 241 1
2697 241 1
1244 241 1
277 241 1
2264 241 1
2704 241 1
3725 241 1
1675 241 1
375 241 1
2219 241 1
2627 241 1
1971 241 1
1451 241 1
1796 241 1
3576 241 1
554 241 1
3032 241 1
1256 241 1
621 241 1
282 241 1
1159 241 1
1063 241 1
892 241 1
2892 241 1
3123 241 1
3451 241 1
2952 241 1
1807 241 1
2344 241 1
947 241 1
406 241 1
1089 241 1
727 241 1
2052 241 1
3410 241 1
1981 241 1
2593 241 1
1800 241 1
1751 241 1
2707 241 1
1472 241 1
3129 241 1
3276 241 1
1191 241 1
125 241 1
504 241 1
1841 241 1
2239 241 1
3085 241 1
11 241 1
2046 241 1
1763 241 1
321 241 1
648 241 1
3028 241 1
1047 241 1
1404 241 1
2483 241 1
626 241 1
3399 241 1
3242 241 1
1586 241 1
1733 241 1
1919 241 1
1222 241 1
2999 241 1
2498 241 1
329 241 1
1877 241 1
1754 241 1
639 241 1
2805 241 1
643 241 1
2932 241 1
120 241 1
1304 241 1
2498 241 1
2502 241 1
1003 241 1
2092 241 1
1523 241 1
1603 241 1
120 241 1
3437 241 1
1641 241 1
894 241 1
2106 241 1
1378 241 1
1479 241 1
89 241 1
2434 241 1
1939 241 1
2765 241 1
2688 241 1
3351 241 1
466 241 1
1045 241 1
714 241 1
3285 241 1
1605 241 1
2625 241 1
3407 241 1
1653 241 1
380 241 1
3364 241 1
1502 241 1
3137 241 1
2033 241 1
3762 241 1
1006 241 1
805 241 1
1462 241 1
3761 241 1
920 241 1
2017 241 1
3110 241 1
2117 241 1
800 241 1
3691 241 1
320 241 1
1446 241 1
1169 241 1
811 241 1
1344 241 1
2025 241 1
236 241 1
2741 241 1
2815 241 1
3657 241 1
2609 241 1
380 241 1
2875 241 1
175 241 1
3592 241 1
1455 241 1
3706 241 1
2216 241 1
1305 241 1
2933 241 1
1621 241 1
3181 241 1
3295 241 1
2298 241 1
2651 241 1
1978 241 1
548 241 1
238 241 1
2968 241 1
3787 241 1
3613 241 1
2071 241 1
279 241 1
210 241 1
185 241 1
1410 241 1
431 241 1
2553 241 1
182 241 1
652 241 1
311 241 1
660 241 1
3214 241 1
506 241 1
2353 241 1
2739 241 1
1179 241 1
59 241 1
959 241 1
3153 241 1
2917 241 1
2777 241 1
3551 241 1
870 241 1
2753 241 1
3052 241 1
357 241 1
1346 241 1
3147 241 1
3089 241 1
3484 241 1
1059 241 1
987 241 1
1911 241 1
1178 241 1
3629 241 1
2851 241 1
314 241 1
3632 241 1
3178 241 1
1031 241 1
3538 241 1
352 241 1
3348 241 1
1047 241 1
1607 241 1
2280 241 1
1344 241 1
2669 241 1
3075 241 1
1255 241 1
1198 241 1
1962 241 1
1461 241 1
2153 241 1
3004 241 1
2903 241 1
2162 241 1
3305 241 1
1697 241 1
1537 241 1
2252 241 1
986 241 1
2217 241 1
1218 241 1
1699 241 1
2262 241 1
2653 241 1
534 241 1
1289 241 1
599 241 1
3140 241 1
336 241 1
3233 241 1
1619 241 1
2385 241 1
855 241 1
2655 241 1
3586 241 1
3277 241 1
2669 241 1
3717 241 1
2085 241 1
1644 241 1
1899 241 1
259 241 1
2624 241 1
1053 241 1
3852 241 1
2519 241 1
318 241 1
3576 241 1
1873 241 1
790 241 1
333 241 1
2453 241 1
3596 241 1
2685 241 1
1351 241 1
560 241 1
1822 241 1
2808 241 1
3848 241 1
2840 241 1
2552 241 1
3806 241 1
2829 241 1
1065 242 1
2320 242 1
1394 242 1
2933 242 1
2407 242 1
627 242 1
1204 242 1
797 242 1
53 242 1
3393 242 1
2578 242 1
1286 242 1
2881 242 1
3377 242 1
3224 242 1
1016 242 1
1549 242 1
2093 242 1
3362 242 1
1351 242 1
44 242 1
1236 242 1
798 242 1
2875 242 1
538 242 1
3400 242 1
335 242 1
16 242 1
3085 242 1
2645 242 1
3757 242 1
285 242 1
1608 242 1
3310 242 1
269 242 1
710 242 1
2903 242 1
12 242 1
2771 242 1
2462 242 1
2199 242 1
2871 242 1
1667 242 1
2575 242 1
3410 242 1
3686 242 1
214 242 1
1288 242 1
505 242 1
2842 242 1
1588 242 1
3367 242 1
3106 242 1
2245 242 1
1649 242 1
413 242 1
2760 242 1
1521 242 1
291 242 1
3736 242 1
3095 242 1
3298 242 1
2127 242 1
1887 242 1
2487 242 1
501 242 1
1428 242 1
1527 242 1
555 242 1
817 242 1
186 242 1
3548 242 1
3449 242 1
3215 242 1
1180 242 1
3356 242 1
2437 242 1
515 242 1
3643 242 1
2123 242 1
1263 242 1
367 242 1
1944 242 1
336 242 1
927 242 1
1035 242 1
3799 242 1
1103 242 1
5 242 1
1956 242 1
3270 242 1
1914 242 1
2103 242 1
262 242 1
349 242 1
35 242 1
1015 242 1
377 242 1
648 242 1
2269 242 1
2516 242 1
1748 242 1
340 242 1
1540 242 1
151 242 1
1229 242 1
3482 242 1
244 242 1
2624 242 1
3299 242 1
367 242 1
2385 242 1
1367 242 1
2232 242 1
3755 242 1
510 242 1
2269 242 1
1880 242 1
179 242 1
490 242 1
3673 242 1
963 242 1
3344 242 1
3825 242 1
2257 242 1
3704 242 1
2542 242 1
2319 242 1
2151 242 1
3807 242 1
1572 242 1
292 242 1
3509 242 1
2782 242 1
913 242 1
1389 242 1
2455 242 1
3801 242 1
3181 242 1
3593 242 1
255 242 1
1906 242 1
1320 242 1
1737 242 1
132 242 1
2366 242 1
1653 242 1
333 242 1
731 242 1
856 242 1
769 242 1
3080 242 1
2390 242 1
1680 242 1
2413 242 1
2028 242 1
2730 242 1
302 242 1
1898 242 1
3810 242 1
315 242 1
2129 242 1
109 242 1
663 242 1
64 242 1
2858 242 1
59 242 1
3743 242 1
2073 242 1
1263 242 1
2682 242 1
2143 242 1
512 242 1
2695 242 1
3071 242 1
2366 242 1
2199 242 1
1016 242 1
1643 242 1
3752 242 1
382 242 1
845 242 1
2535 242 1
312 242 1
2489 242 1
2469 242 1
3815 242 1
2968 242 1
3645 242 1
797 242 1
2237 242 1
2137 242 1
326 242 1
3810 242 1
1135 242 1
3594 242 1
2575 242 1
3714 242 1
2725 242 1
1973 242 1
926 242 1
263 242 1
2309 242 1
2197 242 1
1215 242 1
2839 242 1
3162 242 1
347 242 1
3648 242 1
705 242 1
2345 242 1
1049 242 1
1236 242 1
2447 242 1
3202 242 1
89 242 1
2445 242 1
569 242 1
3243 242 1
2269 242 1
218 242 1
2902 242 1
2881 242 1
1963 242 1
3572 242 1
3005 242 1
3670 242 1
2723 242 1
3428 242 1
1425 242 1
2769 242 1
913 242 1
43 242 1
3571 242 1
2917 242 1
2617 242 1
3815 242 1
1500 242 1
3527 242 1
948 242 1
2639 242 1
1168 242 1
1060 242 1
1719 242 1
2688 242 1
544 242 1
2005 242 1
1492 242 1
415 242 1
2996 242 1
2427 242 1
5 242 1
2254 242 1
2602 242 1
258 242 1
1533 242 1
2162 242 1
3809 242 1
1643 242 1
3460 242 1
746 242 1
184 242 1
2467 242 1
2145 242 1
3182 242 1
1501 242 1
3122 242 1
1160 242 1
968 242 1
3855 242 1
1531 242 1
1607 242 1
185 242 1
656 242 1
707 242 1
1860 242 1
2169 242 1
50 242 1
3769 242 1
2560 242 1
474 242 1
1593 242 1
2524 242 1
2547 242 1
1522 242 1
1045 242 1
2963 242 1
1132 242 1
3080 242 1
3341 242 1
3323 242 1
684 242 1
934 242 1
1068 242 1
3008 242 1
487 242 1
292 242 1
3682 242 1
34 242 1
1354 242 1
471 242 1
2218 242 1
883 242 1
3014 242 1
3439 242 1
1133 242 1
568 242 1
1348 242 1
838 242 1
1375 242 1
1563 242 1
1526 242 1
3774 242 1
1379 242 1
3388 242 1
2156 242 1
2973 242 1
1955 242 1
241 242 1
2225 242 1
2266 242 1
1272 242 1
3156 242 1
3025 242 1
567 242 1
3094 242 1
1932 242 1
3684 242 1
2474 242 1
1916 242 1
284 242 1
1367 242 1
692 242 1
2765 242 1
880 242 1
3598 242 1
1691 242 1
1577 242 1
2740 242 1
3124 242 1
3063 242 1
984 242 1
2038 242 1
3233 242 1
2627 242 1
789 243 1
979 243 1
433 243 1
1143 243 1
643 243 1
2633 243 1
2045 243 1
1544 243 1
299 243 1
3843 243 1
1055 243 1
2651 243 1
1185 243 1
2270 243 1
3330 243 1
869 243 1
3027 243 1
2623 243 1
2593 243 1
2422 243 1
207 243 1
3801 243 1
3224 243 1
1423 243 1
3002 243 1
3357 243 1
1527 243 1
606 243 1
1233 243 1
86 243 1
1463 243 1
2838 243 1
2818 243 1
371 243 1
337 243 1
1813 243 1
603 243 1
1834 243 1
1312 243 1
3198 243 1
1181 243 1
584 243 1
1152 243 1
2922 243 1
1924 243 1
1193 243 1
393 243 1
170 243 1
2772 243 1
2097 243 1
3167 243 1
2644 243 1
2553 243 1
1372 243 1
890 243 1
3703 243 1
2978 243 1
3712 243 1
3358 243 1
2945 243 1
311 243 1
2746 243 1
1524 243 1
497 243 1
608 243 1
2916 243 1
145 243 1
2645 243 1
2590 243 1
1890 243 1
2177 243 1
862 243 1
3693 243 1
252 243 1
412 243 1
810 243 1
449 243 1
2329 243 1
1780 243 1
3283 243 1
617 243 1
3525 243 1
3236 243 1
3525 243 1
1767 243 1
334 243 1
365 243 1
2164 243 1
1617 243 1
232 243 1
219 243 1
1944 243 1
2723 243 1
1594 243 1
2519 243 1
3731 243 1
2190 243 1
2862 243 1
1319 243 1
1918 243 1
3551 243 1
2367 243 1
1833 243 1
3443 243 1
3284 243 1
3222 243 1
792 243 1
3154 243 1
2453 243 1
2224 243 1
3563 243 1
538 243 1
2151 243 1
2432 243 1
2803 243 1
2965 243 1
660 243 1
3343 243 1
1632 243 1
3206 243 1
1252 243 1
1097 243 1
2927 243 1
2283 243 1
542 243 1
1128 243 1
175 243 1
530 243 1
133 243 1
1029 243 1
3099 243 1
711 243 1
63 243 1
2 243 1
1459 243 1
3770 243 1
1686 243 1
1905 243 1
1966 243 1
575 243 1
2366 243 1
2139 243 1
1397 243 1
475 243 1
2063 243 1
2693 243 1
2106 243 1
1540 243 1
3195 243 1
2783 243 1
1225 243 1
562 243 1
1705 243 1
86 243 1
1884 243 1
1822 243 1
1557 243 1
1925 243 1
622 243 1
169 243 1
387 243 1
3564 243 1
915 243 1
1171 243 1
1432 243 1
1817 243 1
2469 243 1
981 243 1
399 243 1
2423 243 1
993 243 1
483 243 1
2023 243 1
3628 243 1
2908 243 1
227 243 1
3398 243 1
1298 243 1
1157 243 1
3582 243 1
659 243 1
3279 243 1
3765 243 1
1947 243 1
1580 243 1
3518 243 1
2814 243 1
1590 243 1
1572 243 1
1434 243 1
3618 243 1
1981 243 1
1938 243 1
2967 243 1
1119 243 1
3847 243 1
3118 243 1
1111 243 1
2820 243 1
1253 243 1
2846 243 1
3159 243 1
3406 243 1
2612 243 1
53 243 1
1474 243 1
1632 243 1
1932 243 1
1123 243 1
2114 243 1
901 243 1
3300 243 1
3393 243 1
766 243 1
3850 243 1
3692 243 1
2237 243 1
2135 243 1
1340 243 1
2231 243 1
3512 243 1
2120 243 1
105 243 1
985 243 1
2743 243 1
1974 243 1
1457 243 1
286 243 1
3859 243 1
3841 243 1
1731 243 1
1067 243 1
3644 243 1
2857 243 1
1041 243 1
332 243 1
1434 243 1
1828 243 1
1990 243 1
2443 243 1
3236 243 1
2446 243 1
671 243 1
3161 243 1
368 243 1
944 243 1
601 243 1
2454 243 1
3679 243 1
379 243 1
1315 243 1
3457 243 1
3368 243 1
2722 243 1
2487 243 1
1863 243 1
1614 243 1
2578 243 1
106 243 1
2983 243 1
29 243 1
1056 243 1
1278 243 1
1664 243 1
1707 243 1
1979 243 1
2222 243 1
2211 243 1
1709 243 1
180 243 1
1794 243 1
1643 243 1
949 243 1
215 243 1
851 243 1
2987 243 1
1701 243 1
1140 243 1
1835 243 1
2098 243 1
723 243 1
2939 243 1
2537 243 1
2741 243 1
347 243 1
258 243 1
42 243 1
195 243 1
1917 243 1
2997 243 1
2231 243 1
377 243 1
3317 243 1
1051 243 1
1635 243 1
3197 243 1
2624 243 1
1961 243 1
1122 243 1
677 243 1
2729 243 1
1325 243 1
46 243 1
1317 243 1
328 243 1
1911 243 1
374 243 1
915 243 1
3695 243 1
3826 243 1
3697 243 1
2858 243 1
2399 243 1
1701 243 1
1757 243 1
3161 243 1
1783 243 1
1402 243 1
2570 243 1
2402 243 1
1399 243 1
2106 243 1
3588 243 1
1988 243 1
2789 243 1
1664 243 1
3664 243 1
1674 243 1
1936 243 1
1184 243 1
2148 243 1
2664 243 1
3218 243 1
1134 243 1
1648 243 1
2125 243 1
1595 243 1
3682 243 1
668 243 1
2422 243 1
1856 243 1
1749 243 1
729 243 1
2870 243 1
3357 243 1
1513 244 1
3212 244 1
2047 244 1
470 244 1
3497 244 1
3070 244 1
762 244 1
3530 244 1
1844 244 1
2890 244 1
220 244 1
3058 244 1
2573 244 1
3044 244 1
3292 244 1
1584 244 1
1440 244 1
3602 244 1
2551 244 1
1108 244 1
1903 244 1
1180 244 1
3130 244 1
2336 244 1
2414 244 1
2002 244 1
3047 244 1
3718 244 1
1347 244 1
389 244 1
1409 244 1
2473 244 1
1547 244 1
3691 244 1
3791 244 1
584 244 1
1093 244 1
1131 244 1
346 244 1
2910 244 1
1131 244 1
1770 244 1
2904 244 1
2659 244 1
764 244 1
1197 244 1
3802 244 1
1953 244 1
1585 244 1
843 244 1
3834 244 1
582 244 1
2396 244 1
1417 244 1
2900 244 1
3397 244 1
1230 244 1
1611 244 1
2115 244 1
1654 244 1
1271 244 1
2239 244 1
2005 244 1
3565 244 1
3041 244 1
535 244 1
3688 244 1
3075 244 1
684 244 1
2437 244 1
3413 244 1
956 244 1
1883 244 1
1508 244 1
3438 244 1
3207 244 1
1554 244 1
488 244 1
291 244 1
2123 244 1
652 244 1
1090 244 1
426 244 1
496 244 1
1034 244 1
2106 244 1
2907 244 1
1572 244 1
390 244 1
2673 244 1
2547 244 1
904 244 1
3632 244 1
133 244 1
2833 244 1
1525 244 1
952 244 1
3514 244 1
107 244 1
2930 244 1
3055 244 1
2397 244 1
2626 244 1
1862 244 1
438 244 1
1800 244 1
429 244 1
3048 244 1
1238 244 1
3440 244 1
2159 244 1
2384 244 1
2201 244 1
448 244 1
2566 244 1
3301 244 1
1152 244 1
1076 244 1
651 244 1
1571 244 1
3533 244 1
2687 244 1
1693 244 1
967 244 1
2522 244 1
551 244 1
447 244 1
75 244 1
28 244 1
372 244 1
1516 244 1
2140 244 1
3824 244 1
1401 244 1
1378 244 1
292 244 1
1758 244 1
1222 244 1
2847 244 1
2426 244 1
495 244 1
1345 244 1
1975 244 1
3505 244 1
581 244 1
1646 244 1
1303 244 1
2988 244 1
2588 244 1
1685 244 1
5 244 1
608 244 1
2336 244 1
1446 244 1
189 244 1
2088 244 1
2510 244 1
2841 244 1
643 244 1
441 244 1
2280 244 1
199 244 1
837 244 1
73 244 1
357 244 1
37 244 1
1004 244 1
1825 244 1
3730 244 1
1744 244 1
2970 244 1
1610 244 1
1718 244 1
1629 244 1
416 244 1
2275 244 1
2447 244 1
1454 244 1
2930 244 1
3013 244 1
3186 244 1
1428 244 1
2304 244 1
178 244 1
3359 244 1
917 244 1
3044 244 1
861 244 1
1145 244 1
2285 244 1
86 244 1
1668 244 1
2802 244 1
828 244 1
200 244 1
1567 244 1
2547 244 1
1226 244 1
2482 244 1
1377 244 1
2767 244 1
3395 244 1
3440 244 1
752 244 1
2119 244 1
1365 244 1
2788 244 1
665 244 1
2060 244 1
589 244 1
740 244 1
1465 244 1
2155 244 1
3854 244 1
2896 244 1
3105 244 1
1506 244 1
3465 244 1
3166 244 1
1395 244 1
944 244 1
88 244 1
2348 244 1
3531 244 1
1114 244 1
794 244 1
797 244 1
1319 244 1
769 244 1
2929 244 1
3042 244 1
2223 244 1
2453 244 1
1405 244 1
1237 244 1
1345 244 1
912 244 1
1248 244 1
1207 244 1
391 244 1
1980 244 1
598 244 1
1135 244 1
2096 244 1
387 244 1
3610 244 1
2274 244 1
1468 244 1
3445 244 1
2048 244 1
159 244 1
2437 244 1
3677 244 1
3466 244 1
3061 244 1
2513 244 1
1938 244 1
3611 244 1
3338 244 1
1688 244 1
1229 244 1
1378 244 1
1725 244 1
3535 244 1
1449 244 1
3404 244 1
2575 244 1
2822 244 1
3555 244 1
3797 244 1
1406 244 1
3205 244 1
614 244 1
2312 244 1
453 244 1
639 244 1
2790 244 1
544 244 1
2854 244 1
448 244 1
1361 244 1
3665 244 1
2062 244 1
1199 244 1
3062 244 1
530 244 1
684 244 1
2939 244 1
2023 244 1
539 244 1
3512 244 1
487 244 1
1745 244 1
1455 244 1
2771 244 1
2012 244 1
3393 244 1
2990 244 1
906 244 1
3038 244 1
657 244 1
580 244 1
3533 244 1
2585 244 1
1648 244 1
2734 244 1
922 244 1
939 244 1
2461 244 1
3697 244 1
2118 244 1
2649 244 1
2429 244 1
199 244 1
2844 244 1
3378 244 1
896 244 1
2953 244 1
1841 244 1
1889 244 1
425 244 1
1924 244 1
2283 244 1
1821 244 1
840 244 1
2790 244 1
178 244 1
2534 244 1
2730 244 1
418 244 1
1428 244 1
909 244 1
3676 244 1
775 244 1
2414 244 1
1294 244 1
2892 244 1
3346 244 1
778 244 1
243 244 1
1682 244 1
789 244 1
2932 244 1
2127 244 1
2833 244 1
1598 245 1
513 245 1
2548 245 1
2422 245 1
3586 245 1
363 245 1
35 245 1
1356 245 1
229 245 1
2227 245 1
3384 245 1
2866 245 1
26 245 1
699 245 1
3634 245 1
367 245 1
317 245 1
1188 245 1
540 245 1
1684 245 1
955 245 1
2496 245 1
2586 245 1
3366 245 1
528 245 1
2041 245 1
1177 245 1
738 245 1
725 245 1
280 245 1
308 245 1
168 245 1
2809 245 1
2404 245 1
890 245 1
2714 245 1
1827 245 1
2095 245 1
1178 245 1
1927 245 1
2525 245 1
148 245 1
1691 245 1
408 245 1
2582 245 1
1764 245 1
2332 245 1
3692 245 1
802 245 1
103 245 1
315 245 1
3808 245 1
480 245 1
2485 245 1
1922 245 1
233 245 1
296 245 1
152 245 1
2220 245 1
1820 245 1
1641 245 1
1121 245 1
1537 245 1
2700 245 1
3113 245 1
3309 245 1
3026 245 1
1537 245 1
2770 245 1
955 245 1
3198 245 1
2337 245 1
444 245 1
566 245 1
1879 245 1
906 245 1
8 245 1
2043 245 1
286 245 1
3374 245 1
426 245 1
2967 245 1
1028 245 1
2490 245 1
1207 245 1
2058 245 1
855 245 1
3644 245 1
891 245 1
2805 245 1
1688 245 1
2236 245 1
2662 245 1
3837 245 1
3635 245 1
805 245 1
2700 245 1
1119 245 1
2483 245 1
186 245 1
3361 245 1
3411 245 1
95 245 1
606 245 1
3478 245 1
2736 245 1
2476 245 1
2862 245 1
3532 245 1
478 245 1
731 245 1
2160 245 1
1594 245 1
498 245 1
2716 245 1
787 245 1
3385 245 1
549 245 1
1832 245 1
1702 245 1
1918 245 1
3687 245 1
1860 245 1
3202 245 1
2845 245 1
2795 245 1
570 245 1
2923 245 1
1441 245 1
2083 245 1
1533 245 1
3414 245 1
928 245 1
1215 245 1
934 245 1
1906 245 1
3829 245 1
3504 245 1
875 245 1
906 245 1
1420 245 1
1191 245 1
575 245 1
1156 245 1
2503 245 1
2687 245 1
1229 245 1
1202 245 1
2335 245 1
3722 245 1
3322 245 1
3826 245 1
2281 245 1
945 245 1
61 245 1
3856 245 1
3426 245 1
3284 245 1
3251 245 1
582 245 1
3590 245 1
3429 245 1
970 245 1
3499 245 1
2378 245 1
1657 245 1
1913 245 1
2563 245 1
2620 245 1
257 245 1
968 245 1
2916 245 1
2308 245 1
784 245 1
876 245 1
2 245 1
2032 245 1
2336 245 1
2294 245 1
2150 245 1
868 245 1
1421 245 1
1488 245 1
190 245 1
1053 245 1
2796 245 1
1321 245 1
3520 245 1
2141 245 1
1444 245 1
2545 245 1
2820 245 1
821 245 1
2063 245 1
2016 245 1
1410 245 1
3121 245 1
2490 245 1
1038 245 1
3839 245 1
2963 245 1
3404 245 1
1187 245 1
1764 245 1
3654 245 1
3682 245 1
1774 245 1
2055 245 1
2797 245 1
511 245 1
3358 245 1
2953 245 1
3136 245 1
2627 245 1
1305 245 1
2719 245 1
2741 245 1
3507 245 1
769 245 1
932 245 1
2942 245 1
598 245 1
2508 245 1
1971 245 1
1205 245 1
1514 245 1
3264 245 1
3147 245 1
518 245 1
2357 245 1
1934 245 1
965 245 1
1928 245 1
648 245 1
1496 245 1
1218 245 1
1710 245 1
3265 245 1
2247 245 1
3243 245 1
3126 245 1
1697 245 1
1677 245 1
3426 245 1
1224 245 1
3214 245 1
2008 245 1
1495 245 1
3767 245 1
1371 245 1
2321 245 1
1435 245 1
842 245 1
526 245 1
1150 245 1
1192 245 1
985 245 1
1935 245 1
2485 245 1
1629 245 1
1699 245 1
167 245 1
3046 245 1
3382 245 1
3437 245 1
2650 245 1
3117 245 1
446 245 1
1182 245 1
863 245 1
3587 245 1
1942 245 1
315 245 1
3067 245 1
2832 245 1
2314 245 1
3544 245 1
1349 245 1
3131 245 1
361 245 1
3748 245 1
1367 245 1
768 245 1
2876 245 1
3492 245 1
1248 245 1
106 245 1
2221 245 1
1508 245 1
741 245 1
207 245 1
2322 245 1
1785 245 1
1514 245 1
1510 245 1
2673 245 1
3269 245 1
2779 245 1
1239 245 1
2384 245 1
985 245 1
3371 245 1
1981 245 1
882 245 1
928 245 1
961 245 1
1197 245 1
2106 245 1
19 245 1
23 245 1
1621 245 1
3677 245 1
2808 245 1
3258 245 1
3503 245 1
2966 245 1
130 245 1
874 245 1
3774 245 1
1117 245 1
1881 245 1
2801 245 1
517 245 1
1522 245 1
1023 245 1
3424 245 1
3420 245 1
706 245 1
2560 245 1
378 245 1
1372 245 1
2246 245 1
3605 245 1
3286 245 1
3471 245 1
3316 245 1
1548 245 1
3206 245 1
549 245 1
822 245 1
3505 245 1
1780 245 1
3398 245 1
139 245 1
3124 245 1
