6790 196 41101 10 250000
188 455 513 491 863 220 996 803 929 512 658 777 949 818 325 749 227 138 815 900 125 197 510 174 698 190 179 399 438 525 532 217 712 661 980 617 470 197 337 729 412 885 564 386 252 532 689 197 720 508 2 740 248 345 907 784 870 165 768 142 302 973 176 14 746 683 645 386 520 824 160 193 7 895 151 855 27 570 917 305 565 134 602 1 788 843 22 992 51 688 460 154 161 714 514 627 567 387 849 304 1 775 666 154 92 308 336 125 875 903 126 572 679 426 557 929 782 740 198 99 321 201 442 138 361 755 808 982 589 901 350 830 176 249 322 702 114 254 372 174 935 66 799 121 210 307 159 60 730 870 700 769 190 520 313 840 248 52 940 92 498 172 791 516 768 491 977 768 231 955 464 909 261 214 860 230 83 296 386 344 547 64 616 715 207 25 56 990 448 86 943 580 208 89 883 824 223 423 451 16 544 282 280 934 62 48 50 794 782 345 914 313 801 247 597 64 466 116 44 412 19 157 960 951 734 649 839 734 48 964 821 995 412 927 931 718 462 846 261 919 722 546 740 621 989 509 412 6 598 441 11 545 19 72 760 483 501 368 434 560 848 107 910 151 916 249 851 3 142 795 439 819 189 981 66 174 890 12 471 435 63 905 334 156 574 943 226 986 691 558 554 862 338 737 124 203 504 294 282 651 223 851 935 963 532 982 538 3 592 338 258 686 175 653 449 69 213 912 435 589 447 447 247 407 912 398 320 231 532 774 553 903 913 371 494 880 758 717 387 215 880 905 167 131 132 793 912 475 995 677 473 605 271 458 714 471 819 753 639 96 782 666 140 354 289 326 51 633 431 112 933 806 832 698 112 765 663 441 408 545 946 439 992 107 714 871 358 395 208 327 498 519 771 8 924 782 591 503 473 729 943 882 713 489 84 522 727 1 44 727 659 407 39 737 467 805 499 535 853 415 485 428 3 847 129 466 277 518 475 190 468 858 133 419 18 247 175 80 183 889 704 22 808 782 416 255 488 285 840 985 755 586 623 911 110 248 754 790 697 507 390 634 17 816 109 929 884 443 489 178 237 880 613 125 317 272 383 397 233 526 123 625 742 770 451 558 319 14 638 677 725 743 38 96 646 947 75 168 23 659 341 55 891 871 553 180 631 729 459 666 115 403 858 362 318 330 258 14 114 142 87 357 78 833 289 444 540 318 339 424 22 960 26 559 143 290 873 287 507 686 773 180 322 842 448 520 358 841 134 554 292 407 518 316 133 335 7 740 860 433 57 594 275 523 622 278 168 293 469 255 851 774 28 472 466 292 15 778 883 189 926 522 993 384 405 174 375 18 234 351 69 38 867 817 535 440 702 479 843 425 288 226 580 377 918 319 306 914 167 280 927 507 484 874 325 993 801 916 863 23 717 911 338 736 472 232 302 699 64 286 848 700 795 270 51 44 501 619 308 137 753 326 773 31 543 662 922 519 401 891 557 487 653 851 958 724 572 790 784 114 542 250 859 914 583 651 939 269 689 497 507 105 560 387 326 747 82 279 565 667 545 779 142 998 226 12 327 628 144 935 472 467 969 442 92 468 170 984 758 450 761 423 536 263 402 58 135 260 45 789 249 25 914 286 973 416 133 146 480 422 742 514 400 560 238 930 334 219 856 448 289 895 527 489 668 862 430 879 817 891 269 50 797 535 641 759 421 415 312 516 295 627 165 203 192 402 136 149 661 189 706 233 132 863 303 272 564 905 417 678 388 948 374 182 228 575 605 529 12 438 20 922 538 544 979 474 406 128 477 810 757 852 900 994 916 839 913 32 106 866 184 154 625 134 224 837 213 436 986 17 206 651 637 438 551 60 540 835 779 301 521 85 68 948 880 53 400 813 470 288 562 882 151 247 615 196 708 867 382 336 629 960 162 601 438 638 432 920 860 853 735 46 453 174 320 142 269 167 143 489 732 641 379 389 326 347 634 755 833 928 903 834 814 482 498 58 555 837 39 510 51 873 253 360 858 722 426 56 833 960 616 313 159 340 202 590 35 710 930 442 181 319 53 997 973 782 750 599 662 916 915 55 757 63 100 792 524 922 871 913 781 423 14 343 570 855 612 451 777 272 654 214 110 829 845 171 417 637 211 261 379 4 966 723 655 555 121 978 3 646 281 16 868 942 600 329 49 950 775 851 274 165 90 756 422 701 463 521 941 209 703 26 674 444 772 412 983 997 824 895 739 95 183 966 663 143 147 552 695 726 422 328 745 493 57 904 279 901 188 821 494 133 21 250 42 256 30 104 64 516 90 389 804 558 915 156 986 473 881 721 516 737 931 407 469 421 16 910 318 115 85 156 273 788 803 754 532 616 868 881 449 332 112 333 486 477 735 295 920 896 736 870 518 42 973 443 726 793 417 628 739 274 68 145 762 120 402 451 466 388 880 207 10 609 123 819 762 538 434 572 944 856 183 1000 292 845 780 404 470 288 985 343 344 37 790 933 634 634 151 428 774 337 305 212 620 975 665 153 118 697 51 880 209 45 158 233 885 569 552 445 137 991 451 978 299 655 141 196 441 76 390 393 473 573 867 592 444 591 454 338 980 149 94 134 929 710 804 819 310 84 103 819 916 505 32 352 382 183 144 288 531 273 250 114 409 214 607 24 38 225 127 20 11 503 711 639 378 193 697 470 995 530 64 52 621 133 201 915 909 579 392 365 352 375 723 223 514 359 226 609 57 272 620 129 942 544 47 267 223 908 77 604 146 233 204 182 658 438 317 171 369 434 838 57 720 784 814 125 235 695 885 397 977 942 775 126 311 140 981 215 285 129 119 707 662 153 916 342 652 931 938 702 615 533 808 204 803 744 588 723 728 519 922 714 271 794 990 315 550 924 404 545 4 501 649 841 783 596 619 910 129 958 895 648 616 383 972 210 140 46 970 900 436 386 918 369 975 971 387 313 556 714 954 950 544 865 840 134 510 488 661 101 653 105 47 961 421 15 123 385 62 826 785 677 857 525 217 575 435 655 867 649 903 683 95 492 186 582 976 216 430 945 348 339 577 180 327 784 584 239 185 50 432 563 158 956 660 739 425 255 513 427 527 312 431 294 507 894 983 515 954 792 462 219 458 904 392 671 725 481 689 522 160 612 337 49 512 997 614 913 649 559 37 207 74 773 95 353 718 390 265 407 545 803 823 665 891 902 953 362 471 920 317 335 47 220 839 589 697 127 892 264 328 671 254 356 252 414 698 858 372 240 269 658 558 78 119 193 709 436 83 481 351 324 371 686 718 788 284 676 774 719 223 62 723 759 789 682 226 569 369 83 634 697 600 994 403 740 238 572 371 975 791 712 965 229 605 166 340 739 567 766 39 988 323 799 743 853 324 275 389 650 320 610 973 707 839 225 548 592 825 487 793 998 278 973 128 922 672 327 212 227 965 189 309 984 610 515 843 755 640 942 117 663 191 863 861 439 449 447 819 345 150 101 149 853 969 581 877 368 672 646 329 297 640 713 96 661 490 36 614 320 221 389 199 328 686 965 273 432 967 525 556 684 34 844 800 487 66 10 560 99 164 846 274 819 706 791 391 74 244 613 484 546 806 869 831 512 935 30 975 757 763 994 886 359 427 782 314 77 684 675 885 149 887 350 836 144 965 948 234 718 206 128 775 875 549 645 392 866 405 453 510 482 82 302 100 949 155 792 773 63 166 111 90 372 268 643 242 907 649 148 160 125 852 419 772 513 880 254 326 509 71 496 372 954 869 671 344 851 463 124 80 386 838 177 327 692 76 454 989 661 698 558 299 738 776 730 226 437 12 838 626 251 4 184 839 234 621 113 375 72 551 185 836 207 558 242 146 237 911 680 208 851 242 223 83 710 360 348 604 882 365 336 612 466 363 834 852 151 226 116 981 966 370 318 54 172 347 708 840 92 611 552 657 813 397 987 692 902 338 166 5 96 924 50 25 745 661 3 127 344 884 984 776 391 773 322 125 923 35 171 376 764 115 53 222 926 671 737 48 343 803 832 713 692 990 273 897 348 355 68 108 467 589 564 348 660 441 156 404 437 912 761 807 477 940 426 638 86 821 726 461 568 999 513 451 105 604 115 870 908 460 46 328 490 119 33 736 305 95 1000 775 750 300 867 286 430 461 967 188 674 65 365 693 165 499 367 274 631 417 632 41 906 946 651 190 715 308 150 249 402 577 413 934 951 640 425 172 196 123 444 430 336 28 438 453 422 125 30 540 644 1000 646 912 405 732 433 956 406 150 503 705 797 954 870 621 87 578 153 726 703 72 354 271 721 656 227 746 474 536 20 889 644 57 502 782 645 713 340 472 718 439 41 514 796 969 379 823 565 302 804 547 137 762 679 241 682 520 929 159 478 619 922 362 105 207 385 130 258 674 586 3 309 3 223 476 787 708 405 425 765 304 837 845 947 220 654 725 448 287 84 358 171 398 172 110 490 843 679 409 767 548 994 982 614 967 250 51 914 391 59 767 476 881 687 415 680 303 602 413 4 731 375 814 871 613 716 248 142 444 386 454 418 552 21 768 910 715 577 131 796 4 827 387 893 396 287 776 803 535 835 882 322 579 51 856 397 392 737 418 560 97 496 292 310 90 522 95 503 893 943 125 679 439 373 150 810 811 375 297 405 328 764 425 688 902 757 13 211 619 109 225 231 95 193 404 493 826 573 920 185 10 517 583 447 319 780 424 208 113 215 571 840 954 955 143 888 104 932 802 97 723 463 384 841 695 903 284 475 805 652 943 243 485 36 225 924 79 963 520 61 400 673 698 66 910 341 449 161 469 948 988 148 567 508 507 400 530 772 945 992 423 965 496 533 979 842 335 127 229 729 411 480 132 244 309 317 147 709 588 116 640 823 541 374 470 488 41 951 996 503 409 671 730 568 63 707 834 14 468 93 937 129 63 735 474 726 650 654 47 964 505 26 281 382 532 189 418 958 895 929 132 285 540 703 610 594 517 344 90 357 945 194 661 731 150 732 674 332 98 99 791 595 80 158 206 747 126 918 270 492 599 647 868 338 398 82 633 28 997 742 74 725 735 290 66 332 518 672 174 933 208 555 734 926 687 795 374 119 505 618 319 237 304 658 569 954 94 360 497 987 213 437 406 919 133 934 429 134 727 535 896 254 509 354 470 831 71 307 742 938 581 451 312 43 733 343 925 235 734 710 656 352 184 403 77 138 246 512 928 785 530 252 293 910 234 858 198 926 297 650 457 42 578 245 547 884 220 148 229 114 537 171 593 388 708 476 592 986 192 306 208 223 61 764 19 666 838 551 295 57 642 172 57 135 558 823 513 359 19 115 635 45 89 990 245 374 295 816 585 562 374 536 279 738 578 770 787 429 726 249 738 576 533 320 843 620 836 306 943 930 958 923 24 592 828 888 489 752 231 640 525 592 437 688 335 777 707 921 30 193 420 828 414 61 275 665 389 443 325 421 387 30 67 191 607 184 163 264 589 224 432 471 160 445 306 206 778 450 424 588 979 886 322 148 532 723 428 964 775 641 893 846 474 819 301 53 477 110 340 789 244 428 806 390 78 212 584 814 543 71 741 900 33 590 172 560 981 163 183 7 596 290 154 379 407 771 98 710 963 106 83 652 78 573 779 544 140 483 691 843 507 945 285 239 917 255 156 813 649 382 133 330 614 76 250 969 863 321 528 56 789 392 972 564 946 9 259 740 895 687 274 409 117 447 975 761 681 682 824 639 13 140 82 963 377 699 55 765 223 686 958 305 977 196 376 43 390 947 217 113 229 762 533 140 330 681 700 313 738 570 440 577 983 633 769 40 680 8 717 151 982 146 704 195 1 636 181 16 874 480 969 525 684 512 724 935 214 300 791 707 610 48 205 534 673 716 737 277 328 378 599 562 638 421 624 50 919 656 524 549 924 13 497 375 695 449 938 251 857 263 378 297 741 902 892 869 224 354 163 360 983 438 922 94 483 631 62 26 47 681 645 981 523 805 903 85 760 349 203 82 536 254 492 425 904 239 60 698 481 946 456 556 687 225 557 484 627 722 49 969 266 141 530 318 990 122 858 597 433 943 822 246 165 174 600 931 87 390 172 861 415 6 476 691 309 966 789 884 733 344 433 356 652 486 369 65 950 507 399 354 842 503 824 667 24 579 110 877 488 725 579 870 1000 224 586 604 137 550 569 789 591 239 553 386 468 774 829 852 646 327 743 843 895 525 999 185 978 732 572 687 181 954 530 368 682 200 504 701 456 943 422 253 145 212 758 464 642 737 898 552 744 561 967 42 676 109 3 241 493 706 823 670 111 402 428 200 32 56 18 692 830 172 193 61 139 94 383 89 693 114 593 448 722 890 728 763 306 748 916 29 265 324 528 362 951 974 338 436 89 155 325 128 440 669 82 875 770 123 252 332 952 913 309 354 846 203 300 17 91 65 727 287 57 231 803 342 418 822 844 340 548 440 551 573 135 115 390 741 464 957 739 248 920 462 736 561 763 569 814 469 74 391 558 178 990 617 947 870 500 674 622 688 590 600 275 434 578 163 1000 742 550 679 33 856 911 996 115 319 746 377 458 19 855 898 791 708 345 570 25 172 59 970 733 331 589 479 443 811 491 248 477 266 137 880 970 250 481 108 992 429 45 282 823 643 847 859 310 457 665 920 401 673 734 465 46 196 558 279 795 714 665 637 724 547 993 735 579 932 854 868 891 283 795 898 882 362 195 311 936 10 62 782 169 727 559 654 434 401 589 683 89 985 944 914 104 742 620 577 667 686 359 603 375 440 796 131 318 815 56 712 40 967 741 27 687 885 825 161 9 632 805 264 259 232 770 748 426 368 490 326 246 900 43 594 161 937 152 21 392 187 418 984 498 122 679 986 950 24 480 190 865 829 761 795 811 172 637 637 84 21 929 246 151 806 73 654 311 80 179 784 101 217 4 957 22 720 972 335 474 539 406 464 580 972 878 167 637 962 821 753 709 548 436 537 361 6 188 816 351 328 431 240 178 359 118 678 324 360 362 610 30 76 532 255 952 75 241 8 276 271 255 783 65 490 955 165 417 171 580 815 192 915 807 939 320 804 107 858 312 949 64 710 456 281 10 341 939 411 55 727 430 863 918 463 903 6 394 170 235 663 72 961 738 477 246 351 308 453 939 583 626 768 169 996 188 657 312 269 287 199 538 167 515 871 137 585 63 85 580 333 898 747 849 507 721 36 364 347 623 261 816 930 327 957 267 340 302 124 979 483 653 331 519 838 257 587 585 244 753 959 888 281 873 81 628 280 845 97 762 687 482 162 288 287 497 846 97 125 555 207 164 861 448 576 488 783 626 10 544 813 400 518 641 639 467 570 820 710 819 171 532 209 503 949 780 623 446 302 524 621 981 720 484 90 231 234 662 896 74 499 698 589 704 679 714 124 149 556 947 789 661 287 679 55 887 885 939 156 979 39 445 556 807 430 272 152 529 543 76 539 598 275 790 543 53 453 396 900 246 966 448 763 94 84 363 749 274 489 595 630 335 827 313 678 973 71 964 440 736 938 672 372 364 423 598 707 440 222 260 622 886 393 117 599 395 237 83 613 29 540 848 273 250 80 588 801 333 710 424 743 761 292 197 987 442 750 254 630 919 29 860 473 866 72 394 832 351 271 540 198 331 705 288 24 192 72 798 13 111 277 308 338 246 320 708 264 234 723 675 713 713 312 328 667 862 597 739 932 97 731 295 193 18 745 257 759 973 635 997 810 240 499 965 790 385 936 903 212 62 283 771 175 933 157 557 544 639 578 944 448 230 225 593 199 20 745 542 384 981 96 82 496 837 765 155 625 349 630 105 511 163 419 242 576 872 23 675 717 42 432 487 262 368 792 889 227 566 18 870 722 921 810 135 742 866 39 303 452 398 241 638 40 119 953 779 138 124 545 663 954 390 423 538 597 292 473 670 418 629 281 240 273 745 686 636 162 485 423 65 858 169 229 513 309 500 417 183 140 50 821 575 192 486 455 794 600 550 493 430 980 759 277 980 35 706 180 699 702 195 339 445 383 220 132 868 340 89 710 15 361 182 990 527 936 879 606 403 873 901 44 774 944 631 130 299 558 762 297 770 897 890 175 463 439 516 168 781 78 872 470 568 25 653 863 832 764 377 364 20 174 281 619 660 151 777 67 607 23 354 833 789 828 895 873 559 807 657 281 895 634 209 990 541 311 809 892 76 95 544 427 745 936 711 469 552 30 163 708 206 110 123 639 927 178 410 734 665 15 598 89 253 306 195 771 502 378 355 530 300 709 181 284 884 505 810 941 734 316 944 696 477 926 607 775 773 847 131 81 992 793 800 153 657 142 331 864 384 862 62 582 765 540 763 361 151 620 803 419 453 41 781 69 225 906 366 700 433 705 866 898 145 726 759 657 181 242 5 640 965 552 575 496 764 646 373 633 366 644 91 473 320 4 631 596 429 868 210 790 929 9 320 955 895 213 912 322 691 571 938 119 214 865 498 459 671 987 998 928 765 195 665 377 441 289 705 848 833 80 732 834 851 752 460 990 606 155 56 575 81 723 641 649 925 994 751 870 672 503 661 653 319 778 33 881 487 968 571 691 805 806 184 249 263 376 277 127 472 876 206 90 300 693 394 712 812 476 629 253 107 113 809 812 309 659 528 109 53 887 946 565 544 116 77 423 952 682 758 346 67 934 611 230 405 83 761 762 899 889 122 304 995 610 534 515 874 224 806 992 97 603 650 943 438 678 254 214 620 434 866 862 70 530 834 731 875 853 59 750 55 791 2 781 7 302 271 941 468 751 975 764 816 218 171 126 333 673 287 101 212 233 983 655 406 166 343 844 382 261 990 531 221 940 242 779 623 954 835 917 678 500 864 707 868 562 988 163 233 105 821 529 223 762 142 607 95 476 902 20 621 502 360 933 298 439 132 30 357 322 925 360 255 465 709 275 501 958 639 593 474 382 531 534 273 573 189 324 695 793 267 601 231 562 200 484 249 560 464 693 446 974 623 807 694 852 135 433 18 674 411 348 222 489 612 549 568 469 465 259 265 967 907 420 48 417 556 296 632 144 404 726 928 823 943 161 817 691 954 641 662 259 322 616 950 176 964 128 675 372 418 95 67 7 937 658 1 582 995 966 257 731 190 572 30 471 602 364 36 821 257 599 171 111 243 568 108 277 126 564 124 251 738 925 633 149 17 939 619 178 355 237 726 93 719 905 134 539 254 208 194 613 83 433 603 143 948 232 144 344 396 864 684 450 888 700 157 785 572 532 722 397 11 489 144 626 977 78 456 523 643 387 998 128 153 715 205 579 673 619 272 446 234 572 946 796 205 668 771 751 817 958 26 465 882 416 399 760 840 675 857 636 459 600 840 394 818 670 464 117 998 477 263 86 947 667 438 451 7 369 8 901 343 208 699 333 225 563 884 173 864 943 597 4 55 246 534 132 326 983 231 174 967 287 532 956 951 236 207 752 23 956 904 144 318 970 89 61 904 719 80 186 484 576 56 835 242 858 743 914 734 659 21 517 945 950 310 910 980 911 543 91 74 470 219 774 637 275 888 635 474 852 530 123 860 949 402 3 83 643 808 179 832 353 469 799 969 303 373 392 570 187 439 751 811 143 594 152 630 883 647 816 857 171 699 805 780 51 977 706 128 101 932 524 991 3 80 735 962 223 226 113 3 496 499 280 619 518 957 484 564 732 495 131 791 718 130 424 203 597 441 513 565 905 513 312 43 455 518 233 62 703 563 156 966 762 36 533 157 981 527 191 125 984 389 671 395 447 751 562 753 246 751 680 285 927 492 310 891 195 286 920 394 801 720 29 354 132 354 8 409 232 193 307 308 298 14 542 519 771 40 343 152 888 986 847 272 941 925 935 45 261 657 341 281 813 950 637 921 853 824 698 377 859 351 746 333 369 118 176 328 632 986 796 539 268 631 234 381 475 277 250 905 602 100 380 291 439 91 29 65 687 995 346 300 503 601 386 846 382 752 576 353 32 352 703 867 370 411 996 601 212 489 895 388 560 576 87 904 657 380 686 822 548 959 731 317 80 71 300 200 39 345 872 385 428 71 9 836 299 935 219 426 431 55 682 894 222 536 346 674 159 126 305 614 568 795 229 833 486 128 437 30 216 415 964 583 972 951 223 672 487 180 799 640 689 166 942 359 511 688 849 324 738 443 514 218 441 319 309 831 554 960 281 860 666 962 269 612 937 982 613 194 817 860 964 151 660 506 406 146 169 632 148 308 925 931 912 628 919 945 281 391 534 242 978 65 573 350 392 136 686 711 475 785 560 713 559 921 74 316 641 490 714 898 372 790 453 750 679 809 831 323 826 270 968 201 743 35 458 990 625 538 335 250 824 231 589 385 594 267 631 145 38 107 998 322 281 130 185 903 193 39 428 471 785 643 351 601 326 608 317 209 984 943 948 100 559 152 296 180 767 869 725 991 351 116 771 15 318 725 387 714 300 783 975 858 847 824 416 932 472 511 30 963 263 187 293 318 195 544 129 780 452 636 118 1000 844 247 891 21 495 512 286 714 623 837 833 484 818 134 31 647 627 640 976 973 245 792 629 879 395 21 966 557 537 867 804 75 771 190 252 23 607 389 219 899 970 645 177 921 99 646 859 669 724 533 183 795 388 624 385 287 134 757 606 46 878 175 578 874 986 48 894 856 559 288 927 490 448 598 475 280 830 620 609 944 261 146 272 763 576 157 456 81 58 929 337 588 130 801 257 923 696 32 949 534 770 844 140 396 723 671 297 596 759 218 30 172 572 78 12 837 106 131 336 916 266 410 502 671 703 266 673 819 11 676 534 80 12 231 303 98 927 559 336 569 357 885 355 133 674 100 5 23 414 112 969 676 796 172 896 506 264 535 409 674 207 150 786 595 948 249 382 612 480 784 177 951 314 632 520 427 85 224 579 751 39 338 693 642 290 793 245 572 14 30 230 169 791 925 615 31 389 468 410 679 544 603 879 583 20 861 761 368 860 5 591 417 801 563 949 382 758 843 16 159 112 249 51 468 72 360 805 749 920 118 466 583 482 3 365 886 109 32 151 889 881 312 444 604 214 672 208 115 665 724 403 935 254 644 143 815 786 882 898 559 122 598 479 960 81 691 385 573 112 87 512 23 669 740 972 131 520 31 556 440 594 474 960 811 534 928 993 657 621 573 461 649 438 535 551 154 493 696 325 727 705 141 683 979 997 187 526 136 593 521 216 275 339 34 228 125 612 1 469 384 339 413 980 6 242 284 428 607 465 357 396 497 689 52 849 98 693 967 331 949 242 997 229 693 1000 267 240 99 164 214 907 881 733 599 212 890 629 454 882 339 811 135 820 720 853 533 626 442 685 309 543 796 629 191 846 818 841 777 789 759 117 506 247 786 149 482 234 857 830 140 487 107 375 370 879 406 278 116 305 580 987 263 180 183 334 218 382 388 728 590 100 308 116 357 66 350 301 411 60 738 572 173 886 955 619 507 932 235 353 578 144 888 741 324 542 433 830 115 621 514 556 151 332 837 79 486 945 921 560 176 361 450 716 269 576 298 883 659 18 783 803 344 535 802 28 960 746 923 527 353 781 552 809 302 215 977 14 197 691 379 453 794 913 745 901 995 78 540 911 55 458 643 207 107 924 715 372 123 875 788 736 366 48 886 778 593 214 256 58 512 936 510 734 439 213 180 910 245 468 699 221 273 287 284 59 572 902 111 741 724 945 276 999 642 88 533 396 952 797 503 661 281 870 454 683 240 760 948 772 840 291 646 46 595 444 988 821 190 20 789 430 203 78 135 247 113 396 849 971 626 872 749 729 324 207 330 340 493 402 55 254 964 990 504 175 53 739 292 593 119 900 492 566 196 587 688 896 869 171 507 139 731 363 658 635 467 674 246 719 880 592 199 445 142 791 559 805 440 673 948 505 9 164 739 544 148 842 187 64 775 906 126 310 557 763 311 748 222 157 903 229 225 920 639 151 919 841 342 392 920 403 79 372 322 884 352 140 674 741 883 774 149 684 947 721 406 469 352 503 476 41 295 454 501 792 498 31 402 788 221 100 441 138 366 591 781 874 396 382 202 378 586 228 69 554 58 66 67 124 507 184 890 498 885 846 258 122 244 473 411 951 386 648 418 789 94 11 99 418 98 299 82 757 587 102 842 615 935 136 622 364 431 930 602 575 374 233 348 133 689 28 817 38 989 757 275 26 508 239 611 120 333 858 644 963 337 557 418 147 560 244 279 594 722 602 261 714 133 913 32 248 228 382 290 319 434 7 991 313 995 54 105 6 205 787 509 58 11 769 902 640 415 55 246 889 409 356 821 284 72 807 190 865 877 64 281 564 456 244 929 323 111 291 178 751 20 187 565 52 814 808 389 504 835 15 813 251 479 138 263 810 813 8 772 730 848 481 997 804 866 222 705 357 375 983 626 323 285 359 860 130 138 257 425 625 564 927 335 646 809 3 13 60 200 82 621 458 732 64 912 842 316 401 566 289 543 942 708 673 294 847 171 933 953 555 685 937 146 253 958 873 707 346 409 136 159 480 50 667 224 165 999 347 876 645 715 55 749 261 593 784 788 275 875 28 391 721 720 786 773 425 22 495 846 535 405 560 848 880 942 247 680 377 131 923 295 722 198 47 539 751 784 775 60 131 591 47 529 463 781 48 980 99 719 787 970 598 290 803 999 45 767 814 901 300 644 509 791 329 869 823 531 542 613 646 324 776 8 9 337 447 917 405 87 513 215 692 929 89 838 746 719 902 11 318 889 592 752 114 432 618 722 84 238 56 963 874 524 713 371 356 621 874 565 660 696 761 62 505 924 882 726 865 684 107 352 469 846 911 25 67 948 28 507 608 933 332 526 628 266 517 582 357 719 667 15 314 537 155 221 802 686 788 458 934 559 379 979 571 768 892 801 914 36 672 957 251 880 665 994 996 54 213 932 146 713 486 468 245 411 788 822 383 669 453 736 190 574 126 310 249 909 797 325 971 658 875 764 821 634 825 459 283 217 745 734 431 919 935 45 104 149 163 168 120 26 850 991 832 691 877 18 834 145 200 621 117 423 957 529 305 712 940 555 297 867 228 173 815 520 885 623 129 279 100 6 270 62 94 557 427 218 34 758 327 541 331 129 689 838 608 116 224 28 132 819 394 373 101 743 732 997 792 908 278 293 418 690 475 650 194 859 705 346 344 511 161 853 463 29 520 255 78 737 551 123 393 14 475 33 549 411 494 637 294 835 620 763 785 340 71 403 526 580 850 859 254 720 766 569 8 541 979 597 242 250 739 746 266 687 698 424 997 924 568 713 192 323 826 697 181 761 338 737 857 43 807 63 291 417 357 946 881 829 112 113 930 618 475 904 865 177 258 553 674 167 796 751 117 997 236 408 580 179 106 742 293 130 701 78 730 593 330 215 630 22 594 368 233 337 923 177 815 568 118 445 142 178 544 534 451 967 310 519 151 223 363 438 925 563 505 100 620 766 654 623 167 533 468 270 862 347 980 873 152 528 15 455 559 245 70 543 125 754 297 395 959 535 936 976 914 702 822 971 57 514 188 934 388 940 537 810 886 607 601 451 697 952 536 879 587 666 218 463 62 824 630 972 415 829 126 44 489 858 397 716 524 941 255 886 820 634 109 220 763 985 647 378 619 322 776 852 462 888 242 979 871 398 284 292 639 247 39 631 906 354 323 486 949 148 537 714 26 341 753 696 926 965 633 895 50 304 878 559 555 486 14 905 20 736 900 568 511 942 253 74 7 913 195 517 811 567 325 147 876 549 111 482 416 708 483 649 772 447 9 248 517 337 599 533 480 34 707 225 97 624 370 579 988 343 939 106 707 864 741 770 952 922 675 304 308 138 927 54 281 126 621 881 215 707 598 262 356 442 858 493 313 319 42 745 959 37 804 640 800 250 399 348 582 193 957 790 73 469 524 589 170 85 548 958 895 836 779 425 248 18 671 698 469 517 724 229 17 763 57 390 79 205 883 699 647 620 203 155 926 106 47 22 105 633 889 642 367 713 805 173 942 929 663 490 316 512 662 838 230 864 582 970 779 460 811 454 926 123 174 499 428 813 963 67 850 993 336 949 32 908 630 131 369 617 906 964 752 197 972 135 941 167 423 813 392 812 704 43 471 465 335 120 907 135 242 468 519 297 945 117 295 463 483 879 706 435 938 864 197 9 128 616 45 890 377 484 312 971 163 421 337 25 193 520 505 26 8 372 949 634 616 841 549 492 179 626 423 354 419 828 941 803 395 709 295 620 43 967 784 429 197 903 757 13 115 669 487 705 34 739 999 726 869 696 443 313 799 111 813 634 832 611 449 873 256 858 403 970 780 991 262 132 161 205 568 379 221 47 872 64 564 858 380 362 111 354 254 120 199 497 304 980 202 217 779 477 758 641 291 776 233 780 855 467 687 392 3 938 102 388 291 109 145 98 796 84 560 675 908 736 626 917 85 776 891 195 632 914 337 613 836 967 447 603 123 599 444 65 217 890 465 660 91 28 150 857 318 186 67 112 269 790 69 991 949 992 187 878 760 221 682 763 390 692 581 427 871 813 156 925 681 922 402 195 270 222 488 821 345 971 492 979 948 115 810 585 300 836 112 693 205 824 63 761 619 1 997 77 882 522 934 58 127 39 22 531 171 776 313 364 788 509 418 733 723 821 632 872 820 757 92 121 411 618 305 261 962 73 715 542 46 299 250 750 234 86 716 202 994 565 999 481 572 988 161 502 259 302 607 937 907 926 482 673 798 73 106 67 299 339 85 290 375 594 44 146 959 827 119 479 17 632 694 566 248 566 334 643 905 350 730 199 248 301 501 368 106 791 849 570 696 170 508 325 139 541 652 616 294 595 47 581 937 96 103 426 325 938 327 973 214 895 527 405 97 821 858 888 243 703 687 6 991 82 412 920 200 509 570 895 580 708 967 223 800 310 706 904 893 143 329 58 162 926 318 193 627 516 722 538 295 79 835 341 287 259 400 4 756 130 238 696 638 819 574 483 271 325 167 681 93 649 873 569 188 252 127 828 114 107 358 695 858 417 791 882 106 403 633 173 656 967 130 82 103 493 405 597 141 427 93 566 880 91 874 298 102 635 106 23 436 560 9 732 772 829 832 62 462 933 343 263 166 273 72 491 226 711 859 353 242 8 861 573 816 258 227 601 574 654 494 190 571 877 892 474 33 921 737 441 592 661 343 293 857 553 107 131 570 196 197 377 247 154 505 338 702 199 434 729 86 206 466 889 618 434 324 500 957 4 687 599 636 44 81 576 753 908 39 541 683 897 256 678 576 604 686 744 66 236 235 66 891 368 777 798 526
1359 5
4 60
9 130
1 32
8 21
3 234
3464 5
0 54
3 170
5 232
4 87
9 113
880 5
2 22
7 247
3 18
9 160
0 1
2328 5
9 179
3 180
6 224
1 164
2 49
513 5
6 237
9 250
0 47
4 175
1 107
2392 5
1 104
8 41
5 144
6 245
7 157
3564 5
9 123
0 161
4 35
6 75
1 124
2015 5
2 216
7 91
9 45
6 191
1 172
3532 5
6 167
8 76
1 242
5 6
2 204
910 5
2 169
8 62
5 245
3 23
9 182
3366 5
9 128
0 110
2 112
5 201
7 192
1382 5
2 165
0 3
6 10
1 159
4 146
2600 5
3 139
5 82
2 51
9 103
8 41
2541 5
7 22
2 64
9 214
5 51
0 77
1986 5
9 76
7 207
4 135
5 94
2 147
1797 5
5 57
6 3
3 9
4 52
7 184
3921 5
7 249
4 103
8 69
9 155
6 212
1661 5
0 16
6 175
4 169
3 213
5 247
1311 5
9 96
4 172
6 120
2 210
5 76
907 5
1 192
3 181
0 14
2 142
9 136
3615 5
1 14
7 160
8 168
9 172
2 109
189 5
9 84
1 17
4 12
6 51
3 51
3961 5
1 134
7 55
2 78
4 212
8 167
1288 5
7 24
9 156
0 188
1 142
8 112
253 5
2 39
0 9
1 77
3 91
7 9
2300 5
0 85
2 5
9 65
3 144
7 57
1481 5
0 223
4 207
2 146
3 236
1 219
1599 5
2 60
0 129
9 42
8 106
4 174
2879 5
5 209
0 102
6 249
8 196
7 168
679 5
3 3
4 154
7 48
9 125
8 175
1112 5
3 47
6 24
4 205
5 230
8 101
2161 5
1 173
3 83
6 152
5 60
9 235
1202 5
8 153
6 212
9 173
3 249
0 24
1144 5
4 209
7 91
2 89
6 48
9 209
1050 5
4 164
3 82
2 34
1 7
5 229
2872 5
0 214
2 87
5 141
6 91
7 11
332 5
6 110
3 57
8 65
4 156
9 32
1221 5
6 140
2 139
0 182
5 36
1 67
801 5
4 22
7 78
1 204
3 112
6 140
2650 5
2 39
8 17
4 220
7 50
6 31
758 5
7 26
3 98
2 169
9 189
1 183
3806 5
3 40
6 83
7 91
1 177
0 181
2101 5
5 36
8 234
0 78
4 76
1 240
1536 5
1 188
5 173
0 27
8 71
2 211
1164 5
6 250
5 88
7 95
0 117
8 232
2063 5
9 48
4 33
1 194
7 153
8 234
2544 5
3 224
9 53
5 71
7 216
8 121
1516 5
7 118
9 237
3 237
2 227
8 183
2669 5
4 171
6 34
3 98
8 211
5 48
159 5
0 43
8 77
5 10
7 49
6 45
305 5
7 48
2 25
9 38
5 41
0 6
944 5
8 237
5 185
4 141
1 64
6 50
2575 5
7 11
1 181
0 86
8 108
2 199
3769 5
4 103
7 50
3 238
9 200
5 120
2412 5
8 186
6 141
1 40
3 221
2 236
3438 5
4 122
1 36
5 204
2 195
3 245
180 5
7 35
5 46
4 37
6 24
0 28
1397 5
8 8
4 47
7 76
3 159
6 146
1835 5
2 91
5 182
6 96
7 36
3 29
882 5
7 214
6 200
5 216
8 217
3 212
1479 5
3 5
5 194
7 156
1 15
9 148
355 5
7 16
1 64
4 35
2 166
8 13
584 5
5 185
0 84
6 118
7 31
1 14
2560 5
5 247
3 247
8 186
2 85
4 214
932 5
0 184
3 17
9 197
5 2
1 147
3159 5
4 214
1 146
8 82
5 153
6 138
3376 5
5 64
8 197
7 195
1 25
6 159
933 5
9 246
8 120
2 74
7 91
5 194
3026 5
9 47
3 37
6 169
1 199
2 193
2646 5
6 70
8 57
2 44
5 206
9 196
3067 5
5 247
3 227
6 227
0 39
1 159
3632 5
3 3
4 56
7 155
0 188
5 11
3460 5
8 236
0 242
9 248
2 10
6 230
3143 5
3 144
9 190
5 101
1 208
0 131
2656 5
3 79
9 122
2 73
0 216
1 129
1972 5
7 31
3 134
2 82
1 91
6 12
1850 5
3 202
5 160
1 167
9 100
4 116
3589 5
1 112
6 101
3 102
4 139
0 108
157 5
7 34
4 60
5 5
1 70
9 58
248 5
7 118
6 102
0 40
2 101
9 81
843 5
9 8
8 247
7 51
6 117
0 54
3460 5
7 38
4 198
1 59
6 188
5 189
2845 5
3 60
4 11
2 125
8 216
1 216
185 5
7 93
2 10
9 74
5 76
8 43
2273 5
1 191
4 217
2 234
7 32
5 159
776 5
6 201
3 61
2 118
4 73
5 136
2665 5
0 226
4 120
6 185
9 64
3 173
3882 5
7 104
2 67
9 150
0 22
4 136
3440 5
6 231
3 10
9 145
2 42
5 56
2706 5
8 188
6 199
5 66
9 190
7 183
641 5
0 244
2 237
5 87
8 223
4 208
1460 5
3 88
4 245
2 183
8 15
9 127
1955 5
8 66
2 117
1 93
7 43
0 194
1442 5
8 196
3 223
2 224
1 25
5 126
3507 5
0 129
3 150
4 200
8 77
5 77
3503 5
3 112
0 48
7 154
6 212
8 83
3071 5
4 72
5 236
1 27
9 79
8 51
250 5
0 106
8 103
4 14
2 7
3 83
3670 5
4 194
1 182
9 26
5 77
8 73
2683 5
9 150
1 240
8 173
0 245
7 119
865 5
0 195
9 237
4 31
2 146
3 4
619 5
5 174
1 35
4 91
3 188
6 134
1885 5
4 121
6 60
9 20
2 28
8 137
3586 5
3 205
2 62
1 181
6 244
7 26
1296 5
6 97
5 46
4 194
0 221
7 219
1314 5
4 88
8 231
3 157
9 135
2 18
2045 5
4 179
0 120
1 232
2 189
6 250
512 5
3 47
6 51
2 44
4 82
5 92
429 5
2 125
3 38
1 60
7 165
4 41
3989 5
3 154
2 43
9 172
0 6
4 135
1983 5
2 85
8 218
0 19
1 89
6 73
3149 5
1 148
5 95
3 139
8 201
4 50
266 5
9 40
0 113
3 93
2 132
4 11
3928 5
5 117
8 196
7 96
6 131
3 177
1101 5
3 53
8 73
7 161
4 192
5 222
2057 5
4 171
7 223
9 23
0 246
6 233
856 5
5 93
8 117
0 224
9 110
4 184
3306 5
1 169
9 213
2 4
8 164
5 77
2337 5
8 150
0 245
2 209
7 221
9 73
2614 5
3 159
1 104
8 209
7 134
9 97
3234 5
3 223
8 144
2 174
4 140
5 132
2677 5
6 31
0 58
5 167
7 117
3 179
231 5
8 19
6 19
7 73
3 115
2 88
3442 5
2 89
7 165
3 190
4 240
5 132
841 5
5 222
3 117
7 82
8 79
1 74
2988 5
8 86
7 146
0 97
5 238
4 41
3465 5
3 204
0 21
8 230
5 86
4 231
1842 5
9 125
6 35
4 17
0 27
1 20
3621 5
2 197
3 195
1 164
5 179
7 106
77 5
8 23
2 26
6 19
3 27
4 36
2127 5
0 217
9 29
8 35
3 213
6 199
2125 5
2 239
6 106
3 244
5 18
9 144
1966 5
2 111
3 157
4 249
9 187
0 55
3085 5
6 147
2 123
1 96
9 224
4 77
1324 5
4 149
6 12
1 162
0 8
8 59
1498 5
5 174
8 251
9 163
7 144
4 121
470 5
8 42
5 22
9 193
3 78
6 76
2442 5
4 183
8 52
1 241
9 235
0 145
651 5
8 139
6 133
0 199
5 137
9 87
1254 5
4 138
9 94
2 100
7 232
3 52
609 5
3 208
0 105
9 8
6 106
2 9
1025 5
5 181
2 99
3 93
7 89
6 177
207 5
7 52
3 84
9 10
1 59
4 92
3457 5
9 116
7 178
8 225
2 29
3 41
1918 5
1 145
5 156
7 169
2 205
4 160
615 5
0 7
3 243
9 167
2 51
6 115
1185 5
1 84
7 225
9 117
3 4
6 180
1385 5
5 173
9 100
4 46
8 49
3 53
2802 5
7 230
5 160
8 207
0 93
9 125
3021 5
7 124
2 147
8 43
6 190
4 125
560 5
2 160
0 55
3 34
9 204
4 246
2707 5
7 231
5 187
6 78
0 14
3 140
2646 5
1 218
0 16
8 18
3 13
7 177
426 5
6 192
4 94
2 64
5 89
7 107
2538 5
1 182
5 21
4 245
8 69
2 12
29 5
3 8
4 1
5 3
6 1
1 11
2596 5
9 226
7 65
5 239
1 59
2 207
2158 5
2 14
4 241
3 81
1 123
6 194
1097 5
5 70
2 184
3 148
7 190
9 118
2264 5
9 139
2 78
3 152
0 151
6 113
3072 5
5 138
9 45
3 69
4 150
6 22
3796 5
9 204
1 217
7 148
4 248
8 30
1229 5
8 72
9 204
7 96
1 32
6 120
3806 5
7 32
4 50
1 94
8 180
5 177
2220 5
9 35
1 156
2 234
5 37
8 2
2674 5
3 106
7 182
9 131
2 53
5 152
2425 5
0 108
8 8
1 184
7 202
2 101
1837 5
2 107
1 151
4 66
9 126
6 153
2418 5
0 143
8 129
7 5
2 148
6 165
570 5
7 145
3 238
4 129
9 247
0 160
2805 5
8 90
4 210
7 97
0 6
5 206
3336 5
2 189
7 188
6 245
4 78
5 90
3887 5
6 182
8 16
7 77
4 40
0 21
2754 5
9 3
0 52
4 193
1 202
2 214
2807 5
1 88
3 230
2 194
9 92
4 240
3127 5
5 100
1 204
4 62
9 230
0 205
2622 5
8 137
4 241
5 180
7 67
2 211
2024 5
2 227
5 239
1 3
6 219
9 3
2686 5
6 245
9 37
1 161
2 144
7 210
1723 5
4 149
1 125
5 202
9 21
2 214
3714 5
6 154
9 156
2 195
0 127
5 79
163 5
7 76
1 63
2 65
0 3
4 47
1460 5
3 47
8 141
1 134
4 167
6 29
1972 5
0 151
7 174
9 82
5 157
8 57
578 5
7 177
1 199
6 60
9 223
4 106
1326 5
7 192
2 186
0 221
1 244
5 143
2390 5
2 124
7 184
5 54
4 107
6 202
1333 5
5 171
0 142
1 93
2 177
7 9
1310 5
7 59
1 75
0 45
9 202
3 199
935 5
8 16
2 179
9 181
6 196
7 91
2987 5
4 173
1 127
2 230
3 70
8 157
29 5
9 1
7 6
3 6
2 1
4 12
105 5
6 28
8 21
1 28
5 37
3 13
2217 5
5 29
0 229
2 15
4 234
7 76
2453 5
3 193
5 250
0 141
1 143
7 181
3533 5
3 100
4 14
8 205
9 182
2 144
3550 0 1
4837 0 1
596 0 1
371 0 1
2684 0 1
5111 0 1
3392 0 1
4021 0 1
2285 0 1
3198 0 1
5265 0 1
6380 0 1
1617 0 1
906 0 1
2334 0 1
5672 0 1
3936 0 1
1025 0 1
1632 0 1
3508 0 1
5194 0 1
3887 0 1
396 0 1
5507 0 1
3748 0 1
5405 0 1
6377 0 1
3339 0 1
2960 0 1
2201 0 1
4135 0 1
3859 0 1
6782 0 1
5640 0 1
5299 0 1
915 0 1
654 0 1
1078 0 1
4745 0 1
12 0 1
4475 0 1
1533 0 1
4996 0 1
175 0 1
1676 0 1
3270 0 1
864 0 1
6097 0 1
4911 0 1
1138 0 1
6690 0 1
701 0 1
4441 0 1
3945 0 1
4970 0 1
4828 0 1
686 0 1
5381 0 1
2905 0 1
858 0 1
6471 0 1
1050 0 1
502 0 1
2868 0 1
1464 0 1
2968 0 1
3218 0 1
5275 0 1
5511 0 1
6104 0 1
4853 0 1
4700 0 1
201 0 1
4521 0 1
3769 0 1
6481 0 1
3658 0 1
4317 0 1
15 0 1
6544 0 1
5112 0 1
2181 0 1
3191 0 1
439 0 1
1036 0 1
3894 0 1
4546 0 1
401 0 1
3777 0 1
840 0 1
3095 0 1
1467 0 1
30 0 1
3554 0 1
1701 0 1
3074 0 1
6551 0 1
3393 0 1
552 0 1
2083 0 1
2057 0 1
4908 0 1
3604 0 1
2509 0 1
871 0 1
4392 0 1
4952 0 1
6455 0 1
3471 0 1
3905 0 1
6638 0 1
1346 0 1
6324 0 1
3774 0 1
3285 0 1
3041 0 1
2890 0 1
77 0 1
4186 0 1
3788 0 1
332 0 1
1455 0 1
84 0 1
2589 0 1
2749 0 1
6510 0 1
1611 0 1
2438 0 1
412 0 1
4036 0 1
1054 0 1
5974 0 1
6722 0 1
4365 0 1
4235 0 1
1676 0 1
4186 0 1
5043 0 1
1189 0 1
3080 0 1
5246 0 1
711 0 1
551 0 1
3242 0 1
4408 0 1
2164 0 1
5459 0 1
189 0 1
5796 0 1
4723 0 1
4811 0 1
329 0 1
1249 0 1
558 0 1
3604 0 1
1179 0 1
5815 0 1
848 0 1
4548 0 1
4871 0 1
4657 0 1
433 0 1
6405 0 1
3274 0 1
3011 0 1
363 0 1
6569 0 1
55 0 1
1186 0 1
5084 0 1
3047 0 1
518 0 1
2050 0 1
1402 0 1
4419 0 1
5533 0 1
5263 0 1
3924 0 1
4589 0 1
4145 0 1
2807 0 1
146 0 1
6614 0 1
6712 0 1
499 0 1
5643 0 1
978 0 1
1169 0 1
5755 0 1
3853 0 1
4855 0 1
3044 0 1
3987 0 1
2858 0 1
2116 0 1
3505 0 1
693 0 1
7 0 1
1986 0 1
994 0 1
2765 0 1
2774 0 1
4710 0 1
5103 0 1
4813 0 1
4242 0 1
3266 0 1
5289 0 1
2951 0 1
111 0 1
6602 1 1
2228 1 1
757 1 1
5753 1 1
4573 1 1
6309 1 1
3844 1 1
6506 1 1
5518 1 1
4279 1 1
5597 1 1
2020 1 1
6173 1 1
5501 1 1
2013 1 1
6046 1 1
6032 1 1
1041 1 1
567 1 1
505 1 1
1234 1 1
5983 1 1
224 1 1
6590 1 1
3061 1 1
5314 1 1
6501 1 1
6523 1 1
4951 1 1
5816 1 1
2221 1 1
5002 1 1
6773 1 1
4137 1 1
3428 1 1
6590 1 1
1357 1 1
5465 1 1
2408 1 1
1759 1 1
3336 1 1
4286 1 1
1227 1 1
830 1 1
652 1 1
4764 1 1
2253 1 1
4710 1 1
5214 1 1
1265 1 1
4643 1 1
395 1 1
6343 1 1
6722 1 1
3855 1 1
6471 1 1
4086 1 1
6609 1 1
3403 1 1
4134 1 1
596 1 1
6262 1 1
2690 1 1
1976 1 1
2917 1 1
2225 1 1
367 1 1
331 1 1
6302 1 1
4576 1 1
1273 1 1
4296 1 1
5816 1 1
4767 1 1
3729 1 1
3938 1 1
3539 1 1
5419 1 1
4614 1 1
5545 1 1
740 1 1
6004 1 1
4654 1 1
5501 1 1
4721 1 1
2881 1 1
643 1 1
2414 1 1
336 1 1
5944 1 1
6197 1 1
1853 1 1
651 1 1
816 1 1
631 1 1
1050 1 1
6208 1 1
6021 1 1
6553 1 1
3864 1 1
3153 1 1
5762 1 1
1473 1 1
4835 1 1
5852 1 1
4019 1 1
5927 1 1
2903 1 1
4821 1 1
2323 1 1
4350 1 1
3253 1 1
4054 1 1
4358 1 1
922 1 1
535 1 1
2122 1 1
5218 1 1
4523 1 1
6773 1 1
5055 1 1
5596 1 1
3604 1 1
5150 1 1
3746 1 1
3916 1 1
3304 1 1
4747 1 1
5056 1 1
3710 1 1
3227 1 1
589 1 1
3720 1 1
6663 1 1
6701 1 1
4125 1 1
3945 1 1
1559 1 1
4019 1 1
1869 1 1
1605 1 1
5082 1 1
1078 1 1
5842 1 1
4876 1 1
6166 1 1
6593 1 1
1267 1 1
2939 1 1
701 1 1
5668 1 1
6035 1 1
3122 1 1
6421 1 1
833 1 1
5044 1 1
2453 1 1
884 1 1
2547 1 1
3856 1 1
1647 1 1
2046 1 1
3471 1 1
6123 1 1
3737 1 1
5078 1 1
605 1 1
4183 1 1
2436 1 1
1055 1 1
5544 1 1
6143 1 1
5500 1 1
2232 1 1
2962 1 1
3188 1 1
250 1 1
3176 1 1
4597 1 1
5092 1 1
3707 1 1
514 1 1
6383 1 1
2581 1 1
5424 1 1
1851 1 1
4244 1 1
3071 1 1
1310 1 1
6429 1 1
2825 1 1
6763 1 1
3590 1 1
1375 1 1
3528 1 1
2550 1 1
4033 1 1
2544 1 1
3602 1 1
1190 1 1
5024 1 1
17 1 1
5628 1 1
3339 1 1
1385 1 1
4871 1 1
2712 1 1
6549 1 1
994 1 1
5205 1 1
6098 2 1
2706 2 1
2917 2 1
4444 2 1
3140 2 1
5915 2 1
2372 2 1
6398 2 1
898 2 1
3150 2 1
5329 2 1
6313 2 1
475 2 1
171 2 1
3313 2 1
4085 2 1
758 2 1
5856 2 1
4337 2 1
4612 2 1
5434 2 1
3803 2 1
5779 2 1
6391 2 1
4138 2 1
1064 2 1
4803 2 1
179 2 1
6337 2 1
1627 2 1
6588 2 1
2780 2 1
5783 2 1
3696 2 1
1094 2 1
2072 2 1
5102 2 1
6125 2 1
3786 2 1
4220 2 1
3480 2 1
2252 2 1
5269 2 1
6323 2 1
6277 2 1
2619 2 1
5721 2 1
558 2 1
5073 2 1
289 2 1
5731 2 1
4742 2 1
6478 2 1
3669 2 1
6756 2 1
4731 2 1
5314 2 1
3172 2 1
3868 2 1
95 2 1
2998 2 1
1821 2 1
3343 2 1
1612 2 1
5185 2 1
3402 2 1
1872 2 1
6354 2 1
849 2 1
1163 2 1
302 2 1
3502 2 1
3658 2 1
5948 2 1
2282 2 1
1673 2 1
6719 2 1
3927 2 1
2354 2 1
2077 2 1
3060 2 1
2624 2 1
55 2 1
1517 2 1
6680 2 1
6334 2 1
2769 2 1
5881 2 1
1583 2 1
3960 2 1
5552 2 1
3882 2 1
6274 2 1
4162 2 1
5328 2 1
2460 2 1
4797 2 1
6090 2 1
4455 2 1
575 2 1
3355 2 1
453 2 1
4986 2 1
2487 2 1
109 2 1
6095 2 1
2984 2 1
5801 2 1
6202 2 1
1351 2 1
2496 2 1
1739 2 1
2595 2 1
4871 2 1
4318 2 1
4525 2 1
2324 2 1
6456 2 1
1110 2 1
518 2 1
5553 2 1
5580 2 1
1473 2 1
5651 2 1
3644 2 1
4211 2 1
4784 2 1
731 2 1
1786 2 1
1194 2 1
6528 2 1
4100 2 1
3527 2 1
4128 2 1
551 2 1
3436 2 1
3702 2 1
121 2 1
4785 2 1
6665 2 1
5178 2 1
5305 2 1
552 2 1
1395 2 1
6207 2 1
6273 2 1
4291 2 1
2648 2 1
4312 2 1
4862 2 1
6156 2 1
6299 2 1
4324 2 1
4110 2 1
2410 2 1
6175 2 1
3378 2 1
4957 2 1
1766 2 1
370 2 1
4415 2 1
455 2 1
4309 2 1
2705 2 1
2326 2 1
5903 2 1
3099 2 1
2069 2 1
4139 2 1
2440 2 1
4708 2 1
1273 2 1
184 2 1
6568 2 1
5697 2 1
4173 2 1
4843 2 1
1298 2 1
769 2 1
2990 2 1
2498 2 1
289 2 1
5519 2 1
2573 2 1
4938 2 1
6018 2 1
4599 2 1
2463 2 1
598 2 1
3739 2 1
5020 2 1
6726 2 1
6679 2 1
5354 2 1
3169 2 1
5841 2 1
428 2 1
3331 2 1
2302 2 1
635 2 1
4194 2 1
3618 2 1
5145 2 1
4561 2 1
1166 2 1
1732 2 1
3111 2 1
1035 2 1
5929 2 1
6498 2 1
4323 3 1
4945 3 1
616 3 1
3050 3 1
3917 3 1
2962 3 1
839 3 1
2042 3 1
5755 3 1
4951 3 1
1815 3 1
5053 3 1
4055 3 1
6360 3 1
3443 3 1
4295 3 1
618 3 1
5849 3 1
2092 3 1
4374 3 1
4082 3 1
1151 3 1
2052 3 1
2641 3 1
3093 3 1
4164 3 1
4187 3 1
6015 3 1
3007 3 1
3325 3 1
4657 3 1
3209 3 1
5062 3 1
953 3 1
231 3 1
3350 3 1
1130 3 1
5715 3 1
5701 3 1
6381 3 1
3243 3 1
476 3 1
5079 3 1
3381 3 1
1903 3 1
5964 3 1
3598 3 1
4096 3 1
1831 3 1
4661 3 1
888 3 1
3935 3 1
1035 3 1
5805 3 1
1827 3 1
6068 3 1
4293 3 1
117 3 1
6686 3 1
881 3 1
1808 3 1
3686 3 1
6262 3 1
2359 3 1
1827 3 1
3367 3 1
4783 3 1
263 3 1
6563 3 1
5068 3 1
1179 3 1
6714 3 1
3069 3 1
1998 3 1
369 3 1
2685 3 1
2360 3 1
531 3 1
2029 3 1
2713 3 1
79 3 1
561 3 1
2399 3 1
4028 3 1
790 3 1
1200 3 1
81 3 1
1409 3 1
1151 3 1
5076 3 1
4741 3 1
6440 3 1
597 3 1
6003 3 1
5172 3 1
426 3 1
1841 3 1
3781 3 1
1801 3 1
393 3 1
3534 3 1
2747 3 1
990 3 1
944 3 1
6100 3 1
6119 3 1
2235 3 1
5515 3 1
3258 3 1
3661 3 1
4723 3 1
4827 3 1
6043 3 1
3138 3 1
4033 3 1
5134 3 1
5968 3 1
4888 3 1
946 3 1
5356 3 1
5866 3 1
4598 3 1
4951 3 1
5123 3 1
851 3 1
4557 3 1
3908 3 1
5987 3 1
518 3 1
4016 3 1
4921 3 1
376 3 1
4381 3 1
2478 3 1
4686 3 1
5407 3 1
3642 3 1
4884 3 1
4835 3 1
463 3 1
5000 3 1
4249 3 1
1920 3 1
5739 3 1
2410 3 1
1671 3 1
3955 3 1
2488 3 1
2275 3 1
3909 3 1
1251 3 1
461 3 1
5636 3 1
5379 3 1
6098 3 1
982 3 1
4577 3 1
147 3 1
1216 3 1
5561 3 1
6094 3 1
3369 3 1
4145 3 1
3982 3 1
6077 3 1
2192 3 1
5681 3 1
2617 3 1
2116 3 1
269 3 1
3962 3 1
3436 3 1
5544 3 1
3471 3 1
450 3 1
3306 3 1
89 3 1
6155 3 1
1690 3 1
2665 3 1
1522 3 1
3136 3 1
4468 3 1
3758 3 1
6395 3 1
358 3 1
6256 3 1
282 3 1
3303 3 1
5754 3 1
2075 3 1
5762 3 1
385 3 1
4832 3 1
1790 3 1
4913 3 1
5097 3 1
5979 3 1
4905 3 1
1678 3 1
2604 3 1
1155 3 1
6077 3 1
3287 3 1
226 3 1
2578 3 1
2059 3 1
4004 3 1
956 3 1
425 3 1
2915 4 1
5582 4 1
3683 4 1
1065 4 1
6617 4 1
6087 4 1
1388 4 1
5283 4 1
2652 4 1
4133 4 1
4353 4 1
2038 4 1
3762 4 1
588 4 1
4718 4 1
6771 4 1
1944 4 1
3217 4 1
5810 4 1
5517 4 1
5808 4 1
135 4 1
2710 4 1
4171 4 1
5328 4 1
2456 4 1
3322 4 1
2650 4 1
5254 4 1
3476 4 1
4994 4 1
2618 4 1
771 4 1
6408 4 1
2605 4 1
4587 4 1
2153 4 1
281 4 1
486 4 1
966 4 1
353 4 1
6524 4 1
3441 4 1
1256 4 1
5057 4 1
495 4 1
3873 4 1
1492 4 1
2882 4 1
440 4 1
6219 4 1
5066 4 1
6360 4 1
2661 4 1
6451 4 1
3125 4 1
1862 4 1
6339 4 1
5924 4 1
6711 4 1
4734 4 1
1151 4 1
3243 4 1
6284 4 1
3057 4 1
1186 4 1
4108 4 1
4411 4 1
4502 4 1
1987 4 1
6565 4 1
5005 4 1
2772 4 1
3018 4 1
5213 4 1
558 4 1
4140 4 1
4037 4 1
3600 4 1
406 4 1
4389 4 1
3675 4 1
1897 4 1
5845 4 1
488 4 1
109 4 1
2943 4 1
1233 4 1
1530 4 1
6242 4 1
1588 4 1
3934 4 1
4387 4 1
3402 4 1
99 4 1
4608 4 1
733 4 1
3399 4 1
1282 4 1
3932 4 1
430 4 1
3137 4 1
4514 4 1
2266 4 1
5302 4 1
6192 4 1
4016 4 1
196 4 1
2343 4 1
1616 4 1
3850 4 1
3411 4 1
4279 4 1
2724 4 1
4409 4 1
4909 4 1
6398 4 1
2893 4 1
2572 4 1
2849 4 1
894 4 1
808 4 1
6158 4 1
5104 4 1
3853 4 1
4028 4 1
601 4 1
3010 4 1
6158 4 1
6241 4 1
1991 4 1
546 4 1
3303 4 1
3431 4 1
5145 4 1
5277 4 1
298 4 1
3047 4 1
5062 4 1
2335 4 1
2453 4 1
4948 4 1
5663 4 1
992 4 1
1834 4 1
5767 4 1
3192 4 1
4759 4 1
6722 4 1
5982 4 1
3714 4 1
2805 4 1
1348 4 1
5602 4 1
3249 4 1
1794 4 1
5030 4 1
2760 4 1
1010 4 1
4670 4 1
5296 4 1
3908 4 1
771 4 1
3442 4 1
5312 4 1
4720 4 1
2104 4 1
584 4 1
4900 4 1
410 4 1
3641 4 1
6610 4 1
4732 4 1
2137 4 1
5190 4 1
3251 4 1
6706 4 1
4256 4 1
3198 4 1
6159 4 1
5547 4 1
584 4 1
839 4 1
6341 4 1
4013 4 1
3612 4 1
2241 4 1
3691 4 1
1173 4 1
6732 4 1
2240 4 1
3314 4 1
3146 4 1
3175 4 1
2480 4 1
1618 4 1
1625 4 1
3720 4 1
6640 4 1
3160 4 1
3813 4 1
2407 4 1
640 4 1
1371 4 1
6279 4 1
6390 4 1
1603 4 1
278 4 1
945 4 1
892 4 1
5809 5 1
2625 5 1
6451 5 1
6579 5 1
3648 5 1
5971 5 1
3679 5 1
90 5 1
6774 5 1
540 5 1
424 5 1
3911 5 1
1116 5 1
6026 5 1
2612 5 1
3965 5 1
2317 5 1
1739 5 1
4532 5 1
6159 5 1
6669 5 1
1124 5 1
4267 5 1
5606 5 1
3265 5 1
2501 5 1
4125 5 1
5073 5 1
5646 5 1
3945 5 1
3135 5 1
4721 5 1
543 5 1
2627 5 1
5597 5 1
3503 5 1
195 5 1
3514 5 1
6531 5 1
3843 5 1
6281 5 1
3834 5 1
6711 5 1
5488 5 1
5207 5 1
4486 5 1
6168 5 1
2010 5 1
4710 5 1
1731 5 1
5229 5 1
6359 5 1
12 5 1
4519 5 1
4564 5 1
1641 5 1
6362 5 1
5125 5 1
5836 5 1
4142 5 1
4189 5 1
5917 5 1
6481 5 1
4335 5 1
6306 5 1
3268 5 1
3996 5 1
87 5 1
3508 5 1
4188 5 1
5536 5 1
4283 5 1
2087 5 1
146 5 1
485 5 1
5694 5 1
1808 5 1
2283 5 1
6709 5 1
531 5 1
2277 5 1
4325 5 1
3171 5 1
4377 5 1
1314 5 1
2727 5 1
433 5 1
3498 5 1
2815 5 1
3238 5 1
1472 5 1
5105 5 1
4175 5 1
3416 5 1
4499 5 1
6623 5 1
4047 5 1
1156 5 1
5065 5 1
1394 5 1
67 5 1
2260 5 1
994 5 1
5638 5 1
3883 5 1
1460 5 1
2834 5 1
993 5 1
5188 5 1
6441 5 1
825 5 1
5005 5 1
256 5 1
3660 5 1
4102 5 1
4288 5 1
6565 5 1
4363 5 1
6789 5 1
1696 5 1
1412 5 1
4433 5 1
6079 5 1
6134 5 1
3019 5 1
2112 5 1
2473 5 1
3596 5 1
6294 5 1
874 5 1
6211 5 1
2575 5 1
4482 5 1
5392 5 1
64 5 1
5716 5 1
6755 5 1
2761 5 1
5736 5 1
490 5 1
1181 5 1
2014 5 1
2244 5 1
80 5 1
5610 5 1
465 5 1
3507 5 1
3016 5 1
570 5 1
4075 5 1
142 5 1
2481 5 1
331 5 1
5922 5 1
1360 5 1
1160 5 1
1894 5 1
5490 5 1
4950 5 1
3799 5 1
3580 5 1
6129 5 1
1672 5 1
833 5 1
2128 5 1
5815 5 1
3515 5 1
2845 5 1
4763 5 1
1896 5 1
4472 5 1
1086 5 1
2802 5 1
1458 5 1
4321 5 1
2477 5 1
3734 5 1
1280 5 1
1024 5 1
5576 5 1
2605 5 1
1503 5 1
3794 5 1
4193 5 1
5628 5 1
2833 5 1
2239 5 1
1794 5 1
1742 5 1
1798 5 1
2446 5 1
125 5 1
6070 5 1
5099 5 1
4116 5 1
4772 5 1
3074 5 1
1300 5 1
4006 5 1
5542 5 1
6755 5 1
2075 5 1
671 5 1
1037 5 1
630 5 1
1880 5 1
2463 5 1
5559 5 1
6682 5 1
5434 5 1
4155 6 1
3357 6 1
5083 6 1
6400 6 1
6029 6 1
1703 6 1
6469 6 1
4795 6 1
5157 6 1
6074 6 1
589 6 1
1028 6 1
3498 6 1
3865 6 1
5514 6 1
1542 6 1
3877 6 1
5588 6 1
3543 6 1
5193 6 1
4128 6 1
506 6 1
3316 6 1
5389 6 1
984 6 1
1259 6 1
5897 6 1
6142 6 1
1269 6 1
493 6 1
4773 6 1
4739 6 1
3325 6 1
6108 6 1
1307 6 1
3002 6 1
4821 6 1
1116 6 1
5025 6 1
1509 6 1
1484 6 1
2463 6 1
1445 6 1
4403 6 1
2652 6 1
4959 6 1
6581 6 1
5110 6 1
6534 6 1
1316 6 1
4994 6 1
4367 6 1
4869 6 1
4784 6 1
1573 6 1
5912 6 1
1491 6 1
1605 6 1
3472 6 1
4766 6 1
4343 6 1
3039 6 1
2990 6 1
466 6 1
1183 6 1
1331 6 1
5285 6 1
1255 6 1
2143 6 1
3176 6 1
4478 6 1
4309 6 1
2599 6 1
115 6 1
4993 6 1
4468 6 1
3241 6 1
6057 6 1
5499 6 1
653 6 1
3198 6 1
1053 6 1
2623 6 1
5060 6 1
3266 6 1
2710 6 1
563 6 1
2868 6 1
6224 6 1
3839 6 1
6227 6 1
6704 6 1
4733 6 1
5925 6 1
2166 6 1
5027 6 1
3717 6 1
5183 6 1
6156 6 1
180 6 1
3648 6 1
2956 6 1
1220 6 1
4530 6 1
6288 6 1
1286 6 1
5323 6 1
6709 6 1
941 6 1
375 6 1
4974 6 1
566 6 1
6182 6 1
503 6 1
2219 6 1
5276 6 1
5024 6 1
648 6 1
6006 6 1
5443 6 1
6053 6 1
2706 6 1
5482 6 1
6405 6 1
1628 6 1
4121 6 1
688 6 1
1035 6 1
4714 6 1
6731 6 1
5498 6 1
1875 6 1
2973 6 1
5537 6 1
4462 6 1
6092 6 1
3862 6 1
1907 6 1
2209 6 1
3346 6 1
5100 6 1
4005 6 1
5493 6 1
5686 6 1
5647 6 1
4697 6 1
1498 6 1
6003 6 1
2198 6 1
3289 6 1
5081 6 1
6017 6 1
884 6 1
821 6 1
3875 6 1
5653 6 1
2283 6 1
6310 6 1
2606 6 1
5047 6 1
3544 6 1
1887 6 1
6129 6 1
1265 6 1
1714 6 1
6593 6 1
4728 6 1
5123 6 1
4466 6 1
513 6 1
2754 6 1
249 6 1
186 6 1
2573 6 1
1555 6 1
4731 6 1
1361 6 1
435 6 1
1645 6 1
3439 6 1
2759 6 1
852 6 1
87 6 1
5944 6 1
4487 6 1
6638 6 1
4737 6 1
4 6 1
2794 6 1
6473 6 1
147 6 1
2096 6 1
413 6 1
3849 6 1
5571 6 1
473 6 1
581 6 1
5934 6 1
532 6 1
3325 6 1
504 6 1
6683 6 1
2018 6 1
3778 6 1
5331 6 1
5693 6 1
2579 6 1
253 6 1
210 6 1
3520 6 1
194 7 1
5011 7 1
431 7 1
2653 7 1
2948 7 1
5985 7 1
163 7 1
5668 7 1
1336 7 1
1261 7 1
3697 7 1
3135 7 1
31 7 1
2867 7 1
2609 7 1
3347 7 1
677 7 1
1891 7 1
165 7 1
4851 7 1
6565 7 1
1673 7 1
213 7 1
6530 7 1
6505 7 1
1386 7 1
5578 7 1
3320 7 1
3411 7 1
857 7 1
546 7 1
2370 7 1
529 7 1
2718 7 1
6193 7 1
5020 7 1
6758 7 1
44 7 1
2624 7 1
4959 7 1
5663 7 1
6160 7 1
2126 7 1
128 7 1
1536 7 1
1036 7 1
3406 7 1
1328 7 1
6228 7 1
5964 7 1
1902 7 1
469 7 1
3790 7 1
4908 7 1
3511 7 1
6686 7 1
1336 7 1
2173 7 1
6532 7 1
2376 7 1
4358 7 1
1886 7 1
1918 7 1
5736 7 1
2346 7 1
3214 7 1
4524 7 1
3629 7 1
272 7 1
3799 7 1
244 7 1
2537 7 1
2252 7 1
2511 7 1
3020 7 1
362 7 1
1605 7 1
3675 7 1
6193 7 1
6444 7 1
5427 7 1
5966 7 1
2376 7 1
417 7 1
1604 7 1
1255 7 1
1756 7 1
6096 7 1
6187 7 1
4679 7 1
1445 7 1
1574 7 1
5421 7 1
3858 7 1
6590 7 1
498 7 1
2404 7 1
1752 7 1
347 7 1
4515 7 1
6274 7 1
4406 7 1
3766 7 1
5411 7 1
782 7 1
4443 7 1
4968 7 1
4582 7 1
3864 7 1
2041 7 1
1494 7 1
1225 7 1
4336 7 1
1500 7 1
4544 7 1
807 7 1
4062 7 1
1022 7 1
1019 7 1
1841 7 1
3225 7 1
1487 7 1
2083 7 1
5270 7 1
666 7 1
3958 7 1
5631 7 1
5640 7 1
2136 7 1
3680 7 1
4611 7 1
3541 7 1
2140 7 1
195 7 1
2899 7 1
6235 7 1
5864 7 1
229 7 1
1101 7 1
4713 7 1
4728 7 1
575 7 1
3115 7 1
6159 7 1
5515 7 1
6572 7 1
3431 7 1
5818 7 1
2107 7 1
4242 7 1
20 7 1
197 7 1
4716 7 1
1420 7 1
2995 7 1
65 7 1
226 7 1
5678 7 1
5090 7 1
2461 7 1
2522 7 1
2565 7 1
386 7 1
6294 7 1
3175 7 1
548 7 1
1491 7 1
5904 7 1
3780 7 1
5384 7 1
725 7 1
4418 7 1
5261 7 1
973 7 1
956 7 1
467 7 1
39 7 1
723 7 1
1669 7 1
6673 7 1
5645 7 1
6516 7 1
4141 7 1
764 7 1
3552 7 1
2289 7 1
2370 7 1
3694 7 1
6526 7 1
1541 7 1
3454 7 1
2699 7 1
4857 7 1
4136 7 1
3404 7 1
6340 7 1
3122 7 1
2188 7 1
3379 7 1
2775 7 1
3487 7 1
113 7 1
5270 7 1
4815 7 1
3357 7 1
5611 7 1
1448 7 1
4050 7 1
4453 7 1
5248 7 1
6410 8 1
3774 8 1
3119 8 1
387 8 1
5615 8 1
601 8 1
3760 8 1
5263 8 1
1119 8 1
6637 8 1
2282 8 1
6714 8 1
566 8 1
6142 8 1
2265 8 1
1426 8 1
5626 8 1
843 8 1
5543 8 1
5008 8 1
1016 8 1
917 8 1
5864 8 1
5591 8 1
2067 8 1
402 8 1
5976 8 1
3326 8 1
2403 8 1
2826 8 1
5395 8 1
2966 8 1
6583 8 1
5689 8 1
1309 8 1
1567 8 1
3688 8 1
1094 8 1
2881 8 1
523 8 1
1378 8 1
714 8 1
1848 8 1
1948 8 1
5765 8 1
884 8 1
6231 8 1
1944 8 1
5164 8 1
6421 8 1
1722 8 1
3836 8 1
723 8 1
3524 8 1
1630 8 1
712 8 1
3468 8 1
6761 8 1
5075 8 1
6617 8 1
5836 8 1
6505 8 1
4554 8 1
6216 8 1
5679 8 1
3528 8 1
5975 8 1
4614 8 1
2927 8 1
6216 8 1
3775 8 1
354 8 1
5391 8 1
1143 8 1
5388 8 1
3934 8 1
5121 8 1
3785 8 1
2085 8 1
654 8 1
2747 8 1
200 8 1
6484 8 1
5885 8 1
1963 8 1
694 8 1
2311 8 1
1586 8 1
3889 8 1
3244 8 1
5712 8 1
4637 8 1
1835 8 1
3233 8 1
715 8 1
6690 8 1
5052 8 1
1604 8 1
2400 8 1
1228 8 1
3363 8 1
1852 8 1
6210 8 1
2210 8 1
5742 8 1
5771 8 1
3456 8 1
627 8 1
2426 8 1
6437 8 1
4142 8 1
1093 8 1
5539 8 1
2927 8 1
1831 8 1
4715 8 1
6284 8 1
6600 8 1
2322 8 1
129 8 1
570 8 1
3558 8 1
1582 8 1
2061 8 1
834 8 1
2655 8 1
1368 8 1
4998 8 1
3019 8 1
6699 8 1
2955 8 1
1664 8 1
3656 8 1
2293 8 1
2186 8 1
1379 8 1
1429 8 1
1536 8 1
3345 8 1
3371 8 1
5783 8 1
5937 8 1
2794 8 1
2020 8 1
1773 8 1
4925 8 1
994 8 1
72 8 1
5840 8 1
3737 8 1
545 8 1
193 8 1
3400 8 1
2596 8 1
2128 8 1
982 8 1
5602 8 1
250 8 1
5079 8 1
1925 8 1
4339 8 1
5877 8 1
832 8 1
1871 8 1
2396 8 1
1218 8 1
5088 8 1
406 8 1
5602 8 1
5517 8 1
374 8 1
1093 8 1
4330 8 1
341 8 1
1120 8 1
32 8 1
181 8 1
4458 8 1
1098 8 1
4821 8 1
2432 8 1
4803 8 1
4282 8 1
2682 8 1
1392 8 1
640 8 1
1688 8 1
4502 8 1
4119 8 1
106 8 1
3792 8 1
1814 8 1
1584 8 1
3561 8 1
4522 8 1
6249 8 1
2968 8 1
2606 8 1
2575 8 1
3730 8 1
3020 8 1
3094 8 1
2675 8 1
4029 8 1
3264 8 1
2285 8 1
5839 8 1
3374 8 1
1590 8 1
3132 8 1
6156 9 1
3714 9 1
1570 9 1
311 9 1
275 9 1
5268 9 1
6381 9 1
5328 9 1
4110 9 1
4750 9 1
1698 9 1
4335 9 1
3507 9 1
2799 9 1
3687 9 1
3855 9 1
2346 9 1
2631 9 1
779 9 1
962 9 1
2559 9 1
2201 9 1
2995 9 1
6072 9 1
1175 9 1
3593 9 1
5025 9 1
3120 9 1
813 9 1
5839 9 1
2623 9 1
4076 9 1
2344 9 1
2427 9 1
2521 9 1
4160 9 1
1448 9 1
4628 9 1
3140 9 1
251 9 1
6188 9 1
2974 9 1
668 9 1
5379 9 1
1657 9 1
2172 9 1
4280 9 1
2977 9 1
1374 9 1
3056 9 1
6053 9 1
6089 9 1
2876 9 1
5060 9 1
3997 9 1
2455 9 1
2053 9 1
2281 9 1
5236 9 1
4074 9 1
5966 9 1
4184 9 1
5837 9 1
6338 9 1
3982 9 1
3551 9 1
1893 9 1
1553 9 1
950 9 1
3350 9 1
820 9 1
5020 9 1
276 9 1
2850 9 1
2687 9 1
5541 9 1
4525 9 1
3580 9 1
2946 9 1
5873 9 1
4083 9 1
2346 9 1
5513 9 1
5155 9 1
5193 9 1
1106 9 1
270 9 1
104 9 1
1538 9 1
3008 9 1
5068 9 1
2030 9 1
4356 9 1
5001 9 1
6640 9 1
3570 9 1
6707 9 1
1106 9 1
277 9 1
6481 9 1
2509 9 1
2385 9 1
479 9 1
3571 9 1
3051 9 1
1173 9 1
744 9 1
4997 9 1
3622 9 1
1235 9 1
3888 9 1
4132 9 1
6403 9 1
6775 9 1
2794 9 1
2302 9 1
3849 9 1
263 9 1
4664 9 1
3283 9 1
2377 9 1
5023 9 1
6789 9 1
1751 9 1
3473 9 1
1345 9 1
3130 9 1
1228 9 1
6564 9 1
5409 9 1
5211 9 1
4855 9 1
753 9 1
4412 9 1
6709 9 1
4700 9 1
1504 9 1
2878 9 1
2082 9 1
3585 9 1
3302 9 1
47 9 1
3096 9 1
976 9 1
6718 9 1
4680 9 1
3458 9 1
4413 9 1
5702 9 1
6565 9 1
3635 9 1
5367 9 1
5285 9 1
2433 9 1
1613 9 1
4777 9 1
262 9 1
2537 9 1
2788 9 1
1655 9 1
5894 9 1
741 9 1
3060 9 1
6134 9 1
167 9 1
729 9 1
6393 9 1
5885 9 1
6334 9 1
1813 9 1
3699 9 1
6681 9 1
3379 9 1
4439 9 1
1139 9 1
4752 9 1
2865 9 1
4494 9 1
711 9 1
6376 9 1
4606 9 1
258 9 1
3851 9 1
742 9 1
1283 9 1
6180 9 1
4857 9 1
710 9 1
2473 9 1
2853 9 1
2650 9 1
4681 9 1
1457 9 1
1076 9 1
523 9 1
4631 9 1
3676 9 1
1377 9 1
6550 9 1
5181 9 1
2486 9 1
3009 9 1
6688 9 1
2552 9 1
2299 9 1
1764 9 1
6675 9 1
1056 9 1
3878 9 1
380 9 1
5372 10 1
4256 10 1
6000 10 1
3069 10 1
992 10 1
5205 10 1
5772 10 1
1651 10 1
671 10 1
4508 10 1
2622 10 1
3311 10 1
2193 10 1
1499 10 1
6537 10 1
5005 10 1
646 10 1
1322 10 1
5504 10 1
3543 10 1
448 10 1
3875 10 1
5507 10 1
5792 10 1
4298 10 1
5901 10 1
705 10 1
725 10 1
4788 10 1
2946 10 1
2975 10 1
5874 10 1
4832 10 1
3125 10 1
3271 10 1
4594 10 1
1531 10 1
6021 10 1
6240 10 1
325 10 1
2282 10 1
4449 10 1
2238 10 1
1492 10 1
2257 10 1
4669 10 1
6429 10 1
592 10 1
2706 10 1
2927 10 1
678 10 1
1383 10 1
3448 10 1
214 10 1
2371 10 1
2775 10 1
1711 10 1
2346 10 1
6566 10 1
2404 10 1
5441 10 1
2307 10 1
6720 10 1
5224 10 1
2903 10 1
1739 10 1
262 10 1
6421 10 1
4357 10 1
400 10 1
2078 10 1
5269 10 1
1322 10 1
5519 10 1
1390 10 1
2509 10 1
1143 10 1
6657 10 1
5378 10 1
2032 10 1
3399 10 1
1412 10 1
1184 10 1
3058 10 1
4745 10 1
3281 10 1
6585 10 1
3421 10 1
3786 10 1
6611 10 1
129 10 1
6278 10 1
1398 10 1
5487 10 1
1559 10 1
6307 10 1
235 10 1
6105 10 1
3979 10 1
6307 10 1
6340 10 1
1102 10 1
4147 10 1
3983 10 1
5446 10 1
1114 10 1
4805 10 1
2933 10 1
2727 10 1
1025 10 1
2667 10 1
1083 10 1
3201 10 1
4365 10 1
4860 10 1
4756 10 1
6054 10 1
1918 10 1
1332 10 1
6696 10 1
2513 10 1
6040 10 1
3643 10 1
3527 10 1
4842 10 1
2782 10 1
6142 10 1
1359 10 1
6014 10 1
6620 10 1
5268 10 1
5 10 1
2958 10 1
413 10 1
4637 10 1
5598 10 1
2797 10 1
6787 10 1
204 10 1
5036 10 1
524 10 1
4952 10 1
3235 10 1
3682 10 1
3941 10 1
4409 10 1
3824 10 1
1833 10 1
1375 10 1
374 10 1
2393 10 1
1279 10 1
3519 10 1
5546 10 1
4670 10 1
6719 10 1
2825 10 1
4901 10 1
5128 10 1
6087 10 1
711 10 1
1744 10 1
6049 10 1
1970 10 1
1461 10 1
5266 10 1
1998 10 1
1081 10 1
6099 10 1
922 10 1
4029 10 1
5682 10 1
2321 10 1
6623 10 1
18 10 1
5958 10 1
3650 10 1
2169 10 1
3359 10 1
3765 10 1
6279 10 1
5475 10 1
3514 10 1
2773 10 1
6696 10 1
47 10 1
2515 10 1
3885 10 1
2148 10 1
1615 10 1
759 10 1
288 10 1
6450 10 1
5784 10 1
3186 10 1
2566 10 1
4104 10 1
721 10 1
1292 10 1
2029 10 1
1118 10 1
5834 10 1
1516 10 1
638 10 1
1093 10 1
1458 10 1
1114 10 1
6513 10 1
6402 10 1
5379 10 1
5786 11 1
4425 11 1
583 11 1
897 11 1
5895 11 1
2168 11 1
2836 11 1
958 11 1
2592 11 1
971 11 1
4229 11 1
2697 11 1
3023 11 1
2465 11 1
5847 11 1
135 11 1
5680 11 1
3149 11 1
518 11 1
96 11 1
2706 11 1
5177 11 1
1343 11 1
58 11 1
4012 11 1
4100 11 1
4820 11 1
3759 11 1
958 11 1
6723 11 1
6686 11 1
792 11 1
3118 11 1
5361 11 1
10 11 1
2150 11 1
1164 11 1
1143 11 1
3935 11 1
6776 11 1
1541 11 1
2963 11 1
6435 11 1
4169 11 1
4703 11 1
1010 11 1
2385 11 1
3684 11 1
473 11 1
4391 11 1
5258 11 1
3360 11 1
2680 11 1
6582 11 1
680 11 1
1126 11 1
1486 11 1
6081 11 1
6197 11 1
1554 11 1
5231 11 1
2831 11 1
2447 11 1
1945 11 1
3599 11 1
1432 11 1
6364 11 1
6068 11 1
4265 11 1
4542 11 1
3745 11 1
1075 11 1
4934 11 1
1463 11 1
4046 11 1
6690 11 1
6156 11 1
2427 11 1
2241 11 1
838 11 1
1118 11 1
285 11 1
5183 11 1
6615 11 1
4532 11 1
1969 11 1
6053 11 1
4608 11 1
1438 11 1
3258 11 1
822 11 1
5371 11 1
5629 11 1
4861 11 1
5040 11 1
5934 11 1
875 11 1
3498 11 1
4380 11 1
3385 11 1
1658 11 1
291 11 1
2172 11 1
6338 11 1
4292 11 1
5436 11 1
1682 11 1
261 11 1
4837 11 1
6385 11 1
4367 11 1
2425 11 1
290 11 1
3507 11 1
3560 11 1
2121 11 1
3956 11 1
4397 11 1
2088 11 1
5698 11 1
5966 11 1
1687 11 1
237 11 1
509 11 1
3893 11 1
2778 11 1
2169 11 1
2307 11 1
4457 11 1
3989 11 1
4978 11 1
5841 11 1
6324 11 1
4786 11 1
5762 11 1
891 11 1
6786 11 1
1536 11 1
3425 11 1
1525 11 1
6770 11 1
5726 11 1
3579 11 1
2160 11 1
2019 11 1
4145 11 1
2395 11 1
2207 11 1
3982 11 1
5913 11 1
5515 11 1
4677 11 1
6493 11 1
197 11 1
1461 11 1
4985 11 1
5647 11 1
3387 11 1
5451 11 1
1264 11 1
3051 11 1
2368 11 1
6314 11 1
3473 11 1
1358 11 1
1655 11 1
837 11 1
5745 11 1
3394 11 1
994 11 1
4083 11 1
2551 11 1
5868 11 1
5106 11 1
2007 11 1
5193 11 1
3791 11 1
1937 11 1
6234 11 1
75 11 1
62 11 1
4775 11 1
4683 11 1
4465 11 1
3771 11 1
1852 11 1
1218 11 1
853 11 1
2810 11 1
1443 11 1
1218 11 1
1077 11 1
4436 11 1
885 11 1
622 11 1
832 11 1
5191 11 1
1485 11 1
296 11 1
957 11 1
5944 11 1
4307 11 1
6297 11 1
5772 11 1
2718 11 1
4563 11 1
5190 11 1
848 11 1
6467 11 1
4123 11 1
482 12 1
5948 12 1
847 12 1
3890 12 1
3225 12 1
2694 12 1
1238 12 1
2394 12 1
1233 12 1
1505 12 1
3420 12 1
529 12 1
5596 12 1
3469 12 1
1788 12 1
2673 12 1
6037 12 1
5546 12 1
5920 12 1
5522 12 1
5714 12 1
3980 12 1
2213 12 1
6552 12 1
5936 12 1
5236 12 1
6358 12 1
1091 12 1
716 12 1
3442 12 1
5651 12 1
6582 12 1
5388 12 1
2285 12 1
2276 12 1
2511 12 1
5871 12 1
1964 12 1
3643 12 1
16 12 1
4608 12 1
1371 12 1
6708 12 1
6029 12 1
6439 12 1
5856 12 1
227 12 1
2929 12 1
3106 12 1
3596 12 1
2864 12 1
431 12 1
232 12 1
4373 12 1
397 12 1
5406 12 1
4827 12 1
1428 12 1
2176 12 1
4320 12 1
5541 12 1
1547 12 1
4234 12 1
1136 12 1
4015 12 1
3386 12 1
6680 12 1
4035 12 1
2931 12 1
1171 12 1
2936 12 1
3884 12 1
6628 12 1
3829 12 1
5652 12 1
943 12 1
3325 12 1
6504 12 1
5604 12 1
403 12 1
4756 12 1
1580 12 1
4814 12 1
3611 12 1
2545 12 1
501 12 1
2325 12 1
1065 12 1
348 12 1
2554 12 1
508 12 1
853 12 1
4745 12 1
2670 12 1
1818 12 1
4015 12 1
2057 12 1
828 12 1
1310 12 1
4372 12 1
1458 12 1
6751 12 1
758 12 1
3488 12 1
1047 12 1
5920 12 1
5884 12 1
225 12 1
4630 12 1
5509 12 1
146 12 1
6060 12 1
1569 12 1
3251 12 1
1881 12 1
2585 12 1
1125 12 1
6145 12 1
5486 12 1
1006 12 1
6504 12 1
2257 12 1
3892 12 1
3284 12 1
728 12 1
4705 12 1
2343 12 1
4835 12 1
822 12 1
657 12 1
3976 12 1
214 12 1
756 12 1
4991 12 1
250 12 1
2321 12 1
991 12 1
428 12 1
1728 12 1
402 12 1
1195 12 1
409 12 1
3279 12 1
1230 12 1
1259 12 1
6776 12 1
3609 12 1
3309 12 1
401 12 1
3322 12 1
5510 12 1
1520 12 1
1210 12 1
1982 12 1
5037 12 1
2818 12 1
6128 12 1
4244 12 1
546 12 1
6524 12 1
6530 12 1
6599 12 1
592 12 1
3427 12 1
2592 12 1
2926 12 1
909 12 1
4702 12 1
6309 12 1
2554 12 1
4658 12 1
1020 12 1
2241 12 1
4167 12 1
190 12 1
3268 12 1
3901 12 1
5671 12 1
726 12 1
2828 12 1
855 12 1
2186 12 1
6002 12 1
5301 12 1
388 12 1
4767 12 1
5457 12 1
2552 12 1
1092 12 1
2149 12 1
2776 12 1
3448 12 1
5944 12 1
3435 12 1
4114 12 1
3770 12 1
4610 12 1
4497 12 1
2239 12 1
4868 12 1
6629 12 1
6464 12 1
5374 12 1
4725 12 1
6314 12 1
2334 12 1
2967 12 1
174 12 1
940 12 1
4137 12 1
1286 13 1
5496 13 1
993 13 1
1944 13 1
5008 13 1
6178 13 1
6134 13 1
357 13 1
6283 13 1
6284 13 1
1180 13 1
4950 13 1
3447 13 1
2475 13 1
2040 13 1
2329 13 1
6052 13 1
3424 13 1
4388 13 1
6598 13 1
6283 13 1
3776 13 1
5984 13 1
373 13 1
359 13 1
2133 13 1
6163 13 1
4100 13 1
1124 13 1
667 13 1
5039 13 1
707 13 1
4106 13 1
357 13 1
3404 13 1
1578 13 1
2485 13 1
4219 13 1
4253 13 1
3422 13 1
4348 13 1
1585 13 1
5277 13 1
1011 13 1
1916 13 1
2442 13 1
5640 13 1
4448 13 1
1615 13 1
4403 13 1
6467 13 1
1420 13 1
2678 13 1
4082 13 1
1437 13 1
5834 13 1
1563 13 1
5906 13 1
4491 13 1
6322 13 1
3954 13 1
1145 13 1
5442 13 1
6193 13 1
1506 13 1
4112 13 1
188 13 1
718 13 1
2868 13 1
5509 13 1
4634 13 1
4647 13 1
4276 13 1
2229 13 1
3087 13 1
3183 13 1
5327 13 1
2563 13 1
5703 13 1
3945 13 1
4485 13 1
3899 13 1
1842 13 1
3737 13 1
36 13 1
3849 13 1
6542 13 1
2829 13 1
1322 13 1
1050 13 1
2951 13 1
5775 13 1
1028 13 1
6330 13 1
133 13 1
5908 13 1
5378 13 1
4780 13 1
4618 13 1
3045 13 1
5032 13 1
4478 13 1
4495 13 1
2204 13 1
2169 13 1
5893 13 1
4946 13 1
5235 13 1
6294 13 1
4711 13 1
5083 13 1
6220 13 1
283 13 1
3831 13 1
1461 13 1
6642 13 1
5825 13 1
3137 13 1
124 13 1
1376 13 1
4382 13 1
6162 13 1
3086 13 1
6596 13 1
6118 13 1
1411 13 1
3265 13 1
3280 13 1
4813 13 1
1067 13 1
4806 13 1
4528 13 1
6 13 1
6295 13 1
1962 13 1
1188 13 1
6313 13 1
6099 13 1
5642 13 1
916 13 1
1869 13 1
3625 13 1
4867 13 1
19 13 1
2568 13 1
4019 13 1
6464 13 1
3311 13 1
5063 13 1
4201 13 1
3914 13 1
889 13 1
4431 13 1
4568 13 1
6513 13 1
361 13 1
758 13 1
1448 13 1
2652 13 1
3965 13 1
3034 13 1
1930 13 1
5703 13 1
2966 13 1
139 13 1
2260 13 1
2407 13 1
4558 13 1
1207 13 1
6545 13 1
1836 13 1
3634 13 1
1562 13 1
3571 13 1
3471 13 1
3091 13 1
511 13 1
4568 13 1
6107 13 1
5544 13 1
4271 13 1
5235 13 1
4940 13 1
1318 13 1
5160 13 1
951 13 1
1598 13 1
2568 13 1
5127 13 1
2158 13 1
5102 13 1
901 13 1
1741 13 1
5906 13 1
1695 13 1
1018 13 1
5019 13 1
3307 13 1
415 13 1
4304 13 1
2623 13 1
2996 13 1
2870 13 1
5403 13 1
6555 13 1
1461 13 1
6346 13 1
763 13 1
1494 13 1
2500 13 1
490 14 1
708 14 1
3820 14 1
4649 14 1
3269 14 1
4767 14 1
1713 14 1
5620 14 1
62 14 1
4618 14 1
3751 14 1
1912 14 1
3100 14 1
1910 14 1
4503 14 1
840 14 1
1308 14 1
1518 14 1
4127 14 1
4170 14 1
6241 14 1
2388 14 1
2469 14 1
3763 14 1
4723 14 1
4125 14 1
2108 14 1
6490 14 1
554 14 1
6767 14 1
4248 14 1
2541 14 1
4226 14 1
1903 14 1
1051 14 1
1340 14 1
5855 14 1
1809 14 1
787 14 1
2419 14 1
3075 14 1
1918 14 1
1630 14 1
5397 14 1
2439 14 1
2994 14 1
5526 14 1
361 14 1
724 14 1
206 14 1
4514 14 1
911 14 1
1125 14 1
4937 14 1
6036 14 1
3489 14 1
1864 14 1
5098 14 1
3103 14 1
469 14 1
4488 14 1
592 14 1
5301 14 1
3902 14 1
5467 14 1
159 14 1
5672 14 1
270 14 1
3219 14 1
5646 14 1
5621 14 1
3298 14 1
244 14 1
1532 14 1
2434 14 1
3017 14 1
6367 14 1
1453 14 1
4861 14 1
398 14 1
6228 14 1
6318 14 1
6534 14 1
4293 14 1
5758 14 1
56 14 1
3384 14 1
6717 14 1
5730 14 1
3356 14 1
4929 14 1
6481 14 1
5758 14 1
5498 14 1
845 14 1
6109 14 1
4562 14 1
4481 14 1
4895 14 1
3780 14 1
5369 14 1
5166 14 1
947 14 1
2128 14 1
4676 14 1
832 14 1
3273 14 1
1862 14 1
4974 14 1
5397 14 1
53 14 1
1697 14 1
1719 14 1
5690 14 1
3529 14 1
5608 14 1
5954 14 1
1914 14 1
3844 14 1
3083 14 1
3905 14 1
4805 14 1
4486 14 1
2402 14 1
2725 14 1
1651 14 1
1069 14 1
3941 14 1
1368 14 1
1970 14 1
2450 14 1
3537 14 1
5902 14 1
1481 14 1
4618 14 1
1200 14 1
419 14 1
3815 14 1
1266 14 1
2549 14 1
2687 14 1
2048 14 1
3722 14 1
3485 14 1
1418 14 1
3597 14 1
610 14 1
6229 14 1
2873 14 1
2845 14 1
885 14 1
1519 14 1
1 14 1
3199 14 1
1252 14 1
2645 14 1
3934 14 1
3887 14 1
335 14 1
4043 14 1
2515 14 1
2555 14 1
1912 14 1
2017 14 1
968 14 1
4772 14 1
3908 14 1
2253 14 1
2548 14 1
3759 14 1
2581 14 1
6635 14 1
2363 14 1
2772 14 1
1138 14 1
2701 14 1
2474 14 1
3304 14 1
5739 14 1
1449 14 1
686 14 1
2096 14 1
537 14 1
5310 14 1
1524 14 1
2905 14 1
5448 14 1
5983 14 1
1356 14 1
3997 14 1
2872 14 1
5686 14 1
3464 14 1
5878 14 1
6222 14 1
490 14 1
824 14 1
5419 14 1
6495 14 1
5599 14 1
2794 14 1
3570 14 1
1944 14 1
820 14 1
3242 14 1
4 14 1
4947 14 1
691 14 1
707 14 1
4460 14 1
1146 15 1
4278 15 1
6523 15 1
6704 15 1
2899 15 1
5013 15 1
4518 15 1
459 15 1
6209 15 1
2239 15 1
490 15 1
2788 15 1
2621 15 1
6384 15 1
199 15 1
5472 15 1
2614 15 1
4565 15 1
1621 15 1
3449 15 1
4696 15 1
1066 15 1
3078 15 1
2873 15 1
4122 15 1
3541 15 1
2446 15 1
3461 15 1
2858 15 1
1403 15 1
2496 15 1
5364 15 1
1923 15 1
2462 15 1
4036 15 1
3740 15 1
964 15 1
659 15 1
2098 15 1
2099 15 1
2600 15 1
4023 15 1
6607 15 1
3332 15 1
1100 15 1
4731 15 1
1047 15 1
3991 15 1
2006 15 1
3270 15 1
6750 15 1
5054 15 1
6103 15 1
5370 15 1
3087 15 1
2192 15 1
109 15 1
5706 15 1
5963 15 1
6357 15 1
3913 15 1
4096 15 1
1471 15 1
5718 15 1
4465 15 1
5877 15 1
6775 15 1
2873 15 1
4151 15 1
4037 15 1
2373 15 1
160 15 1
5168 15 1
4760 15 1
737 15 1
4387 15 1
4953 15 1
2820 15 1
5445 15 1
4377 15 1
4071 15 1
2158 15 1
1837 15 1
3080 15 1
4256 15 1
1471 15 1
6277 15 1
55 15 1
4452 15 1
990 15 1
6666 15 1
1294 15 1
1955 15 1
1309 15 1
1431 15 1
4319 15 1
2937 15 1
2955 15 1
1499 15 1
1800 15 1
4411 15 1
705 15 1
1654 15 1
3793 15 1
4574 15 1
3188 15 1
1290 15 1
1211 15 1
5411 15 1
472 15 1
2981 15 1
2009 15 1
5124 15 1
5904 15 1
592 15 1
84 15 1
6488 15 1
4164 15 1
4291 15 1
960 15 1
6126 15 1
6723 15 1
762 15 1
6488 15 1
53 15 1
5649 15 1
54 15 1
5003 15 1
2956 15 1
557 15 1
6741 15 1
4477 15 1
5888 15 1
3396 15 1
5150 15 1
4066 15 1
2703 15 1
6685 15 1
917 15 1
1403 15 1
4779 15 1
3602 15 1
1337 15 1
2619 15 1
3712 15 1
1191 15 1
1776 15 1
4576 15 1
2473 15 1
1702 15 1
433 15 1
1148 15 1
3855 15 1
4024 15 1
1970 15 1
6717 15 1
6201 15 1
2458 15 1
6350 15 1
3052 15 1
3909 15 1
2350 15 1
2241 15 1
3850 15 1
3101 15 1
638 15 1
5988 15 1
5759 15 1
3480 15 1
801 15 1
5909 15 1
3255 15 1
2229 15 1
6301 15 1
6169 15 1
5655 15 1
6140 15 1
3093 15 1
3151 15 1
6071 15 1
6080 15 1
4445 15 1
6683 15 1
1752 15 1
4922 15 1
4740 15 1
4943 15 1
5907 15 1
1331 15 1
5248 15 1
3546 15 1
6233 15 1
2303 15 1
1550 15 1
2702 15 1
409 15 1
155 15 1
2413 15 1
1445 15 1
6187 15 1
429 15 1
2919 15 1
1423 15 1
3787 15 1
2030 15 1
450 15 1
2668 15 1
721 15 1
6381 15 1
2392 15 1
5017 16 1
4947 16 1
6421 16 1
4644 16 1
694 16 1
4236 16 1
6151 16 1
2829 16 1
4733 16 1
2282 16 1
6106 16 1
200 16 1
5481 16 1
1020 16 1
2453 16 1
1620 16 1
6380 16 1
60 16 1
6458 16 1
5543 16 1
6510 16 1
3735 16 1
934 16 1
5338 16 1
2071 16 1
5007 16 1
4098 16 1
572 16 1
2406 16 1
5169 16 1
5946 16 1
2428 16 1
46 16 1
3225 16 1
3726 16 1
5503 16 1
2367 16 1
6784 16 1
80 16 1
2372 16 1
6568 16 1
3291 16 1
5149 16 1
4631 16 1
5182 16 1
3709 16 1
4932 16 1
6475 16 1
5897 16 1
3392 16 1
1039 16 1
523 16 1
4957 16 1
1891 16 1
5738 16 1
6546 16 1
6511 16 1
2060 16 1
5637 16 1
6746 16 1
2606 16 1
1074 16 1
6581 16 1
2441 16 1
4726 16 1
3638 16 1
6777 16 1
1894 16 1
761 16 1
5361 16 1
4577 16 1
6070 16 1
3956 16 1
956 16 1
2081 16 1
3792 16 1
4861 16 1
4446 16 1
2624 16 1
51 16 1
3591 16 1
6450 16 1
5118 16 1
2658 16 1
3006 16 1
5675 16 1
2762 16 1
5565 16 1
6233 16 1
2393 16 1
4669 16 1
2072 16 1
246 16 1
3552 16 1
3158 16 1
1899 16 1
1373 16 1
6094 16 1
4965 16 1
6301 16 1
4138 16 1
4744 16 1
702 16 1
798 16 1
3265 16 1
2810 16 1
5554 16 1
3097 16 1
190 16 1
5137 16 1
1374 16 1
1028 16 1
3290 16 1
5537 16 1
4041 16 1
5987 16 1
5995 16 1
2975 16 1
1488 16 1
6590 16 1
3772 16 1
908 16 1
2802 16 1
73 16 1
5226 16 1
3785 16 1
4723 16 1
4717 16 1
4544 16 1
108 16 1
6616 16 1
4818 16 1
3080 16 1
6705 16 1
1987 16 1
2349 16 1
5077 16 1
6219 16 1
837 16 1
5535 16 1
3504 16 1
1502 16 1
6131 16 1
1271 16 1
4719 16 1
15 16 1
5399 16 1
3367 16 1
2037 16 1
3620 16 1
1682 16 1
6508 16 1
3806 16 1
3279 16 1
2818 16 1
2108 16 1
3860 16 1
635 16 1
5692 16 1
4651 16 1
5169 16 1
5278 16 1
1182 16 1
3300 16 1
4464 16 1
2717 16 1
5071 16 1
4875 16 1
3286 16 1
1721 16 1
4813 16 1
4055 16 1
4749 16 1
826 16 1
6461 16 1
4620 16 1
5247 16 1
5585 16 1
2814 16 1
5788 16 1
3493 16 1
6264 16 1
2296 16 1
1856 16 1
1420 16 1
1464 16 1
4536 16 1
2660 16 1
6543 16 1
1840 16 1
3755 16 1
3206 16 1
2468 16 1
1404 16 1
4422 16 1
4363 16 1
4641 16 1
324 16 1
1728 16 1
5601 16 1
6553 16 1
4170 16 1
4973 16 1
2390 16 1
4539 16 1
5277 16 1
2988 16 1
2811 16 1
6176 16 1
6145 16 1
4910 17 1
2501 17 1
6164 17 1
150 17 1
3650 17 1
5511 17 1
1114 17 1
4307 17 1
1520 17 1
4666 17 1
6033 17 1
5787 17 1
6723 17 1
6583 17 1
6736 17 1
4951 17 1
1048 17 1
6551 17 1
2382 17 1
248 17 1
5117 17 1
1426 17 1
1075 17 1
4773 17 1
1246 17 1
3048 17 1
1303 17 1
1051 17 1
1947 17 1
2613 17 1
2015 17 1
2267 17 1
788 17 1
1858 17 1
165 17 1
5132 17 1
1900 17 1
3049 17 1
4588 17 1
2243 17 1
2609 17 1
6 17 1
6309 17 1
4801 17 1
5340 17 1
3903 17 1
4770 17 1
4058 17 1
6719 17 1
5960 17 1
5187 17 1
6491 17 1
2045 17 1
2453 17 1
3022 17 1
4768 17 1
3128 17 1
4525 17 1
5031 17 1
5226 17 1
1473 17 1
833 17 1
5338 17 1
5314 17 1
271 17 1
1188 17 1
4274 17 1
258 17 1
3313 17 1
3372 17 1
5406 17 1
515 17 1
5056 17 1
2558 17 1
6716 17 1
1052 17 1
2323 17 1
985 17 1
6305 17 1
4716 17 1
3689 17 1
6445 17 1
5653 17 1
3036 17 1
6663 17 1
1706 17 1
4173 17 1
100 17 1
4360 17 1
5497 17 1
6388 17 1
866 17 1
1862 17 1
4672 17 1
5395 17 1
4335 17 1
2238 17 1
3024 17 1
4661 17 1
129 17 1
5098 17 1
1057 17 1
2048 17 1
6416 17 1
5225 17 1
3621 17 1
933 17 1
4659 17 1
5668 17 1
212 17 1
4940 17 1
238 17 1
1770 17 1
5883 17 1
5668 17 1
3994 17 1
3432 17 1
4973 17 1
2235 17 1
4333 17 1
6732 17 1
5934 17 1
2141 17 1
160 17 1
3683 17 1
2008 17 1
3731 17 1
5720 17 1
1623 17 1
573 17 1
5933 17 1
6000 17 1
6557 17 1
2942 17 1
1034 17 1
2642 17 1
514 17 1
5058 17 1
6063 17 1
1857 17 1
438 17 1
579 17 1
790 17 1
6683 17 1
5702 17 1
4848 17 1
3556 17 1
4004 17 1
2196 17 1
5071 17 1
5844 17 1
3136 17 1
5152 17 1
1528 17 1
1920 17 1
5783 17 1
6293 17 1
6397 17 1
3174 17 1
1838 17 1
6455 17 1
4439 17 1
233 17 1
5767 17 1
2489 17 1
2322 17 1
2371 17 1
1108 17 1
1578 17 1
3258 17 1
459 17 1
4979 17 1
5953 17 1
6612 17 1
1706 17 1
395 17 1
2084 17 1
165 17 1
5647 17 1
6588 17 1
3944 17 1
4281 17 1
52 17 1
4123 17 1
831 17 1
6734 17 1
610 17 1
6537 17 1
2825 17 1
4246 17 1
4798 17 1
5047 17 1
3617 17 1
6273 17 1
248 17 1
5824 17 1
5271 17 1
2013 17 1
3114 17 1
6198 17 1
3727 17 1
2679 17 1
1019 17 1
6453 17 1
1410 17 1
5807 17 1
3591 17 1
3070 17 1
6697 17 1
3235 17 1
5473 18 1
2545 18 1
4598 18 1
6377 18 1
965 18 1
6385 18 1
2648 18 1
2780 18 1
2813 18 1
5843 18 1
696 18 1
180 18 1
5962 18 1
3313 18 1
1683 18 1
326 18 1
2488 18 1
451 18 1
4676 18 1
1221 18 1
2821 18 1
619 18 1
463 18 1
2435 18 1
4871 18 1
2956 18 1
5061 18 1
4613 18 1
6110 18 1
3659 18 1
198 18 1
436 18 1
901 18 1
1263 18 1
2745 18 1
5867 18 1
4089 18 1
3672 18 1
4438 18 1
6434 18 1
5351 18 1
1404 18 1
3460 18 1
3811 18 1
6348 18 1
3799 18 1
5469 18 1
3903 18 1
139 18 1
5202 18 1
4279 18 1
4835 18 1
1645 18 1
2838 18 1
377 18 1
1404 18 1
2473 18 1
2745 18 1
5911 18 1
5729 18 1
5362 18 1
778 18 1
2153 18 1
1941 18 1
4322 18 1
3588 18 1
5318 18 1
0 18 1
5839 18 1
2980 18 1
1710 18 1
3449 18 1
580 18 1
2137 18 1
4713 18 1
718 18 1
6248 18 1
1629 18 1
2770 18 1
5982 18 1
3405 18 1
3227 18 1
986 18 1
2375 18 1
2742 18 1
2480 18 1
3208 18 1
4931 18 1
6565 18 1
2935 18 1
3585 18 1
3066 18 1
5750 18 1
2855 18 1
2019 18 1
4985 18 1
3723 18 1
6617 18 1
719 18 1
4670 18 1
4472 18 1
2418 18 1
2923 18 1
3038 18 1
5318 18 1
1567 18 1
2678 18 1
1717 18 1
4469 18 1
4079 18 1
3351 18 1
1565 18 1
2535 18 1
954 18 1
1081 18 1
4907 18 1
4277 18 1
4445 18 1
1107 18 1
4399 18 1
1863 18 1
3581 18 1
4058 18 1
1632 18 1
181 18 1
2721 18 1
4624 18 1
6005 18 1
560 18 1
1616 18 1
3609 18 1
6259 18 1
2209 18 1
2956 18 1
6148 18 1
1565 18 1
813 18 1
163 18 1
4270 18 1
1736 18 1
1322 18 1
4992 18 1
5877 18 1
6664 18 1
6266 18 1
5733 18 1
2605 18 1
6595 18 1
3688 18 1
4155 18 1
2425 18 1
851 18 1
838 18 1
3510 18 1
515 18 1
2928 18 1
625 18 1
6148 18 1
65 18 1
2855 18 1
4055 18 1
2144 18 1
1670 18 1
6309 18 1
1792 18 1
4192 18 1
1551 18 1
2412 18 1
2748 18 1
3474 18 1
972 18 1
2797 18 1
836 18 1
3621 18 1
383 18 1
4878 18 1
1868 18 1
415 18 1
5820 18 1
3889 18 1
574 18 1
778 18 1
3272 18 1
5149 18 1
4051 18 1
4716 18 1
5893 18 1
4421 18 1
60 18 1
929 18 1
5603 18 1
1013 18 1
2027 18 1
4928 18 1
4816 18 1
397 18 1
4722 18 1
1206 18 1
1372 18 1
6627 18 1
3021 18 1
5158 18 1
3832 18 1
204 18 1
5747 18 1
2620 18 1
3283 18 1
4396 18 1
3967 18 1
1164 18 1
2434 19 1
2281 19 1
6459 19 1
5919 19 1
6367 19 1
5550 19 1
6725 19 1
1082 19 1
6042 19 1
1995 19 1
3925 19 1
5991 19 1
2286 19 1
1399 19 1
4385 19 1
4394 19 1
5913 19 1
3869 19 1
4068 19 1
4082 19 1
5282 19 1
1970 19 1
5812 19 1
3101 19 1
3529 19 1
5549 19 1
1323 19 1
5660 19 1
3343 19 1
3228 19 1
3517 19 1
2617 19 1
937 19 1
6712 19 1
5937 19 1
4660 19 1
5076 19 1
48 19 1
494 19 1
4075 19 1
1179 19 1
611 19 1
2606 19 1
3304 19 1
1302 19 1
5962 19 1
3303 19 1
2040 19 1
4644 19 1
4532 19 1
5815 19 1
445 19 1
2508 19 1
1179 19 1
6694 19 1
6103 19 1
2505 19 1
5896 19 1
3811 19 1
6770 19 1
1680 19 1
4990 19 1
2643 19 1
3613 19 1
907 19 1
2246 19 1
1928 19 1
196 19 1
5488 19 1
1872 19 1
6293 19 1
6417 19 1
2369 19 1
1702 19 1
6312 19 1
3325 19 1
5101 19 1
6781 19 1
3423 19 1
3851 19 1
389 19 1
6275 19 1
5431 19 1
3339 19 1
310 19 1
1662 19 1
3864 19 1
6600 19 1
307 19 1
4624 19 1
3344 19 1
4761 19 1
6078 19 1
3311 19 1
4796 19 1
6231 19 1
3167 19 1
6618 19 1
2938 19 1
5395 19 1
2711 19 1
3738 19 1
3607 19 1
1351 19 1
637 19 1
4632 19 1
472 19 1
4331 19 1
3398 19 1
5777 19 1
2183 19 1
4523 19 1
5946 19 1
2930 19 1
5352 19 1
1760 19 1
3564 19 1
3715 19 1
1566 19 1
409 19 1
4705 19 1
3785 19 1
3071 19 1
5414 19 1
4001 19 1
1276 19 1
5393 19 1
1341 19 1
2345 19 1
6472 19 1
5173 19 1
6384 19 1
5354 19 1
4223 19 1
406 19 1
483 19 1
6378 19 1
6605 19 1
4112 19 1
5378 19 1
1674 19 1
4821 19 1
5516 19 1
451 19 1
1477 19 1
2163 19 1
1170 19 1
2641 19 1
1606 19 1
1293 19 1
4843 19 1
1543 19 1
2627 19 1
3189 19 1
3370 19 1
397 19 1
3243 19 1
3802 19 1
6244 19 1
4793 19 1
6233 19 1
4491 19 1
6545 19 1
4129 19 1
3557 19 1
3277 19 1
589 19 1
3520 19 1
1653 19 1
2225 19 1
3762 19 1
3249 19 1
6276 19 1
128 19 1
1382 19 1
2391 19 1
4734 19 1
6556 19 1
5270 19 1
5085 19 1
5762 19 1
637 19 1
3183 19 1
2468 19 1
720 19 1
1830 19 1
4095 19 1
6459 19 1
1191 19 1
6407 19 1
3145 19 1
6261 19 1
1829 19 1
4901 19 1
3592 19 1
2125 19 1
5062 19 1
3115 19 1
3106 19 1
3688 19 1
1320 19 1
1548 19 1
5845 19 1
1530 19 1
5376 19 1
3053 19 1
1356 19 1
3270 19 1
2397 19 1
1082 19 1
2118 20 1
1008 20 1
2401 20 1
1600 20 1
5916 20 1
3833 20 1
5827 20 1
3733 20 1
4748 20 1
5248 20 1
1517 20 1
1064 20 1
6091 20 1
1493 20 1
3723 20 1
3604 20 1
3443 20 1
1298 20 1
5139 20 1
5990 20 1
2799 20 1
344 20 1
2756 20 1
1281 20 1
2762 20 1
607 20 1
3761 20 1
3794 20 1
4802 20 1
845 20 1
5000 20 1
877 20 1
1999 20 1
5538 20 1
3794 20 1
6057 20 1
4535 20 1
4909 20 1
619 20 1
6555 20 1
6642 20 1
5409 20 1
6471 20 1
236 20 1
5460 20 1
6520 20 1
1210 20 1
3804 20 1
5352 20 1
2254 20 1
878 20 1
2436 20 1
4681 20 1
6532 20 1
5176 20 1
3499 20 1
6203 20 1
1932 20 1
2284 20 1
3836 20 1
6702 20 1
6729 20 1
3534 20 1
3739 20 1
1557 20 1
3815 20 1
3943 20 1
516 20 1
3938 20 1
2055 20 1
3378 20 1
363 20 1
4872 20 1
2555 20 1
4106 20 1
435 20 1
5483 20 1
5441 20 1
5535 20 1
6140 20 1
1296 20 1
4680 20 1
2115 20 1
2566 20 1
3684 20 1
4403 20 1
868 20 1
1620 20 1
868 20 1
3386 20 1
5826 20 1
1341 20 1
4210 20 1
3581 20 1
5755 20 1
4356 20 1
1524 20 1
5546 20 1
4773 20 1
4603 20 1
6616 20 1
3079 20 1
2684 20 1
3746 20 1
4535 20 1
3782 20 1
2021 20 1
4921 20 1
6758 20 1
232 20 1
2847 20 1
3209 20 1
2804 20 1
5079 20 1
2398 20 1
4663 20 1
2347 20 1
4911 20 1
6595 20 1
3 20 1
5538 20 1
3274 20 1
2069 20 1
6751 20 1
5616 20 1
151 20 1
5783 20 1
6437 20 1
3951 20 1
5020 20 1
6785 20 1
3371 20 1
3639 20 1
2896 20 1
4723 20 1
2684 20 1
3351 20 1
5246 20 1
1288 20 1
2009 20 1
3988 20 1
1451 20 1
1446 20 1
4162 20 1
269 20 1
1021 20 1
2371 20 1
1362 20 1
48 20 1
6072 20 1
2998 20 1
2262 20 1
5309 20 1
4924 20 1
4255 20 1
4211 20 1
157 20 1
1233 20 1
3341 20 1
6140 20 1
5128 20 1
1715 20 1
4560 20 1
1108 20 1
1851 20 1
162 20 1
4418 20 1
2572 20 1
6741 20 1
5717 20 1
2245 20 1
2801 20 1
2301 20 1
299 20 1
5076 20 1
2763 20 1
2756 20 1
3134 20 1
4976 20 1
3447 20 1
6421 20 1
3352 20 1
6349 20 1
3067 20 1
5720 20 1
1499 20 1
3640 20 1
5335 20 1
4135 20 1
472 20 1
4454 20 1
437 20 1
2023 20 1
2843 20 1
5993 20 1
5292 20 1
5994 20 1
2522 20 1
3841 20 1
726 20 1
754 20 1
2002 20 1
4621 20 1
3038 20 1
1484 20 1
3892 20 1
2411 20 1
3019 20 1
6284 20 1
5838 20 1
5832 21 1
6727 21 1
1787 21 1
4194 21 1
4609 21 1
5044 21 1
6609 21 1
6701 21 1
3629 21 1
258 21 1
3121 21 1
824 21 1
352 21 1
5880 21 1
4014 21 1
192 21 1
3568 21 1
5017 21 1
3105 21 1
2622 21 1
2699 21 1
2502 21 1
1565 21 1
5563 21 1
676 21 1
2069 21 1
4363 21 1
2522 21 1
5882 21 1
4800 21 1
5442 21 1
5525 21 1
5111 21 1
4683 21 1
5612 21 1
2932 21 1
1151 21 1
3471 21 1
2554 21 1
4612 21 1
813 21 1
6248 21 1
6134 21 1
2757 21 1
5978 21 1
4075 21 1
5963 21 1
356 21 1
3893 21 1
2795 21 1
6198 21 1
3244 21 1
6706 21 1
854 21 1
6642 21 1
564 21 1
1892 21 1
1174 21 1
2524 21 1
98 21 1
1945 21 1
1300 21 1
5920 21 1
3098 21 1
4889 21 1
3643 21 1
1815 21 1
6664 21 1
775 21 1
5283 21 1
804 21 1
494 21 1
3670 21 1
2627 21 1
1506 21 1
4726 21 1
3824 21 1
4115 21 1
2221 21 1
1688 21 1
2732 21 1
4470 21 1
1279 21 1
5039 21 1
3910 21 1
6023 21 1
2251 21 1
5370 21 1
3164 21 1
6171 21 1
5049 21 1
1827 21 1
4706 21 1
6478 21 1
1824 21 1
3888 21 1
3129 21 1
968 21 1
1013 21 1
4892 21 1
4042 21 1
5661 21 1
381 21 1
4506 21 1
5439 21 1
2630 21 1
1493 21 1
2802 21 1
3392 21 1
6144 21 1
74 21 1
3806 21 1
5593 21 1
778 21 1
4347 21 1
3370 21 1
4575 21 1
6022 21 1
1266 21 1
3684 21 1
4346 21 1
2506 21 1
6113 21 1
6112 21 1
1143 21 1
2332 21 1
1872 21 1
2673 21 1
3489 21 1
2609 21 1
400 21 1
3692 21 1
5915 21 1
6074 21 1
1839 21 1
3904 21 1
3920 21 1
120 21 1
4958 21 1
5205 21 1
126 21 1
1077 21 1
2197 21 1
4270 21 1
3183 21 1
3548 21 1
5290 21 1
1061 21 1
4400 21 1
6732 21 1
5198 21 1
6020 21 1
3175 21 1
4336 21 1
16 21 1
410 21 1
2152 21 1
1430 21 1
3146 21 1
2693 21 1
4208 21 1
3235 21 1
5421 21 1
4485 21 1
4579 21 1
3420 21 1
5991 21 1
5534 21 1
1470 21 1
3412 21 1
313 21 1
5680 21 1
4433 21 1
3131 21 1
4069 21 1
3006 21 1
63 21 1
6397 21 1
4577 21 1
5434 21 1
3936 21 1
3786 21 1
2009 21 1
391 21 1
1273 21 1
2117 21 1
1708 21 1
2391 21 1
5569 21 1
4938 21 1
6128 21 1
1116 21 1
3446 21 1
2592 21 1
1849 21 1
4478 21 1
4863 21 1
1081 21 1
1872 21 1
5656 21 1
5229 21 1
760 21 1
5163 21 1
3187 21 1
4881 21 1
5769 21 1
4652 21 1
253 21 1
2100 21 1
3705 21 1
2405 22 1
2719 22 1
5689 22 1
2082 22 1
4349 22 1
3909 22 1
4671 22 1
2041 22 1
5238 22 1
6098 22 1
3182 22 1
1539 22 1
4695 22 1
493 22 1
3327 22 1
6155 22 1
4107 22 1
3386 22 1
4861 22 1
2138 22 1
3319 22 1
3013 22 1
1882 22 1
141 22 1
2659 22 1
3775 22 1
6422 22 1
5707 22 1
3555 22 1
2803 22 1
5660 22 1
2671 22 1
293 22 1
5840 22 1
3590 22 1
1614 22 1
4126 22 1
3077 22 1
6002 22 1
19 22 1
3581 22 1
834 22 1
6428 22 1
6719 22 1
2759 22 1
762 22 1
227 22 1
2098 22 1
4025 22 1
1416 22 1
2392 22 1
2785 22 1
2950 22 1
5970 22 1
773 22 1
5566 22 1
2982 22 1
3774 22 1
5054 22 1
781 22 1
455 22 1
2723 22 1
5786 22 1
1160 22 1
2320 22 1
4359 22 1
2583 22 1
1307 22 1
2166 22 1
969 22 1
2392 22 1
2904 22 1
5224 22 1
2859 22 1
5907 22 1
4264 22 1
3069 22 1
4132 22 1
3629 22 1
3900 22 1
5601 22 1
3202 22 1
197 22 1
1353 22 1
1019 22 1
5998 22 1
1585 22 1
5034 22 1
5592 22 1
4945 22 1
2024 22 1
4627 22 1
1083 22 1
3038 22 1
3964 22 1
3767 22 1
1709 22 1
1108 22 1
5056 22 1
3118 22 1
4729 22 1
5667 22 1
565 22 1
1741 22 1
2219 22 1
2241 22 1
2923 22 1
1733 22 1
1878 22 1
4934 22 1
873 22 1
4603 22 1
2319 22 1
5332 22 1
947 22 1
4299 22 1
4717 22 1
4825 22 1
3622 22 1
490 22 1
122 22 1
1145 22 1
1410 22 1
4946 22 1
5240 22 1
709 22 1
101 22 1
6109 22 1
3038 22 1
5006 22 1
5154 22 1
5150 22 1
4679 22 1
6741 22 1
5101 22 1
808 22 1
4313 22 1
4397 22 1
5956 22 1
3604 22 1
5820 22 1
5846 22 1
2857 22 1
2964 22 1
4699 22 1
6479 22 1
895 22 1
491 22 1
676 22 1
2979 22 1
4781 22 1
917 22 1
5499 22 1
3818 22 1
4027 22 1
2350 22 1
5170 22 1
3897 22 1
3835 22 1
303 22 1
2846 22 1
4197 22 1
3291 22 1
2267 22 1
1770 22 1
1263 22 1
5503 22 1
5705 22 1
2131 22 1
6588 22 1
5351 22 1
3220 22 1
1208 22 1
6350 22 1
2950 22 1
4970 22 1
4467 22 1
6185 22 1
4036 22 1
2210 22 1
6357 22 1
1086 22 1
5379 22 1
5823 22 1
5089 22 1
1485 22 1
5583 22 1
6677 22 1
5111 22 1
5024 22 1
364 22 1
6625 22 1
1167 22 1
2567 22 1
2329 22 1
1289 22 1
6143 22 1
5717 22 1
4767 22 1
5377 22 1
1733 22 1
3670 22 1
4444 22 1
932 22 1
4331 22 1
2341 22 1
793 22 1
5885 22 1
6769 22 1
6700 22 1
6421 23 1
4893 23 1
5289 23 1
2650 23 1
4293 23 1
6363 23 1
263 23 1
2411 23 1
3133 23 1
3915 23 1
5144 23 1
743 23 1
2177 23 1
5720 23 1
6741 23 1
2402 23 1
552 23 1
6300 23 1
750 23 1
4856 23 1
1969 23 1
180 23 1
1476 23 1
5231 23 1
2198 23 1
2805 23 1
5859 23 1
3464 23 1
5570 23 1
4931 23 1
2290 23 1
2343 23 1
135 23 1
3857 23 1
2662 23 1
2663 23 1
5667 23 1
1018 23 1
3254 23 1
4914 23 1
3415 23 1
2615 23 1
2677 23 1
6135 23 1
1488 23 1
3971 23 1
6423 23 1
1437 23 1
216 23 1
6374 23 1
2736 23 1
6095 23 1
328 23 1
2746 23 1
4561 23 1
1881 23 1
5061 23 1
5298 23 1
2970 23 1
5309 23 1
748 23 1
5604 23 1
6716 23 1
5098 23 1
1529 23 1
1057 23 1
692 23 1
396 23 1
5581 23 1
1081 23 1
6337 23 1
5256 23 1
5206 23 1
337 23 1
1776 23 1
2355 23 1
6532 23 1
5081 23 1
2716 23 1
4585 23 1
1796 23 1
2735 23 1
6488 23 1
3142 23 1
339 23 1
6067 23 1
946 23 1
6693 23 1
4584 23 1
1726 23 1
2125 23 1
2273 23 1
4544 23 1
983 23 1
2273 23 1
5336 23 1
5450 23 1
1719 23 1
756 23 1
820 23 1
5006 23 1
1746 23 1
6129 23 1
5007 23 1
6719 23 1
4218 23 1
2759 23 1
3369 23 1
248 23 1
4145 23 1
3178 23 1
5122 23 1
3998 23 1
1160 23 1
2241 23 1
6373 23 1
2636 23 1
3065 23 1
3845 23 1
4840 23 1
4326 23 1
4179 23 1
6730 23 1
423 23 1
922 23 1
2679 23 1
4535 23 1
1540 23 1
4891 23 1
3310 23 1
2297 23 1
3977 23 1
2021 23 1
6283 23 1
2458 23 1
3409 23 1
3602 23 1
3217 23 1
4203 23 1
3026 23 1
5002 23 1
3032 23 1
3486 23 1
337 23 1
4270 23 1
4758 23 1
6655 23 1
1802 23 1
6219 23 1
697 23 1
3378 23 1
3094 23 1
131 23 1
2336 23 1
3782 23 1
3895 23 1
999 23 1
5682 23 1
1540 23 1
3110 23 1
6672 23 1
2687 23 1
5397 23 1
2613 23 1
1880 23 1
6559 23 1
365 23 1
1218 23 1
2729 23 1
876 23 1
297 23 1
4492 23 1
3293 23 1
586 23 1
5709 23 1
1637 23 1
5148 23 1
1601 23 1
4384 23 1
6325 23 1
2458 23 1
2277 23 1
6052 23 1
1999 23 1
1653 23 1
2746 23 1
6477 23 1
914 23 1
6037 23 1
851 23 1
1766 23 1
3042 23 1
2940 23 1
5262 23 1
2382 23 1
478 23 1
1460 23 1
4406 23 1
4723 23 1
3896 23 1
50 23 1
2791 23 1
5 23 1
383 23 1
5362 23 1
5550 23 1
2333 23 1
4514 23 1
1989 23 1
329 23 1
2813 24 1
5295 24 1
2602 24 1
2739 24 1
6636 24 1
5885 24 1
4253 24 1
2155 24 1
974 24 1
5908 24 1
6081 24 1
451 24 1
4761 24 1
4306 24 1
6117 24 1
3197 24 1
4867 24 1
1648 24 1
3549 24 1
388 24 1
554 24 1
2139 24 1
4483 24 1
5124 24 1
1257 24 1
3858 24 1
3231 24 1
877 24 1
896 24 1
5937 24 1
366 24 1
5277 24 1
2465 24 1
4925 24 1
3477 24 1
3821 24 1
810 24 1
6300 24 1
1203 24 1
6698 24 1
4149 24 1
3018 24 1
4101 24 1
1896 24 1
276 24 1
659 24 1
3053 24 1
4975 24 1
1116 24 1
4479 24 1
5197 24 1
5435 24 1
2722 24 1
6600 24 1
4980 24 1
2415 24 1
2165 24 1
4663 24 1
197 24 1
4838 24 1
5436 24 1
6246 24 1
3881 24 1
5297 24 1
510 24 1
5077 24 1
5313 24 1
596 24 1
1625 24 1
6653 24 1
4929 24 1
5483 24 1
6129 24 1
1098 24 1
5265 24 1
4789 24 1
1691 24 1
2052 24 1
1547 24 1
735 24 1
4581 24 1
4386 24 1
1324 24 1
2330 24 1
4731 24 1
5175 24 1
3085 24 1
2425 24 1
2135 24 1
4720 24 1
3263 24 1
4273 24 1
784 24 1
2899 24 1
4767 24 1
5274 24 1
6688 24 1
134 24 1
2494 24 1
1186 24 1
2538 24 1
620 24 1
5981 24 1
207 24 1
6474 24 1
1089 24 1
122 24 1
1978 24 1
2186 24 1
4174 24 1
2974 24 1
282 24 1
1442 24 1
6527 24 1
5389 24 1
6692 24 1
331 24 1
106 24 1
4249 24 1
1404 24 1
2457 24 1
1035 24 1
4319 24 1
6125 24 1
709 24 1
6077 24 1
4488 24 1
3288 24 1
5257 24 1
1011 24 1
51 24 1
1347 24 1
5728 24 1
718 24 1
2139 24 1
2932 24 1
4731 24 1
3829 24 1
4166 24 1
3124 24 1
134 24 1
3583 24 1
1988 24 1
4813 24 1
3077 24 1
6551 24 1
4302 24 1
375 24 1
331 24 1
3837 24 1
1255 24 1
3939 24 1
3729 24 1
3293 24 1
4928 24 1
232 24 1
4303 24 1
3545 24 1
2722 24 1
6113 24 1
4605 24 1
270 24 1
4377 24 1
4306 24 1
4785 24 1
6722 24 1
5413 24 1
6336 24 1
3638 24 1
4297 24 1
1492 24 1
1170 24 1
3612 24 1
2347 24 1
2583 24 1
6740 24 1
2516 24 1
632 24 1
4592 24 1
977 24 1
973 24 1
143 24 1
3860 24 1
5963 24 1
1673 24 1
5997 24 1
5327 24 1
5276 24 1
4953 24 1
4608 24 1
249 24 1
275 24 1
5890 24 1
6404 24 1
5158 24 1
2002 24 1
5180 24 1
2211 24 1
6014 24 1
2785 24 1
1032 24 1
6786 24 1
3269 24 1
5903 24 1
6661 24 1
1071 24 1
6408 24 1
4091 24 1
6528 24 1
744 24 1
6263 25 1
6004 25 1
1596 25 1
5751 25 1
2878 25 1
5286 25 1
3683 25 1
5780 25 1
1627 25 1
3056 25 1
2673 25 1
5492 25 1
4991 25 1
1387 25 1
1846 25 1
6389 25 1
3843 25 1
369 25 1
1671 25 1
2393 25 1
2327 25 1
1037 25 1
5140 25 1
5129 25 1
1187 25 1
2169 25 1
6332 25 1
2123 25 1
6040 25 1
2064 25 1
610 25 1
4042 25 1
3307 25 1
893 25 1
2091 25 1
3077 25 1
1475 25 1
1740 25 1
6185 25 1
357 25 1
3372 25 1
3131 25 1
5442 25 1
4386 25 1
5026 25 1
6692 25 1
1335 25 1
4409 25 1
912 25 1
6380 25 1
2800 25 1
642 25 1
3442 25 1
536 25 1
3567 25 1
353 25 1
1504 25 1
2818 25 1
5052 25 1
127 25 1
5027 25 1
3943 25 1
1847 25 1
215 25 1
1561 25 1
3808 25 1
4793 25 1
6352 25 1
1523 25 1
3820 25 1
15 25 1
5257 25 1
1744 25 1
6488 25 1
2211 25 1
5179 25 1
3070 25 1
5972 25 1
2604 25 1
2144 25 1
2404 25 1
6169 25 1
5435 25 1
2935 25 1
3981 25 1
3285 25 1
4751 25 1
6128 25 1
2302 25 1
2336 25 1
1767 25 1
1333 25 1
4574 25 1
3286 25 1
6766 25 1
6217 25 1
6183 25 1
1974 25 1
1371 25 1
4541 25 1
5293 25 1
6639 25 1
2568 25 1
1170 25 1
5987 25 1
649 25 1
5238 25 1
270 25 1
6672 25 1
6589 25 1
1500 25 1
4053 25 1
6087 25 1
1974 25 1
6696 25 1
6720 25 1
5236 25 1
5369 25 1
416 25 1
2039 25 1
1729 25 1
5689 25 1
1989 25 1
5356 25 1
4966 25 1
5734 25 1
3738 25 1
4823 25 1
2273 25 1
2700 25 1
6550 25 1
6240 25 1
5311 25 1
5296 25 1
4129 25 1
4647 25 1
1403 25 1
6614 25 1
704 25 1
3074 25 1
5786 25 1
5327 25 1
4608 25 1
600 25 1
689 25 1
3985 25 1
4700 25 1
3844 25 1
1698 25 1
6131 25 1
81 25 1
5442 25 1
6233 25 1
2029 25 1
6632 25 1
5250 25 1
2280 25 1
1054 25 1
280 25 1
5565 25 1
5981 25 1
5821 25 1
290 25 1
6492 25 1
1270 25 1
999 25 1
2068 25 1
2571 25 1
3061 25 1
2332 25 1
2596 25 1
1629 25 1
4471 25 1
2831 25 1
5472 25 1
5338 25 1
5302 25 1
4033 25 1
53 25 1
659 25 1
4061 25 1
4787 25 1
1255 25 1
4589 25 1
1756 25 1
6475 25 1
1156 25 1
2490 25 1
4044 25 1
4838 25 1
6388 25 1
3125 25 1
4944 25 1
5427 25 1
3776 25 1
1968 25 1
3292 25 1
2329 25 1
6304 25 1
2328 25 1
3958 25 1
6265 25 1
4794 25 1
2498 25 1
235 25 1
6556 25 1
4790 25 1
317 25 1
6130 25 1
544 25 1
5579 26 1
4060 26 1
6006 26 1
2286 26 1
4280 26 1
6160 26 1
2270 26 1
5780 26 1
143 26 1
5443 26 1
4052 26 1
5966 26 1
2146 26 1
3579 26 1
3787 26 1
384 26 1
4034 26 1
4435 26 1
2563 26 1
1796 26 1
4551 26 1
2801 26 1
59 26 1
2946 26 1
4685 26 1
2214 26 1
2609 26 1
1189 26 1
3980 26 1
4347 26 1
999 26 1
3143 26 1
3972 26 1
1442 26 1
474 26 1
2125 26 1
3272 26 1
1309 26 1
6315 26 1
1751 26 1
5381 26 1
2513 26 1
4889 26 1
5985 26 1
129 26 1
4486 26 1
5353 26 1
2872 26 1
4893 26 1
3793 26 1
2207 26 1
976 26 1
4649 26 1
6747 26 1
2865 26 1
446 26 1
119 26 1
926 26 1
695 26 1
3065 26 1
5595 26 1
5862 26 1
5451 26 1
4015 26 1
4334 26 1
4762 26 1
3153 26 1
4101 26 1
6260 26 1
1058 26 1
5748 26 1
3214 26 1
1527 26 1
3363 26 1
5633 26 1
2439 26 1
3151 26 1
1204 26 1
974 26 1
242 26 1
5031 26 1
2934 26 1
6385 26 1
3450 26 1
4785 26 1
597 26 1
4284 26 1
5127 26 1
2825 26 1
4273 26 1
5675 26 1
5913 26 1
52 26 1
2123 26 1
1070 26 1
5437 26 1
1381 26 1
5714 26 1
5562 26 1
2723 26 1
5013 26 1
6358 26 1
2486 26 1
3463 26 1
6011 26 1
2228 26 1
1117 26 1
2313 26 1
4872 26 1
5581 26 1
860 26 1
6378 26 1
3082 26 1
5820 26 1
2779 26 1
1575 26 1
4450 26 1
4267 26 1
5964 26 1
1502 26 1
6714 26 1
3487 26 1
6644 26 1
5032 26 1
3656 26 1
577 26 1
5735 26 1
4574 26 1
3110 26 1
6622 26 1
3272 26 1
1258 26 1
2697 26 1
3618 26 1
4627 26 1
1308 26 1
5978 26 1
3752 26 1
1073 26 1
309 26 1
6402 26 1
6461 26 1
1832 26 1
3505 26 1
4897 26 1
2564 26 1
482 26 1
4916 26 1
1561 26 1
1865 26 1
5291 26 1
1517 26 1
4804 26 1
177 26 1
5976 26 1
5097 26 1
3788 26 1
1626 26 1
3909 26 1
2570 26 1
3305 26 1
4101 26 1
800 26 1
1957 26 1
3580 26 1
495 26 1
2258 26 1
6196 26 1
6196 26 1
5228 26 1
4363 26 1
337 26 1
3510 26 1
6001 26 1
2868 26 1
5515 26 1
3622 26 1
5174 26 1
447 26 1
4479 26 1
3844 26 1
906 26 1
1321 26 1
2800 26 1
1516 26 1
2037 26 1
6665 26 1
36 26 1
546 26 1
3549 26 1
2296 26 1
3958 26 1
2240 26 1
5353 26 1
518 26 1
60 26 1
2470 26 1
2511 26 1
6343 26 1
1905 26 1
6408 26 1
2135 26 1
4727 26 1
2935 26 1
1148 26 1
4117 26 1
3587 26 1
272 26 1
3804 26 1
4739 26 1
2044 27 1
2753 27 1
510 27 1
5277 27 1
6141 27 1
2060 27 1
656 27 1
2475 27 1
1288 27 1
5795 27 1
6029 27 1
451 27 1
6681 27 1
492 27 1
539 27 1
2613 27 1
6136 27 1
2989 27 1
3411 27 1
3374 27 1
5459 27 1
3979 27 1
1198 27 1
5360 27 1
2088 27 1
2029 27 1
1475 27 1
160 27 1
6603 27 1
3630 27 1
3317 27 1
1798 27 1
656 27 1
1963 27 1
5386 27 1
288 27 1
6606 27 1
5531 27 1
5630 27 1
4071 27 1
5364 27 1
3912 27 1
146 27 1
1736 27 1
3892 27 1
3448 27 1
6160 27 1
3598 27 1
6765 27 1
4210 27 1
5410 27 1
4289 27 1
237 27 1
4763 27 1
2015 27 1
2253 27 1
339 27 1
1378 27 1
6108 27 1
3560 27 1
141 27 1
4319 27 1
2382 27 1
5955 27 1
5511 27 1
3899 27 1
2262 27 1
4464 27 1
3606 27 1
2077 27 1
1670 27 1
5848 27 1
3810 27 1
5415 27 1
3636 27 1
6358 27 1
5696 27 1
1130 27 1
2877 27 1
48 27 1
3678 27 1
353 27 1
5163 27 1
1614 27 1
345 27 1
5624 27 1
1983 27 1
6041 27 1
2627 27 1
2999 27 1
3748 27 1
2654 27 1
6287 27 1
3327 27 1
5439 27 1
4091 27 1
5111 27 1
1345 27 1
724 27 1
1630 27 1
32 27 1
2421 27 1
5345 27 1
5662 27 1
4592 27 1
3707 27 1
4740 27 1
1195 27 1
522 27 1
2689 27 1
6570 27 1
72 27 1
6572 27 1
5578 27 1
6066 27 1
286 27 1
2900 27 1
6170 27 1
2324 27 1
2490 27 1
2432 27 1
3358 27 1
3922 27 1
6703 27 1
912 27 1
6614 27 1
4654 27 1
5949 27 1
3803 27 1
3309 27 1
841 27 1
2224 27 1
3058 27 1
5295 27 1
6784 27 1
5094 27 1
2974 27 1
3717 27 1
3343 27 1
4372 27 1
4098 27 1
496 27 1
1713 27 1
3353 27 1
2574 27 1
5292 27 1
5681 27 1
1154 27 1
3824 27 1
5806 27 1
2296 27 1
86 27 1
1944 27 1
445 27 1
2495 27 1
2442 27 1
2761 27 1
592 27 1
1165 27 1
3329 27 1
3303 27 1
588 27 1
3430 27 1
1127 27 1
6451 27 1
417 27 1
2484 27 1
4491 27 1
5443 27 1
3845 27 1
3722 27 1
2358 27 1
3505 27 1
5532 27 1
4248 27 1
2032 27 1
5856 27 1
3402 27 1
6492 27 1
2777 27 1
580 27 1
6690 27 1
4903 27 1
6096 27 1
3499 27 1
1898 27 1
3286 27 1
3756 27 1
6730 27 1
2553 27 1
1729 27 1
5372 27 1
244 27 1
533 27 1
1875 27 1
5323 27 1
924 27 1
1157 27 1
1627 27 1
5054 27 1
1340 27 1
1857 27 1
5074 27 1
5778 27 1
3690 27 1
2496 27 1
3794 27 1
5002 27 1
6426 27 1
4441 27 1
5419 28 1
2250 28 1
3144 28 1
2333 28 1
2209 28 1
1413 28 1
5016 28 1
4825 28 1
6419 28 1
3211 28 1
6409 28 1
6278 28 1
4652 28 1
1866 28 1
4071 28 1
6298 28 1
5481 28 1
1349 28 1
5225 28 1
1385 28 1
5481 28 1
2163 28 1
60 28 1
73 28 1
2061 28 1
2222 28 1
5823 28 1
6351 28 1
988 28 1
1333 28 1
2534 28 1
5322 28 1
1535 28 1
6558 28 1
1430 28 1
3099 28 1
901 28 1
3111 28 1
2502 28 1
499 28 1
4524 28 1
4104 28 1
1740 28 1
4248 28 1
2612 28 1
1360 28 1
328 28 1
6175 28 1
6298 28 1
6204 28 1
3948 28 1
753 28 1
6312 28 1
752 28 1
3973 28 1
1280 28 1
2883 28 1
1233 28 1
5623 28 1
2386 28 1
4260 28 1
1744 28 1
817 28 1
6666 28 1
1897 28 1
5944 28 1
1035 28 1
6640 28 1
5039 28 1
2252 28 1
3958 28 1
355 28 1
980 28 1
2972 28 1
6675 28 1
286 28 1
4877 28 1
589 28 1
4030 28 1
4190 28 1
137 28 1
6507 28 1
5645 28 1
4112 28 1
2763 28 1
6494 28 1
5621 28 1
3450 28 1
5771 28 1
4548 28 1
3595 28 1
4166 28 1
5704 28 1
4875 28 1
3122 28 1
4267 28 1
2845 28 1
2924 28 1
6375 28 1
2230 28 1
4255 28 1
5941 28 1
2796 28 1
2529 28 1
2317 28 1
864 28 1
4693 28 1
2927 28 1
5460 28 1
1727 28 1
2304 28 1
5878 28 1
2146 28 1
2383 28 1
1090 28 1
1663 28 1
4642 28 1
6625 28 1
5616 28 1
2851 28 1
3014 28 1
6236 28 1
1402 28 1
2805 28 1
448 28 1
1337 28 1
1578 28 1
4187 28 1
1116 28 1
2825 28 1
6533 28 1
100 28 1
627 28 1
5176 28 1
2182 28 1
5391 28 1
6115 28 1
5366 28 1
1355 28 1
682 28 1
3130 28 1
3481 28 1
224 28 1
1099 28 1
5427 28 1
6737 28 1
879 28 1
603 28 1
1390 28 1
2561 28 1
5696 28 1
4127 28 1
3685 28 1
1965 28 1
1866 28 1
1227 28 1
5060 28 1
6357 28 1
2528 28 1
5709 28 1
5557 28 1
4785 28 1
3176 28 1
2301 28 1
1639 28 1
1675 28 1
222 28 1
264 28 1
456 28 1
6728 28 1
5765 28 1
1988 28 1
4186 28 1
5169 28 1
5795 28 1
3824 28 1
812 28 1
6332 28 1
3721 28 1
4624 28 1
6303 28 1
6131 28 1
1722 28 1
5794 28 1
1722 28 1
527 28 1
2526 28 1
2007 28 1
3758 28 1
6432 28 1
5461 28 1
2187 28 1
3478 28 1
5809 28 1
870 28 1
1109 28 1
4241 28 1
1379 28 1
1154 28 1
2286 28 1
2617 28 1
1864 28 1
2756 28 1
1614 28 1
3033 28 1
3645 28 1
1943 28 1
5884 28 1
1859 28 1
4276 28 1
5520 29 1
3607 29 1
5174 29 1
6149 29 1
4197 29 1
6624 29 1
97 29 1
5716 29 1
2139 29 1
2868 29 1
4765 29 1
139 29 1
1165 29 1
308 29 1
6243 29 1
3215 29 1
1660 29 1
3332 29 1
4775 29 1
5499 29 1
774 29 1
5363 29 1
3645 29 1
221 29 1
6314 29 1
739 29 1
3732 29 1
5017 29 1
6458 29 1
3397 29 1
4700 29 1
1486 29 1
4034 29 1
285 29 1
277 29 1
6024 29 1
1887 29 1
688 29 1
369 29 1
4199 29 1
6003 29 1
2052 29 1
1178 29 1
2395 29 1
4415 29 1
6373 29 1
1014 29 1
569 29 1
4589 29 1
4222 29 1
1010 29 1
5336 29 1
683 29 1
2055 29 1
1045 29 1
2549 29 1
2605 29 1
5703 29 1
2057 29 1
2096 29 1
6385 29 1
883 29 1
2546 29 1
6204 29 1
4225 29 1
257 29 1
1873 29 1
4425 29 1
4776 29 1
3104 29 1
2429 29 1
3953 29 1
4666 29 1
2812 29 1
1227 29 1
5516 29 1
6041 29 1
921 29 1
6236 29 1
1441 29 1
4018 29 1
157 29 1
124 29 1
3955 29 1
415 29 1
6571 29 1
6743 29 1
4157 29 1
2751 29 1
3859 29 1
3327 29 1
4371 29 1
6561 29 1
3698 29 1
2270 29 1
2233 29 1
2072 29 1
2599 29 1
6312 29 1
6396 29 1
5102 29 1
570 29 1
3617 29 1
2286 29 1
4801 29 1
2708 29 1
3963 29 1
187 29 1
5203 29 1
807 29 1
2162 29 1
2870 29 1
5870 29 1
5457 29 1
4054 29 1
4829 29 1
3232 29 1
1237 29 1
5154 29 1
91 29 1
5299 29 1
4808 29 1
94 29 1
6002 29 1
3056 29 1
4470 29 1
4190 29 1
4848 29 1
3591 29 1
6695 29 1
1907 29 1
5241 29 1
4673 29 1
2206 29 1
1898 29 1
3117 29 1
6102 29 1
2034 29 1
298 29 1
4515 29 1
3754 29 1
5995 29 1
1358 29 1
2607 29 1
3730 29 1
4560 29 1
6033 29 1
3574 29 1
16 29 1
3163 29 1
1276 29 1
1395 29 1
4248 29 1
6394 29 1
5076 29 1
6404 29 1
3724 29 1
3846 29 1
6113 29 1
2597 29 1
4402 29 1
6496 29 1
2279 29 1
1963 29 1
3896 29 1
1513 29 1
1501 29 1
4870 29 1
1205 29 1
466 29 1
5737 29 1
716 29 1
1345 29 1
1526 29 1
842 29 1
999 29 1
2181 29 1
6291 29 1
6462 29 1
3787 29 1
5787 29 1
1468 29 1
6299 29 1
5212 29 1
3574 29 1
5144 29 1
3907 29 1
1193 29 1
4454 29 1
5089 29 1
5003 29 1
1655 29 1
6674 29 1
150 29 1
4037 29 1
6717 29 1
909 29 1
4648 29 1
574 29 1
1966 29 1
2313 29 1
4630 29 1
2433 29 1
4473 29 1
3708 29 1
2782 29 1
2371 29 1
3246 29 1
5607 29 1
2821 29 1
5839 30 1
3662 30 1
1226 30 1
3752 30 1
719 30 1
1624 30 1
3364 30 1
6159 30 1
3050 30 1
4149 30 1
987 30 1
936 30 1
1313 30 1
2289 30 1
1085 30 1
1090 30 1
774 30 1
2800 30 1
5080 30 1
5004 30 1
4273 30 1
1317 30 1
2749 30 1
1252 30 1
4881 30 1
3423 30 1
3184 30 1
4342 30 1
1350 30 1
3530 30 1
661 30 1
3894 30 1
2486 30 1
3179 30 1
2920 30 1
893 30 1
4304 30 1
3901 30 1
5581 30 1
3588 30 1
2805 30 1
957 30 1
1971 30 1
191 30 1
138 30 1
2553 30 1
3167 30 1
1820 30 1
4958 30 1
2664 30 1
1106 30 1
4469 30 1
1920 30 1
3520 30 1
6516 30 1
448 30 1
4360 30 1
4565 30 1
619 30 1
1721 30 1
4165 30 1
4104 30 1
3687 30 1
2784 30 1
6033 30 1
1801 30 1
5321 30 1
3337 30 1
434 30 1
3116 30 1
4830 30 1
1916 30 1
3200 30 1
5361 30 1
4599 30 1
908 30 1
342 30 1
3842 30 1
1488 30 1
6445 30 1
4501 30 1
3386 30 1
3347 30 1
2538 30 1
303 30 1
617 30 1
6663 30 1
4569 30 1
1674 30 1
91 30 1
2973 30 1
3590 30 1
5648 30 1
2038 30 1
4751 30 1
6031 30 1
1147 30 1
130 30 1
3083 30 1
6073 30 1
5844 30 1
1243 30 1
995 30 1
1856 30 1
6406 30 1
1654 30 1
3526 30 1
4912 30 1
4850 30 1
3685 30 1
6003 30 1
4639 30 1
3443 30 1
280 30 1
803 30 1
5212 30 1
3849 30 1
4227 30 1
2773 30 1
392 30 1
4373 30 1
814 30 1
2137 30 1
5932 30 1
2894 30 1
3720 30 1
2996 30 1
2181 30 1
5230 30 1
1852 30 1
3895 30 1
6309 30 1
731 30 1
5239 30 1
970 30 1
1689 30 1
1218 30 1
1374 30 1
5559 30 1
4279 30 1
1948 30 1
2613 30 1
3655 30 1
2708 30 1
4769 30 1
1950 30 1
5009 30 1
1915 30 1
5289 30 1
5001 30 1
6358 30 1
443 30 1
2914 30 1
4035 30 1
1830 30 1
4586 30 1
4354 30 1
5281 30 1
1548 30 1
6268 30 1
3835 30 1
175 30 1
257 30 1
105 30 1
6347 30 1
2637 30 1
6782 30 1
3001 30 1
4202 30 1
1292 30 1
870 30 1
107 30 1
461 30 1
3583 30 1
595 30 1
2626 30 1
3771 30 1
6019 30 1
2596 30 1
5130 30 1
2497 30 1
2388 30 1
3738 30 1
5534 30 1
115 30 1
6308 30 1
4967 30 1
3364 30 1
6172 30 1
2847 30 1
771 30 1
1519 30 1
6423 30 1
976 30 1
2327 30 1
1703 30 1
506 30 1
1914 30 1
3154 30 1
3549 30 1
2718 30 1
3528 30 1
5027 30 1
4978 30 1
4139 30 1
635 30 1
6358 30 1
244 30 1
2711 30 1
4049 30 1
1563 31 1
3529 31 1
1693 31 1
1964 31 1
484 31 1
2641 31 1
5719 31 1
4987 31 1
3402 31 1
448 31 1
5721 31 1
2830 31 1
1941 31 1
6080 31 1
4739 31 1
708 31 1
589 31 1
1396 31 1
2324 31 1
2318 31 1
4265 31 1
4763 31 1
5972 31 1
2169 31 1
6180 31 1
3238 31 1
2988 31 1
3101 31 1
3319 31 1
679 31 1
2065 31 1
5001 31 1
1282 31 1
2656 31 1
852 31 1
376 31 1
2133 31 1
6382 31 1
1200 31 1
3001 31 1
939 31 1
3145 31 1
3872 31 1
1699 31 1
1560 31 1
1518 31 1
5911 31 1
448 31 1
3449 31 1
1736 31 1
961 31 1
3054 31 1
279 31 1
1598 31 1
5230 31 1
248 31 1
4475 31 1
2621 31 1
4763 31 1
5678 31 1
612 31 1
6565 31 1
1662 31 1
6235 31 1
3829 31 1
5442 31 1
5412 31 1
5360 31 1
1554 31 1
1334 31 1
5332 31 1
2223 31 1
4567 31 1
5766 31 1
3970 31 1
3864 31 1
836 31 1
4746 31 1
504 31 1
4504 31 1
3970 31 1
414 31 1
1549 31 1
3238 31 1
2472 31 1
776 31 1
388 31 1
5110 31 1
4356 31 1
786 31 1
3616 31 1
4612 31 1
1825 31 1
5890 31 1
542 31 1
6332 31 1
581 31 1
3456 31 1
3166 31 1
4610 31 1
2958 31 1
4626 31 1
6751 31 1
1278 31 1
4172 31 1
94 31 1
1782 31 1
830 31 1
57 31 1
3574 31 1
240 31 1
2560 31 1
822 31 1
933 31 1
2555 31 1
3592 31 1
1883 31 1
3781 31 1
3779 31 1
2736 31 1
2317 31 1
4384 31 1
418 31 1
5925 31 1
651 31 1
3495 31 1
3957 31 1
1817 31 1
6533 31 1
1335 31 1
1447 31 1
2655 31 1
5612 31 1
4871 31 1
1623 31 1
1831 31 1
5836 31 1
1402 31 1
1025 31 1
6145 31 1
2231 31 1
1542 31 1
2331 31 1
5778 31 1
2430 31 1
3122 31 1
16 31 1
5697 31 1
417 31 1
5518 31 1
5341 31 1
1117 31 1
5993 31 1
5444 31 1
797 31 1
6042 31 1
2586 31 1
561 31 1
1894 31 1
3138 31 1
5000 31 1
1371 31 1
1715 31 1
1513 31 1
189 31 1
5624 31 1
5414 31 1
1933 31 1
3108 31 1
3335 31 1
4221 31 1
3522 31 1
5312 31 1
3662 31 1
3701 31 1
6369 31 1
5092 31 1
5952 31 1
4391 31 1
4536 31 1
4281 31 1
4642 31 1
303 31 1
2746 31 1
6432 31 1
3681 31 1
1349 31 1
1561 31 1
5971 31 1
5004 31 1
3905 31 1
4514 31 1
6431 31 1
3964 31 1
5054 31 1
4943 31 1
1924 31 1
6252 31 1
3663 31 1
6296 31 1
5128 31 1
4220 31 1
1256 31 1
5106 31 1
5884 31 1
101 31 1
1374 31 1
782 31 1
3365 31 1
3792 31 1
3463 32 1
5700 32 1
6652 32 1
3242 32 1
3314 32 1
4050 32 1
3263 32 1
1701 32 1
4536 32 1
6547 32 1
370 32 1
1892 32 1
2195 32 1
2961 32 1
4755 32 1
6154 32 1
1574 32 1
367 32 1
4807 32 1
2192 32 1
1003 32 1
2645 32 1
902 32 1
5325 32 1
394 32 1
2798 32 1
1468 32 1
1294 32 1
6302 32 1
2171 32 1
5361 32 1
3452 32 1
270 32 1
4333 32 1
2679 32 1
166 32 1
1366 32 1
439 32 1
6180 32 1
6719 32 1
2011 32 1
5044 32 1
98 32 1
6660 32 1
2607 32 1
6475 32 1
2527 32 1
1094 32 1
2787 32 1
73 32 1
5435 32 1
135 32 1
4361 32 1
2324 32 1
3302 32 1
1375 32 1
4779 32 1
2768 32 1
58 32 1
194 32 1
5936 32 1
3070 32 1
5381 32 1
5172 32 1
5165 32 1
4147 32 1
6040 32 1
81 32 1
1692 32 1
1162 32 1
1531 32 1
5763 32 1
96 32 1
5634 32 1
3432 32 1
4095 32 1
3887 32 1
2275 32 1
571 32 1
5541 32 1
4221 32 1
6118 32 1
2817 32 1
4243 32 1
2813 32 1
545 32 1
4882 32 1
4848 32 1
1204 32 1
5643 32 1
6505 32 1
1379 32 1
6101 32 1
3970 32 1
2815 32 1
4435 32 1
5029 32 1
3052 32 1
6736 32 1
6021 32 1
5076 32 1
2443 32 1
2499 32 1
6300 32 1
689 32 1
4263 32 1
4829 32 1
592 32 1
3025 32 1
1336 32 1
4049 32 1
4307 32 1
3796 32 1
4717 32 1
947 32 1
859 32 1
4294 32 1
3687 32 1
2614 32 1
1938 32 1
4872 32 1
1443 32 1
4567 32 1
5078 32 1
602 32 1
4003 32 1
5780 32 1
3887 32 1
6696 32 1
3860 32 1
4995 32 1
4854 32 1
5714 32 1
1004 32 1
887 32 1
3837 32 1
3071 32 1
231 32 1
5628 32 1
5514 32 1
4896 32 1
4806 32 1
4668 32 1
5305 32 1
38 32 1
3615 32 1
5911 32 1
5469 32 1
1563 32 1
4554 32 1
2303 32 1
1349 32 1
3016 32 1
286 32 1
3459 32 1
2982 32 1
6389 32 1
2143 32 1
4696 32 1
2039 32 1
3822 32 1
5523 32 1
6751 32 1
6118 32 1
2297 32 1
3127 32 1
4371 32 1
3778 32 1
5915 32 1
1312 32 1
2055 32 1
5679 32 1
1024 32 1
5556 32 1
1953 32 1
4897 32 1
1925 32 1
5502 32 1
6753 32 1
5941 32 1
4848 32 1
2468 32 1
2327 32 1
5119 32 1
233 32 1
696 32 1
1457 32 1
611 32 1
5005 32 1
4330 32 1
2144 32 1
3758 32 1
1181 32 1
162 32 1
3372 32 1
5263 32 1
4436 32 1
845 32 1
4519 32 1
4474 32 1
3429 32 1
88 32 1
6029 32 1
2185 32 1
5375 32 1
5600 32 1
5668 32 1
5871 32 1
6113 32 1
6566 32 1
6300 33 1
2298 33 1
1029 33 1
4055 33 1
2745 33 1
1216 33 1
3044 33 1
179 33 1
4795 33 1
1230 33 1
3232 33 1
5928 33 1
3035 33 1
4296 33 1
4738 33 1
90 33 1
5196 33 1
3072 33 1
355 33 1
5131 33 1
2901 33 1
5405 33 1
272 33 1
4276 33 1
568 33 1
5052 33 1
126 33 1
5895 33 1
1033 33 1
6331 33 1
1603 33 1
2373 33 1
5587 33 1
2384 33 1
3951 33 1
1595 33 1
2670 33 1
638 33 1
3693 33 1
6588 33 1
2081 33 1
3496 33 1
36 33 1
2634 33 1
3740 33 1
2840 33 1
3800 33 1
4827 33 1
80 33 1
5044 33 1
2400 33 1
3752 33 1
5387 33 1
3271 33 1
3352 33 1
4184 33 1
4495 33 1
5202 33 1
738 33 1
1633 33 1
3543 33 1
3611 33 1
6433 33 1
5955 33 1
638 33 1
6613 33 1
559 33 1
5382 33 1
5466 33 1
4818 33 1
3212 33 1
3053 33 1
1365 33 1
765 33 1
983 33 1
635 33 1
841 33 1
3451 33 1
1227 33 1
2264 33 1
1419 33 1
4286 33 1
5971 33 1
6759 33 1
2420 33 1
599 33 1
5117 33 1
4181 33 1
1750 33 1
1525 33 1
1109 33 1
2467 33 1
5426 33 1
256 33 1
2120 33 1
4660 33 1
1718 33 1
4890 33 1
5074 33 1
804 33 1
284 33 1
198 33 1
813 33 1
2068 33 1
6514 33 1
3815 33 1
232 33 1
859 33 1
3754 33 1
6026 33 1
238 33 1
3644 33 1
2529 33 1
5978 33 1
1482 33 1
3966 33 1
4147 33 1
2663 33 1
3584 33 1
2766 33 1
6250 33 1
4939 33 1
2103 33 1
659 33 1
692 33 1
2731 33 1
328 33 1
2994 33 1
4204 33 1
777 33 1
2054 33 1
4994 33 1
4656 33 1
2030 33 1
5585 33 1
4526 33 1
5628 33 1
3925 33 1
1561 33 1
1245 33 1
1288 33 1
1471 33 1
5391 33 1
5053 33 1
3430 33 1
5271 33 1
2024 33 1
5709 33 1
5743 33 1
1739 33 1
3448 33 1
3608 33 1
4477 33 1
4589 33 1
3275 33 1
2906 33 1
2315 33 1
1066 33 1
440 33 1
6477 33 1
6137 33 1
2146 33 1
2448 33 1
1514 33 1
6219 33 1
62 33 1
4153 33 1
17 33 1
4995 33 1
1253 33 1
6562 33 1
1140 33 1
1611 33 1
5548 33 1
3542 33 1
5771 33 1
1593 33 1
6095 33 1
6589 33 1
4455 33 1
5020 33 1
2967 33 1
1115 33 1
222 33 1
2435 33 1
4118 33 1
5669 33 1
3692 33 1
2612 33 1
5950 33 1
6655 33 1
3501 33 1
3840 33 1
4220 33 1
6596 33 1
2075 33 1
3903 33 1
5175 33 1
5408 33 1
224 33 1
4791 33 1
4457 33 1
770 33 1
1992 33 1
2165 33 1
2495 33 1
2444 33 1
6507 33 1
6445 33 1
3563 33 1
4083 34 1
263 34 1
4120 34 1
5567 34 1
1109 34 1
4425 34 1
4581 34 1
6334 34 1
6029 34 1
3173 34 1
5592 34 1
1189 34 1
2643 34 1
2712 34 1
4479 34 1
461 34 1
571 34 1
3472 34 1
4496 34 1
4781 34 1
5724 34 1
4578 34 1
932 34 1
6025 34 1
5975 34 1
5767 34 1
896 34 1
2493 34 1
5137 34 1
2598 34 1
1478 34 1
5167 34 1
5706 34 1
5063 34 1
3694 34 1
3664 34 1
4422 34 1
10 34 1
3122 34 1
4320 34 1
3041 34 1
6325 34 1
1194 34 1
3438 34 1
2264 34 1
339 34 1
5838 34 1
2966 34 1
1128 34 1
5979 34 1
249 34 1
958 34 1
1272 34 1
6069 34 1
3724 34 1
4791 34 1
2950 34 1
3400 34 1
6408 34 1
1515 34 1
5523 34 1
4237 34 1
2269 34 1
4046 34 1
5046 34 1
6361 34 1
5376 34 1
549 34 1
3420 34 1
2144 34 1
2774 34 1
3962 34 1
1680 34 1
3889 34 1
6290 34 1
6271 34 1
4392 34 1
4249 34 1
4335 34 1
2964 34 1
4413 34 1
5285 34 1
1091 34 1
1926 34 1
6713 34 1
3678 34 1
5074 34 1
6778 34 1
1767 34 1
2292 34 1
784 34 1
3287 34 1
2101 34 1
3371 34 1
2499 34 1
4552 34 1
3638 34 1
3385 34 1
5091 34 1
5930 34 1
1655 34 1
4176 34 1
3255 34 1
3659 34 1
836 34 1
373 34 1
2068 34 1
89 34 1
4795 34 1
4235 34 1
6311 34 1
4610 34 1
1559 34 1
94 34 1
2129 34 1
5849 34 1
4738 34 1
3192 34 1
4286 34 1
3592 34 1
3172 34 1
1959 34 1
4720 34 1
6438 34 1
5581 34 1
1936 34 1
1614 34 1
6618 34 1
1079 34 1
3640 34 1
1349 34 1
2995 34 1
1252 34 1
5846 34 1
492 34 1
6757 34 1
5598 34 1
30 34 1
3686 34 1
2720 34 1
4764 34 1
5 34 1
1873 34 1
3074 34 1
201 34 1
2919 34 1
5200 34 1
5745 34 1
2931 34 1
4265 34 1
580 34 1
2878 34 1
4767 34 1
3115 34 1
3121 34 1
397 34 1
384 34 1
3601 34 1
3443 34 1
1813 34 1
4257 34 1
2295 34 1
1547 34 1
4601 34 1
6052 34 1
3144 34 1
60 34 1
5647 34 1
251 34 1
2824 34 1
6531 34 1
5173 34 1
415 34 1
296 34 1
1157 34 1
1495 34 1
1979 34 1
6490 34 1
1195 34 1
3712 34 1
3543 34 1
3973 34 1
5977 34 1
4927 34 1
2001 34 1
4374 34 1
3636 34 1
2377 34 1
5828 34 1
6070 34 1
3023 34 1
6358 34 1
5804 34 1
1659 34 1
1598 34 1
4392 34 1
1076 34 1
1298 34 1
3264 34 1
6559 34 1
3836 34 1
3638 34 1
3375 34 1
904 34 1
5638 34 1
1863 34 1
2538 34 1
4592 34 1
2290 34 1
4838 34 1
6602 35 1
256 35 1
4547 35 1
2621 35 1
1994 35 1
4785 35 1
3945 35 1
2440 35 1
3051 35 1
39 35 1
971 35 1
1243 35 1
6477 35 1
1684 35 1
3962 35 1
4112 35 1
6769 35 1
4286 35 1
4803 35 1
2165 35 1
2360 35 1
5884 35 1
576 35 1
6518 35 1
3006 35 1
1066 35 1
4383 35 1
1409 35 1
2108 35 1
572 35 1
3691 35 1
4125 35 1
3827 35 1
3275 35 1
5839 35 1
5075 35 1
6560 35 1
3153 35 1
3528 35 1
4682 35 1
1290 35 1
1905 35 1
1502 35 1
5012 35 1
2358 35 1
898 35 1
4598 35 1
6401 35 1
6338 35 1
1538 35 1
1900 35 1
3447 35 1
2181 35 1
2539 35 1
3618 35 1
5949 35 1
5073 35 1
1928 35 1
2893 35 1
83 35 1
2937 35 1
5034 35 1
703 35 1
3726 35 1
6204 35 1
3750 35 1
3643 35 1
1778 35 1
1024 35 1
1834 35 1
5485 35 1
6437 35 1
5836 35 1
6302 35 1
5971 35 1
5694 35 1
1338 35 1
6693 35 1
1367 35 1
327 35 1
2092 35 1
3341 35 1
3402 35 1
4874 35 1
423 35 1
2471 35 1
1718 35 1
4598 35 1
3317 35 1
374 35 1
3707 35 1
4883 35 1
1870 35 1
6620 35 1
5657 35 1
2774 35 1
1512 35 1
552 35 1
1153 35 1
4226 35 1
349 35 1
846 35 1
3456 35 1
2442 35 1
5580 35 1
1674 35 1
4875 35 1
3328 35 1
3202 35 1
6229 35 1
3445 35 1
4150 35 1
1241 35 1
2817 35 1
2383 35 1
6298 35 1
1837 35 1
6216 35 1
5758 35 1
4499 35 1
749 35 1
5429 35 1
3879 35 1
5239 35 1
4443 35 1
2393 35 1
595 35 1
5947 35 1
3902 35 1
2035 35 1
2242 35 1
5358 35 1
1849 35 1
5226 35 1
1182 35 1
2452 35 1
6711 35 1
2256 35 1
976 35 1
5787 35 1
4318 35 1
6514 35 1
6218 35 1
3222 35 1
997 35 1
399 35 1
2326 35 1
2061 35 1
1052 35 1
621 35 1
1992 35 1
6627 35 1
91 35 1
256 35 1
3250 35 1
3119 35 1
4082 35 1
5201 35 1
4442 35 1
1529 35 1
4646 35 1
6397 35 1
3585 35 1
5141 35 1
2606 35 1
501 35 1
3711 35 1
793 35 1
1688 35 1
5781 35 1
3018 35 1
1053 35 1
955 35 1
6365 35 1
156 35 1
4140 35 1
1010 35 1
802 35 1
6035 35 1
6753 35 1
6184 35 1
4104 35 1
6466 35 1
4385 35 1
4086 35 1
6595 35 1
3054 35 1
1811 35 1
2309 35 1
1240 35 1
6275 35 1
3986 35 1
2330 35 1
6088 35 1
4188 35 1
2779 35 1
6449 35 1
2785 35 1
2106 35 1
4349 35 1
3157 35 1
4783 35 1
1877 35 1
4794 35 1
3239 35 1
6763 35 1
4349 35 1
549 35 1
29 35 1
2970 35 1
926 36 1
977 36 1
5360 36 1
2463 36 1
6583 36 1
2159 36 1
1993 36 1
3892 36 1
1482 36 1
1130 36 1
864 36 1
4685 36 1
3288 36 1
6085 36 1
2918 36 1
4314 36 1
5434 36 1
4085 36 1
6282 36 1
3809 36 1
4122 36 1
5180 36 1
4129 36 1
6125 36 1
279 36 1
2654 36 1
5654 36 1
32 36 1
5810 36 1
1997 36 1
2095 36 1
426 36 1
6198 36 1
2401 36 1
1064 36 1
5818 36 1
6728 36 1
6604 36 1
3199 36 1
4651 36 1
1549 36 1
4598 36 1
2876 36 1
383 36 1
2986 36 1
5976 36 1
1920 36 1
759 36 1
442 36 1
5081 36 1
5127 36 1
2748 36 1
3537 36 1
3408 36 1
5499 36 1
4586 36 1
3636 36 1
3583 36 1
5494 36 1
6391 36 1
3121 36 1
3213 36 1
3267 36 1
5538 36 1
3381 36 1
6101 36 1
3393 36 1
2765 36 1
6124 36 1
4170 36 1
5749 36 1
1669 36 1
4277 36 1
4677 36 1
4104 36 1
3612 36 1
6248 36 1
1777 36 1
4823 36 1
1666 36 1
2180 36 1
4065 36 1
5303 36 1
6325 36 1
1382 36 1
3370 36 1
6752 36 1
3041 36 1
6505 36 1
552 36 1
5746 36 1
4350 36 1
652 36 1
3686 36 1
4081 36 1
2544 36 1
3698 36 1
1293 36 1
3051 36 1
531 36 1
3353 36 1
3175 36 1
3262 36 1
5198 36 1
6127 36 1
159 36 1
220 36 1
4967 36 1
3690 36 1
6231 36 1
3826 36 1
5353 36 1
1209 36 1
536 36 1
4222 36 1
3232 36 1
6201 36 1
6531 36 1
4056 36 1
4117 36 1
4806 36 1
4171 36 1
2037 36 1
1677 36 1
663 36 1
1998 36 1
6519 36 1
3466 36 1
4956 36 1
126 36 1
2464 36 1
2489 36 1
5239 36 1
2599 36 1
4663 36 1
1403 36 1
1380 36 1
6475 36 1
765 36 1
6483 36 1
2121 36 1
4645 36 1
3619 36 1
3861 36 1
38 36 1
2725 36 1
3850 36 1
2541 36 1
1297 36 1
5292 36 1
3229 36 1
68 36 1
2942 36 1
524 36 1
2103 36 1
5064 36 1
5599 36 1
6265 36 1
1893 36 1
5010 36 1
3568 36 1
2801 36 1
5119 36 1
2230 36 1
1847 36 1
6188 36 1
4259 36 1
547 36 1
2550 36 1
5672 36 1
5092 36 1
2300 36 1
3056 36 1
3492 36 1
1693 36 1
4929 36 1
1303 36 1
5670 36 1
5534 36 1
6668 36 1
4886 36 1
5897 36 1
4473 36 1
181 36 1
643 36 1
1964 36 1
5240 36 1
640 36 1
3339 36 1
5816 36 1
679 36 1
6386 36 1
2190 36 1
1872 36 1
5808 36 1
3769 36 1
1050 36 1
1719 36 1
4065 36 1
6284 36 1
5501 36 1
3355 36 1
4406 36 1
6512 36 1
4812 36 1
1306 36 1
782 36 1
1685 36 1
5086 36 1
6441 36 1
5072 37 1
3579 37 1
5521 37 1
5473 37 1
5692 37 1
5551 37 1
1579 37 1
1383 37 1
2531 37 1
1232 37 1
3366 37 1
4790 37 1
2419 37 1
4478 37 1
3238 37 1
2927 37 1
5361 37 1
672 37 1
231 37 1
3032 37 1
745 37 1
2458 37 1
4093 37 1
613 37 1
3940 37 1
5392 37 1
208 37 1
1907 37 1
4496 37 1
2383 37 1
4386 37 1
3143 37 1
4431 37 1
2880 37 1
493 37 1
2246 37 1
710 37 1
4721 37 1
2609 37 1
4953 37 1
4492 37 1
3069 37 1
3642 37 1
1244 37 1
275 37 1
2694 37 1
5414 37 1
2804 37 1
6451 37 1
218 37 1
4047 37 1
3010 37 1
242 37 1
2293 37 1
3864 37 1
1795 37 1
4263 37 1
4727 37 1
4704 37 1
5898 37 1
2377 37 1
4480 37 1
1207 37 1
415 37 1
773 37 1
907 37 1
2441 37 1
6694 37 1
1712 37 1
4673 37 1
3783 37 1
2879 37 1
5096 37 1
5429 37 1
7 37 1
210 37 1
3218 37 1
914 37 1
4171 37 1
2098 37 1
2879 37 1
935 37 1
3889 37 1
5903 37 1
4037 37 1
5172 37 1
2000 37 1
6252 37 1
4037 37 1
2675 37 1
4520 37 1
5687 37 1
1161 37 1
4260 37 1
339 37 1
2262 37 1
4443 37 1
425 37 1
5929 37 1
1738 37 1
6662 37 1
6597 37 1
5638 37 1
6245 37 1
2389 37 1
2070 37 1
643 37 1
6665 37 1
5138 37 1
4922 37 1
5281 37 1
3811 37 1
3938 37 1
3404 37 1
3293 37 1
2879 37 1
5705 37 1
6156 37 1
5659 37 1
5898 37 1
1056 37 1
1121 37 1
2736 37 1
2463 37 1
5272 37 1
5947 37 1
4516 37 1
4821 37 1
4383 37 1
3944 37 1
797 37 1
5909 37 1
1743 37 1
457 37 1
1951 37 1
6138 37 1
1403 37 1
1666 37 1
6615 37 1
4981 37 1
3984 37 1
2 37 1
6120 37 1
527 37 1
4614 37 1
5719 37 1
2921 37 1
5394 37 1
6789 37 1
922 37 1
2526 37 1
4970 37 1
2283 37 1
5259 37 1
802 37 1
2113 37 1
602 37 1
2198 37 1
5695 37 1
5683 37 1
1826 37 1
2703 37 1
2187 37 1
3101 37 1
5429 37 1
497 37 1
797 37 1
4471 37 1
5904 37 1
2629 37 1
3811 37 1
884 37 1
6050 37 1
3817 37 1
4341 37 1
1499 37 1
5984 37 1
3083 37 1
990 37 1
1062 37 1
1502 37 1
5434 37 1
2554 37 1
4456 37 1
1850 37 1
6200 37 1
3186 37 1
3475 37 1
6012 37 1
5150 37 1
525 37 1
5671 37 1
3822 37 1
1741 37 1
5022 37 1
5287 37 1
5950 37 1
3056 37 1
2861 37 1
5784 37 1
3658 37 1
5197 37 1
6722 37 1
5944 37 1
1160 37 1
145 37 1
5215 37 1
3407 37 1
6567 37 1
2570 37 1
57 38 1
5394 38 1
5206 38 1
918 38 1
6331 38 1
937 38 1
1902 38 1
4446 38 1
3617 38 1
2834 38 1
3403 38 1
6482 38 1
5119 38 1
2982 38 1
3540 38 1
4650 38 1
2536 38 1
5131 38 1
5294 38 1
5398 38 1
5618 38 1
3292 38 1
442 38 1
4240 38 1
337 38 1
1233 38 1
5937 38 1
5629 38 1
4533 38 1
2287 38 1
5942 38 1
930 38 1
5904 38 1
6661 38 1
434 38 1
2361 38 1
6425 38 1
383 38 1
3684 38 1
2048 38 1
3959 38 1
6164 38 1
287 38 1
2327 38 1
2845 38 1
3302 38 1
5376 38 1
3696 38 1
6428 38 1
4366 38 1
2319 38 1
5554 38 1
1689 38 1
968 38 1
4012 38 1
5031 38 1
2359 38 1
1701 38 1
1541 38 1
1369 38 1
690 38 1
1066 38 1
1993 38 1
4975 38 1
5672 38 1
5302 38 1
2598 38 1
2122 38 1
2744 38 1
2848 38 1
3129 38 1
3282 38 1
2072 38 1
421 38 1
381 38 1
3697 38 1
940 38 1
2365 38 1
1715 38 1
730 38 1
4056 38 1
3892 38 1
6126 38 1
2149 38 1
1742 38 1
2185 38 1
1501 38 1
4709 38 1
4993 38 1
6629 38 1
6556 38 1
4845 38 1
5688 38 1
3605 38 1
1796 38 1
4145 38 1
6171 38 1
6089 38 1
3803 38 1
5457 38 1
383 38 1
1620 38 1
1927 38 1
6724 38 1
3731 38 1
2168 38 1
1997 38 1
4033 38 1
5434 38 1
4334 38 1
1733 38 1
2901 38 1
5988 38 1
1684 38 1
1892 38 1
4706 38 1
6635 38 1
2145 38 1
3555 38 1
6681 38 1
955 38 1
4362 38 1
5284 38 1
1321 38 1
6626 38 1
2792 38 1
6649 38 1
3604 38 1
2555 38 1
3684 38 1
6469 38 1
909 38 1
4905 38 1
51 38 1
5493 38 1
1968 38 1
991 38 1
4139 38 1
2283 38 1
5505 38 1
3274 38 1
2853 38 1
751 38 1
6122 38 1
3660 38 1
4521 38 1
2008 38 1
628 38 1
3702 38 1
588 38 1
6396 38 1
2237 38 1
5907 38 1
366 38 1
3221 38 1
5772 38 1
2316 38 1
5848 38 1
1832 38 1
2295 38 1
1596 38 1
4659 38 1
1827 38 1
2567 38 1
951 38 1
50 38 1
444 38 1
3455 38 1
2344 38 1
971 38 1
1473 38 1
3963 38 1
2776 38 1
969 38 1
361 38 1
4364 38 1
1735 38 1
4160 38 1
2998 38 1
3446 38 1
6602 38 1
3520 38 1
4693 38 1
6070 38 1
4118 38 1
3547 38 1
456 38 1
159 38 1
6151 38 1
2617 38 1
2346 38 1
5442 38 1
3364 38 1
6340 38 1
2523 38 1
1371 38 1
713 38 1
5213 38 1
1418 38 1
3657 38 1
6188 38 1
6769 38 1
6558 38 1
3667 38 1
3543 38 1
4822 38 1
3984 38 1
6428 38 1
857 38 1
369 38 1
4103 39 1
1093 39 1
1101 39 1
5595 39 1
5319 39 1
3120 39 1
867 39 1
220 39 1
4153 39 1
5135 39 1
6686 39 1
2921 39 1
5166 39 1
2840 39 1
5228 39 1
6238 39 1
5383 39 1
180 39 1
3406 39 1
1382 39 1
1652 39 1
2922 39 1
335 39 1
3593 39 1
4222 39 1
4957 39 1
603 39 1
6158 39 1
270 39 1
630 39 1
4244 39 1
6450 39 1
1660 39 1
3253 39 1
6758 39 1
2666 39 1
4434 39 1
1822 39 1
5323 39 1
5117 39 1
3860 39 1
4368 39 1
2001 39 1
3611 39 1
793 39 1
2661 39 1
5684 39 1
327 39 1
1188 39 1
1850 39 1
2915 39 1
1464 39 1
3744 39 1
5469 39 1
5724 39 1
375 39 1
2814 39 1
4801 39 1
1120 39 1
3484 39 1
3273 39 1
1611 39 1
1666 39 1
3735 39 1
2979 39 1
954 39 1
2463 39 1
6320 39 1
1915 39 1
812 39 1
1030 39 1
4991 39 1
640 39 1
1737 39 1
5459 39 1
1222 39 1
3790 39 1
388 39 1
3881 39 1
5892 39 1
5992 39 1
5319 39 1
5330 39 1
2202 39 1
697 39 1
3311 39 1
1953 39 1
4895 39 1
461 39 1
1512 39 1
6063 39 1
4522 39 1
5597 39 1
1299 39 1
1512 39 1
1398 39 1
3032 39 1
6227 39 1
2321 39 1
542 39 1
4957 39 1
3837 39 1
3156 39 1
6757 39 1
2290 39 1
3298 39 1
4834 39 1
788 39 1
2138 39 1
1294 39 1
3601 39 1
473 39 1
4405 39 1
738 39 1
3466 39 1
2176 39 1
4037 39 1
3366 39 1
5583 39 1
1401 39 1
2434 39 1
714 39 1
984 39 1
5067 39 1
2234 39 1
2745 39 1
6769 39 1
4014 39 1
6774 39 1
4766 39 1
992 39 1
2443 39 1
4839 39 1
5733 39 1
6752 39 1
1955 39 1
5240 39 1
5926 39 1
6784 39 1
2207 39 1
3702 39 1
898 39 1
6128 39 1
2820 39 1
604 39 1
1564 39 1
1118 39 1
1315 39 1
433 39 1
1695 39 1
207 39 1
731 39 1
497 39 1
2054 39 1
1292 39 1
3943 39 1
1507 39 1
5167 39 1
1944 39 1
905 39 1
5179 39 1
5847 39 1
4880 39 1
3107 39 1
5536 39 1
5698 39 1
6268 39 1
3659 39 1
6345 39 1
1416 39 1
1471 39 1
2916 39 1
2592 39 1
2545 39 1
3108 39 1
3947 39 1
2965 39 1
2101 39 1
4971 39 1
4505 39 1
4570 39 1
2763 39 1
2417 39 1
3022 39 1
5858 39 1
4899 39 1
4140 39 1
505 39 1
2561 39 1
5445 39 1
909 39 1
5544 39 1
2739 39 1
4258 39 1
3087 39 1
4745 39 1
473 39 1
3592 39 1
1997 39 1
4533 39 1
3279 39 1
5405 39 1
5402 39 1
4065 39 1
1564 39 1
419 39 1
2543 39 1
1786 39 1
3727 39 1
5416 39 1
473 40 1
3017 40 1
5295 40 1
4824 40 1
6594 40 1
6100 40 1
134 40 1
6083 40 1
5811 40 1
6195 40 1
5917 40 1
5903 40 1
3392 40 1
2906 40 1
882 40 1
3265 40 1
3728 40 1
59 40 1
4844 40 1
5599 40 1
2483 40 1
223 40 1
704 40 1
6236 40 1
4162 40 1
6643 40 1
4487 40 1
1373 40 1
4557 40 1
877 40 1
895 40 1
831 40 1
5992 40 1
6330 40 1
5753 40 1
4046 40 1
2295 40 1
2716 40 1
4577 40 1
4294 40 1
2903 40 1
3036 40 1
3029 40 1
6603 40 1
2699 40 1
499 40 1
1088 40 1
3379 40 1
2534 40 1
1640 40 1
5939 40 1
5856 40 1
3378 40 1
5380 40 1
4871 40 1
9 40 1
1839 40 1
4481 40 1
4013 40 1
3901 40 1
3983 40 1
5464 40 1
2634 40 1
1574 40 1
4657 40 1
4886 40 1
3365 40 1
2580 40 1
6531 40 1
3539 40 1
270 40 1
2722 40 1
5387 40 1
5385 40 1
5508 40 1
3587 40 1
659 40 1
471 40 1
1418 40 1
1665 40 1
3737 40 1
5232 40 1
1801 40 1
1987 40 1
2123 40 1
3751 40 1
2282 40 1
3819 40 1
2489 40 1
5953 40 1
1061 40 1
480 40 1
5246 40 1
1212 40 1
2559 40 1
3804 40 1
754 40 1
3498 40 1
1972 40 1
5785 40 1
1341 40 1
2498 40 1
6190 40 1
5236 40 1
4773 40 1
6047 40 1
5032 40 1
2462 40 1
4958 40 1
6662 40 1
5311 40 1
4065 40 1
1680 40 1
4588 40 1
2710 40 1
6264 40 1
771 40 1
3577 40 1
2754 40 1
5672 40 1
5482 40 1
3326 40 1
5883 40 1
3433 40 1
3381 40 1
1476 40 1
5240 40 1
6042 40 1
2460 40 1
125 40 1
2320 40 1
6168 40 1
3956 40 1
2968 40 1
26 40 1
5908 40 1
1107 40 1
5380 40 1
321 40 1
530 40 1
1379 40 1
4301 40 1
3909 40 1
3776 40 1
1949 40 1
5368 40 1
2235 40 1
3215 40 1
4903 40 1
485 40 1
52 40 1
2146 40 1
6369 40 1
5168 40 1
2665 40 1
2637 40 1
1486 40 1
2848 40 1
5662 40 1
1149 40 1
2803 40 1
1909 40 1
3683 40 1
4303 40 1
1726 40 1
5643 40 1
3700 40 1
483 40 1
1468 40 1
5800 40 1
44 40 1
425 40 1
1907 40 1
268 40 1
1144 40 1
6338 40 1
4100 40 1
2519 40 1
4854 40 1
1992 40 1
1856 40 1
2988 40 1
5570 40 1
882 40 1
2598 40 1
4630 40 1
4197 40 1
5761 40 1
5785 40 1
3259 40 1
2234 40 1
2611 40 1
5 40 1
1324 40 1
3551 40 1
3238 40 1
4637 40 1
4597 40 1
5889 40 1
5030 40 1
5140 40 1
4096 40 1
6686 40 1
6074 40 1
3216 40 1
3572 40 1
4836 40 1
1772 40 1
1807 40 1
4971 40 1
6426 41 1
2382 41 1
5279 41 1
3200 41 1
3815 41 1
3078 41 1
5298 41 1
5077 41 1
742 41 1
2531 41 1
692 41 1
5015 41 1
1799 41 1
4542 41 1
3751 41 1
3762 41 1
3633 41 1
2415 41 1
6085 41 1
862 41 1
5971 41 1
5030 41 1
1065 41 1
944 41 1
4778 41 1
6252 41 1
3964 41 1
4616 41 1
1824 41 1
1081 41 1
2811 41 1
5477 41 1
1129 41 1
2075 41 1
3733 41 1
5330 41 1
303 41 1
6758 41 1
4086 41 1
318 41 1
1656 41 1
3739 41 1
698 41 1
1771 41 1
5374 41 1
5785 41 1
2579 41 1
460 41 1
6224 41 1
3969 41 1
2158 41 1
4796 41 1
2592 41 1
2301 41 1
6459 41 1
2079 41 1
3266 41 1
3045 41 1
4042 41 1
1815 41 1
4029 41 1
1615 41 1
3272 41 1
2215 41 1
3269 41 1
6483 41 1
6748 41 1
6175 41 1
1434 41 1
4321 41 1
2222 41 1
3145 41 1
1411 41 1
4733 41 1
192 41 1
2115 41 1
4066 41 1
6159 41 1
5733 41 1
3445 41 1
4932 41 1
2473 41 1
1585 41 1
6738 41 1
5727 41 1
6055 41 1
920 41 1
528 41 1
4464 41 1
6482 41 1
360 41 1
2776 41 1
1263 41 1
1058 41 1
3484 41 1
4392 41 1
2667 41 1
6009 41 1
4707 41 1
4503 41 1
5768 41 1
5175 41 1
4984 41 1
753 41 1
5576 41 1
4805 41 1
1823 41 1
1207 41 1
3971 41 1
4591 41 1
4538 41 1
2871 41 1
3717 41 1
5034 41 1
1464 41 1
2594 41 1
1669 41 1
2907 41 1
2697 41 1
4818 41 1
4239 41 1
3664 41 1
1014 41 1
2036 41 1
1666 41 1
5276 41 1
471 41 1
6339 41 1
2683 41 1
4740 41 1
5354 41 1
1112 41 1
2894 41 1
466 41 1
4847 41 1
1213 41 1
2185 41 1
5368 41 1
1615 41 1
1131 41 1
5964 41 1
89 41 1
4370 41 1
1511 41 1
5699 41 1
1828 41 1
6075 41 1
4872 41 1
5569 41 1
4676 41 1
4439 41 1
950 41 1
5361 41 1
165 41 1
147 41 1
2636 41 1
6393 41 1
6357 41 1
5432 41 1
6391 41 1
750 41 1
2481 41 1
6116 41 1
1876 41 1
170 41 1
4867 41 1
5708 41 1
2877 41 1
1039 41 1
5411 41 1
1979 41 1
448 41 1
713 41 1
1273 41 1
2073 41 1
5630 41 1
3190 41 1
980 41 1
4833 41 1
4817 41 1
382 41 1
5526 41 1
924 41 1
4341 41 1
2154 41 1
6552 41 1
2793 41 1
6469 41 1
1919 41 1
2327 41 1
417 41 1
1938 41 1
2213 41 1
2603 41 1
4629 41 1
4637 41 1
5212 41 1
995 41 1
818 41 1
376 41 1
6231 41 1
1448 41 1
6691 41 1
2458 41 1
6379 41 1
6121 41 1
6333 41 1
6010 41 1
535 41 1
862 41 1
1491 42 1
345 42 1
5468 42 1
114 42 1
3418 42 1
493 42 1
754 42 1
5149 42 1
5869 42 1
4289 42 1
1431 42 1
2938 42 1
2368 42 1
2826 42 1
4553 42 1
4811 42 1
723 42 1
1139 42 1
4037 42 1
1212 42 1
1412 42 1
1905 42 1
5528 42 1
3807 42 1
5662 42 1
6431 42 1
5808 42 1
400 42 1
3070 42 1
1781 42 1
1590 42 1
4893 42 1
4605 42 1
5091 42 1
462 42 1
1024 42 1
1849 42 1
1521 42 1
1733 42 1
1537 42 1
3939 42 1
3347 42 1
6632 42 1
1122 42 1
503 42 1
2327 42 1
2651 42 1
4159 42 1
5915 42 1
308 42 1
219 42 1
5323 42 1
4943 42 1
533 42 1
4634 42 1
2015 42 1
4559 42 1
4716 42 1
2011 42 1
105 42 1
5841 42 1
1171 42 1
3942 42 1
2453 42 1
2049 42 1
6100 42 1
112 42 1
4979 42 1
2008 42 1
6341 42 1
6239 42 1
2804 42 1
2698 42 1
963 42 1
2037 42 1
3449 42 1
730 42 1
6104 42 1
6351 42 1
523 42 1
5951 42 1
197 42 1
1131 42 1
151 42 1
2940 42 1
6448 42 1
4399 42 1
680 42 1
2021 42 1
4768 42 1
3341 42 1
2211 42 1
4228 42 1
1218 42 1
225 42 1
4119 42 1
933 42 1
3521 42 1
4309 42 1
2029 42 1
854 42 1
886 42 1
2775 42 1
1113 42 1
1638 42 1
1971 42 1
418 42 1
1667 42 1
2173 42 1
596 42 1
6490 42 1
1132 42 1
4643 42 1
5830 42 1
5676 42 1
6311 42 1
5580 42 1
3720 42 1
5670 42 1
3169 42 1
5067 42 1
318 42 1
2969 42 1
2019 42 1
3965 42 1
3038 42 1
6743 42 1
5604 42 1
1898 42 1
1641 42 1
3037 42 1
1277 42 1
4152 42 1
760 42 1
4508 42 1
1763 42 1
5046 42 1
255 42 1
2345 42 1
6531 42 1
163 42 1
3779 42 1
86 42 1
2352 42 1
2458 42 1
4322 42 1
5376 42 1
6363 42 1
410 42 1
5884 42 1
9 42 1
3469 42 1
487 42 1
5293 42 1
4672 42 1
6510 42 1
6042 42 1
610 42 1
2103 42 1
6028 42 1
3049 42 1
3395 42 1
3214 42 1
6718 42 1
1284 42 1
1630 42 1
6591 42 1
205 42 1
3544 42 1
440 42 1
1956 42 1
6223 42 1
2038 42 1
4889 42 1
5220 42 1
2501 42 1
3117 42 1
5280 42 1
1690 42 1
5164 42 1
5053 42 1
5376 42 1
1968 42 1
2575 42 1
2942 42 1
5741 42 1
5470 42 1
6679 42 1
2531 42 1
3854 42 1
1978 42 1
178 42 1
6147 42 1
721 42 1
2613 42 1
680 42 1
3157 42 1
4795 42 1
2282 42 1
2771 42 1
1752 42 1
4313 42 1
1403 42 1
1131 42 1
738 42 1
3714 42 1
1155 42 1
234 42 1
5738 42 1
5191 42 1
5064 43 1
547 43 1
504 43 1
2289 43 1
1547 43 1
2890 43 1
2787 43 1
753 43 1
3594 43 1
532 43 1
2260 43 1
850 43 1
4366 43 1
6675 43 1
4666 43 1
2094 43 1
2363 43 1
2606 43 1
5109 43 1
5971 43 1
4743 43 1
6332 43 1
2975 43 1
6710 43 1
6586 43 1
1649 43 1
1650 43 1
4296 43 1
4110 43 1
325 43 1
4555 43 1
2198 43 1
737 43 1
4415 43 1
5779 43 1
4333 43 1
4264 43 1
1959 43 1
5099 43 1
6395 43 1
5800 43 1
1495 43 1
1950 43 1
5420 43 1
2601 43 1
1869 43 1
2630 43 1
6591 43 1
393 43 1
844 43 1
5334 43 1
2647 43 1
2701 43 1
6480 43 1
4227 43 1
4152 43 1
5148 43 1
1818 43 1
3905 43 1
6167 43 1
5309 43 1
3430 43 1
2050 43 1
3255 43 1
713 43 1
1522 43 1
5751 43 1
5695 43 1
1948 43 1
48 43 1
5565 43 1
5135 43 1
5641 43 1
5 43 1
4714 43 1
6199 43 1
5477 43 1
2978 43 1
5319 43 1
880 43 1
6687 43 1
4722 43 1
1568 43 1
3112 43 1
3052 43 1
5245 43 1
1936 43 1
1619 43 1
2736 43 1
3336 43 1
5965 43 1
1470 43 1
2327 43 1
4327 43 1
1856 43 1
3151 43 1
6558 43 1
2625 43 1
5303 43 1
2380 43 1
2786 43 1
5691 43 1
3133 43 1
4927 43 1
3595 43 1
1194 43 1
2930 43 1
5945 43 1
6033 43 1
197 43 1
4704 43 1
3790 43 1
663 43 1
4547 43 1
4180 43 1
428 43 1
5720 43 1
4604 43 1
4684 43 1
3114 43 1
2346 43 1
1391 43 1
3812 43 1
2365 43 1
3078 43 1
2929 43 1
3253 43 1
2720 43 1
200 43 1
4751 43 1
6609 43 1
15 43 1
3148 43 1
359 43 1
4744 43 1
2966 43 1
6251 43 1
6625 43 1
5699 43 1
2892 43 1
3205 43 1
5622 43 1
2284 43 1
4613 43 1
6635 43 1
5883 43 1
3221 43 1
109 43 1
710 43 1
2410 43 1
3435 43 1
2806 43 1
5577 43 1
3244 43 1
433 43 1
5431 43 1
883 43 1
5017 43 1
1798 43 1
663 43 1
4933 43 1
6662 43 1
3569 43 1
4751 43 1
6455 43 1
6132 43 1
741 43 1
832 43 1
424 43 1
1328 43 1
1809 43 1
2933 43 1
62 43 1
193 43 1
3784 43 1
4617 43 1
901 43 1
463 43 1
4846 43 1
532 43 1
2549 43 1
4091 43 1
4030 43 1
6333 43 1
3369 43 1
3539 43 1
3281 43 1
4538 43 1
4097 43 1
6093 43 1
2124 43 1
2061 43 1
490 43 1
3710 43 1
12 43 1
1473 43 1
1872 43 1
3759 43 1
1503 43 1
675 43 1
2928 43 1
941 43 1
6503 43 1
2108 43 1
1611 43 1
4830 43 1
4599 43 1
5937 43 1
4246 43 1
5385 43 1
2945 44 1
521 44 1
4325 44 1
3193 44 1
6051 44 1
3356 44 1
4575 44 1
2699 44 1
1071 44 1
5982 44 1
2478 44 1
6761 44 1
4202 44 1
6203 44 1
3056 44 1
1518 44 1
3124 44 1
5217 44 1
743 44 1
115 44 1
143 44 1
2219 44 1
465 44 1
1049 44 1
2280 44 1
1869 44 1
1957 44 1
4161 44 1
6130 44 1
1889 44 1
5125 44 1
1132 44 1
4913 44 1
2629 44 1
4003 44 1
1947 44 1
1076 44 1
4284 44 1
5714 44 1
262 44 1
61 44 1
505 44 1
4042 44 1
1437 44 1
3140 44 1
1412 44 1
4257 44 1
1628 44 1
5917 44 1
1527 44 1
6578 44 1
5659 44 1
4275 44 1
4299 44 1
85 44 1
1702 44 1
3647 44 1
1076 44 1
929 44 1
5944 44 1
1107 44 1
6137 44 1
4235 44 1
4541 44 1
4577 44 1
971 44 1
6197 44 1
5479 44 1
5483 44 1
5064 44 1
5982 44 1
1549 44 1
3098 44 1
5088 44 1
4345 44 1
920 44 1
4551 44 1
3528 44 1
6525 44 1
6765 44 1
5693 44 1
2892 44 1
6058 44 1
5681 44 1
5609 44 1
181 44 1
3946 44 1
984 44 1
5964 44 1
1848 44 1
5009 44 1
4903 44 1
961 44 1
1617 44 1
4859 44 1
5935 44 1
4779 44 1
6346 44 1
3838 44 1
6656 44 1
3344 44 1
3720 44 1
6450 44 1
1351 44 1
5371 44 1
5065 44 1
617 44 1
4885 44 1
4424 44 1
4407 44 1
192 44 1
4689 44 1
4736 44 1
6338 44 1
1738 44 1
4723 44 1
1628 44 1
2809 44 1
6325 44 1
6248 44 1
2683 44 1
1013 44 1
3662 44 1
2278 44 1
5827 44 1
6390 44 1
2158 44 1
4105 44 1
2644 44 1
2050 44 1
3922 44 1
6105 44 1
5069 44 1
2400 44 1
5538 44 1
2811 44 1
792 44 1
5022 44 1
6329 44 1
2507 44 1
4663 44 1
2211 44 1
3279 44 1
5155 44 1
2289 44 1
3065 44 1
3417 44 1
4283 44 1
3552 44 1
3402 44 1
3452 44 1
452 44 1
3998 44 1
3911 44 1
451 44 1
6506 44 1
2163 44 1
3180 44 1
1973 44 1
5853 44 1
4713 44 1
3797 44 1
1705 44 1
6289 44 1
2535 44 1
6658 44 1
5780 44 1
2844 44 1
4685 44 1
903 44 1
1987 44 1
2518 44 1
2366 44 1
654 44 1
1987 44 1
3159 44 1
5260 44 1
4136 44 1
6783 44 1
2333 44 1
822 44 1
938 44 1
2314 44 1
6092 44 1
3222 44 1
3122 44 1
2476 44 1
4302 44 1
5756 44 1
3866 44 1
6777 44 1
1859 44 1
3956 44 1
5860 44 1
183 44 1
2215 44 1
2720 44 1
3789 44 1
5907 44 1
1145 44 1
3661 44 1
859 44 1
564 44 1
854 44 1
2766 44 1
1170 44 1
4553 44 1
5712 44 1
2438 44 1
6085 44 1
566 45 1
4499 45 1
726 45 1
1373 45 1
4180 45 1
3362 45 1
813 45 1
5683 45 1
1323 45 1
504 45 1
1563 45 1
925 45 1
4138 45 1
6063 45 1
1873 45 1
2539 45 1
1765 45 1
5497 45 1
4578 45 1
6627 45 1
1535 45 1
3117 45 1
4335 45 1
779 45 1
5292 45 1
685 45 1
3185 45 1
907 45 1
743 45 1
2412 45 1
1504 45 1
6386 45 1
4114 45 1
2406 45 1
1429 45 1
6260 45 1
3276 45 1
5939 45 1
3347 45 1
1377 45 1
6280 45 1
1201 45 1
4561 45 1
3391 45 1
4289 45 1
173 45 1
5678 45 1
6283 45 1
6285 45 1
5412 45 1
490 45 1
3139 45 1
2869 45 1
2411 45 1
4717 45 1
4954 45 1
1798 45 1
3080 45 1
2213 45 1
4945 45 1
6716 45 1
4279 45 1
2493 45 1
4919 45 1
5388 45 1
3057 45 1
6611 45 1
4459 45 1
3954 45 1
714 45 1
1016 45 1
6109 45 1
6281 45 1
6075 45 1
136 45 1
2331 45 1
6027 45 1
3707 45 1
2141 45 1
4815 45 1
4838 45 1
2909 45 1
6087 45 1
1992 45 1
4637 45 1
5179 45 1
3101 45 1
5401 45 1
3445 45 1
341 45 1
1972 45 1
524 45 1
4708 45 1
5805 45 1
1440 45 1
2924 45 1
6715 45 1
3583 45 1
5444 45 1
5253 45 1
5596 45 1
4146 45 1
815 45 1
1081 45 1
1067 45 1
3585 45 1
3799 45 1
3327 45 1
3958 45 1
6563 45 1
6177 45 1
3057 45 1
153 45 1
4337 45 1
6512 45 1
1513 45 1
5563 45 1
2768 45 1
6224 45 1
5289 45 1
4244 45 1
2338 45 1
668 45 1
3363 45 1
1161 45 1
2505 45 1
4295 45 1
4193 45 1
2778 45 1
757 45 1
661 45 1
6680 45 1
387 45 1
4426 45 1
768 45 1
6715 45 1
573 45 1
4138 45 1
1910 45 1
1760 45 1
3737 45 1
1836 45 1
6657 45 1
681 45 1
203 45 1
2208 45 1
2460 45 1
1750 45 1
5494 45 1
5545 45 1
2036 45 1
2765 45 1
669 45 1
2493 45 1
6090 45 1
6446 45 1
5441 45 1
5649 45 1
1637 45 1
5129 45 1
4084 45 1
4837 45 1
2093 45 1
5247 45 1
770 45 1
3930 45 1
317 45 1
4513 45 1
4776 45 1
6685 45 1
5274 45 1
2435 45 1
2524 45 1
3817 45 1
1314 45 1
4315 45 1
6280 45 1
1059 45 1
2709 45 1
1925 45 1
1608 45 1
1552 45 1
3902 45 1
6209 45 1
4818 45 1
906 45 1
2525 45 1
2464 45 1
1158 45 1
3983 45 1
3256 45 1
6067 45 1
4089 45 1
3194 45 1
5813 45 1
3121 45 1
6111 45 1
2302 45 1
544 45 1
1384 45 1
2281 45 1
5551 45 1
2817 45 1
27 45 1
4079 45 1
2950 45 1
3885 45 1
3594 45 1
1258 45 1
4899 45 1
2185 46 1
2300 46 1
2508 46 1
3380 46 1
1511 46 1
5919 46 1
504 46 1
1468 46 1
456 46 1
3946 46 1
4737 46 1
1050 46 1
707 46 1
4584 46 1
3317 46 1
5387 46 1
6299 46 1
1334 46 1
4214 46 1
1173 46 1
796 46 1
1575 46 1
1453 46 1
3884 46 1
4343 46 1
1693 46 1
5731 46 1
6184 46 1
4016 46 1
4357 46 1
5992 46 1
4980 46 1
6717 46 1
617 46 1
205 46 1
5849 46 1
2845 46 1
2106 46 1
957 46 1
5813 46 1
171 46 1
4409 46 1
4139 46 1
2662 46 1
4396 46 1
2873 46 1
343 46 1
2601 46 1
4675 46 1
6612 46 1
5023 46 1
5825 46 1
1106 46 1
1896 46 1
3689 46 1
5539 46 1
1943 46 1
321 46 1
4779 46 1
5797 46 1
6296 46 1
6035 46 1
921 46 1
3208 46 1
1784 46 1
2827 46 1
4741 46 1
5721 46 1
2600 46 1
4552 46 1
4076 46 1
501 46 1
4676 46 1
4626 46 1
6299 46 1
1005 46 1
6515 46 1
6305 46 1
1729 46 1
850 46 1
275 46 1
2157 46 1
3225 46 1
17 46 1
1004 46 1
2346 46 1
707 46 1
4751 46 1
2256 46 1
2921 46 1
4873 46 1
3523 46 1
5779 46 1
1387 46 1
5543 46 1
4098 46 1
3214 46 1
4034 46 1
2371 46 1
1217 46 1
1518 46 1
4251 46 1
4345 46 1
4121 46 1
810 46 1
2682 46 1
4067 46 1
5362 46 1
1495 46 1
2022 46 1
2674 46 1
4219 46 1
27 46 1
1377 46 1
1390 46 1
2076 46 1
3656 46 1
6664 46 1
6107 46 1
2987 46 1
288 46 1
6013 46 1
416 46 1
2864 46 1
2327 46 1
3296 46 1
2578 46 1
3622 46 1
2645 46 1
2573 46 1
6681 46 1
6561 46 1
5272 46 1
1631 46 1
683 46 1
1585 46 1
1738 46 1
6420 46 1
749 46 1
5058 46 1
2929 46 1
3252 46 1
876 46 1
1005 46 1
3936 46 1
2485 46 1
5300 46 1
6233 46 1
5416 46 1
6049 46 1
2162 46 1
6404 46 1
4041 46 1
388 46 1
2147 46 1
4166 46 1
1266 46 1
3171 46 1
3397 46 1
2406 46 1
3781 46 1
3954 46 1
527 46 1
5675 46 1
5026 46 1
5633 46 1
283 46 1
1695 46 1
4361 46 1
6362 46 1
3002 46 1
4029 46 1
4594 46 1
4458 46 1
1422 46 1
6486 46 1
5804 46 1
4702 46 1
4578 46 1
4887 46 1
367 46 1
3257 46 1
2289 46 1
5797 46 1
2942 46 1
500 46 1
356 46 1
5627 46 1
2276 46 1
293 46 1
3304 46 1
2497 46 1
481 46 1
773 46 1
4383 46 1
2312 46 1
841 46 1
2911 46 1
595 46 1
203 46 1
5879 46 1
47 46 1
3861 46 1
1789 46 1
6309 46 1
4810 46 1
5962 46 1
2611 46 1
4272 46 1
3405 46 1
1339 47 1
3954 47 1
2681 47 1
704 47 1
6494 47 1
6191 47 1
1232 47 1
4446 47 1
5464 47 1
1557 47 1
6015 47 1
5470 47 1
6132 47 1
1218 47 1
4046 47 1
6076 47 1
5621 47 1
826 47 1
4584 47 1
6465 47 1
2537 47 1
5764 47 1
2040 47 1
241 47 1
833 47 1
5647 47 1
1817 47 1
4822 47 1
3895 47 1
2930 47 1
6237 47 1
1966 47 1
4202 47 1
1408 47 1
3514 47 1
1778 47 1
2807 47 1
2741 47 1
3173 47 1
4407 47 1
1722 47 1
499 47 1
555 47 1
6788 47 1
4081 47 1
4673 47 1
5852 47 1
2985 47 1
3835 47 1
6392 47 1
5771 47 1
5028 47 1
2820 47 1
6316 47 1
6084 47 1
4891 47 1
4889 47 1
5936 47 1
2654 47 1
562 47 1
4301 47 1
1335 47 1
2640 47 1
6513 47 1
2194 47 1
370 47 1
3628 47 1
1754 47 1
4196 47 1
3057 47 1
2197 47 1
1252 47 1
6214 47 1
2538 47 1
4581 47 1
3193 47 1
1108 47 1
3086 47 1
4590 47 1
4258 47 1
3006 47 1
4315 47 1
4685 47 1
6603 47 1
5681 47 1
682 47 1
1599 47 1
2282 47 1
4977 47 1
1344 47 1
1728 47 1
39 47 1
436 47 1
4643 47 1
1172 47 1
3569 47 1
2862 47 1
2882 47 1
6463 47 1
318 47 1
3362 47 1
3554 47 1
1812 47 1
4532 47 1
289 47 1
6305 47 1
5910 47 1
5690 47 1
4631 47 1
479 47 1
4294 47 1
1946 47 1
6120 47 1
2578 47 1
4233 47 1
4664 47 1
167 47 1
5763 47 1
397 47 1
6699 47 1
2310 47 1
1362 47 1
2633 47 1
1227 47 1
2757 47 1
3523 47 1
70 47 1
646 47 1
6733 47 1
3324 47 1
4028 47 1
3222 47 1
1398 47 1
2424 47 1
49 47 1
1453 47 1
5098 47 1
2445 47 1
2458 47 1
1836 47 1
1370 47 1
3968 47 1
188 47 1
5022 47 1
6344 47 1
2373 47 1
4718 47 1
6756 47 1
32 47 1
393 47 1
3951 47 1
2806 47 1
5401 47 1
555 47 1
2526 47 1
6540 47 1
4797 47 1
6437 47 1
4662 47 1
4255 47 1
2946 47 1
5318 47 1
1755 47 1
3729 47 1
1134 47 1
1384 47 1
1889 47 1
5368 47 1
3756 47 1
329 47 1
6789 47 1
2938 47 1
232 47 1
6666 47 1
2283 47 1
4803 47 1
3526 47 1
440 47 1
3075 47 1
2667 47 1
3939 47 1
4855 47 1
253 47 1
2847 47 1
3560 47 1
6321 47 1
1502 47 1
6008 47 1
5917 47 1
4785 47 1
5477 47 1
4113 47 1
4823 47 1
625 47 1
3121 47 1
3190 47 1
1307 47 1
6400 47 1
4717 47 1
3576 47 1
4130 47 1
1073 47 1
3931 47 1
5320 47 1
6367 47 1
6750 47 1
578 47 1
1324 47 1
6217 47 1
3240 47 1
1404 48 1
3377 48 1
1829 48 1
5172 48 1
6739 48 1
5749 48 1
305 48 1
6565 48 1
1220 48 1
6565 48 1
2937 48 1
1850 48 1
2003 48 1
2800 48 1
2541 48 1
1446 48 1
2406 48 1
5332 48 1
2430 48 1
2127 48 1
3744 48 1
1753 48 1
6107 48 1
4460 48 1
1288 48 1
3910 48 1
3218 48 1
3271 48 1
4490 48 1
2359 48 1
5145 48 1
6102 48 1
5550 48 1
5377 48 1
6054 48 1
5470 48 1
4745 48 1
984 48 1
4185 48 1
4518 48 1
71 48 1
5424 48 1
6777 48 1
3980 48 1
3572 48 1
2663 48 1
2295 48 1
896 48 1
4584 48 1
2986 48 1
3004 48 1
1829 48 1
5509 48 1
4763 48 1
269 48 1
4732 48 1
1350 48 1
5940 48 1
2934 48 1
458 48 1
3596 48 1
179 48 1
5807 48 1
2318 48 1
2704 48 1
3147 48 1
6075 48 1
5651 48 1
2415 48 1
2130 48 1
5980 48 1
1754 48 1
6149 48 1
3362 48 1
6175 48 1
5084 48 1
6467 48 1
3556 48 1
3354 48 1
2909 48 1
947 48 1
2729 48 1
1785 48 1
2411 48 1
1404 48 1
1564 48 1
3098 48 1
4103 48 1
4026 48 1
758 48 1
3133 48 1
2067 48 1
2702 48 1
1808 48 1
2698 48 1
262 48 1
1756 48 1
3586 48 1
2830 48 1
1275 48 1
3160 48 1
4247 48 1
3072 48 1
4266 48 1
3801 48 1
3908 48 1
5719 48 1
2120 48 1
5415 48 1
4862 48 1
5428 48 1
6515 48 1
1369 48 1
283 48 1
1448 48 1
3228 48 1
5778 48 1
2833 48 1
6292 48 1
5667 48 1
6548 48 1
1058 48 1
3688 48 1
3849 48 1
5050 48 1
4423 48 1
6359 48 1
4906 48 1
6446 48 1
6419 48 1
1542 48 1
4682 48 1
3389 48 1
2800 48 1
4588 48 1
6595 48 1
3832 48 1
4638 48 1
4902 48 1
1839 48 1
6656 48 1
3445 48 1
665 48 1
3632 48 1
4618 48 1
5149 48 1
4658 48 1
1840 48 1
4231 48 1
726 48 1
6 48 1
871 48 1
5652 48 1
29 48 1
470 48 1
6210 48 1
4532 48 1
3326 48 1
2083 48 1
1322 48 1
5948 48 1
3247 48 1
3975 48 1
891 48 1
5235 48 1
2611 48 1
4981 48 1
4357 48 1
1889 48 1
4791 48 1
5125 48 1
262 48 1
2835 48 1
93 48 1
120 48 1
3011 48 1
4736 48 1
556 48 1
6450 48 1
4304 48 1
1397 48 1
2671 48 1
4999 48 1
3547 48 1
6254 48 1
3240 48 1
2157 48 1
5284 48 1
4734 48 1
1342 48 1
3375 48 1
1066 48 1
2927 48 1
4707 48 1
1975 48 1
1783 48 1
5212 48 1
4777 48 1
843 48 1
3598 48 1
6049 48 1
1598 48 1
1357 48 1
3470 48 1
5257 48 1
2286 48 1
1537 48 1
764 48 1
805 48 1
2951 48 1
1788 49 1
2452 49 1
1861 49 1
2710 49 1
222 49 1
2785 49 1
482 49 1
3585 49 1
3897 49 1
2288 49 1
1144 49 1
4563 49 1
6729 49 1
807 49 1
50 49 1
5510 49 1
4253 49 1
4155 49 1
4445 49 1
1376 49 1
3039 49 1
5422 49 1
5030 49 1
4354 49 1
1667 49 1
2358 49 1
416 49 1
1341 49 1
2995 49 1
6145 49 1
6327 49 1
2589 49 1
3000 49 1
5603 49 1
1278 49 1
4711 49 1
2474 49 1
1802 49 1
6203 49 1
1413 49 1
5236 49 1
3152 49 1
1674 49 1
6782 49 1
3119 49 1
4152 49 1
4613 49 1
4018 49 1
5873 49 1
3929 49 1
3761 49 1
911 49 1
3965 49 1
3864 49 1
5903 49 1
1747 49 1
3844 49 1
4158 49 1
2461 49 1
32 49 1
1700 49 1
5724 49 1
6789 49 1
735 49 1
2045 49 1
1911 49 1
2619 49 1
611 49 1
1116 49 1
3707 49 1
61 49 1
2230 49 1
1271 49 1
1032 49 1
1088 49 1
261 49 1
3793 49 1
6650 49 1
2593 49 1
1536 49 1
6615 49 1
1986 49 1
6356 49 1
120 49 1
785 49 1
1917 49 1
6121 49 1
4711 49 1
3156 49 1
320 49 1
1294 49 1
3713 49 1
1217 49 1
1220 49 1
3365 49 1
1886 49 1
6055 49 1
1500 49 1
2099 49 1
4812 49 1
3309 49 1
628 49 1
508 49 1
4769 49 1
1382 49 1
746 49 1
2251 49 1
80 49 1
1245 49 1
2657 49 1
5340 49 1
5019 49 1
4359 49 1
4530 49 1
125 49 1
5746 49 1
5127 49 1
6529 49 1
5369 49 1
3495 49 1
3228 49 1
4190 49 1
679 49 1
2427 49 1
2152 49 1
938 49 1
3573 49 1
3372 49 1
3820 49 1
1242 49 1
1236 49 1
4310 49 1
1145 49 1
4400 49 1
3955 49 1
1983 49 1
4652 49 1
4984 49 1
495 49 1
4310 49 1
1861 49 1
3463 49 1
2966 49 1
5483 49 1
5576 49 1
6268 49 1
401 49 1
3622 49 1
281 49 1
2830 49 1
3322 49 1
3003 49 1
1685 49 1
4815 49 1
928 49 1
1157 49 1
4831 49 1
326 49 1
5476 49 1
6715 49 1
4259 49 1
4182 49 1
5917 49 1
3723 49 1
574 49 1
370 49 1
2471 49 1
5077 49 1
447 49 1
3011 49 1
333 49 1
5086 49 1
2710 49 1
1028 49 1
226 49 1
304 49 1
1478 49 1
2669 49 1
482 49 1
2207 49 1
1236 49 1
3182 49 1
801 49 1
5760 49 1
524 49 1
2189 49 1
3883 49 1
524 49 1
6545 49 1
4721 49 1
2990 49 1
4230 49 1
5242 49 1
4976 49 1
6644 49 1
3478 49 1
5636 49 1
5316 49 1
3051 49 1
239 49 1
3754 49 1
4901 49 1
1130 49 1
3524 49 1
3225 49 1
3922 49 1
6021 49 1
5865 49 1
1479 49 1
520 49 1
4865 50 1
1232 50 1
6245 50 1
4668 50 1
6359 50 1
493 50 1
2174 50 1
4104 50 1
1277 50 1
2268 50 1
2161 50 1
2285 50 1
6524 50 1
5458 50 1
5496 50 1
4669 50 1
609 50 1
2264 50 1
3731 50 1
1005 50 1
4384 50 1
6117 50 1
1293 50 1
2981 50 1
1418 50 1
231 50 1
1237 50 1
1702 50 1
2643 50 1
456 50 1
4704 50 1
6522 50 1
4351 50 1
5140 50 1
5433 50 1
2618 50 1
501 50 1
4176 50 1
2731 50 1
3952 50 1
2933 50 1
5081 50 1
1701 50 1
1313 50 1
1213 50 1
5727 50 1
2898 50 1
1222 50 1
593 50 1
1919 50 1
4590 50 1
5067 50 1
2234 50 1
3448 50 1
1225 50 1
29 50 1
3391 50 1
4063 50 1
4157 50 1
6774 50 1
4334 50 1
4593 50 1
4199 50 1
3354 50 1
5527 50 1
3232 50 1
3015 50 1
1701 50 1
3264 50 1
817 50 1
6362 50 1
6205 50 1
3723 50 1
4755 50 1
286 50 1
5264 50 1
187 50 1
4719 50 1
2192 50 1
1405 50 1
2040 50 1
1909 50 1
5399 50 1
1300 50 1
2038 50 1
5078 50 1
5394 50 1
6259 50 1
3456 50 1
3946 50 1
1028 50 1
460 50 1
3298 50 1
1957 50 1
6252 50 1
6035 50 1
4670 50 1
3298 50 1
6633 50 1
3275 50 1
5840 50 1
4610 50 1
4523 50 1
1750 50 1
4546 50 1
1777 50 1
977 50 1
5166 50 1
3769 50 1
3064 50 1
3535 50 1
2210 50 1
288 50 1
1972 50 1
6507 50 1
2587 50 1
2047 50 1
924 50 1
1471 50 1
503 50 1
4859 50 1
183 50 1
606 50 1
2731 50 1
2109 50 1
4036 50 1
3587 50 1
5291 50 1
4044 50 1
4491 50 1
2198 50 1
2391 50 1
571 50 1
3759 50 1
4072 50 1
3473 50 1
5595 50 1
2156 50 1
2496 50 1
2540 50 1
355 50 1
4879 50 1
5938 50 1
1178 50 1
2991 50 1
3816 50 1
4497 50 1
3586 50 1
2986 50 1
3626 50 1
4426 50 1
2596 50 1
3456 50 1
3530 50 1
2954 50 1
172 50 1
886 50 1
2968 50 1
1649 50 1
5948 50 1
2722 50 1
2108 50 1
2222 50 1
6001 50 1
3770 50 1
1996 50 1
2519 50 1
4298 50 1
4486 50 1
195 50 1
5400 50 1
2575 50 1
6770 50 1
6311 50 1
2543 50 1
6460 50 1
999 50 1
2508 50 1
2306 50 1
3946 50 1
2535 50 1
1869 50 1
2582 50 1
6689 50 1
2660 50 1
2301 50 1
3274 50 1
6080 50 1
5392 50 1
6785 50 1
1927 50 1
788 50 1
4681 50 1
2206 50 1
4086 50 1
3574 50 1
4150 50 1
227 50 1
2678 50 1
6704 50 1
4155 50 1
787 50 1
1234 50 1
2638 50 1
5250 50 1
454 50 1
4014 50 1
412 50 1
4230 50 1
5051 50 1
1466 51 1
5970 51 1
6534 51 1
4858 51 1
5775 51 1
4081 51 1
844 51 1
2491 51 1
4263 51 1
2755 51 1
6249 51 1
6632 51 1
4295 51 1
6611 51 1
1036 51 1
3661 51 1
4572 51 1
2521 51 1
6339 51 1
145 51 1
6454 51 1
1451 51 1
1005 51 1
6174 51 1
3398 51 1
1384 51 1
2766 51 1
1726 51 1
5536 51 1
572 51 1
2144 51 1
1343 51 1
5821 51 1
4977 51 1
3255 51 1
2408 51 1
3934 51 1
6456 51 1
2756 51 1
5719 51 1
4405 51 1
474 51 1
4136 51 1
4758 51 1
1532 51 1
3761 51 1
5117 51 1
2596 51 1
5247 51 1
3695 51 1
20 51 1
2589 51 1
2564 51 1
6694 51 1
2627 51 1
899 51 1
6305 51 1
4026 51 1
434 51 1
4527 51 1
2120 51 1
1898 51 1
598 51 1
5675 51 1
4936 51 1
659 51 1
6072 51 1
4189 51 1
4902 51 1
2938 51 1
161 51 1
2494 51 1
6248 51 1
4219 51 1
2455 51 1
2976 51 1
5554 51 1
2896 51 1
3007 51 1
5528 51 1
485 51 1
6069 51 1
1407 51 1
5245 51 1
5185 51 1
4152 51 1
5750 51 1
3559 51 1
1601 51 1
5819 51 1
2232 51 1
5317 51 1
5541 51 1
6362 51 1
3833 51 1
3573 51 1
3518 51 1
74 51 1
5984 51 1
6000 51 1
2849 51 1
3773 51 1
5299 51 1
4915 51 1
4730 51 1
1717 51 1
5441 51 1
3562 51 1
4183 51 1
6006 51 1
4130 51 1
1577 51 1
4110 51 1
4146 51 1
1367 51 1
5794 51 1
1397 51 1
3940 51 1
5219 51 1
2511 51 1
1568 51 1
3722 51 1
6593 51 1
5638 51 1
2196 51 1
1457 51 1
3415 51 1
4705 51 1
5962 51 1
6540 51 1
5988 51 1
1018 51 1
5607 51 1
950 51 1
3764 51 1
2545 51 1
5150 51 1
3928 51 1
3747 51 1
36 51 1
1013 51 1
471 51 1
879 51 1
6328 51 1
396 51 1
2988 51 1
1265 51 1
3069 51 1
1786 51 1
1889 51 1
6385 51 1
149 51 1
3703 51 1
2705 51 1
241 51 1
6606 51 1
3357 51 1
1226 51 1
4834 51 1
3176 51 1
2510 51 1
3509 51 1
5520 51 1
2419 51 1
2974 51 1
212 51 1
1650 51 1
5425 51 1
2814 51 1
5036 51 1
2597 51 1
4434 51 1
634 51 1
4538 51 1
1127 51 1
4087 51 1
641 51 1
6237 51 1
5914 51 1
5825 51 1
4615 51 1
963 51 1
784 51 1
3002 51 1
1442 51 1
2616 51 1
2958 51 1
4212 51 1
1165 51 1
3261 51 1
2807 51 1
2597 51 1
365 51 1
4737 51 1
376 51 1
702 51 1
75 51 1
1908 51 1
4034 51 1
5811 51 1
1293 51 1
5930 51 1
1631 51 1
1570 51 1
6007 51 1
524 51 1
3791 51 1
3976 51 1
5612 51 1
6478 51 1
6512 52 1
834 52 1
540 52 1
47 52 1
4050 52 1
6336 52 1
1870 52 1
2069 52 1
2837 52 1
4091 52 1
1185 52 1
700 52 1
4037 52 1
6627 52 1
4050 52 1
559 52 1
3520 52 1
5971 52 1
804 52 1
3315 52 1
4764 52 1
637 52 1
3993 52 1
488 52 1
1676 52 1
1202 52 1
2155 52 1
1083 52 1
2249 52 1
3173 52 1
5246 52 1
1361 52 1
3833 52 1
2567 52 1
2903 52 1
1115 52 1
338 52 1
1798 52 1
1324 52 1
1554 52 1
2421 52 1
4044 52 1
4074 52 1
3422 52 1
3472 52 1
1139 52 1
1176 52 1
3959 52 1
4751 52 1
899 52 1
1030 52 1
146 52 1
5735 52 1
2959 52 1
2475 52 1
3432 52 1
6030 52 1
4884 52 1
4233 52 1
2740 52 1
281 52 1
37 52 1
495 52 1
4472 52 1
6169 52 1
1825 52 1
3009 52 1
4467 52 1
2816 52 1
5804 52 1
5443 52 1
1588 52 1
5720 52 1
105 52 1
6564 52 1
2273 52 1
5141 52 1
5477 52 1
950 52 1
530 52 1
856 52 1
4940 52 1
6015 52 1
2585 52 1
4972 52 1
5238 52 1
5985 52 1
1003 52 1
3841 52 1
6603 52 1
1283 52 1
1742 52 1
823 52 1
3 52 1
4272 52 1
5506 52 1
5366 52 1
4998 52 1
1494 52 1
3774 52 1
5995 52 1
6166 52 1
1604 52 1
6552 52 1
666 52 1
2992 52 1
3603 52 1
5597 52 1
5248 52 1
4654 52 1
4404 52 1
5553 52 1
3087 52 1
5795 52 1
6741 52 1
4675 52 1
2790 52 1
2589 52 1
4438 52 1
814 52 1
186 52 1
5950 52 1
3823 52 1
1772 52 1
2349 52 1
2983 52 1
6379 52 1
5237 52 1
1489 52 1
5540 52 1
1363 52 1
2499 52 1
4263 52 1
244 52 1
6336 52 1
5482 52 1
6184 52 1
1284 52 1
4890 52 1
24 52 1
284 52 1
2536 52 1
605 52 1
171 52 1
6018 52 1
985 52 1
2353 52 1
1294 52 1
5188 52 1
2026 52 1
1887 52 1
4508 52 1
5533 52 1
3952 52 1
3643 52 1
4005 52 1
1806 52 1
444 52 1
3638 52 1
1003 52 1
895 52 1
3995 52 1
3315 52 1
3738 52 1
834 52 1
455 52 1
4445 52 1
83 52 1
1577 52 1
3677 52 1
5140 52 1
840 52 1
6420 52 1
3045 52 1
4346 52 1
2801 52 1
5583 52 1
2577 52 1
6282 52 1
2018 52 1
2177 52 1
4251 52 1
2170 52 1
173 52 1
1897 52 1
176 52 1
5145 52 1
6693 52 1
1816 52 1
3849 52 1
6387 52 1
4270 52 1
727 52 1
5478 52 1
5238 52 1
2632 52 1
4237 52 1
1084 52 1
2725 52 1
443 52 1
4194 52 1
2338 52 1
3991 52 1
4145 52 1
1003 52 1
4123 52 1
6474 52 1
835 52 1
4851 52 1
6442 52 1
1492 53 1
4378 53 1
5927 53 1
3654 53 1
6023 53 1
6525 53 1
6299 53 1
2422 53 1
1844 53 1
4435 53 1
1453 53 1
1323 53 1
5280 53 1
4364 53 1
5614 53 1
541 53 1
3209 53 1
4554 53 1
569 53 1
6108 53 1
3336 53 1
407 53 1
509 53 1
6543 53 1
1100 53 1
5409 53 1
2324 53 1
2761 53 1
2663 53 1
3861 53 1
1553 53 1
1453 53 1
6619 53 1
2607 53 1
6103 53 1
3553 53 1
1521 53 1
4614 53 1
3940 53 1
6782 53 1
799 53 1
276 53 1
4508 53 1
5662 53 1
3782 53 1
6248 53 1
5079 53 1
623 53 1
3369 53 1
3191 53 1
5170 53 1
2840 53 1
4126 53 1
1712 53 1
6064 53 1
5394 53 1
1798 53 1
2574 53 1
1486 53 1
550 53 1
3263 53 1
5775 53 1
2852 53 1
3871 53 1
5963 53 1
2265 53 1
5687 53 1
1833 53 1
5687 53 1
2979 53 1
6261 53 1
1176 53 1
325 53 1
4470 53 1
3212 53 1
1479 53 1
5976 53 1
2859 53 1
1741 53 1
6737 53 1
4458 53 1
2159 53 1
4720 53 1
3010 53 1
2714 53 1
3336 53 1
4268 53 1
281 53 1
5099 53 1
3418 53 1
5058 53 1
3587 53 1
4768 53 1
2295 53 1
3858 53 1
6135 53 1
3641 53 1
3213 53 1
5846 53 1
4104 53 1
3910 53 1
4614 53 1
3241 53 1
440 53 1
3792 53 1
3529 53 1
5392 53 1
1723 53 1
1933 53 1
4689 53 1
4329 53 1
3376 53 1
5779 53 1
4093 53 1
4259 53 1
4142 53 1
3083 53 1
5299 53 1
3214 53 1
2404 53 1
5733 53 1
5089 53 1
1106 53 1
2405 53 1
5175 53 1
6182 53 1
2751 53 1
1635 53 1
5419 53 1
3957 53 1
4330 53 1
3397 53 1
3040 53 1
147 53 1
2305 53 1
2279 53 1
4406 53 1
4634 53 1
708 53 1
4571 53 1
5161 53 1
3674 53 1
2737 53 1
2752 53 1
5070 53 1
4018 53 1
489 53 1
4911 53 1
1882 53 1
2501 53 1
3256 53 1
1871 53 1
5255 53 1
3131 53 1
5379 53 1
1930 53 1
183 53 1
2368 53 1
6212 53 1
1959 53 1
3352 53 1
1236 53 1
962 53 1
419 53 1
880 53 1
487 53 1
6565 53 1
1566 53 1
1194 53 1
5628 53 1
342 53 1
5521 53 1
4357 53 1
2519 53 1
5122 53 1
2409 53 1
553 53 1
2265 53 1
2429 53 1
6073 53 1
3357 53 1
4660 53 1
2117 53 1
6302 53 1
4142 53 1
1732 53 1
6765 53 1
1266 53 1
5426 53 1
1317 53 1
1481 53 1
3527 53 1
741 53 1
998 53 1
4605 53 1
3845 53 1
4228 53 1
3296 53 1
3013 53 1
573 53 1
4548 53 1
2389 53 1
2231 53 1
983 53 1
721 53 1
586 53 1
1404 53 1
5918 53 1
4883 53 1
6456 53 1
5761 54 1
6310 54 1
97 54 1
2506 54 1
1385 54 1
822 54 1
4526 54 1
1503 54 1
1057 54 1
424 54 1
6256 54 1
3938 54 1
1168 54 1
2281 54 1
313 54 1
4765 54 1
4406 54 1
5254 54 1
3190 54 1
2951 54 1
2542 54 1
3201 54 1
4178 54 1
3666 54 1
255 54 1
6743 54 1
4142 54 1
2438 54 1
826 54 1
3057 54 1
939 54 1
728 54 1
1532 54 1
5310 54 1
5033 54 1
6001 54 1
2956 54 1
6078 54 1
2659 54 1
6477 54 1
5109 54 1
5593 54 1
2619 54 1
5380 54 1
6490 54 1
1573 54 1
3646 54 1
2779 54 1
6270 54 1
4486 54 1
6281 54 1
2043 54 1
2145 54 1
5705 54 1
4901 54 1
3892 54 1
3232 54 1
5885 54 1
2 54 1
5858 54 1
6624 54 1
6538 54 1
3718 54 1
1378 54 1
90 54 1
1691 54 1
3460 54 1
1099 54 1
1544 54 1
4394 54 1
1841 54 1
1954 54 1
3442 54 1
1436 54 1
1130 54 1
1168 54 1
4646 54 1
361 54 1
360 54 1
6008 54 1
315 54 1
445 54 1
3087 54 1
5032 54 1
2036 54 1
46 54 1
3904 54 1
3789 54 1
925 54 1
3470 54 1
329 54 1
5764 54 1
2588 54 1
3229 54 1
3673 54 1
3252 54 1
4693 54 1
2533 54 1
1984 54 1
211 54 1
3605 54 1
294 54 1
2999 54 1
1391 54 1
5322 54 1
4449 54 1
2220 54 1
2698 54 1
5359 54 1
3845 54 1
2329 54 1
1245 54 1
4128 54 1
4316 54 1
1362 54 1
3336 54 1
2838 54 1
4737 54 1
1462 54 1
3483 54 1
1789 54 1
6524 54 1
1261 54 1
2709 54 1
1523 54 1
3172 54 1
5396 54 1
1820 54 1
5891 54 1
6332 54 1
5764 54 1
6727 54 1
1383 54 1
205 54 1
3273 54 1
5610 54 1
4970 54 1
3448 54 1
2656 54 1
3395 54 1
5751 54 1
6086 54 1
2438 54 1
1382 54 1
5002 54 1
3913 54 1
1578 54 1
4857 54 1
4231 54 1
3194 54 1
6058 54 1
4479 54 1
3641 54 1
896 54 1
2168 54 1
1003 54 1
6223 54 1
5765 54 1
6592 54 1
6027 54 1
5724 54 1
2955 54 1
4455 54 1
2850 54 1
852 54 1
3508 54 1
6318 54 1
357 54 1
473 54 1
4938 54 1
41 54 1
4164 54 1
5093 54 1
5583 54 1
2816 54 1
4166 54 1
6437 54 1
2803 54 1
2095 54 1
3002 54 1
1216 54 1
2164 54 1
1725 54 1
2987 54 1
6764 54 1
4687 54 1
3796 54 1
1598 54 1
4146 54 1
887 54 1
5349 54 1
5618 54 1
5277 54 1
1090 54 1
1321 54 1
3439 54 1
5628 54 1
3179 54 1
6164 54 1
4680 54 1
4725 54 1
1040 54 1
4255 54 1
5324 54 1
1265 54 1
4246 54 1
898 54 1
6453 54 1
1829 54 1
1698 54 1
3355 55 1
3822 55 1
5691 55 1
6166 55 1
386 55 1
4634 55 1
6164 55 1
617 55 1
998 55 1
691 55 1
4802 55 1
5661 55 1
1601 55 1
2433 55 1
6713 55 1
4761 55 1
103 55 1
3475 55 1
2947 55 1
49 55 1
4852 55 1
4938 55 1
5285 55 1
4880 55 1
4345 55 1
2910 55 1
2523 55 1
495 55 1
3366 55 1
3045 55 1
6691 55 1
1187 55 1
888 55 1
3831 55 1
4449 55 1
5001 55 1
6303 55 1
3818 55 1
1059 55 1
3251 55 1
3567 55 1
815 55 1
88 55 1
5995 55 1
350 55 1
6481 55 1
3722 55 1
6766 55 1
4237 55 1
4203 55 1
4623 55 1
2379 55 1
5717 55 1
5256 55 1
5293 55 1
1310 55 1
1916 55 1
1584 55 1
6070 55 1
378 55 1
953 55 1
3930 55 1
4513 55 1
5871 55 1
6064 55 1
5546 55 1
5790 55 1
3842 55 1
4529 55 1
3722 55 1
5864 55 1
4666 55 1
1681 55 1
1746 55 1
4883 55 1
2629 55 1
3785 55 1
4847 55 1
2294 55 1
3862 55 1
2030 55 1
3460 55 1
498 55 1
4318 55 1
3959 55 1
109 55 1
5933 55 1
1376 55 1
6461 55 1
5093 55 1
1388 55 1
594 55 1
6627 55 1
4022 55 1
6044 55 1
6479 55 1
4685 55 1
6445 55 1
5597 55 1
2837 55 1
4949 55 1
4605 55 1
3589 55 1
4182 55 1
6151 55 1
6123 55 1
813 55 1
5550 55 1
1845 55 1
6435 55 1
416 55 1
3742 55 1
3146 55 1
3240 55 1
4859 55 1
6406 55 1
5023 55 1
5731 55 1
6743 55 1
2781 55 1
1611 55 1
4736 55 1
2825 55 1
2913 55 1
662 55 1
938 55 1
2910 55 1
2162 55 1
3434 55 1
2186 55 1
856 55 1
3840 55 1
3913 55 1
4494 55 1
1770 55 1
2680 55 1
5014 55 1
1876 55 1
3634 55 1
2452 55 1
2251 55 1
4623 55 1
4264 55 1
3209 55 1
5552 55 1
2582 55 1
6502 55 1
4328 55 1
3820 55 1
352 55 1
2334 55 1
2998 55 1
5917 55 1
20 55 1
1216 55 1
6393 55 1
29 55 1
3328 55 1
4373 55 1
4339 55 1
5498 55 1
297 55 1
2350 55 1
466 55 1
3997 55 1
2585 55 1
5815 55 1
1702 55 1
2170 55 1
5578 55 1
1101 55 1
3321 55 1
3116 55 1
171 55 1
3133 55 1
1139 55 1
3888 55 1
5004 55 1
5935 55 1
3628 55 1
3121 55 1
2855 55 1
6103 55 1
4648 55 1
6512 55 1
5582 55 1
2287 55 1
824 55 1
3364 55 1
133 55 1
1563 55 1
513 55 1
5707 55 1
6127 55 1
2593 55 1
5980 55 1
4488 55 1
2318 55 1
4209 55 1
5279 55 1
4367 55 1
3094 55 1
985 55 1
1207 55 1
4693 55 1
1528 55 1
5010 55 1
3222 55 1
1237 55 1
3280 55 1
4095 56 1
4629 56 1
2796 56 1
4061 56 1
4268 56 1
6528 56 1
1478 56 1
2014 56 1
513 56 1
3362 56 1
6708 56 1
6130 56 1
5904 56 1
6611 56 1
1593 56 1
2801 56 1
6351 56 1
5902 56 1
3738 56 1
4776 56 1
4776 56 1
6448 56 1
1493 56 1
1079 56 1
4833 56 1
5489 56 1
761 56 1
5305 56 1
6271 56 1
2991 56 1
3815 56 1
1469 56 1
5177 56 1
3441 56 1
5744 56 1
1169 56 1
4948 56 1
984 56 1
3984 56 1
2749 56 1
1263 56 1
6716 56 1
139 56 1
976 56 1
5022 56 1
90 56 1
4085 56 1
5203 56 1
1254 56 1
3766 56 1
191 56 1
3728 56 1
1206 56 1
412 56 1
6764 56 1
4484 56 1
147 56 1
5706 56 1
869 56 1
95 56 1
6719 56 1
3584 56 1
3598 56 1
3228 56 1
5424 56 1
4901 56 1
152 56 1
2513 56 1
444 56 1
2425 56 1
3253 56 1
5368 56 1
1049 56 1
1292 56 1
5512 56 1
1958 56 1
6124 56 1
3971 56 1
3550 56 1
3024 56 1
6489 56 1
1150 56 1
849 56 1
942 56 1
2038 56 1
5238 56 1
1457 56 1
1815 56 1
1315 56 1
2675 56 1
1209 56 1
3367 56 1
2336 56 1
3836 56 1
4133 56 1
383 56 1
5408 56 1
3894 56 1
2389 56 1
4843 56 1
119 56 1
6670 56 1
5332 56 1
6625 56 1
5654 56 1
308 56 1
454 56 1
522 56 1
138 56 1
2175 56 1
2420 56 1
251 56 1
3864 56 1
5973 56 1
1461 56 1
558 56 1
23 56 1
6590 56 1
6105 56 1
2287 56 1
444 56 1
5609 56 1
3930 56 1
5677 56 1
1511 56 1
3400 56 1
3844 56 1
4421 56 1
4381 56 1
1973 56 1
535 56 1
4469 56 1
226 56 1
6366 56 1
6524 56 1
255 56 1
6682 56 1
5605 56 1
256 56 1
5649 56 1
3475 56 1
6480 56 1
5158 56 1
1367 56 1
2565 56 1
5141 56 1
5516 56 1
3723 56 1
3016 56 1
5159 56 1
2076 56 1
6715 56 1
1933 56 1
2 56 1
5339 56 1
5259 56 1
5348 56 1
720 56 1
831 56 1
2033 56 1
6413 56 1
1791 56 1
617 56 1
1232 56 1
3895 56 1
3507 56 1
2859 56 1
5250 56 1
2418 56 1
61 56 1
250 56 1
6193 56 1
167 56 1
1206 56 1
4091 56 1
1453 56 1
3779 56 1
5207 56 1
6456 56 1
6492 56 1
2675 56 1
23 56 1
4055 56 1
4566 56 1
2955 56 1
2071 56 1
2592 56 1
329 56 1
1155 56 1
5779 56 1
4140 56 1
1066 56 1
3317 56 1
1514 56 1
6649 56 1
6676 56 1
2057 56 1
6741 56 1
5706 56 1
6423 56 1
1974 56 1
3855 56 1
3895 56 1
5537 56 1
5452 56 1
3078 56 1
2782 56 1
4129 56 1
6222 56 1
17 56 1
4175 57 1
5243 57 1
5924 57 1
5810 57 1
3076 57 1
778 57 1
1249 57 1
4028 57 1
3118 57 1
3850 57 1
6773 57 1
5491 57 1
2932 57 1
3037 57 1
6093 57 1
1969 57 1
3602 57 1
4484 57 1
3473 57 1
4875 57 1
457 57 1
2727 57 1
6317 57 1
1639 57 1
1306 57 1
6247 57 1
833 57 1
6062 57 1
2978 57 1
1679 57 1
4089 57 1
1790 57 1
1808 57 1
3860 57 1
4618 57 1
2842 57 1
5373 57 1
401 57 1
5651 57 1
6633 57 1
3757 57 1
5764 57 1
5276 57 1
3051 57 1
3247 57 1
709 57 1
374 57 1
2202 57 1
6511 57 1
2618 57 1
771 57 1
544 57 1
1893 57 1
3070 57 1
2478 57 1
3903 57 1
4335 57 1
1497 57 1
753 57 1
6505 57 1
396 57 1
3636 57 1
6304 57 1
3989 57 1
1814 57 1
4185 57 1
1831 57 1
3769 57 1
5483 57 1
4318 57 1
2558 57 1
4197 57 1
1799 57 1
2400 57 1
5876 57 1
2968 57 1
1285 57 1
4888 57 1
6345 57 1
3477 57 1
1913 57 1
4171 57 1
4052 57 1
6346 57 1
3451 57 1
3511 57 1
4130 57 1
2576 57 1
2265 57 1
2684 57 1
1014 57 1
3150 57 1
5270 57 1
1634 57 1
1921 57 1
5662 57 1
1371 57 1
4046 57 1
629 57 1
3391 57 1
4578 57 1
1285 57 1
4698 57 1
1154 57 1
1310 57 1
1579 57 1
57 57 1
1421 57 1
5273 57 1
2875 57 1
4405 57 1
3167 57 1
1162 57 1
3286 57 1
1765 57 1
19 57 1
2404 57 1
5549 57 1
2766 57 1
1304 57 1
6518 57 1
2234 57 1
3660 57 1
5731 57 1
1364 57 1
686 57 1
3188 57 1
5983 57 1
6420 57 1
4988 57 1
1775 57 1
1822 57 1
660 57 1
3002 57 1
632 57 1
3331 57 1
5945 57 1
6187 57 1
2936 57 1
5313 57 1
3880 57 1
6699 57 1
3736 57 1
5535 57 1
4035 57 1
6428 57 1
3761 57 1
5340 57 1
5002 57 1
2314 57 1
2744 57 1
688 57 1
5965 57 1
6015 57 1
3895 57 1
1590 57 1
77 57 1
3575 57 1
5184 57 1
906 57 1
986 57 1
3727 57 1
3186 57 1
2920 57 1
1953 57 1
5747 57 1
5219 57 1
5077 57 1
1637 57 1
5150 57 1
6295 57 1
4774 57 1
1523 57 1
2824 57 1
3251 57 1
670 57 1
1475 57 1
4594 57 1
1706 57 1
457 57 1
758 57 1
246 57 1
3495 57 1
4335 57 1
5699 57 1
1910 57 1
6222 57 1
4285 57 1
3940 57 1
2305 57 1
1040 57 1
5618 57 1
2115 57 1
1027 57 1
2322 57 1
5405 57 1
5082 57 1
2929 57 1
1688 57 1
6364 57 1
4402 57 1
2951 57 1
867 57 1
1383 57 1
3267 57 1
5830 57 1
796 57 1
1352 57 1
903 57 1
3965 57 1
596 58 1
1127 58 1
3360 58 1
986 58 1
4223 58 1
3315 58 1
88 58 1
6077 58 1
4452 58 1
6647 58 1
2928 58 1
6225 58 1
387 58 1
4774 58 1
5071 58 1
6348 58 1
4409 58 1
5375 58 1
2955 58 1
3847 58 1
5285 58 1
6649 58 1
2134 58 1
2599 58 1
5012 58 1
4055 58 1
2700 58 1
3243 58 1
4131 58 1
2322 58 1
1181 58 1
1016 58 1
3005 58 1
4338 58 1
6309 58 1
4317 58 1
1929 58 1
1962 58 1
3941 58 1
3368 58 1
4299 58 1
1301 58 1
1333 58 1
2904 58 1
3918 58 1
5176 58 1
2231 58 1
1644 58 1
1092 58 1
5675 58 1
2270 58 1
4228 58 1
58 58 1
3450 58 1
1318 58 1
5719 58 1
4504 58 1
1297 58 1
30 58 1
414 58 1
4641 58 1
2925 58 1
1693 58 1
4102 58 1
560 58 1
5889 58 1
1504 58 1
6684 58 1
826 58 1
4594 58 1
4294 58 1
4949 58 1
587 58 1
3534 58 1
5361 58 1
1056 58 1
3900 58 1
2521 58 1
5869 58 1
1818 58 1
5431 58 1
3698 58 1
2768 58 1
6399 58 1
4967 58 1
3832 58 1
1885 58 1
6288 58 1
6114 58 1
5072 58 1
5385 58 1
2768 58 1
5757 58 1
3652 58 1
2685 58 1
1764 58 1
1787 58 1
1744 58 1
2427 58 1
150 58 1
3110 58 1
2180 58 1
796 58 1
6417 58 1
3870 58 1
6080 58 1
981 58 1
2321 58 1
4743 58 1
1590 58 1
3352 58 1
5301 58 1
3207 58 1
1059 58 1
4562 58 1
943 58 1
4747 58 1
4594 58 1
4755 58 1
2361 58 1
378 58 1
2082 58 1
1173 58 1
6067 58 1
6670 58 1
2107 58 1
1442 58 1
2414 58 1
5100 58 1
968 58 1
4683 58 1
1233 58 1
4471 58 1
3310 58 1
1834 58 1
4196 58 1
92 58 1
4416 58 1
2589 58 1
3475 58 1
5235 58 1
5657 58 1
3544 58 1
3461 58 1
531 58 1
4745 58 1
2554 58 1
505 58 1
2364 58 1
3884 58 1
1735 58 1
1587 58 1
5836 58 1
3058 58 1
2126 58 1
1912 58 1
1933 58 1
4022 58 1
3425 58 1
4955 58 1
3730 58 1
242 58 1
1404 58 1
1526 58 1
1236 58 1
2422 58 1
5946 58 1
849 58 1
4532 58 1
6121 58 1
3266 58 1
5466 58 1
1760 58 1
4804 58 1
54 58 1
3966 58 1
5224 58 1
6522 58 1
6459 58 1
1847 58 1
2274 58 1
491 58 1
4999 58 1
3033 58 1
1198 58 1
5110 58 1
1989 58 1
6223 58 1
4069 58 1
387 58 1
1016 58 1
3626 58 1
4632 58 1
1787 58 1
2448 58 1
4238 58 1
1427 58 1
2529 58 1
1108 58 1
3247 58 1
5846 58 1
3867 58 1
4614 58 1
3984 58 1
2936 58 1
5048 58 1
4916 58 1
3471 58 1
6033 58 1
4658 58 1
382 59 1
3140 59 1
3700 59 1
847 59 1
2565 59 1
1582 59 1
957 59 1
6615 59 1
1903 59 1
1921 59 1
3815 59 1
5805 59 1
4340 59 1
5178 59 1
5051 59 1
6544 59 1
509 59 1
2550 59 1
5474 59 1
537 59 1
821 59 1
4890 59 1
2097 59 1
6789 59 1
744 59 1
1164 59 1
3011 59 1
2363 59 1
2979 59 1
1779 59 1
4305 59 1
1949 59 1
2506 59 1
1083 59 1
3412 59 1
5165 59 1
5799 59 1
2388 59 1
2798 59 1
592 59 1
5664 59 1
3381 59 1
4301 59 1
514 59 1
3702 59 1
1682 59 1
4772 59 1
1485 59 1
3080 59 1
2673 59 1
1268 59 1
3439 59 1
5711 59 1
6748 59 1
1810 59 1
4272 59 1
3568 59 1
6236 59 1
2986 59 1
87 59 1
5483 59 1
5005 59 1
1579 59 1
5105 59 1
5824 59 1
961 59 1
3819 59 1
5977 59 1
4208 59 1
3360 59 1
919 59 1
1044 59 1
4796 59 1
6670 59 1
2790 59 1
1151 59 1
5609 59 1
355 59 1
6152 59 1
2384 59 1
6457 59 1
4196 59 1
516 59 1
5369 59 1
2084 59 1
4379 59 1
4463 59 1
2838 59 1
5740 59 1
2174 59 1
4883 59 1
4192 59 1
3933 59 1
5342 59 1
1161 59 1
2438 59 1
6309 59 1
3952 59 1
1069 59 1
6628 59 1
750 59 1
5185 59 1
1294 59 1
5967 59 1
5773 59 1
1843 59 1
3744 59 1
5251 59 1
1967 59 1
3757 59 1
1498 59 1
5066 59 1
1244 59 1
2022 59 1
5994 59 1
3665 59 1
1622 59 1
1771 59 1
1816 59 1
6374 59 1
6174 59 1
2702 59 1
6325 59 1
6340 59 1
5121 59 1
3318 59 1
338 59 1
2169 59 1
72 59 1
2864 59 1
386 59 1
6324 59 1
4496 59 1
4507 59 1
1038 59 1
119 59 1
1504 59 1
45 59 1
4048 59 1
1416 59 1
4541 59 1
3478 59 1
4230 59 1
4901 59 1
2323 59 1
947 59 1
5615 59 1
4207 59 1
1605 59 1
4295 59 1
5325 59 1
1252 59 1
3597 59 1
5766 59 1
5946 59 1
771 59 1
3644 59 1
2045 59 1
5593 59 1
1239 59 1
5420 59 1
4318 59 1
2702 59 1
2314 59 1
4463 59 1
2713 59 1
906 59 1
5996 59 1
3894 59 1
6524 59 1
3239 59 1
797 59 1
6116 59 1
3101 59 1
6225 59 1
2752 59 1
1739 59 1
2092 59 1
5157 59 1
1641 59 1
2886 59 1
5752 59 1
5779 59 1
6684 59 1
2758 59 1
762 59 1
555 59 1
66 59 1
4300 59 1
1973 59 1
5449 59 1
1788 59 1
1173 59 1
3764 59 1
3989 59 1
1077 59 1
701 59 1
6575 59 1
1584 59 1
2156 59 1
198 59 1
2901 59 1
5938 59 1
1318 59 1
1320 59 1
6010 59 1
2163 59 1
3652 59 1
2585 59 1
2679 59 1
4564 60 1
6552 60 1
3370 60 1
2526 60 1
886 60 1
5764 60 1
2991 60 1
3601 60 1
4970 60 1
6182 60 1
1360 60 1
1622 60 1
3630 60 1
5762 60 1
4305 60 1
784 60 1
3061 60 1
2912 60 1
1264 60 1
3288 60 1
263 60 1
2371 60 1
1936 60 1
5928 60 1
6045 60 1
3776 60 1
1379 60 1
6248 60 1
4605 60 1
6249 60 1
5617 60 1
2071 60 1
2348 60 1
6588 60 1
417 60 1
4440 60 1
3657 60 1
6303 60 1
2831 60 1
2719 60 1
3288 60 1
987 60 1
1292 60 1
5422 60 1
5088 60 1
4301 60 1
5170 60 1
2052 60 1
4404 60 1
1854 60 1
4966 60 1
3952 60 1
6601 60 1
4761 60 1
4580 60 1
2438 60 1
5099 60 1
3229 60 1
527 60 1
4825 60 1
2214 60 1
5911 60 1
4485 60 1
5971 60 1
3313 60 1
373 60 1
3745 60 1
5923 60 1
110 60 1
5344 60 1
3663 60 1
3806 60 1
1173 60 1
4438 60 1
6063 60 1
1998 60 1
437 60 1
3378 60 1
2683 60 1
3700 60 1
5499 60 1
1302 60 1
4369 60 1
6171 60 1
6786 60 1
1384 60 1
1267 60 1
468 60 1
1155 60 1
4952 60 1
2692 60 1
1285 60 1
104 60 1
4931 60 1
1231 60 1
1650 60 1
3377 60 1
15 60 1
4943 60 1
2586 60 1
2941 60 1
4848 60 1
6555 60 1
2769 60 1
1699 60 1
3702 60 1
186 60 1
3823 60 1
6424 60 1
6314 60 1
116 60 1
2611 60 1
1970 60 1
590 60 1
5745 60 1
6786 60 1
3911 60 1
233 60 1
2960 60 1
4096 60 1
1549 60 1
3436 60 1
5312 60 1
663 60 1
189 60 1
5554 60 1
676 60 1
4222 60 1
6369 60 1
1192 60 1
300 60 1
1639 60 1
3833 60 1
5603 60 1
2529 60 1
1745 60 1
877 60 1
5631 60 1
5890 60 1
4582 60 1
2751 60 1
1231 60 1
1171 60 1
1893 60 1
4751 60 1
3532 60 1
2099 60 1
5728 60 1
2384 60 1
1570 60 1
4035 60 1
5178 60 1
5490 60 1
5026 60 1
3640 60 1
4200 60 1
3963 60 1
3909 60 1
3035 60 1
2831 60 1
6155 60 1
3588 60 1
1998 60 1
1957 60 1
6730 60 1
3957 60 1
6548 60 1
3854 60 1
3954 60 1
253 60 1
819 60 1
3133 60 1
4787 60 1
3419 60 1
6217 60 1
639 60 1
1157 60 1
3050 60 1
5143 60 1
3012 60 1
725 60 1
5585 60 1
646 60 1
3128 60 1
4356 60 1
320 60 1
6020 60 1
3593 60 1
199 60 1
2171 60 1
3938 60 1
4955 60 1
944 60 1
5118 60 1
2047 60 1
724 60 1
5224 60 1
6098 60 1
303 60 1
6440 60 1
5433 60 1
3347 60 1
5805 60 1
4577 60 1
2114 60 1
5613 60 1
5945 60 1
4456 60 1
2459 60 1
2208 60 1
106 61 1
5039 61 1
2813 61 1
6651 61 1
5874 61 1
5855 61 1
228 61 1
1672 61 1
5847 61 1
840 61 1
4827 61 1
4111 61 1
5647 61 1
2354 61 1
1193 61 1
5727 61 1
5565 61 1
1346 61 1
2616 61 1
656 61 1
3151 61 1
758 61 1
5973 61 1
6271 61 1
5698 61 1
2003 61 1
1056 61 1
4918 61 1
3544 61 1
1304 61 1
5920 61 1
542 61 1
4837 61 1
2541 61 1
1238 61 1
3840 61 1
1389 61 1
2453 61 1
2235 61 1
4722 61 1
4054 61 1
1506 61 1
6236 61 1
866 61 1
2698 61 1
1607 61 1
1465 61 1
567 61 1
664 61 1
1629 61 1
1683 61 1
405 61 1
1807 61 1
592 61 1
3817 61 1
5581 61 1
5773 61 1
2840 61 1
4651 61 1
1719 61 1
3569 61 1
2340 61 1
3577 61 1
4070 61 1
4736 61 1
3832 61 1
5904 61 1
5506 61 1
6006 61 1
5081 61 1
4279 61 1
2806 61 1
6531 61 1
1019 61 1
3847 61 1
3163 61 1
2889 61 1
5019 61 1
4292 61 1
6149 61 1
2016 61 1
5351 61 1
6647 61 1
3692 61 1
2747 61 1
3357 61 1
4893 61 1
6491 61 1
4058 61 1
6301 61 1
6523 61 1
5736 61 1
4366 61 1
2726 61 1
6023 61 1
3704 61 1
2167 61 1
4445 61 1
2479 61 1
379 61 1
4066 61 1
5901 61 1
2219 61 1
5457 61 1
2144 61 1
6094 61 1
1054 61 1
2723 61 1
1945 61 1
312 61 1
5237 61 1
6208 61 1
29 61 1
2336 61 1
2000 61 1
198 61 1
5081 61 1
4375 61 1
592 61 1
1469 61 1
3079 61 1
6100 61 1
5823 61 1
1796 61 1
1253 61 1
4223 61 1
3039 61 1
2131 61 1
2903 61 1
745 61 1
104 61 1
4208 61 1
4356 61 1
8 61 1
6724 61 1
1530 61 1
67 61 1
1536 61 1
3872 61 1
4134 61 1
1261 61 1
79 61 1
2157 61 1
6226 61 1
6418 61 1
6177 61 1
5344 61 1
2286 61 1
4779 61 1
2759 61 1
989 61 1
5575 61 1
4621 61 1
690 61 1
3509 61 1
4081 61 1
6030 61 1
5931 61 1
5547 61 1
6155 61 1
4385 61 1
2630 61 1
6174 61 1
5688 61 1
4494 61 1
6071 61 1
2354 61 1
3780 61 1
2798 61 1
6477 61 1
3153 61 1
3933 61 1
6063 61 1
2371 61 1
4346 61 1
5349 61 1
2321 61 1
4238 61 1
1580 61 1
6476 61 1
3981 61 1
2345 61 1
4423 61 1
1257 61 1
2458 61 1
1211 61 1
3579 61 1
4673 61 1
6641 61 1
5399 61 1
1520 61 1
4081 61 1
2729 61 1
5578 61 1
5486 61 1
2633 61 1
2055 61 1
2605 61 1
4956 61 1
6195 61 1
1980 61 1
1266 61 1
811 61 1
6167 61 1
6053 61 1
1187 61 1
5680 61 1
3713 61 1
2044 61 1
1857 61 1
1206 62 1
4230 62 1
31 62 1
5656 62 1
4422 62 1
3872 62 1
3234 62 1
6163 62 1
3497 62 1
4331 62 1
3171 62 1
4483 62 1
6304 62 1
2100 62 1
4563 62 1
6674 62 1
182 62 1
3778 62 1
3432 62 1
106 62 1
121 62 1
671 62 1
2532 62 1
4759 62 1
3177 62 1
2040 62 1
481 62 1
2498 62 1
5800 62 1
5880 62 1
6150 62 1
1194 62 1
7 62 1
4728 62 1
3459 62 1
969 62 1
3899 62 1
399 62 1
1208 62 1
796 62 1
4396 62 1
2377 62 1
1583 62 1
354 62 1
4077 62 1
2571 62 1
4781 62 1
227 62 1
5375 62 1
5623 62 1
3933 62 1
4333 62 1
2912 62 1
4201 62 1
2451 62 1
1500 62 1
6453 62 1
4438 62 1
2936 62 1
3366 62 1
1 62 1
5484 62 1
5943 62 1
1999 62 1
6693 62 1
2426 62 1
3399 62 1
6505 62 1
999 62 1
4536 62 1
2308 62 1
890 62 1
3210 62 1
33 62 1
756 62 1
4790 62 1
4021 62 1
1758 62 1
2724 62 1
3789 62 1
5327 62 1
276 62 1
6035 62 1
6649 62 1
2781 62 1
3686 62 1
6587 62 1
1087 62 1
1223 62 1
2280 62 1
4367 62 1
3471 62 1
2831 62 1
3743 62 1
3493 62 1
5706 62 1
3197 62 1
3656 62 1
2610 62 1
4331 62 1
1650 62 1
808 62 1
3406 62 1
3026 62 1
4262 62 1
4070 62 1
2542 62 1
3118 62 1
206 62 1
3211 62 1
4365 62 1
6400 62 1
1747 62 1
6381 62 1
3894 62 1
441 62 1
4717 62 1
2092 62 1
3847 62 1
1750 62 1
6134 62 1
6062 62 1
4624 62 1
5201 62 1
4389 62 1
3904 62 1
315 62 1
6637 62 1
2398 62 1
1233 62 1
3525 62 1
2836 62 1
3705 62 1
9 62 1
6362 62 1
2106 62 1
5011 62 1
4065 62 1
4193 62 1
961 62 1
5569 62 1
4128 62 1
4015 62 1
3500 62 1
2529 62 1
4647 62 1
2881 62 1
27 62 1
595 62 1
3511 62 1
3678 62 1
1236 62 1
3906 62 1
2028 62 1
3870 62 1
6250 62 1
123 62 1
829 62 1
3820 62 1
1996 62 1
958 62 1
4840 62 1
1627 62 1
241 62 1
2371 62 1
5147 62 1
0 62 1
3775 62 1
5851 62 1
96 62 1
574 62 1
4291 62 1
765 62 1
4915 62 1
6788 62 1
1347 62 1
6717 62 1
477 62 1
6743 62 1
4618 62 1
6395 62 1
32 62 1
3693 62 1
4511 62 1
6512 62 1
1126 62 1
4160 62 1
5013 62 1
1243 62 1
2019 62 1
5310 62 1
6041 62 1
5085 62 1
6628 62 1
1777 62 1
4141 62 1
250 62 1
5851 62 1
3761 62 1
1766 62 1
5874 62 1
710 62 1
1779 62 1
4472 62 1
4581 62 1
1954 62 1
4276 62 1
5026 62 1
5497 62 1
3553 62 1
813 63 1
5113 63 1
3337 63 1
3929 63 1
4777 63 1
3099 63 1
1518 63 1
2006 63 1
1393 63 1
2672 63 1
6696 63 1
6696 63 1
4165 63 1
210 63 1
448 63 1
6226 63 1
777 63 1
2013 63 1
3692 63 1
4270 63 1
867 63 1
2668 63 1
435 63 1
5216 63 1
417 63 1
1329 63 1
4732 63 1
3279 63 1
6192 63 1
1691 63 1
3472 63 1
5114 63 1
3398 63 1
2717 63 1
1701 63 1
153 63 1
1236 63 1
237 63 1
5567 63 1
6138 63 1
1578 63 1
883 63 1
3871 63 1
865 63 1
1461 63 1
1954 63 1
1055 63 1
4687 63 1
3748 63 1
6335 63 1
1068 63 1
1394 63 1
6432 63 1
3921 63 1
2005 63 1
2482 63 1
3012 63 1
617 63 1
2748 63 1
740 63 1
4537 63 1
5463 63 1
6148 63 1
1735 63 1
2807 63 1
2121 63 1
2775 63 1
6059 63 1
1600 63 1
1400 63 1
1123 63 1
3089 63 1
3702 63 1
1638 63 1
4697 63 1
1318 63 1
5242 63 1
163 63 1
6465 63 1
1709 63 1
4715 63 1
5520 63 1
5442 63 1
1414 63 1
3654 63 1
5140 63 1
4904 63 1
1515 63 1
1957 63 1
3176 63 1
5271 63 1
2614 63 1
2865 63 1
3672 63 1
3458 63 1
5197 63 1
1878 63 1
2520 63 1
3941 63 1
5467 63 1
4086 63 1
986 63 1
5001 63 1
1836 63 1
2809 63 1
2197 63 1
5143 63 1
2017 63 1
345 63 1
4088 63 1
5152 63 1
1210 63 1
5200 63 1
1446 63 1
2540 63 1
1622 63 1
6601 63 1
3448 63 1
160 63 1
2731 63 1
5719 63 1
1400 63 1
2294 63 1
1169 63 1
2549 63 1
3803 63 1
5197 63 1
313 63 1
5595 63 1
2559 63 1
3991 63 1
4237 63 1
198 63 1
5681 63 1
261 63 1
5074 63 1
1257 63 1
2170 63 1
3154 63 1
4377 63 1
4696 63 1
3135 63 1
3254 63 1
2027 63 1
2044 63 1
2524 63 1
5839 63 1
6341 63 1
2747 63 1
4385 63 1
5943 63 1
3694 63 1
4177 63 1
3443 63 1
4779 63 1
4903 63 1
6106 63 1
4465 63 1
3369 63 1
5385 63 1
3687 63 1
4814 63 1
4638 63 1
3542 63 1
2846 63 1
1145 63 1
6441 63 1
3205 63 1
4314 63 1
5140 63 1
291 63 1
2176 63 1
2644 63 1
1231 63 1
971 63 1
1009 63 1
159 63 1
5288 63 1
353 63 1
1749 63 1
3963 63 1
2284 63 1
5088 63 1
4712 63 1
1170 63 1
6182 63 1
5682 63 1
6221 63 1
4877 63 1
6607 63 1
1078 63 1
2431 63 1
2422 63 1
188 63 1
5820 63 1
6224 63 1
5930 63 1
711 63 1
890 63 1
5119 63 1
2007 63 1
1387 63 1
2425 63 1
6709 63 1
6029 63 1
6192 63 1
6328 63 1
2932 63 1
225 63 1
238 63 1
2199 64 1
2081 64 1
5897 64 1
1049 64 1
405 64 1
3828 64 1
4150 64 1
1541 64 1
2102 64 1
4012 64 1
4296 64 1
3437 64 1
468 64 1
1325 64 1
2794 64 1
1039 64 1
4330 64 1
908 64 1
734 64 1
4563 64 1
3640 64 1
48 64 1
5822 64 1
502 64 1
3242 64 1
3436 64 1
4742 64 1
502 64 1
312 64 1
2693 64 1
6182 64 1
6113 64 1
449 64 1
5270 64 1
3463 64 1
678 64 1
6014 64 1
1746 64 1
6117 64 1
6112 64 1
6156 64 1
986 64 1
6300 64 1
5105 64 1
601 64 1
2508 64 1
3294 64 1
1275 64 1
2743 64 1
5629 64 1
1272 64 1
1260 64 1
3565 64 1
3709 64 1
5910 64 1
2943 64 1
3548 64 1
3541 64 1
6212 64 1
5387 64 1
6153 64 1
5665 64 1
1730 64 1
2968 64 1
5227 64 1
5177 64 1
2566 64 1
4308 64 1
3054 64 1
2705 64 1
4637 64 1
2972 64 1
4774 64 1
1787 64 1
1139 64 1
6079 64 1
2698 64 1
1207 64 1
6413 64 1
371 64 1
2695 64 1
5122 64 1
5167 64 1
778 64 1
5397 64 1
1911 64 1
3417 64 1
1014 64 1
1814 64 1
1910 64 1
3694 64 1
3762 64 1
3456 64 1
5479 64 1
6134 64 1
1298 64 1
1385 64 1
4823 64 1
1005 64 1
6598 64 1
1027 64 1
5211 64 1
3846 64 1
30 64 1
6178 64 1
5109 64 1
1435 64 1
459 64 1
5944 64 1
486 64 1
3191 64 1
513 64 1
6164 64 1
2630 64 1
2219 64 1
128 64 1
4928 64 1
6478 64 1
3805 64 1
5803 64 1
6125 64 1
3671 64 1
6655 64 1
374 64 1
6480 64 1
2822 64 1
284 64 1
5572 64 1
4131 64 1
6092 64 1
3692 64 1
1699 64 1
1385 64 1
5440 64 1
2566 64 1
5251 64 1
2486 64 1
895 64 1
5530 64 1
3336 64 1
3889 64 1
2663 64 1
415 64 1
5923 64 1
966 64 1
3974 64 1
128 64 1
3310 64 1
680 64 1
1165 64 1
6408 64 1
3834 64 1
3227 64 1
2045 64 1
5788 64 1
3140 64 1
2882 64 1
1236 64 1
6739 64 1
2846 64 1
808 64 1
525 64 1
698 64 1
4156 64 1
315 64 1
1593 64 1
2359 64 1
3517 64 1
6267 64 1
2496 64 1
4518 64 1
683 64 1
1095 64 1
1375 64 1
4396 64 1
3862 64 1
4181 64 1
1595 64 1
2879 64 1
6667 64 1
282 64 1
5410 64 1
2308 64 1
2918 64 1
3004 64 1
3281 64 1
750 64 1
157 64 1
3742 64 1
3001 64 1
5507 64 1
611 64 1
1806 64 1
1659 64 1
37 64 1
118 64 1
1014 64 1
1437 64 1
3430 64 1
6159 64 1
5234 64 1
625 64 1
5504 64 1
793 64 1
5771 64 1
3594 64 1
3454 64 1
4368 64 1
160 64 1
4739 64 1
3533 65 1
2905 65 1
1021 65 1
2413 65 1
6786 65 1
3125 65 1
1243 65 1
2623 65 1
3817 65 1
4888 65 1
4916 65 1
575 65 1
1004 65 1
110 65 1
6480 65 1
1028 65 1
907 65 1
645 65 1
5432 65 1
5329 65 1
3855 65 1
1327 65 1
4992 65 1
6707 65 1
3625 65 1
5228 65 1
119 65 1
433 65 1
5384 65 1
410 65 1
6747 65 1
1290 65 1
4821 65 1
4951 65 1
6666 65 1
3786 65 1
1344 65 1
4739 65 1
2656 65 1
3442 65 1
6478 65 1
4517 65 1
74 65 1
5076 65 1
5866 65 1
2723 65 1
6621 65 1
2704 65 1
3850 65 1
3899 65 1
3160 65 1
1600 65 1
3173 65 1
1503 65 1
2608 65 1
6526 65 1
2275 65 1
4520 65 1
4143 65 1
5213 65 1
3551 65 1
1389 65 1
5189 65 1
3427 65 1
3658 65 1
2360 65 1
4199 65 1
1145 65 1
1117 65 1
676 65 1
6641 65 1
1174 65 1
5890 65 1
4922 65 1
1112 65 1
6261 65 1
1019 65 1
6724 65 1
295 65 1
3674 65 1
2252 65 1
1813 65 1
2942 65 1
1405 65 1
3821 65 1
2268 65 1
352 65 1
3830 65 1
3069 65 1
6764 65 1
585 65 1
934 65 1
2679 65 1
22 65 1
3731 65 1
1069 65 1
2230 65 1
3538 65 1
6463 65 1
4353 65 1
5761 65 1
4689 65 1
1680 65 1
5910 65 1
4077 65 1
2474 65 1
5118 65 1
3730 65 1
5371 65 1
2528 65 1
3195 65 1
5567 65 1
6157 65 1
5045 65 1
5461 65 1
5638 65 1
4047 65 1
1094 65 1
3021 65 1
5491 65 1
1157 65 1
3142 65 1
1090 65 1
6222 65 1
5130 65 1
824 65 1
3841 65 1
4390 65 1
4756 65 1
5465 65 1
1181 65 1
3863 65 1
2456 65 1
1642 65 1
1523 65 1
5117 65 1
6486 65 1
3154 65 1
6387 65 1
6623 65 1
6611 65 1
5378 65 1
6597 65 1
1528 65 1
4745 65 1
236 65 1
4789 65 1
4181 65 1
3406 65 1
6576 65 1
713 65 1
4075 65 1
3831 65 1
4649 65 1
947 65 1
5959 65 1
2293 65 1
6754 65 1
5225 65 1
4330 65 1
3445 65 1
904 65 1
4432 65 1
3854 65 1
5419 65 1
6693 65 1
1436 65 1
1592 65 1
5605 65 1
6591 65 1
483 65 1
343 65 1
4164 65 1
5203 65 1
6554 65 1
6572 65 1
2846 65 1
5910 65 1
630 65 1
2130 65 1
5834 65 1
4338 65 1
4634 65 1
6640 65 1
6608 65 1
4412 65 1
677 65 1
4020 65 1
4749 65 1
2147 65 1
4855 65 1
4051 65 1
5818 65 1
3732 65 1
4674 65 1
3881 65 1
417 65 1
3776 65 1
747 65 1
6112 65 1
123 65 1
1293 65 1
1965 65 1
1997 65 1
1288 65 1
24 65 1
4451 65 1
3407 65 1
2194 65 1
6117 65 1
4129 66 1
1406 66 1
5229 66 1
3732 66 1
6390 66 1
1038 66 1
175 66 1
3127 66 1
1551 66 1
1908 66 1
3345 66 1
207 66 1
5214 66 1
5722 66 1
3820 66 1
6383 66 1
3313 66 1
4205 66 1
332 66 1
4000 66 1
2248 66 1
6713 66 1
2478 66 1
1829 66 1
1179 66 1
3062 66 1
2468 66 1
3871 66 1
6728 66 1
3143 66 1
967 66 1
6317 66 1
1694 66 1
71 66 1
3657 66 1
6132 66 1
3841 66 1
4150 66 1
358 66 1
6436 66 1
4221 66 1
3711 66 1
5723 66 1
5802 66 1
5923 66 1
255 66 1
1813 66 1
3883 66 1
6581 66 1
1355 66 1
1997 66 1
1209 66 1
733 66 1
181 66 1
5358 66 1
4869 66 1
2538 66 1
849 66 1
3068 66 1
1522 66 1
3681 66 1
2292 66 1
1311 66 1
3716 66 1
3756 66 1
6315 66 1
4843 66 1
6446 66 1
3774 66 1
1080 66 1
1186 66 1
1796 66 1
6401 66 1
2525 66 1
1960 66 1
2733 66 1
567 66 1
5526 66 1
2195 66 1
3345 66 1
5149 66 1
5537 66 1
3853 66 1
2948 66 1
1528 66 1
6766 66 1
2323 66 1
1621 66 1
4617 66 1
3227 66 1
156 66 1
6142 66 1
1296 66 1
5778 66 1
1208 66 1
3875 66 1
1563 66 1
3899 66 1
5902 66 1
4796 66 1
6516 66 1
4214 66 1
2426 66 1
1499 66 1
1833 66 1
2706 66 1
2105 66 1
5040 66 1
5580 66 1
2327 66 1
5904 66 1
3465 66 1
5694 66 1
6188 66 1
2829 66 1
4103 66 1
4679 66 1
5821 66 1
3182 66 1
4145 66 1
4237 66 1
5671 66 1
4775 66 1
5448 66 1
2784 66 1
4063 66 1
918 66 1
1090 66 1
6164 66 1
6481 66 1
4112 66 1
4599 66 1
901 66 1
2321 66 1
5909 66 1
3325 66 1
6595 66 1
1333 66 1
4 66 1
6031 66 1
3286 66 1
6036 66 1
5738 66 1
6146 66 1
4775 66 1
5160 66 1
6325 66 1
927 66 1
5041 66 1
1080 66 1
1316 66 1
1086 66 1
2254 66 1
6199 66 1
5236 66 1
821 66 1
5638 66 1
5161 66 1
3533 66 1
3185 66 1
5257 66 1
6174 66 1
1118 66 1
2576 66 1
6122 66 1
4879 66 1
4081 66 1
294 66 1
5934 66 1
3351 66 1
1227 66 1
1455 66 1
963 66 1
2916 66 1
1022 66 1
1831 66 1
4142 66 1
4724 66 1
2265 66 1
5275 66 1
2218 66 1
5452 66 1
3474 66 1
2301 66 1
661 66 1
247 66 1
5316 66 1
6272 66 1
901 66 1
2588 66 1
4485 66 1
5235 66 1
1535 66 1
4092 66 1
5926 66 1
6494 66 1
6209 66 1
3181 66 1
5306 66 1
2693 66 1
3128 66 1
361 66 1
4421 66 1
5392 66 1
2150 66 1
1947 66 1
6213 66 1
6114 66 1
6331 66 1
5324 66 1
5200 67 1
6295 67 1
5285 67 1
814 67 1
272 67 1
6305 67 1
2882 67 1
5350 67 1
1277 67 1
5884 67 1
643 67 1
1408 67 1
6127 67 1
6200 67 1
3900 67 1
5761 67 1
6084 67 1
4831 67 1
1263 67 1
5615 67 1
3796 67 1
3005 67 1
6225 67 1
5766 67 1
4368 67 1
416 67 1
5584 67 1
5316 67 1
4578 67 1
5396 67 1
2062 67 1
5907 67 1
1486 67 1
6068 67 1
3497 67 1
1769 67 1
441 67 1
3237 67 1
784 67 1
1266 67 1
2129 67 1
5122 67 1
1938 67 1
1700 67 1
1263 67 1
6077 67 1
2661 67 1
2440 67 1
5861 67 1
6691 67 1
6419 67 1
5951 67 1
5541 67 1
489 67 1
4107 67 1
5152 67 1
4049 67 1
1389 67 1
1012 67 1
4368 67 1
3100 67 1
4837 67 1
6124 67 1
5666 67 1
546 67 1
4192 67 1
3212 67 1
3469 67 1
5034 67 1
6196 67 1
1141 67 1
5529 67 1
2948 67 1
3330 67 1
6540 67 1
65 67 1
6050 67 1
3485 67 1
4511 67 1
273 67 1
1062 67 1
2211 67 1
361 67 1
1453 67 1
1391 67 1
5775 67 1
3480 67 1
370 67 1
3102 67 1
6088 67 1
1371 67 1
4523 67 1
4124 67 1
3560 67 1
4635 67 1
338 67 1
184 67 1
4071 67 1
6024 67 1
4637 67 1
6205 67 1
4876 67 1
2382 67 1
17 67 1
2621 67 1
5193 67 1
5167 67 1
6539 67 1
1045 67 1
4460 67 1
2109 67 1
1178 67 1
4352 67 1
5459 67 1
690 67 1
4590 67 1
5872 67 1
1213 67 1
6429 67 1
2790 67 1
1089 67 1
464 67 1
4201 67 1
6310 67 1
1893 67 1
6752 67 1
1083 67 1
1573 67 1
2292 67 1
2971 67 1
4048 67 1
3574 67 1
4919 67 1
2196 67 1
3757 67 1
2181 67 1
2240 67 1
4375 67 1
209 67 1
5552 67 1
909 67 1
1278 67 1
6362 67 1
4308 67 1
2793 67 1
5904 67 1
1101 67 1
480 67 1
5534 67 1
5112 67 1
4816 67 1
3942 67 1
5462 67 1
5951 67 1
545 67 1
1117 67 1
5707 67 1
892 67 1
4836 67 1
5778 67 1
5759 67 1
2467 67 1
1745 67 1
2817 67 1
1961 67 1
5769 67 1
2398 67 1
984 67 1
3359 67 1
244 67 1
1181 67 1
1383 67 1
3738 67 1
5285 67 1
2847 67 1
688 67 1
3070 67 1
6706 67 1
1154 67 1
6094 67 1
6243 67 1
2444 67 1
673 67 1
4016 67 1
628 67 1
4666 67 1
4935 67 1
3524 67 1
814 67 1
5604 67 1
6450 67 1
4977 67 1
4791 67 1
1936 67 1
6511 67 1
14 67 1
2205 67 1
5887 67 1
4145 67 1
3493 67 1
1690 67 1
945 67 1
4129 67 1
1398 67 1
6457 67 1
1451 67 1
365 67 1
2517 67 1
1875 67 1
3310 67 1
1739 68 1
1691 68 1
3187 68 1
5159 68 1
5178 68 1
4804 68 1
1143 68 1
6425 68 1
5848 68 1
138 68 1
364 68 1
4541 68 1
339 68 1
4335 68 1
1268 68 1
4466 68 1
6656 68 1
6700 68 1
5528 68 1
5997 68 1
4860 68 1
1377 68 1
4611 68 1
2075 68 1
867 68 1
5806 68 1
5671 68 1
5834 68 1
3462 68 1
6280 68 1
4612 68 1
2921 68 1
711 68 1
131 68 1
5657 68 1
6188 68 1
2970 68 1
2055 68 1
3284 68 1
3820 68 1
3047 68 1
3162 68 1
2115 68 1
6469 68 1
4537 68 1
3436 68 1
628 68 1
4657 68 1
3475 68 1
4674 68 1
839 68 1
2790 68 1
4430 68 1
5406 68 1
3435 68 1
2298 68 1
6440 68 1
2016 68 1
3952 68 1
3635 68 1
5097 68 1
4388 68 1
2166 68 1
381 68 1
5424 68 1
1879 68 1
6152 68 1
746 68 1
2729 68 1
3053 68 1
2372 68 1
3123 68 1
1013 68 1
4074 68 1
2835 68 1
6486 68 1
5564 68 1
274 68 1
776 68 1
3578 68 1
2316 68 1
2704 68 1
5805 68 1
1997 68 1
6633 68 1
1435 68 1
4443 68 1
3959 68 1
6311 68 1
2063 68 1
2730 68 1
2552 68 1
1811 68 1
4932 68 1
1699 68 1
1990 68 1
4428 68 1
2467 68 1
1968 68 1
2799 68 1
1437 68 1
5297 68 1
5601 68 1
3604 68 1
3865 68 1
4638 68 1
330 68 1
4101 68 1
6199 68 1
2778 68 1
3858 68 1
3548 68 1
1991 68 1
5623 68 1
5636 68 1
6679 68 1
1824 68 1
2243 68 1
5821 68 1
6294 68 1
4134 68 1
6642 68 1
2555 68 1
5322 68 1
5910 68 1
6483 68 1
4911 68 1
1942 68 1
5936 68 1
829 68 1
863 68 1
480 68 1
5763 68 1
1513 68 1
5285 68 1
964 68 1
6171 68 1
4236 68 1
455 68 1
1689 68 1
2318 68 1
1157 68 1
2012 68 1
699 68 1
5245 68 1
177 68 1
6778 68 1
4618 68 1
600 68 1
3960 68 1
142 68 1
5857 68 1
2005 68 1
3281 68 1
641 68 1
4495 68 1
1086 68 1
3057 68 1
2814 68 1
550 68 1
2452 68 1
5097 68 1
3030 68 1
6350 68 1
3956 68 1
97 68 1
3640 68 1
5666 68 1
1238 68 1
1233 68 1
2608 68 1
4266 68 1
6386 68 1
2460 68 1
6227 68 1
619 68 1
5947 68 1
2108 68 1
2810 68 1
933 68 1
5369 68 1
4436 68 1
1138 68 1
4931 68 1
1864 68 1
2862 68 1
5941 68 1
2834 68 1
5292 68 1
5512 68 1
5934 68 1
2502 68 1
222 68 1
4869 68 1
4444 68 1
4546 68 1
4015 68 1
1357 68 1
6650 68 1
1276 68 1
714 68 1
1914 68 1
4894 68 1
4515 68 1
1898 68 1
4698 68 1
2022 68 1
4266 68 1
3095 68 1
4757 68 1
6347 69 1
4511 69 1
3245 69 1
4096 69 1
5734 69 1
355 69 1
5060 69 1
6759 69 1
3085 69 1
12 69 1
589 69 1
6174 69 1
55 69 1
3294 69 1
4517 69 1
164 69 1
5962 69 1
3901 69 1
3107 69 1
6682 69 1
1153 69 1
5571 69 1
2785 69 1
1960 69 1
4512 69 1
4503 69 1
4918 69 1
3733 69 1
5826 69 1
4856 69 1
918 69 1
3565 69 1
686 69 1
6360 69 1
571 69 1
2621 69 1
5127 69 1
5888 69 1
6089 69 1
942 69 1
5045 69 1
5441 69 1
6330 69 1
1049 69 1
4013 69 1
3958 69 1
1095 69 1
4299 69 1
337 69 1
2440 69 1
3435 69 1
2491 69 1
2244 69 1
4110 69 1
551 69 1
802 69 1
6136 69 1
293 69 1
6592 69 1
76 69 1
1272 69 1
5379 69 1
3575 69 1
1135 69 1
545 69 1
6022 69 1
6661 69 1
5531 69 1
2726 69 1
2241 69 1
864 69 1
6536 69 1
4441 69 1
1858 69 1
2468 69 1
6070 69 1
3356 69 1
5513 69 1
3450 69 1
595 69 1
1881 69 1
103 69 1
5819 69 1
549 69 1
3764 69 1
189 69 1
6772 69 1
733 69 1
712 69 1
891 69 1
1536 69 1
6529 69 1
3080 69 1
2813 69 1
1592 69 1
4192 69 1
4513 69 1
4177 69 1
381 69 1
5319 69 1
1851 69 1
5879 69 1
4086 69 1
3652 69 1
2457 69 1
4860 69 1
2537 69 1
3868 69 1
5317 69 1
4423 69 1
689 69 1
4394 69 1
3396 69 1
1640 69 1
5870 69 1
3069 69 1
3657 69 1
5442 69 1
5828 69 1
4310 69 1
2452 69 1
2973 69 1
3107 69 1
2629 69 1
2181 69 1
4939 69 1
1168 69 1
3927 69 1
1081 69 1
6604 69 1
1480 69 1
6546 69 1
3379 69 1
3742 69 1
5744 69 1
1813 69 1
5561 69 1
2607 69 1
1776 69 1
1692 69 1
3788 69 1
6309 69 1
2523 69 1
2427 69 1
4147 69 1
1229 69 1
5689 69 1
876 69 1
4810 69 1
360 69 1
3763 69 1
3079 69 1
1420 69 1
5529 69 1
2746 69 1
664 69 1
4456 69 1
49 69 1
3317 69 1
5268 69 1
217 69 1
6739 69 1
4348 69 1
1921 69 1
3460 69 1
306 69 1
2837 69 1
3430 69 1
4428 69 1
1055 69 1
3209 69 1
583 69 1
816 69 1
5775 69 1
905 69 1
5612 69 1
4660 69 1
5711 69 1
3137 69 1
4028 69 1
2822 69 1
4059 69 1
1560 69 1
2196 69 1
3002 69 1
4911 69 1
1969 69 1
4503 69 1
1284 69 1
2502 69 1
3533 69 1
4571 69 1
6141 69 1
3674 69 1
1115 69 1
2877 69 1
2719 69 1
1665 69 1
5292 69 1
873 69 1
26 69 1
3973 69 1
4545 69 1
3747 69 1
6020 69 1
966 69 1
3008 69 1
3272 69 1
3830 69 1
710 69 1
2719 70 1
132 70 1
4432 70 1
3228 70 1
298 70 1
2929 70 1
1549 70 1
705 70 1
943 70 1
5931 70 1
6724 70 1
2089 70 1
4877 70 1
4894 70 1
1875 70 1
4822 70 1
3366 70 1
1323 70 1
1678 70 1
2115 70 1
650 70 1
1456 70 1
5512 70 1
3132 70 1
1246 70 1
1561 70 1
5659 70 1
4486 70 1
3160 70 1
5768 70 1
926 70 1
2365 70 1
4601 70 1
6210 70 1
6505 70 1
4497 70 1
4573 70 1
4141 70 1
509 70 1
5982 70 1
6546 70 1
2511 70 1
1017 70 1
4767 70 1
318 70 1
2618 70 1
3731 70 1
4466 70 1
4486 70 1
2376 70 1
1582 70 1
1185 70 1
1688 70 1
3622 70 1
4199 70 1
2566 70 1
868 70 1
5833 70 1
2792 70 1
2868 70 1
1053 70 1
2648 70 1
1485 70 1
4320 70 1
1863 70 1
3223 70 1
5235 70 1
1803 70 1
3517 70 1
1942 70 1
6077 70 1
4245 70 1
5042 70 1
6198 70 1
2282 70 1
6296 70 1
2120 70 1
3307 70 1
4183 70 1
5747 70 1
6192 70 1
6365 70 1
2231 70 1
6356 70 1
6282 70 1
5463 70 1
479 70 1
4279 70 1
3128 70 1
3759 70 1
2033 70 1
4744 70 1
6262 70 1
4918 70 1
1277 70 1
172 70 1
5067 70 1
5897 70 1
6379 70 1
316 70 1
3857 70 1
1633 70 1
466 70 1
2765 70 1
2344 70 1
558 70 1
2302 70 1
2012 70 1
3025 70 1
4755 70 1
3411 70 1
2105 70 1
1370 70 1
1400 70 1
2224 70 1
1833 70 1
3483 70 1
3376 70 1
4964 70 1
5742 70 1
4456 70 1
2951 70 1
4730 70 1
4386 70 1
3246 70 1
5616 70 1
6303 70 1
908 70 1
6532 70 1
4661 70 1
429 70 1
6014 70 1
1339 70 1
4588 70 1
4464 70 1
864 70 1
2046 70 1
4165 70 1
273 70 1
4795 70 1
4805 70 1
3209 70 1
2879 70 1
5657 70 1
4863 70 1
1350 70 1
6581 70 1
2983 70 1
1412 70 1
5102 70 1
4869 70 1
2340 70 1
461 70 1
6167 70 1
4330 70 1
4568 70 1
4630 70 1
4437 70 1
329 70 1
6491 70 1
3316 70 1
862 70 1
4319 70 1
3218 70 1
3192 70 1
4603 70 1
5599 70 1
6420 70 1
1344 70 1
6718 70 1
5290 70 1
275 70 1
2200 70 1
5366 70 1
4247 70 1
754 70 1
829 70 1
5063 70 1
2638 70 1
3049 70 1
5668 70 1
1602 70 1
2962 70 1
4724 70 1
3106 70 1
6485 70 1
6003 70 1
2982 70 1
4207 70 1
4285 70 1
6584 70 1
6562 70 1
4338 70 1
5593 70 1
290 70 1
5870 70 1
794 70 1
1161 70 1
912 70 1
6205 70 1
3915 70 1
6151 70 1
3673 70 1
1585 70 1
2451 70 1
1567 70 1
1951 70 1
226 70 1
3512 70 1
2452 70 1
3361 71 1
1759 71 1
6356 71 1
3335 71 1
1471 71 1
2342 71 1
2865 71 1
1963 71 1
834 71 1
759 71 1
3316 71 1
3336 71 1
2269 71 1
4574 71 1
2546 71 1
2230 71 1
390 71 1
5691 71 1
1242 71 1
311 71 1
4729 71 1
212 71 1
4711 71 1
4061 71 1
1661 71 1
5697 71 1
1224 71 1
2912 71 1
6160 71 1
1747 71 1
1572 71 1
4352 71 1
2961 71 1
4036 71 1
72 71 1
1047 71 1
4188 71 1
1593 71 1
2987 71 1
2543 71 1
3815 71 1
1078 71 1
652 71 1
4664 71 1
3520 71 1
2262 71 1
2253 71 1
819 71 1
1966 71 1
1804 71 1
850 71 1
6127 71 1
1180 71 1
6418 71 1
3244 71 1
4321 71 1
1919 71 1
3173 71 1
5117 71 1
3055 71 1
5742 71 1
666 71 1
6731 71 1
1772 71 1
6145 71 1
5806 71 1
5569 71 1
3375 71 1
4985 71 1
39 71 1
3033 71 1
4302 71 1
6577 71 1
493 71 1
1196 71 1
5903 71 1
2298 71 1
394 71 1
5367 71 1
5787 71 1
3051 71 1
1237 71 1
6049 71 1
1687 71 1
5231 71 1
5504 71 1
5053 71 1
2618 71 1
1558 71 1
3569 71 1
4279 71 1
5793 71 1
6 71 1
6576 71 1
5694 71 1
401 71 1
2510 71 1
4275 71 1
2890 71 1
1721 71 1
5235 71 1
1743 71 1
3580 71 1
3020 71 1
1852 71 1
6003 71 1
6738 71 1
1561 71 1
2358 71 1
1226 71 1
5466 71 1
6649 71 1
3906 71 1
4471 71 1
6302 71 1
3290 71 1
4382 71 1
5359 71 1
3854 71 1
819 71 1
1931 71 1
3998 71 1
196 71 1
635 71 1
3596 71 1
6054 71 1
6101 71 1
6674 71 1
1565 71 1
4946 71 1
752 71 1
1793 71 1
467 71 1
6498 71 1
3118 71 1
1314 71 1
1268 71 1
3514 71 1
3862 71 1
3298 71 1
6771 71 1
3191 71 1
990 71 1
4463 71 1
3304 71 1
2496 71 1
3206 71 1
115 71 1
6642 71 1
2770 71 1
1649 71 1
2534 71 1
5660 71 1
3577 71 1
3794 71 1
2534 71 1
5016 71 1
4853 71 1
3019 71 1
1161 71 1
1449 71 1
6742 71 1
1122 71 1
6760 71 1
1613 71 1
6533 71 1
2797 71 1
220 71 1
2068 71 1
6208 71 1
2936 71 1
3497 71 1
6047 71 1
4254 71 1
1777 71 1
4100 71 1
1255 71 1
5255 71 1
1095 71 1
2783 71 1
1783 71 1
2510 71 1
369 71 1
2597 71 1
1114 71 1
2464 71 1
5810 71 1
599 71 1
4733 71 1
1292 71 1
5712 71 1
5350 71 1
973 71 1
4597 71 1
2734 71 1
209 71 1
6520 71 1
6611 71 1
3301 71 1
5763 71 1
2967 71 1
5506 71 1
5326 71 1
5992 71 1
6062 71 1
6574 71 1
1170 71 1
758 71 1
5483 71 1
161 71 1
6656 72 1
5044 72 1
2788 72 1
1838 72 1
301 72 1
4649 72 1
1709 72 1
3070 72 1
3251 72 1
6614 72 1
6753 72 1
3910 72 1
5565 72 1
6144 72 1
5841 72 1
2528 72 1
1452 72 1
2647 72 1
318 72 1
3473 72 1
2597 72 1
2294 72 1
3983 72 1
4480 72 1
5814 72 1
6244 72 1
4466 72 1
5745 72 1
6332 72 1
6434 72 1
3560 72 1
4228 72 1
5088 72 1
4979 72 1
4419 72 1
6512 72 1
3585 72 1
6159 72 1
628 72 1
5480 72 1
3389 72 1
1941 72 1
3808 72 1
5422 72 1
2618 72 1
1332 72 1
5358 72 1
3371 72 1
1989 72 1
65 72 1
678 72 1
1103 72 1
2546 72 1
2227 72 1
4794 72 1
6001 72 1
350 72 1
6407 72 1
3761 72 1
1506 72 1
2882 72 1
396 72 1
3558 72 1
4964 72 1
359 72 1
1998 72 1
966 72 1
2440 72 1
2246 72 1
565 72 1
6191 72 1
6333 72 1
4143 72 1
2796 72 1
6210 72 1
1076 72 1
551 72 1
564 72 1
6370 72 1
3267 72 1
129 72 1
3599 72 1
5456 72 1
471 72 1
4982 72 1
3052 72 1
1352 72 1
1454 72 1
538 72 1
3513 72 1
6724 72 1
6771 72 1
1581 72 1
2642 72 1
2303 72 1
3227 72 1
3484 72 1
1390 72 1
3392 72 1
216 72 1
4948 72 1
1442 72 1
2774 72 1
996 72 1
44 72 1
6553 72 1
295 72 1
1609 72 1
2302 72 1
4455 72 1
5334 72 1
548 72 1
1589 72 1
5483 72 1
251 72 1
1085 72 1
2537 72 1
4402 72 1
820 72 1
4738 72 1
5990 72 1
2896 72 1
2878 72 1
4372 72 1
5820 72 1
408 72 1
4845 72 1
5374 72 1
5755 72 1
856 72 1
6270 72 1
4857 72 1
3741 72 1
1985 72 1
3980 72 1
5412 72 1
3496 72 1
6515 72 1
3092 72 1
6271 72 1
5192 72 1
6571 72 1
2875 72 1
3302 72 1
6190 72 1
5491 72 1
5170 72 1
5273 72 1
1746 72 1
1012 72 1
4598 72 1
421 72 1
3339 72 1
5272 72 1
1428 72 1
1019 72 1
3706 72 1
1062 72 1
4061 72 1
2071 72 1
2412 72 1
2074 72 1
4064 72 1
2080 72 1
3009 72 1
4602 72 1
2513 72 1
234 72 1
459 72 1
1118 72 1
2907 72 1
620 72 1
860 72 1
1124 72 1
4932 72 1
4627 72 1
1765 72 1
4617 72 1
2684 72 1
2178 72 1
4731 72 1
6326 72 1
3801 72 1
2218 72 1
5612 72 1
2540 72 1
509 72 1
5675 72 1
3453 72 1
6410 72 1
1811 72 1
2677 72 1
4664 72 1
6666 72 1
4895 72 1
5386 72 1
1159 72 1
899 72 1
3331 72 1
6697 72 1
6572 72 1
1701 72 1
2858 72 1
6457 72 1
318 72 1
2432 72 1
3287 72 1
3371 72 1
859 72 1
3992 72 1
4352 73 1
4362 73 1
200 73 1
2460 73 1
3830 73 1
6132 73 1
4014 73 1
776 73 1
617 73 1
4636 73 1
1765 73 1
3529 73 1
1539 73 1
5962 73 1
4798 73 1
5386 73 1
4110 73 1
2838 73 1
5860 73 1
5087 73 1
321 73 1
2667 73 1
814 73 1
2327 73 1
4687 73 1
2602 73 1
5034 73 1
1881 73 1
6523 73 1
597 73 1
2277 73 1
3419 73 1
1720 73 1
4398 73 1
2263 73 1
2906 73 1
651 73 1
6741 73 1
4120 73 1
2630 73 1
1916 73 1
3546 73 1
2165 73 1
3108 73 1
1529 73 1
4750 73 1
4506 73 1
5788 73 1
912 73 1
6242 73 1
3018 73 1
6153 73 1
1647 73 1
6208 73 1
1291 73 1
6679 73 1
6678 73 1
5722 73 1
4577 73 1
5477 73 1
6061 73 1
1562 73 1
2862 73 1
6577 73 1
6318 73 1
5094 73 1
3220 73 1
281 73 1
3759 73 1
1527 73 1
4533 73 1
5871 73 1
894 73 1
4461 73 1
5442 73 1
6196 73 1
754 73 1
3784 73 1
6718 73 1
141 73 1
2789 73 1
6071 73 1
4893 73 1
239 73 1
5733 73 1
4719 73 1
5430 73 1
2275 73 1
64 73 1
4138 73 1
4816 73 1
3883 73 1
5064 73 1
5388 73 1
5728 73 1
2464 73 1
1896 73 1
2025 73 1
5355 73 1
2959 73 1
636 73 1
5635 73 1
3494 73 1
1473 73 1
4905 73 1
6771 73 1
1636 73 1
221 73 1
1597 73 1
2874 73 1
5310 73 1
4749 73 1
6377 73 1
4944 73 1
6012 73 1
5241 73 1
142 73 1
2977 73 1
4160 73 1
5470 73 1
1910 73 1
1383 73 1
5681 73 1
2832 73 1
1352 73 1
2546 73 1
1640 73 1
1879 73 1
646 73 1
5489 73 1
1813 73 1
4236 73 1
71 73 1
273 73 1
3278 73 1
4737 73 1
5055 73 1
1105 73 1
1857 73 1
3838 73 1
1293 73 1
4569 73 1
133 73 1
5236 73 1
698 73 1
1744 73 1
3471 73 1
6304 73 1
5890 73 1
849 73 1
1888 73 1
4007 73 1
192 73 1
3591 73 1
6030 73 1
1983 73 1
2296 73 1
6149 73 1
1842 73 1
2523 73 1
3853 73 1
3830 73 1
3777 73 1
470 73 1
5865 73 1
6175 73 1
5991 73 1
5127 73 1
1692 73 1
5846 73 1
1534 73 1
5299 73 1
5973 73 1
4160 73 1
5348 73 1
981 73 1
502 73 1
5820 73 1
3618 73 1
2043 73 1
5221 73 1
1806 73 1
1759 73 1
49 73 1
3653 73 1
728 73 1
5154 73 1
233 73 1
1233 73 1
6378 73 1
456 73 1
3063 73 1
4444 73 1
5949 73 1
2311 73 1
5094 73 1
3547 73 1
6612 73 1
5616 73 1
3268 73 1
4663 73 1
2018 73 1
1597 73 1
3075 73 1
3084 73 1
2252 73 1
6336 73 1
1856 73 1
4119 73 1
3791 73 1
0 74 1
5663 74 1
4614 74 1
5595 74 1
203 74 1
4175 74 1
6372 74 1
4321 74 1
4579 74 1
3615 74 1
4218 74 1
171 74 1
1973 74 1
5322 74 1
5883 74 1
907 74 1
5183 74 1
5271 74 1
4306 74 1
6368 74 1
2451 74 1
1415 74 1
1456 74 1
1024 74 1
2719 74 1
5281 74 1
2554 74 1
5627 74 1
6388 74 1
1087 74 1
5956 74 1
2537 74 1
2125 74 1
4238 74 1
6061 74 1
5545 74 1
139 74 1
5180 74 1
112 74 1
5014 74 1
3517 74 1
4875 74 1
4691 74 1
592 74 1
6473 74 1
3287 74 1
808 74 1
5473 74 1
6365 74 1
3503 74 1
1072 74 1
6767 74 1
1906 74 1
916 74 1
165 74 1
953 74 1
6710 74 1
1200 74 1
3707 74 1
2199 74 1
2006 74 1
2081 74 1
1978 74 1
833 74 1
427 74 1
3384 74 1
1540 74 1
4932 74 1
6772 74 1
3418 74 1
5727 74 1
3073 74 1
6332 74 1
5515 74 1
2079 74 1
3455 74 1
161 74 1
2772 74 1
1180 74 1
3584 74 1
2856 74 1
2137 74 1
4587 74 1
6761 74 1
1240 74 1
4131 74 1
1143 74 1
6508 74 1
588 74 1
480 74 1
3729 74 1
6400 74 1
814 74 1
4003 74 1
5071 74 1
4935 74 1
3865 74 1
4916 74 1
4187 74 1
3557 74 1
1785 74 1
1990 74 1
913 74 1
2376 74 1
1531 74 1
5989 74 1
124 74 1
919 74 1
1239 74 1
6494 74 1
5660 74 1
2032 74 1
1182 74 1
4123 74 1
392 74 1
6461 74 1
5596 74 1
5821 74 1
6333 74 1
1761 74 1
1173 74 1
6570 74 1
1530 74 1
5560 74 1
4835 74 1
787 74 1
5414 74 1
5169 74 1
5670 74 1
4235 74 1
1111 74 1
4872 74 1
3369 74 1
3620 74 1
1332 74 1
2389 74 1
1393 74 1
3609 74 1
5586 74 1
142 74 1
3627 74 1
5412 74 1
3317 74 1
908 74 1
4113 74 1
5424 74 1
733 74 1
4686 74 1
857 74 1
2662 74 1
329 74 1
4477 74 1
4195 74 1
5104 74 1
5996 74 1
643 74 1
2851 74 1
6771 74 1
5029 74 1
4123 74 1
3736 74 1
2607 74 1
5933 74 1
4844 74 1
2354 74 1
5365 74 1
2941 74 1
5543 74 1
4453 74 1
2769 74 1
6025 74 1
1359 74 1
3705 74 1
3062 74 1
4883 74 1
3283 74 1
1947 74 1
6737 74 1
3796 74 1
5668 74 1
6563 74 1
2081 74 1
2234 74 1
2354 74 1
3110 74 1
1961 74 1
61 74 1
5972 74 1
3794 74 1
276 74 1
5503 74 1
2172 74 1
296 74 1
1245 74 1
1124 74 1
2395 74 1
3690 74 1
1634 74 1
1943 74 1
6726 74 1
3657 74 1
3480 74 1
6282 74 1
300 74 1
5060 74 1
1429 74 1
117 74 1
4237 74 1
3074 74 1
1743 74 1
2685 75 1
4781 75 1
4577 75 1
4893 75 1
1656 75 1
909 75 1
1139 75 1
6729 75 1
4495 75 1
3337 75 1
1843 75 1
2040 75 1
6176 75 1
6650 75 1
2735 75 1
5876 75 1
4687 75 1
5851 75 1
2813 75 1
3173 75 1
5031 75 1
1932 75 1
2800 75 1
4611 75 1
4084 75 1
4378 75 1
3562 75 1
825 75 1
6408 75 1
2444 75 1
4228 75 1
6444 75 1
61 75 1
3384 75 1
2847 75 1
2254 75 1
4720 75 1
5121 75 1
5766 75 1
1839 75 1
4966 75 1
6267 75 1
3820 75 1
5829 75 1
4073 75 1
5245 75 1
2032 75 1
1929 75 1
1925 75 1
6191 75 1
4440 75 1
3791 75 1
6716 75 1
4186 75 1
819 75 1
4935 75 1
1416 75 1
1924 75 1
2321 75 1
2872 75 1
3997 75 1
3874 75 1
2170 75 1
4687 75 1
189 75 1
435 75 1
6433 75 1
5049 75 1
2757 75 1
5494 75 1
2933 75 1
3755 75 1
2929 75 1
1423 75 1
6215 75 1
5017 75 1
2750 75 1
2092 75 1
564 75 1
3662 75 1
6123 75 1
440 75 1
265 75 1
2766 75 1
3590 75 1
736 75 1
2903 75 1
626 75 1
4128 75 1
2326 75 1
720 75 1
80 75 1
2323 75 1
4077 75 1
4533 75 1
1176 75 1
1895 75 1
4187 75 1
2930 75 1
722 75 1
377 75 1
2543 75 1
5563 75 1
2680 75 1
185 75 1
4481 75 1
2338 75 1
4459 75 1
5972 75 1
479 75 1
2209 75 1
1384 75 1
4005 75 1
684 75 1
874 75 1
4304 75 1
1948 75 1
4951 75 1
633 75 1
1724 75 1
4936 75 1
6319 75 1
6560 75 1
2079 75 1
3439 75 1
6611 75 1
1093 75 1
2448 75 1
4770 75 1
1376 75 1
6165 75 1
1193 75 1
3385 75 1
3362 75 1
2211 75 1
2095 75 1
1600 75 1
4750 75 1
3686 75 1
4606 75 1
4113 75 1
1303 75 1
3591 75 1
1581 75 1
2817 75 1
1763 75 1
4674 75 1
1998 75 1
869 75 1
5000 75 1
4271 75 1
1704 75 1
722 75 1
6743 75 1
1712 75 1
4487 75 1
1098 75 1
3078 75 1
813 75 1
4218 75 1
2051 75 1
1791 75 1
5016 75 1
5787 75 1
4894 75 1
2288 75 1
3660 75 1
6697 75 1
1017 75 1
6631 75 1
4198 75 1
3001 75 1
4722 75 1
472 75 1
5528 75 1
3819 75 1
6416 75 1
5232 75 1
4802 75 1
4373 75 1
4933 75 1
5692 75 1
6332 75 1
4130 75 1
6275 75 1
6679 75 1
5403 75 1
638 75 1
825 75 1
6692 75 1
2708 75 1
6576 75 1
1748 75 1
5795 75 1
179 75 1
6196 75 1
197 75 1
6445 75 1
6641 75 1
1332 75 1
993 75 1
205 75 1
4313 75 1
3995 75 1
2328 75 1
3803 75 1
879 75 1
4840 75 1
5001 75 1
2105 75 1
5554 76 1
982 76 1
2508 76 1
5770 76 1
4062 76 1
510 76 1
893 76 1
7 76 1
5009 76 1
6160 76 1
2350 76 1
905 76 1
2693 76 1
2154 76 1
3471 76 1
3614 76 1
5475 76 1
4027 76 1
5129 76 1
494 76 1
5375 76 1
538 76 1
3534 76 1
3159 76 1
3815 76 1
403 76 1
5831 76 1
1608 76 1
5952 76 1
3325 76 1
13 76 1
4357 76 1
1419 76 1
2105 76 1
6438 76 1
3090 76 1
5771 76 1
2970 76 1
3203 76 1
1288 76 1
1810 76 1
1131 76 1
809 76 1
1489 76 1
2339 76 1
339 76 1
2780 76 1
3974 76 1
5723 76 1
238 76 1
3680 76 1
476 76 1
1523 76 1
2177 76 1
3841 76 1
2910 76 1
1707 76 1
402 76 1
3383 76 1
3964 76 1
2999 76 1
4393 76 1
2548 76 1
5566 76 1
6532 76 1
5750 76 1
6339 76 1
4986 76 1
4889 76 1
1999 76 1
916 76 1
5117 76 1
977 76 1
1748 76 1
795 76 1
6210 76 1
622 76 1
5670 76 1
1052 76 1
1612 76 1
5534 76 1
565 76 1
2536 76 1
4741 76 1
4557 76 1
6164 76 1
602 76 1
5572 76 1
4715 76 1
3765 76 1
2027 76 1
5414 76 1
4657 76 1
5533 76 1
6293 76 1
3715 76 1
5612 76 1
136 76 1
224 76 1
687 76 1
1473 76 1
2612 76 1
369 76 1
2189 76 1
3098 76 1
2129 76 1
2265 76 1
4316 76 1
5110 76 1
2236 76 1
5142 76 1
5396 76 1
3758 76 1
2763 76 1
4669 76 1
488 76 1
1601 76 1
5201 76 1
603 76 1
39 76 1
3150 76 1
3902 76 1
2666 76 1
3747 76 1
2723 76 1
1554 76 1
761 76 1
5679 76 1
5766 76 1
5550 76 1
6787 76 1
3019 76 1
4166 76 1
638 76 1
911 76 1
3983 76 1
6450 76 1
3321 76 1
5563 76 1
917 76 1
3104 76 1
6035 76 1
2845 76 1
6109 76 1
580 76 1
700 76 1
6467 76 1
5579 76 1
5482 76 1
126 76 1
5595 76 1
5709 76 1
711 76 1
4079 76 1
4708 76 1
3952 76 1
2771 76 1
4632 76 1
3513 76 1
3366 76 1
5499 76 1
3620 76 1
3166 76 1
4845 76 1
1006 76 1
1370 76 1
2556 76 1
779 76 1
1252 76 1
4895 76 1
4406 76 1
636 76 1
5420 76 1
1043 76 1
1387 76 1
3105 76 1
3533 76 1
959 76 1
2381 76 1
1352 76 1
718 76 1
5186 76 1
4033 76 1
6390 76 1
2179 76 1
78 76 1
2289 76 1
5667 76 1
920 76 1
3670 76 1
4614 76 1
3455 76 1
2132 76 1
5121 76 1
1389 76 1
3374 76 1
1027 76 1
6021 76 1
4314 76 1
364 76 1
3442 76 1
3288 76 1
5542 76 1
4374 76 1
3009 76 1
6442 76 1
5749 76 1
3119 76 1
3781 76 1
1631 76 1
683 77 1
4854 77 1
6519 77 1
4464 77 1
5394 77 1
3646 77 1
2255 77 1
2006 77 1
4773 77 1
4779 77 1
4951 77 1
2005 77 1
2835 77 1
3471 77 1
4053 77 1
4209 77 1
5620 77 1
4327 77 1
974 77 1
5230 77 1
627 77 1
1088 77 1
391 77 1
2906 77 1
3107 77 1
4683 77 1
4898 77 1
2593 77 1
3193 77 1
2959 77 1
846 77 1
2362 77 1
3336 77 1
42 77 1
4180 77 1
518 77 1
5935 77 1
2272 77 1
1059 77 1
2895 77 1
2961 77 1
6100 77 1
3219 77 1
1795 77 1
2132 77 1
5223 77 1
6777 77 1
4876 77 1
5928 77 1
6300 77 1
767 77 1
4389 77 1
6431 77 1
1368 77 1
3495 77 1
2039 77 1
2599 77 1
5985 77 1
2886 77 1
2764 77 1
6529 77 1
1252 77 1
1312 77 1
4139 77 1
567 77 1
5151 77 1
2412 77 1
3930 77 1
6200 77 1
835 77 1
1409 77 1
929 77 1
374 77 1
1704 77 1
6741 77 1
2115 77 1
3708 77 1
5688 77 1
26 77 1
2924 77 1
2879 77 1
294 77 1
5137 77 1
2709 77 1
6755 77 1
5983 77 1
2655 77 1
457 77 1
1887 77 1
6061 77 1
3781 77 1
977 77 1
4441 77 1
4529 77 1
308 77 1
5461 77 1
5241 77 1
4198 77 1
235 77 1
571 77 1
931 77 1
2508 77 1
4793 77 1
3774 77 1
913 77 1
456 77 1
3153 77 1
1914 77 1
347 77 1
3538 77 1
6188 77 1
1943 77 1
5081 77 1
1503 77 1
3579 77 1
1887 77 1
1487 77 1
4273 77 1
4013 77 1
3260 77 1
6327 77 1
1249 77 1
3643 77 1
4530 77 1
1496 77 1
1702 77 1
5610 77 1
1940 77 1
3146 77 1
4398 77 1
6471 77 1
244 77 1
3419 77 1
3219 77 1
3635 77 1
2026 77 1
4102 77 1
2699 77 1
106 77 1
1734 77 1
6622 77 1
2138 77 1
4508 77 1
2271 77 1
63 77 1
1225 77 1
297 77 1
3762 77 1
2037 77 1
696 77 1
1751 77 1
357 77 1
4490 77 1
5331 77 1
3273 77 1
994 77 1
6325 77 1
3088 77 1
2733 77 1
395 77 1
636 77 1
2268 77 1
2164 77 1
596 77 1
735 77 1
901 77 1
1595 77 1
1312 77 1
1751 77 1
6328 77 1
4883 77 1
5475 77 1
5766 77 1
4235 77 1
4864 77 1
2808 77 1
4575 77 1
3067 77 1
4433 77 1
2175 77 1
4349 77 1
5195 77 1
4828 77 1
3600 77 1
1322 77 1
98 77 1
5065 77 1
1249 77 1
2560 77 1
1071 77 1
4368 77 1
1061 77 1
2668 77 1
1343 77 1
240 77 1
4207 77 1
5431 77 1
713 77 1
4450 77 1
4874 77 1
1409 77 1
186 77 1
1835 77 1
3849 77 1
5004 77 1
2066 77 1
3194 77 1
5772 77 1
3436 77 1
274 77 1
1495 78 1
5285 78 1
4708 78 1
2890 78 1
6636 78 1
2809 78 1
1282 78 1
1098 78 1
3266 78 1
338 78 1
6748 78 1
2229 78 1
2842 78 1
4819 78 1
6624 78 1
1422 78 1
4361 78 1
1825 78 1
4057 78 1
4154 78 1
6551 78 1
2206 78 1
6315 78 1
562 78 1
3835 78 1
6178 78 1
5841 78 1
5275 78 1
2572 78 1
5935 78 1
227 78 1
81 78 1
3049 78 1
2295 78 1
427 78 1
4493 78 1
2295 78 1
3723 78 1
3301 78 1
1745 78 1
909 78 1
4417 78 1
2461 78 1
3750 78 1
5946 78 1
3213 78 1
1358 78 1
5655 78 1
6052 78 1
2092 78 1
4831 78 1
5576 78 1
44 78 1
1627 78 1
1283 78 1
6769 78 1
5822 78 1
4442 78 1
4554 78 1
4659 78 1
1997 78 1
3384 78 1
5821 78 1
1432 78 1
6307 78 1
6517 78 1
3226 78 1
2860 78 1
6303 78 1
5490 78 1
6512 78 1
392 78 1
191 78 1
2968 78 1
2910 78 1
2596 78 1
2812 78 1
1208 78 1
2380 78 1
2108 78 1
1810 78 1
3181 78 1
1392 78 1
2426 78 1
3261 78 1
4692 78 1
6150 78 1
449 78 1
1995 78 1
808 78 1
1611 78 1
6620 78 1
2281 78 1
292 78 1
5403 78 1
3152 78 1
1753 78 1
1320 78 1
2501 78 1
1533 78 1
3936 78 1
4109 78 1
1327 78 1
3812 78 1
2437 78 1
1664 78 1
287 78 1
2155 78 1
3610 78 1
4114 78 1
4196 78 1
5220 78 1
4256 78 1
5452 78 1
3281 78 1
6071 78 1
3502 78 1
77 78 1
4191 78 1
4389 78 1
1525 78 1
5857 78 1
4250 78 1
6483 78 1
5757 78 1
2933 78 1
392 78 1
3088 78 1
745 78 1
2162 78 1
3521 78 1
3493 78 1
6043 78 1
930 78 1
4084 78 1
983 78 1
2668 78 1
1455 78 1
1935 78 1
5858 78 1
130 78 1
1739 78 1
5876 78 1
2683 78 1
4250 78 1
2865 78 1
1474 78 1
2213 78 1
1818 78 1
4681 78 1
2939 78 1
5489 78 1
6000 78 1
47 78 1
1902 78 1
2910 78 1
6446 78 1
2765 78 1
2667 78 1
5192 78 1
5573 78 1
677 78 1
373 78 1
4842 78 1
3720 78 1
4003 78 1
2716 78 1
871 78 1
3881 78 1
5013 78 1
285 78 1
4010 78 1
2429 78 1
2277 78 1
867 78 1
2701 78 1
3828 78 1
40 78 1
6387 78 1
4346 78 1
5478 78 1
3686 78 1
152 78 1
5492 78 1
1024 78 1
4939 78 1
5359 78 1
2 78 1
2590 78 1
3831 78 1
2315 78 1
1506 78 1
4894 78 1
3703 78 1
131 78 1
5634 78 1
2796 78 1
6738 78 1
1790 78 1
3453 78 1
4767 78 1
2679 78 1
4513 78 1
2851 78 1
5960 78 1
6072 78 1
5966 78 1
1761 78 1
3467 78 1
1348 78 1
5973 79 1
5022 79 1
3294 79 1
1274 79 1
543 79 1
1269 79 1
2629 79 1
5922 79 1
775 79 1
5711 79 1
4284 79 1
5753 79 1
4998 79 1
1370 79 1
2367 79 1
3805 79 1
6208 79 1
1261 79 1
2491 79 1
2825 79 1
4410 79 1
2123 79 1
1457 79 1
4713 79 1
1931 79 1
4163 79 1
6055 79 1
6653 79 1
1028 79 1
3815 79 1
3930 79 1
5501 79 1
6093 79 1
327 79 1
213 79 1
1064 79 1
2088 79 1
5252 79 1
1388 79 1
4727 79 1
4667 79 1
1578 79 1
3162 79 1
2952 79 1
1677 79 1
4638 79 1
6601 79 1
3262 79 1
4784 79 1
5574 79 1
1666 79 1
1880 79 1
498 79 1
2511 79 1
2175 79 1
4242 79 1
1910 79 1
2876 79 1
635 79 1
1265 79 1
5485 79 1
2790 79 1
4713 79 1
1831 79 1
4418 79 1
4954 79 1
4942 79 1
2445 79 1
5877 79 1
6021 79 1
6609 79 1
2823 79 1
1085 79 1
6506 79 1
1017 79 1
4749 79 1
3710 79 1
4498 79 1
2944 79 1
5582 79 1
5001 79 1
950 79 1
2733 79 1
2299 79 1
1114 79 1
6048 79 1
1704 79 1
6186 79 1
5876 79 1
3360 79 1
2464 79 1
5909 79 1
6742 79 1
560 79 1
3814 79 1
4888 79 1
2537 79 1
987 79 1
4704 79 1
3387 79 1
6711 79 1
2964 79 1
34 79 1
285 79 1
118 79 1
3271 79 1
3218 79 1
3842 79 1
2693 79 1
4203 79 1
6437 79 1
4329 79 1
5101 79 1
2039 79 1
3087 79 1
1936 79 1
1793 79 1
112 79 1
5477 79 1
2413 79 1
5962 79 1
3174 79 1
2080 79 1
2602 79 1
5663 79 1
4777 79 1
2759 79 1
1068 79 1
1989 79 1
5734 79 1
1670 79 1
4427 79 1
4270 79 1
2262 79 1
3029 79 1
2348 79 1
6724 79 1
4631 79 1
3024 79 1
695 79 1
6298 79 1
4381 79 1
1396 79 1
5241 79 1
5321 79 1
4505 79 1
4058 79 1
1060 79 1
5670 79 1
1443 79 1
582 79 1
3467 79 1
5284 79 1
5559 79 1
4246 79 1
4277 79 1
5691 79 1
6743 79 1
2623 79 1
3198 79 1
1221 79 1
6395 79 1
2465 79 1
2140 79 1
3014 79 1
6168 79 1
5676 79 1
3989 79 1
4936 79 1
788 79 1
297 79 1
5086 79 1
1313 79 1
5949 79 1
3356 79 1
6610 79 1
576 79 1
1618 79 1
264 79 1
5623 79 1
3242 79 1
3693 79 1
3981 79 1
3304 79 1
5462 79 1
6651 79 1
1212 79 1
66 79 1
1965 79 1
6059 79 1
5377 79 1
3000 79 1
3749 79 1
694 79 1
5415 79 1
1571 79 1
5743 79 1
2107 79 1
3596 79 1
6469 79 1
441 79 1
6713 79 1
3437 79 1
5348 79 1
2956 79 1
5230 79 1
4350 79 1
4921 79 1
3609 79 1
637 79 1
4376 80 1
3137 80 1
2198 80 1
5747 80 1
3210 80 1
2151 80 1
447 80 1
4944 80 1
5365 80 1
4873 80 1
6023 80 1
357 80 1
282 80 1
1899 80 1
3126 80 1
3176 80 1
6189 80 1
5239 80 1
5589 80 1
239 80 1
4278 80 1
322 80 1
2524 80 1
4658 80 1
5740 80 1
1759 80 1
5523 80 1
5619 80 1
5144 80 1
2762 80 1
2252 80 1
3165 80 1
6449 80 1
4817 80 1
1088 80 1
5047 80 1
3678 80 1
4277 80 1
5553 80 1
2079 80 1
4286 80 1
5761 80 1
2235 80 1
1772 80 1
2980 80 1
3283 80 1
2152 80 1
3056 80 1
34 80 1
5904 80 1
2400 80 1
5480 80 1
5728 80 1
4056 80 1
5544 80 1
4279 80 1
2711 80 1
2386 80 1
3690 80 1
1293 80 1
3468 80 1
4331 80 1
4264 80 1
3421 80 1
5583 80 1
3764 80 1
6600 80 1
3609 80 1
1235 80 1
3076 80 1
4666 80 1
1459 80 1
3111 80 1
97 80 1
16 80 1
4115 80 1
6744 80 1
5334 80 1
3553 80 1
6376 80 1
3485 80 1
39 80 1
1306 80 1
5687 80 1
2520 80 1
5070 80 1
5169 80 1
6722 80 1
4107 80 1
3960 80 1
6340 80 1
2851 80 1
4096 80 1
3039 80 1
6040 80 1
29 80 1
6638 80 1
6737 80 1
857 80 1
2073 80 1
6423 80 1
6060 80 1
5836 80 1
2615 80 1
1292 80 1
6152 80 1
5283 80 1
1998 80 1
1515 80 1
6254 80 1
1017 80 1
872 80 1
1230 80 1
2197 80 1
1963 80 1
6768 80 1
2985 80 1
1797 80 1
1001 80 1
3741 80 1
5283 80 1
4385 80 1
4608 80 1
5559 80 1
5207 80 1
642 80 1
2975 80 1
1471 80 1
256 80 1
2533 80 1
1886 80 1
6036 80 1
5964 80 1
4689 80 1
2896 80 1
4998 80 1
6741 80 1
989 80 1
2193 80 1
6724 80 1
2043 80 1
1278 80 1
2960 80 1
6252 80 1
1890 80 1
4011 80 1
1465 80 1
2804 80 1
386 80 1
4854 80 1
2749 80 1
1959 80 1
5932 80 1
3475 80 1
2195 80 1
1128 80 1
2196 80 1
5381 80 1
5152 80 1
5902 80 1
6226 80 1
668 80 1
1801 80 1
221 80 1
2958 80 1
5515 80 1
1775 80 1
5975 80 1
3958 80 1
1801 80 1
6498 80 1
5333 80 1
5046 80 1
5683 80 1
2107 80 1
6169 80 1
3482 80 1
2451 80 1
1938 80 1
606 80 1
3139 80 1
1106 80 1
4289 80 1
4247 80 1
937 80 1
3326 80 1
5201 80 1
6638 80 1
1092 80 1
5047 80 1
1495 80 1
3806 80 1
6441 80 1
2942 80 1
4806 80 1
6479 80 1
1560 80 1
147 80 1
618 80 1
5272 80 1
1058 80 1
4593 80 1
1024 80 1
2258 80 1
5615 80 1
5008 80 1
1889 80 1
5349 80 1
5024 80 1
1209 80 1
6031 81 1
4677 81 1
689 81 1
3705 81 1
517 81 1
6569 81 1
6493 81 1
2609 81 1
4728 81 1
4491 81 1
5682 81 1
705 81 1
324 81 1
3602 81 1
6373 81 1
6575 81 1
2184 81 1
2778 81 1
143 81 1
2190 81 1
5306 81 1
6687 81 1
3886 81 1
2144 81 1
6114 81 1
1371 81 1
4688 81 1
6022 81 1
880 81 1
832 81 1
1669 81 1
4928 81 1
5695 81 1
6213 81 1
6151 81 1
1227 81 1
1010 81 1
1269 81 1
6077 81 1
2215 81 1
1294 81 1
3110 81 1
2322 81 1
4025 81 1
3582 81 1
541 81 1
2479 81 1
5077 81 1
2916 81 1
1395 81 1
6373 81 1
332 81 1
1650 81 1
4979 81 1
5464 81 1
2754 81 1
5533 81 1
1121 81 1
4868 81 1
687 81 1
1220 81 1
5178 81 1
1146 81 1
1233 81 1
1020 81 1
6646 81 1
785 81 1
3 81 1
4914 81 1
2528 81 1
3655 81 1
736 81 1
4397 81 1
1776 81 1
2352 81 1
3017 81 1
278 81 1
1943 81 1
544 81 1
5510 81 1
4851 81 1
4879 81 1
6180 81 1
1429 81 1
2346 81 1
4494 81 1
1224 81 1
2265 81 1
76 81 1
341 81 1
3082 81 1
1224 81 1
2515 81 1
1148 81 1
2300 81 1
2542 81 1
6481 81 1
6471 81 1
5078 81 1
2704 81 1
3345 81 1
6365 81 1
3438 81 1
3343 81 1
3625 81 1
142 81 1
3419 81 1
4191 81 1
2039 81 1
3929 81 1
3750 81 1
780 81 1
5835 81 1
6063 81 1
4166 81 1
3628 81 1
2877 81 1
1213 81 1
1094 81 1
195 81 1
4750 81 1
3285 81 1
4902 81 1
1773 81 1
3029 81 1
3505 81 1
5963 81 1
5520 81 1
3924 81 1
5459 81 1
5397 81 1
5087 81 1
4352 81 1
6595 81 1
5444 81 1
5272 81 1
1455 81 1
5660 81 1
5406 81 1
5355 81 1
1025 81 1
946 81 1
6537 81 1
4451 81 1
6390 81 1
1817 81 1
1027 81 1
788 81 1
3712 81 1
1731 81 1
1999 81 1
5017 81 1
5873 81 1
2146 81 1
3172 81 1
6202 81 1
1414 81 1
2503 81 1
1313 81 1
6008 81 1
2496 81 1
6272 81 1
1765 81 1
3950 81 1
6759 81 1
6603 81 1
6192 81 1
6164 81 1
213 81 1
3630 81 1
307 81 1
5239 81 1
3157 81 1
4990 81 1
5073 81 1
6155 81 1
4298 81 1
3328 81 1
345 81 1
6555 81 1
1965 81 1
971 81 1
3875 81 1
4625 81 1
1714 81 1
2298 81 1
5382 81 1
613 81 1
5782 81 1
138 81 1
6238 81 1
5185 81 1
3901 81 1
6562 81 1
6755 81 1
4704 81 1
4263 81 1
2309 81 1
819 81 1
5510 81 1
5212 81 1
6561 81 1
6215 81 1
6681 81 1
104 81 1
2493 81 1
3271 81 1
5805 81 1
3276 81 1
6538 81 1
3679 82 1
2950 82 1
375 82 1
856 82 1
6362 82 1
1060 82 1
1420 82 1
2549 82 1
5245 82 1
1957 82 1
4304 82 1
2878 82 1
3551 82 1
987 82 1
1576 82 1
3222 82 1
5407 82 1
3087 82 1
2910 82 1
4414 82 1
5435 82 1
5631 82 1
2381 82 1
4169 82 1
3659 82 1
3198 82 1
2115 82 1
6729 82 1
1155 82 1
2467 82 1
4337 82 1
4586 82 1
6071 82 1
5629 82 1
2131 82 1
6657 82 1
5888 82 1
5219 82 1
266 82 1
4280 82 1
11 82 1
5149 82 1
2818 82 1
2437 82 1
6527 82 1
1611 82 1
5731 82 1
6677 82 1
6212 82 1
6731 82 1
2086 82 1
2114 82 1
2645 82 1
5577 82 1
5996 82 1
4410 82 1
2467 82 1
2106 82 1
2172 82 1
1666 82 1
5963 82 1
2661 82 1
3542 82 1
811 82 1
344 82 1
3476 82 1
2331 82 1
20 82 1
5750 82 1
3768 82 1
5092 82 1
3970 82 1
2955 82 1
2957 82 1
2818 82 1
3011 82 1
4044 82 1
1932 82 1
3207 82 1
567 82 1
1652 82 1
5270 82 1
5481 82 1
3518 82 1
3607 82 1
3031 82 1
6480 82 1
2157 82 1
4191 82 1
6635 82 1
5940 82 1
2721 82 1
801 82 1
369 82 1
2054 82 1
2284 82 1
5557 82 1
5404 82 1
2382 82 1
2909 82 1
12 82 1
2515 82 1
2317 82 1
4756 82 1
1258 82 1
6615 82 1
5634 82 1
242 82 1
2074 82 1
1615 82 1
4183 82 1
3314 82 1
2148 82 1
3623 82 1
2793 82 1
6090 82 1
2271 82 1
85 82 1
1559 82 1
794 82 1
3030 82 1
141 82 1
6780 82 1
1790 82 1
2460 82 1
1477 82 1
1872 82 1
3076 82 1
3031 82 1
507 82 1
4180 82 1
3195 82 1
3707 82 1
6431 82 1
2825 82 1
895 82 1
1119 82 1
4173 82 1
804 82 1
2395 82 1
2061 82 1
3536 82 1
3964 82 1
6241 82 1
1156 82 1
3128 82 1
5554 82 1
2101 82 1
4490 82 1
2811 82 1
5924 82 1
1950 82 1
2618 82 1
2659 82 1
6033 82 1
3547 82 1
6583 82 1
6236 82 1
6379 82 1
4592 82 1
4172 82 1
4555 82 1
6395 82 1
369 82 1
6045 82 1
5561 82 1
4221 82 1
4404 82 1
2650 82 1
4153 82 1
6243 82 1
4061 82 1
627 82 1
2026 82 1
5622 82 1
2036 82 1
1924 82 1
5188 82 1
748 82 1
4036 82 1
5611 82 1
5940 82 1
4604 82 1
216 82 1
1614 82 1
169 82 1
1399 82 1
4459 82 1
3850 82 1
6160 82 1
486 82 1
1716 82 1
6495 82 1
571 82 1
4870 82 1
6639 82 1
4816 82 1
3885 82 1
5990 82 1
4071 82 1
5076 82 1
1468 82 1
5542 82 1
5253 82 1
136 82 1
5349 82 1
4471 82 1
1955 82 1
5579 82 1
3027 82 1
2253 83 1
1682 83 1
522 83 1
4272 83 1
5392 83 1
3641 83 1
4189 83 1
3308 83 1
2463 83 1
893 83 1
2084 83 1
5222 83 1
2192 83 1
3993 83 1
4745 83 1
4523 83 1
6588 83 1
1122 83 1
6496 83 1
3018 83 1
3101 83 1
235 83 1
2284 83 1
5988 83 1
4118 83 1
3364 83 1
2665 83 1
4883 83 1
1743 83 1
6094 83 1
4042 83 1
6521 83 1
1628 83 1
5674 83 1
6631 83 1
5523 83 1
2225 83 1
1631 83 1
1256 83 1
347 83 1
4310 83 1
3415 83 1
1088 83 1
5104 83 1
1423 83 1
798 83 1
1475 83 1
5 83 1
34 83 1
4539 83 1
2178 83 1
5110 83 1
5765 83 1
2534 83 1
3313 83 1
2594 83 1
3715 83 1
2672 83 1
4901 83 1
3326 83 1
1985 83 1
6444 83 1
826 83 1
2450 83 1
1413 83 1
2475 83 1
6208 83 1
2694 83 1
3347 83 1
1452 83 1
1505 83 1
3377 83 1
6579 83 1
4907 83 1
3729 83 1
1111 83 1
3696 83 1
589 83 1
229 83 1
1169 83 1
6774 83 1
354 83 1
3718 83 1
233 83 1
2326 83 1
640 83 1
4607 83 1
4923 83 1
670 83 1
5248 83 1
4832 83 1
4272 83 1
5957 83 1
5732 83 1
915 83 1
3165 83 1
2293 83 1
6403 83 1
5807 83 1
854 83 1
1423 83 1
4086 83 1
1140 83 1
5497 83 1
5209 83 1
5064 83 1
2254 83 1
871 83 1
5268 83 1
6390 83 1
3217 83 1
5142 83 1
1293 83 1
4037 83 1
5764 83 1
6598 83 1
4412 83 1
6754 83 1
1044 83 1
284 83 1
2644 83 1
1058 83 1
5044 83 1
6315 83 1
3321 83 1
453 83 1
1775 83 1
6362 83 1
3491 83 1
2249 83 1
6243 83 1
3717 83 1
2204 83 1
5107 83 1
1067 83 1
6316 83 1
2724 83 1
1467 83 1
429 83 1
1123 83 1
5338 83 1
5980 83 1
601 83 1
1593 83 1
5892 83 1
4121 83 1
3956 83 1
4963 83 1
1633 83 1
6273 83 1
6168 83 1
3095 83 1
943 83 1
1774 83 1
2912 83 1
5780 83 1
6523 83 1
1511 83 1
196 83 1
191 83 1
3724 83 1
1913 83 1
4912 83 1
5883 83 1
6042 83 1
5878 83 1
5630 83 1
4351 83 1
6182 83 1
2176 83 1
6446 83 1
4367 83 1
809 83 1
913 83 1
907 83 1
50 83 1
4586 83 1
6368 83 1
1690 83 1
3909 83 1
2027 83 1
4782 83 1
1680 83 1
3915 83 1
4565 83 1
4354 83 1
2953 83 1
2301 83 1
2179 83 1
6449 83 1
3433 83 1
1914 83 1
1689 83 1
2254 83 1
4858 83 1
2909 83 1
301 83 1
5255 83 1
2376 83 1
531 83 1
5012 83 1
2950 83 1
4368 83 1
237 83 1
5302 83 1
6446 83 1
5229 83 1
5424 83 1
5707 83 1
4928 83 1
2394 84 1
2966 84 1
3860 84 1
1483 84 1
3169 84 1
1249 84 1
6460 84 1
3692 84 1
4535 84 1
1476 84 1
5504 84 1
6535 84 1
5740 84 1
2597 84 1
6307 84 1
2903 84 1
3213 84 1
162 84 1
4422 84 1
6605 84 1
5427 84 1
789 84 1
3781 84 1
6169 84 1
3760 84 1
1814 84 1
1548 84 1
3629 84 1
6011 84 1
4698 84 1
4111 84 1
3119 84 1
524 84 1
757 84 1
3520 84 1
730 84 1
3085 84 1
5645 84 1
54 84 1
4438 84 1
3530 84 1
66 84 1
669 84 1
1072 84 1
1038 84 1
581 84 1
419 84 1
3447 84 1
5699 84 1
3380 84 1
3151 84 1
529 84 1
4328 84 1
3804 84 1
3466 84 1
6042 84 1
6075 84 1
3347 84 1
3065 84 1
2010 84 1
618 84 1
4212 84 1
3495 84 1
5603 84 1
6716 84 1
4195 84 1
2042 84 1
1355 84 1
5698 84 1
2021 84 1
2746 84 1
2714 84 1
1135 84 1
4475 84 1
1907 84 1
2562 84 1
1658 84 1
2253 84 1
802 84 1
5097 84 1
1386 84 1
5445 84 1
1408 84 1
14 84 1
6762 84 1
1011 84 1
12 84 1
4811 84 1
5217 84 1
3026 84 1
2958 84 1
2604 84 1
362 84 1
3581 84 1
5328 84 1
2999 84 1
6072 84 1
3109 84 1
5768 84 1
3195 84 1
2718 84 1
907 84 1
2408 84 1
4865 84 1
2230 84 1
2382 84 1
2368 84 1
5220 84 1
3810 84 1
4038 84 1
5663 84 1
5412 84 1
741 84 1
1511 84 1
6112 84 1
2810 84 1
6057 84 1
2215 84 1
2889 84 1
4244 84 1
1012 84 1
6553 84 1
6537 84 1
6581 84 1
553 84 1
6283 84 1
5981 84 1
4780 84 1
5352 84 1
4413 84 1
5769 84 1
3896 84 1
537 84 1
1104 84 1
1108 84 1
947 84 1
1502 84 1
4597 84 1
5128 84 1
2477 84 1
1295 84 1
3070 84 1
6655 84 1
2483 84 1
2105 84 1
679 84 1
5736 84 1
2942 84 1
4855 84 1
6508 84 1
1710 84 1
4727 84 1
120 84 1
620 84 1
4779 84 1
2017 84 1
5233 84 1
5947 84 1
4476 84 1
970 84 1
4121 84 1
4246 84 1
4237 84 1
4451 84 1
5281 84 1
4776 84 1
5386 84 1
4004 84 1
3237 84 1
3332 84 1
503 84 1
193 84 1
4277 84 1
1954 84 1
6552 84 1
2270 84 1
151 84 1
3274 84 1
812 84 1
509 84 1
1205 84 1
2784 84 1
5154 84 1
2198 84 1
3333 84 1
2237 84 1
2003 84 1
285 84 1
3514 84 1
2962 84 1
843 84 1
1129 84 1
5387 84 1
5707 84 1
2824 84 1
3246 84 1
1099 84 1
1842 84 1
1677 84 1
5362 84 1
3174 84 1
530 84 1
3435 84 1
5587 84 1
5249 84 1
6515 84 1
809 84 1
552 84 1
6019 84 1
1479 84 1
4764 85 1
3741 85 1
1532 85 1
6571 85 1
6307 85 1
2637 85 1
703 85 1
4070 85 1
4961 85 1
1334 85 1
5102 85 1
4577 85 1
4233 85 1
5336 85 1
431 85 1
3462 85 1
12 85 1
4582 85 1
1506 85 1
2586 85 1
2234 85 1
647 85 1
5844 85 1
5733 85 1
1146 85 1
1158 85 1
5876 85 1
1669 85 1
5505 85 1
2990 85 1
2028 85 1
4862 85 1
864 85 1
6474 85 1
3713 85 1
6072 85 1
6025 85 1
2170 85 1
722 85 1
2793 85 1
5079 85 1
2950 85 1
3328 85 1
2340 85 1
516 85 1
1207 85 1
6696 85 1
4097 85 1
4641 85 1
4898 85 1
5859 85 1
6009 85 1
1869 85 1
580 85 1
5016 85 1
4761 85 1
3804 85 1
633 85 1
5239 85 1
4359 85 1
4049 85 1
6427 85 1
6457 85 1
203 85 1
4251 85 1
2915 85 1
4668 85 1
1280 85 1
676 85 1
6345 85 1
5570 85 1
3583 85 1
2572 85 1
1769 85 1
484 85 1
3288 85 1
6638 85 1
4099 85 1
2702 85 1
2416 85 1
238 85 1
1966 85 1
4799 85 1
2324 85 1
3277 85 1
1425 85 1
3377 85 1
2193 85 1
2715 85 1
2732 85 1
6025 85 1
4175 85 1
5075 85 1
4531 85 1
3283 85 1
2641 85 1
1149 85 1
6668 85 1
4475 85 1
4769 85 1
1066 85 1
3415 85 1
5043 85 1
6095 85 1
2368 85 1
2213 85 1
5974 85 1
1105 85 1
5282 85 1
1582 85 1
565 85 1
2500 85 1
440 85 1
4093 85 1
2594 85 1
1808 85 1
261 85 1
3469 85 1
6748 85 1
6687 85 1
2094 85 1
717 85 1
4272 85 1
4886 85 1
1263 85 1
2368 85 1
2566 85 1
2622 85 1
2087 85 1
518 85 1
3211 85 1
5673 85 1
6434 85 1
6329 85 1
4151 85 1
3712 85 1
3769 85 1
1515 85 1
6124 85 1
1102 85 1
3887 85 1
2617 85 1
6626 85 1
2283 85 1
1712 85 1
1701 85 1
6234 85 1
5699 85 1
5862 85 1
1833 85 1
3425 85 1
6446 85 1
5038 85 1
5235 85 1
739 85 1
3529 85 1
1215 85 1
1280 85 1
2730 85 1
2398 85 1
6329 85 1
3055 85 1
1583 85 1
1568 85 1
24 85 1
1474 85 1
2926 85 1
5113 85 1
4824 85 1
1104 85 1
6440 85 1
4918 85 1
3904 85 1
918 85 1
2020 85 1
695 85 1
5627 85 1
6577 85 1
3097 85 1
6490 85 1
3494 85 1
6789 85 1
6415 85 1
6716 85 1
3646 85 1
5284 85 1
6 85 1
2788 85 1
550 85 1
4011 85 1
284 85 1
2842 85 1
3435 85 1
1285 85 1
6244 85 1
636 85 1
1117 85 1
2352 85 1
5127 85 1
6681 85 1
2335 85 1
1951 85 1
1952 85 1
1347 85 1
2385 85 1
3738 85 1
152 85 1
696 85 1
225 85 1
327 85 1
1907 86 1
1195 86 1
6767 86 1
1417 86 1
4931 86 1
3282 86 1
1521 86 1
5051 86 1
1415 86 1
5418 86 1
3469 86 1
349 86 1
2943 86 1
2852 86 1
1446 86 1
5905 86 1
3288 86 1
1463 86 1
134 86 1
1929 86 1
3682 86 1
727 86 1
2796 86 1
2241 86 1
5462 86 1
1015 86 1
1330 86 1
613 86 1
2492 86 1
145 86 1
2047 86 1
5155 86 1
1809 86 1
6017 86 1
1937 86 1
6657 86 1
4077 86 1
6000 86 1
1880 86 1
6560 86 1
5359 86 1
1022 86 1
146 86 1
468 86 1
3263 86 1
4894 86 1
6278 86 1
3675 86 1
1635 86 1
4946 86 1
1941 86 1
234 86 1
1435 86 1
2464 86 1
2396 86 1
6386 86 1
213 86 1
6632 86 1
637 86 1
4864 86 1
1250 86 1
5401 86 1
3436 86 1
1611 86 1
6538 86 1
6459 86 1
1337 86 1
851 86 1
3706 86 1
6716 86 1
3285 86 1
4275 86 1
159 86 1
6742 86 1
5738 86 1
5838 86 1
236 86 1
5659 86 1
1465 86 1
703 86 1
5183 86 1
543 86 1
4734 86 1
5628 86 1
1700 86 1
4211 86 1
5420 86 1
3402 86 1
5032 86 1
5519 86 1
3068 86 1
3818 86 1
2812 86 1
380 86 1
85 86 1
5200 86 1
3490 86 1
2890 86 1
320 86 1
2098 86 1
3324 86 1
2255 86 1
1254 86 1
1795 86 1
3317 86 1
6440 86 1
6445 86 1
5413 86 1
942 86 1
363 86 1
1723 86 1
5863 86 1
6257 86 1
3035 86 1
609 86 1
731 86 1
1478 86 1
4954 86 1
2963 86 1
4226 86 1
1020 86 1
2614 86 1
2386 86 1
3735 86 1
5540 86 1
3213 86 1
5830 86 1
5691 86 1
5417 86 1
3524 86 1
93 86 1
4763 86 1
5107 86 1
2245 86 1
2343 86 1
1397 86 1
3239 86 1
6113 86 1
3306 86 1
1610 86 1
3065 86 1
6288 86 1
688 86 1
4643 86 1
4822 86 1
4919 86 1
4740 86 1
2911 86 1
3748 86 1
4322 86 1
4741 86 1
4164 86 1
787 86 1
767 86 1
4798 86 1
2408 86 1
1637 86 1
2315 86 1
5414 86 1
12 86 1
4826 86 1
4807 86 1
3412 86 1
2319 86 1
5622 86 1
4943 86 1
6506 86 1
4339 86 1
6493 86 1
3140 86 1
6588 86 1
2992 86 1
1746 86 1
5439 86 1
4102 86 1
1956 86 1
5825 86 1
3578 86 1
334 86 1
6422 86 1
5440 86 1
4004 86 1
2604 86 1
3173 86 1
1159 86 1
328 86 1
5423 86 1
4578 86 1
3169 86 1
1175 86 1
3997 86 1
3666 86 1
3977 86 1
2934 86 1
1315 86 1
4377 86 1
5694 86 1
3114 86 1
441 86 1
6089 86 1
4323 86 1
1322 86 1
2231 86 1
3709 86 1
2405 86 1
1223 86 1
3156 86 1
5143 86 1
4436 86 1
3333 86 1
397 87 1
188 87 1
2260 87 1
1919 87 1
3764 87 1
5700 87 1
1912 87 1
4295 87 1
4311 87 1
1176 87 1
3996 87 1
3661 87 1
2485 87 1
4603 87 1
1557 87 1
711 87 1
2289 87 1
4985 87 1
3423 87 1
6407 87 1
829 87 1
2154 87 1
6219 87 1
6367 87 1
5497 87 1
958 87 1
2899 87 1
5062 87 1
5463 87 1
3066 87 1
3526 87 1
3302 87 1
2668 87 1
3240 87 1
1956 87 1
565 87 1
6611 87 1
1256 87 1
2995 87 1
1716 87 1
739 87 1
3424 87 1
3872 87 1
2676 87 1
5725 87 1
5652 87 1
1837 87 1
5812 87 1
1443 87 1
3221 87 1
4820 87 1
659 87 1
1456 87 1
557 87 1
5839 87 1
4512 87 1
2760 87 1
4552 87 1
1149 87 1
5936 87 1
4417 87 1
6608 87 1
5844 87 1
1642 87 1
2960 87 1
226 87 1
2804 87 1
6681 87 1
5368 87 1
4418 87 1
805 87 1
5275 87 1
469 87 1
6094 87 1
2108 87 1
1143 87 1
290 87 1
1438 87 1
3967 87 1
1617 87 1
1777 87 1
660 87 1
3181 87 1
2747 87 1
6728 87 1
6483 87 1
5279 87 1
3658 87 1
2293 87 1
4155 87 1
2082 87 1
3685 87 1
3735 87 1
336 87 1
3871 87 1
4725 87 1
5554 87 1
2407 87 1
3436 87 1
2679 87 1
1894 87 1
3094 87 1
2840 87 1
992 87 1
414 87 1
1011 87 1
5356 87 1
2097 87 1
1256 87 1
4184 87 1
2396 87 1
670 87 1
1626 87 1
5395 87 1
5211 87 1
2800 87 1
5950 87 1
1109 87 1
4916 87 1
2436 87 1
418 87 1
2080 87 1
5795 87 1
3248 87 1
5393 87 1
6056 87 1
2201 87 1
6733 87 1
2881 87 1
4470 87 1
4475 87 1
6181 87 1
4671 87 1
2822 87 1
4388 87 1
5927 87 1
1146 87 1
281 87 1
4652 87 1
2471 87 1
4524 87 1
3707 87 1
5040 87 1
4372 87 1
5372 87 1
5930 87 1
6461 87 1
3290 87 1
1914 87 1
1594 87 1
715 87 1
3110 87 1
2751 87 1
3531 87 1
3052 87 1
6553 87 1
5262 87 1
4277 87 1
6423 87 1
105 87 1
5475 87 1
1027 87 1
598 87 1
3192 87 1
2938 87 1
2371 87 1
2510 87 1
588 87 1
6527 87 1
4887 87 1
134 87 1
1721 87 1
567 87 1
4660 87 1
1091 87 1
6463 87 1
215 87 1
6426 87 1
91 87 1
695 87 1
2285 87 1
1881 87 1
1681 87 1
1676 87 1
284 87 1
3705 87 1
2586 87 1
1230 87 1
5737 87 1
4962 87 1
3982 87 1
2610 87 1
769 87 1
5489 87 1
5456 87 1
6274 87 1
5836 87 1
2097 87 1
5575 87 1
4829 87 1
4980 87 1
1251 87 1
6323 87 1
4514 87 1
6298 87 1
2573 87 1
2853 87 1
805 87 1
2720 87 1
3198 87 1
1891 88 1
1736 88 1
1004 88 1
2341 88 1
3522 88 1
1600 88 1
5698 88 1
473 88 1
6765 88 1
5008 88 1
4077 88 1
5011 88 1
3325 88 1
1327 88 1
4441 88 1
1942 88 1
932 88 1
2861 88 1
1869 88 1
4694 88 1
4818 88 1
180 88 1
2732 88 1
1238 88 1
3086 88 1
2928 88 1
3008 88 1
4725 88 1
3532 88 1
3966 88 1
1419 88 1
5059 88 1
994 88 1
2518 88 1
4933 88 1
6561 88 1
5833 88 1
4421 88 1
3305 88 1
2148 88 1
5209 88 1
2598 88 1
5855 88 1
3414 88 1
187 88 1
2600 88 1
1244 88 1
1106 88 1
5183 88 1
386 88 1
5783 88 1
1985 88 1
3513 88 1
2194 88 1
5819 88 1
5569 88 1
3124 88 1
753 88 1
245 88 1
3624 88 1
1320 88 1
5626 88 1
1816 88 1
882 88 1
4338 88 1
3736 88 1
4465 88 1
2682 88 1
1259 88 1
6090 88 1
1486 88 1
6334 88 1
2206 88 1
5570 88 1
2509 88 1
5412 88 1
1907 88 1
3585 88 1
6256 88 1
5202 88 1
4289 88 1
2041 88 1
3247 88 1
6507 88 1
3284 88 1
844 88 1
5799 88 1
4599 88 1
6663 88 1
2379 88 1
4565 88 1
4171 88 1
568 88 1
2879 88 1
5163 88 1
1678 88 1
675 88 1
363 88 1
1811 88 1
5872 88 1
5208 88 1
5949 88 1
2776 88 1
6340 88 1
1737 88 1
1764 88 1
5119 88 1
5138 88 1
203 88 1
241 88 1
4572 88 1
5897 88 1
1788 88 1
2424 88 1
2540 88 1
5487 88 1
5733 88 1
2352 88 1
1608 88 1
4267 88 1
3703 88 1
458 88 1
5519 88 1
5241 88 1
3869 88 1
5902 88 1
6747 88 1
2161 88 1
2042 88 1
4794 88 1
3808 88 1
2351 88 1
895 88 1
2515 88 1
4853 88 1
2650 88 1
958 88 1
682 88 1
4282 88 1
5670 88 1
3590 88 1
610 88 1
5409 88 1
3679 88 1
2142 88 1
6242 88 1
3452 88 1
383 88 1
6006 88 1
3598 88 1
1261 88 1
778 88 1
3497 88 1
6515 88 1
518 88 1
4430 88 1
4053 88 1
6763 88 1
5059 88 1
3286 88 1
6607 88 1
636 88 1
5123 88 1
4248 88 1
6478 88 1
4743 88 1
1549 88 1
6782 88 1
2504 88 1
4029 88 1
2980 88 1
2288 88 1
3564 88 1
4423 88 1
4176 88 1
6345 88 1
2123 88 1
5297 88 1
6267 88 1
5223 88 1
2783 88 1
142 88 1
281 88 1
5145 88 1
65 88 1
2529 88 1
23 88 1
4462 88 1
1537 88 1
141 88 1
3092 88 1
1364 88 1
25 88 1
5136 88 1
587 88 1
2724 88 1
4827 88 1
350 88 1
5432 88 1
2364 88 1
1343 88 1
3562 88 1
3841 88 1
6674 88 1
217 88 1
3957 88 1
3038 88 1
1409 88 1
3433 88 1
5669 88 1
3708 89 1
3424 89 1
380 89 1
4102 89 1
3539 89 1
5014 89 1
4419 89 1
1166 89 1
1959 89 1
6531 89 1
1969 89 1
2941 89 1
3007 89 1
5189 89 1
828 89 1
1857 89 1
1143 89 1
4943 89 1
619 89 1
4156 89 1
3860 89 1
6344 89 1
420 89 1
685 89 1
6743 89 1
5719 89 1
789 89 1
2349 89 1
2101 89 1
5561 89 1
3120 89 1
1476 89 1
2257 89 1
760 89 1
2039 89 1
4288 89 1
4536 89 1
4059 89 1
4914 89 1
6201 89 1
6626 89 1
3606 89 1
2750 89 1
415 89 1
3618 89 1
2399 89 1
2945 89 1
5204 89 1
1161 89 1
1783 89 1
5784 89 1
6729 89 1
617 89 1
170 89 1
3723 89 1
3381 89 1
751 89 1
2542 89 1
477 89 1
3270 89 1
3424 89 1
6533 89 1
1452 89 1
5168 89 1
6201 89 1
2806 89 1
3397 89 1
488 89 1
5579 89 1
3861 89 1
3224 89 1
4956 89 1
2642 89 1
5058 89 1
3128 89 1
2565 89 1
3800 89 1
2778 89 1
1208 89 1
5421 89 1
4355 89 1
1066 89 1
657 89 1
171 89 1
5756 89 1
2213 89 1
6768 89 1
1995 89 1
6693 89 1
660 89 1
2421 89 1
809 89 1
6275 89 1
2190 89 1
3464 89 1
4348 89 1
2297 89 1
3594 89 1
3262 89 1
6238 89 1
6691 89 1
4422 89 1
4206 89 1
5786 89 1
3421 89 1
4028 89 1
6245 89 1
1912 89 1
3130 89 1
1608 89 1
5738 89 1
3076 89 1
3228 89 1
1823 89 1
2262 89 1
3567 89 1
3147 89 1
4117 89 1
4454 89 1
2464 89 1
4220 89 1
2478 89 1
132 89 1
4430 89 1
5919 89 1
1187 89 1
1201 89 1
5290 89 1
5789 89 1
4603 89 1
2329 89 1
4265 89 1
3064 89 1
978 89 1
1247 89 1
3167 89 1
5218 89 1
4781 89 1
4916 89 1
594 89 1
5069 89 1
2464 89 1
4338 89 1
1349 89 1
6132 89 1
5339 89 1
5856 89 1
5333 89 1
1194 89 1
1552 89 1
1845 89 1
444 89 1
4397 89 1
6271 89 1
1086 89 1
1502 89 1
5450 89 1
2822 89 1
2818 89 1
5343 89 1
3065 89 1
5396 89 1
2882 89 1
617 89 1
5587 89 1
6677 89 1
3310 89 1
2588 89 1
4270 89 1
1104 89 1
2185 89 1
4640 89 1
3759 89 1
2371 89 1
4734 89 1
6401 89 1
2144 89 1
632 89 1
4691 89 1
6568 89 1
3968 89 1
5578 89 1
3497 89 1
2548 89 1
1483 89 1
20 89 1
4991 89 1
4915 89 1
1404 89 1
4157 89 1
2312 89 1
2344 89 1
6211 89 1
3459 89 1
2318 89 1
1259 89 1
3029 89 1
482 89 1
4144 89 1
6496 89 1
1121 89 1
5137 89 1
209 89 1
4963 89 1
5908 89 1
4525 89 1
5058 89 1
3043 89 1
5596 89 1
5966 89 1
5986 90 1
5280 90 1
1592 90 1
6546 90 1
4255 90 1
2524 90 1
6418 90 1
927 90 1
5242 90 1
2113 90 1
3695 90 1
969 90 1
3618 90 1
4529 90 1
2068 90 1
301 90 1
5783 90 1
1400 90 1
6352 90 1
478 90 1
5851 90 1
5581 90 1
4488 90 1
2021 90 1
3654 90 1
5757 90 1
568 90 1
6325 90 1
600 90 1
1341 90 1
2532 90 1
6511 90 1
4716 90 1
5589 90 1
1452 90 1
5468 90 1
959 90 1
407 90 1
3517 90 1
339 90 1
6302 90 1
2642 90 1
1168 90 1
5423 90 1
3841 90 1
5236 90 1
3951 90 1
5960 90 1
1536 90 1
4209 90 1
944 90 1
1629 90 1
5222 90 1
2065 90 1
2586 90 1
4458 90 1
5572 90 1
1373 90 1
3621 90 1
6444 90 1
2817 90 1
6048 90 1
4926 90 1
16 90 1
472 90 1
255 90 1
5383 90 1
4678 90 1
1626 90 1
4756 90 1
1230 90 1
6321 90 1
5098 90 1
5862 90 1
1959 90 1
3696 90 1
3010 90 1
2319 90 1
1338 90 1
2201 90 1
62 90 1
5792 90 1
2923 90 1
5557 90 1
5786 90 1
3401 90 1
6630 90 1
403 90 1
405 90 1
1746 90 1
1067 90 1
4450 90 1
4137 90 1
183 90 1
5873 90 1
1452 90 1
2201 90 1
3970 90 1
5294 90 1
4748 90 1
2155 90 1
6059 90 1
1853 90 1
5771 90 1
1341 90 1
1606 90 1
537 90 1
1664 90 1
5871 90 1
5295 90 1
4894 90 1
6102 90 1
4341 90 1
2885 90 1
530 90 1
2501 90 1
1039 90 1
3227 90 1
1266 90 1
2098 90 1
2026 90 1
512 90 1
5925 90 1
3117 90 1
6474 90 1
977 90 1
2389 90 1
4315 90 1
2164 90 1
1216 90 1
100 90 1
272 90 1
504 90 1
2342 90 1
1592 90 1
5373 90 1
1142 90 1
563 90 1
5680 90 1
1546 90 1
6525 90 1
4425 90 1
1454 90 1
1002 90 1
898 90 1
1720 90 1
6218 90 1
4981 90 1
1914 90 1
3515 90 1
3437 90 1
646 90 1
865 90 1
2221 90 1
5456 90 1
2136 90 1
3425 90 1
6751 90 1
1394 90 1
2895 90 1
2646 90 1
372 90 1
2602 90 1
5089 90 1
3910 90 1
809 90 1
4669 90 1
6730 90 1
156 90 1
4101 90 1
2702 90 1
2097 90 1
5534 90 1
4415 90 1
6173 90 1
4793 90 1
4690 90 1
6058 90 1
1569 90 1
4010 90 1
6632 90 1
4976 90 1
4990 90 1
960 90 1
6313 90 1
1683 90 1
1585 90 1
2840 90 1
4388 90 1
6327 90 1
5279 90 1
938 90 1
3902 90 1
1270 90 1
130 90 1
2159 90 1
5856 90 1
790 90 1
6599 90 1
3729 90 1
149 90 1
3455 90 1
1100 90 1
3202 90 1
6239 90 1
2250 90 1
3408 90 1
3446 90 1
1176 90 1
2260 90 1
4770 91 1
1500 91 1
1648 91 1
3387 91 1
1659 91 1
3374 91 1
2073 91 1
4664 91 1
2728 91 1
3919 91 1
1800 91 1
2649 91 1
1971 91 1
4065 91 1
4996 91 1
1127 91 1
1479 91 1
3732 91 1
1983 91 1
6031 91 1
2523 91 1
463 91 1
3171 91 1
1511 91 1
6594 91 1
5801 91 1
285 91 1
1400 91 1
3289 91 1
6309 91 1
2784 91 1
4197 91 1
2452 91 1
4297 91 1
1251 91 1
1608 91 1
3912 91 1
2930 91 1
5037 91 1
4521 91 1
375 91 1
5270 91 1
4025 91 1
200 91 1
1433 91 1
4299 91 1
5339 91 1
2904 91 1
2979 91 1
2960 91 1
5635 91 1
3384 91 1
4901 91 1
5629 91 1
5695 91 1
5111 91 1
5881 91 1
3955 91 1
1367 91 1
5053 91 1
6321 91 1
490 91 1
3894 91 1
3693 91 1
5193 91 1
952 91 1
3306 91 1
2601 91 1
1497 91 1
2242 91 1
2670 91 1
407 91 1
314 91 1
3332 91 1
3248 91 1
6303 91 1
4649 91 1
5014 91 1
5397 91 1
3286 91 1
3234 91 1
4250 91 1
3815 91 1
1412 91 1
2254 91 1
3230 91 1
1310 91 1
3177 91 1
1969 91 1
3292 91 1
2206 91 1
3213 91 1
3493 91 1
2897 91 1
3305 91 1
1038 91 1
4856 91 1
2338 91 1
3945 91 1
191 91 1
1018 91 1
6587 91 1
6154 91 1
5726 91 1
1855 91 1
3997 91 1
4599 91 1
6268 91 1
6242 91 1
139 91 1
5757 91 1
4214 91 1
486 91 1
970 91 1
5375 91 1
4141 91 1
5166 91 1
3438 91 1
286 91 1
4486 91 1
1694 91 1
5119 91 1
2917 91 1
1136 91 1
399 91 1
1087 91 1
602 91 1
4911 91 1
6787 91 1
6490 91 1
2620 91 1
1600 91 1
1735 91 1
5448 91 1
86 91 1
5266 91 1
164 91 1
588 91 1
6138 91 1
5797 91 1
4818 91 1
6280 91 1
3798 91 1
4002 91 1
3037 91 1
1679 91 1
779 91 1
5288 91 1
5461 91 1
5124 91 1
4902 91 1
6069 91 1
4157 91 1
5516 91 1
3433 91 1
4073 91 1
6289 91 1
4844 91 1
4845 91 1
3765 91 1
5489 91 1
4980 91 1
2010 91 1
2706 91 1
3030 91 1
3235 91 1
4201 91 1
787 91 1
4105 91 1
6117 91 1
175 91 1
2357 91 1
4123 91 1
498 91 1
1280 91 1
1289 91 1
2370 91 1
5902 91 1
2454 91 1
2766 91 1
4343 91 1
5961 91 1
133 91 1
5115 91 1
4173 91 1
1960 91 1
6408 91 1
4689 91 1
1933 91 1
3712 91 1
3420 91 1
1929 91 1
5678 91 1
1699 91 1
1613 91 1
3621 91 1
5554 91 1
4355 91 1
5217 91 1
5666 91 1
1787 91 1
6621 91 1
6641 91 1
4198 91 1
3735 91 1
3243 91 1
975 91 1
841 91 1
3052 91 1
2256 91 1
4284 92 1
5199 92 1
5879 92 1
3151 92 1
2205 92 1
1031 92 1
2432 92 1
5440 92 1
398 92 1
9 92 1
1396 92 1
5863 92 1
3965 92 1
6424 92 1
5165 92 1
486 92 1
2450 92 1
5335 92 1
2737 92 1
5060 92 1
2110 92 1
293 92 1
5977 92 1
2597 92 1
4752 92 1
1757 92 1
123 92 1
4992 92 1
6342 92 1
1847 92 1
4948 92 1
1948 92 1
3980 92 1
5811 92 1
4482 92 1
5198 92 1
6328 92 1
967 92 1
6095 92 1
4420 92 1
4628 92 1
5711 92 1
3614 92 1
6633 92 1
704 92 1
5756 92 1
3008 92 1
1031 92 1
2938 92 1
4528 92 1
2964 92 1
3246 92 1
759 92 1
2075 92 1
4317 92 1
6450 92 1
837 92 1
1444 92 1
356 92 1
6701 92 1
139 92 1
2379 92 1
1825 92 1
6364 92 1
1893 92 1
6679 92 1
6769 92 1
203 92 1
6713 92 1
4547 92 1
4599 92 1
2097 92 1
2043 92 1
2456 92 1
2493 92 1
771 92 1
4246 92 1
760 92 1
1000 92 1
2746 92 1
5478 92 1
4894 92 1
4703 92 1
5772 92 1
6482 92 1
4 92 1
639 92 1
3521 92 1
4196 92 1
5499 92 1
6435 92 1
410 92 1
6392 92 1
629 92 1
3671 92 1
732 92 1
6718 92 1
4479 92 1
2251 92 1
5057 92 1
1923 92 1
1887 92 1
6732 92 1
2842 92 1
5938 92 1
4076 92 1
2411 92 1
3888 92 1
6202 92 1
6005 92 1
3804 92 1
2340 92 1
2142 92 1
1075 92 1
6406 92 1
3396 92 1
3087 92 1
1069 92 1
6152 92 1
4927 92 1
3892 92 1
3685 92 1
2882 92 1
1524 92 1
1918 92 1
4574 92 1
2718 92 1
769 92 1
5562 92 1
1676 92 1
3039 92 1
6081 92 1
6585 92 1
3679 92 1
3223 92 1
5215 92 1
4446 92 1
1904 92 1
3157 92 1
4127 92 1
1207 92 1
2482 92 1
4895 92 1
4277 92 1
2485 92 1
2449 92 1
4327 92 1
2097 92 1
6697 92 1
2886 92 1
5954 92 1
1947 92 1
5994 92 1
6683 92 1
3670 92 1
6637 92 1
4532 92 1
3202 92 1
816 92 1
6784 92 1
3917 92 1
1501 92 1
2276 92 1
2259 92 1
1358 92 1
529 92 1
3254 92 1
4097 92 1
2159 92 1
2937 92 1
2016 92 1
5074 92 1
2085 92 1
1059 92 1
3986 92 1
3608 92 1
5183 92 1
4038 92 1
2777 92 1
6358 92 1
6396 92 1
1147 92 1
6580 92 1
734 92 1
6491 92 1
4735 92 1
3407 92 1
6110 92 1
849 92 1
133 92 1
5927 92 1
442 92 1
325 92 1
5210 92 1
4321 92 1
784 92 1
5305 92 1
2612 92 1
3469 92 1
5615 92 1
4755 92 1
3252 92 1
4025 92 1
63 92 1
4979 92 1
4774 92 1
5073 92 1
616 92 1
4533 92 1
3113 92 1
4560 93 1
5399 93 1
1685 93 1
928 93 1
4276 93 1
800 93 1
1616 93 1
6266 93 1
5596 93 1
833 93 1
75 93 1
254 93 1
1219 93 1
4658 93 1
772 93 1
3602 93 1
6536 93 1
2890 93 1
2381 93 1
822 93 1
4339 93 1
2237 93 1
925 93 1
161 93 1
5089 93 1
4376 93 1
1738 93 1
4447 93 1
4943 93 1
566 93 1
4643 93 1
3752 93 1
2313 93 1
6487 93 1
4894 93 1
4998 93 1
0 93 1
4362 93 1
152 93 1
47 93 1
1295 93 1
5256 93 1
6097 93 1
3764 93 1
1723 93 1
5987 93 1
1945 93 1
5970 93 1
4646 93 1
5899 93 1
3991 93 1
4698 93 1
6706 93 1
220 93 1
5520 93 1
6496 93 1
5375 93 1
1419 93 1
6524 93 1
647 93 1
6001 93 1
5120 93 1
3223 93 1
1840 93 1
6632 93 1
568 93 1
1036 93 1
4678 93 1
6546 93 1
567 93 1
213 93 1
1425 93 1
6774 93 1
3699 93 1
5435 93 1
1330 93 1
5900 93 1
6018 93 1
1602 93 1
4245 93 1
6135 93 1
1450 93 1
381 93 1
4950 93 1
5766 93 1
6580 93 1
2009 93 1
2390 93 1
6703 93 1
5361 93 1
1624 93 1
6755 93 1
2868 93 1
3283 93 1
4129 93 1
348 93 1
4437 93 1
3033 93 1
4222 93 1
1608 93 1
910 93 1
287 93 1
6483 93 1
5415 93 1
3278 93 1
3483 93 1
563 93 1
1051 93 1
1086 93 1
2170 93 1
3666 93 1
3338 93 1
4014 93 1
1011 93 1
5636 93 1
824 93 1
5436 93 1
5037 93 1
3954 93 1
5935 93 1
4850 93 1
4353 93 1
1115 93 1
5396 93 1
2778 93 1
2869 93 1
2100 93 1
6352 93 1
3859 93 1
2329 93 1
2485 93 1
765 93 1
4929 93 1
2833 93 1
5469 93 1
4406 93 1
882 93 1
3378 93 1
5864 93 1
6493 93 1
4493 93 1
1186 93 1
2116 93 1
6257 93 1
2268 93 1
1872 93 1
1250 93 1
6172 93 1
6129 93 1
3371 93 1
3578 93 1
1369 93 1
2108 93 1
414 93 1
2572 93 1
5165 93 1
1051 93 1
6639 93 1
5587 93 1
5934 93 1
6198 93 1
3319 93 1
3374 93 1
6142 93 1
908 93 1
112 93 1
2615 93 1
5019 93 1
3631 93 1
6117 93 1
12 93 1
3915 93 1
3142 93 1
2717 93 1
4189 93 1
839 93 1
213 93 1
178 93 1
4726 93 1
3262 93 1
148 93 1
531 93 1
2144 93 1
620 93 1
3948 93 1
3340 93 1
5508 93 1
1472 93 1
3767 93 1
1708 93 1
4082 93 1
1307 93 1
5094 93 1
4441 93 1
4679 93 1
689 93 1
5487 93 1
289 93 1
6643 93 1
1456 93 1
4795 93 1
3645 93 1
1078 93 1
4355 93 1
2746 93 1
2972 93 1
1812 93 1
6064 93 1
5730 93 1
588 93 1
2355 94 1
399 94 1
5974 94 1
5538 94 1
974 94 1
2837 94 1
1683 94 1
5934 94 1
5193 94 1
3007 94 1
4343 94 1
2548 94 1
3305 94 1
4970 94 1
5961 94 1
4183 94 1
1418 94 1
2331 94 1
5058 94 1
1958 94 1
3356 94 1
4030 94 1
4609 94 1
374 94 1
2529 94 1
6652 94 1
1189 94 1
5148 94 1
4660 94 1
3909 94 1
6589 94 1
850 94 1
5125 94 1
3608 94 1
668 94 1
4420 94 1
110 94 1
2306 94 1
5101 94 1
2625 94 1
3421 94 1
5235 94 1
3750 94 1
6456 94 1
2822 94 1
2353 94 1
3170 94 1
1577 94 1
905 94 1
567 94 1
1551 94 1
1238 94 1
4667 94 1
718 94 1
2040 94 1
2461 94 1
1876 94 1
4397 94 1
1029 94 1
4567 94 1
2124 94 1
4436 94 1
1019 94 1
2773 94 1
4644 94 1
6548 94 1
5462 94 1
4017 94 1
6060 94 1
3880 94 1
1732 94 1
936 94 1
1911 94 1
3776 94 1
1560 94 1
520 94 1
5682 94 1
4201 94 1
5323 94 1
381 94 1
3079 94 1
4065 94 1
5554 94 1
5046 94 1
123 94 1
4408 94 1
5544 94 1
776 94 1
3221 94 1
6409 94 1
3038 94 1
1443 94 1
3841 94 1
1946 94 1
396 94 1
721 94 1
4688 94 1
1183 94 1
6148 94 1
1919 94 1
4720 94 1
33 94 1
2701 94 1
3585 94 1
3283 94 1
2398 94 1
1708 94 1
574 94 1
1375 94 1
69 94 1
551 94 1
6331 94 1
4596 94 1
2926 94 1
5799 94 1
1880 94 1
3061 94 1
3691 94 1
1110 94 1
1766 94 1
5938 94 1
6703 94 1
581 94 1
5081 94 1
3505 94 1
3562 94 1
4918 94 1
817 94 1
2447 94 1
4427 94 1
2964 94 1
1179 94 1
4139 94 1
1374 94 1
3325 94 1
6287 94 1
1729 94 1
2443 94 1
3043 94 1
734 94 1
5588 94 1
896 94 1
6043 94 1
2944 94 1
1329 94 1
1558 94 1
5278 94 1
6742 94 1
5192 94 1
3838 94 1
704 94 1
3688 94 1
1833 94 1
2350 94 1
4316 94 1
1666 94 1
3965 94 1
3007 94 1
4084 94 1
3081 94 1
455 94 1
6184 94 1
5226 94 1
38 94 1
4424 94 1
6553 94 1
6140 94 1
3077 94 1
2424 94 1
5449 94 1
3216 94 1
2356 94 1
3541 94 1
3975 94 1
162 94 1
2445 94 1
1009 94 1
1940 94 1
2005 94 1
6192 94 1
5928 94 1
5785 94 1
2968 94 1
4692 94 1
3360 94 1
903 94 1
1532 94 1
2014 94 1
3895 94 1
5378 94 1
3845 94 1
3857 94 1
505 94 1
989 94 1
3685 94 1
3360 94 1
5828 94 1
4918 94 1
5928 94 1
155 94 1
6702 94 1
2685 94 1
6631 94 1
5722 94 1
1092 94 1
6583 94 1
5137 94 1
5596 94 1
4509 94 1
5366 94 1
331 95 1
3238 95 1
6398 95 1
4088 95 1
2976 95 1
6036 95 1
2225 95 1
353 95 1
6603 95 1
2054 95 1
5593 95 1
1817 95 1
988 95 1
3338 95 1
3570 95 1
6140 95 1
165 95 1
4876 95 1
2426 95 1
2294 95 1
1590 95 1
352 95 1
4907 95 1
6692 95 1
2524 95 1
1384 95 1
3122 95 1
2268 95 1
3781 95 1
1238 95 1
572 95 1
2903 95 1
6738 95 1
3540 95 1
2761 95 1
3980 95 1
5040 95 1
295 95 1
1792 95 1
3746 95 1
544 95 1
3701 95 1
384 95 1
6012 95 1
3868 95 1
3468 95 1
1541 95 1
3871 95 1
670 95 1
3389 95 1
1948 95 1
2118 95 1
5571 95 1
1655 95 1
2443 95 1
3128 95 1
6186 95 1
3538 95 1
6477 95 1
4153 95 1
3904 95 1
1406 95 1
3253 95 1
575 95 1
174 95 1
4529 95 1
6209 95 1
2191 95 1
4918 95 1
283 95 1
3762 95 1
3991 95 1
2559 95 1
6495 95 1
289 95 1
4846 95 1
4069 95 1
1929 95 1
5820 95 1
1804 95 1
1563 95 1
2818 95 1
1481 95 1
3120 95 1
6376 95 1
6417 95 1
576 95 1
2383 95 1
2212 95 1
3279 95 1
1642 95 1
4070 95 1
3217 95 1
1687 95 1
4665 95 1
692 95 1
6625 95 1
2276 95 1
4897 95 1
6560 95 1
6617 95 1
5681 95 1
1087 95 1
4281 95 1
2820 95 1
5235 95 1
1360 95 1
2844 95 1
3702 95 1
3702 95 1
1552 95 1
2498 95 1
3040 95 1
1364 95 1
4613 95 1
4683 95 1
1668 95 1
6550 95 1
3222 95 1
2511 95 1
6182 95 1
2643 95 1
1261 95 1
4043 95 1
1585 95 1
3150 95 1
6732 95 1
933 95 1
4084 95 1
2685 95 1
4167 95 1
4055 95 1
6104 95 1
712 95 1
6542 95 1
6760 95 1
6754 95 1
3946 95 1
564 95 1
890 95 1
6325 95 1
567 95 1
166 95 1
1552 95 1
262 95 1
1882 95 1
5222 95 1
6751 95 1
2501 95 1
3031 95 1
2922 95 1
2714 95 1
2378 95 1
4915 95 1
765 95 1
2688 95 1
231 95 1
1976 95 1
768 95 1
3195 95 1
559 95 1
2467 95 1
4503 95 1
2851 95 1
4876 95 1
606 95 1
5780 95 1
6719 95 1
1910 95 1
912 95 1
6301 95 1
5801 95 1
593 95 1
1425 95 1
6632 95 1
1938 95 1
5869 95 1
1968 95 1
1453 95 1
1748 95 1
3667 95 1
6461 95 1
753 95 1
2874 95 1
430 95 1
2696 95 1
2123 95 1
1970 95 1
4998 95 1
4585 95 1
5257 95 1
1499 95 1
5323 95 1
4504 95 1
5228 95 1
3300 95 1
4105 95 1
584 95 1
2746 95 1
3089 95 1
1835 95 1
5077 95 1
5217 95 1
1218 95 1
4460 95 1
1463 95 1
4269 95 1
1228 95 1
1151 95 1
1527 95 1
3325 96 1
3548 96 1
3678 96 1
6324 96 1
3590 96 1
513 96 1
4969 96 1
6344 96 1
1733 96 1
1516 96 1
2361 96 1
213 96 1
3394 96 1
1096 96 1
4116 96 1
3687 96 1
5028 96 1
189 96 1
3511 96 1
4305 96 1
2143 96 1
2454 96 1
5037 96 1
120 96 1
3327 96 1
143 96 1
2366 96 1
4603 96 1
3564 96 1
1926 96 1
701 96 1
3376 96 1
1342 96 1
3210 96 1
5256 96 1
4521 96 1
5436 96 1
259 96 1
5606 96 1
5357 96 1
293 96 1
3280 96 1
2742 96 1
3940 96 1
334 96 1
1050 96 1
364 96 1
4767 96 1
2324 96 1
3016 96 1
1134 96 1
4297 96 1
1174 96 1
6317 96 1
3907 96 1
2238 96 1
126 96 1
121 96 1
5925 96 1
2276 96 1
6445 96 1
2113 96 1
6267 96 1
3143 96 1
2737 96 1
406 96 1
3980 96 1
5717 96 1
3351 96 1
5199 96 1
5490 96 1
2622 96 1
3301 96 1
4457 96 1
352 96 1
5883 96 1
3023 96 1
5777 96 1
6110 96 1
4920 96 1
3799 96 1
4167 96 1
3754 96 1
431 96 1
3289 96 1
3154 96 1
5558 96 1
4221 96 1
341 96 1
4164 96 1
973 96 1
3990 96 1
2963 96 1
2802 96 1
358 96 1
4417 96 1
1123 96 1
3616 96 1
3038 96 1
1210 96 1
456 96 1
5862 96 1
6405 96 1
2948 96 1
5179 96 1
5571 96 1
5825 96 1
6755 96 1
778 96 1
3796 96 1
5609 96 1
4295 96 1
1605 96 1
1794 96 1
5148 96 1
3635 96 1
5124 96 1
4008 96 1
5125 96 1
1667 96 1
1853 96 1
3274 96 1
2507 96 1
3387 96 1
324 96 1
4887 96 1
3355 96 1
6692 96 1
5233 96 1
1649 96 1
5261 96 1
4518 96 1
3700 96 1
0 96 1
221 96 1
3997 96 1
4359 96 1
243 96 1
3963 96 1
1840 96 1
2899 96 1
3223 96 1
3621 96 1
2162 96 1
3728 96 1
5693 96 1
1639 96 1
6341 96 1
3971 96 1
5217 96 1
4374 96 1
4590 96 1
6451 96 1
801 96 1
2503 96 1
6104 96 1
5303 96 1
3121 96 1
6152 96 1
6322 96 1
1091 96 1
3842 96 1
2353 96 1
4524 96 1
4675 96 1
2737 96 1
2475 96 1
5157 96 1
4814 96 1
4440 96 1
2008 96 1
3009 96 1
899 96 1
1494 96 1
229 96 1
2302 96 1
4662 96 1
4955 96 1
2115 96 1
5120 96 1
880 96 1
2545 96 1
6657 96 1
597 96 1
3826 96 1
4295 96 1
537 96 1
757 96 1
998 96 1
5813 96 1
1369 96 1
4870 96 1
6426 96 1
1836 96 1
4645 96 1
680 96 1
4318 96 1
916 96 1
2033 96 1
3498 96 1
3059 96 1
5901 96 1
6371 96 1
1231 96 1
1929 96 1
6334 96 1
54 96 1
3601 96 1
4146 96 1
235 96 1
957 97 1
2021 97 1
1381 97 1
1353 97 1
4910 97 1
1880 97 1
2609 97 1
5656 97 1
4332 97 1
2011 97 1
3201 97 1
4376 97 1
4302 97 1
2319 97 1
3582 97 1
367 97 1
4464 97 1
2908 97 1
5246 97 1
13 97 1
2318 97 1
6163 97 1
2137 97 1
3202 97 1
6363 97 1
277 97 1
4652 97 1
4077 97 1
2142 97 1
5802 97 1
200 97 1
34 97 1
5273 97 1
4170 97 1
1683 97 1
6135 97 1
6054 97 1
5195 97 1
5249 97 1
1795 97 1
2669 97 1
4525 97 1
2318 97 1
2970 97 1
5998 97 1
6523 97 1
4461 97 1
106 97 1
818 97 1
4947 97 1
4873 97 1
5374 97 1
769 97 1
175 97 1
4802 97 1
860 97 1
2896 97 1
2171 97 1
1776 97 1
2571 97 1
3981 97 1
5572 97 1
1812 97 1
5321 97 1
3363 97 1
2374 97 1
2331 97 1
3751 97 1
5417 97 1
3068 97 1
1052 97 1
3449 97 1
5882 97 1
92 97 1
2203 97 1
4163 97 1
3929 97 1
2124 97 1
6666 97 1
579 97 1
47 97 1
2931 97 1
3848 97 1
1376 97 1
5845 97 1
2254 97 1
637 97 1
3625 97 1
186 97 1
5656 97 1
5703 97 1
3275 97 1
4225 97 1
4048 97 1
3034 97 1
4236 97 1
678 97 1
2309 97 1
283 97 1
4633 97 1
3202 97 1
724 97 1
6626 97 1
4112 97 1
4834 97 1
983 97 1
2018 97 1
4200 97 1
6592 97 1
1978 97 1
2213 97 1
5984 97 1
3217 97 1
2414 97 1
2932 97 1
2902 97 1
4388 97 1
2330 97 1
1974 97 1
2804 97 1
3313 97 1
3698 97 1
6064 97 1
6520 97 1
5612 97 1
403 97 1
827 97 1
6647 97 1
1328 97 1
3778 97 1
79 97 1
3962 97 1
2665 97 1
4846 97 1
2207 97 1
6691 97 1
6368 97 1
3927 97 1
86 97 1
2704 97 1
2537 97 1
4126 97 1
2250 97 1
283 97 1
6232 97 1
5837 97 1
3124 97 1
596 97 1
5607 97 1
2185 97 1
1608 97 1
5289 97 1
2333 97 1
6120 97 1
711 97 1
6432 97 1
2255 97 1
364 97 1
1752 97 1
669 97 1
725 97 1
754 97 1
1662 97 1
1573 97 1
1894 97 1
5856 97 1
316 97 1
372 97 1
55 97 1
567 97 1
762 97 1
2536 97 1
4557 97 1
2743 97 1
3932 97 1
3560 97 1
3246 97 1
3106 97 1
1608 97 1
5320 97 1
5148 97 1
3605 97 1
3273 97 1
6102 97 1
2826 97 1
716 97 1
4542 97 1
3779 97 1
499 97 1
3551 97 1
5511 97 1
2733 97 1
775 97 1
676 97 1
2598 97 1
3664 97 1
4563 97 1
5585 97 1
6182 97 1
2443 97 1
5942 97 1
5422 97 1
1431 97 1
1217 97 1
1048 97 1
6420 97 1
1983 97 1
4667 97 1
1377 97 1
2626 97 1
5886 98 1
129 98 1
2374 98 1
5551 98 1
4527 98 1
4131 98 1
3524 98 1
743 98 1
4162 98 1
126 98 1
760 98 1
5056 98 1
3959 98 1
5583 98 1
463 98 1
4391 98 1
1231 98 1
1177 98 1
2130 98 1
6059 98 1
1678 98 1
3407 98 1
5509 98 1
3106 98 1
1489 98 1
6627 98 1
4228 98 1
4924 98 1
5531 98 1
4079 98 1
4905 98 1
1055 98 1
5004 98 1
6494 98 1
3906 98 1
396 98 1
2217 98 1
4553 98 1
444 98 1
4086 98 1
3658 98 1
4147 98 1
4622 98 1
4830 98 1
510 98 1
157 98 1
3371 98 1
4077 98 1
1874 98 1
1169 98 1
201 98 1
2290 98 1
5754 98 1
6559 98 1
2686 98 1
1946 98 1
4549 98 1
4991 98 1
3616 98 1
3415 98 1
6758 98 1
850 98 1
1090 98 1
2997 98 1
579 98 1
2125 98 1
2134 98 1
1204 98 1
3902 98 1
5061 98 1
6729 98 1
1882 98 1
3761 98 1
49 98 1
4038 98 1
987 98 1
1501 98 1
5109 98 1
4567 98 1
3999 98 1
4890 98 1
1403 98 1
992 98 1
250 98 1
27 98 1
947 98 1
1910 98 1
6311 98 1
129 98 1
6622 98 1
5964 98 1
4656 98 1
1099 98 1
1214 98 1
976 98 1
701 98 1
1784 98 1
2404 98 1
1145 98 1
3956 98 1
4776 98 1
5316 98 1
1973 98 1
779 98 1
3228 98 1
3109 98 1
395 98 1
5034 98 1
1267 98 1
4611 98 1
4146 98 1
6414 98 1
530 98 1
2393 98 1
6145 98 1
3855 98 1
1529 98 1
5965 98 1
6446 98 1
6578 98 1
610 98 1
1636 98 1
3663 98 1
4857 98 1
4492 98 1
5316 98 1
1394 98 1
2473 98 1
148 98 1
64 98 1
95 98 1
1967 98 1
748 98 1
3363 98 1
3624 98 1
222 98 1
963 98 1
6369 98 1
6287 98 1
4693 98 1
2695 98 1
5468 98 1
1334 98 1
4381 98 1
4110 98 1
4954 98 1
3111 98 1
6444 98 1
3779 98 1
4544 98 1
6389 98 1
3850 98 1
2405 98 1
6532 98 1
3226 98 1
4495 98 1
5283 98 1
6338 98 1
1064 98 1
301 98 1
1969 98 1
390 98 1
5320 98 1
1612 98 1
4957 98 1
6247 98 1
668 98 1
5494 98 1
6190 98 1
5570 98 1
2816 98 1
4139 98 1
6532 98 1
1842 98 1
5896 98 1
768 98 1
965 98 1
5253 98 1
2801 98 1
3096 98 1
5227 98 1
1172 98 1
1879 98 1
5060 98 1
4907 98 1
6059 98 1
6040 98 1
5730 98 1
1992 98 1
1832 98 1
1492 98 1
2802 98 1
6731 98 1
4762 98 1
2666 98 1
4413 98 1
5716 98 1
4321 98 1
3291 98 1
16 98 1
2899 98 1
6695 98 1
4051 98 1
3770 98 1
4881 98 1
1125 98 1
3524 98 1
3947 98 1
5323 98 1
5143 98 1
2578 99 1
554 99 1
2363 99 1
1809 99 1
963 99 1
3521 99 1
3461 99 1
3023 99 1
5148 99 1
2727 99 1
4658 99 1
398 99 1
818 99 1
1205 99 1
5060 99 1
3806 99 1
3661 99 1
3953 99 1
1839 99 1
5092 99 1
5079 99 1
2427 99 1
4883 99 1
5903 99 1
4562 99 1
3207 99 1
1692 99 1
1241 99 1
5471 99 1
1079 99 1
6789 99 1
4586 99 1
2744 99 1
5942 99 1
1693 99 1
66 99 1
4409 99 1
1110 99 1
2991 99 1
4529 99 1
3245 99 1
2806 99 1
3664 99 1
1422 99 1
1274 99 1
1437 99 1
1257 99 1
244 99 1
904 99 1
763 99 1
2406 99 1
208 99 1
5124 99 1
4123 99 1
1358 99 1
5597 99 1
5429 99 1
1382 99 1
3376 99 1
4535 99 1
5895 99 1
5125 99 1
5046 99 1
4719 99 1
110 99 1
1761 99 1
354 99 1
710 99 1
3751 99 1
1250 99 1
2311 99 1
3052 99 1
1561 99 1
3469 99 1
1624 99 1
3664 99 1
334 99 1
2889 99 1
5255 99 1
1729 99 1
3696 99 1
4808 99 1
159 99 1
3882 99 1
4523 99 1
1381 99 1
1378 99 1
4269 99 1
5360 99 1
1031 99 1
4676 99 1
180 99 1
5270 99 1
4503 99 1
2503 99 1
3706 99 1
3843 99 1
4480 99 1
5505 99 1
1155 99 1
2002 99 1
3577 99 1
5884 99 1
5135 99 1
4617 99 1
3567 99 1
4632 99 1
3211 99 1
5599 99 1
6221 99 1
5834 99 1
6035 99 1
2435 99 1
2785 99 1
4730 99 1
6569 99 1
6594 99 1
4298 99 1
4077 99 1
3506 99 1
5733 99 1
4846 99 1
4501 99 1
2750 99 1
6772 99 1
4209 99 1
617 99 1
202 99 1
5900 99 1
2247 99 1
2457 99 1
635 99 1
1696 99 1
1718 99 1
2365 99 1
2827 99 1
6365 99 1
5939 99 1
350 99 1
1715 99 1
1035 99 1
3964 99 1
809 99 1
4590 99 1
4380 99 1
530 99 1
2692 99 1
6277 99 1
3199 99 1
1979 99 1
3207 99 1
5827 99 1
2733 99 1
6712 99 1
4337 99 1
4706 99 1
5418 99 1
5808 99 1
1509 99 1
245 99 1
1765 99 1
1341 99 1
784 99 1
1853 99 1
3712 99 1
3914 99 1
6458 99 1
1843 99 1
1142 99 1
2826 99 1
6657 99 1
2658 99 1
1436 99 1
1430 99 1
1957 99 1
4788 99 1
3246 99 1
2066 99 1
342 99 1
6388 99 1
2181 99 1
6300 99 1
236 99 1
3153 99 1
114 99 1
4130 99 1
2695 99 1
2667 99 1
1615 99 1
2654 99 1
5531 99 1
6715 99 1
2011 99 1
4210 99 1
3252 99 1
2422 99 1
6716 99 1
584 99 1
936 99 1
1525 99 1
3826 99 1
4481 99 1
4846 99 1
189 99 1
2238 99 1
6496 99 1
5232 99 1
615 99 1
2655 99 1
6709 99 1
1332 100 1
2409 100 1
6487 100 1
4053 100 1
1802 100 1
3581 100 1
4248 100 1
4781 100 1
3 100 1
259 100 1
4247 100 1
3848 100 1
2663 100 1
5399 100 1
6255 100 1
1941 100 1
3193 100 1
5520 100 1
753 100 1
5229 100 1
6061 100 1
2715 100 1
2144 100 1
1588 100 1
4818 100 1
2370 100 1
1585 100 1
417 100 1
6773 100 1
584 100 1
3690 100 1
4762 100 1
5437 100 1
3587 100 1
4990 100 1
5257 100 1
1033 100 1
375 100 1
1576 100 1
4833 100 1
2797 100 1
2047 100 1
3880 100 1
5154 100 1
6093 100 1
5853 100 1
6650 100 1
202 100 1
6018 100 1
4430 100 1
5368 100 1
3999 100 1
3115 100 1
1551 100 1
2433 100 1
5821 100 1
1678 100 1
5394 100 1
2480 100 1
2506 100 1
1984 100 1
4137 100 1
3614 100 1
2993 100 1
2489 100 1
3838 100 1
3938 100 1
6483 100 1
1780 100 1
3170 100 1
3923 100 1
708 100 1
5434 100 1
817 100 1
193 100 1
4757 100 1
6003 100 1
836 100 1
5966 100 1
5454 100 1
4081 100 1
1075 100 1
4904 100 1
2457 100 1
914 100 1
235 100 1
3786 100 1
6246 100 1
1488 100 1
6223 100 1
6404 100 1
378 100 1
1797 100 1
5696 100 1
692 100 1
4044 100 1
299 100 1
4074 100 1
2164 100 1
4663 100 1
4986 100 1
1498 100 1
2861 100 1
83 100 1
4428 100 1
4094 100 1
1056 100 1
3498 100 1
3896 100 1
1921 100 1
4219 100 1
5604 100 1
5809 100 1
1184 100 1
6172 100 1
5297 100 1
1892 100 1
2442 100 1
4051 100 1
4352 100 1
2096 100 1
972 100 1
2711 100 1
3636 100 1
3327 100 1
6779 100 1
494 100 1
5099 100 1
4068 100 1
5101 100 1
547 100 1
4719 100 1
249 100 1
3570 100 1
6747 100 1
794 100 1
1317 100 1
2623 100 1
6187 100 1
631 100 1
589 100 1
4440 100 1
3447 100 1
1990 100 1
5301 100 1
3237 100 1
5236 100 1
6596 100 1
2710 100 1
1689 100 1
2641 100 1
1258 100 1
1581 100 1
1237 100 1
1721 100 1
1816 100 1
5120 100 1
3800 100 1
6594 100 1
4964 100 1
5971 100 1
558 100 1
1073 100 1
1152 100 1
1422 100 1
2804 100 1
4944 100 1
5116 100 1
22 100 1
1718 100 1
1035 100 1
3729 100 1
4696 100 1
3275 100 1
5696 100 1
1320 100 1
133 100 1
1161 100 1
6761 100 1
304 100 1
3879 100 1
3684 100 1
4897 100 1
1385 100 1
4286 100 1
6004 100 1
3019 100 1
4037 100 1
448 100 1
29 100 1
748 100 1
883 100 1
3507 100 1
1091 100 1
2949 100 1
6656 100 1
6356 100 1
6202 100 1
4753 100 1
311 100 1
2748 100 1
6111 100 1
4619 100 1
6063 100 1
3849 100 1
4428 100 1
3088 100 1
2812 100 1
5994 100 1
4587 100 1
158 101 1
1027 101 1
3104 101 1
1400 101 1
1770 101 1
6276 101 1
4060 101 1
205 101 1
2173 101 1
1368 101 1
919 101 1
5983 101 1
3881 101 1
6455 101 1
1781 101 1
4475 101 1
3856 101 1
5217 101 1
6191 101 1
1658 101 1
3688 101 1
2968 101 1
6077 101 1
4281 101 1
1231 101 1
1567 101 1
1809 101 1
1807 101 1
6243 101 1
2693 101 1
6174 101 1
5033 101 1
891 101 1
1041 101 1
6621 101 1
3828 101 1
6248 101 1
6609 101 1
5352 101 1
1430 101 1
822 101 1
1174 101 1
268 101 1
1187 101 1
6004 101 1
3249 101 1
4341 101 1
2674 101 1
770 101 1
3045 101 1
5537 101 1
433 101 1
5516 101 1
5183 101 1
3738 101 1
778 101 1
6417 101 1
1912 101 1
6598 101 1
49 101 1
3964 101 1
6096 101 1
5790 101 1
1442 101 1
5634 101 1
4626 101 1
907 101 1
1774 101 1
3302 101 1
224 101 1
2980 101 1
4689 101 1
6445 101 1
6230 101 1
999 101 1
4183 101 1
700 101 1
3995 101 1
5820 101 1
4092 101 1
6479 101 1
5618 101 1
5532 101 1
1974 101 1
3030 101 1
4884 101 1
2511 101 1
2382 101 1
930 101 1
1353 101 1
3638 101 1
5060 101 1
2947 101 1
1912 101 1
1360 101 1
865 101 1
6465 101 1
1507 101 1
6490 101 1
3091 101 1
6178 101 1
3227 101 1
4272 101 1
1482 101 1
5479 101 1
1844 101 1
3594 101 1
2317 101 1
2605 101 1
2889 101 1
3678 101 1
4175 101 1
155 101 1
3432 101 1
2291 101 1
3076 101 1
1484 101 1
1328 101 1
4023 101 1
2942 101 1
1314 101 1
4079 101 1
5783 101 1
2735 101 1
2646 101 1
2069 101 1
3439 101 1
4650 101 1
4644 101 1
3898 101 1
1242 101 1
3199 101 1
2380 101 1
6464 101 1
4033 101 1
4828 101 1
1276 101 1
813 101 1
501 101 1
4463 101 1
1296 101 1
438 101 1
2906 101 1
5551 101 1
2208 101 1
5439 101 1
6330 101 1
5161 101 1
6626 101 1
4917 101 1
6062 101 1
1359 101 1
4253 101 1
3709 101 1
2740 101 1
814 101 1
3968 101 1
4009 101 1
6209 101 1
3635 101 1
209 101 1
3430 101 1
5617 101 1
4025 101 1
4945 101 1
198 101 1
2163 101 1
5041 101 1
2328 101 1
1754 101 1
3693 101 1
1093 101 1
5133 101 1
3322 101 1
1099 101 1
4789 101 1
2507 101 1
3165 101 1
1112 101 1
6210 101 1
5061 101 1
321 101 1
1292 101 1
2945 101 1
106 101 1
4515 101 1
6312 101 1
5270 101 1
3847 101 1
6633 101 1
6299 101 1
3103 101 1
3538 101 1
5387 101 1
2165 101 1
1350 101 1
4461 101 1
1369 101 1
201 101 1
3862 101 1
4836 101 1
1522 101 1
4023 101 1
1495 101 1
5302 101 1
6710 101 1
5539 101 1
6369 101 1
992 101 1
4269 101 1
1267 102 1
3749 102 1
1396 102 1
2355 102 1
3955 102 1
4187 102 1
619 102 1
1728 102 1
6633 102 1
1899 102 1
4500 102 1
1817 102 1
2712 102 1
610 102 1
5938 102 1
6784 102 1
4756 102 1
5252 102 1
88 102 1
5893 102 1
528 102 1
1454 102 1
864 102 1
6392 102 1
5336 102 1
3170 102 1
3302 102 1
4928 102 1
1258 102 1
5131 102 1
3444 102 1
3051 102 1
347 102 1
2291 102 1
6086 102 1
3131 102 1
5444 102 1
6342 102 1
2748 102 1
2388 102 1
2648 102 1
515 102 1
1696 102 1
473 102 1
4081 102 1
2289 102 1
5572 102 1
6170 102 1
5771 102 1
3343 102 1
1858 102 1
5761 102 1
5329 102 1
769 102 1
6104 102 1
736 102 1
5235 102 1
1605 102 1
4247 102 1
6635 102 1
5747 102 1
1702 102 1
6693 102 1
6434 102 1
4399 102 1
366 102 1
2584 102 1
6398 102 1
2965 102 1
4511 102 1
395 102 1
99 102 1
2420 102 1
3119 102 1
290 102 1
311 102 1
4416 102 1
1492 102 1
4741 102 1
5569 102 1
4858 102 1
4230 102 1
1938 102 1
5191 102 1
2673 102 1
6734 102 1
4998 102 1
4785 102 1
3459 102 1
2763 102 1
1347 102 1
386 102 1
5066 102 1
1676 102 1
1209 102 1
6748 102 1
4817 102 1
5383 102 1
3699 102 1
3036 102 1
3297 102 1
1967 102 1
5875 102 1
3690 102 1
1622 102 1
5109 102 1
1686 102 1
3300 102 1
5872 102 1
5332 102 1
2982 102 1
6684 102 1
4758 102 1
88 102 1
4845 102 1
3533 102 1
5175 102 1
6169 102 1
5290 102 1
1089 102 1
3016 102 1
6463 102 1
5486 102 1
2631 102 1
3484 102 1
637 102 1
6074 102 1
3393 102 1
5895 102 1
4950 102 1
1843 102 1
6152 102 1
1778 102 1
986 102 1
5232 102 1
6496 102 1
5286 102 1
4744 102 1
5543 102 1
6084 102 1
5796 102 1
5462 102 1
2192 102 1
2100 102 1
6301 102 1
436 102 1
4945 102 1
1160 102 1
4730 102 1
3103 102 1
4651 102 1
1522 102 1
2665 102 1
2497 102 1
5636 102 1
6755 102 1
4270 102 1
3398 102 1
4378 102 1
633 102 1
4098 102 1
576 102 1
5445 102 1
4038 102 1
3783 102 1
4569 102 1
2953 102 1
5619 102 1
2400 102 1
2038 102 1
4589 102 1
5464 102 1
1426 102 1
1417 102 1
5929 102 1
5355 102 1
2844 102 1
6252 102 1
6638 102 1
0 102 1
2150 102 1
5146 102 1
2309 102 1
1369 102 1
2254 102 1
6525 102 1
2207 102 1
6256 102 1
4942 102 1
3938 102 1
4039 102 1
4375 102 1
6772 102 1
3452 102 1
1831 102 1
1491 102 1
6011 102 1
5082 102 1
1566 102 1
2385 102 1
4178 102 1
6075 102 1
5091 102 1
966 102 1
3826 102 1
4049 102 1
5972 102 1
6740 102 1
524 102 1
1643 102 1
4321 103 1
2892 103 1
492 103 1
3932 103 1
2831 103 1
3912 103 1
5690 103 1
3413 103 1
5266 103 1
2490 103 1
5559 103 1
248 103 1
5739 103 1
2349 103 1
6347 103 1
6490 103 1
4281 103 1
6271 103 1
3497 103 1
2798 103 1
264 103 1
3052 103 1
1300 103 1
1432 103 1
3228 103 1
3120 103 1
4847 103 1
4469 103 1
3428 103 1
348 103 1
245 103 1
3756 103 1
5250 103 1
836 103 1
5035 103 1
5139 103 1
5873 103 1
1021 103 1
4378 103 1
1185 103 1
1841 103 1
5144 103 1
2707 103 1
1679 103 1
82 103 1
4254 103 1
1925 103 1
4476 103 1
4552 103 1
3855 103 1
5355 103 1
1665 103 1
2737 103 1
6388 103 1
4763 103 1
4898 103 1
6335 103 1
5774 103 1
1003 103 1
6004 103 1
3968 103 1
3115 103 1
2385 103 1
645 103 1
5776 103 1
1362 103 1
6125 103 1
4705 103 1
677 103 1
3428 103 1
3330 103 1
1365 103 1
1169 103 1
5136 103 1
2998 103 1
3995 103 1
6523 103 1
4341 103 1
4510 103 1
1794 103 1
5518 103 1
855 103 1
5473 103 1
452 103 1
2799 103 1
675 103 1
1429 103 1
2549 103 1
1461 103 1
810 103 1
1603 103 1
1453 103 1
1783 103 1
5800 103 1
1000 103 1
4299 103 1
4929 103 1
2623 103 1
5759 103 1
5000 103 1
3496 103 1
6363 103 1
4107 103 1
102 103 1
5929 103 1
5498 103 1
3133 103 1
2162 103 1
1568 103 1
498 103 1
3018 103 1
6780 103 1
433 103 1
6642 103 1
6154 103 1
4948 103 1
712 103 1
3154 103 1
5261 103 1
5822 103 1
5495 103 1
2026 103 1
6187 103 1
4415 103 1
4318 103 1
1125 103 1
1828 103 1
3855 103 1
3709 103 1
3019 103 1
2914 103 1
5634 103 1
6527 103 1
2583 103 1
6032 103 1
4141 103 1
6388 103 1
6495 103 1
5054 103 1
37 103 1
3947 103 1
5742 103 1
1879 103 1
4689 103 1
1353 103 1
2484 103 1
2886 103 1
2325 103 1
6224 103 1
2638 103 1
6125 103 1
2349 103 1
885 103 1
215 103 1
4565 103 1
3030 103 1
4899 103 1
893 103 1
2204 103 1
5510 103 1
2957 103 1
2504 103 1
5823 103 1
109 103 1
3457 103 1
308 103 1
2858 103 1
4875 103 1
4645 103 1
3985 103 1
5320 103 1
6173 103 1
1447 103 1
5388 103 1
5799 103 1
6707 103 1
4609 103 1
5281 103 1
606 103 1
5263 103 1
3824 103 1
6121 103 1
2158 103 1
4226 103 1
3591 103 1
6479 103 1
1255 103 1
4915 103 1
4789 103 1
5290 103 1
4235 103 1
628 103 1
3800 103 1
5521 103 1
466 103 1
4138 103 1
5569 103 1
2022 103 1
3238 103 1
1098 103 1
2682 103 1
6746 103 1
1748 103 1
620 103 1
1458 103 1
102 103 1
5013 103 1
5218 103 1
6338 103 1
5555 103 1
5433 104 1
5028 104 1
4912 104 1
4302 104 1
173 104 1
342 104 1
3166 104 1
5710 104 1
1881 104 1
3980 104 1
6443 104 1
5641 104 1
2508 104 1
3966 104 1
644 104 1
1058 104 1
2531 104 1
4143 104 1
6080 104 1
2669 104 1
5483 104 1
5004 104 1
3502 104 1
5439 104 1
1788 104 1
3993 104 1
3085 104 1
2845 104 1
2574 104 1
4014 104 1
5437 104 1
6704 104 1
1610 104 1
2692 104 1
3038 104 1
890 104 1
6724 104 1
6660 104 1
3105 104 1
4283 104 1
4014 104 1
6558 104 1
965 104 1
467 104 1
2953 104 1
6457 104 1
2817 104 1
2595 104 1
3081 104 1
5050 104 1
6407 104 1
35 104 1
4769 104 1
5057 104 1
3598 104 1
4947 104 1
4433 104 1
3908 104 1
532 104 1
2101 104 1
4416 104 1
981 104 1
6742 104 1
672 104 1
154 104 1
3512 104 1
6359 104 1
210 104 1
2599 104 1
5236 104 1
375 104 1
5064 104 1
5849 104 1
3957 104 1
4224 104 1
1935 104 1
1778 104 1
1586 104 1
3845 104 1
6385 104 1
4744 104 1
1146 104 1
4381 104 1
3274 104 1
4491 104 1
6019 104 1
6467 104 1
2678 104 1
3137 104 1
381 104 1
3627 104 1
5383 104 1
1946 104 1
2042 104 1
138 104 1
1790 104 1
5644 104 1
5764 104 1
5474 104 1
2415 104 1
6024 104 1
4799 104 1
3429 104 1
379 104 1
1594 104 1
836 104 1
439 104 1
2910 104 1
3523 104 1
3066 104 1
6270 104 1
846 104 1
3773 104 1
4376 104 1
1200 104 1
221 104 1
502 104 1
3104 104 1
6408 104 1
1737 104 1
1944 104 1
4126 104 1
4694 104 1
3631 104 1
2477 104 1
5674 104 1
75 104 1
3988 104 1
4912 104 1
6062 104 1
5718 104 1
3263 104 1
4083 104 1
2121 104 1
6572 104 1
4835 104 1
5735 104 1
2212 104 1
4740 104 1
2725 104 1
768 104 1
658 104 1
5217 104 1
904 104 1
2673 104 1
3056 104 1
5308 104 1
1659 104 1
1287 104 1
3426 104 1
471 104 1
5379 104 1
1245 104 1
4140 104 1
6323 104 1
3794 104 1
1961 104 1
5214 104 1
6219 104 1
2473 104 1
3942 104 1
2948 104 1
569 104 1
4496 104 1
4639 104 1
4739 104 1
5669 104 1
6488 104 1
4159 104 1
2766 104 1
4468 104 1
4224 104 1
5437 104 1
2409 104 1
349 104 1
1380 104 1
5898 104 1
6614 104 1
5607 104 1
6226 104 1
187 104 1
2762 104 1
5289 104 1
5348 104 1
2704 104 1
1136 104 1
3751 104 1
4169 104 1
1104 104 1
5945 104 1
6318 104 1
3377 104 1
3429 104 1
4964 104 1
2033 104 1
6192 104 1
1054 104 1
5783 104 1
5475 104 1
615 104 1
1055 104 1
5494 104 1
3937 104 1
3889 104 1
2536 104 1
2280 104 1
5609 104 1
4921 104 1
5305 104 1
2813 104 1
6570 105 1
6111 105 1
5162 105 1
5277 105 1
816 105 1
3755 105 1
2277 105 1
2314 105 1
4109 105 1
3800 105 1
3798 105 1
6159 105 1
2748 105 1
5587 105 1
3502 105 1
6099 105 1
527 105 1
2840 105 1
6128 105 1
648 105 1
3216 105 1
3469 105 1
4699 105 1
6694 105 1
624 105 1
4660 105 1
4749 105 1
3865 105 1
104 105 1
1501 105 1
6242 105 1
1237 105 1
2196 105 1
3188 105 1
3062 105 1
3344 105 1
98 105 1
5472 105 1
4838 105 1
6025 105 1
6011 105 1
6318 105 1
5460 105 1
3152 105 1
5851 105 1
2567 105 1
3240 105 1
3705 105 1
4425 105 1
2320 105 1
5536 105 1
988 105 1
1199 105 1
2581 105 1
4243 105 1
707 105 1
5840 105 1
5941 105 1
2000 105 1
5478 105 1
5511 105 1
2263 105 1
1488 105 1
1854 105 1
4557 105 1
1790 105 1
3392 105 1
2368 105 1
2958 105 1
1799 105 1
836 105 1
2123 105 1
6064 105 1
3470 105 1
6308 105 1
47 105 1
5718 105 1
935 105 1
2298 105 1
1 105 1
1264 105 1
3739 105 1
4848 105 1
5996 105 1
6196 105 1
1413 105 1
1392 105 1
4779 105 1
71 105 1
6163 105 1
2807 105 1
4861 105 1
5738 105 1
825 105 1
175 105 1
3740 105 1
6612 105 1
5343 105 1
4102 105 1
424 105 1
1310 105 1
748 105 1
3242 105 1
2804 105 1
3265 105 1
3638 105 1
4070 105 1
3181 105 1
3765 105 1
4307 105 1
5818 105 1
4263 105 1
6513 105 1
906 105 1
757 105 1
5153 105 1
505 105 1
6715 105 1
5358 105 1
5580 105 1
5819 105 1
5704 105 1
391 105 1
2091 105 1
93 105 1
3626 105 1
4741 105 1
3251 105 1
4947 105 1
4123 105 1
5585 105 1
1182 105 1
1974 105 1
5311 105 1
4580 105 1
1495 105 1
6456 105 1
404 105 1
3179 105 1
3019 105 1
809 105 1
4430 105 1
3846 105 1
1247 105 1
4954 105 1
1892 105 1
699 105 1
4202 105 1
3694 105 1
4910 105 1
174 105 1
374 105 1
5413 105 1
4010 105 1
2540 105 1
2432 105 1
5704 105 1
1337 105 1
4609 105 1
6283 105 1
1577 105 1
3225 105 1
6435 105 1
3330 105 1
1621 105 1
1068 105 1
5555 105 1
155 105 1
5 105 1
4709 105 1
1719 105 1
1924 105 1
6322 105 1
4773 105 1
5737 105 1
2982 105 1
4123 105 1
5840 105 1
4409 105 1
3578 105 1
46 105 1
6297 105 1
3342 105 1
304 105 1
1373 105 1
879 105 1
4437 105 1
3414 105 1
4468 105 1
4643 105 1
6156 105 1
628 105 1
4538 105 1
267 105 1
4060 105 1
1064 105 1
4826 105 1
308 105 1
4608 105 1
2822 105 1
6223 105 1
5745 105 1
75 105 1
1767 105 1
6004 105 1
864 105 1
5615 105 1
3139 105 1
4495 105 1
3543 105 1
4314 106 1
3321 106 1
5165 106 1
116 106 1
6395 106 1
5227 106 1
2097 106 1
649 106 1
1413 106 1
328 106 1
364 106 1
216 106 1
6613 106 1
3023 106 1
5059 106 1
5757 106 1
167 106 1
4928 106 1
5299 106 1
5085 106 1
4685 106 1
4391 106 1
3948 106 1
720 106 1
5630 106 1
3371 106 1
3934 106 1
2661 106 1
724 106 1
2814 106 1
3858 106 1
3645 106 1
2265 106 1
2652 106 1
1395 106 1
6470 106 1
3214 106 1
5233 106 1
4650 106 1
4188 106 1
3751 106 1
187 106 1
3055 106 1
5366 106 1
2044 106 1
2661 106 1
5929 106 1
4987 106 1
2583 106 1
6690 106 1
4680 106 1
3013 106 1
210 106 1
943 106 1
1303 106 1
1791 106 1
4212 106 1
4534 106 1
2555 106 1
4556 106 1
5073 106 1
2040 106 1
3569 106 1
1270 106 1
2662 106 1
4970 106 1
2456 106 1
5885 106 1
5340 106 1
5656 106 1
672 106 1
5396 106 1
2374 106 1
2783 106 1
4457 106 1
1840 106 1
5139 106 1
6660 106 1
2282 106 1
4014 106 1
6428 106 1
5112 106 1
4796 106 1
3672 106 1
5436 106 1
217 106 1
3045 106 1
14 106 1
5440 106 1
1797 106 1
4662 106 1
2414 106 1
1193 106 1
5891 106 1
2696 106 1
6199 106 1
2574 106 1
4064 106 1
1382 106 1
3584 106 1
6517 106 1
5383 106 1
1688 106 1
3179 106 1
4374 106 1
3904 106 1
5671 106 1
1510 106 1
1836 106 1
3709 106 1
4943 106 1
402 106 1
6662 106 1
5988 106 1
624 106 1
5982 106 1
716 106 1
444 106 1
2943 106 1
5931 106 1
3124 106 1
3185 106 1
5709 106 1
4613 106 1
2784 106 1
4996 106 1
679 106 1
4597 106 1
4728 106 1
5134 106 1
214 106 1
4915 106 1
3138 106 1
5809 106 1
77 106 1
1925 106 1
4209 106 1
4813 106 1
2905 106 1
1257 106 1
2964 106 1
4808 106 1
253 106 1
3760 106 1
1440 106 1
68 106 1
4431 106 1
1782 106 1
6665 106 1
492 106 1
841 106 1
891 106 1
5122 106 1
1935 106 1
5 106 1
3269 106 1
1921 106 1
506 106 1
2486 106 1
471 106 1
5012 106 1
309 106 1
3685 106 1
4390 106 1
1227 106 1
6510 106 1
3512 106 1
4349 106 1
3925 106 1
1432 106 1
5427 106 1
4366 106 1
4337 106 1
1150 106 1
309 106 1
1589 106 1
3861 106 1
1050 106 1
6542 106 1
81 106 1
323 106 1
4766 106 1
6427 106 1
5945 106 1
4897 106 1
3066 106 1
1122 106 1
5794 106 1
3647 106 1
6332 106 1
2623 106 1
6788 106 1
5062 106 1
3457 106 1
930 106 1
5715 106 1
763 106 1
5573 106 1
4640 106 1
2991 106 1
4430 106 1
2724 106 1
4748 106 1
4981 106 1
381 106 1
5049 106 1
5146 106 1
2911 106 1
5772 106 1
2074 106 1
5148 107 1
1498 107 1
1400 107 1
2789 107 1
1605 107 1
131 107 1
3290 107 1
583 107 1
4948 107 1
1356 107 1
1452 107 1
1187 107 1
2650 107 1
4494 107 1
4463 107 1
3224 107 1
6697 107 1
1919 107 1
3342 107 1
1091 107 1
2748 107 1
3517 107 1
5791 107 1
4456 107 1
6120 107 1
241 107 1
4842 107 1
2512 107 1
5855 107 1
4526 107 1
1938 107 1
793 107 1
2936 107 1
3593 107 1
5572 107 1
3337 107 1
601 107 1
4711 107 1
5349 107 1
2607 107 1
1463 107 1
6204 107 1
4284 107 1
6170 107 1
4957 107 1
1607 107 1
5024 107 1
2546 107 1
2854 107 1
2507 107 1
3084 107 1
4813 107 1
1720 107 1
3064 107 1
1981 107 1
5754 107 1
1007 107 1
885 107 1
4404 107 1
3748 107 1
2181 107 1
756 107 1
5404 107 1
2982 107 1
3811 107 1
6200 107 1
4325 107 1
3119 107 1
5579 107 1
1436 107 1
3105 107 1
2403 107 1
3961 107 1
2455 107 1
6637 107 1
2415 107 1
6738 107 1
1832 107 1
2268 107 1
5636 107 1
550 107 1
50 107 1
2276 107 1
4624 107 1
5355 107 1
2023 107 1
421 107 1
4814 107 1
3223 107 1
4824 107 1
332 107 1
4747 107 1
1714 107 1
5395 107 1
2083 107 1
4866 107 1
1997 107 1
4417 107 1
4649 107 1
2673 107 1
6430 107 1
1605 107 1
4156 107 1
5742 107 1
960 107 1
1547 107 1
4905 107 1
3185 107 1
6482 107 1
5378 107 1
3834 107 1
4810 107 1
6660 107 1
5779 107 1
641 107 1
304 107 1
5298 107 1
1965 107 1
390 107 1
238 107 1
4794 107 1
5528 107 1
3770 107 1
5238 107 1
875 107 1
6112 107 1
2368 107 1
6333 107 1
2222 107 1
3234 107 1
731 107 1
1092 107 1
4901 107 1
4879 107 1
4887 107 1
1383 107 1
3134 107 1
5662 107 1
2246 107 1
4183 107 1
4673 107 1
1675 107 1
6775 107 1
3142 107 1
1079 107 1
5931 107 1
221 107 1
4662 107 1
1614 107 1
6446 107 1
6191 107 1
3663 107 1
3009 107 1
5491 107 1
4094 107 1
6729 107 1
220 107 1
3959 107 1
4751 107 1
4777 107 1
4074 107 1
4937 107 1
6636 107 1
3575 107 1
4665 107 1
805 107 1
3460 107 1
5096 107 1
3856 107 1
5435 107 1
2123 107 1
1349 107 1
1634 107 1
2579 107 1
5480 107 1
2604 107 1
5131 107 1
1865 107 1
4729 107 1
5325 107 1
6734 107 1
2372 107 1
5386 107 1
412 107 1
4152 107 1
5959 107 1
1462 107 1
2648 107 1
753 107 1
608 107 1
5757 107 1
2982 107 1
3378 107 1
3337 107 1
3251 107 1
3281 107 1
3680 107 1
995 107 1
6227 107 1
971 107 1
4398 107 1
3222 107 1
1390 107 1
319 107 1
623 107 1
937 107 1
5186 107 1
5166 107 1
495 107 1
1586 107 1
3388 108 1
5094 108 1
4550 108 1
1480 108 1
359 108 1
4030 108 1
551 108 1
6126 108 1
1182 108 1
3285 108 1
3951 108 1
4368 108 1
4074 108 1
5067 108 1
4881 108 1
2093 108 1
698 108 1
857 108 1
882 108 1
5488 108 1
4087 108 1
42 108 1
3106 108 1
449 108 1
6096 108 1
981 108 1
6770 108 1
2300 108 1
3091 108 1
5676 108 1
4350 108 1
3036 108 1
2786 108 1
1014 108 1
1062 108 1
6355 108 1
4940 108 1
4127 108 1
3026 108 1
5784 108 1
1863 108 1
5918 108 1
6294 108 1
5712 108 1
2624 108 1
5427 108 1
2360 108 1
2286 108 1
294 108 1
1064 108 1
5287 108 1
1506 108 1
6050 108 1
6028 108 1
3314 108 1
2747 108 1
5432 108 1
6762 108 1
3729 108 1
1523 108 1
733 108 1
1618 108 1
5740 108 1
2774 108 1
5053 108 1
2052 108 1
3792 108 1
2665 108 1
6182 108 1
157 108 1
2813 108 1
3938 108 1
4516 108 1
4378 108 1
463 108 1
1566 108 1
5216 108 1
2439 108 1
2700 108 1
5445 108 1
3126 108 1
2110 108 1
3867 108 1
1622 108 1
1968 108 1
1934 108 1
3115 108 1
832 108 1
5842 108 1
3714 108 1
4650 108 1
1593 108 1
1887 108 1
3057 108 1
4104 108 1
4543 108 1
3413 108 1
6247 108 1
173 108 1
6246 108 1
1506 108 1
5571 108 1
5869 108 1
3268 108 1
5527 108 1
802 108 1
6195 108 1
4174 108 1
3310 108 1
1651 108 1
5743 108 1
6423 108 1
3418 108 1
4630 108 1
2907 108 1
5132 108 1
1657 108 1
6709 108 1
457 108 1
2376 108 1
1607 108 1
498 108 1
5304 108 1
622 108 1
1404 108 1
3252 108 1
2119 108 1
1752 108 1
910 108 1
2479 108 1
1304 108 1
5761 108 1
4863 108 1
6199 108 1
2738 108 1
6134 108 1
534 108 1
4576 108 1
5107 108 1
6079 108 1
5016 108 1
1789 108 1
915 108 1
624 108 1
2519 108 1
4565 108 1
6773 108 1
6047 108 1
2381 108 1
1953 108 1
419 108 1
2088 108 1
4963 108 1
638 108 1
4785 108 1
4840 108 1
3504 108 1
2785 108 1
5776 108 1
220 108 1
1925 108 1
5127 108 1
6666 108 1
4142 108 1
5351 108 1
5943 108 1
3472 108 1
5109 108 1
6721 108 1
2565 108 1
4832 108 1
3322 108 1
4844 108 1
2340 108 1
3951 108 1
5025 108 1
6449 108 1
3038 108 1
808 108 1
578 108 1
2708 108 1
2900 108 1
1453 108 1
4696 108 1
3305 108 1
3874 108 1
2267 108 1
6141 108 1
5471 108 1
3241 108 1
2482 108 1
3806 108 1
6557 108 1
3152 108 1
1041 108 1
5860 108 1
4889 108 1
5696 108 1
286 108 1
139 108 1
4191 108 1
5361 108 1
2774 108 1
5438 108 1
3779 108 1
4305 108 1
1493 108 1
3620 108 1
3288 108 1
6267 108 1
6694 109 1
5560 109 1
3413 109 1
3050 109 1
5425 109 1
986 109 1
3627 109 1
184 109 1
528 109 1
6446 109 1
3406 109 1
358 109 1
2611 109 1
5239 109 1
4176 109 1
5303 109 1
65 109 1
5797 109 1
1076 109 1
3496 109 1
5565 109 1
1919 109 1
1724 109 1
81 109 1
305 109 1
1165 109 1
2989 109 1
5918 109 1
4706 109 1
5544 109 1
1908 109 1
4544 109 1
5168 109 1
3162 109 1
5060 109 1
2806 109 1
6274 109 1
3335 109 1
6403 109 1
2263 109 1
6354 109 1
3959 109 1
1014 109 1
5713 109 1
1615 109 1
6675 109 1
3570 109 1
3669 109 1
4710 109 1
297 109 1
54 109 1
2126 109 1
831 109 1
1539 109 1
6274 109 1
3303 109 1
5143 109 1
2837 109 1
4852 109 1
4386 109 1
4450 109 1
3154 109 1
4480 109 1
3902 109 1
2936 109 1
6097 109 1
3237 109 1
3616 109 1
6365 109 1
5225 109 1
6393 109 1
3007 109 1
328 109 1
6763 109 1
2708 109 1
102 109 1
417 109 1
1302 109 1
1546 109 1
4834 109 1
5013 109 1
5527 109 1
1647 109 1
3874 109 1
1078 109 1
5989 109 1
4788 109 1
1767 109 1
5898 109 1
1533 109 1
5529 109 1
5897 109 1
3936 109 1
5883 109 1
5084 109 1
3412 109 1
3999 109 1
6366 109 1
3095 109 1
1825 109 1
1412 109 1
932 109 1
2037 109 1
5186 109 1
2589 109 1
6339 109 1
3978 109 1
5345 109 1
191 109 1
5031 109 1
1662 109 1
2286 109 1
6085 109 1
3991 109 1
884 109 1
1148 109 1
4984 109 1
6738 109 1
256 109 1
3892 109 1
2976 109 1
3802 109 1
512 109 1
2976 109 1
6570 109 1
4483 109 1
5722 109 1
6357 109 1
4938 109 1
3362 109 1
5035 109 1
3483 109 1
3508 109 1
2345 109 1
3511 109 1
331 109 1
4787 109 1
4567 109 1
5959 109 1
1191 109 1
79 109 1
1573 109 1
5688 109 1
2366 109 1
6306 109 1
315 109 1
3216 109 1
543 109 1
5706 109 1
3008 109 1
121 109 1
4131 109 1
6426 109 1
449 109 1
4408 109 1
3724 109 1
4938 109 1
991 109 1
859 109 1
3949 109 1
1903 109 1
4239 109 1
934 109 1
6346 109 1
5128 109 1
3260 109 1
1852 109 1
2834 109 1
1758 109 1
1849 109 1
2489 109 1
4483 109 1
406 109 1
3594 109 1
223 109 1
2494 109 1
1960 109 1
6569 109 1
5918 109 1
1515 109 1
1252 109 1
2277 109 1
50 109 1
4518 109 1
4299 109 1
5639 109 1
2500 109 1
2910 109 1
5420 109 1
875 109 1
3059 109 1
1221 109 1
1330 109 1
6328 109 1
4790 109 1
6236 109 1
1171 109 1
1273 109 1
340 109 1
3856 109 1
449 109 1
5551 109 1
340 109 1
3256 109 1
4394 109 1
4420 109 1
1478 109 1
3515 109 1
1708 109 1
3008 109 1
3569 110 1
37 110 1
6646 110 1
5905 110 1
5050 110 1
4181 110 1
4653 110 1
2058 110 1
4415 110 1
5846 110 1
5741 110 1
4983 110 1
1749 110 1
2990 110 1
5025 110 1
1019 110 1
3836 110 1
1996 110 1
2585 110 1
5771 110 1
3694 110 1
4173 110 1
4582 110 1
2827 110 1
2551 110 1
2397 110 1
3710 110 1
4472 110 1
991 110 1
3475 110 1
1926 110 1
3873 110 1
781 110 1
5942 110 1
474 110 1
6001 110 1
3264 110 1
6001 110 1
610 110 1
5911 110 1
2726 110 1
680 110 1
1835 110 1
6162 110 1
6708 110 1
3531 110 1
3620 110 1
4589 110 1
1639 110 1
4047 110 1
1498 110 1
6032 110 1
4501 110 1
5746 110 1
1334 110 1
179 110 1
1417 110 1
2010 110 1
4826 110 1
1041 110 1
1473 110 1
924 110 1
3221 110 1
2408 110 1
2013 110 1
202 110 1
3032 110 1
840 110 1
6290 110 1
6340 110 1
2945 110 1
6164 110 1
5054 110 1
766 110 1
2506 110 1
1613 110 1
4946 110 1
1473 110 1
6587 110 1
6123 110 1
4721 110 1
4956 110 1
3443 110 1
3647 110 1
1215 110 1
1881 110 1
1746 110 1
4979 110 1
2574 110 1
135 110 1
6111 110 1
5016 110 1
3104 110 1
4463 110 1
792 110 1
2701 110 1
4659 110 1
3570 110 1
6558 110 1
5025 110 1
5656 110 1
4070 110 1
3772 110 1
2679 110 1
2931 110 1
2219 110 1
225 110 1
2315 110 1
3353 110 1
6681 110 1
1606 110 1
6519 110 1
2559 110 1
2595 110 1
5324 110 1
1453 110 1
4971 110 1
5998 110 1
1848 110 1
3807 110 1
810 110 1
4501 110 1
1270 110 1
3530 110 1
4688 110 1
6690 110 1
1074 110 1
3941 110 1
4687 110 1
1861 110 1
409 110 1
6716 110 1
500 110 1
2296 110 1
156 110 1
6033 110 1
2760 110 1
3602 110 1
358 110 1
2186 110 1
6774 110 1
1978 110 1
491 110 1
4502 110 1
948 110 1
175 110 1
1452 110 1
5126 110 1
4857 110 1
3867 110 1
6051 110 1
6694 110 1
2058 110 1
656 110 1
1591 110 1
6383 110 1
5802 110 1
665 110 1
4399 110 1
1303 110 1
3701 110 1
3174 110 1
5174 110 1
2781 110 1
4026 110 1
5975 110 1
3256 110 1
4281 110 1
4891 110 1
6121 110 1
3740 110 1
3297 110 1
1941 110 1
4990 110 1
3390 110 1
114 110 1
1230 110 1
972 110 1
6374 110 1
1399 110 1
5065 110 1
1662 110 1
2818 110 1
1946 110 1
2473 110 1
5316 110 1
101 110 1
3148 110 1
6166 110 1
4562 110 1
4875 110 1
608 110 1
1537 110 1
1366 110 1
93 110 1
4542 110 1
6687 110 1
1711 110 1
4082 110 1
3105 110 1
5810 110 1
2014 110 1
868 110 1
3244 110 1
3855 110 1
221 110 1
5407 110 1
5091 110 1
5062 110 1
6198 110 1
2155 111 1
3248 111 1
2640 111 1
2033 111 1
3485 111 1
3263 111 1
3920 111 1
5064 111 1
2017 111 1
897 111 1
6622 111 1
1074 111 1
5847 111 1
4976 111 1
2145 111 1
6147 111 1
2741 111 1
4100 111 1
3227 111 1
3628 111 1
1869 111 1
3012 111 1
5242 111 1
2437 111 1
2298 111 1
3302 111 1
5034 111 1
3278 111 1
5127 111 1
6519 111 1
6232 111 1
2918 111 1
1230 111 1
4828 111 1
2510 111 1
4430 111 1
6405 111 1
6354 111 1
5901 111 1
1190 111 1
6786 111 1
1068 111 1
120 111 1
4317 111 1
1994 111 1
1776 111 1
6290 111 1
1747 111 1
588 111 1
141 111 1
1220 111 1
1902 111 1
502 111 1
5531 111 1
6749 111 1
4055 111 1
1672 111 1
6011 111 1
6217 111 1
6016 111 1
4918 111 1
3777 111 1
242 111 1
4101 111 1
85 111 1
6559 111 1
1631 111 1
796 111 1
3948 111 1
3879 111 1
2974 111 1
5494 111 1
4783 111 1
4326 111 1
3746 111 1
2646 111 1
4559 111 1
4615 111 1
6576 111 1
5130 111 1
3935 111 1
5164 111 1
4724 111 1
2367 111 1
1510 111 1
1945 111 1
4799 111 1
5383 111 1
295 111 1
808 111 1
1119 111 1
4271 111 1
4157 111 1
1901 111 1
2336 111 1
329 111 1
5101 111 1
5189 111 1
5903 111 1
4637 111 1
2091 111 1
6695 111 1
5019 111 1
5234 111 1
3161 111 1
1531 111 1
4113 111 1
4033 111 1
2281 111 1
6667 111 1
6220 111 1
6145 111 1
3636 111 1
5451 111 1
6401 111 1
4651 111 1
1262 111 1
2714 111 1
6450 111 1
1398 111 1
2179 111 1
1678 111 1
4160 111 1
1393 111 1
1766 111 1
845 111 1
4669 111 1
2858 111 1
2508 111 1
3805 111 1
6685 111 1
6203 111 1
5280 111 1
495 111 1
5041 111 1
4913 111 1
2054 111 1
1544 111 1
974 111 1
3388 111 1
110 111 1
442 111 1
3925 111 1
3337 111 1
4558 111 1
599 111 1
1177 111 1
547 111 1
1985 111 1
938 111 1
4095 111 1
5347 111 1
428 111 1
3851 111 1
5769 111 1
2658 111 1
503 111 1
2890 111 1
6 111 1
873 111 1
3634 111 1
3637 111 1
942 111 1
5551 111 1
390 111 1
5374 111 1
1111 111 1
595 111 1
4543 111 1
5959 111 1
3832 111 1
1636 111 1
1079 111 1
2655 111 1
3561 111 1
4685 111 1
2935 111 1
1185 111 1
1856 111 1
3578 111 1
501 111 1
2045 111 1
502 111 1
792 111 1
573 111 1
4119 111 1
1562 111 1
6264 111 1
3111 111 1
443 111 1
3148 111 1
5896 111 1
1528 111 1
703 111 1
6582 111 1
2369 111 1
3130 111 1
6182 111 1
249 111 1
2482 111 1
5716 111 1
602 111 1
3461 111 1
946 111 1
5518 111 1
3594 111 1
5854 111 1
1000 111 1
2784 111 1
4953 111 1
1317 112 1
4817 112 1
3819 112 1
690 112 1
6588 112 1
6597 112 1
958 112 1
6593 112 1
4009 112 1
4056 112 1
2730 112 1
6221 112 1
4971 112 1
3272 112 1
1781 112 1
6553 112 1
1051 112 1
5334 112 1
5071 112 1
4229 112 1
1637 112 1
6081 112 1
5200 112 1
587 112 1
666 112 1
2601 112 1
102 112 1
5715 112 1
107 112 1
1775 112 1
6102 112 1
4928 112 1
4161 112 1
2470 112 1
3938 112 1
3472 112 1
1344 112 1
3263 112 1
6727 112 1
6465 112 1
6766 112 1
6052 112 1
6158 112 1
3674 112 1
2000 112 1
1238 112 1
300 112 1
3588 112 1
5528 112 1
4178 112 1
4867 112 1
349 112 1
1576 112 1
5572 112 1
3463 112 1
996 112 1
6064 112 1
397 112 1
793 112 1
1268 112 1
66 112 1
4895 112 1
2025 112 1
4244 112 1
2400 112 1
5723 112 1
5278 112 1
629 112 1
3841 112 1
1884 112 1
959 112 1
2161 112 1
3938 112 1
3179 112 1
3348 112 1
6158 112 1
2770 112 1
3996 112 1
6199 112 1
4173 112 1
2611 112 1
3665 112 1
4410 112 1
4845 112 1
1874 112 1
2671 112 1
59 112 1
6530 112 1
1391 112 1
185 112 1
3856 112 1
1239 112 1
4426 112 1
2379 112 1
5974 112 1
4286 112 1
600 112 1
3962 112 1
2269 112 1
6366 112 1
2728 112 1
420 112 1
3909 112 1
2616 112 1
3401 112 1
3664 112 1
371 112 1
2060 112 1
3111 112 1
472 112 1
1586 112 1
3338 112 1
4946 112 1
2206 112 1
2179 112 1
106 112 1
6543 112 1
3473 112 1
5019 112 1
5897 112 1
4122 112 1
3782 112 1
6651 112 1
4694 112 1
2328 112 1
3941 112 1
1057 112 1
2190 112 1
3837 112 1
683 112 1
3672 112 1
1208 112 1
6220 112 1
5520 112 1
3129 112 1
3278 112 1
374 112 1
4758 112 1
2095 112 1
3179 112 1
5336 112 1
1206 112 1
4473 112 1
6295 112 1
3313 112 1
4148 112 1
6648 112 1
552 112 1
4009 112 1
4976 112 1
2660 112 1
6581 112 1
2935 112 1
5894 112 1
2929 112 1
71 112 1
3049 112 1
986 112 1
787 112 1
705 112 1
5497 112 1
5271 112 1
6633 112 1
2525 112 1
1402 112 1
2775 112 1
866 112 1
4629 112 1
728 112 1
5135 112 1
778 112 1
5021 112 1
2450 112 1
2383 112 1
5069 112 1
2241 112 1
6339 112 1
4274 112 1
5678 112 1
0 112 1
4293 112 1
3138 112 1
2160 112 1
1501 112 1
5948 112 1
1464 112 1
3839 112 1
386 112 1
1646 112 1
2546 112 1
5566 112 1
5491 112 1
6563 112 1
2066 112 1
1212 112 1
4454 112 1
1818 112 1
342 112 1
631 112 1
4281 112 1
446 112 1
5879 112 1
2727 112 1
5538 112 1
1408 112 1
1252 112 1
3800 112 1
3838 112 1
6663 112 1
2697 112 1
6642 113 1
2358 113 1
443 113 1
1666 113 1
5486 113 1
1667 113 1
2272 113 1
595 113 1
3014 113 1
659 113 1
2288 113 1
4614 113 1
2149 113 1
3239 113 1
6755 113 1
2682 113 1
2232 113 1
1125 113 1
162 113 1
3219 113 1
5534 113 1
2684 113 1
4435 113 1
4314 113 1
216 113 1
6387 113 1
4985 113 1
6434 113 1
5096 113 1
4397 113 1
630 113 1
2911 113 1
1504 113 1
5372 113 1
3475 113 1
955 113 1
389 113 1
6107 113 1
5415 113 1
5317 113 1
4310 113 1
5514 113 1
6047 113 1
1973 113 1
2323 113 1
23 113 1
2814 113 1
6329 113 1
3905 113 1
1773 113 1
2713 113 1
3555 113 1
5619 113 1
3241 113 1
1900 113 1
163 113 1
248 113 1
501 113 1
4428 113 1
4481 113 1
4872 113 1
3404 113 1
4738 113 1
5799 113 1
1523 113 1
1526 113 1
4732 113 1
3898 113 1
2041 113 1
465 113 1
384 113 1
3151 113 1
2601 113 1
1896 113 1
3002 113 1
313 113 1
1525 113 1
752 113 1
1084 113 1
2395 113 1
6238 113 1
2973 113 1
4633 113 1
444 113 1
2589 113 1
5129 113 1
1679 113 1
5549 113 1
3538 113 1
918 113 1
5597 113 1
2772 113 1
6677 113 1
5418 113 1
1336 113 1
1007 113 1
4663 113 1
2706 113 1
354 113 1
6382 113 1
4825 113 1
4325 113 1
2440 113 1
3413 113 1
4152 113 1
2608 113 1
1082 113 1
3446 113 1
2723 113 1
4431 113 1
5244 113 1
809 113 1
3106 113 1
6321 113 1
867 113 1
2265 113 1
4895 113 1
3422 113 1
4567 113 1
6568 113 1
2221 113 1
4294 113 1
3768 113 1
2145 113 1
3066 113 1
3478 113 1
2764 113 1
3219 113 1
1053 113 1
4977 113 1
1428 113 1
1337 113 1
172 113 1
201 113 1
4141 113 1
5415 113 1
5714 113 1
1863 113 1
1998 113 1
994 113 1
147 113 1
6697 113 1
1635 113 1
551 113 1
5963 113 1
2158 113 1
2859 113 1
1223 113 1
4391 113 1
5737 113 1
4649 113 1
788 113 1
5348 113 1
606 113 1
4446 113 1
4892 113 1
2595 113 1
429 113 1
4902 113 1
1073 113 1
2051 113 1
173 113 1
2818 113 1
3241 113 1
540 113 1
1315 113 1
6564 113 1
420 113 1
3626 113 1
2642 113 1
2292 113 1
546 113 1
5128 113 1
1003 113 1
2631 113 1
1459 113 1
6562 113 1
5050 113 1
3617 113 1
3243 113 1
2888 113 1
1698 113 1
6231 113 1
4176 113 1
4950 113 1
523 113 1
4946 113 1
4779 113 1
4947 113 1
5244 113 1
4007 113 1
1275 113 1
5520 113 1
28 113 1
2205 113 1
2808 113 1
126 113 1
6608 113 1
1665 113 1
4886 113 1
3266 113 1
4599 113 1
1955 113 1
537 113 1
1300 113 1
4324 113 1
3616 113 1
1628 113 1
3833 113 1
3867 113 1
464 114 1
2390 114 1
3860 114 1
1385 114 1
2246 114 1
3636 114 1
2010 114 1
3314 114 1
2231 114 1
522 114 1
4905 114 1
6020 114 1
5053 114 1
6120 114 1
948 114 1
5138 114 1
4982 114 1
2167 114 1
5059 114 1
390 114 1
2575 114 1
439 114 1
4711 114 1
3857 114 1
2735 114 1
6518 114 1
5517 114 1
2788 114 1
136 114 1
1934 114 1
4084 114 1
5531 114 1
6254 114 1
4920 114 1
1671 114 1
2770 114 1
4456 114 1
4233 114 1
1992 114 1
5088 114 1
737 114 1
1202 114 1
1962 114 1
6455 114 1
2192 114 1
130 114 1
5142 114 1
4415 114 1
5805 114 1
5102 114 1
6431 114 1
5845 114 1
3540 114 1
1945 114 1
3239 114 1
1750 114 1
261 114 1
632 114 1
2195 114 1
5922 114 1
225 114 1
4890 114 1
2199 114 1
397 114 1
153 114 1
2669 114 1
5678 114 1
5783 114 1
5893 114 1
2731 114 1
5133 114 1
5844 114 1
2802 114 1
4580 114 1
2763 114 1
6478 114 1
397 114 1
1813 114 1
1458 114 1
2887 114 1
5970 114 1
2338 114 1
2819 114 1
288 114 1
4233 114 1
6760 114 1
2814 114 1
2806 114 1
1355 114 1
4864 114 1
4027 114 1
4782 114 1
142 114 1
5789 114 1
4319 114 1
1144 114 1
6682 114 1
5650 114 1
1839 114 1
2617 114 1
686 114 1
6413 114 1
4059 114 1
3228 114 1
3468 114 1
2745 114 1
3930 114 1
63 114 1
3398 114 1
2793 114 1
2807 114 1
3975 114 1
1710 114 1
6150 114 1
4915 114 1
1829 114 1
1125 114 1
5887 114 1
3479 114 1
4749 114 1
2269 114 1
4664 114 1
3923 114 1
5872 114 1
1633 114 1
5591 114 1
5720 114 1
3258 114 1
3286 114 1
1610 114 1
4611 114 1
2758 114 1
6588 114 1
1079 114 1
4493 114 1
2412 114 1
6493 114 1
950 114 1
5258 114 1
156 114 1
1164 114 1
1095 114 1
2371 114 1
4247 114 1
2132 114 1
3305 114 1
1145 114 1
2234 114 1
5181 114 1
4338 114 1
3774 114 1
6434 114 1
2439 114 1
684 114 1
4524 114 1
1296 114 1
1675 114 1
826 114 1
5475 114 1
3478 114 1
4170 114 1
2530 114 1
2412 114 1
31 114 1
5643 114 1
1093 114 1
3152 114 1
1239 114 1
5866 114 1
4051 114 1
4719 114 1
2902 114 1
974 114 1
5291 114 1
2574 114 1
5358 114 1
296 114 1
6535 114 1
5552 114 1
5455 114 1
5491 114 1
4569 114 1
4632 114 1
4137 114 1
2390 114 1
1507 114 1
4928 114 1
5720 114 1
3048 114 1
2978 114 1
3918 114 1
2882 114 1
2052 114 1
4997 114 1
4967 114 1
1888 114 1
5092 114 1
5194 114 1
1672 114 1
5173 114 1
3500 114 1
4351 114 1
3264 114 1
537 114 1
745 114 1
5418 114 1
5297 114 1
4783 114 1
1837 114 1
6780 114 1
6366 115 1
2876 115 1
6578 115 1
4059 115 1
3391 115 1
5928 115 1
6366 115 1
5102 115 1
2231 115 1
2727 115 1
2758 115 1
3780 115 1
6278 115 1
105 115 1
3986 115 1
6169 115 1
6133 115 1
1289 115 1
4585 115 1
909 115 1
4376 115 1
2323 115 1
4326 115 1
1038 115 1
1207 115 1
3894 115 1
2066 115 1
2786 115 1
980 115 1
1462 115 1
6638 115 1
4590 115 1
2814 115 1
2230 115 1
5977 115 1
842 115 1
1102 115 1
2596 115 1
3300 115 1
2163 115 1
1409 115 1
1431 115 1
4330 115 1
4091 115 1
3093 115 1
3469 115 1
6027 115 1
289 115 1
3895 115 1
6737 115 1
499 115 1
781 115 1
2392 115 1
53 115 1
6133 115 1
545 115 1
3601 115 1
3269 115 1
1683 115 1
2620 115 1
3542 115 1
6774 115 1
5995 115 1
5276 115 1
6242 115 1
5263 115 1
2459 115 1
380 115 1
921 115 1
3080 115 1
1037 115 1
820 115 1
5591 115 1
5440 115 1
4744 115 1
116 115 1
6369 115 1
1709 115 1
2578 115 1
6012 115 1
3383 115 1
4117 115 1
6743 115 1
1244 115 1
2030 115 1
4935 115 1
2162 115 1
792 115 1
2832 115 1
5632 115 1
2108 115 1
5831 115 1
5099 115 1
1173 115 1
3152 115 1
4863 115 1
2932 115 1
3086 115 1
3495 115 1
4031 115 1
3568 115 1
6603 115 1
2715 115 1
2626 115 1
4152 115 1
1578 115 1
1128 115 1
5922 115 1
4312 115 1
2367 115 1
6285 115 1
2708 115 1
6472 115 1
4034 115 1
1482 115 1
1280 115 1
62 115 1
2932 115 1
5341 115 1
5047 115 1
2742 115 1
618 115 1
5536 115 1
676 115 1
4289 115 1
3802 115 1
916 115 1
4759 115 1
3204 115 1
4944 115 1
5647 115 1
2934 115 1
2295 115 1
4461 115 1
2402 115 1
5701 115 1
3801 115 1
6687 115 1
3990 115 1
384 115 1
56 115 1
424 115 1
4837 115 1
5979 115 1
5157 115 1
2357 115 1
4321 115 1
740 115 1
1421 115 1
288 115 1
785 115 1
6636 115 1
4243 115 1
5545 115 1
1386 115 1
6173 115 1
3550 115 1
759 115 1
3334 115 1
4900 115 1
927 115 1
2467 115 1
1737 115 1
6173 115 1
4979 115 1
2663 115 1
1644 115 1
5566 115 1
5633 115 1
6106 115 1
270 115 1
3860 115 1
4325 115 1
4721 115 1
3978 115 1
5149 115 1
4795 115 1
6496 115 1
5599 115 1
6119 115 1
1778 115 1
1191 115 1
1837 115 1
3858 115 1
6518 115 1
6215 115 1
745 115 1
5046 115 1
3535 115 1
5128 115 1
1554 115 1
6352 115 1
2727 115 1
6089 115 1
3731 115 1
320 115 1
6436 115 1
4293 115 1
6072 115 1
5972 115 1
3679 115 1
4211 115 1
5308 115 1
4675 115 1
4705 115 1
6550 115 1
1802 115 1
6123 115 1
1665 115 1
5051 115 1
6597 116 1
4055 116 1
3024 116 1
4163 116 1
3690 116 1
2941 116 1
262 116 1
1885 116 1
318 116 1
2422 116 1
4616 116 1
3775 116 1
2695 116 1
2182 116 1
4888 116 1
6040 116 1
5468 116 1
1255 116 1
4536 116 1
3995 116 1
2291 116 1
3728 116 1
5866 116 1
5943 116 1
2669 116 1
6010 116 1
6159 116 1
5560 116 1
493 116 1
4436 116 1
3789 116 1
3452 116 1
6210 116 1
4412 116 1
3508 116 1
935 116 1
5190 116 1
3906 116 1
990 116 1
6236 116 1
5229 116 1
4890 116 1
2206 116 1
501 116 1
6743 116 1
318 116 1
2752 116 1
5485 116 1
5471 116 1
4147 116 1
16 116 1
1195 116 1
1047 116 1
225 116 1
2661 116 1
1503 116 1
3764 116 1
5518 116 1
462 116 1
1811 116 1
1034 116 1
6201 116 1
1022 116 1
3190 116 1
1871 116 1
4055 116 1
2698 116 1
3994 116 1
6321 116 1
3685 116 1
4194 116 1
6750 116 1
6447 116 1
91 116 1
808 116 1
2810 116 1
2177 116 1
3445 116 1
3941 116 1
105 116 1
4492 116 1
1865 116 1
1818 116 1
5888 116 1
918 116 1
2267 116 1
1400 116 1
832 116 1
6216 116 1
542 116 1
2977 116 1
3673 116 1
3535 116 1
88 116 1
2321 116 1
4236 116 1
631 116 1
1279 116 1
2637 116 1
1613 116 1
5874 116 1
4190 116 1
571 116 1
3506 116 1
2607 116 1
3162 116 1
6316 116 1
5951 116 1
2219 116 1
265 116 1
5626 116 1
809 116 1
4093 116 1
2974 116 1
826 116 1
4046 116 1
2940 116 1
4114 116 1
2761 116 1
5705 116 1
4315 116 1
6178 116 1
2588 116 1
5167 116 1
601 116 1
3696 116 1
2054 116 1
4942 116 1
4975 116 1
3032 116 1
4374 116 1
5410 116 1
1603 116 1
383 116 1
97 116 1
100 116 1
536 116 1
3821 116 1
2374 116 1
4776 116 1
273 116 1
3509 116 1
3727 116 1
955 116 1
3418 116 1
720 116 1
5646 116 1
6524 116 1
4052 116 1
5305 116 1
2103 116 1
1079 116 1
2380 116 1
3379 116 1
2242 116 1
5289 116 1
5550 116 1
2736 116 1
6192 116 1
3957 116 1
2160 116 1
273 116 1
974 116 1
549 116 1
1468 116 1
2292 116 1
1999 116 1
3530 116 1
2316 116 1
5021 116 1
373 116 1
4617 116 1
6346 116 1
797 116 1
6031 116 1
4925 116 1
2877 116 1
474 116 1
337 116 1
1612 116 1
2478 116 1
737 116 1
4986 116 1
527 116 1
1979 116 1
5814 116 1
2309 116 1
6604 116 1
3073 116 1
1957 116 1
6441 116 1
2953 116 1
5604 116 1
4143 116 1
1082 116 1
2295 116 1
4584 116 1
2251 116 1
6103 116 1
5973 116 1
4055 116 1
5400 116 1
2497 116 1
4584 116 1
3355 116 1
3186 116 1
5605 116 1
4548 116 1
3716 116 1
3690 116 1
6478 117 1
1927 117 1
6676 117 1
707 117 1
6207 117 1
4536 117 1
6392 117 1
3870 117 1
6740 117 1
1759 117 1
3511 117 1
4048 117 1
132 117 1
5893 117 1
3523 117 1
4637 117 1
4038 117 1
501 117 1
492 117 1
4949 117 1
293 117 1
4769 117 1
5421 117 1
2407 117 1
1649 117 1
1356 117 1
3768 117 1
6691 117 1
5223 117 1
1147 117 1
911 117 1
2693 117 1
1780 117 1
5462 117 1
2817 117 1
2134 117 1
6721 117 1
4735 117 1
833 117 1
4511 117 1
1125 117 1
4640 117 1
2701 117 1
2993 117 1
5204 117 1
3030 117 1
821 117 1
569 117 1
756 117 1
2252 117 1
5749 117 1
1133 117 1
3867 117 1
2140 117 1
6117 117 1
4119 117 1
6552 117 1
3042 117 1
3012 117 1
3741 117 1
3198 117 1
1798 117 1
5427 117 1
5932 117 1
2760 117 1
2584 117 1
4907 117 1
5625 117 1
4483 117 1
2619 117 1
3121 117 1
1651 117 1
2424 117 1
1917 117 1
2020 117 1
4084 117 1
3657 117 1
3331 117 1
5074 117 1
2673 117 1
3422 117 1
1452 117 1
1891 117 1
6464 117 1
1915 117 1
4324 117 1
796 117 1
5347 117 1
6658 117 1
5151 117 1
1397 117 1
5149 117 1
1380 117 1
3649 117 1
32 117 1
3862 117 1
5432 117 1
3173 117 1
4616 117 1
5045 117 1
847 117 1
3690 117 1
64 117 1
2167 117 1
521 117 1
603 117 1
6737 117 1
5375 117 1
2260 117 1
3694 117 1
974 117 1
20 117 1
1084 117 1
259 117 1
2001 117 1
4092 117 1
864 117 1
3033 117 1
3341 117 1
3340 117 1
3024 117 1
5287 117 1
5925 117 1
907 117 1
525 117 1
2479 117 1
3247 117 1
3244 117 1
3650 117 1
2224 117 1
4682 117 1
2193 117 1
6322 117 1
2152 117 1
3236 117 1
6424 117 1
6784 117 1
451 117 1
5208 117 1
1248 117 1
4989 117 1
3829 117 1
3770 117 1
784 117 1
2602 117 1
5551 117 1
2086 117 1
5244 117 1
713 117 1
3804 117 1
4585 117 1
771 117 1
4065 117 1
5931 117 1
1896 117 1
1616 117 1
2380 117 1
6508 117 1
6451 117 1
4267 117 1
3109 117 1
6046 117 1
3371 117 1
3531 117 1
2767 117 1
4169 117 1
6719 117 1
5007 117 1
5579 117 1
5374 117 1
6271 117 1
104 117 1
345 117 1
26 117 1
6001 117 1
5136 117 1
2367 117 1
519 117 1
3228 117 1
5884 117 1
934 117 1
3564 117 1
4903 117 1
4764 117 1
2754 117 1
3326 117 1
4436 117 1
3281 117 1
5240 117 1
5564 117 1
6557 117 1
2283 117 1
2722 117 1
887 117 1
1528 117 1
3364 117 1
100 117 1
740 117 1
971 117 1
116 117 1
4047 117 1
2522 117 1
1638 117 1
1428 117 1
4887 117 1
5816 117 1
383 117 1
3597 117 1
896 117 1
467 117 1
6157 118 1
5935 118 1
5606 118 1
4380 118 1
2598 118 1
2023 118 1
5035 118 1
3349 118 1
197 118 1
3471 118 1
2138 118 1
5851 118 1
1127 118 1
3653 118 1
2511 118 1
5485 118 1
1283 118 1
2592 118 1
2822 118 1
2329 118 1
6585 118 1
2194 118 1
5399 118 1
4471 118 1
4241 118 1
6616 118 1
4276 118 1
4361 118 1
4556 118 1
950 118 1
3903 118 1
3360 118 1
2341 118 1
5071 118 1
2870 118 1
5825 118 1
3120 118 1
1839 118 1
5810 118 1
528 118 1
2179 118 1
5595 118 1
2590 118 1
4101 118 1
4538 118 1
1468 118 1
4255 118 1
6782 118 1
6144 118 1
3081 118 1
3900 118 1
6216 118 1
856 118 1
4201 118 1
2875 118 1
5463 118 1
5340 118 1
4956 118 1
4010 118 1
6590 118 1
4258 118 1
309 118 1
4308 118 1
3005 118 1
5363 118 1
759 118 1
6463 118 1
5563 118 1
3507 118 1
2947 118 1
5360 118 1
6272 118 1
460 118 1
2887 118 1
19 118 1
5926 118 1
2138 118 1
3677 118 1
5302 118 1
4359 118 1
2930 118 1
2827 118 1
15 118 1
6021 118 1
909 118 1
536 118 1
4289 118 1
1620 118 1
4354 118 1
4305 118 1
4031 118 1
483 118 1
717 118 1
3548 118 1
3717 118 1
1047 118 1
742 118 1
5029 118 1
6449 118 1
697 118 1
6412 118 1
6429 118 1
652 118 1
4293 118 1
1266 118 1
3181 118 1
2043 118 1
5447 118 1
5852 118 1
3767 118 1
6197 118 1
3127 118 1
1369 118 1
5014 118 1
3134 118 1
4603 118 1
3800 118 1
104 118 1
4276 118 1
2932 118 1
2137 118 1
5410 118 1
706 118 1
4605 118 1
1779 118 1
5203 118 1
2897 118 1
2481 118 1
5450 118 1
2058 118 1
2822 118 1
2724 118 1
6772 118 1
5736 118 1
3511 118 1
6324 118 1
3852 118 1
4521 118 1
1156 118 1
6655 118 1
6685 118 1
2257 118 1
6733 118 1
227 118 1
6432 118 1
2403 118 1
1084 118 1
1106 118 1
2238 118 1
6057 118 1
6737 118 1
867 118 1
6499 118 1
2535 118 1
1005 118 1
1335 118 1
6300 118 1
3604 118 1
2560 118 1
11 118 1
2636 118 1
1301 118 1
345 118 1
4182 118 1
4813 118 1
544 118 1
3481 118 1
644 118 1
4026 118 1
1822 118 1
1435 118 1
3761 118 1
1618 118 1
6486 118 1
1349 118 1
4197 118 1
2499 118 1
2841 118 1
5264 118 1
6535 118 1
515 118 1
5674 118 1
583 118 1
108 118 1
3095 118 1
6144 118 1
1341 118 1
3696 118 1
6530 118 1
3040 118 1
4844 118 1
6228 118 1
5237 118 1
6342 118 1
1063 118 1
3461 118 1
5322 118 1
4166 118 1
2055 118 1
5174 118 1
6679 118 1
5313 118 1
2099 118 1
841 118 1
2769 118 1
5493 118 1
1158 118 1
2128 118 1
627 118 1
5958 118 1
2925 119 1
5065 119 1
1400 119 1
6592 119 1
2694 119 1
2623 119 1
2531 119 1
6685 119 1
4293 119 1
556 119 1
2637 119 1
5963 119 1
2677 119 1
4365 119 1
564 119 1
1599 119 1
5591 119 1
4677 119 1
2593 119 1
500 119 1
4434 119 1
5512 119 1
1812 119 1
3598 119 1
6609 119 1
1932 119 1
4421 119 1
6336 119 1
5495 119 1
1571 119 1
3346 119 1
2697 119 1
626 119 1
2600 119 1
5375 119 1
4787 119 1
346 119 1
66 119 1
6171 119 1
342 119 1
2458 119 1
2613 119 1
6407 119 1
4734 119 1
6330 119 1
4673 119 1
4804 119 1
3433 119 1
325 119 1
5072 119 1
1067 119 1
6156 119 1
1266 119 1
2071 119 1
3944 119 1
4238 119 1
1268 119 1
429 119 1
747 119 1
1682 119 1
6006 119 1
2568 119 1
5484 119 1
3650 119 1
3902 119 1
2964 119 1
2552 119 1
731 119 1
436 119 1
5543 119 1
3183 119 1
2150 119 1
3885 119 1
1124 119 1
1749 119 1
481 119 1
5739 119 1
0 119 1
4842 119 1
5196 119 1
1120 119 1
5994 119 1
5587 119 1
3564 119 1
4175 119 1
4040 119 1
2766 119 1
5257 119 1
6415 119 1
4137 119 1
729 119 1
3207 119 1
5347 119 1
2652 119 1
2668 119 1
5406 119 1
5415 119 1
4636 119 1
3476 119 1
4539 119 1
3194 119 1
4879 119 1
6470 119 1
1056 119 1
4851 119 1
775 119 1
2836 119 1
4426 119 1
4854 119 1
4508 119 1
4857 119 1
6540 119 1
4563 119 1
846 119 1
5784 119 1
2441 119 1
966 119 1
4771 119 1
4330 119 1
81 119 1
210 119 1
5953 119 1
6636 119 1
1573 119 1
5911 119 1
1055 119 1
742 119 1
1837 119 1
4257 119 1
3427 119 1
2803 119 1
6536 119 1
408 119 1
6011 119 1
3684 119 1
236 119 1
5095 119 1
2030 119 1
6285 119 1
2544 119 1
3974 119 1
5019 119 1
660 119 1
4843 119 1
135 119 1
6047 119 1
5929 119 1
1136 119 1
6629 119 1
1130 119 1
2838 119 1
2331 119 1
6522 119 1
4722 119 1
3825 119 1
356 119 1
2270 119 1
3156 119 1
3232 119 1
917 119 1
2109 119 1
324 119 1
678 119 1
1351 119 1
526 119 1
5687 119 1
1986 119 1
1138 119 1
2609 119 1
5258 119 1
4749 119 1
3378 119 1
3361 119 1
4424 119 1
277 119 1
6039 119 1
818 119 1
4445 119 1
1350 119 1
5641 119 1
2345 119 1
806 119 1
3592 119 1
3175 119 1
2877 119 1
5795 119 1
3444 119 1
2861 119 1
3878 119 1
2676 119 1
354 119 1
807 119 1
2478 119 1
3832 119 1
4170 119 1
2661 119 1
5507 119 1
4805 119 1
3248 119 1
437 119 1
6302 119 1
1543 119 1
147 119 1
296 119 1
5114 119 1
2229 119 1
6067 119 1
4311 119 1
127 119 1
6194 119 1
5559 120 1
5123 120 1
5115 120 1
2666 120 1
946 120 1
6581 120 1
1783 120 1
4531 120 1
1159 120 1
6288 120 1
4849 120 1
3063 120 1
475 120 1
5382 120 1
3781 120 1
1059 120 1
2569 120 1
984 120 1
1325 120 1
5615 120 1
39 120 1
5561 120 1
1415 120 1
3714 120 1
2475 120 1
3319 120 1
2729 120 1
1733 120 1
5557 120 1
5818 120 1
412 120 1
3873 120 1
3245 120 1
1102 120 1
6711 120 1
1157 120 1
3662 120 1
6256 120 1
1537 120 1
1561 120 1
890 120 1
6642 120 1
167 120 1
4285 120 1
857 120 1
1151 120 1
4264 120 1
4295 120 1
1230 120 1
3784 120 1
1805 120 1
3945 120 1
394 120 1
4339 120 1
124 120 1
493 120 1
2928 120 1
2847 120 1
5197 120 1
4534 120 1
161 120 1
2292 120 1
3290 120 1
6582 120 1
2611 120 1
4394 120 1
4220 120 1
6646 120 1
5361 120 1
2580 120 1
5523 120 1
1849 120 1
1408 120 1
6237 120 1
1462 120 1
2862 120 1
5602 120 1
3077 120 1
4417 120 1
2960 120 1
1952 120 1
2152 120 1
2480 120 1
2024 120 1
1710 120 1
2363 120 1
5174 120 1
962 120 1
1311 120 1
6786 120 1
3399 120 1
5688 120 1
2525 120 1
3149 120 1
2531 120 1
1484 120 1
4890 120 1
1575 120 1
5303 120 1
4485 120 1
4564 120 1
4546 120 1
1057 120 1
3109 120 1
544 120 1
36 120 1
615 120 1
4651 120 1
2101 120 1
4839 120 1
2840 120 1
5918 120 1
3940 120 1
5597 120 1
800 120 1
6701 120 1
4497 120 1
6713 120 1
229 120 1
1048 120 1
6482 120 1
1967 120 1
1744 120 1
6780 120 1
490 120 1
3769 120 1
901 120 1
6063 120 1
6220 120 1
3530 120 1
3679 120 1
805 120 1
1722 120 1
4250 120 1
2571 120 1
2636 120 1
3021 120 1
2158 120 1
6503 120 1
3235 120 1
3435 120 1
4938 120 1
5687 120 1
2831 120 1
5768 120 1
782 120 1
1938 120 1
4216 120 1
2686 120 1
4933 120 1
219 120 1
4293 120 1
1840 120 1
4273 120 1
5169 120 1
2692 120 1
1733 120 1
2400 120 1
971 120 1
2719 120 1
4360 120 1
241 120 1
5177 120 1
6112 120 1
781 120 1
5599 120 1
5978 120 1
6393 120 1
948 120 1
3798 120 1
3177 120 1
5077 120 1
4252 120 1
1441 120 1
3189 120 1
5432 120 1
2141 120 1
734 120 1
4077 120 1
324 120 1
5877 120 1
3946 120 1
2586 120 1
307 120 1
6380 120 1
312 120 1
5967 120 1
3119 120 1
5614 120 1
2181 120 1
5579 120 1
2706 120 1
1906 120 1
6450 120 1
3729 120 1
2831 120 1
619 120 1
6380 120 1
5431 120 1
5759 120 1
980 120 1
3763 120 1
5954 120 1
334 120 1
2972 120 1
2910 120 1
5159 120 1
4312 120 1
5372 120 1
2065 120 1
3645 121 1
5349 121 1
419 121 1
2104 121 1
1218 121 1
6410 121 1
6785 121 1
4516 121 1
1749 121 1
5661 121 1
1229 121 1
2176 121 1
1400 121 1
3993 121 1
4317 121 1
1333 121 1
2332 121 1
94 121 1
2276 121 1
3558 121 1
3718 121 1
1143 121 1
2246 121 1
187 121 1
6561 121 1
5905 121 1
571 121 1
629 121 1
2997 121 1
4855 121 1
2441 121 1
730 121 1
6512 121 1
4010 121 1
6571 121 1
3369 121 1
759 121 1
1068 121 1
3688 121 1
414 121 1
5152 121 1
4081 121 1
1670 121 1
3139 121 1
4569 121 1
5811 121 1
5647 121 1
2587 121 1
236 121 1
4598 121 1
759 121 1
3691 121 1
2889 121 1
3303 121 1
299 121 1
2367 121 1
412 121 1
2784 121 1
2590 121 1
2908 121 1
3030 121 1
3014 121 1
1990 121 1
930 121 1
1082 121 1
618 121 1
2044 121 1
1633 121 1
4411 121 1
14 121 1
199 121 1
4431 121 1
5273 121 1
2137 121 1
6135 121 1
4485 121 1
2029 121 1
1314 121 1
6026 121 1
6646 121 1
4466 121 1
2550 121 1
146 121 1
6495 121 1
518 121 1
5221 121 1
3720 121 1
2856 121 1
1430 121 1
6225 121 1
4629 121 1
4391 121 1
4854 121 1
2721 121 1
4497 121 1
3162 121 1
3781 121 1
1801 121 1
4702 121 1
3510 121 1
1765 121 1
1723 121 1
1650 121 1
5716 121 1
6036 121 1
2973 121 1
2379 121 1
3332 121 1
1207 121 1
237 121 1
1858 121 1
806 121 1
399 121 1
6206 121 1
893 121 1
5711 121 1
2267 121 1
3090 121 1
249 121 1
95 121 1
4944 121 1
5888 121 1
6056 121 1
4998 121 1
3272 121 1
3008 121 1
1294 121 1
1858 121 1
3494 121 1
1269 121 1
3960 121 1
5272 121 1
2887 121 1
6039 121 1
820 121 1
681 121 1
846 121 1
4199 121 1
3728 121 1
3455 121 1
1910 121 1
6127 121 1
1581 121 1
4495 121 1
2467 121 1
6058 121 1
6090 121 1
2413 121 1
5520 121 1
2001 121 1
5500 121 1
3102 121 1
2789 121 1
2551 121 1
3887 121 1
4347 121 1
1717 121 1
5511 121 1
1499 121 1
5156 121 1
4114 121 1
1132 121 1
5828 121 1
2433 121 1
3612 121 1
363 121 1
2151 121 1
69 121 1
1391 121 1
1290 121 1
6331 121 1
2387 121 1
4663 121 1
2382 121 1
991 121 1
3548 121 1
5686 121 1
4931 121 1
3117 121 1
328 121 1
4689 121 1
1443 121 1
6673 121 1
2264 121 1
975 121 1
1683 121 1
3974 121 1
6199 121 1
5868 121 1
352 121 1
6226 121 1
659 121 1
2745 121 1
2499 121 1
990 121 1
3678 121 1
4939 121 1
664 121 1
748 121 1
574 121 1
1637 121 1
2833 121 1
5813 121 1
1503 121 1
3025 121 1
5641 121 1
2791 121 1
5167 121 1
2450 121 1
6254 121 1
610 122 1
4862 122 1
201 122 1
563 122 1
2818 122 1
2298 122 1
5138 122 1
4641 122 1
5396 122 1
5684 122 1
2338 122 1
1413 122 1
6341 122 1
6733 122 1
1486 122 1
1323 122 1
4616 122 1
3098 122 1
4351 122 1
4228 122 1
6617 122 1
5890 122 1
6677 122 1
4373 122 1
6469 122 1
5318 122 1
6580 122 1
6714 122 1
6539 122 1
3402 122 1
2858 122 1
5057 122 1
4347 122 1
5965 122 1
2510 122 1
2689 122 1
3999 122 1
6340 122 1
5239 122 1
6709 122 1
653 122 1
337 122 1
1838 122 1
1451 122 1
284 122 1
5332 122 1
4302 122 1
783 122 1
4498 122 1
1607 122 1
2763 122 1
4923 122 1
3972 122 1
5433 122 1
5610 122 1
5988 122 1
4009 122 1
639 122 1
5594 122 1
2983 122 1
1053 122 1
5984 122 1
235 122 1
4067 122 1
5680 122 1
4938 122 1
126 122 1
2743 122 1
4295 122 1
1074 122 1
6386 122 1
1764 122 1
5597 122 1
6289 122 1
5287 122 1
5139 122 1
4664 122 1
2870 122 1
3047 122 1
6491 122 1
67 122 1
3745 122 1
2636 122 1
4737 122 1
3004 122 1
5640 122 1
6102 122 1
4815 122 1
6277 122 1
5705 122 1
2203 122 1
1780 122 1
1421 122 1
1438 122 1
2285 122 1
467 122 1
3745 122 1
3210 122 1
1363 122 1
731 122 1
1175 122 1
3340 122 1
353 122 1
3150 122 1
5092 122 1
1229 122 1
1798 122 1
994 122 1
4069 122 1
341 122 1
6167 122 1
4975 122 1
5060 122 1
2681 122 1
3049 122 1
1924 122 1
1999 122 1
6486 122 1
801 122 1
578 122 1
5144 122 1
3405 122 1
4771 122 1
4080 122 1
2353 122 1
453 122 1
1954 122 1
5647 122 1
3629 122 1
3495 122 1
4794 122 1
1231 122 1
2456 122 1
3194 122 1
5048 122 1
3139 122 1
2788 122 1
2266 122 1
4038 122 1
5080 122 1
6625 122 1
1905 122 1
2614 122 1
2646 122 1
808 122 1
493 122 1
4458 122 1
6591 122 1
6020 122 1
3749 122 1
6178 122 1
1424 122 1
5692 122 1
4179 122 1
1715 122 1
6296 122 1
2396 122 1
102 122 1
2281 122 1
6391 122 1
3346 122 1
2726 122 1
3778 122 1
6500 122 1
2280 122 1
5661 122 1
1557 122 1
2528 122 1
5014 122 1
4718 122 1
968 122 1
1876 122 1
3214 122 1
4243 122 1
5488 122 1
5993 122 1
4475 122 1
2468 122 1
4051 122 1
4524 122 1
2047 122 1
1252 122 1
5227 122 1
236 122 1
5732 122 1
4898 122 1
4012 122 1
5844 122 1
1289 122 1
3935 122 1
4782 122 1
2145 122 1
2363 122 1
3166 122 1
6596 122 1
3249 122 1
3876 122 1
3645 122 1
1065 122 1
6479 122 1
4469 122 1
5544 122 1
1925 122 1
4728 122 1
1908 122 1
6650 122 1
1112 122 1
457 122 1
1939 122 1
5090 122 1
6021 123 1
4875 123 1
5521 123 1
4873 123 1
4991 123 1
6780 123 1
770 123 1
2819 123 1
3545 123 1
5782 123 1
6608 123 1
485 123 1
5732 123 1
5 123 1
3496 123 1
1209 123 1
609 123 1
6420 123 1
3589 123 1
3030 123 1
3205 123 1
4369 123 1
2698 123 1
3428 123 1
6458 123 1
1622 123 1
938 123 1
6439 123 1
6101 123 1
352 123 1
5881 123 1
2934 123 1
3208 123 1
6053 123 1
3238 123 1
6366 123 1
5716 123 1
4056 123 1
1288 123 1
4897 123 1
2192 123 1
6786 123 1
6117 123 1
6604 123 1
646 123 1
402 123 1
5940 123 1
3716 123 1
1083 123 1
5680 123 1
6354 123 1
4513 123 1
3960 123 1
3998 123 1
619 123 1
6113 123 1
3508 123 1
2078 123 1
5831 123 1
2449 123 1
4876 123 1
3074 123 1
4033 123 1
2494 123 1
602 123 1
5820 123 1
5478 123 1
6527 123 1
5928 123 1
4330 123 1
2668 123 1
4607 123 1
2251 123 1
4266 123 1
2051 123 1
5993 123 1
1392 123 1
1101 123 1
3982 123 1
927 123 1
3129 123 1
5374 123 1
325 123 1
1892 123 1
404 123 1
4629 123 1
1819 123 1
4654 123 1
1116 123 1
1500 123 1
411 123 1
4422 123 1
6096 123 1
1265 123 1
1547 123 1
4751 123 1
3421 123 1
6103 123 1
1970 123 1
5738 123 1
5223 123 1
932 123 1
4749 123 1
5448 123 1
4807 123 1
563 123 1
2141 123 1
1497 123 1
1604 123 1
3663 123 1
6551 123 1
2098 123 1
4279 123 1
4007 123 1
4012 123 1
4675 123 1
2732 123 1
2209 123 1
2084 123 1
3155 123 1
2477 123 1
6506 123 1
250 123 1
2440 123 1
416 123 1
6198 123 1
2123 123 1
2 123 1
4800 123 1
5261 123 1
3162 123 1
5899 123 1
2654 123 1
1009 123 1
5415 123 1
6018 123 1
6020 123 1
5462 123 1
3154 123 1
1880 123 1
1075 123 1
3926 123 1
778 123 1
1008 123 1
5482 123 1
5807 123 1
3639 123 1
6489 123 1
421 123 1
6778 123 1
560 123 1
3773 123 1
3737 123 1
1722 123 1
116 123 1
4906 123 1
4409 123 1
2503 123 1
6266 123 1
3821 123 1
2174 123 1
5041 123 1
3848 123 1
569 123 1
4561 123 1
2519 123 1
960 123 1
1378 123 1
3870 123 1
1824 123 1
5362 123 1
3560 123 1
2605 123 1
1977 123 1
6624 123 1
2875 123 1
1629 123 1
2512 123 1
6321 123 1
6165 123 1
2298 123 1
2991 123 1
5005 123 1
6250 123 1
4298 123 1
286 123 1
5571 123 1
840 123 1
2781 123 1
896 123 1
2600 123 1
2853 123 1
4836 123 1
2152 123 1
3523 123 1
1857 123 1
27 123 1
3803 123 1
4585 123 1
967 123 1
4729 123 1
1746 123 1
4777 123 1
2059 123 1
1555 123 1
6384 123 1
5705 123 1
3182 123 1
1125 123 1
2776 123 1
3413 124 1
3309 124 1
5224 124 1
6185 124 1
4293 124 1
1489 124 1
4989 124 1
1234 124 1
4960 124 1
5313 124 1
3062 124 1
2408 124 1
4028 124 1
1054 124 1
1186 124 1
1416 124 1
1853 124 1
4006 124 1
3356 124 1
6048 124 1
1649 124 1
4922 124 1
2990 124 1
4807 124 1
2048 124 1
199 124 1
2584 124 1
4552 124 1
5696 124 1
6774 124 1
4887 124 1
5467 124 1
5662 124 1
152 124 1
2909 124 1
4851 124 1
2358 124 1
3685 124 1
4029 124 1
4843 124 1
129 124 1
1641 124 1
5565 124 1
312 124 1
3875 124 1
4314 124 1
2277 124 1
6112 124 1
3110 124 1
4773 124 1
99 124 1
6211 124 1
3157 124 1
2401 124 1
3209 124 1
5564 124 1
4851 124 1
4639 124 1
4623 124 1
683 124 1
2663 124 1
609 124 1
5733 124 1
6679 124 1
1635 124 1
2828 124 1
6541 124 1
1919 124 1
3127 124 1
2297 124 1
5644 124 1
95 124 1
993 124 1
1286 124 1
5211 124 1
784 124 1
2329 124 1
2586 124 1
4204 124 1
3637 124 1
4232 124 1
3650 124 1
1772 124 1
1396 124 1
2930 124 1
1966 124 1
4359 124 1
4056 124 1
4313 124 1
6756 124 1
4768 124 1
1093 124 1
6689 124 1
3033 124 1
6415 124 1
229 124 1
2177 124 1
5355 124 1
235 124 1
5351 124 1
4748 124 1
4010 124 1
3965 124 1
5485 124 1
6270 124 1
4262 124 1
1511 124 1
3771 124 1
1912 124 1
1478 124 1
6632 124 1
4839 124 1
5261 124 1
4974 124 1
5524 124 1
257 124 1
489 124 1
47 124 1
1181 124 1
719 124 1
2365 124 1
203 124 1
2073 124 1
3161 124 1
1182 124 1
365 124 1
1822 124 1
5740 124 1
6738 124 1
1926 124 1
2934 124 1
5892 124 1
2961 124 1
1649 124 1
2894 124 1
487 124 1
4868 124 1
5265 124 1
807 124 1
3861 124 1
6367 124 1
2303 124 1
2292 124 1
1946 124 1
3254 124 1
540 124 1
5923 124 1
6535 124 1
1381 124 1
1580 124 1
1411 124 1
4670 124 1
4308 124 1
4930 124 1
4882 124 1
3113 124 1
1411 124 1
5407 124 1
1995 124 1
6125 124 1
1200 124 1
1128 124 1
1719 124 1
378 124 1
3374 124 1
3532 124 1
886 124 1
4839 124 1
5916 124 1
6012 124 1
2216 124 1
4620 124 1
3851 124 1
3916 124 1
6322 124 1
3184 124 1
4468 124 1
405 124 1
282 124 1
5361 124 1
1774 124 1
5544 124 1
5420 124 1
4906 124 1
1560 124 1
2253 124 1
288 124 1
4990 124 1
6600 124 1
2655 124 1
406 124 1
3564 124 1
4378 124 1
2597 124 1
6593 124 1
3792 124 1
6514 124 1
836 124 1
4220 124 1
2942 124 1
4859 124 1
53 124 1
3534 124 1
6224 124 1
1965 124 1
6652 124 1
4976 124 1
2453 124 1
4478 124 1
2059 124 1
646 125 1
5495 125 1
5963 125 1
761 125 1
4078 125 1
728 125 1
1370 125 1
4335 125 1
4014 125 1
2838 125 1
5953 125 1
2094 125 1
3801 125 1
188 125 1
6706 125 1
3670 125 1
3560 125 1
2808 125 1
1422 125 1
3156 125 1
5469 125 1
1022 125 1
2107 125 1
279 125 1
5862 125 1
1779 125 1
2250 125 1
5384 125 1
299 125 1
3873 125 1
388 125 1
3647 125 1
1653 125 1
5048 125 1
2746 125 1
1153 125 1
2019 125 1
3894 125 1
1550 125 1
2734 125 1
749 125 1
6570 125 1
1531 125 1
5267 125 1
1420 125 1
2008 125 1
305 125 1
5979 125 1
3621 125 1
2202 125 1
1161 125 1
2158 125 1
5515 125 1
5861 125 1
2493 125 1
192 125 1
742 125 1
4085 125 1
497 125 1
2076 125 1
3961 125 1
5424 125 1
6234 125 1
1840 125 1
5260 125 1
4451 125 1
4457 125 1
5351 125 1
5283 125 1
6377 125 1
508 125 1
3469 125 1
6665 125 1
4979 125 1
4291 125 1
911 125 1
4095 125 1
4165 125 1
6199 125 1
1596 125 1
574 125 1
1337 125 1
556 125 1
2495 125 1
4593 125 1
2881 125 1
930 125 1
772 125 1
5823 125 1
5442 125 1
6457 125 1
5760 125 1
2366 125 1
2122 125 1
570 125 1
3948 125 1
6452 125 1
4077 125 1
4997 125 1
4150 125 1
5615 125 1
298 125 1
3824 125 1
6676 125 1
3942 125 1
5896 125 1
4725 125 1
2319 125 1
5899 125 1
4619 125 1
2721 125 1
582 125 1
3504 125 1
5582 125 1
3741 125 1
998 125 1
2569 125 1
4783 125 1
321 125 1
187 125 1
311 125 1
5645 125 1
1066 125 1
2654 125 1
1882 125 1
6016 125 1
5311 125 1
2545 125 1
2135 125 1
3586 125 1
486 125 1
5153 125 1
3378 125 1
5536 125 1
6169 125 1
712 125 1
6066 125 1
2213 125 1
6676 125 1
6318 125 1
4023 125 1
4746 125 1
6704 125 1
3916 125 1
1763 125 1
2874 125 1
4469 125 1
2393 125 1
3417 125 1
6664 125 1
6329 125 1
5488 125 1
6623 125 1
1927 125 1
2011 125 1
1373 125 1
2613 125 1
2717 125 1
4362 125 1
3265 125 1
6442 125 1
4600 125 1
110 125 1
3939 125 1
4886 125 1
5849 125 1
157 125 1
4831 125 1
4797 125 1
3314 125 1
5391 125 1
2828 125 1
6394 125 1
4059 125 1
2186 125 1
2044 125 1
2603 125 1
4781 125 1
5302 125 1
6435 125 1
4405 125 1
2171 125 1
2103 125 1
2381 125 1
684 125 1
5919 125 1
169 125 1
6556 125 1
3530 125 1
791 125 1
4723 125 1
4134 125 1
5262 125 1
3113 125 1
2681 125 1
6392 125 1
3066 125 1
4694 125 1
1129 125 1
5696 125 1
2051 125 1
1258 125 1
2425 125 1
947 125 1
4027 125 1
6092 125 1
5260 125 1
2246 125 1
2468 125 1
2953 125 1
6036 126 1
1929 126 1
4482 126 1
781 126 1
811 126 1
2329 126 1
4151 126 1
1671 126 1
2644 126 1
6331 126 1
6300 126 1
1160 126 1
6375 126 1
5247 126 1
6554 126 1
5196 126 1
1607 126 1
5162 126 1
1290 126 1
927 126 1
6423 126 1
4311 126 1
4132 126 1
5027 126 1
3312 126 1
3428 126 1
2900 126 1
4504 126 1
1886 126 1
4564 126 1
5148 126 1
6274 126 1
3855 126 1
5662 126 1
101 126 1
1445 126 1
1462 126 1
3500 126 1
5840 126 1
2720 126 1
992 126 1
5533 126 1
6017 126 1
4897 126 1
708 126 1
4805 126 1
2813 126 1
4504 126 1
1829 126 1
4182 126 1
2841 126 1
1257 126 1
6014 126 1
1353 126 1
3914 126 1
6579 126 1
6784 126 1
983 126 1
1986 126 1
2448 126 1
3836 126 1
2603 126 1
2804 126 1
4702 126 1
1711 126 1
1702 126 1
3506 126 1
2325 126 1
4737 126 1
5095 126 1
1475 126 1
995 126 1
2439 126 1
1615 126 1
5958 126 1
4333 126 1
6696 126 1
2804 126 1
2518 126 1
2596 126 1
5096 126 1
5952 126 1
4196 126 1
2884 126 1
2751 126 1
6186 126 1
2760 126 1
3734 126 1
5707 126 1
3670 126 1
3595 126 1
5384 126 1
1812 126 1
5605 126 1
881 126 1
1077 126 1
2416 126 1
5628 126 1
2872 126 1
2529 126 1
2453 126 1
449 126 1
352 126 1
4454 126 1
5075 126 1
215 126 1
4106 126 1
5248 126 1
1225 126 1
4689 126 1
1922 126 1
1612 126 1
4444 126 1
1722 126 1
1349 126 1
5690 126 1
157 126 1
6238 126 1
6284 126 1
1104 126 1
3700 126 1
3342 126 1
1685 126 1
1252 126 1
1316 126 1
2898 126 1
538 126 1
1188 126 1
4179 126 1
6124 126 1
6244 126 1
2860 126 1
6502 126 1
3889 126 1
6396 126 1
6466 126 1
4165 126 1
1265 126 1
3517 126 1
1794 126 1
3467 126 1
4402 126 1
5467 126 1
3890 126 1
2982 126 1
6175 126 1
5069 126 1
2625 126 1
6338 126 1
6145 126 1
2895 126 1
1459 126 1
5389 126 1
343 126 1
1084 126 1
3129 126 1
575 126 1
2745 126 1
323 126 1
450 126 1
3063 126 1
4868 126 1
860 126 1
1884 126 1
6139 126 1
1037 126 1
4395 126 1
6271 126 1
2003 126 1
3707 126 1
2410 126 1
981 126 1
6527 126 1
4506 126 1
5471 126 1
5000 126 1
4117 126 1
588 126 1
988 126 1
3743 126 1
598 126 1
3580 126 1
274 126 1
6587 126 1
1203 126 1
4357 126 1
5092 126 1
5161 126 1
163 126 1
4067 126 1
2063 126 1
405 126 1
489 126 1
5905 126 1
5410 126 1
4949 126 1
4500 126 1
4292 126 1
2211 126 1
3721 126 1
2169 126 1
1794 126 1
860 126 1
5735 126 1
5511 126 1
1533 126 1
5433 126 1
4200 126 1
4514 126 1
313 126 1
2374 127 1
3591 127 1
1804 127 1
6372 127 1
2340 127 1
4367 127 1
2788 127 1
3031 127 1
3744 127 1
4618 127 1
635 127 1
3965 127 1
5291 127 1
2946 127 1
5498 127 1
416 127 1
5282 127 1
4106 127 1
6487 127 1
902 127 1
6767 127 1
5253 127 1
6618 127 1
1398 127 1
756 127 1
3159 127 1
3583 127 1
4564 127 1
2039 127 1
168 127 1
2133 127 1
1329 127 1
1243 127 1
5635 127 1
3787 127 1
2738 127 1
482 127 1
1040 127 1
732 127 1
6727 127 1
4011 127 1
593 127 1
3511 127 1
844 127 1
1381 127 1
6265 127 1
804 127 1
5843 127 1
1453 127 1
5010 127 1
4521 127 1
3401 127 1
3313 127 1
5630 127 1
3072 127 1
6030 127 1
2247 127 1
3192 127 1
3730 127 1
2253 127 1
2218 127 1
3449 127 1
2162 127 1
846 127 1
5682 127 1
3601 127 1
6456 127 1
5239 127 1
2363 127 1
6671 127 1
5744 127 1
4481 127 1
4143 127 1
4284 127 1
5275 127 1
3836 127 1
3026 127 1
3084 127 1
4065 127 1
5630 127 1
129 127 1
6294 127 1
5011 127 1
3919 127 1
2784 127 1
988 127 1
6029 127 1
3755 127 1
4599 127 1
1812 127 1
5596 127 1
2043 127 1
1614 127 1
1492 127 1
6690 127 1
4928 127 1
1050 127 1
2710 127 1
6175 127 1
650 127 1
2759 127 1
2537 127 1
364 127 1
6218 127 1
2856 127 1
2457 127 1
2609 127 1
1039 127 1
852 127 1
4499 127 1
5351 127 1
843 127 1
3336 127 1
2608 127 1
1869 127 1
5117 127 1
1493 127 1
2008 127 1
2320 127 1
707 127 1
1683 127 1
4566 127 1
740 127 1
1481 127 1
4526 127 1
19 127 1
5056 127 1
6307 127 1
5000 127 1
81 127 1
6546 127 1
3512 127 1
518 127 1
1735 127 1
368 127 1
1684 127 1
4475 127 1
3061 127 1
5994 127 1
446 127 1
6139 127 1
319 127 1
5079 127 1
740 127 1
5649 127 1
4577 127 1
1204 127 1
5997 127 1
1378 127 1
667 127 1
3583 127 1
535 127 1
885 127 1
6168 127 1
569 127 1
2538 127 1
295 127 1
6556 127 1
2744 127 1
3317 127 1
2147 127 1
379 127 1
3232 127 1
3611 127 1
5061 127 1
4833 127 1
4876 127 1
1491 127 1
5927 127 1
3096 127 1
3088 127 1
3531 127 1
2339 127 1
6204 127 1
5669 127 1
5290 127 1
5381 127 1
4268 127 1
1401 127 1
3582 127 1
4601 127 1
169 127 1
6705 127 1
2530 127 1
1800 127 1
5568 127 1
5075 127 1
2352 127 1
166 127 1
4882 127 1
4653 127 1
5421 127 1
2280 127 1
5692 127 1
6349 127 1
267 127 1
3240 127 1
3356 127 1
1737 127 1
4248 127 1
6146 127 1
4302 127 1
722 127 1
2795 127 1
5961 127 1
2419 127 1
228 127 1
5258 127 1
4437 127 1
4964 127 1
1675 128 1
5431 128 1
2658 128 1
3209 128 1
4176 128 1
2743 128 1
4491 128 1
5525 128 1
2480 128 1
6448 128 1
5578 128 1
2748 128 1
3876 128 1
4749 128 1
432 128 1
5525 128 1
2492 128 1
1145 128 1
1410 128 1
5703 128 1
5430 128 1
5460 128 1
1948 128 1
460 128 1
3707 128 1
194 128 1
1785 128 1
133 128 1
3869 128 1
6301 128 1
3140 128 1
4591 128 1
6468 128 1
6743 128 1
884 128 1
4057 128 1
409 128 1
5705 128 1
397 128 1
801 128 1
952 128 1
6120 128 1
5983 128 1
4948 128 1
2673 128 1
3819 128 1
5857 128 1
1428 128 1
4112 128 1
2816 128 1
93 128 1
2369 128 1
3702 128 1
3583 128 1
2112 128 1
6046 128 1
1964 128 1
1922 128 1
1584 128 1
5160 128 1
4772 128 1
3105 128 1
584 128 1
3483 128 1
659 128 1
6555 128 1
6124 128 1
1702 128 1
2578 128 1
1242 128 1
2499 128 1
809 128 1
2968 128 1
6413 128 1
1342 128 1
6332 128 1
4162 128 1
1580 128 1
3460 128 1
3096 128 1
5318 128 1
1764 128 1
4885 128 1
1272 128 1
6412 128 1
2885 128 1
560 128 1
3485 128 1
2380 128 1
3202 128 1
6150 128 1
4545 128 1
3214 128 1
6738 128 1
6614 128 1
877 128 1
1257 128 1
4665 128 1
2033 128 1
6463 128 1
5118 128 1
5177 128 1
6523 128 1
3636 128 1
3392 128 1
6146 128 1
666 128 1
5693 128 1
5917 128 1
2344 128 1
2205 128 1
5681 128 1
488 128 1
2052 128 1
1357 128 1
5283 128 1
4605 128 1
3509 128 1
1941 128 1
4517 128 1
5188 128 1
4446 128 1
5672 128 1
6014 128 1
3711 128 1
4901 128 1
3011 128 1
4043 128 1
2582 128 1
1780 128 1
5486 128 1
101 128 1
3284 128 1
6245 128 1
179 128 1
2159 128 1
6443 128 1
3030 128 1
2301 128 1
6121 128 1
5820 128 1
1006 128 1
2403 128 1
207 128 1
1706 128 1
5642 128 1
4991 128 1
2168 128 1
893 128 1
1220 128 1
3576 128 1
5753 128 1
2543 128 1
2837 128 1
455 128 1
4367 128 1
2581 128 1
4275 128 1
759 128 1
5714 128 1
5620 128 1
1697 128 1
6216 128 1
6676 128 1
5812 128 1
2765 128 1
1712 128 1
222 128 1
6541 128 1
4479 128 1
1611 128 1
4478 128 1
4701 128 1
5247 128 1
2643 128 1
6540 128 1
3279 128 1
2923 128 1
2060 128 1
6111 128 1
1946 128 1
927 128 1
6415 128 1
83 128 1
4150 128 1
1684 128 1
6376 128 1
2085 128 1
2199 128 1
1858 128 1
2263 128 1
4253 128 1
2687 128 1
3726 128 1
2372 128 1
4509 128 1
4974 128 1
4844 128 1
6228 128 1
3516 128 1
6424 128 1
4508 128 1
6126 128 1
6690 128 1
92 128 1
4529 128 1
3611 128 1
3834 128 1
3134 128 1
1039 128 1
6370 129 1
5351 129 1
3914 129 1
4715 129 1
4205 129 1
838 129 1
5845 129 1
3222 129 1
6472 129 1
937 129 1
4551 129 1
2453 129 1
4433 129 1
6070 129 1
394 129 1
1060 129 1
3947 129 1
2940 129 1
5730 129 1
699 129 1
2212 129 1
5809 129 1
2782 129 1
3621 129 1
4375 129 1
2483 129 1
5848 129 1
4432 129 1
1830 129 1
1188 129 1
1093 129 1
4263 129 1
1186 129 1
5445 129 1
3130 129 1
1365 129 1
1631 129 1
1635 129 1
6474 129 1
3924 129 1
5530 129 1
6332 129 1
1310 129 1
3406 129 1
3772 129 1
2305 129 1
5113 129 1
5160 129 1
4765 129 1
1855 129 1
3108 129 1
2908 129 1
4428 129 1
4221 129 1
914 129 1
3712 129 1
2559 129 1
6363 129 1
5564 129 1
3167 129 1
6333 129 1
2253 129 1
1489 129 1
6700 129 1
3043 129 1
2475 129 1
4346 129 1
3492 129 1
4065 129 1
1905 129 1
4801 129 1
1432 129 1
5749 129 1
4712 129 1
5342 129 1
5443 129 1
521 129 1
2170 129 1
2207 129 1
6612 129 1
4971 129 1
1062 129 1
6431 129 1
306 129 1
948 129 1
6027 129 1
4063 129 1
4944 129 1
6093 129 1
1005 129 1
2951 129 1
278 129 1
721 129 1
4420 129 1
621 129 1
2604 129 1
1468 129 1
3570 129 1
762 129 1
108 129 1
420 129 1
6549 129 1
1480 129 1
6011 129 1
6773 129 1
6324 129 1
1674 129 1
5822 129 1
1247 129 1
196 129 1
5629 129 1
6539 129 1
2160 129 1
687 129 1
3595 129 1
5939 129 1
473 129 1
780 129 1
6322 129 1
4558 129 1
4426 129 1
2213 129 1
5857 129 1
4626 129 1
340 129 1
282 129 1
6329 129 1
847 129 1
2783 129 1
1870 129 1
2521 129 1
6553 129 1
2738 129 1
4047 129 1
4767 129 1
6505 129 1
4922 129 1
3691 129 1
4192 129 1
1591 129 1
4246 129 1
1187 129 1
4707 129 1
1008 129 1
5771 129 1
1996 129 1
2660 129 1
5409 129 1
2173 129 1
3667 129 1
5934 129 1
6096 129 1
4861 129 1
4990 129 1
6220 129 1
6367 129 1
1414 129 1
147 129 1
1857 129 1
2704 129 1
3492 129 1
1741 129 1
449 129 1
5663 129 1
1443 129 1
5872 129 1
5641 129 1
66 129 1
5536 129 1
3038 129 1
4029 129 1
4334 129 1
5032 129 1
1112 129 1
6568 129 1
814 129 1
2130 129 1
5619 129 1
643 129 1
6623 129 1
4382 129 1
2667 129 1
145 129 1
3808 129 1
6462 129 1
4028 129 1
2059 129 1
5602 129 1
688 129 1
128 129 1
474 129 1
2841 129 1
4089 129 1
627 129 1
4578 129 1
3680 129 1
3718 129 1
1717 129 1
5923 129 1
6279 129 1
2858 129 1
6620 129 1
6471 129 1
5598 129 1
1830 129 1
3151 129 1
4394 129 1
3460 129 1
3662 129 1
176 129 1
4135 130 1
1394 130 1
1634 130 1
4520 130 1
1348 130 1
3961 130 1
1457 130 1
5923 130 1
2369 130 1
3529 130 1
5603 130 1
4031 130 1
4145 130 1
6370 130 1
1501 130 1
3189 130 1
876 130 1
3847 130 1
5495 130 1
4383 130 1
5655 130 1
4239 130 1
5094 130 1
5869 130 1
4904 130 1
2990 130 1
1020 130 1
6230 130 1
5512 130 1
6693 130 1
6091 130 1
180 130 1
228 130 1
605 130 1
3745 130 1
5958 130 1
6604 130 1
5129 130 1
2374 130 1
1051 130 1
2530 130 1
6075 130 1
3324 130 1
186 130 1
3324 130 1
4292 130 1
6006 130 1
36 130 1
1506 130 1
5396 130 1
6576 130 1
340 130 1
4228 130 1
5376 130 1
6183 130 1
1517 130 1
2875 130 1
5194 130 1
5375 130 1
4135 130 1
6024 130 1
3965 130 1
1437 130 1
3633 130 1
4498 130 1
4424 130 1
908 130 1
6435 130 1
2969 130 1
4145 130 1
686 130 1
4406 130 1
2508 130 1
2194 130 1
3809 130 1
4801 130 1
1344 130 1
4767 130 1
419 130 1
3416 130 1
190 130 1
2918 130 1
903 130 1
3250 130 1
1900 130 1
2394 130 1
5100 130 1
1294 130 1
6119 130 1
155 130 1
3316 130 1
5383 130 1
3916 130 1
1916 130 1
3668 130 1
3802 130 1
6583 130 1
4824 130 1
3951 130 1
3090 130 1
1275 130 1
1143 130 1
1737 130 1
675 130 1
2984 130 1
538 130 1
201 130 1
3157 130 1
2786 130 1
6126 130 1
6431 130 1
1548 130 1
5968 130 1
4926 130 1
1560 130 1
6608 130 1
1090 130 1
2118 130 1
5631 130 1
4224 130 1
5523 130 1
6527 130 1
244 130 1
810 130 1
3702 130 1
1674 130 1
3696 130 1
6385 130 1
1662 130 1
1472 130 1
2685 130 1
5760 130 1
4827 130 1
3894 130 1
3929 130 1
2102 130 1
4986 130 1
4577 130 1
5188 130 1
2027 130 1
5708 130 1
5409 130 1
5348 130 1
572 130 1
1183 130 1
6104 130 1
3030 130 1
4636 130 1
5584 130 1
287 130 1
3676 130 1
4989 130 1
1951 130 1
6623 130 1
908 130 1
2582 130 1
3753 130 1
4864 130 1
3560 130 1
1126 130 1
3808 130 1
3434 130 1
4766 130 1
2172 130 1
6759 130 1
2734 130 1
6788 130 1
2519 130 1
5792 130 1
858 130 1
5565 130 1
949 130 1
6269 130 1
5858 130 1
1647 130 1
3823 130 1
3495 130 1
6610 130 1
3137 130 1
1237 130 1
4993 130 1
4515 130 1
301 130 1
1784 130 1
4393 130 1
877 130 1
2405 130 1
4372 130 1
1795 130 1
1164 130 1
1567 130 1
733 130 1
3588 130 1
885 130 1
1078 130 1
520 130 1
4855 130 1
3833 130 1
6392 130 1
6698 130 1
2047 130 1
4217 130 1
5854 130 1
5126 130 1
1718 130 1
2655 130 1
774 130 1
4223 130 1
4850 130 1
721 130 1
4104 131 1
3398 131 1
6179 131 1
1178 131 1
5504 131 1
5785 131 1
3716 131 1
5795 131 1
6621 131 1
845 131 1
140 131 1
372 131 1
802 131 1
4827 131 1
3282 131 1
1290 131 1
4057 131 1
5651 131 1
6570 131 1
2090 131 1
2166 131 1
4088 131 1
1011 131 1
2575 131 1
6526 131 1
516 131 1
1396 131 1
6259 131 1
3712 131 1
2329 131 1
3639 131 1
6587 131 1
6644 131 1
3976 131 1
1818 131 1
5950 131 1
3050 131 1
5646 131 1
3395 131 1
353 131 1
5486 131 1
3307 131 1
684 131 1
5642 131 1
6732 131 1
5249 131 1
4034 131 1
1725 131 1
1036 131 1
4445 131 1
3532 131 1
3739 131 1
199 131 1
3973 131 1
1064 131 1
3990 131 1
3791 131 1
1262 131 1
5429 131 1
6011 131 1
6393 131 1
6201 131 1
3759 131 1
300 131 1
4061 131 1
2409 131 1
5159 131 1
4156 131 1
2051 131 1
5016 131 1
613 131 1
5004 131 1
4449 131 1
253 131 1
5785 131 1
974 131 1
685 131 1
6560 131 1
5145 131 1
1019 131 1
81 131 1
2467 131 1
3394 131 1
6183 131 1
6743 131 1
3205 131 1
6283 131 1
780 131 1
5405 131 1
1750 131 1
3235 131 1
3592 131 1
2909 131 1
4440 131 1
5180 131 1
3419 131 1
5022 131 1
6487 131 1
2784 131 1
2698 131 1
616 131 1
1088 131 1
6404 131 1
5945 131 1
5679 131 1
2951 131 1
3626 131 1
1979 131 1
3753 131 1
543 131 1
1001 131 1
5395 131 1
6360 131 1
530 131 1
1162 131 1
6485 131 1
3989 131 1
2481 131 1
3969 131 1
637 131 1
28 131 1
5960 131 1
3398 131 1
6282 131 1
293 131 1
5551 131 1
972 131 1
519 131 1
961 131 1
4948 131 1
1865 131 1
1614 131 1
1591 131 1
1954 131 1
5921 131 1
2311 131 1
2046 131 1
4616 131 1
6744 131 1
6728 131 1
4580 131 1
3236 131 1
4842 131 1
2746 131 1
2895 131 1
5171 131 1
6344 131 1
416 131 1
6735 131 1
3140 131 1
1516 131 1
1648 131 1
5647 131 1
1875 131 1
6035 131 1
1906 131 1
253 131 1
1277 131 1
911 131 1
5290 131 1
6141 131 1
4956 131 1
2912 131 1
3964 131 1
3958 131 1
236 131 1
1636 131 1
1838 131 1
3013 131 1
1577 131 1
4297 131 1
738 131 1
6500 131 1
6439 131 1
947 131 1
3305 131 1
6427 131 1
2334 131 1
1138 131 1
412 131 1
5867 131 1
433 131 1
859 131 1
6592 131 1
3266 131 1
3106 131 1
1345 131 1
5761 131 1
4681 131 1
76 131 1
4414 131 1
3823 131 1
5042 131 1
1287 131 1
5613 131 1
678 131 1
5319 131 1
982 131 1
6683 131 1
5678 131 1
885 131 1
6785 131 1
853 131 1
4409 131 1
4180 131 1
3491 131 1
6158 131 1
6209 131 1
5236 131 1
3083 131 1
2088 132 1
6165 132 1
5831 132 1
2970 132 1
4636 132 1
3797 132 1
445 132 1
1694 132 1
6500 132 1
158 132 1
5948 132 1
1651 132 1
6531 132 1
1178 132 1
1037 132 1
4746 132 1
836 132 1
5871 132 1
4422 132 1
349 132 1
6754 132 1
6773 132 1
3592 132 1
4270 132 1
1864 132 1
4114 132 1
1289 132 1
5149 132 1
2361 132 1
221 132 1
6567 132 1
1933 132 1
2248 132 1
5921 132 1
3877 132 1
3321 132 1
5989 132 1
1551 132 1
3354 132 1
1388 132 1
5774 132 1
886 132 1
1123 132 1
5544 132 1
5493 132 1
2049 132 1
3378 132 1
4306 132 1
2929 132 1
95 132 1
4633 132 1
2635 132 1
730 132 1
6435 132 1
3789 132 1
3152 132 1
5357 132 1
6738 132 1
3676 132 1
1207 132 1
3862 132 1
2836 132 1
4097 132 1
5130 132 1
3784 132 1
5984 132 1
2450 132 1
4914 132 1
3198 132 1
2213 132 1
1594 132 1
3683 132 1
741 132 1
2617 132 1
2934 132 1
562 132 1
1983 132 1
2063 132 1
2062 132 1
2879 132 1
817 132 1
4146 132 1
6690 132 1
3671 132 1
5524 132 1
2196 132 1
1584 132 1
6385 132 1
6222 132 1
2066 132 1
2462 132 1
3296 132 1
1289 132 1
3035 132 1
2129 132 1
5690 132 1
6446 132 1
681 132 1
2764 132 1
3053 132 1
2618 132 1
2701 132 1
6761 132 1
5623 132 1
6616 132 1
3445 132 1
4580 132 1
1985 132 1
4812 132 1
2363 132 1
6014 132 1
5886 132 1
4825 132 1
78 132 1
6462 132 1
1270 132 1
460 132 1
540 132 1
5269 132 1
4837 132 1
5246 132 1
5166 132 1
1697 132 1
394 132 1
2987 132 1
3648 132 1
3764 132 1
6541 132 1
4659 132 1
5256 132 1
5450 132 1
3279 132 1
1423 132 1
2203 132 1
3301 132 1
4721 132 1
3259 132 1
187 132 1
1404 132 1
3222 132 1
1786 132 1
4443 132 1
2518 132 1
4946 132 1
2420 132 1
578 132 1
5502 132 1
6603 132 1
4736 132 1
3609 132 1
2042 132 1
4782 132 1
3159 132 1
1145 132 1
1768 132 1
6559 132 1
246 132 1
6633 132 1
1022 132 1
1636 132 1
45 132 1
5164 132 1
5873 132 1
2339 132 1
5954 132 1
5561 132 1
3781 132 1
6556 132 1
4035 132 1
1641 132 1
6749 132 1
6762 132 1
5603 132 1
442 132 1
3577 132 1
56 132 1
511 132 1
4590 132 1
759 132 1
790 132 1
4183 132 1
6612 132 1
4362 132 1
4043 132 1
505 132 1
171 132 1
1237 132 1
2909 132 1
5046 132 1
3434 132 1
5007 132 1
5004 132 1
1766 132 1
554 132 1
1415 132 1
6297 132 1
5484 132 1
4849 132 1
6143 132 1
6229 132 1
2911 132 1
910 132 1
1738 132 1
536 132 1
2218 132 1
2566 132 1
2454 132 1
3140 132 1
970 132 1
1919 132 1
1016 133 1
6656 133 1
1953 133 1
3699 133 1
5421 133 1
1439 133 1
1334 133 1
2024 133 1
6553 133 1
1642 133 1
313 133 1
4457 133 1
2042 133 1
3708 133 1
3681 133 1
6058 133 1
2637 133 1
5661 133 1
5779 133 1
6649 133 1
4564 133 1
3714 133 1
491 133 1
4355 133 1
517 133 1
5692 133 1
1764 133 1
3732 133 1
6348 133 1
2046 133 1
1593 133 1
585 133 1
1008 133 1
5976 133 1
1983 133 1
5328 133 1
2867 133 1
5603 133 1
3682 133 1
1627 133 1
5827 133 1
4999 133 1
6611 133 1
4734 133 1
704 133 1
5918 133 1
170 133 1
365 133 1
5624 133 1
6491 133 1
6648 133 1
5216 133 1
5394 133 1
3196 133 1
4838 133 1
1623 133 1
3077 133 1
3836 133 1
2706 133 1
25 133 1
1253 133 1
4733 133 1
3762 133 1
471 133 1
4189 133 1
3891 133 1
1612 133 1
1504 133 1
2146 133 1
5248 133 1
6417 133 1
3552 133 1
4328 133 1
4179 133 1
2662 133 1
6727 133 1
88 133 1
6514 133 1
971 133 1
4724 133 1
4364 133 1
4747 133 1
5802 133 1
4641 133 1
4568 133 1
4318 133 1
1251 133 1
2874 133 1
1209 133 1
1380 133 1
3211 133 1
2995 133 1
2572 133 1
6615 133 1
3556 133 1
4990 133 1
2003 133 1
4877 133 1
2193 133 1
5269 133 1
2312 133 1
2734 133 1
599 133 1
5135 133 1
3436 133 1
1277 133 1
4261 133 1
2982 133 1
3731 133 1
4790 133 1
2469 133 1
1013 133 1
3720 133 1
5000 133 1
584 133 1
2344 133 1
1484 133 1
4361 133 1
985 133 1
6274 133 1
2953 133 1
1748 133 1
2366 133 1
4200 133 1
2593 133 1
4880 133 1
221 133 1
6666 133 1
5600 133 1
4189 133 1
3322 133 1
633 133 1
2489 133 1
5186 133 1
4246 133 1
4422 133 1
1045 133 1
4596 133 1
1295 133 1
670 133 1
4421 133 1
3670 133 1
5357 133 1
5880 133 1
4515 133 1
818 133 1
5479 133 1
1450 133 1
6072 133 1
3937 133 1
5043 133 1
5383 133 1
5722 133 1
601 133 1
4100 133 1
5606 133 1
3827 133 1
252 133 1
1893 133 1
808 133 1
5232 133 1
5411 133 1
6473 133 1
3501 133 1
6619 133 1
4214 133 1
2119 133 1
4506 133 1
2034 133 1
2656 133 1
1288 133 1
6247 133 1
2512 133 1
3825 133 1
1989 133 1
3068 133 1
5276 133 1
5402 133 1
5524 133 1
5739 133 1
4148 133 1
4876 133 1
3768 133 1
5972 133 1
6339 133 1
3157 133 1
3058 133 1
3082 133 1
2640 133 1
2477 133 1
4617 133 1
5824 133 1
1506 133 1
127 133 1
6676 133 1
2102 133 1
6217 133 1
5092 133 1
6233 133 1
6713 133 1
900 133 1
806 133 1
584 133 1
4574 133 1
2420 133 1
3881 133 1
1114 133 1
5636 133 1
4637 133 1
2018 133 1
4571 134 1
6001 134 1
5194 134 1
3457 134 1
4958 134 1
4353 134 1
1460 134 1
2788 134 1
2162 134 1
2140 134 1
421 134 1
2661 134 1
142 134 1
4951 134 1
1547 134 1
1570 134 1
2383 134 1
3467 134 1
11 134 1
156 134 1
6340 134 1
3164 134 1
4735 134 1
2431 134 1
5761 134 1
2317 134 1
945 134 1
2336 134 1
4488 134 1
275 134 1
6782 134 1
5177 134 1
994 134 1
5757 134 1
1538 134 1
2403 134 1
6 134 1
5439 134 1
3475 134 1
6534 134 1
2763 134 1
1669 134 1
2273 134 1
1743 134 1
6102 134 1
1308 134 1
4936 134 1
1155 134 1
78 134 1
2274 134 1
3535 134 1
2402 134 1
971 134 1
1619 134 1
1843 134 1
6621 134 1
1534 134 1
1543 134 1
1826 134 1
6536 134 1
563 134 1
315 134 1
6718 134 1
2743 134 1
4415 134 1
598 134 1
1386 134 1
4215 134 1
5433 134 1
4713 134 1
2825 134 1
5029 134 1
6478 134 1
3060 134 1
3820 134 1
4525 134 1
13 134 1
2892 134 1
309 134 1
3447 134 1
743 134 1
4896 134 1
3689 134 1
3862 134 1
5816 134 1
5464 134 1
6788 134 1
3938 134 1
796 134 1
1282 134 1
1517 134 1
5671 134 1
1001 134 1
4816 134 1
2037 134 1
4875 134 1
1017 134 1
3490 134 1
772 134 1
4574 134 1
1654 134 1
2501 134 1
5877 134 1
4201 134 1
1846 134 1
3861 134 1
1937 134 1
270 134 1
4640 134 1
2005 134 1
1910 134 1
2270 134 1
4534 134 1
2115 134 1
1774 134 1
4066 134 1
4188 134 1
3224 134 1
942 134 1
632 134 1
4050 134 1
3256 134 1
211 134 1
459 134 1
3416 134 1
2235 134 1
4965 134 1
5244 134 1
3887 134 1
3083 134 1
1537 134 1
6559 134 1
1948 134 1
2932 134 1
6701 134 1
6009 134 1
4156 134 1
4696 134 1
1811 134 1
1341 134 1
380 134 1
6282 134 1
5001 134 1
5883 134 1
1319 134 1
1390 134 1
890 134 1
1339 134 1
2719 134 1
3277 134 1
419 134 1
6522 134 1
1672 134 1
4681 134 1
5997 134 1
1526 134 1
485 134 1
2 134 1
2880 134 1
1894 134 1
1275 134 1
6745 134 1
172 134 1
5583 134 1
1400 134 1
2724 134 1
5825 134 1
1331 134 1
3186 134 1
2560 134 1
1997 134 1
2636 134 1
190 134 1
2739 134 1
3082 134 1
6561 134 1
6564 134 1
1615 134 1
1515 134 1
4947 134 1
5440 134 1
4652 134 1
5635 134 1
2136 134 1
555 134 1
4433 134 1
5089 134 1
5376 134 1
5643 134 1
1148 134 1
256 134 1
3105 134 1
5588 134 1
5779 134 1
2825 134 1
6094 134 1
5872 134 1
5949 134 1
263 134 1
2130 134 1
6100 134 1
4091 134 1
1669 134 1
2447 134 1
1383 134 1
5744 134 1
2832 134 1
4259 134 1
5266 134 1
4041 134 1
5405 135 1
1963 135 1
2961 135 1
2126 135 1
383 135 1
934 135 1
2130 135 1
5302 135 1
4763 135 1
1071 135 1
1341 135 1
3496 135 1
4774 135 1
885 135 1
1773 135 1
1304 135 1
849 135 1
5859 135 1
1813 135 1
733 135 1
5319 135 1
3355 135 1
573 135 1
6109 135 1
1793 135 1
5967 135 1
6524 135 1
3459 135 1
161 135 1
1814 135 1
6384 135 1
3416 135 1
593 135 1
4143 135 1
2218 135 1
3603 135 1
2231 135 1
5302 135 1
4139 135 1
4658 135 1
5447 135 1
4948 135 1
6446 135 1
5583 135 1
3876 135 1
2808 135 1
3924 135 1
6773 135 1
4615 135 1
4148 135 1
5301 135 1
1734 135 1
6286 135 1
1774 135 1
2842 135 1
2585 135 1
1079 135 1
4301 135 1
666 135 1
3790 135 1
6468 135 1
519 135 1
3576 135 1
4154 135 1
2523 135 1
5809 135 1
190 135 1
3629 135 1
5520 135 1
189 135 1
4847 135 1
2762 135 1
4938 135 1
3296 135 1
2390 135 1
4986 135 1
757 135 1
4175 135 1
2705 135 1
3712 135 1
5054 135 1
6503 135 1
632 135 1
2275 135 1
3133 135 1
3780 135 1
5234 135 1
4984 135 1
3609 135 1
6496 135 1
4650 135 1
4309 135 1
2048 135 1
4876 135 1
1026 135 1
2597 135 1
4394 135 1
3333 135 1
2398 135 1
6157 135 1
2320 135 1
6372 135 1
6366 135 1
6038 135 1
6527 135 1
5025 135 1
6285 135 1
1577 135 1
1703 135 1
3135 135 1
3456 135 1
168 135 1
3653 135 1
472 135 1
874 135 1
1664 135 1
2107 135 1
3733 135 1
3551 135 1
156 135 1
3407 135 1
1804 135 1
4847 135 1
4980 135 1
6235 135 1
3789 135 1
85 135 1
4318 135 1
4083 135 1
4335 135 1
6569 135 1
3700 135 1
1054 135 1
831 135 1
973 135 1
4869 135 1
5354 135 1
3904 135 1
3205 135 1
809 135 1
2702 135 1
2475 135 1
2653 135 1
1396 135 1
5590 135 1
6224 135 1
6202 135 1
2065 135 1
4551 135 1
1871 135 1
1714 135 1
6531 135 1
3139 135 1
3934 135 1
4798 135 1
2179 135 1
1711 135 1
2395 135 1
6114 135 1
4413 135 1
3470 135 1
5556 135 1
5264 135 1
1873 135 1
3809 135 1
2344 135 1
3821 135 1
3841 135 1
1196 135 1
2720 135 1
1611 135 1
3721 135 1
1621 135 1
4421 135 1
1034 135 1
5801 135 1
6139 135 1
6419 135 1
4293 135 1
5861 135 1
5316 135 1
37 135 1
6026 135 1
2083 135 1
4264 135 1
4053 135 1
878 135 1
6147 135 1
5317 135 1
5342 135 1
5921 135 1
3813 135 1
4956 135 1
2617 135 1
4560 135 1
2425 135 1
2824 135 1
5317 135 1
6347 135 1
2897 135 1
2185 135 1
198 135 1
1403 135 1
903 135 1
6418 135 1
3044 135 1
1200 135 1
69 135 1
5857 135 1
5652 135 1
2915 136 1
4220 136 1
250 136 1
3910 136 1
6454 136 1
4982 136 1
4298 136 1
1105 136 1
4878 136 1
3196 136 1
4344 136 1
1632 136 1
3074 136 1
1630 136 1
368 136 1
818 136 1
4935 136 1
738 136 1
2218 136 1
4242 136 1
4284 136 1
5864 136 1
3575 136 1
2793 136 1
1327 136 1
5997 136 1
131 136 1
3921 136 1
3199 136 1
6638 136 1
5241 136 1
6193 136 1
3904 136 1
5605 136 1
6265 136 1
6409 136 1
3587 136 1
5298 136 1
2572 136 1
2567 136 1
6246 136 1
1877 136 1
2257 136 1
1266 136 1
5268 136 1
2101 136 1
6201 136 1
334 136 1
1874 136 1
1802 136 1
5178 136 1
5321 136 1
500 136 1
4983 136 1
4769 136 1
3564 136 1
1381 136 1
1444 136 1
3179 136 1
5333 136 1
4259 136 1
5726 136 1
6568 136 1
4953 136 1
4854 136 1
4880 136 1
3797 136 1
1746 136 1
3150 136 1
4353 136 1
5193 136 1
207 136 1
4741 136 1
3240 136 1
4097 136 1
1279 136 1
1600 136 1
3099 136 1
3252 136 1
4434 136 1
2387 136 1
6207 136 1
4305 136 1
5162 136 1
6292 136 1
572 136 1
2509 136 1
3766 136 1
770 136 1
6528 136 1
3339 136 1
1491 136 1
1542 136 1
1190 136 1
4690 136 1
1892 136 1
2446 136 1
2291 136 1
3523 136 1
6420 136 1
1197 136 1
3427 136 1
4555 136 1
2368 136 1
242 136 1
475 136 1
3850 136 1
574 136 1
3725 136 1
1022 136 1
4071 136 1
3593 136 1
3634 136 1
5630 136 1
1806 136 1
3213 136 1
2405 136 1
6544 136 1
3099 136 1
1524 136 1
3601 136 1
4383 136 1
5674 136 1
4836 136 1
5120 136 1
4959 136 1
1648 136 1
550 136 1
3418 136 1
6060 136 1
1276 136 1
2484 136 1
1050 136 1
6148 136 1
2402 136 1
615 136 1
1547 136 1
1367 136 1
4191 136 1
3031 136 1
5658 136 1
6355 136 1
2347 136 1
673 136 1
945 136 1
3277 136 1
3743 136 1
2593 136 1
572 136 1
1963 136 1
1093 136 1
3002 136 1
1766 136 1
5580 136 1
3535 136 1
1967 136 1
6244 136 1
2581 136 1
6735 136 1
2460 136 1
1493 136 1
2200 136 1
5538 136 1
6277 136 1
471 136 1
262 136 1
3079 136 1
6213 136 1
944 136 1
2490 136 1
4930 136 1
2883 136 1
2694 136 1
3307 136 1
4870 136 1
4554 136 1
5021 136 1
4579 136 1
2750 136 1
5440 136 1
1655 136 1
2952 136 1
6210 136 1
1014 136 1
1828 136 1
2910 136 1
6071 136 1
2902 136 1
5119 136 1
4590 136 1
3178 136 1
5846 136 1
5 136 1
3030 136 1
1058 136 1
5649 136 1
2041 136 1
5399 136 1
77 136 1
3308 136 1
5195 136 1
2590 136 1
6757 136 1
3865 136 1
3718 136 1
6273 136 1
5894 136 1
92 136 1
6705 136 1
2415 136 1
5497 137 1
3674 137 1
4814 137 1
6039 137 1
6600 137 1
2516 137 1
4573 137 1
3181 137 1
6587 137 1
4375 137 1
5871 137 1
4567 137 1
2996 137 1
1657 137 1
810 137 1
392 137 1
5698 137 1
6051 137 1
6420 137 1
4976 137 1
4007 137 1
3399 137 1
3937 137 1
1857 137 1
894 137 1
3250 137 1
4206 137 1
5175 137 1
4273 137 1
4454 137 1
765 137 1
6718 137 1
4879 137 1
5713 137 1
1828 137 1
6673 137 1
5419 137 1
4943 137 1
1658 137 1
2515 137 1
3226 137 1
4241 137 1
852 137 1
5251 137 1
3565 137 1
1481 137 1
2519 137 1
6296 137 1
869 137 1
4860 137 1
6054 137 1
3551 137 1
4274 137 1
3679 137 1
632 137 1
1461 137 1
5905 137 1
1733 137 1
6007 137 1
4740 137 1
554 137 1
369 137 1
6580 137 1
3548 137 1
3243 137 1
2978 137 1
2187 137 1
3327 137 1
1269 137 1
5301 137 1
1164 137 1
2634 137 1
2040 137 1
3510 137 1
5678 137 1
4563 137 1
1489 137 1
5060 137 1
3903 137 1
1359 137 1
1735 137 1
1411 137 1
1982 137 1
1606 137 1
4896 137 1
3161 137 1
6696 137 1
6445 137 1
2660 137 1
5534 137 1
4238 137 1
1688 137 1
58 137 1
6035 137 1
6699 137 1
1702 137 1
4024 137 1
1654 137 1
475 137 1
2193 137 1
50 137 1
5456 137 1
3332 137 1
1604 137 1
2483 137 1
1769 137 1
2471 137 1
891 137 1
2331 137 1
2786 137 1
920 137 1
2803 137 1
3433 137 1
2811 137 1
3150 137 1
2936 137 1
5677 137 1
1987 137 1
1609 137 1
1757 137 1
2011 137 1
2632 137 1
5677 137 1
6356 137 1
822 137 1
3417 137 1
5517 137 1
1580 137 1
5664 137 1
3719 137 1
4420 137 1
651 137 1
296 137 1
4843 137 1
1681 137 1
4915 137 1
377 137 1
1832 137 1
4791 137 1
1481 137 1
2619 137 1
238 137 1
4638 137 1
6077 137 1
2177 137 1
3615 137 1
5329 137 1
3281 137 1
4843 137 1
4319 137 1
4543 137 1
2771 137 1
6379 137 1
1849 137 1
5368 137 1
6194 137 1
4686 137 1
173 137 1
2661 137 1
6610 137 1
6196 137 1
2479 137 1
624 137 1
4818 137 1
3337 137 1
5218 137 1
6646 137 1
4016 137 1
3052 137 1
2907 137 1
3212 137 1
2096 137 1
22 137 1
4286 137 1
5900 137 1
5764 137 1
76 137 1
4341 137 1
5571 137 1
953 137 1
6422 137 1
3794 137 1
2655 137 1
2891 137 1
1873 137 1
6550 137 1
4063 137 1
6700 137 1
4444 137 1
4021 137 1
4814 137 1
3730 137 1
4126 137 1
896 137 1
2885 137 1
6301 137 1
4224 137 1
1130 137 1
3929 137 1
3743 137 1
2529 137 1
1046 137 1
4055 137 1
1911 137 1
1161 137 1
1100 137 1
1469 137 1
1352 137 1
1208 137 1
511 138 1
4339 138 1
1637 138 1
1844 138 1
4695 138 1
2740 138 1
1382 138 1
4535 138 1
3087 138 1
5686 138 1
2787 138 1
872 138 1
892 138 1
654 138 1
145 138 1
6475 138 1
4947 138 1
2975 138 1
5333 138 1
5810 138 1
6201 138 1
4242 138 1
4856 138 1
2591 138 1
3326 138 1
2699 138 1
2029 138 1
2779 138 1
302 138 1
3660 138 1
3526 138 1
942 138 1
6169 138 1
1822 138 1
4953 138 1
5431 138 1
501 138 1
2690 138 1
3382 138 1
1532 138 1
6497 138 1
1088 138 1
6531 138 1
240 138 1
3339 138 1
3873 138 1
3774 138 1
3522 138 1
3147 138 1
1086 138 1
2870 138 1
4091 138 1
4915 138 1
1613 138 1
101 138 1
6517 138 1
4786 138 1
3323 138 1
5387 138 1
744 138 1
4858 138 1
502 138 1
1685 138 1
1145 138 1
6656 138 1
4247 138 1
5119 138 1
1374 138 1
3681 138 1
1774 138 1
1993 138 1
6658 138 1
794 138 1
3960 138 1
764 138 1
6327 138 1
1224 138 1
6717 138 1
3813 138 1
2478 138 1
313 138 1
4338 138 1
5918 138 1
5704 138 1
6737 138 1
5891 138 1
6204 138 1
6301 138 1
3818 138 1
383 138 1
6524 138 1
6118 138 1
3757 138 1
2779 138 1
6142 138 1
6403 138 1
3283 138 1
5543 138 1
2384 138 1
3015 138 1
4960 138 1
3980 138 1
2568 138 1
2499 138 1
3688 138 1
5812 138 1
506 138 1
4724 138 1
143 138 1
642 138 1
5645 138 1
4677 138 1
5279 138 1
4325 138 1
4321 138 1
3770 138 1
5431 138 1
4407 138 1
4122 138 1
1717 138 1
4106 138 1
3811 138 1
6541 138 1
4627 138 1
5428 138 1
5468 138 1
2361 138 1
4402 138 1
2959 138 1
1944 138 1
5492 138 1
7 138 1
2110 138 1
4820 138 1
1637 138 1
717 138 1
5239 138 1
6234 138 1
5241 138 1
919 138 1
139 138 1
3911 138 1
4756 138 1
5629 138 1
103 138 1
5012 138 1
6514 138 1
6161 138 1
1786 138 1
290 138 1
2582 138 1
1242 138 1
5623 138 1
4778 138 1
3546 138 1
1668 138 1
3079 138 1
6707 138 1
669 138 1
5332 138 1
5222 138 1
2207 138 1
1354 138 1
5628 138 1
3467 138 1
2940 138 1
2752 138 1
2799 138 1
5522 138 1
6518 138 1
5222 138 1
1665 138 1
1580 138 1
3838 138 1
4844 138 1
264 138 1
239 138 1
3671 138 1
454 138 1
2036 138 1
6018 138 1
1543 138 1
540 138 1
4238 138 1
2506 138 1
1174 138 1
5313 138 1
4441 138 1
2786 138 1
2056 138 1
6397 138 1
4153 138 1
3294 138 1
2886 138 1
576 138 1
5442 138 1
4542 138 1
1890 138 1
4086 138 1
6094 138 1
5258 138 1
2440 138 1
233 138 1
6157 138 1
120 138 1
2552 138 1
4236 138 1
1410 138 1
1462 138 1
1626 139 1
3216 139 1
6676 139 1
3563 139 1
2433 139 1
5743 139 1
5162 139 1
4466 139 1
591 139 1
1374 139 1
711 139 1
4677 139 1
3659 139 1
4658 139 1
3769 139 1
2267 139 1
4835 139 1
801 139 1
6372 139 1
4754 139 1
1502 139 1
6692 139 1
574 139 1
498 139 1
5742 139 1
512 139 1
6379 139 1
3956 139 1
6735 139 1
756 139 1
3943 139 1
4046 139 1
595 139 1
1310 139 1
3612 139 1
5232 139 1
1609 139 1
912 139 1
1288 139 1
3340 139 1
147 139 1
4995 139 1
1846 139 1
6295 139 1
4749 139 1
3248 139 1
54 139 1
297 139 1
3001 139 1
5488 139 1
3893 139 1
5963 139 1
2742 139 1
3555 139 1
684 139 1
2245 139 1
3497 139 1
2067 139 1
1051 139 1
5057 139 1
5889 139 1
652 139 1
1508 139 1
1539 139 1
1094 139 1
5060 139 1
3562 139 1
4335 139 1
3070 139 1
2522 139 1
5193 139 1
5132 139 1
1208 139 1
630 139 1
1994 139 1
6506 139 1
1481 139 1
2044 139 1
4500 139 1
4196 139 1
974 139 1
5829 139 1
5859 139 1
1642 139 1
3125 139 1
4613 139 1
2514 139 1
4336 139 1
787 139 1
1451 139 1
6243 139 1
745 139 1
706 139 1
5544 139 1
2870 139 1
901 139 1
4093 139 1
2440 139 1
1390 139 1
5573 139 1
6243 139 1
4437 139 1
5541 139 1
741 139 1
1838 139 1
2868 139 1
5718 139 1
4777 139 1
1515 139 1
1884 139 1
2108 139 1
1826 139 1
1424 139 1
457 139 1
328 139 1
1797 139 1
4284 139 1
5823 139 1
537 139 1
4179 139 1
250 139 1
3644 139 1
6245 139 1
1179 139 1
5781 139 1
2367 139 1
647 139 1
1294 139 1
5376 139 1
2353 139 1
6551 139 1
2917 139 1
1114 139 1
3264 139 1
1442 139 1
6123 139 1
1268 139 1
3633 139 1
1459 139 1
513 139 1
3135 139 1
1425 139 1
4580 139 1
5787 139 1
481 139 1
1368 139 1
2387 139 1
1288 139 1
1703 139 1
6065 139 1
1698 139 1
4072 139 1
3987 139 1
3913 139 1
2337 139 1
6579 139 1
6763 139 1
4370 139 1
3739 139 1
4257 139 1
2826 139 1
5471 139 1
5900 139 1
3655 139 1
6340 139 1
1543 139 1
2652 139 1
2120 139 1
1284 139 1
3951 139 1
6220 139 1
3625 139 1
2806 139 1
1827 139 1
873 139 1
6466 139 1
815 139 1
2471 139 1
2297 139 1
5494 139 1
5967 139 1
1384 139 1
1126 139 1
1796 139 1
1849 139 1
1952 139 1
1347 139 1
4198 139 1
4857 139 1
5455 139 1
4187 139 1
480 139 1
5755 139 1
2436 139 1
378 139 1
5258 139 1
1171 139 1
1237 139 1
6750 139 1
5806 139 1
3767 139 1
4946 139 1
116 139 1
6217 139 1
4558 139 1
6085 139 1
6391 139 1
1261 139 1
341 139 1
2127 140 1
6080 140 1
1637 140 1
5588 140 1
522 140 1
4979 140 1
5402 140 1
945 140 1
5865 140 1
3786 140 1
2438 140 1
5055 140 1
1682 140 1
5146 140 1
4495 140 1
5667 140 1
2591 140 1
797 140 1
4848 140 1
3695 140 1
3913 140 1
5963 140 1
6060 140 1
4988 140 1
5819 140 1
6604 140 1
6759 140 1
4453 140 1
3323 140 1
3102 140 1
1289 140 1
2120 140 1
3140 140 1
1859 140 1
3300 140 1
6766 140 1
3141 140 1
5987 140 1
5677 140 1
1070 140 1
6524 140 1
2552 140 1
4956 140 1
4298 140 1
2101 140 1
1462 140 1
6677 140 1
1083 140 1
5969 140 1
110 140 1
607 140 1
806 140 1
1783 140 1
1802 140 1
6434 140 1
2552 140 1
2899 140 1
3585 140 1
5977 140 1
3423 140 1
3848 140 1
6713 140 1
3808 140 1
3161 140 1
6542 140 1
2888 140 1
5844 140 1
6499 140 1
3853 140 1
3670 140 1
6009 140 1
5305 140 1
448 140 1
1442 140 1
1321 140 1
6683 140 1
4883 140 1
5636 140 1
2735 140 1
3578 140 1
4196 140 1
3507 140 1
6479 140 1
2747 140 1
2360 140 1
6461 140 1
6235 140 1
1416 140 1
3801 140 1
2704 140 1
5904 140 1
1550 140 1
5941 140 1
5014 140 1
4055 140 1
6233 140 1
2149 140 1
5594 140 1
2946 140 1
4944 140 1
4555 140 1
5614 140 1
2781 140 1
4917 140 1
6212 140 1
398 140 1
6520 140 1
2075 140 1
3657 140 1
2747 140 1
1672 140 1
1898 140 1
141 140 1
5469 140 1
6086 140 1
5573 140 1
5047 140 1
3603 140 1
6656 140 1
6400 140 1
878 140 1
3206 140 1
2197 140 1
5564 140 1
1274 140 1
276 140 1
2427 140 1
5091 140 1
5285 140 1
1055 140 1
3608 140 1
1536 140 1
4335 140 1
3182 140 1
1149 140 1
1915 140 1
736 140 1
2471 140 1
1403 140 1
1515 140 1
3745 140 1
2781 140 1
5932 140 1
6026 140 1
3144 140 1
3273 140 1
5177 140 1
6330 140 1
4885 140 1
5386 140 1
839 140 1
4329 140 1
6351 140 1
2092 140 1
329 140 1
1413 140 1
1927 140 1
4612 140 1
3626 140 1
5594 140 1
2369 140 1
1069 140 1
2510 140 1
2060 140 1
162 140 1
1667 140 1
6764 140 1
4822 140 1
2309 140 1
2428 140 1
131 140 1
1198 140 1
1609 140 1
6556 140 1
2420 140 1
3474 140 1
2746 140 1
3629 140 1
931 140 1
5813 140 1
605 140 1
6367 140 1
1813 140 1
841 140 1
2352 140 1
4934 140 1
3567 140 1
6636 140 1
3891 140 1
4721 140 1
536 140 1
6161 140 1
6596 140 1
789 140 1
6191 140 1
841 140 1
1295 140 1
2891 140 1
6339 140 1
3355 140 1
2322 140 1
1993 140 1
3454 140 1
4270 140 1
766 140 1
3520 140 1
1253 140 1
1663 140 1
3692 140 1
1961 141 1
6763 141 1
4403 141 1
4862 141 1
3137 141 1
1025 141 1
2845 141 1
6646 141 1
3599 141 1
6573 141 1
5733 141 1
1365 141 1
5122 141 1
5383 141 1
1237 141 1
2914 141 1
6643 141 1
2732 141 1
2342 141 1
458 141 1
4180 141 1
4438 141 1
6027 141 1
3773 141 1
3209 141 1
710 141 1
6656 141 1
5819 141 1
1413 141 1
4963 141 1
5042 141 1
223 141 1
2259 141 1
4036 141 1
455 141 1
4430 141 1
5270 141 1
4284 141 1
5281 141 1
4948 141 1
4077 141 1
5338 141 1
3494 141 1
108 141 1
4317 141 1
470 141 1
284 141 1
6542 141 1
5304 141 1
1850 141 1
3027 141 1
134 141 1
3764 141 1
3777 141 1
1524 141 1
6639 141 1
6027 141 1
5137 141 1
393 141 1
5880 141 1
3655 141 1
4767 141 1
328 141 1
3276 141 1
6695 141 1
3862 141 1
2760 141 1
588 141 1
3188 141 1
4126 141 1
1461 141 1
5216 141 1
6627 141 1
5974 141 1
4156 141 1
3298 141 1
669 141 1
1583 141 1
3472 141 1
6125 141 1
2009 141 1
4916 141 1
3558 141 1
3052 141 1
2286 141 1
3141 141 1
5173 141 1
3722 141 1
4996 141 1
6122 141 1
2996 141 1
3519 141 1
3839 141 1
1454 141 1
6392 141 1
878 141 1
1555 141 1
5155 141 1
119 141 1
4222 141 1
3180 141 1
5158 141 1
4819 141 1
1888 141 1
5641 141 1
6381 141 1
1838 141 1
3821 141 1
6774 141 1
4915 141 1
957 141 1
1543 141 1
188 141 1
4700 141 1
5409 141 1
1158 141 1
5132 141 1
1788 141 1
1646 141 1
5505 141 1
181 141 1
3256 141 1
3209 141 1
6125 141 1
4089 141 1
2364 141 1
3384 141 1
3988 141 1
5118 141 1
5477 141 1
4448 141 1
6751 141 1
1176 141 1
3364 141 1
4672 141 1
4597 141 1
2829 141 1
2158 141 1
5530 141 1
2275 141 1
3620 141 1
619 141 1
5481 141 1
1729 141 1
5194 141 1
2948 141 1
3978 141 1
5335 141 1
2905 141 1
6731 141 1
2665 141 1
4976 141 1
4201 141 1
1022 141 1
466 141 1
3516 141 1
1335 141 1
1745 141 1
5296 141 1
4343 141 1
2270 141 1
5400 141 1
4719 141 1
3208 141 1
5265 141 1
2821 141 1
1912 141 1
1733 141 1
2074 141 1
1994 141 1
6523 141 1
4162 141 1
2773 141 1
3293 141 1
3763 141 1
2953 141 1
6458 141 1
2641 141 1
5637 141 1
6651 141 1
6352 141 1
3044 141 1
1724 141 1
4284 141 1
2858 141 1
2195 141 1
2934 141 1
3611 141 1
1997 141 1
1993 141 1
4330 141 1
3718 141 1
4132 141 1
5833 141 1
2723 141 1
5327 141 1
2958 141 1
4233 141 1
367 141 1
162 141 1
5925 141 1
6780 141 1
3160 141 1
5601 141 1
3681 141 1
5040 141 1
2571 141 1
6724 141 1
3130 141 1
4582 142 1
2818 142 1
2687 142 1
1408 142 1
6452 142 1
6514 142 1
4799 142 1
3455 142 1
1993 142 1
308 142 1
3429 142 1
1504 142 1
4194 142 1
4584 142 1
788 142 1
1024 142 1
124 142 1
1963 142 1
1092 142 1
6554 142 1
2127 142 1
3636 142 1
6419 142 1
4481 142 1
3693 142 1
4963 142 1
6550 142 1
6240 142 1
3792 142 1
4171 142 1
4985 142 1
1608 142 1
3818 142 1
233 142 1
341 142 1
2464 142 1
776 142 1
1094 142 1
848 142 1
2551 142 1
3767 142 1
459 142 1
4543 142 1
682 142 1
5418 142 1
6383 142 1
6102 142 1
6337 142 1
2071 142 1
6660 142 1
2854 142 1
648 142 1
2087 142 1
954 142 1
4028 142 1
611 142 1
2944 142 1
3495 142 1
1271 142 1
1797 142 1
745 142 1
5026 142 1
5136 142 1
4358 142 1
1180 142 1
2953 142 1
6755 142 1
5152 142 1
1891 142 1
6591 142 1
3102 142 1
4423 142 1
2353 142 1
5707 142 1
3886 142 1
341 142 1
4891 142 1
4573 142 1
1994 142 1
2370 142 1
5656 142 1
1453 142 1
5628 142 1
725 142 1
2684 142 1
2267 142 1
4068 142 1
3140 142 1
2063 142 1
1126 142 1
1810 142 1
3369 142 1
290 142 1
1072 142 1
6613 142 1
2380 142 1
1886 142 1
6216 142 1
5102 142 1
379 142 1
3624 142 1
1133 142 1
2283 142 1
4967 142 1
130 142 1
5377 142 1
4040 142 1
6256 142 1
863 142 1
6755 142 1
1791 142 1
3069 142 1
6122 142 1
6539 142 1
2719 142 1
6623 142 1
719 142 1
2296 142 1
2954 142 1
3074 142 1
4779 142 1
5380 142 1
6537 142 1
6467 142 1
3075 142 1
2706 142 1
5934 142 1
5718 142 1
3012 142 1
5776 142 1
4703 142 1
2466 142 1
5441 142 1
590 142 1
4146 142 1
6330 142 1
2724 142 1
3896 142 1
6648 142 1
3876 142 1
421 142 1
5101 142 1
4807 142 1
4762 142 1
1958 142 1
90 142 1
1900 142 1
6037 142 1
3162 142 1
820 142 1
4814 142 1
4679 142 1
4448 142 1
4181 142 1
1147 142 1
3962 142 1
5670 142 1
4569 142 1
2804 142 1
5577 142 1
2184 142 1
6314 142 1
6180 142 1
3001 142 1
31 142 1
2371 142 1
4952 142 1
365 142 1
5229 142 1
1886 142 1
5864 142 1
2101 142 1
3155 142 1
3742 142 1
667 142 1
1710 142 1
4236 142 1
4154 142 1
5015 142 1
3563 142 1
438 142 1
3626 142 1
5917 142 1
5550 142 1
312 142 1
2365 142 1
5721 142 1
641 142 1
2893 142 1
4494 142 1
1827 142 1
2882 142 1
5693 142 1
276 142 1
4665 142 1
2896 142 1
5451 142 1
1620 142 1
5440 142 1
322 142 1
1479 142 1
156 142 1
4699 142 1
2791 142 1
3673 142 1
2667 142 1
3871 142 1
718 142 1
6149 142 1
6593 143 1
3354 143 1
3024 143 1
2074 143 1
5195 143 1
1925 143 1
3257 143 1
3458 143 1
2535 143 1
5268 143 1
2380 143 1
105 143 1
1653 143 1
882 143 1
3368 143 1
3949 143 1
224 143 1
4074 143 1
928 143 1
1477 143 1
2771 143 1
4473 143 1
769 143 1
1374 143 1
2105 143 1
266 143 1
2592 143 1
2362 143 1
5418 143 1
3938 143 1
6751 143 1
4568 143 1
2032 143 1
3547 143 1
3938 143 1
3640 143 1
2940 143 1
686 143 1
369 143 1
1807 143 1
4523 143 1
4730 143 1
1971 143 1
6690 143 1
2588 143 1
5348 143 1
1592 143 1
5283 143 1
4877 143 1
3567 143 1
3038 143 1
4654 143 1
447 143 1
6485 143 1
4557 143 1
466 143 1
1804 143 1
2948 143 1
3476 143 1
5121 143 1
5295 143 1
1479 143 1
338 143 1
4676 143 1
4175 143 1
3113 143 1
2904 143 1
4812 143 1
4403 143 1
1639 143 1
6740 143 1
2068 143 1
4319 143 1
4556 143 1
2921 143 1
1002 143 1
1204 143 1
6273 143 1
2816 143 1
832 143 1
420 143 1
1675 143 1
5405 143 1
5880 143 1
2834 143 1
6337 143 1
2196 143 1
1082 143 1
298 143 1
230 143 1
1762 143 1
4970 143 1
5463 143 1
1666 143 1
2748 143 1
2572 143 1
6716 143 1
632 143 1
1331 143 1
3249 143 1
1081 143 1
6188 143 1
6145 143 1
5991 143 1
5507 143 1
6210 143 1
2190 143 1
5953 143 1
3052 143 1
108 143 1
336 143 1
2277 143 1
3417 143 1
999 143 1
3011 143 1
5260 143 1
2532 143 1
6582 143 1
5496 143 1
5789 143 1
2949 143 1
6444 143 1
6144 143 1
5665 143 1
4688 143 1
2919 143 1
589 143 1
964 143 1
3486 143 1
4036 143 1
3347 143 1
915 143 1
6091 143 1
4839 143 1
5113 143 1
2577 143 1
5751 143 1
6283 143 1
5392 143 1
2735 143 1
4627 143 1
5669 143 1
4135 143 1
837 143 1
3161 143 1
971 143 1
4422 143 1
847 143 1
6023 143 1
3221 143 1
4649 143 1
178 143 1
5468 143 1
4662 143 1
3173 143 1
842 143 1
3652 143 1
2345 143 1
6394 143 1
6634 143 1
2727 143 1
1177 143 1
6123 143 1
5813 143 1
6149 143 1
4810 143 1
5226 143 1
2429 143 1
5752 143 1
5951 143 1
2653 143 1
3043 143 1
3289 143 1
538 143 1
524 143 1
1498 143 1
5623 143 1
5208 143 1
5068 143 1
1473 143 1
172 143 1
5027 143 1
4505 143 1
5058 143 1
2224 143 1
2425 143 1
1066 143 1
1424 143 1
3526 143 1
5559 143 1
4835 143 1
6325 143 1
3702 143 1
220 143 1
3907 143 1
2886 143 1
3088 143 1
5254 143 1
3244 143 1
3413 143 1
5172 143 1
2865 143 1
5648 143 1
5566 143 1
239 143 1
3312 143 1
5011 143 1
1089 143 1
6262 143 1
1484 144 1
2949 144 1
1823 144 1
1158 144 1
4981 144 1
6386 144 1
4855 144 1
3530 144 1
5395 144 1
6307 144 1
4486 144 1
550 144 1
287 144 1
4537 144 1
67 144 1
4791 144 1
2157 144 1
5806 144 1
974 144 1
6626 144 1
5868 144 1
6772 144 1
4214 144 1
5795 144 1
5264 144 1
2537 144 1
3569 144 1
5793 144 1
1713 144 1
3596 144 1
3653 144 1
1033 144 1
2746 144 1
5758 144 1
1231 144 1
4043 144 1
1555 144 1
1138 144 1
214 144 1
787 144 1
2143 144 1
2001 144 1
1731 144 1
5768 144 1
3446 144 1
410 144 1
575 144 1
1447 144 1
2697 144 1
1455 144 1
6369 144 1
542 144 1
5588 144 1
6007 144 1
982 144 1
6030 144 1
6691 144 1
1960 144 1
1531 144 1
455 144 1
1580 144 1
4206 144 1
5065 144 1
4784 144 1
1568 144 1
1675 144 1
4610 144 1
5427 144 1
5747 144 1
2396 144 1
6009 144 1
6656 144 1
1456 144 1
631 144 1
5707 144 1
2637 144 1
1665 144 1
6623 144 1
6519 144 1
2524 144 1
5386 144 1
419 144 1
817 144 1
3511 144 1
5821 144 1
4282 144 1
2650 144 1
6246 144 1
1850 144 1
2203 144 1
969 144 1
2567 144 1
6046 144 1
6129 144 1
4065 144 1
54 144 1
3499 144 1
758 144 1
2562 144 1
2284 144 1
409 144 1
502 144 1
3122 144 1
2277 144 1
2406 144 1
4754 144 1
6166 144 1
6438 144 1
4482 144 1
4975 144 1
1411 144 1
1570 144 1
2748 144 1
309 144 1
4136 144 1
198 144 1
3342 144 1
215 144 1
2906 144 1
3358 144 1
810 144 1
4608 144 1
934 144 1
1237 144 1
133 144 1
5541 144 1
947 144 1
199 144 1
4636 144 1
3245 144 1
1080 144 1
1619 144 1
3108 144 1
3617 144 1
3021 144 1
2090 144 1
155 144 1
5916 144 1
6160 144 1
6764 144 1
6157 144 1
5874 144 1
1423 144 1
770 144 1
3498 144 1
1304 144 1
1161 144 1
4758 144 1
2822 144 1
753 144 1
2459 144 1
3847 144 1
4784 144 1
5548 144 1
1619 144 1
6423 144 1
5014 144 1
2005 144 1
95 144 1
6155 144 1
2002 144 1
3475 144 1
5343 144 1
448 144 1
1814 144 1
2028 144 1
130 144 1
4514 144 1
2092 144 1
3358 144 1
6751 144 1
4647 144 1
5169 144 1
895 144 1
1060 144 1
3104 144 1
6338 144 1
4400 144 1
3421 144 1
3081 144 1
1125 144 1
2920 144 1
4961 144 1
5685 144 1
234 144 1
3658 144 1
757 144 1
1022 144 1
2860 144 1
1765 144 1
2648 144 1
3736 144 1
787 144 1
1421 144 1
176 144 1
2499 144 1
881 144 1
3426 144 1
6063 144 1
2383 144 1
1692 144 1
5686 144 1
2464 144 1
3779 144 1
6120 144 1
4245 144 1
1362 144 1
721 144 1
6465 144 1
3980 145 1
5540 145 1
3321 145 1
1956 145 1
5337 145 1
5437 145 1
5561 145 1
444 145 1
5748 145 1
1217 145 1
1997 145 1
4472 145 1
5051 145 1
4998 145 1
4904 145 1
273 145 1
914 145 1
211 145 1
786 145 1
5691 145 1
221 145 1
936 145 1
2734 145 1
2551 145 1
1992 145 1
4494 145 1
4642 145 1
3828 145 1
4021 145 1
1812 145 1
3167 145 1
1964 145 1
2303 145 1
2808 145 1
4509 145 1
5019 145 1
738 145 1
1279 145 1
5313 145 1
5799 145 1
1753 145 1
2625 145 1
2847 145 1
4413 145 1
5696 145 1
2930 145 1
1018 145 1
3876 145 1
2510 145 1
307 145 1
3509 145 1
1462 145 1
87 145 1
2699 145 1
573 145 1
3132 145 1
1157 145 1
3496 145 1
2163 145 1
5232 145 1
5842 145 1
3007 145 1
3259 145 1
581 145 1
211 145 1
428 145 1
1691 145 1
6417 145 1
87 145 1
6147 145 1
4106 145 1
1291 145 1
5047 145 1
6224 145 1
5695 145 1
5604 145 1
5618 145 1
4813 145 1
5486 145 1
2613 145 1
5364 145 1
5812 145 1
4431 145 1
4388 145 1
3411 145 1
102 145 1
344 145 1
1414 145 1
1483 145 1
4702 145 1
2466 145 1
5564 145 1
4556 145 1
238 145 1
454 145 1
639 145 1
2256 145 1
2987 145 1
5235 145 1
4544 145 1
3988 145 1
5502 145 1
615 145 1
1986 145 1
2065 145 1
3947 145 1
1772 145 1
5547 145 1
4760 145 1
6025 145 1
6635 145 1
3677 145 1
1662 145 1
1460 145 1
3438 145 1
1430 145 1
6426 145 1
4492 145 1
5784 145 1
524 145 1
6637 145 1
6249 145 1
1049 145 1
5364 145 1
6086 145 1
4872 145 1
4172 145 1
3663 145 1
5017 145 1
2305 145 1
4648 145 1
4872 145 1
5975 145 1
1613 145 1
2270 145 1
2398 145 1
4295 145 1
3615 145 1
5687 145 1
4123 145 1
3886 145 1
6399 145 1
5036 145 1
1894 145 1
2198 145 1
4764 145 1
1281 145 1
5284 145 1
4376 145 1
1291 145 1
895 145 1
4796 145 1
168 145 1
4257 145 1
5771 145 1
1147 145 1
4308 145 1
1131 145 1
6567 145 1
4582 145 1
5146 145 1
2653 145 1
5857 145 1
5195 145 1
1669 145 1
5495 145 1
2324 145 1
5645 145 1
2167 145 1
3444 145 1
1641 145 1
3657 145 1
3666 145 1
5903 145 1
6138 145 1
5867 145 1
4208 145 1
6571 145 1
506 145 1
1961 145 1
589 145 1
3303 145 1
1411 145 1
4147 145 1
931 145 1
2784 145 1
5309 145 1
5172 145 1
3134 145 1
2708 145 1
4548 145 1
785 145 1
1397 145 1
325 145 1
4120 145 1
1143 145 1
16 145 1
976 145 1
5367 145 1
6175 145 1
5185 145 1
5715 145 1
6646 145 1
3775 145 1
1964 145 1
5501 145 1
5691 145 1
2455 145 1
4229 145 1
6588 146 1
6688 146 1
3504 146 1
1024 146 1
685 146 1
5728 146 1
5808 146 1
1537 146 1
1704 146 1
1740 146 1
4783 146 1
2578 146 1
5640 146 1
4080 146 1
4811 146 1
3207 146 1
5177 146 1
145 146 1
6206 146 1
5376 146 1
2239 146 1
1685 146 1
6695 146 1
3154 146 1
1240 146 1
2035 146 1
673 146 1
6525 146 1
3891 146 1
914 146 1
3766 146 1
6568 146 1
2103 146 1
3676 146 1
5834 146 1
2342 146 1
5505 146 1
4652 146 1
3584 146 1
4903 146 1
3458 146 1
2778 146 1
3476 146 1
1002 146 1
1971 146 1
1090 146 1
1707 146 1
2084 146 1
4297 146 1
2267 146 1
5203 146 1
5803 146 1
5153 146 1
366 146 1
4855 146 1
5969 146 1
5241 146 1
995 146 1
1685 146 1
1224 146 1
1972 146 1
3153 146 1
2021 146 1
872 146 1
5265 146 1
1650 146 1
1303 146 1
6547 146 1
2799 146 1
3152 146 1
4907 146 1
6733 146 1
2480 146 1
5186 146 1
263 146 1
6504 146 1
6243 146 1
1494 146 1
2009 146 1
5366 146 1
957 146 1
2539 146 1
5094 146 1
1365 146 1
4472 146 1
4903 146 1
3502 146 1
3252 146 1
5592 146 1
5277 146 1
5858 146 1
1874 146 1
202 146 1
6233 146 1
6096 146 1
4626 146 1
5185 146 1
2372 146 1
4471 146 1
4862 146 1
3201 146 1
4812 146 1
3512 146 1
2940 146 1
974 146 1
751 146 1
6127 146 1
1911 146 1
3962 146 1
983 146 1
2961 146 1
4473 146 1
2384 146 1
3178 146 1
4832 146 1
4457 146 1
2888 146 1
276 146 1
3497 146 1
2299 146 1
322 146 1
6136 146 1
3639 146 1
6390 146 1
5132 146 1
4763 146 1
4570 146 1
5365 146 1
5793 146 1
5397 146 1
665 146 1
3211 146 1
4322 146 1
232 146 1
1643 146 1
1584 146 1
4033 146 1
5705 146 1
2850 146 1
4046 146 1
5819 146 1
3654 146 1
2282 146 1
1814 146 1
5409 146 1
3496 146 1
4218 146 1
1047 146 1
2816 146 1
3289 146 1
652 146 1
6587 146 1
2586 146 1
2817 146 1
129 146 1
1367 146 1
3796 146 1
6200 146 1
343 146 1
1817 146 1
2463 146 1
3015 146 1
6003 146 1
4567 146 1
1409 146 1
4981 146 1
730 146 1
4435 146 1
5786 146 1
4492 146 1
334 146 1
737 146 1
2897 146 1
4476 146 1
3447 146 1
1632 146 1
3597 146 1
4934 146 1
6310 146 1
2359 146 1
4610 146 1
3559 146 1
6148 146 1
2517 146 1
3793 146 1
4047 146 1
3240 146 1
5015 146 1
6430 146 1
1446 146 1
5991 146 1
3985 146 1
5908 146 1
414 146 1
4398 146 1
1485 146 1
3799 146 1
1620 146 1
2074 146 1
2165 146 1
2598 146 1
860 146 1
3597 146 1
5313 146 1
6130 146 1
5808 146 1
2107 146 1
6432 146 1
1283 146 1
5353 147 1
4042 147 1
6189 147 1
6224 147 1
5469 147 1
2930 147 1
2147 147 1
2859 147 1
4084 147 1
4032 147 1
3970 147 1
1065 147 1
921 147 1
3433 147 1
2926 147 1
4431 147 1
668 147 1
4665 147 1
682 147 1
6055 147 1
4422 147 1
365 147 1
6502 147 1
6246 147 1
605 147 1
6331 147 1
3602 147 1
1402 147 1
1892 147 1
6422 147 1
6728 147 1
2621 147 1
1380 147 1
265 147 1
3930 147 1
3550 147 1
2134 147 1
3103 147 1
1691 147 1
1832 147 1
5170 147 1
5239 147 1
3335 147 1
1403 147 1
6287 147 1
6500 147 1
4462 147 1
1766 147 1
5329 147 1
2898 147 1
2051 147 1
5211 147 1
2043 147 1
3966 147 1
1970 147 1
6227 147 1
3283 147 1
2652 147 1
2294 147 1
6020 147 1
4647 147 1
5494 147 1
4317 147 1
5218 147 1
6278 147 1
4833 147 1
3653 147 1
4638 147 1
1000 147 1
5692 147 1
2948 147 1
2678 147 1
3574 147 1
24 147 1
6550 147 1
3611 147 1
4342 147 1
5243 147 1
4729 147 1
2687 147 1
4712 147 1
2425 147 1
505 147 1
4267 147 1
4988 147 1
3617 147 1
3665 147 1
2943 147 1
554 147 1
2727 147 1
1416 147 1
4148 147 1
1549 147 1
5819 147 1
2631 147 1
3630 147 1
2142 147 1
6172 147 1
2032 147 1
5135 147 1
3668 147 1
1070 147 1
5859 147 1
5447 147 1
1722 147 1
2902 147 1
2360 147 1
3302 147 1
1690 147 1
6152 147 1
4111 147 1
2980 147 1
2755 147 1
4639 147 1
1324 147 1
3544 147 1
2129 147 1
5661 147 1
580 147 1
2160 147 1
5840 147 1
6106 147 1
4900 147 1
2614 147 1
1357 147 1
4790 147 1
2088 147 1
1335 147 1
663 147 1
6188 147 1
4548 147 1
4504 147 1
1768 147 1
2556 147 1
463 147 1
5333 147 1
6084 147 1
3363 147 1
1063 147 1
1385 147 1
5374 147 1
4228 147 1
158 147 1
3282 147 1
472 147 1
4000 147 1
710 147 1
4669 147 1
6433 147 1
5049 147 1
6253 147 1
624 147 1
6066 147 1
1305 147 1
2958 147 1
6012 147 1
457 147 1
92 147 1
3884 147 1
1400 147 1
394 147 1
3451 147 1
1372 147 1
1490 147 1
4991 147 1
1237 147 1
4830 147 1
519 147 1
2082 147 1
3648 147 1
256 147 1
3396 147 1
6757 147 1
2047 147 1
3538 147 1
6640 147 1
3889 147 1
1162 147 1
1140 147 1
5767 147 1
3488 147 1
3336 147 1
3748 147 1
6078 147 1
6021 147 1
2401 147 1
5122 147 1
444 147 1
712 147 1
6224 147 1
3872 147 1
1917 147 1
3845 147 1
1094 147 1
3475 147 1
5458 147 1
6447 147 1
1888 147 1
3940 147 1
4199 147 1
5257 147 1
4930 147 1
4448 147 1
4479 147 1
2545 147 1
3884 147 1
5737 147 1
6362 147 1
425 147 1
3210 148 1
6408 148 1
4199 148 1
6407 148 1
6535 148 1
3558 148 1
5491 148 1
6369 148 1
4621 148 1
1008 148 1
5127 148 1
3764 148 1
62 148 1
4043 148 1
6569 148 1
904 148 1
3810 148 1
3018 148 1
6065 148 1
23 148 1
3964 148 1
4882 148 1
5270 148 1
1061 148 1
4344 148 1
3979 148 1
3345 148 1
2013 148 1
1503 148 1
4547 148 1
6424 148 1
4120 148 1
3101 148 1
478 148 1
5945 148 1
2985 148 1
209 148 1
4246 148 1
2065 148 1
239 148 1
2533 148 1
6481 148 1
2551 148 1
6424 148 1
3646 148 1
4057 148 1
1451 148 1
4291 148 1
5956 148 1
6508 148 1
4918 148 1
2426 148 1
448 148 1
451 148 1
3460 148 1
5217 148 1
3915 148 1
5440 148 1
6185 148 1
123 148 1
6119 148 1
5956 148 1
2310 148 1
6252 148 1
2481 148 1
666 148 1
4479 148 1
3686 148 1
5148 148 1
1516 148 1
6394 148 1
6267 148 1
2762 148 1
950 148 1
1536 148 1
5658 148 1
3241 148 1
903 148 1
5486 148 1
4048 148 1
1192 148 1
4941 148 1
1185 148 1
527 148 1
4551 148 1
3961 148 1
1602 148 1
5688 148 1
3192 148 1
3516 148 1
5418 148 1
6568 148 1
3839 148 1
6153 148 1
1195 148 1
223 148 1
499 148 1
2851 148 1
4773 148 1
5696 148 1
6373 148 1
1592 148 1
1706 148 1
4575 148 1
5482 148 1
1346 148 1
2528 148 1
146 148 1
3261 148 1
5470 148 1
6700 148 1
666 148 1
4054 148 1
837 148 1
2502 148 1
4391 148 1
2486 148 1
983 148 1
1511 148 1
1323 148 1
3637 148 1
2398 148 1
2825 148 1
1355 148 1
2861 148 1
1075 148 1
127 148 1
1966 148 1
2822 148 1
4126 148 1
1432 148 1
1622 148 1
1173 148 1
314 148 1
4092 148 1
4721 148 1
4307 148 1
2333 148 1
4436 148 1
2542 148 1
2910 148 1
3081 148 1
4434 148 1
1425 148 1
2958 148 1
557 148 1
2825 148 1
6100 148 1
4717 148 1
3215 148 1
1504 148 1
5318 148 1
5965 148 1
4986 148 1
553 148 1
5390 148 1
113 148 1
3934 148 1
1260 148 1
3476 148 1
6313 148 1
2234 148 1
4796 148 1
11 148 1
6386 148 1
3788 148 1
3137 148 1
4974 148 1
5140 148 1
3188 148 1
5709 148 1
990 148 1
236 148 1
4445 148 1
4093 148 1
572 148 1
6462 148 1
1811 148 1
56 148 1
1974 148 1
3535 148 1
2967 148 1
3088 148 1
3099 148 1
235 148 1
1772 148 1
2624 148 1
5109 148 1
504 148 1
4477 148 1
4092 148 1
4358 148 1
3163 148 1
1232 148 1
1082 148 1
3520 148 1
3873 148 1
1418 148 1
2024 148 1
683 148 1
4597 148 1
6094 148 1
1391 148 1
5916 148 1
4052 148 1
5615 148 1
3747 148 1
3202 148 1
130 148 1
5384 149 1
4228 149 1
2219 149 1
3496 149 1
646 149 1
3896 149 1
2572 149 1
1020 149 1
1369 149 1
1066 149 1
4873 149 1
1230 149 1
6535 149 1
6207 149 1
3599 149 1
496 149 1
3417 149 1
882 149 1
3921 149 1
2750 149 1
11 149 1
4924 149 1
5923 149 1
2904 149 1
4848 149 1
3548 149 1
5193 149 1
157 149 1
3264 149 1
6005 149 1
1619 149 1
6434 149 1
5824 149 1
6497 149 1
252 149 1
6546 149 1
1997 149 1
4604 149 1
5561 149 1
6617 149 1
1306 149 1
2987 149 1
3979 149 1
6332 149 1
6239 149 1
2123 149 1
4178 149 1
4911 149 1
2261 149 1
5328 149 1
220 149 1
1682 149 1
5788 149 1
2489 149 1
869 149 1
5730 149 1
6707 149 1
171 149 1
3423 149 1
3291 149 1
5567 149 1
4523 149 1
2923 149 1
5487 149 1
3437 149 1
4555 149 1
543 149 1
1540 149 1
5987 149 1
4399 149 1
432 149 1
6778 149 1
6310 149 1
5690 149 1
329 149 1
5250 149 1
3596 149 1
4864 149 1
6263 149 1
4151 149 1
3371 149 1
5431 149 1
4651 149 1
5999 149 1
3475 149 1
5345 149 1
1953 149 1
6260 149 1
2987 149 1
4133 149 1
2723 149 1
147 149 1
2773 149 1
5301 149 1
1326 149 1
777 149 1
120 149 1
5212 149 1
1813 149 1
5182 149 1
489 149 1
3979 149 1
1124 149 1
6630 149 1
3195 149 1
4125 149 1
5290 149 1
3344 149 1
843 149 1
4173 149 1
1543 149 1
1912 149 1
5195 149 1
3442 149 1
1267 149 1
5779 149 1
4108 149 1
1560 149 1
5451 149 1
5507 149 1
6229 149 1
4379 149 1
6602 149 1
1517 149 1
4445 149 1
415 149 1
4124 149 1
1466 149 1
5916 149 1
1165 149 1
2005 149 1
1508 149 1
116 149 1
2466 149 1
4158 149 1
4906 149 1
2133 149 1
6633 149 1
4457 149 1
762 149 1
5722 149 1
5616 149 1
5057 149 1
2277 149 1
4939 149 1
1876 149 1
539 149 1
3886 149 1
2224 149 1
6612 149 1
6049 149 1
2213 149 1
6148 149 1
3005 149 1
2058 149 1
1898 149 1
1762 149 1
1435 149 1
3388 149 1
822 149 1
5674 149 1
2060 149 1
451 149 1
6378 149 1
4243 149 1
4275 149 1
221 149 1
6326 149 1
5398 149 1
265 149 1
6757 149 1
4096 149 1
4977 149 1
795 149 1
5031 149 1
5550 149 1
5012 149 1
3708 149 1
609 149 1
2758 149 1
4624 149 1
2558 149 1
6406 149 1
2393 149 1
1332 149 1
3891 149 1
3343 149 1
1670 149 1
2132 149 1
4201 149 1
6422 149 1
1703 149 1
4119 149 1
4289 149 1
3090 149 1
451 149 1
6618 149 1
673 149 1
5926 149 1
3311 149 1
4752 149 1
437 149 1
1478 149 1
6362 149 1
5791 149 1
3415 149 1
5891 149 1
471 149 1
3278 149 1
52 150 1
1672 150 1
6214 150 1
646 150 1
5398 150 1
4457 150 1
4045 150 1
5079 150 1
466 150 1
1941 150 1
6457 150 1
916 150 1
788 150 1
6266 150 1
479 150 1
952 150 1
2256 150 1
4055 150 1
3786 150 1
5382 150 1
5842 150 1
4461 150 1
6384 150 1
745 150 1
5425 150 1
1939 150 1
3379 150 1
4952 150 1
2992 150 1
1551 150 1
699 150 1
3050 150 1
6562 150 1
5036 150 1
352 150 1
2701 150 1
4509 150 1
5844 150 1
5611 150 1
4293 150 1
5566 150 1
4924 150 1
5599 150 1
590 150 1
1569 150 1
2651 150 1
4566 150 1
3294 150 1
5365 150 1
3803 150 1
1158 150 1
6707 150 1
4637 150 1
548 150 1
4691 150 1
6434 150 1
513 150 1
3908 150 1
1032 150 1
2238 150 1
5397 150 1
1449 150 1
6776 150 1
6284 150 1
497 150 1
93 150 1
1973 150 1
310 150 1
6447 150 1
141 150 1
2541 150 1
6783 150 1
5106 150 1
5609 150 1
6581 150 1
1483 150 1
6144 150 1
2036 150 1
1721 150 1
2241 150 1
1069 150 1
4729 150 1
4466 150 1
6196 150 1
2765 150 1
1729 150 1
6436 150 1
4047 150 1
4892 150 1
5189 150 1
5147 150 1
862 150 1
4352 150 1
5640 150 1
1433 150 1
546 150 1
4699 150 1
4602 150 1
2666 150 1
2432 150 1
5192 150 1
850 150 1
4182 150 1
668 150 1
4428 150 1
3633 150 1
2180 150 1
6116 150 1
4218 150 1
6083 150 1
5167 150 1
5532 150 1
1535 150 1
6174 150 1
2965 150 1
2683 150 1
6041 150 1
1910 150 1
3869 150 1
5 150 1
3279 150 1
1640 150 1
1383 150 1
3763 150 1
872 150 1
2828 150 1
5532 150 1
3887 150 1
6532 150 1
3578 150 1
395 150 1
1000 150 1
4505 150 1
5639 150 1
141 150 1
6224 150 1
631 150 1
4427 150 1
3697 150 1
1027 150 1
4261 150 1
6750 150 1
2659 150 1
6380 150 1
3565 150 1
696 150 1
6435 150 1
6682 150 1
1850 150 1
2252 150 1
5879 150 1
4206 150 1
4683 150 1
5198 150 1
6504 150 1
1526 150 1
2611 150 1
2136 150 1
6329 150 1
4374 150 1
3790 150 1
6488 150 1
5208 150 1
460 150 1
249 150 1
4592 150 1
37 150 1
167 150 1
3142 150 1
681 150 1
1470 150 1
1370 150 1
1364 150 1
1611 150 1
6437 150 1
3278 150 1
5433 150 1
1137 150 1
6522 150 1
4641 150 1
180 150 1
5652 150 1
3983 150 1
6378 150 1
202 150 1
5296 150 1
6274 150 1
756 150 1
4340 150 1
5432 150 1
5634 150 1
6579 150 1
4155 150 1
1480 150 1
5307 150 1
1616 150 1
4522 150 1
2421 150 1
5160 150 1
2264 150 1
3800 150 1
6760 150 1
4337 150 1
2449 150 1
4694 150 1
3297 150 1
5860 150 1
3208 150 1
599 150 1
5486 151 1
1923 151 1
4308 151 1
2668 151 1
6201 151 1
2806 151 1
570 151 1
887 151 1
2228 151 1
2129 151 1
4692 151 1
220 151 1
1753 151 1
5138 151 1
1555 151 1
6676 151 1
6656 151 1
6440 151 1
309 151 1
723 151 1
4816 151 1
2306 151 1
2494 151 1
2739 151 1
6378 151 1
1508 151 1
1954 151 1
6213 151 1
2645 151 1
1742 151 1
2261 151 1
6569 151 1
5066 151 1
502 151 1
5698 151 1
5652 151 1
62 151 1
2688 151 1
3485 151 1
3725 151 1
4630 151 1
661 151 1
993 151 1
4238 151 1
500 151 1
3475 151 1
4967 151 1
548 151 1
3986 151 1
1591 151 1
4442 151 1
4987 151 1
4315 151 1
109 151 1
1791 151 1
1564 151 1
1494 151 1
2925 151 1
368 151 1
2573 151 1
3329 151 1
1055 151 1
5725 151 1
4041 151 1
2113 151 1
4018 151 1
666 151 1
5170 151 1
2762 151 1
1257 151 1
3279 151 1
1437 151 1
4353 151 1
4551 151 1
117 151 1
1647 151 1
5224 151 1
664 151 1
4721 151 1
5668 151 1
2442 151 1
4895 151 1
2094 151 1
2907 151 1
5812 151 1
40 151 1
5679 151 1
5660 151 1
3476 151 1
1512 151 1
4760 151 1
1832 151 1
1849 151 1
5193 151 1
3624 151 1
1708 151 1
3012 151 1
4662 151 1
5442 151 1
2568 151 1
283 151 1
2426 151 1
6705 151 1
4322 151 1
2231 151 1
1443 151 1
2806 151 1
299 151 1
2820 151 1
5581 151 1
3592 151 1
4924 151 1
1977 151 1
4972 151 1
158 151 1
2996 151 1
4307 151 1
6014 151 1
1406 151 1
3440 151 1
1135 151 1
5196 151 1
454 151 1
2012 151 1
1975 151 1
228 151 1
5641 151 1
4678 151 1
4242 151 1
2478 151 1
2215 151 1
1017 151 1
413 151 1
6600 151 1
2230 151 1
864 151 1
3884 151 1
863 151 1
2690 151 1
3268 151 1
5477 151 1
1753 151 1
952 151 1
4335 151 1
5311 151 1
6365 151 1
3353 151 1
5246 151 1
1076 151 1
2901 151 1
4379 151 1
4174 151 1
4557 151 1
965 151 1
3317 151 1
109 151 1
2992 151 1
655 151 1
4008 151 1
6772 151 1
720 151 1
2397 151 1
962 151 1
4931 151 1
3171 151 1
3925 151 1
3550 151 1
6618 151 1
3876 151 1
3452 151 1
111 151 1
5258 151 1
646 151 1
5830 151 1
4983 151 1
1710 151 1
5508 151 1
5472 151 1
5838 151 1
4154 151 1
2806 151 1
3544 151 1
1517 151 1
5462 151 1
5803 151 1
5893 151 1
1105 151 1
939 151 1
1547 151 1
1797 151 1
1956 151 1
1973 151 1
2947 151 1
6076 151 1
6232 151 1
762 151 1
1951 151 1
4425 151 1
3347 151 1
4669 151 1
403 151 1
1716 151 1
1215 151 1
6413 151 1
851 151 1
4396 151 1
219 151 1
3539 151 1
3991 151 1
4083 152 1
4480 152 1
3850 152 1
4399 152 1
4406 152 1
2349 152 1
5216 152 1
2445 152 1
1234 152 1
315 152 1
2293 152 1
1200 152 1
1831 152 1
2012 152 1
2224 152 1
5811 152 1
3686 152 1
68 152 1
3317 152 1
4988 152 1
1861 152 1
1880 152 1
5602 152 1
5194 152 1
5498 152 1
4572 152 1
5416 152 1
165 152 1
392 152 1
3427 152 1
295 152 1
1164 152 1
5073 152 1
3353 152 1
1633 152 1
3688 152 1
2647 152 1
2722 152 1
4055 152 1
1909 152 1
5879 152 1
5030 152 1
3897 152 1
5321 152 1
1636 152 1
3019 152 1
503 152 1
221 152 1
550 152 1
2208 152 1
6171 152 1
4299 152 1
3554 152 1
3240 152 1
1094 152 1
5166 152 1
20 152 1
1113 152 1
2012 152 1
4321 152 1
4199 152 1
5226 152 1
1549 152 1
5050 152 1
6715 152 1
3929 152 1
1220 152 1
510 152 1
1227 152 1
2216 152 1
2959 152 1
3234 152 1
6737 152 1
5926 152 1
1737 152 1
2948 152 1
492 152 1
3371 152 1
1235 152 1
3898 152 1
5651 152 1
3036 152 1
641 152 1
1338 152 1
5633 152 1
2273 152 1
5295 152 1
189 152 1
4556 152 1
1203 152 1
2197 152 1
5319 152 1
3430 152 1
2075 152 1
3723 152 1
518 152 1
2578 152 1
1670 152 1
45 152 1
2593 152 1
78 152 1
5240 152 1
3158 152 1
5456 152 1
803 152 1
901 152 1
2775 152 1
5096 152 1
3046 152 1
1717 152 1
4366 152 1
2850 152 1
3220 152 1
1794 152 1
2036 152 1
5059 152 1
86 152 1
3952 152 1
3416 152 1
2414 152 1
4055 152 1
1491 152 1
6770 152 1
381 152 1
888 152 1
824 152 1
3952 152 1
2675 152 1
3956 152 1
1496 152 1
1188 152 1
4784 152 1
1272 152 1
2555 152 1
52 152 1
1861 152 1
1902 152 1
5969 152 1
5980 152 1
5232 152 1
1721 152 1
6279 152 1
2361 152 1
6385 152 1
380 152 1
2881 152 1
1139 152 1
4153 152 1
2016 152 1
6076 152 1
857 152 1
4507 152 1
220 152 1
146 152 1
2237 152 1
5735 152 1
4745 152 1
707 152 1
5034 152 1
254 152 1
5623 152 1
2325 152 1
4918 152 1
5458 152 1
304 152 1
5943 152 1
2038 152 1
4902 152 1
3554 152 1
4395 152 1
3506 152 1
4619 152 1
4253 152 1
3824 152 1
5489 152 1
3222 152 1
6691 152 1
5937 152 1
5957 152 1
2077 152 1
3000 152 1
4909 152 1
4478 152 1
2370 152 1
359 152 1
2724 152 1
1500 152 1
935 152 1
903 152 1
4829 152 1
218 152 1
2628 152 1
193 152 1
6305 152 1
4674 152 1
2339 152 1
4556 152 1
4659 152 1
6008 152 1
5084 152 1
5866 152 1
4512 152 1
3398 152 1
5417 152 1
5313 152 1
3358 152 1
2193 152 1
2940 152 1
340 152 1
4936 153 1
98 153 1
6610 153 1
4862 153 1
1328 153 1
6042 153 1
1881 153 1
4568 153 1
6293 153 1
3335 153 1
1529 153 1
458 153 1
5604 153 1
1912 153 1
1785 153 1
1048 153 1
5280 153 1
556 153 1
2480 153 1
4600 153 1
5379 153 1
4629 153 1
3058 153 1
3069 153 1
1559 153 1
2512 153 1
4554 153 1
323 153 1
2006 153 1
5254 153 1
2444 153 1
6060 153 1
5974 153 1
6632 153 1
658 153 1
3359 153 1
660 153 1
1505 153 1
6156 153 1
493 153 1
1268 153 1
6203 153 1
1213 153 1
971 153 1
3877 153 1
2823 153 1
4618 153 1
3134 153 1
1643 153 1
2118 153 1
5762 153 1
1742 153 1
1082 153 1
2527 153 1
5151 153 1
3687 153 1
5375 153 1
1567 153 1
6500 153 1
708 153 1
3876 153 1
4422 153 1
4383 153 1
3741 153 1
4094 153 1
6570 153 1
6216 153 1
4147 153 1
1129 153 1
5287 153 1
665 153 1
4407 153 1
2709 153 1
2298 153 1
2485 153 1
648 153 1
1205 153 1
1718 153 1
4988 153 1
612 153 1
6539 153 1
3419 153 1
5280 153 1
1079 153 1
2389 153 1
489 153 1
175 153 1
1563 153 1
3384 153 1
760 153 1
3085 153 1
6562 153 1
1374 153 1
3378 153 1
5867 153 1
5035 153 1
4212 153 1
4324 153 1
5531 153 1
4536 153 1
1543 153 1
687 153 1
3571 153 1
4129 153 1
452 153 1
1681 153 1
1686 153 1
5339 153 1
4489 153 1
2776 153 1
4472 153 1
1463 153 1
342 153 1
973 153 1
4985 153 1
3076 153 1
5239 153 1
5496 153 1
3977 153 1
4080 153 1
4183 153 1
6270 153 1
2042 153 1
177 153 1
573 153 1
34 153 1
2214 153 1
1702 153 1
5317 153 1
5968 153 1
2657 153 1
4982 153 1
5487 153 1
2540 153 1
4163 153 1
4114 153 1
929 153 1
8 153 1
810 153 1
5775 153 1
3376 153 1
3299 153 1
868 153 1
1589 153 1
94 153 1
6717 153 1
6021 153 1
2343 153 1
3652 153 1
162 153 1
2368 153 1
5621 153 1
1384 153 1
5414 153 1
444 153 1
4633 153 1
3164 153 1
6173 153 1
57 153 1
1015 153 1
1197 153 1
5662 153 1
4836 153 1
2273 153 1
4285 153 1
1584 153 1
5463 153 1
5440 153 1
4827 153 1
5082 153 1
4938 153 1
6392 153 1
5935 153 1
700 153 1
6711 153 1
4059 153 1
4849 153 1
6305 153 1
3737 153 1
3830 153 1
3417 153 1
3552 153 1
2910 153 1
4778 153 1
1331 153 1
4090 153 1
4170 153 1
6680 153 1
5128 153 1
5938 153 1
1285 153 1
2569 153 1
3899 153 1
760 153 1
5159 153 1
3521 153 1
920 153 1
1341 153 1
1315 153 1
3222 153 1
3836 153 1
4602 153 1
3262 153 1
6532 153 1
3287 153 1
1422 153 1
1541 153 1
1037 153 1
382 153 1
3826 154 1
2401 154 1
2278 154 1
5677 154 1
5439 154 1
3087 154 1
5863 154 1
4856 154 1
6453 154 1
1814 154 1
5002 154 1
1874 154 1
135 154 1
2017 154 1
209 154 1
2029 154 1
658 154 1
3644 154 1
5171 154 1
5151 154 1
5967 154 1
1735 154 1
413 154 1
5868 154 1
6392 154 1
6414 154 1
1238 154 1
405 154 1
43 154 1
497 154 1
2413 154 1
3473 154 1
116 154 1
1620 154 1
5775 154 1
2989 154 1
3654 154 1
441 154 1
2182 154 1
2540 154 1
4434 154 1
2673 154 1
6370 154 1
3123 154 1
6546 154 1
6344 154 1
3841 154 1
2841 154 1
3452 154 1
3820 154 1
3474 154 1
4061 154 1
3951 154 1
4964 154 1
3367 154 1
1307 154 1
3762 154 1
3911 154 1
6787 154 1
5870 154 1
5997 154 1
6390 154 1
1939 154 1
1358 154 1
6322 154 1
5532 154 1
4442 154 1
715 154 1
1935 154 1
6362 154 1
764 154 1
3809 154 1
3694 154 1
6236 154 1
4689 154 1
5150 154 1
5265 154 1
1351 154 1
3745 154 1
6753 154 1
6735 154 1
501 154 1
3577 154 1
3132 154 1
522 154 1
5499 154 1
1101 154 1
4333 154 1
5519 154 1
6351 154 1
337 154 1
3356 154 1
2569 154 1
3457 154 1
1817 154 1
1235 154 1
4131 154 1
4713 154 1
5228 154 1
2745 154 1
2236 154 1
4461 154 1
3569 154 1
1166 154 1
850 154 1
4584 154 1
6513 154 1
827 154 1
1784 154 1
2392 154 1
1304 154 1
3750 154 1
4764 154 1
5198 154 1
5953 154 1
1805 154 1
551 154 1
6140 154 1
1940 154 1
5696 154 1
1741 154 1
6468 154 1
4799 154 1
4865 154 1
284 154 1
6742 154 1
5182 154 1
862 154 1
2592 154 1
1185 154 1
309 154 1
4499 154 1
2564 154 1
2712 154 1
5549 154 1
5980 154 1
3943 154 1
5362 154 1
635 154 1
4110 154 1
3558 154 1
3216 154 1
599 154 1
4655 154 1
445 154 1
1968 154 1
6139 154 1
1576 154 1
5741 154 1
5244 154 1
3497 154 1
1191 154 1
3384 154 1
1703 154 1
2554 154 1
4266 154 1
3180 154 1
2022 154 1
5581 154 1
4829 154 1
3331 154 1
86 154 1
5268 154 1
5446 154 1
5004 154 1
1514 154 1
1953 154 1
3672 154 1
607 154 1
5225 154 1
2341 154 1
1104 154 1
4871 154 1
2904 154 1
195 154 1
2768 154 1
4689 154 1
2543 154 1
2930 154 1
1934 154 1
1331 154 1
3674 154 1
5113 154 1
5285 154 1
885 154 1
6685 154 1
3470 154 1
471 154 1
6557 154 1
5006 154 1
5351 154 1
2133 154 1
1012 154 1
5363 154 1
3702 154 1
3418 154 1
1594 154 1
2597 154 1
6483 154 1
5814 154 1
4777 154 1
1448 154 1
2422 154 1
3655 154 1
2395 154 1
887 154 1
2610 154 1
1798 154 1
6635 154 1
5154 155 1
4205 155 1
5421 155 1
4672 155 1
5896 155 1
5981 155 1
923 155 1
5509 155 1
6232 155 1
2923 155 1
5189 155 1
1122 155 1
6775 155 1
3631 155 1
5654 155 1
4136 155 1
995 155 1
1001 155 1
513 155 1
2914 155 1
2297 155 1
3722 155 1
4863 155 1
4336 155 1
3220 155 1
1862 155 1
5571 155 1
6102 155 1
506 155 1
1565 155 1
5886 155 1
1126 155 1
5583 155 1
3441 155 1
5323 155 1
3110 155 1
784 155 1
6398 155 1
2055 155 1
2124 155 1
1979 155 1
891 155 1
3977 155 1
1882 155 1
4876 155 1
6648 155 1
2639 155 1
4446 155 1
3256 155 1
270 155 1
2372 155 1
5495 155 1
2108 155 1
278 155 1
5034 155 1
6179 155 1
1580 155 1
3260 155 1
2589 155 1
2982 155 1
307 155 1
4243 155 1
1617 155 1
2146 155 1
5122 155 1
3818 155 1
822 155 1
6287 155 1
4886 155 1
386 155 1
1994 155 1
5885 155 1
3971 155 1
1506 155 1
3880 155 1
2542 155 1
5580 155 1
431 155 1
5446 155 1
423 155 1
2725 155 1
2928 155 1
6165 155 1
6484 155 1
4205 155 1
2381 155 1
307 155 1
343 155 1
324 155 1
5840 155 1
5059 155 1
5734 155 1
3817 155 1
4535 155 1
4160 155 1
5645 155 1
3619 155 1
3730 155 1
251 155 1
112 155 1
459 155 1
35 155 1
1984 155 1
6249 155 1
3410 155 1
5357 155 1
4363 155 1
1280 155 1
2028 155 1
2159 155 1
5443 155 1
4362 155 1
5726 155 1
3411 155 1
6745 155 1
4637 155 1
5959 155 1
3766 155 1
767 155 1
4275 155 1
4033 155 1
4315 155 1
4643 155 1
3723 155 1
490 155 1
5509 155 1
799 155 1
4170 155 1
3316 155 1
4678 155 1
5804 155 1
2548 155 1
5543 155 1
5174 155 1
3022 155 1
2312 155 1
4376 155 1
4863 155 1
5315 155 1
4438 155 1
72 155 1
2456 155 1
4191 155 1
3375 155 1
839 155 1
5707 155 1
1333 155 1
4869 155 1
632 155 1
3579 155 1
2557 155 1
2643 155 1
2929 155 1
439 155 1
5871 155 1
3578 155 1
5126 155 1
3482 155 1
4382 155 1
6218 155 1
743 155 1
2320 155 1
218 155 1
3834 155 1
5774 155 1
3475 155 1
3830 155 1
729 155 1
774 155 1
1820 155 1
6167 155 1
5342 155 1
3718 155 1
3405 155 1
4124 155 1
277 155 1
2431 155 1
5405 155 1
5548 155 1
3587 155 1
1776 155 1
1345 155 1
6555 155 1
2544 155 1
2848 155 1
650 155 1
5564 155 1
5119 155 1
3781 155 1
1021 155 1
4672 155 1
2763 155 1
4083 155 1
2172 155 1
5742 155 1
3291 155 1
4671 155 1
618 155 1
4218 155 1
751 155 1
5152 155 1
4226 155 1
3390 155 1
6278 155 1
4856 155 1
439 155 1
5200 155 1
567 155 1
3535 155 1
6486 156 1
2925 156 1
5759 156 1
5583 156 1
4298 156 1
6187 156 1
2925 156 1
722 156 1
6387 156 1
5515 156 1
2471 156 1
3852 156 1
3447 156 1
2938 156 1
5631 156 1
336 156 1
3262 156 1
2286 156 1
687 156 1
5885 156 1
3120 156 1
6296 156 1
180 156 1
5745 156 1
2235 156 1
3166 156 1
1707 156 1
3647 156 1
6736 156 1
3072 156 1
5923 156 1
6390 156 1
1921 156 1
6089 156 1
6174 156 1
2236 156 1
751 156 1
5868 156 1
2204 156 1
996 156 1
991 156 1
4519 156 1
1032 156 1
3929 156 1
1108 156 1
4867 156 1
1723 156 1
5318 156 1
2318 156 1
3622 156 1
1319 156 1
6760 156 1
1258 156 1
5574 156 1
5930 156 1
1016 156 1
1891 156 1
124 156 1
2098 156 1
4671 156 1
6317 156 1
4001 156 1
2590 156 1
4486 156 1
470 156 1
295 156 1
2606 156 1
6021 156 1
4792 156 1
1113 156 1
6096 156 1
5361 156 1
3260 156 1
4020 156 1
3037 156 1
1084 156 1
4136 156 1
1990 156 1
6350 156 1
6204 156 1
1353 156 1
5807 156 1
2664 156 1
4417 156 1
6186 156 1
4110 156 1
3046 156 1
861 156 1
5547 156 1
4067 156 1
3611 156 1
5780 156 1
6024 156 1
114 156 1
4807 156 1
140 156 1
1142 156 1
5870 156 1
5964 156 1
4560 156 1
4285 156 1
1058 156 1
6442 156 1
636 156 1
1921 156 1
3633 156 1
2592 156 1
5271 156 1
4808 156 1
825 156 1
5564 156 1
2311 156 1
4999 156 1
1214 156 1
6168 156 1
4376 156 1
277 156 1
675 156 1
5297 156 1
2576 156 1
1162 156 1
2243 156 1
4757 156 1
5235 156 1
100 156 1
6196 156 1
2779 156 1
6611 156 1
2767 156 1
2353 156 1
1095 156 1
5623 156 1
559 156 1
3122 156 1
1752 156 1
359 156 1
2042 156 1
2510 156 1
346 156 1
333 156 1
1568 156 1
3588 156 1
5528 156 1
6038 156 1
3311 156 1
4912 156 1
1669 156 1
2529 156 1
979 156 1
3998 156 1
3625 156 1
6786 156 1
4697 156 1
1158 156 1
3499 156 1
6727 156 1
476 156 1
1865 156 1
1646 156 1
704 156 1
795 156 1
3031 156 1
5978 156 1
4790 156 1
6423 156 1
3297 156 1
2086 156 1
6434 156 1
2497 156 1
3485 156 1
4808 156 1
3216 156 1
4485 156 1
1438 156 1
2501 156 1
2144 156 1
157 156 1
963 156 1
6082 156 1
4063 156 1
3248 156 1
202 156 1
664 156 1
1837 156 1
4352 156 1
4113 156 1
3125 156 1
6217 156 1
555 156 1
6475 156 1
4758 156 1
4886 156 1
2568 156 1
4826 156 1
4650 156 1
2713 156 1
1045 156 1
5085 156 1
4397 156 1
157 156 1
3594 156 1
2714 156 1
1103 156 1
2892 156 1
4686 156 1
2591 156 1
1729 156 1
3534 156 1
2664 156 1
966 157 1
4083 157 1
4978 157 1
5062 157 1
2947 157 1
3312 157 1
2006 157 1
5302 157 1
5664 157 1
6048 157 1
1845 157 1
4257 157 1
645 157 1
715 157 1
3468 157 1
1489 157 1
4692 157 1
887 157 1
1291 157 1
5576 157 1
705 157 1
2403 157 1
5397 157 1
2766 157 1
1271 157 1
4469 157 1
3760 157 1
4427 157 1
2843 157 1
1332 157 1
6427 157 1
5773 157 1
6465 157 1
1983 157 1
5179 157 1
6190 157 1
616 157 1
2283 157 1
6626 157 1
305 157 1
1867 157 1
5594 157 1
4589 157 1
3108 157 1
1691 157 1
5942 157 1
53 157 1
6144 157 1
5152 157 1
6681 157 1
2162 157 1
758 157 1
5062 157 1
256 157 1
4366 157 1
214 157 1
221 157 1
2054 157 1
4770 157 1
1233 157 1
5326 157 1
241 157 1
3644 157 1
3735 157 1
5140 157 1
1055 157 1
4621 157 1
4402 157 1
742 157 1
1434 157 1
1241 157 1
6315 157 1
4816 157 1
5908 157 1
3991 157 1
873 157 1
1741 157 1
5494 157 1
2646 157 1
5305 157 1
545 157 1
6406 157 1
1143 157 1
2111 157 1
6004 157 1
3671 157 1
1721 157 1
3811 157 1
2317 157 1
2202 157 1
2249 157 1
5917 157 1
692 157 1
6658 157 1
2557 157 1
6780 157 1
718 157 1
3533 157 1
2466 157 1
3791 157 1
4801 157 1
1861 157 1
2068 157 1
5530 157 1
874 157 1
3809 157 1
2771 157 1
442 157 1
5105 157 1
3561 157 1
1445 157 1
49 157 1
2773 157 1
3534 157 1
3860 157 1
3751 157 1
2807 157 1
5792 157 1
4402 157 1
3667 157 1
5861 157 1
4237 157 1
1137 157 1
2443 157 1
2266 157 1
2952 157 1
5528 157 1
4452 157 1
143 157 1
3200 157 1
642 157 1
3676 157 1
3617 157 1
4450 157 1
877 157 1
633 157 1
5004 157 1
4996 157 1
2262 157 1
5491 157 1
3207 157 1
1204 157 1
4035 157 1
3369 157 1
2484 157 1
3065 157 1
325 157 1
6406 157 1
2392 157 1
1773 157 1
1860 157 1
965 157 1
3053 157 1
6055 157 1
407 157 1
1547 157 1
4704 157 1
2392 157 1
3952 157 1
1048 157 1
555 157 1
3016 157 1
6367 157 1
2047 157 1
5198 157 1
4316 157 1
6059 157 1
3530 157 1
4046 157 1
48 157 1
1034 157 1
620 157 1
5414 157 1
1375 157 1
5216 157 1
4771 157 1
5495 157 1
3536 157 1
4074 157 1
5296 157 1
1748 157 1
5885 157 1
728 157 1
3297 157 1
3409 157 1
3861 157 1
717 157 1
6560 157 1
4680 157 1
5595 157 1
4273 157 1
2829 157 1
1826 157 1
2079 157 1
5625 157 1
2235 157 1
6702 157 1
2649 157 1
5342 157 1
4124 157 1
5276 157 1
3769 157 1
1522 157 1
2478 157 1
6568 157 1
386 157 1
6264 157 1
3425 157 1
1244 157 1
1793 158 1
3891 158 1
1185 158 1
5324 158 1
3787 158 1
724 158 1
1171 158 1
3806 158 1
6506 158 1
6345 158 1
4260 158 1
575 158 1
428 158 1
2052 158 1
5352 158 1
2335 158 1
1657 158 1
2219 158 1
2 158 1
6061 158 1
2472 158 1
2519 158 1
3979 158 1
1749 158 1
1712 158 1
6443 158 1
1685 158 1
900 158 1
5711 158 1
6088 158 1
6399 158 1
1910 158 1
4953 158 1
4746 158 1
3766 158 1
464 158 1
1148 158 1
2673 158 1
1066 158 1
312 158 1
5032 158 1
3308 158 1
5545 158 1
2968 158 1
1906 158 1
3823 158 1
3825 158 1
2136 158 1
3861 158 1
5457 158 1
2485 158 1
6577 158 1
4166 158 1
1892 158 1
697 158 1
1738 158 1
472 158 1
3734 158 1
2437 158 1
4590 158 1
5268 158 1
2219 158 1
3883 158 1
4511 158 1
6172 158 1
4660 158 1
4019 158 1
4912 158 1
2329 158 1
438 158 1
4360 158 1
4059 158 1
5755 158 1
5994 158 1
455 158 1
3506 158 1
1089 158 1
4665 158 1
2038 158 1
6611 158 1
4602 158 1
120 158 1
1720 158 1
4997 158 1
5036 158 1
2983 158 1
5610 158 1
3562 158 1
860 158 1
737 158 1
4061 158 1
2884 158 1
110 158 1
4731 158 1
1797 158 1
1483 158 1
5737 158 1
1039 158 1
6197 158 1
5075 158 1
4167 158 1
5832 158 1
1262 158 1
3891 158 1
271 158 1
6286 158 1
174 158 1
3798 158 1
2468 158 1
2734 158 1
981 158 1
3210 158 1
1604 158 1
1307 158 1
6241 158 1
5743 158 1
3186 158 1
569 158 1
5746 158 1
3861 158 1
1875 158 1
1839 158 1
6009 158 1
5451 158 1
3804 158 1
253 158 1
6058 158 1
3623 158 1
4773 158 1
6492 158 1
1816 158 1
2500 158 1
2750 158 1
478 158 1
5441 158 1
6231 158 1
2472 158 1
5686 158 1
6354 158 1
2110 158 1
5226 158 1
2369 158 1
1825 158 1
906 158 1
1667 158 1
1614 158 1
4979 158 1
5588 158 1
5398 158 1
3752 158 1
838 158 1
2362 158 1
2355 158 1
2534 158 1
4803 158 1
5065 158 1
4591 158 1
847 158 1
2544 158 1
4586 158 1
766 158 1
5443 158 1
3718 158 1
2184 158 1
114 158 1
2348 158 1
4015 158 1
6037 158 1
4343 158 1
6170 158 1
1934 158 1
3445 158 1
4006 158 1
3039 158 1
3317 158 1
6484 158 1
5068 158 1
3627 158 1
5548 158 1
6710 158 1
2398 158 1
5390 158 1
2580 158 1
1417 158 1
6309 158 1
6267 158 1
5081 158 1
5405 158 1
1217 158 1
1401 158 1
720 158 1
5458 158 1
2131 158 1
1152 158 1
2600 158 1
3633 158 1
368 158 1
3617 158 1
4226 158 1
1889 158 1
5365 158 1
3327 158 1
3900 158 1
4225 158 1
5884 158 1
6334 158 1
5385 158 1
444 158 1
4440 158 1
1988 159 1
6086 159 1
428 159 1
6491 159 1
6484 159 1
6073 159 1
5762 159 1
137 159 1
2784 159 1
5275 159 1
846 159 1
154 159 1
1032 159 1
2252 159 1
6724 159 1
2828 159 1
3242 159 1
1446 159 1
3232 159 1
3765 159 1
3086 159 1
88 159 1
2246 159 1
6773 159 1
143 159 1
1705 159 1
376 159 1
3523 159 1
3617 159 1
2444 159 1
1686 159 1
6349 159 1
6157 159 1
4719 159 1
811 159 1
2869 159 1
3713 159 1
6393 159 1
5271 159 1
4505 159 1
6053 159 1
4715 159 1
2512 159 1
6439 159 1
2004 159 1
1862 159 1
2071 159 1
3679 159 1
5861 159 1
2539 159 1
6093 159 1
5861 159 1
3448 159 1
783 159 1
5542 159 1
3059 159 1
3407 159 1
6678 159 1
2144 159 1
6501 159 1
465 159 1
4203 159 1
6139 159 1
4457 159 1
3690 159 1
5635 159 1
4630 159 1
3604 159 1
6176 159 1
2567 159 1
2283 159 1
6250 159 1
1230 159 1
751 159 1
2694 159 1
1034 159 1
2444 159 1
4525 159 1
99 159 1
57 159 1
5032 159 1
2785 159 1
4041 159 1
1492 159 1
2969 159 1
5751 159 1
700 159 1
3558 159 1
5507 159 1
1135 159 1
145 159 1
205 159 1
5349 159 1
545 159 1
1250 159 1
2341 159 1
6609 159 1
1172 159 1
5998 159 1
4482 159 1
2571 159 1
3061 159 1
3955 159 1
1179 159 1
3032 159 1
2106 159 1
5220 159 1
3005 159 1
3213 159 1
5586 159 1
4891 159 1
2259 159 1
1855 159 1
1491 159 1
1251 159 1
4433 159 1
4394 159 1
5764 159 1
5102 159 1
3123 159 1
281 159 1
5172 159 1
920 159 1
1172 159 1
446 159 1
5021 159 1
5677 159 1
5173 159 1
5927 159 1
4542 159 1
580 159 1
5206 159 1
3136 159 1
5149 159 1
3916 159 1
3501 159 1
6067 159 1
1304 159 1
422 159 1
6535 159 1
3852 159 1
85 159 1
1670 159 1
4833 159 1
1734 159 1
317 159 1
4852 159 1
3188 159 1
4100 159 1
2090 159 1
3715 159 1
6785 159 1
3728 159 1
6259 159 1
1029 159 1
2734 159 1
3947 159 1
770 159 1
3519 159 1
649 159 1
2388 159 1
6269 159 1
2989 159 1
4554 159 1
1510 159 1
4199 159 1
1473 159 1
2739 159 1
4199 159 1
2203 159 1
5101 159 1
3978 159 1
4835 159 1
3736 159 1
1650 159 1
1212 159 1
4555 159 1
6271 159 1
754 159 1
2400 159 1
5794 159 1
4424 159 1
3528 159 1
1329 159 1
533 159 1
1085 159 1
6707 159 1
3117 159 1
2685 159 1
3130 159 1
3371 159 1
4767 159 1
2436 159 1
4154 159 1
4597 159 1
1829 159 1
1546 159 1
916 159 1
1800 159 1
243 159 1
2500 159 1
3031 159 1
3216 159 1
1211 159 1
5740 159 1
3770 159 1
1906 159 1
4942 159 1
1709 159 1
1021 160 1
5702 160 1
60 160 1
3447 160 1
1240 160 1
1472 160 1
3689 160 1
260 160 1
4040 160 1
3114 160 1
1814 160 1
5356 160 1
6741 160 1
5109 160 1
983 160 1
1998 160 1
106 160 1
3100 160 1
2328 160 1
1997 160 1
4557 160 1
3284 160 1
5093 160 1
1695 160 1
456 160 1
6349 160 1
2897 160 1
3287 160 1
2793 160 1
5137 160 1
5438 160 1
2954 160 1
4344 160 1
4392 160 1
6287 160 1
1905 160 1
5042 160 1
4660 160 1
6603 160 1
1085 160 1
2523 160 1
2461 160 1
155 160 1
6664 160 1
3657 160 1
3970 160 1
2739 160 1
3774 160 1
4227 160 1
2472 160 1
2483 160 1
4035 160 1
4608 160 1
57 160 1
5547 160 1
1807 160 1
5953 160 1
5935 160 1
137 160 1
2792 160 1
2728 160 1
72 160 1
3218 160 1
2939 160 1
5266 160 1
1398 160 1
2144 160 1
5193 160 1
2618 160 1
2731 160 1
5638 160 1
3498 160 1
5206 160 1
6558 160 1
5542 160 1
3137 160 1
1401 160 1
3000 160 1
1843 160 1
2062 160 1
3422 160 1
2800 160 1
2485 160 1
419 160 1
2812 160 1
4754 160 1
6042 160 1
901 160 1
1047 160 1
4222 160 1
3552 160 1
2114 160 1
813 160 1
687 160 1
6329 160 1
2585 160 1
2326 160 1
189 160 1
6744 160 1
3463 160 1
5094 160 1
1444 160 1
3370 160 1
3357 160 1
5239 160 1
3969 160 1
63 160 1
1897 160 1
5392 160 1
3411 160 1
4485 160 1
5044 160 1
4600 160 1
5394 160 1
6629 160 1
5006 160 1
5262 160 1
5119 160 1
4406 160 1
6013 160 1
3333 160 1
6158 160 1
5597 160 1
3259 160 1
1795 160 1
5635 160 1
28 160 1
6728 160 1
4333 160 1
4935 160 1
3422 160 1
5566 160 1
4511 160 1
1747 160 1
5515 160 1
5346 160 1
837 160 1
6382 160 1
1498 160 1
2255 160 1
5499 160 1
2616 160 1
6236 160 1
6101 160 1
3989 160 1
1290 160 1
945 160 1
3106 160 1
1915 160 1
3873 160 1
6541 160 1
2126 160 1
548 160 1
6210 160 1
2844 160 1
1371 160 1
5164 160 1
1549 160 1
5901 160 1
1056 160 1
86 160 1
1409 160 1
6024 160 1
5370 160 1
182 160 1
3564 160 1
819 160 1
2877 160 1
6345 160 1
4315 160 1
3216 160 1
2226 160 1
5680 160 1
2720 160 1
2033 160 1
1775 160 1
1731 160 1
480 160 1
355 160 1
7 160 1
1112 160 1
6133 160 1
2019 160 1
5410 160 1
782 160 1
3315 160 1
1917 160 1
1871 160 1
3469 160 1
5111 160 1
2551 160 1
1031 160 1
1322 160 1
1576 160 1
3892 160 1
5227 160 1
1899 160 1
1984 160 1
726 160 1
4142 160 1
904 160 1
5301 160 1
4313 160 1
2520 160 1
4574 160 1
5541 160 1
4673 160 1
2478 160 1
1388 160 1
3572 161 1
118 161 1
1862 161 1
4406 161 1
321 161 1
6434 161 1
3883 161 1
1608 161 1
5254 161 1
4324 161 1
1074 161 1
2810 161 1
4550 161 1
1541 161 1
4831 161 1
4688 161 1
5637 161 1
2561 161 1
2507 161 1
6310 161 1
3046 161 1
2184 161 1
6292 161 1
2074 161 1
2950 161 1
3113 161 1
4574 161 1
3894 161 1
5484 161 1
6380 161 1
3764 161 1
2260 161 1
1188 161 1
652 161 1
1750 161 1
5 161 1
2735 161 1
1168 161 1
3872 161 1
6141 161 1
1831 161 1
2026 161 1
5259 161 1
3792 161 1
2238 161 1
3208 161 1
5616 161 1
3172 161 1
5688 161 1
2952 161 1
2406 161 1
4753 161 1
993 161 1
5004 161 1
3693 161 1
1163 161 1
6370 161 1
3995 161 1
2940 161 1
1330 161 1
216 161 1
4347 161 1
6265 161 1
5779 161 1
216 161 1
1343 161 1
1416 161 1
5174 161 1
3846 161 1
3322 161 1
5760 161 1
5246 161 1
2524 161 1
5781 161 1
891 161 1
1615 161 1
4440 161 1
3603 161 1
3581 161 1
3515 161 1
1123 161 1
4197 161 1
2776 161 1
870 161 1
701 161 1
2153 161 1
5820 161 1
6132 161 1
2444 161 1
2834 161 1
3123 161 1
5552 161 1
2592 161 1
6175 161 1
1298 161 1
1451 161 1
4210 161 1
469 161 1
5792 161 1
6760 161 1
908 161 1
4703 161 1
2394 161 1
1537 161 1
1757 161 1
3357 161 1
5953 161 1
6203 161 1
3143 161 1
5269 161 1
450 161 1
5409 161 1
2387 161 1
3971 161 1
4085 161 1
1889 161 1
2486 161 1
6621 161 1
4289 161 1
5002 161 1
4603 161 1
5728 161 1
4352 161 1
3469 161 1
2646 161 1
3578 161 1
5890 161 1
2276 161 1
5172 161 1
186 161 1
2650 161 1
2882 161 1
2309 161 1
471 161 1
3702 161 1
1819 161 1
5569 161 1
557 161 1
1948 161 1
927 161 1
236 161 1
4634 161 1
312 161 1
5947 161 1
50 161 1
5002 161 1
2249 161 1
4910 161 1
5479 161 1
1199 161 1
5837 161 1
5560 161 1
810 161 1
2701 161 1
2636 161 1
3252 161 1
4130 161 1
4481 161 1
4940 161 1
4718 161 1
6595 161 1
450 161 1
3557 161 1
2002 161 1
2565 161 1
4143 161 1
949 161 1
5517 161 1
3248 161 1
5876 161 1
4782 161 1
6317 161 1
2750 161 1
1317 161 1
1237 161 1
216 161 1
1168 161 1
3758 161 1
757 161 1
1861 161 1
965 161 1
258 161 1
1612 161 1
268 161 1
5032 161 1
3990 161 1
4320 161 1
5154 161 1
3766 161 1
2660 161 1
4900 161 1
5542 161 1
341 161 1
5868 161 1
3627 161 1
2690 161 1
2758 161 1
2671 161 1
3807 161 1
3640 161 1
6461 161 1
3022 161 1
4973 161 1
4678 161 1
2984 161 1
2109 161 1
4685 161 1
4229 161 1
2351 161 1
887 162 1
5429 162 1
3545 162 1
4312 162 1
4717 162 1
3803 162 1
4691 162 1
704 162 1
4274 162 1
1349 162 1
2135 162 1
6004 162 1
39 162 1
834 162 1
2659 162 1
359 162 1
5356 162 1
5138 162 1
6569 162 1
2290 162 1
3325 162 1
4904 162 1
5005 162 1
189 162 1
5853 162 1
6054 162 1
2476 162 1
218 162 1
4293 162 1
5080 162 1
2093 162 1
5050 162 1
1068 162 1
5473 162 1
3057 162 1
1622 162 1
5432 162 1
5373 162 1
5881 162 1
2140 162 1
5432 162 1
2512 162 1
5232 162 1
4986 162 1
1834 162 1
1263 162 1
2774 162 1
3613 162 1
575 162 1
2219 162 1
1509 162 1
3013 162 1
1182 162 1
4075 162 1
1656 162 1
5547 162 1
1600 162 1
4227 162 1
949 162 1
636 162 1
3524 162 1
3304 162 1
4043 162 1
4155 162 1
751 162 1
6351 162 1
6068 162 1
5884 162 1
1280 162 1
1819 162 1
4233 162 1
3682 162 1
1860 162 1
285 162 1
4685 162 1
1740 162 1
5700 162 1
4836 162 1
2077 162 1
4575 162 1
4256 162 1
6326 162 1
3110 162 1
4591 162 1
6325 162 1
3487 162 1
3607 162 1
3772 162 1
3537 162 1
4487 162 1
5745 162 1
5646 162 1
1846 162 1
6551 162 1
286 162 1
431 162 1
2079 162 1
2840 162 1
3368 162 1
2462 162 1
1021 162 1
3899 162 1
4128 162 1
1855 162 1
4527 162 1
376 162 1
4171 162 1
5386 162 1
2420 162 1
4619 162 1
5949 162 1
4052 162 1
98 162 1
333 162 1
4684 162 1
983 162 1
5205 162 1
6703 162 1
6423 162 1
1136 162 1
2168 162 1
1171 162 1
1748 162 1
6031 162 1
1658 162 1
2890 162 1
5012 162 1
2365 162 1
5555 162 1
1708 162 1
874 162 1
2055 162 1
1208 162 1
6785 162 1
4240 162 1
4546 162 1
6595 162 1
3148 162 1
3867 162 1
2096 162 1
1446 162 1
1599 162 1
230 162 1
960 162 1
3751 162 1
53 162 1
402 162 1
2626 162 1
6136 162 1
1047 162 1
3431 162 1
6691 162 1
3956 162 1
6376 162 1
4889 162 1
3870 162 1
3403 162 1
2538 162 1
4586 162 1
2084 162 1
6123 162 1
239 162 1
3592 162 1
983 162 1
1307 162 1
6441 162 1
4454 162 1
5597 162 1
1498 162 1
5963 162 1
1622 162 1
1658 162 1
1445 162 1
5389 162 1
2468 162 1
5642 162 1
5659 162 1
5665 162 1
314 162 1
1700 162 1
1840 162 1
6765 162 1
1507 162 1
3381 162 1
1797 162 1
2902 162 1
5667 162 1
2311 162 1
1022 162 1
4471 162 1
5946 162 1
6093 162 1
858 162 1
2520 162 1
3485 162 1
1301 162 1
4971 162 1
5119 162 1
4729 162 1
373 162 1
2690 162 1
465 162 1
5049 162 1
4350 162 1
1597 162 1
4487 162 1
5799 162 1
1906 162 1
5653 162 1
4384 163 1
2972 163 1
3995 163 1
1621 163 1
535 163 1
5845 163 1
387 163 1
5396 163 1
3152 163 1
2261 163 1
317 163 1
2685 163 1
3226 163 1
4915 163 1
4544 163 1
1790 163 1
6654 163 1
6290 163 1
2651 163 1
4562 163 1
5081 163 1
3679 163 1
5943 163 1
5933 163 1
3330 163 1
879 163 1
6318 163 1
5086 163 1
6581 163 1
2264 163 1
2606 163 1
5963 163 1
1745 163 1
1136 163 1
4439 163 1
4909 163 1
6400 163 1
675 163 1
4077 163 1
6419 163 1
6079 163 1
5796 163 1
1090 163 1
2875 163 1
1795 163 1
5751 163 1
985 163 1
1769 163 1
1991 163 1
6752 163 1
1511 163 1
4763 163 1
3519 163 1
2667 163 1
2785 163 1
5066 163 1
1108 163 1
2332 163 1
5377 163 1
6612 163 1
1690 163 1
2923 163 1
5617 163 1
4224 163 1
4675 163 1
4166 163 1
1390 163 1
1101 163 1
2916 163 1
5126 163 1
3559 163 1
1681 163 1
109 163 1
2687 163 1
5706 163 1
5837 163 1
3019 163 1
5667 163 1
804 163 1
6335 163 1
4905 163 1
6678 163 1
504 163 1
3430 163 1
3418 163 1
2543 163 1
3353 163 1
2609 163 1
2766 163 1
1446 163 1
6466 163 1
1307 163 1
240 163 1
1312 163 1
2011 163 1
3141 163 1
4430 163 1
3144 163 1
4247 163 1
38 163 1
2455 163 1
3952 163 1
3883 163 1
1740 163 1
5961 163 1
3416 163 1
5514 163 1
4433 163 1
5808 163 1
3587 163 1
4129 163 1
2220 163 1
936 163 1
38 163 1
4015 163 1
5575 163 1
6449 163 1
2259 163 1
526 163 1
6264 163 1
300 163 1
4112 163 1
898 163 1
971 163 1
1570 163 1
6238 163 1
5145 163 1
1878 163 1
4335 163 1
3875 163 1
586 163 1
4758 163 1
6211 163 1
503 163 1
5837 163 1
2235 163 1
4614 163 1
1963 163 1
2714 163 1
1026 163 1
3077 163 1
3213 163 1
3746 163 1
505 163 1
4386 163 1
2755 163 1
1455 163 1
3736 163 1
4120 163 1
5 163 1
435 163 1
405 163 1
1776 163 1
3256 163 1
828 163 1
5314 163 1
3743 163 1
3143 163 1
1688 163 1
660 163 1
3114 163 1
2971 163 1
5254 163 1
3368 163 1
3474 163 1
730 163 1
6282 163 1
1241 163 1
227 163 1
5803 163 1
6443 163 1
4034 163 1
2835 163 1
3832 163 1
3532 163 1
5168 163 1
4339 163 1
1295 163 1
66 163 1
6388 163 1
746 163 1
1833 163 1
2891 163 1
5923 163 1
6090 163 1
5852 163 1
4370 163 1
4198 163 1
6075 163 1
4627 163 1
514 163 1
4053 163 1
6437 163 1
5959 163 1
4092 163 1
2802 163 1
914 163 1
1103 163 1
5428 163 1
5666 163 1
5571 163 1
918 163 1
1686 163 1
6274 163 1
5409 163 1
6495 163 1
6052 163 1
3601 163 1
1038 163 1
3209 164 1
3443 164 1
3379 164 1
4708 164 1
1010 164 1
579 164 1
1119 164 1
6182 164 1
1275 164 1
1363 164 1
4993 164 1
2475 164 1
6036 164 1
2966 164 1
4354 164 1
6203 164 1
620 164 1
5371 164 1
3110 164 1
1936 164 1
6205 164 1
1795 164 1
3802 164 1
1051 164 1
2408 164 1
6442 164 1
2236 164 1
4900 164 1
5581 164 1
404 164 1
2594 164 1
3641 164 1
5806 164 1
1883 164 1
12 164 1
2332 164 1
4702 164 1
5923 164 1
6704 164 1
4627 164 1
5756 164 1
5720 164 1
422 164 1
1707 164 1
3586 164 1
833 164 1
2300 164 1
2829 164 1
4756 164 1
6200 164 1
1737 164 1
6316 164 1
5508 164 1
5726 164 1
654 164 1
6785 164 1
587 164 1
4497 164 1
301 164 1
6369 164 1
1220 164 1
5564 164 1
4875 164 1
813 164 1
5679 164 1
5323 164 1
4342 164 1
4144 164 1
3842 164 1
3305 164 1
562 164 1
4292 164 1
6247 164 1
202 164 1
873 164 1
2556 164 1
6621 164 1
3801 164 1
6784 164 1
6096 164 1
4042 164 1
6715 164 1
4885 164 1
4950 164 1
1543 164 1
23 164 1
6729 164 1
3935 164 1
4830 164 1
5166 164 1
3987 164 1
5899 164 1
2808 164 1
5821 164 1
4356 164 1
6308 164 1
1819 164 1
4508 164 1
6459 164 1
369 164 1
1790 164 1
3676 164 1
6427 164 1
1454 164 1
6766 164 1
6437 164 1
3963 164 1
4056 164 1
4212 164 1
4283 164 1
3990 164 1
5159 164 1
1837 164 1
4101 164 1
5288 164 1
1772 164 1
54 164 1
89 164 1
6576 164 1
72 164 1
2013 164 1
4764 164 1
1654 164 1
2270 164 1
2998 164 1
138 164 1
357 164 1
1034 164 1
5977 164 1
3208 164 1
347 164 1
3417 164 1
2538 164 1
2410 164 1
535 164 1
5009 164 1
3354 164 1
714 164 1
3533 164 1
3523 164 1
931 164 1
4670 164 1
4828 164 1
1152 164 1
4846 164 1
5553 164 1
3940 164 1
6155 164 1
3835 164 1
1185 164 1
5006 164 1
3700 164 1
6725 164 1
2552 164 1
478 164 1
1862 164 1
182 164 1
5652 164 1
1776 164 1
1326 164 1
1576 164 1
2235 164 1
3237 164 1
4308 164 1
1371 164 1
2240 164 1
6442 164 1
151 164 1
6131 164 1
6089 164 1
974 164 1
2582 164 1
5191 164 1
1467 164 1
1362 164 1
3969 164 1
5907 164 1
3769 164 1
1534 164 1
6432 164 1
6301 164 1
1856 164 1
3489 164 1
1026 164 1
1897 164 1
486 164 1
3654 164 1
5567 164 1
3092 164 1
873 164 1
1637 164 1
2772 164 1
2379 164 1
180 164 1
569 164 1
2161 164 1
3660 164 1
2141 164 1
209 164 1
2781 164 1
3596 164 1
4815 164 1
5838 164 1
2042 164 1
5803 164 1
3406 164 1
5336 164 1
4306 164 1
280 164 1
5386 165 1
1378 165 1
6207 165 1
1190 165 1
3101 165 1
1035 165 1
398 165 1
5349 165 1
3331 165 1
88 165 1
6231 165 1
6625 165 1
3354 165 1
1303 165 1
4675 165 1
1272 165 1
5348 165 1
2263 165 1
3541 165 1
4072 165 1
5602 165 1
1723 165 1
2159 165 1
6582 165 1
2900 165 1
6132 165 1
5997 165 1
4708 165 1
2248 165 1
3301 165 1
534 165 1
2586 165 1
2823 165 1
6215 165 1
875 165 1
2473 165 1
2386 165 1
3403 165 1
5695 165 1
6104 165 1
2600 165 1
6677 165 1
368 165 1
876 165 1
1870 165 1
4339 165 1
1194 165 1
2484 165 1
1859 165 1
2886 165 1
1231 165 1
805 165 1
2084 165 1
2905 165 1
3092 165 1
5794 165 1
4039 165 1
2925 165 1
656 165 1
6461 165 1
1594 165 1
2189 165 1
5355 165 1
4591 165 1
3107 165 1
6388 165 1
2193 165 1
3249 165 1
218 165 1
4193 165 1
4250 165 1
6760 165 1
1624 165 1
3995 165 1
5754 165 1
2241 165 1
1623 165 1
2069 165 1
2090 165 1
714 165 1
3981 165 1
425 165 1
2641 165 1
6318 165 1
250 165 1
3850 165 1
1639 165 1
6677 165 1
6665 165 1
5043 165 1
1970 165 1
400 165 1
6785 165 1
6235 165 1
1057 165 1
5997 165 1
5585 165 1
3889 165 1
6702 165 1
2746 165 1
4221 165 1
1043 165 1
5917 165 1
6391 165 1
6008 165 1
982 165 1
2733 165 1
2758 165 1
424 165 1
1364 165 1
6397 165 1
5722 165 1
5859 165 1
3781 165 1
6780 165 1
2572 165 1
2606 165 1
930 165 1
3259 165 1
1277 165 1
704 165 1
4962 165 1
5171 165 1
3680 165 1
3118 165 1
5715 165 1
2243 165 1
4334 165 1
5286 165 1
1327 165 1
3737 165 1
4747 165 1
3395 165 1
2374 165 1
6173 165 1
683 165 1
6453 165 1
943 165 1
2312 165 1
2147 165 1
2812 165 1
6514 165 1
2623 165 1
432 165 1
163 165 1
442 165 1
429 165 1
2034 165 1
4906 165 1
4167 165 1
1167 165 1
5919 165 1
3696 165 1
4768 165 1
5655 165 1
2211 165 1
2486 165 1
1127 165 1
489 165 1
241 165 1
1282 165 1
3770 165 1
2668 165 1
4355 165 1
1556 165 1
515 165 1
6188 165 1
5793 165 1
2253 165 1
5639 165 1
5191 165 1
2597 165 1
6397 165 1
4375 165 1
5978 165 1
2969 165 1
2226 165 1
2885 165 1
3764 165 1
2089 165 1
3976 165 1
3054 165 1
1173 165 1
2444 165 1
6507 165 1
2084 165 1
2065 165 1
251 165 1
197 165 1
527 165 1
4955 165 1
1657 165 1
5774 165 1
6405 165 1
579 165 1
1782 165 1
1202 165 1
1763 165 1
1373 165 1
2414 165 1
5280 165 1
5768 165 1
6562 165 1
969 165 1
4765 165 1
4354 165 1
5789 165 1
4288 165 1
228 165 1
4768 166 1
1023 166 1
2548 166 1
5010 166 1
1045 166 1
3071 166 1
5492 166 1
4769 166 1
5941 166 1
1531 166 1
2289 166 1
426 166 1
1997 166 1
5111 166 1
2807 166 1
1944 166 1
843 166 1
6782 166 1
5516 166 1
1645 166 1
3936 166 1
4777 166 1
5890 166 1
2517 166 1
595 166 1
6664 166 1
5723 166 1
5821 166 1
6374 166 1
3110 166 1
4495 166 1
4413 166 1
4691 166 1
3053 166 1
6231 166 1
4463 166 1
5083 166 1
1362 166 1
6652 166 1
3126 166 1
6036 166 1
1992 166 1
2541 166 1
6238 166 1
2874 166 1
1717 166 1
2816 166 1
4852 166 1
3437 166 1
4492 166 1
3310 166 1
1675 166 1
2310 166 1
2821 166 1
774 166 1
90 166 1
4361 166 1
4960 166 1
2546 166 1
720 166 1
766 166 1
979 166 1
830 166 1
3213 166 1
1654 166 1
2531 166 1
6338 166 1
4257 166 1
2994 166 1
4824 166 1
3284 166 1
2439 166 1
1253 166 1
3086 166 1
1392 166 1
212 166 1
1336 166 1
3817 166 1
3881 166 1
5217 166 1
3391 166 1
3761 166 1
6189 166 1
6560 166 1
4821 166 1
185 166 1
1694 166 1
6394 166 1
2316 166 1
5893 166 1
2634 166 1
6636 166 1
5965 166 1
2868 166 1
2466 166 1
4066 166 1
4947 166 1
2693 166 1
1155 166 1
3714 166 1
719 166 1
2291 166 1
1205 166 1
888 166 1
2347 166 1
707 166 1
4784 166 1
6067 166 1
4152 166 1
4378 166 1
4659 166 1
3099 166 1
897 166 1
3930 166 1
1263 166 1
5078 166 1
1085 166 1
2312 166 1
1234 166 1
6694 166 1
4749 166 1
5920 166 1
5169 166 1
6082 166 1
4571 166 1
6584 166 1
1123 166 1
5329 166 1
4039 166 1
2003 166 1
6598 166 1
3370 166 1
4 166 1
1926 166 1
329 166 1
1664 166 1
3936 166 1
4537 166 1
5888 166 1
4637 166 1
2161 166 1
3851 166 1
3616 166 1
1054 166 1
2256 166 1
1102 166 1
537 166 1
1205 166 1
2211 166 1
6662 166 1
6362 166 1
1862 166 1
6133 166 1
2881 166 1
3140 166 1
3228 166 1
1025 166 1
4010 166 1
4809 166 1
983 166 1
5844 166 1
1800 166 1
4295 166 1
250 166 1
2608 166 1
664 166 1
5854 166 1
1615 166 1
5038 166 1
5778 166 1
445 166 1
827 166 1
1380 166 1
5573 166 1
898 166 1
726 166 1
4131 166 1
3119 166 1
3906 166 1
5706 166 1
1292 166 1
572 166 1
2634 166 1
2346 166 1
6083 166 1
1601 166 1
3076 166 1
6769 166 1
3959 166 1
6460 166 1
791 166 1
2499 166 1
3080 166 1
1547 166 1
5533 166 1
4329 166 1
6259 166 1
1681 166 1
569 166 1
4343 166 1
5547 166 1
4850 166 1
165 166 1
2222 166 1
3439 166 1
875 166 1
5527 166 1
2854 166 1
2774 166 1
1720 167 1
3611 167 1
3423 167 1
4628 167 1
4480 167 1
4718 167 1
5598 167 1
4498 167 1
5879 167 1
6692 167 1
1609 167 1
2302 167 1
4377 167 1
1728 167 1
2590 167 1
933 167 1
193 167 1
6350 167 1
2618 167 1
5090 167 1
4175 167 1
3539 167 1
5763 167 1
4755 167 1
6529 167 1
2776 167 1
4004 167 1
3629 167 1
3178 167 1
120 167 1
4699 167 1
4277 167 1
1992 167 1
1497 167 1
5850 167 1
6429 167 1
3583 167 1
2931 167 1
4435 167 1
6313 167 1
1622 167 1
4306 167 1
1161 167 1
6653 167 1
1801 167 1
2063 167 1
444 167 1
3687 167 1
3344 167 1
2189 167 1
160 167 1
3882 167 1
5023 167 1
2720 167 1
5074 167 1
6549 167 1
1204 167 1
6220 167 1
3684 167 1
4561 167 1
1539 167 1
2213 167 1
1700 167 1
2901 167 1
266 167 1
1784 167 1
2428 167 1
48 167 1
5388 167 1
2156 167 1
1594 167 1
2850 167 1
2117 167 1
5597 167 1
6575 167 1
289 167 1
166 167 1
4535 167 1
5113 167 1
4464 167 1
1497 167 1
6315 167 1
5997 167 1
2609 167 1
3754 167 1
3328 167 1
3942 167 1
5108 167 1
1593 167 1
3089 167 1
4207 167 1
737 167 1
4407 167 1
6100 167 1
6654 167 1
3926 167 1
2035 167 1
5596 167 1
5017 167 1
2826 167 1
6245 167 1
5031 167 1
1992 167 1
4473 167 1
697 167 1
717 167 1
3059 167 1
2780 167 1
5026 167 1
1299 167 1
6326 167 1
4691 167 1
4220 167 1
6268 167 1
2899 167 1
4666 167 1
3848 167 1
4862 167 1
3466 167 1
6683 167 1
5345 167 1
5356 167 1
3064 167 1
2512 167 1
5625 167 1
6014 167 1
1671 167 1
343 167 1
5559 167 1
6228 167 1
1648 167 1
3493 167 1
2906 167 1
2490 167 1
1145 167 1
2304 167 1
1946 167 1
5544 167 1
6399 167 1
2984 167 1
1876 167 1
3214 167 1
6627 167 1
2589 167 1
5398 167 1
1026 167 1
1108 167 1
4645 167 1
243 167 1
711 167 1
3512 167 1
3109 167 1
5678 167 1
5392 167 1
5896 167 1
5745 167 1
4428 167 1
443 167 1
1358 167 1
2310 167 1
4659 167 1
3391 167 1
5903 167 1
40 167 1
1607 167 1
278 167 1
5400 167 1
5258 167 1
4579 167 1
2649 167 1
5496 167 1
6371 167 1
992 167 1
4671 167 1
4482 167 1
3709 167 1
2855 167 1
5629 167 1
2812 167 1
2220 167 1
1211 167 1
6716 167 1
5385 167 1
6481 167 1
3611 167 1
4102 167 1
4107 167 1
2180 167 1
2240 167 1
5669 167 1
2491 167 1
1152 167 1
1129 167 1
6310 167 1
2159 167 1
519 167 1
6711 167 1
475 167 1
3129 167 1
2051 167 1
5143 167 1
6309 167 1
4015 167 1
2873 167 1
1641 167 1
1305 167 1
2042 167 1
6037 167 1
5535 167 1
6438 168 1
1189 168 1
1127 168 1
1555 168 1
5584 168 1
5056 168 1
4050 168 1
2870 168 1
821 168 1
4366 168 1
829 168 1
93 168 1
149 168 1
1670 168 1
4307 168 1
477 168 1
4889 168 1
1540 168 1
6616 168 1
6733 168 1
5109 168 1
1860 168 1
1624 168 1
5807 168 1
4516 168 1
5947 168 1
4087 168 1
878 168 1
902 168 1
1461 168 1
6154 168 1
6697 168 1
6580 168 1
6726 168 1
5126 168 1
6313 168 1
5316 168 1
5584 168 1
5923 168 1
248 168 1
2523 168 1
5096 168 1
413 168 1
5612 168 1
4707 168 1
5801 168 1
3979 168 1
6714 168 1
1986 168 1
197 168 1
4580 168 1
4333 168 1
5152 168 1
5582 168 1
1221 168 1
5647 168 1
305 168 1
6215 168 1
4952 168 1
3505 168 1
5660 168 1
385 168 1
1035 168 1
1369 168 1
277 168 1
4274 168 1
5004 168 1
4911 168 1
2178 168 1
311 168 1
478 168 1
3945 168 1
1820 168 1
3388 168 1
5127 168 1
6653 168 1
4366 168 1
3178 168 1
1890 168 1
5779 168 1
1106 168 1
659 168 1
689 168 1
1636 168 1
1929 168 1
638 168 1
5490 168 1
5194 168 1
1334 168 1
5525 168 1
472 168 1
647 168 1
1090 168 1
1166 168 1
2785 168 1
3322 168 1
3498 168 1
4381 168 1
6432 168 1
6107 168 1
6438 168 1
418 168 1
6355 168 1
4552 168 1
5690 168 1
923 168 1
2840 168 1
5955 168 1
6412 168 1
6179 168 1
2994 168 1
4265 168 1
3924 168 1
4723 168 1
2388 168 1
1883 168 1
2212 168 1
2183 168 1
1489 168 1
6178 168 1
3485 168 1
759 168 1
6459 168 1
2350 168 1
938 168 1
4675 168 1
1269 168 1
6357 168 1
5427 168 1
1067 168 1
1501 168 1
1796 168 1
6351 168 1
153 168 1
4657 168 1
3954 168 1
4032 168 1
6035 168 1
2529 168 1
6441 168 1
1087 168 1
6423 168 1
6426 168 1
3363 168 1
4962 168 1
3280 168 1
207 168 1
2719 168 1
1044 168 1
4092 168 1
1700 168 1
1472 168 1
5307 168 1
1033 168 1
4014 168 1
2266 168 1
2286 168 1
6531 168 1
1380 168 1
1774 168 1
4022 168 1
3460 168 1
5476 168 1
933 168 1
1873 168 1
4772 168 1
1754 168 1
362 168 1
6478 168 1
3454 168 1
2757 168 1
754 168 1
2313 168 1
4175 168 1
3898 168 1
1261 168 1
1956 168 1
3489 168 1
5406 168 1
4118 168 1
1649 168 1
6125 168 1
3059 168 1
4900 168 1
3876 168 1
4985 168 1
5144 168 1
580 168 1
6560 168 1
5863 168 1
6451 168 1
5659 168 1
2165 168 1
4468 168 1
5387 168 1
6350 168 1
1398 168 1
5350 168 1
1445 168 1
5891 168 1
304 168 1
3889 168 1
936 168 1
1122 168 1
65 168 1
2721 168 1
314 168 1
797 168 1
2439 168 1
6422 169 1
3886 169 1
449 169 1
6001 169 1
2599 169 1
2478 169 1
2534 169 1
5528 169 1
2344 169 1
6037 169 1
1938 169 1
6127 169 1
5919 169 1
5500 169 1
2425 169 1
4716 169 1
1870 169 1
2812 169 1
2938 169 1
2793 169 1
5816 169 1
2777 169 1
6745 169 1
2592 169 1
2222 169 1
5518 169 1
1749 169 1
3200 169 1
4536 169 1
5264 169 1
2672 169 1
2142 169 1
1789 169 1
4533 169 1
748 169 1
4835 169 1
1416 169 1
2808 169 1
6531 169 1
5977 169 1
3922 169 1
1300 169 1
3306 169 1
2067 169 1
1065 169 1
5617 169 1
5447 169 1
1855 169 1
5023 169 1
1299 169 1
3578 169 1
5294 169 1
5366 169 1
4666 169 1
3963 169 1
3425 169 1
1506 169 1
5893 169 1
3464 169 1
6676 169 1
375 169 1
1165 169 1
1318 169 1
1815 169 1
3993 169 1
3380 169 1
3930 169 1
33 169 1
2727 169 1
6259 169 1
4343 169 1
1119 169 1
5762 169 1
2747 169 1
1786 169 1
220 169 1
1644 169 1
681 169 1
4063 169 1
2956 169 1
1626 169 1
6495 169 1
4323 169 1
3170 169 1
2386 169 1
5491 169 1
6146 169 1
4719 169 1
295 169 1
3481 169 1
6533 169 1
2896 169 1
3096 169 1
1793 169 1
1148 169 1
3486 169 1
1726 169 1
407 169 1
5566 169 1
4552 169 1
1146 169 1
1122 169 1
1498 169 1
2198 169 1
549 169 1
6681 169 1
1641 169 1
267 169 1
1934 169 1
3301 169 1
5173 169 1
3911 169 1
4648 169 1
461 169 1
3537 169 1
78 169 1
213 169 1
3298 169 1
6777 169 1
5655 169 1
3007 169 1
6394 169 1
169 169 1
5511 169 1
899 169 1
2494 169 1
5870 169 1
1914 169 1
4215 169 1
3209 169 1
6557 169 1
6485 169 1
2876 169 1
783 169 1
3638 169 1
6770 169 1
1633 169 1
5062 169 1
2186 169 1
3521 169 1
2584 169 1
5147 169 1
2073 169 1
1877 169 1
1185 169 1
6732 169 1
847 169 1
2129 169 1
1112 169 1
6228 169 1
3961 169 1
1225 169 1
4792 169 1
5114 169 1
267 169 1
6411 169 1
4241 169 1
1066 169 1
6187 169 1
2404 169 1
985 169 1
5113 169 1
4867 169 1
1427 169 1
2366 169 1
1879 169 1
4634 169 1
4153 169 1
3973 169 1
334 169 1
3662 169 1
1833 169 1
6021 169 1
4316 169 1
2802 169 1
6290 169 1
1876 169 1
1588 169 1
173 169 1
6584 169 1
1543 169 1
6757 169 1
6375 169 1
4261 169 1
248 169 1
4122 169 1
2372 169 1
1466 169 1
4388 169 1
1873 169 1
1328 169 1
2453 169 1
4132 169 1
4459 169 1
1556 169 1
4925 169 1
6400 169 1
5274 169 1
3399 169 1
3115 169 1
5769 169 1
851 169 1
2959 169 1
2990 169 1
4860 169 1
4046 169 1
5862 169 1
754 169 1
5638 169 1
897 170 1
4968 170 1
3810 170 1
527 170 1
2595 170 1
6064 170 1
3894 170 1
3388 170 1
5154 170 1
1544 170 1
739 170 1
1685 170 1
1214 170 1
4970 170 1
2769 170 1
1409 170 1
6127 170 1
3126 170 1
1630 170 1
3246 170 1
4719 170 1
6724 170 1
6528 170 1
3413 170 1
3577 170 1
6124 170 1
3984 170 1
2389 170 1
5323 170 1
262 170 1
2414 170 1
3314 170 1
4413 170 1
580 170 1
5376 170 1
491 170 1
2701 170 1
5130 170 1
6607 170 1
2747 170 1
2868 170 1
6727 170 1
4083 170 1
2144 170 1
5839 170 1
1577 170 1
6739 170 1
1819 170 1
1830 170 1
5558 170 1
4083 170 1
1053 170 1
6514 170 1
3102 170 1
5603 170 1
3547 170 1
918 170 1
892 170 1
6749 170 1
5543 170 1
4816 170 1
1878 170 1
1887 170 1
3128 170 1
6659 170 1
2997 170 1
2967 170 1
6258 170 1
4636 170 1
1445 170 1
2217 170 1
1799 170 1
3545 170 1
4780 170 1
2158 170 1
332 170 1
6299 170 1
5218 170 1
1095 170 1
3194 170 1
5651 170 1
4964 170 1
2564 170 1
4474 170 1
5313 170 1
1953 170 1
6607 170 1
6242 170 1
4211 170 1
2340 170 1
510 170 1
5937 170 1
6305 170 1
3573 170 1
1653 170 1
3201 170 1
4806 170 1
6297 170 1
2620 170 1
5626 170 1
3712 170 1
5505 170 1
3401 170 1
3618 170 1
5110 170 1
2185 170 1
3597 170 1
1419 170 1
2876 170 1
3121 170 1
2992 170 1
5141 170 1
3537 170 1
1670 170 1
5725 170 1
502 170 1
4894 170 1
6113 170 1
4218 170 1
4436 170 1
3487 170 1
2415 170 1
6504 170 1
1408 170 1
4186 170 1
2459 170 1
2360 170 1
2681 170 1
5 170 1
1716 170 1
480 170 1
4046 170 1
4197 170 1
213 170 1
5871 170 1
4827 170 1
4545 170 1
1610 170 1
1718 170 1
235 170 1
3675 170 1
6695 170 1
3675 170 1
3974 170 1
1335 170 1
4011 170 1
3547 170 1
4851 170 1
6171 170 1
6647 170 1
4180 170 1
5446 170 1
2479 170 1
4672 170 1
3069 170 1
2 170 1
5887 170 1
3542 170 1
5906 170 1
5661 170 1
881 170 1
6656 170 1
3301 170 1
535 170 1
4900 170 1
1885 170 1
3618 170 1
168 170 1
2425 170 1
4263 170 1
2790 170 1
3142 170 1
4514 170 1
1091 170 1
2978 170 1
4418 170 1
731 170 1
3706 170 1
2943 170 1
4333 170 1
1700 170 1
6219 170 1
1354 170 1
784 170 1
6085 170 1
1864 170 1
2664 170 1
1903 170 1
4213 170 1
1253 170 1
3695 170 1
313 170 1
1815 170 1
5980 170 1
705 170 1
4328 170 1
2725 170 1
15 170 1
5586 170 1
6616 170 1
3478 170 1
3558 170 1
3603 170 1
3742 170 1
4840 170 1
5990 170 1
958 170 1
1053 170 1
6030 170 1
4297 171 1
5980 171 1
6210 171 1
2560 171 1
1750 171 1
2185 171 1
2174 171 1
5768 171 1
4681 171 1
4633 171 1
2414 171 1
5061 171 1
6671 171 1
4524 171 1
6734 171 1
5022 171 1
950 171 1
3673 171 1
5357 171 1
5365 171 1
5792 171 1
2738 171 1
3607 171 1
1137 171 1
5288 171 1
3073 171 1
389 171 1
341 171 1
4081 171 1
4295 171 1
1905 171 1
2027 171 1
6041 171 1
5013 171 1
5248 171 1
5558 171 1
1599 171 1
2569 171 1
2839 171 1
4334 171 1
5554 171 1
2080 171 1
6454 171 1
2149 171 1
5550 171 1
555 171 1
1224 171 1
6536 171 1
2750 171 1
876 171 1
5101 171 1
5183 171 1
6482 171 1
5828 171 1
754 171 1
2680 171 1
5736 171 1
1954 171 1
66 171 1
2876 171 1
6216 171 1
1235 171 1
5133 171 1
1147 171 1
3553 171 1
6442 171 1
1224 171 1
6731 171 1
1390 171 1
2342 171 1
4243 171 1
908 171 1
5000 171 1
6167 171 1
2025 171 1
1425 171 1
3311 171 1
1761 171 1
5941 171 1
3379 171 1
4637 171 1
5563 171 1
6647 171 1
4629 171 1
4035 171 1
3226 171 1
3886 171 1
5409 171 1
4879 171 1
4612 171 1
4980 171 1
3208 171 1
3079 171 1
4651 171 1
6781 171 1
1276 171 1
5490 171 1
6347 171 1
4721 171 1
6774 171 1
4197 171 1
6047 171 1
765 171 1
2205 171 1
6362 171 1
3129 171 1
1577 171 1
1197 171 1
2033 171 1
4948 171 1
6504 171 1
1801 171 1
2507 171 1
222 171 1
6308 171 1
3174 171 1
2740 171 1
6289 171 1
3002 171 1
4592 171 1
28 171 1
1374 171 1
813 171 1
1627 171 1
2938 171 1
3808 171 1
3653 171 1
4785 171 1
6567 171 1
6736 171 1
4381 171 1
1225 171 1
2828 171 1
2190 171 1
1605 171 1
5147 171 1
3975 171 1
6764 171 1
2016 171 1
4288 171 1
1926 171 1
6063 171 1
2197 171 1
4970 171 1
3139 171 1
3319 171 1
4731 171 1
2027 171 1
1881 171 1
2222 171 1
3074 171 1
4528 171 1
6031 171 1
196 171 1
944 171 1
2520 171 1
2491 171 1
2230 171 1
6550 171 1
6339 171 1
61 171 1
4925 171 1
363 171 1
3342 171 1
2721 171 1
2341 171 1
5215 171 1
6104 171 1
1627 171 1
3878 171 1
5740 171 1
1122 171 1
1108 171 1
6138 171 1
1369 171 1
682 171 1
4002 171 1
2760 171 1
1640 171 1
3337 171 1
6305 171 1
6581 171 1
817 171 1
809 171 1
2947 171 1
401 171 1
492 171 1
587 171 1
1181 171 1
2916 171 1
4523 171 1
5961 171 1
6093 171 1
5880 171 1
3295 171 1
860 171 1
4089 171 1
371 171 1
6078 171 1
4224 171 1
398 171 1
6604 171 1
1133 171 1
6175 171 1
972 171 1
3716 171 1
5756 171 1
2415 171 1
4075 171 1
882 172 1
5943 172 1
403 172 1
4954 172 1
4474 172 1
4943 172 1
3757 172 1
5903 172 1
1391 172 1
5903 172 1
2401 172 1
4879 172 1
4739 172 1
5516 172 1
4689 172 1
1965 172 1
1380 172 1
3026 172 1
6536 172 1
2941 172 1
4854 172 1
1357 172 1
5125 172 1
4050 172 1
3536 172 1
3229 172 1
4194 172 1
2575 172 1
5139 172 1
4090 172 1
3255 172 1
5522 172 1
1155 172 1
4531 172 1
5155 172 1
4568 172 1
1067 172 1
3628 172 1
3992 172 1
869 172 1
3685 172 1
5700 172 1
3265 172 1
416 172 1
1792 172 1
5095 172 1
476 172 1
6611 172 1
2839 172 1
24 172 1
6005 172 1
669 172 1
1599 172 1
5992 172 1
4879 172 1
4923 172 1
6632 172 1
5727 172 1
5632 172 1
5015 172 1
3035 172 1
5919 172 1
1666 172 1
4444 172 1
2522 172 1
4370 172 1
2894 172 1
3656 172 1
1146 172 1
476 172 1
3974 172 1
3271 172 1
2664 172 1
3664 172 1
4676 172 1
6061 172 1
2746 172 1
45 172 1
802 172 1
5438 172 1
159 172 1
1883 172 1
4848 172 1
4328 172 1
5474 172 1
2335 172 1
5592 172 1
3599 172 1
3631 172 1
3286 172 1
1124 172 1
4301 172 1
6377 172 1
4340 172 1
6636 172 1
5029 172 1
4577 172 1
3371 172 1
3767 172 1
6316 172 1
3277 172 1
392 172 1
6248 172 1
5606 172 1
6333 172 1
5648 172 1
5210 172 1
1129 172 1
1630 172 1
2645 172 1
4890 172 1
3355 172 1
1398 172 1
3 172 1
5044 172 1
4045 172 1
66 172 1
5368 172 1
1452 172 1
3869 172 1
3054 172 1
499 172 1
3674 172 1
5459 172 1
6400 172 1
580 172 1
776 172 1
3039 172 1
5829 172 1
1442 172 1
2208 172 1
5801 172 1
914 172 1
5719 172 1
3109 172 1
4486 172 1
2835 172 1
1471 172 1
4418 172 1
1587 172 1
4187 172 1
5 172 1
170 172 1
1453 172 1
6132 172 1
4959 172 1
3611 172 1
4257 172 1
773 172 1
3846 172 1
3919 172 1
5187 172 1
2459 172 1
4346 172 1
5487 172 1
4283 172 1
1563 172 1
6602 172 1
351 172 1
2956 172 1
4157 172 1
3644 172 1
4610 172 1
868 172 1
3766 172 1
743 172 1
3738 172 1
5406 172 1
5854 172 1
2849 172 1
1215 172 1
592 172 1
4464 172 1
5137 172 1
197 172 1
6402 172 1
1283 172 1
222 172 1
6646 172 1
4559 172 1
3869 172 1
3026 172 1
5819 172 1
1961 172 1
1163 172 1
4989 172 1
3591 172 1
3999 172 1
2029 172 1
1691 172 1
2017 172 1
2345 172 1
2139 172 1
1311 172 1
1333 172 1
3878 172 1
5081 172 1
4023 172 1
3174 172 1
6667 172 1
6592 172 1
1595 172 1
3491 172 1
6586 172 1
5304 172 1
2463 172 1
6076 172 1
1496 172 1
5590 172 1
560 173 1
3090 173 1
4345 173 1
5470 173 1
6227 173 1
3219 173 1
2727 173 1
3678 173 1
3296 173 1
3051 173 1
5009 173 1
5908 173 1
227 173 1
3347 173 1
3288 173 1
308 173 1
2299 173 1
3600 173 1
764 173 1
4065 173 1
4452 173 1
5258 173 1
587 173 1
2210 173 1
22 173 1
2781 173 1
2869 173 1
6138 173 1
4924 173 1
1967 173 1
942 173 1
3475 173 1
935 173 1
5641 173 1
4624 173 1
1921 173 1
5192 173 1
5955 173 1
2878 173 1
4990 173 1
4761 173 1
2231 173 1
758 173 1
4852 173 1
3382 173 1
4940 173 1
1386 173 1
3335 173 1
2830 173 1
4399 173 1
2982 173 1
555 173 1
2277 173 1
6706 173 1
5394 173 1
1480 173 1
2935 173 1
2107 173 1
550 173 1
6466 173 1
4350 173 1
1783 173 1
4620 173 1
564 173 1
5485 173 1
6419 173 1
148 173 1
5874 173 1
4279 173 1
284 173 1
6025 173 1
1255 173 1
4108 173 1
3737 173 1
5035 173 1
6528 173 1
3039 173 1
2285 173 1
358 173 1
3621 173 1
3590 173 1
3779 173 1
4448 173 1
4897 173 1
6667 173 1
3804 173 1
4303 173 1
5825 173 1
5736 173 1
6357 173 1
4328 173 1
2038 173 1
3807 173 1
3651 173 1
6200 173 1
372 173 1
5882 173 1
1269 173 1
1337 173 1
5779 173 1
1023 173 1
1892 173 1
3162 173 1
5009 173 1
1830 173 1
6462 173 1
4046 173 1
1892 173 1
4420 173 1
3840 173 1
4837 173 1
5365 173 1
4613 173 1
206 173 1
6219 173 1
6627 173 1
6680 173 1
5383 173 1
1423 173 1
505 173 1
2785 173 1
3727 173 1
2757 173 1
3987 173 1
5322 173 1
423 173 1
2849 173 1
1915 173 1
2967 173 1
68 173 1
2593 173 1
3508 173 1
2869 173 1
1408 173 1
2109 173 1
2232 173 1
5501 173 1
4469 173 1
3738 173 1
6173 173 1
1054 173 1
3539 173 1
319 173 1
2565 173 1
6119 173 1
592 173 1
4154 173 1
5186 173 1
2554 173 1
2660 173 1
1993 173 1
76 173 1
4928 173 1
1803 173 1
4217 173 1
5241 173 1
2625 173 1
2898 173 1
4615 173 1
103 173 1
2935 173 1
4140 173 1
739 173 1
1148 173 1
6196 173 1
513 173 1
6269 173 1
4474 173 1
6043 173 1
5166 173 1
404 173 1
1962 173 1
6175 173 1
2390 173 1
1105 173 1
6640 173 1
1913 173 1
4008 173 1
3667 173 1
5541 173 1
4464 173 1
5047 173 1
4053 173 1
1431 173 1
6312 173 1
6497 173 1
2195 173 1
2566 173 1
3855 173 1
565 173 1
5088 173 1
2684 173 1
4166 173 1
3778 173 1
456 173 1
1144 173 1
4848 173 1
2973 173 1
4807 173 1
2629 173 1
268 173 1
1200 173 1
6649 173 1
4302 173 1
1068 173 1
883 173 1
6715 173 1
3266 173 1
785 173 1
743 174 1
4204 174 1
4084 174 1
2494 174 1
4537 174 1
1524 174 1
2591 174 1
108 174 1
406 174 1
6341 174 1
1240 174 1
6668 174 1
3091 174 1
1164 174 1
3668 174 1
1986 174 1
668 174 1
291 174 1
2781 174 1
4947 174 1
19 174 1
5677 174 1
3206 174 1
347 174 1
6351 174 1
5028 174 1
5878 174 1
6416 174 1
6001 174 1
3810 174 1
1143 174 1
6694 174 1
3542 174 1
3844 174 1
827 174 1
3387 174 1
2763 174 1
6371 174 1
4225 174 1
6602 174 1
4970 174 1
3585 174 1
531 174 1
6049 174 1
6007 174 1
5209 174 1
463 174 1
2858 174 1
5734 174 1
95 174 1
1911 174 1
4735 174 1
4530 174 1
4187 174 1
4209 174 1
3719 174 1
5848 174 1
1514 174 1
3399 174 1
3952 174 1
1003 174 1
191 174 1
3009 174 1
637 174 1
4477 174 1
2977 174 1
6208 174 1
3965 174 1
360 174 1
6367 174 1
3191 174 1
917 174 1
1584 174 1
4855 174 1
2198 174 1
5193 174 1
1511 174 1
2714 174 1
3340 174 1
1849 174 1
6298 174 1
4478 174 1
3920 174 1
479 174 1
991 174 1
1399 174 1
1777 174 1
4200 174 1
1434 174 1
2898 174 1
4431 174 1
2432 174 1
2329 174 1
77 174 1
1635 174 1
3514 174 1
4415 174 1
4186 174 1
3162 174 1
656 174 1
4859 174 1
4682 174 1
6314 174 1
6199 174 1
1434 174 1
1069 174 1
1672 174 1
3651 174 1
3590 174 1
4681 174 1
4400 174 1
3296 174 1
4023 174 1
5241 174 1
3764 174 1
5484 174 1
4638 174 1
4522 174 1
5029 174 1
5647 174 1
2728 174 1
2031 174 1
6760 174 1
4332 174 1
2591 174 1
3388 174 1
2704 174 1
3579 174 1
4685 174 1
2165 174 1
6200 174 1
6306 174 1
5564 174 1
567 174 1
4139 174 1
6455 174 1
2684 174 1
4531 174 1
3759 174 1
309 174 1
1203 174 1
2532 174 1
3842 174 1
1960 174 1
1642 174 1
1700 174 1
4002 174 1
6279 174 1
5385 174 1
1853 174 1
3256 174 1
5109 174 1
1323 174 1
3121 174 1
2085 174 1
5812 174 1
3281 174 1
3551 174 1
2606 174 1
278 174 1
1488 174 1
4870 174 1
5324 174 1
3004 174 1
4400 174 1
1701 174 1
2941 174 1
1635 174 1
5242 174 1
1609 174 1
1152 174 1
2264 174 1
2936 174 1
319 174 1
138 174 1
456 174 1
5210 174 1
5531 174 1
4728 174 1
6545 174 1
1004 174 1
6230 174 1
5916 174 1
1333 174 1
2797 174 1
4120 174 1
3615 174 1
5645 174 1
16 174 1
4734 174 1
4738 174 1
3378 174 1
5984 174 1
1377 174 1
832 174 1
6268 174 1
23 174 1
5206 174 1
727 174 1
1733 174 1
5417 174 1
569 174 1
6549 174 1
1105 174 1
1293 174 1
5862 174 1
3347 174 1
6271 174 1
1102 174 1
2383 175 1
3177 175 1
1824 175 1
2235 175 1
2646 175 1
4233 175 1
4732 175 1
2074 175 1
3793 175 1
1754 175 1
4809 175 1
3150 175 1
2267 175 1
3129 175 1
2811 175 1
3145 175 1
1739 175 1
5432 175 1
6257 175 1
2586 175 1
1648 175 1
2852 175 1
1951 175 1
6296 175 1
1705 175 1
2708 175 1
3572 175 1
1481 175 1
3852 175 1
322 175 1
5455 175 1
4664 175 1
1883 175 1
5460 175 1
2566 175 1
6462 175 1
1659 175 1
5467 175 1
5321 175 1
268 175 1
1740 175 1
292 175 1
4183 175 1
4199 175 1
4341 175 1
2847 175 1
4824 175 1
2689 175 1
3353 175 1
1498 175 1
4726 175 1
2419 175 1
2513 175 1
6232 175 1
2214 175 1
594 175 1
6480 175 1
4206 175 1
3525 175 1
2161 175 1
5192 175 1
3402 175 1
5096 175 1
5244 175 1
4428 175 1
846 175 1
5313 175 1
6032 175 1
1396 175 1
1088 175 1
3925 175 1
6680 175 1
5415 175 1
4274 175 1
3965 175 1
6287 175 1
6584 175 1
6477 175 1
5398 175 1
6561 175 1
2725 175 1
2949 175 1
1367 175 1
5939 175 1
4353 175 1
1580 175 1
5944 175 1
4137 175 1
5860 175 1
3836 175 1
1835 175 1
25 175 1
5739 175 1
1208 175 1
3813 175 1
4532 175 1
2799 175 1
4799 175 1
997 175 1
1567 175 1
4301 175 1
230 175 1
1436 175 1
1709 175 1
5849 175 1
6608 175 1
4368 175 1
4598 175 1
743 175 1
1961 175 1
4155 175 1
981 175 1
3275 175 1
1471 175 1
2854 175 1
486 175 1
913 175 1
5068 175 1
4037 175 1
3647 175 1
78 175 1
2311 175 1
4142 175 1
3135 175 1
1321 175 1
1421 175 1
3626 175 1
3227 175 1
3455 175 1
2217 175 1
3737 175 1
3772 175 1
253 175 1
4875 175 1
1982 175 1
6033 175 1
6031 175 1
5146 175 1
359 175 1
5723 175 1
1802 175 1
2372 175 1
763 175 1
456 175 1
4676 175 1
4149 175 1
2766 175 1
1775 175 1
1978 175 1
1176 175 1
1380 175 1
1495 175 1
4600 175 1
5431 175 1
72 175 1
3725 175 1
241 175 1
5725 175 1
478 175 1
230 175 1
2024 175 1
956 175 1
6665 175 1
4006 175 1
6661 175 1
2720 175 1
3335 175 1
4664 175 1
5205 175 1
853 175 1
6702 175 1
1698 175 1
3816 175 1
926 175 1
1830 175 1
3758 175 1
2562 175 1
4824 175 1
5508 175 1
858 175 1
5663 175 1
5021 175 1
5403 175 1
481 175 1
2446 175 1
6149 175 1
4516 175 1
6054 175 1
6382 175 1
584 175 1
3690 175 1
3574 175 1
6388 175 1
1393 175 1
2111 175 1
2160 175 1
1954 175 1
1514 175 1
6089 175 1
1897 175 1
4378 175 1
1532 175 1
3516 175 1
3794 175 1
21 175 1
1570 175 1
5847 175 1
1966 175 1
3495 175 1
764 176 1
255 176 1
2115 176 1
6582 176 1
1268 176 1
6510 176 1
5062 176 1
4309 176 1
3339 176 1
2870 176 1
388 176 1
5407 176 1
616 176 1
4133 176 1
6636 176 1
4650 176 1
3800 176 1
2880 176 1
448 176 1
3510 176 1
4160 176 1
2455 176 1
1269 176 1
1983 176 1
5278 176 1
5418 176 1
2236 176 1
5989 176 1
3954 176 1
4980 176 1
952 176 1
5893 176 1
2722 176 1
1624 176 1
1980 176 1
6648 176 1
1161 176 1
5772 176 1
6218 176 1
5253 176 1
5998 176 1
6703 176 1
911 176 1
278 176 1
551 176 1
2483 176 1
3325 176 1
5024 176 1
929 176 1
6575 176 1
5545 176 1
5476 176 1
6240 176 1
2018 176 1
5073 176 1
6640 176 1
4660 176 1
5069 176 1
933 176 1
3845 176 1
4641 176 1
1142 176 1
173 176 1
297 176 1
907 176 1
6165 176 1
2993 176 1
6244 176 1
6770 176 1
5950 176 1
305 176 1
3388 176 1
79 176 1
4533 176 1
1477 176 1
2445 176 1
5352 176 1
6419 176 1
5565 176 1
1917 176 1
6512 176 1
2381 176 1
4643 176 1
2654 176 1
3808 176 1
2139 176 1
721 176 1
2568 176 1
4715 176 1
3624 176 1
3931 176 1
4434 176 1
815 176 1
2556 176 1
6026 176 1
3314 176 1
3130 176 1
4014 176 1
5992 176 1
1427 176 1
426 176 1
1930 176 1
2101 176 1
0 176 1
3424 176 1
518 176 1
2511 176 1
6178 176 1
5405 176 1
4863 176 1
5849 176 1
3785 176 1
1790 176 1
6366 176 1
1520 176 1
6034 176 1
1998 176 1
4172 176 1
3827 176 1
6733 176 1
1316 176 1
6645 176 1
9 176 1
6680 176 1
3743 176 1
1121 176 1
3908 176 1
1770 176 1
4623 176 1
1546 176 1
1389 176 1
4660 176 1
946 176 1
5770 176 1
915 176 1
5693 176 1
6752 176 1
2513 176 1
1497 176 1
4430 176 1
584 176 1
2012 176 1
3977 176 1
4184 176 1
5222 176 1
5942 176 1
361 176 1
4047 176 1
3364 176 1
5496 176 1
5616 176 1
1573 176 1
5390 176 1
4607 176 1
3046 176 1
5367 176 1
2197 176 1
133 176 1
2710 176 1
617 176 1
3770 176 1
3950 176 1
2126 176 1
551 176 1
5740 176 1
4848 176 1
6768 176 1
2025 176 1
6684 176 1
2205 176 1
1136 176 1
2975 176 1
3385 176 1
5720 176 1
5653 176 1
6099 176 1
5732 176 1
6166 176 1
1576 176 1
64 176 1
3895 176 1
4270 176 1
5217 176 1
5210 176 1
3388 176 1
2429 176 1
1082 176 1
2152 176 1
1881 176 1
2167 176 1
3392 176 1
4797 176 1
71 176 1
878 176 1
2553 176 1
950 176 1
1056 176 1
3630 176 1
6546 176 1
3300 176 1
3025 176 1
1891 176 1
2317 176 1
5144 176 1
5613 176 1
3235 176 1
2541 176 1
2212 176 1
5790 176 1
1836 177 1
4563 177 1
6381 177 1
5905 177 1
1238 177 1
149 177 1
6311 177 1
4077 177 1
269 177 1
3656 177 1
2788 177 1
2299 177 1
5438 177 1
5181 177 1
6528 177 1
4429 177 1
4235 177 1
3365 177 1
2049 177 1
1805 177 1
1105 177 1
1986 177 1
1868 177 1
441 177 1
4236 177 1
601 177 1
3283 177 1
2593 177 1
4986 177 1
1235 177 1
2205 177 1
1569 177 1
660 177 1
6465 177 1
5009 177 1
5315 177 1
2230 177 1
5517 177 1
1101 177 1
5368 177 1
707 177 1
6259 177 1
6430 177 1
4121 177 1
3554 177 1
5935 177 1
1103 177 1
926 177 1
4819 177 1
215 177 1
1298 177 1
4802 177 1
2928 177 1
4673 177 1
4124 177 1
5340 177 1
314 177 1
1842 177 1
5061 177 1
5422 177 1
5739 177 1
4061 177 1
4410 177 1
4507 177 1
5786 177 1
3155 177 1
2726 177 1
5668 177 1
3444 177 1
880 177 1
6020 177 1
5608 177 1
3321 177 1
825 177 1
5857 177 1
2226 177 1
3418 177 1
4367 177 1
1841 177 1
5220 177 1
4393 177 1
6029 177 1
1770 177 1
454 177 1
5786 177 1
1176 177 1
4550 177 1
5087 177 1
1929 177 1
2296 177 1
5619 177 1
727 177 1
4898 177 1
6709 177 1
914 177 1
4878 177 1
1251 177 1
318 177 1
2932 177 1
3630 177 1
1637 177 1
3278 177 1
133 177 1
1422 177 1
4300 177 1
4181 177 1
6212 177 1
3032 177 1
4907 177 1
4783 177 1
5229 177 1
4162 177 1
6511 177 1
6006 177 1
4099 177 1
6129 177 1
409 177 1
2614 177 1
459 177 1
1554 177 1
2233 177 1
4542 177 1
6203 177 1
783 177 1
2770 177 1
1316 177 1
1533 177 1
2445 177 1
3097 177 1
5937 177 1
4421 177 1
6753 177 1
6392 177 1
3877 177 1
2462 177 1
226 177 1
5788 177 1
3051 177 1
2766 177 1
6490 177 1
6644 177 1
6181 177 1
6599 177 1
6234 177 1
444 177 1
1264 177 1
6127 177 1
6088 177 1
1906 177 1
321 177 1
2873 177 1
6369 177 1
4465 177 1
1345 177 1
5447 177 1
2093 177 1
4683 177 1
2558 177 1
5580 177 1
2402 177 1
3438 177 1
1258 177 1
959 177 1
5597 177 1
2966 177 1
2065 177 1
6386 177 1
5518 177 1
5964 177 1
5524 177 1
445 177 1
5688 177 1
117 177 1
1891 177 1
312 177 1
2974 177 1
2837 177 1
4097 177 1
402 177 1
3210 177 1
4985 177 1
5109 177 1
1161 177 1
4609 177 1
1614 177 1
3822 177 1
5113 177 1
517 177 1
5782 177 1
2587 177 1
2415 177 1
1664 177 1
3234 177 1
3246 177 1
6094 177 1
6070 177 1
2753 177 1
305 177 1
662 177 1
3009 177 1
4617 177 1
959 177 1
2606 177 1
769 177 1
5488 177 1
2949 177 1
1875 177 1
1349 177 1
2034 177 1
1847 178 1
3045 178 1
4041 178 1
2298 178 1
3684 178 1
5679 178 1
5214 178 1
5798 178 1
6449 178 1
6018 178 1
6487 178 1
1030 178 1
2213 178 1
5469 178 1
418 178 1
5214 178 1
760 178 1
2645 178 1
1798 178 1
3100 178 1
4051 178 1
3878 178 1
6250 178 1
3230 178 1
4634 178 1
1500 178 1
6324 178 1
4576 178 1
1551 178 1
6779 178 1
3282 178 1
6487 178 1
4822 178 1
1105 178 1
5708 178 1
6075 178 1
1172 178 1
626 178 1
2749 178 1
5301 178 1
2586 178 1
3107 178 1
2882 178 1
2832 178 1
4170 178 1
2082 178 1
1429 178 1
4272 178 1
5954 178 1
2575 178 1
3311 178 1
2403 178 1
4552 178 1
1233 178 1
772 178 1
1176 178 1
1904 178 1
3355 178 1
6527 178 1
2150 178 1
2389 178 1
1687 178 1
3192 178 1
3439 178 1
2984 178 1
6555 178 1
3683 178 1
4712 178 1
4015 178 1
2596 178 1
327 178 1
3065 178 1
6455 178 1
4513 178 1
5612 178 1
3211 178 1
2019 178 1
5740 178 1
6081 178 1
5501 178 1
1688 178 1
6212 178 1
2443 178 1
2094 178 1
6452 178 1
659 178 1
5602 178 1
4157 178 1
2207 178 1
91 178 1
3742 178 1
4593 178 1
5412 178 1
809 178 1
5691 178 1
5081 178 1
87 178 1
270 178 1
735 178 1
964 178 1
4081 178 1
4244 178 1
4675 178 1
85 178 1
4686 178 1
5343 178 1
6705 178 1
587 178 1
6369 178 1
5107 178 1
899 178 1
5609 178 1
2200 178 1
1169 178 1
227 178 1
1410 178 1
6651 178 1
182 178 1
6609 178 1
5456 178 1
5926 178 1
4479 178 1
2383 178 1
1586 178 1
2521 178 1
4329 178 1
5471 178 1
1742 178 1
2905 178 1
1703 178 1
1093 178 1
3277 178 1
2775 178 1
1524 178 1
1141 178 1
6362 178 1
5991 178 1
5440 178 1
5492 178 1
3498 178 1
3770 178 1
6255 178 1
195 178 1
3523 178 1
5110 178 1
1019 178 1
3668 178 1
4677 178 1
4797 178 1
6756 178 1
1795 178 1
2711 178 1
2642 178 1
3546 178 1
6299 178 1
2002 178 1
2186 178 1
5219 178 1
85 178 1
5299 178 1
1547 178 1
6727 178 1
2379 178 1
6348 178 1
3773 178 1
770 178 1
3717 178 1
5031 178 1
2686 178 1
1408 178 1
542 178 1
3951 178 1
565 178 1
6637 178 1
1904 178 1
906 178 1
5549 178 1
4394 178 1
1215 178 1
6224 178 1
2975 178 1
138 178 1
2674 178 1
631 178 1
437 178 1
2576 178 1
1277 178 1
975 178 1
950 178 1
6736 178 1
4177 178 1
5566 178 1
316 178 1
3207 178 1
4455 178 1
2959 178 1
4446 178 1
6189 178 1
3771 178 1
3679 178 1
3652 178 1
5386 178 1
1482 178 1
2097 178 1
171 178 1
6533 178 1
4911 178 1
3237 178 1
2585 178 1
6022 179 1
4825 179 1
1533 179 1
4257 179 1
3534 179 1
1509 179 1
6381 179 1
33 179 1
6266 179 1
646 179 1
876 179 1
4552 179 1
5118 179 1
5061 179 1
4122 179 1
5099 179 1
4229 179 1
44 179 1
2165 179 1
3511 179 1
4781 179 1
3720 179 1
3824 179 1
3275 179 1
4327 179 1
2131 179 1
1169 179 1
1031 179 1
6780 179 1
4011 179 1
5575 179 1
5233 179 1
6767 179 1
2675 179 1
1739 179 1
2278 179 1
4376 179 1
1892 179 1
1368 179 1
53 179 1
1923 179 1
3343 179 1
1412 179 1
6703 179 1
1559 179 1
386 179 1
584 179 1
61 179 1
980 179 1
5615 179 1
2199 179 1
1376 179 1
6720 179 1
2009 179 1
2984 179 1
62 179 1
2575 179 1
2260 179 1
980 179 1
4548 179 1
150 179 1
4801 179 1
104 179 1
5418 179 1
5664 179 1
3069 179 1
3906 179 1
4547 179 1
1119 179 1
130 179 1
881 179 1
3141 179 1
3325 179 1
5576 179 1
1601 179 1
289 179 1
3288 179 1
4735 179 1
4230 179 1
6466 179 1
2588 179 1
3024 179 1
4120 179 1
3642 179 1
4632 179 1
5063 179 1
2009 179 1
4885 179 1
2299 179 1
1007 179 1
3299 179 1
372 179 1
2914 179 1
1453 179 1
511 179 1
4382 179 1
4446 179 1
3849 179 1
5784 179 1
4169 179 1
5172 179 1
4291 179 1
2654 179 1
2583 179 1
2767 179 1
5447 179 1
654 179 1
2443 179 1
275 179 1
1108 179 1
5079 179 1
2146 179 1
89 179 1
3459 179 1
82 179 1
694 179 1
2130 179 1
1736 179 1
2351 179 1
360 179 1
545 179 1
5345 179 1
5868 179 1
4550 179 1
1502 179 1
3753 179 1
578 179 1
5996 179 1
4658 179 1
1017 179 1
1173 179 1
1418 179 1
6063 179 1
3262 179 1
2334 179 1
2752 179 1
6284 179 1
234 179 1
2075 179 1
1469 179 1
6457 179 1
5372 179 1
787 179 1
4485 179 1
566 179 1
6446 179 1
4736 179 1
223 179 1
1705 179 1
4023 179 1
4874 179 1
2760 179 1
2337 179 1
4653 179 1
699 179 1
5499 179 1
3263 179 1
4982 179 1
6764 179 1
84 179 1
6678 179 1
1901 179 1
4403 179 1
3585 179 1
3660 179 1
3843 179 1
1407 179 1
3118 179 1
6086 179 1
6664 179 1
5752 179 1
308 179 1
5651 179 1
4021 179 1
5535 179 1
1353 179 1
925 179 1
1666 179 1
5136 179 1
1574 179 1
6032 179 1
100 179 1
5523 179 1
3990 179 1
4605 179 1
6511 179 1
4390 179 1
2723 179 1
1378 179 1
3983 179 1
6010 179 1
1385 179 1
5074 179 1
2307 179 1
5541 179 1
1075 179 1
4701 179 1
6537 179 1
2429 179 1
42 179 1
825 179 1
4967 179 1
871 179 1
2972 179 1
4360 179 1
2596 179 1
1692 179 1
5924 179 1
611 179 1
3598 180 1
1737 180 1
1609 180 1
803 180 1
1693 180 1
786 180 1
508 180 1
3881 180 1
4317 180 1
5984 180 1
5384 180 1
1517 180 1
869 180 1
166 180 1
4283 180 1
6328 180 1
2414 180 1
6359 180 1
1869 180 1
6219 180 1
3690 180 1
1251 180 1
2694 180 1
2337 180 1
1564 180 1
1936 180 1
937 180 1
1029 180 1
4406 180 1
6703 180 1
2812 180 1
112 180 1
4945 180 1
3194 180 1
2463 180 1
2465 180 1
1650 180 1
2911 180 1
4272 180 1
1719 180 1
5080 180 1
2023 180 1
2730 180 1
701 180 1
420 180 1
5834 180 1
5771 180 1
4145 180 1
6505 180 1
5184 180 1
5707 180 1
2877 180 1
1054 180 1
5259 180 1
4035 180 1
1623 180 1
191 180 1
1233 180 1
894 180 1
1139 180 1
5571 180 1
2449 180 1
3385 180 1
4034 180 1
412 180 1
1907 180 1
2297 180 1
2282 180 1
511 180 1
2186 180 1
1269 180 1
3956 180 1
478 180 1
4068 180 1
3553 180 1
1159 180 1
1948 180 1
1274 180 1
3639 180 1
6462 180 1
6566 180 1
3399 180 1
2763 180 1
1028 180 1
2974 180 1
4204 180 1
4639 180 1
2201 180 1
3854 180 1
4631 180 1
3477 180 1
5331 180 1
60 180 1
3831 180 1
6789 180 1
5399 180 1
5261 180 1
2424 180 1
1343 180 1
2164 180 1
2899 180 1
4746 180 1
6038 180 1
353 180 1
5273 180 1
4600 180 1
74 180 1
4409 180 1
1551 180 1
5224 180 1
2027 180 1
6643 180 1
6325 180 1
3491 180 1
2600 180 1
3757 180 1
502 180 1
1747 180 1
6230 180 1
2233 180 1
965 180 1
5441 180 1
1392 180 1
1692 180 1
5238 180 1
3067 180 1
638 180 1
1715 180 1
4618 180 1
2473 180 1
2964 180 1
1684 180 1
3366 180 1
1060 180 1
3141 180 1
5296 180 1
6653 180 1
2336 180 1
4574 180 1
106 180 1
5655 180 1
5078 180 1
6120 180 1
1675 180 1
34 180 1
2049 180 1
213 180 1
3857 180 1
266 180 1
6464 180 1
1233 180 1
1978 180 1
942 180 1
3556 180 1
519 180 1
119 180 1
960 180 1
6108 180 1
1042 180 1
3457 180 1
2778 180 1
6777 180 1
2368 180 1
5334 180 1
1276 180 1
5746 180 1
374 180 1
5727 180 1
3664 180 1
5102 180 1
1625 180 1
1314 180 1
3081 180 1
4903 180 1
4 180 1
6398 180 1
1743 180 1
5040 180 1
277 180 1
2366 180 1
982 180 1
4582 180 1
520 180 1
13 180 1
6536 180 1
534 180 1
3817 180 1
4386 180 1
1510 180 1
515 180 1
6613 180 1
6348 180 1
4944 180 1
2558 180 1
495 180 1
2239 180 1
522 180 1
4080 180 1
2503 180 1
872 180 1
4574 180 1
1643 180 1
3395 180 1
2391 180 1
5972 180 1
1760 180 1
6342 180 1
3629 180 1
6050 180 1
5257 181 1
957 181 1
1644 181 1
4320 181 1
4414 181 1
5696 181 1
2939 181 1
6440 181 1
767 181 1
4714 181 1
175 181 1
6441 181 1
697 181 1
2142 181 1
3718 181 1
272 181 1
2677 181 1
679 181 1
5502 181 1
1534 181 1
979 181 1
2397 181 1
5901 181 1
6369 181 1
2894 181 1
5348 181 1
3698 181 1
5094 181 1
6653 181 1
3270 181 1
5687 181 1
2791 181 1
4571 181 1
4073 181 1
2196 181 1
2133 181 1
2952 181 1
4096 181 1
4565 181 1
2339 181 1
612 181 1
5391 181 1
1339 181 1
3677 181 1
3086 181 1
2694 181 1
3391 181 1
3630 181 1
1021 181 1
5043 181 1
4764 181 1
2273 181 1
3981 181 1
3255 181 1
460 181 1
1338 181 1
3556 181 1
4800 181 1
6045 181 1
6134 181 1
5499 181 1
105 181 1
6121 181 1
1782 181 1
3467 181 1
1173 181 1
2218 181 1
3594 181 1
1952 181 1
2239 181 1
491 181 1
86 181 1
3646 181 1
875 181 1
837 181 1
2214 181 1
2458 181 1
4820 181 1
3877 181 1
6109 181 1
283 181 1
3274 181 1
2355 181 1
1079 181 1
5491 181 1
2593 181 1
5258 181 1
123 181 1
1750 181 1
5742 181 1
3294 181 1
722 181 1
375 181 1
1868 181 1
2834 181 1
6696 181 1
1538 181 1
3336 181 1
2356 181 1
252 181 1
3888 181 1
3802 181 1
2873 181 1
2289 181 1
769 181 1
4302 181 1
5947 181 1
2011 181 1
2033 181 1
3758 181 1
5348 181 1
2531 181 1
2472 181 1
2622 181 1
2834 181 1
4577 181 1
5390 181 1
5218 181 1
1270 181 1
1758 181 1
1409 181 1
3200 181 1
1637 181 1
3009 181 1
1579 181 1
5761 181 1
3344 181 1
4548 181 1
6774 181 1
6077 181 1
2020 181 1
3133 181 1
5993 181 1
4576 181 1
5172 181 1
5089 181 1
305 181 1
1383 181 1
6242 181 1
5329 181 1
2056 181 1
2153 181 1
6130 181 1
4909 181 1
4381 181 1
2270 181 1
3440 181 1
4321 181 1
489 181 1
2733 181 1
5482 181 1
1591 181 1
691 181 1
1846 181 1
6587 181 1
2644 181 1
3987 181 1
3647 181 1
598 181 1
4399 181 1
2450 181 1
636 181 1
1435 181 1
2106 181 1
3425 181 1
1912 181 1
5058 181 1
5279 181 1
585 181 1
4733 181 1
2380 181 1
4739 181 1
4795 181 1
1938 181 1
4447 181 1
4118 181 1
4332 181 1
4485 181 1
5331 181 1
2596 181 1
6434 181 1
298 181 1
6523 181 1
1719 181 1
4397 181 1
4877 181 1
2311 181 1
3337 181 1
6265 181 1
4708 181 1
4804 181 1
2960 181 1
3123 181 1
5727 181 1
4186 181 1
2085 181 1
3175 181 1
5030 181 1
2787 181 1
1229 181 1
2573 181 1
1736 181 1
2931 181 1
6782 181 1
4038 181 1
1643 181 1
3036 181 1
442 181 1
2533 181 1
1124 182 1
290 182 1
3428 182 1
4481 182 1
2582 182 1
3883 182 1
1654 182 1
45 182 1
2543 182 1
2207 182 1
6406 182 1
2284 182 1
1143 182 1
2650 182 1
674 182 1
6477 182 1
678 182 1
6654 182 1
2914 182 1
1135 182 1
5630 182 1
125 182 1
3342 182 1
6501 182 1
3901 182 1
3825 182 1
768 182 1
386 182 1
3671 182 1
4231 182 1
5397 182 1
4104 182 1
649 182 1
5949 182 1
4340 182 1
1496 182 1
2851 182 1
3564 182 1
3781 182 1
4098 182 1
5204 182 1
4921 182 1
5015 182 1
1555 182 1
944 182 1
2449 182 1
465 182 1
3160 182 1
28 182 1
1221 182 1
771 182 1
905 182 1
4137 182 1
5476 182 1
3402 182 1
730 182 1
1161 182 1
2186 182 1
2848 182 1
4099 182 1
3854 182 1
2043 182 1
1212 182 1
6602 182 1
2628 182 1
2363 182 1
2140 182 1
1006 182 1
117 182 1
6392 182 1
4147 182 1
5950 182 1
5904 182 1
3084 182 1
3702 182 1
1627 182 1
4155 182 1
3487 182 1
5459 182 1
285 182 1
4260 182 1
726 182 1
5730 182 1
4003 182 1
5051 182 1
888 182 1
1015 182 1
6029 182 1
6448 182 1
6630 182 1
4005 182 1
4006 182 1
6114 182 1
5630 182 1
4422 182 1
9 182 1
3021 182 1
1552 182 1
888 182 1
3224 182 1
1570 182 1
4444 182 1
2298 182 1
360 182 1
3575 182 1
717 182 1
2864 182 1
4794 182 1
3772 182 1
284 182 1
5705 182 1
5726 182 1
5617 182 1
4979 182 1
1989 182 1
6704 182 1
4330 182 1
2108 182 1
1708 182 1
5056 182 1
2026 182 1
1187 182 1
5716 182 1
4845 182 1
3884 182 1
6424 182 1
6031 182 1
3193 182 1
4006 182 1
1560 182 1
1992 182 1
3052 182 1
5735 182 1
5100 182 1
6524 182 1
203 182 1
2012 182 1
6034 182 1
3472 182 1
5496 182 1
3115 182 1
5324 182 1
6118 182 1
2898 182 1
3959 182 1
1693 182 1
5031 182 1
6059 182 1
290 182 1
2593 182 1
3468 182 1
6683 182 1
2912 182 1
5087 182 1
1393 182 1
5172 182 1
756 182 1
2604 182 1
6167 182 1
1089 182 1
5082 182 1
6072 182 1
1011 182 1
6065 182 1
6722 182 1
1447 182 1
554 182 1
5440 182 1
3703 182 1
4546 182 1
2614 182 1
3720 182 1
1710 182 1
3816 182 1
3739 182 1
789 182 1
3143 182 1
5704 182 1
598 182 1
5435 182 1
3103 182 1
3989 182 1
48 182 1
4384 182 1
5579 182 1
3776 182 1
4314 182 1
6211 182 1
5364 182 1
1564 182 1
2094 182 1
5164 182 1
4458 182 1
3692 182 1
1319 182 1
399 182 1
3653 182 1
4218 182 1
2333 182 1
6389 182 1
3287 182 1
6026 182 1
2381 182 1
286 182 1
256 182 1
5743 182 1
4778 182 1
4887 182 1
1182 182 1
6191 183 1
6571 183 1
4119 183 1
4476 183 1
1075 183 1
957 183 1
1508 183 1
1342 183 1
3863 183 1
3740 183 1
2563 183 1
4368 183 1
3442 183 1
6376 183 1
4882 183 1
5289 183 1
5346 183 1
665 183 1
162 183 1
301 183 1
6286 183 1
1133 183 1
5323 183 1
6637 183 1
5808 183 1
6035 183 1
2872 183 1
3540 183 1
13 183 1
3380 183 1
839 183 1
2884 183 1
4798 183 1
427 183 1
5902 183 1
786 183 1
4565 183 1
6711 183 1
3152 183 1
4821 183 1
2078 183 1
2405 183 1
1529 183 1
6766 183 1
5398 183 1
2322 183 1
3307 183 1
2160 183 1
460 183 1
5952 183 1
1791 183 1
6262 183 1
475 183 1
3715 183 1
5816 183 1
2934 183 1
6304 183 1
3297 183 1
4419 183 1
4874 183 1
6114 183 1
3903 183 1
5412 183 1
1391 183 1
3297 183 1
6342 183 1
1668 183 1
6775 183 1
515 183 1
5940 183 1
1666 183 1
4097 183 1
3424 183 1
1980 183 1
3018 183 1
4681 183 1
1868 183 1
4679 183 1
4811 183 1
6314 183 1
2733 183 1
6068 183 1
4478 183 1
4620 183 1
3138 183 1
871 183 1
2952 183 1
2527 183 1
5668 183 1
6123 183 1
5360 183 1
4730 183 1
4261 183 1
5385 183 1
3996 183 1
5718 183 1
4597 183 1
939 183 1
4535 183 1
4534 183 1
4048 183 1
1468 183 1
5743 183 1
512 183 1
2773 183 1
5164 183 1
3638 183 1
4294 183 1
853 183 1
928 183 1
1701 183 1
2540 183 1
2391 183 1
2185 183 1
436 183 1
1672 183 1
6493 183 1
5285 183 1
5531 183 1
2509 183 1
3633 183 1
4262 183 1
595 183 1
3675 183 1
3797 183 1
4621 183 1
1115 183 1
269 183 1
994 183 1
3813 183 1
3948 183 1
2146 183 1
5538 183 1
1762 183 1
4561 183 1
5028 183 1
2264 183 1
1084 183 1
2013 183 1
4147 183 1
3842 183 1
1724 183 1
3605 183 1
4022 183 1
4393 183 1
1024 183 1
2427 183 1
6607 183 1
3585 183 1
1451 183 1
26 183 1
2488 183 1
3766 183 1
6610 183 1
1400 183 1
5049 183 1
5999 183 1
1162 183 1
6180 183 1
2447 183 1
6515 183 1
4516 183 1
5896 183 1
5819 183 1
3476 183 1
6066 183 1
6079 183 1
3137 183 1
621 183 1
4383 183 1
2729 183 1
5050 183 1
1419 183 1
5147 183 1
2612 183 1
2158 183 1
2478 183 1
3511 183 1
4232 183 1
6493 183 1
1022 183 1
4741 183 1
3072 183 1
1381 183 1
863 183 1
3064 183 1
4297 183 1
4307 183 1
6364 183 1
1260 183 1
5481 183 1
3458 183 1
6557 183 1
5582 183 1
6753 183 1
4650 183 1
6371 183 1
3248 183 1
3187 183 1
905 183 1
6782 183 1
2889 183 1
65 183 1
1080 183 1
4227 183 1
3657 183 1
739 183 1
409 183 1
4471 183 1
4746 184 1
3505 184 1
2277 184 1
4186 184 1
3805 184 1
2541 184 1
6488 184 1
101 184 1
4965 184 1
1688 184 1
3287 184 1
3563 184 1
2887 184 1
4654 184 1
3392 184 1
4990 184 1
5398 184 1
2031 184 1
4178 184 1
2998 184 1
3093 184 1
1812 184 1
6458 184 1
5068 184 1
4191 184 1
32 184 1
5695 184 1
4401 184 1
4407 184 1
3735 184 1
4968 184 1
3415 184 1
1225 184 1
1127 184 1
4411 184 1
2993 184 1
1595 184 1
3014 184 1
2798 184 1
1332 184 1
3059 184 1
5111 184 1
3026 184 1
5525 184 1
3811 184 1
811 184 1
2773 184 1
38 184 1
572 184 1
4073 184 1
3482 184 1
6751 184 1
5781 184 1
4505 184 1
5844 184 1
3232 184 1
6441 184 1
5960 184 1
1751 184 1
549 184 1
4856 184 1
6492 184 1
3945 184 1
1405 184 1
1570 184 1
2038 184 1
1604 184 1
5564 184 1
1342 184 1
1740 184 1
4418 184 1
4354 184 1
5680 184 1
2191 184 1
3344 184 1
3151 184 1
2337 184 1
3921 184 1
3740 184 1
4823 184 1
5086 184 1
2429 184 1
432 184 1
618 184 1
6743 184 1
5784 184 1
647 184 1
5208 184 1
3029 184 1
4157 184 1
4404 184 1
2310 184 1
5488 184 1
3889 184 1
5531 184 1
3991 184 1
1164 184 1
2028 184 1
418 184 1
5828 184 1
2130 184 1
412 184 1
290 184 1
6371 184 1
721 184 1
4033 184 1
983 184 1
6221 184 1
2761 184 1
4400 184 1
226 184 1
1426 184 1
6760 184 1
508 184 1
1482 184 1
6702 184 1
1747 184 1
4498 184 1
5971 184 1
6556 184 1
2712 184 1
110 184 1
716 184 1
4607 184 1
2166 184 1
4167 184 1
2094 184 1
5834 184 1
5727 184 1
6684 184 1
6259 184 1
6099 184 1
6294 184 1
5215 184 1
3817 184 1
5091 184 1
3750 184 1
3612 184 1
5641 184 1
6048 184 1
636 184 1
6408 184 1
1622 184 1
4510 184 1
1809 184 1
3064 184 1
6637 184 1
4384 184 1
5503 184 1
5324 184 1
6609 184 1
2356 184 1
4330 184 1
6735 184 1
2483 184 1
5603 184 1
6066 184 1
1961 184 1
2771 184 1
3305 184 1
1951 184 1
5686 184 1
3737 184 1
6479 184 1
1127 184 1
799 184 1
229 184 1
4045 184 1
3326 184 1
2483 184 1
1112 184 1
2791 184 1
6756 184 1
6652 184 1
5086 184 1
587 184 1
590 184 1
3242 184 1
61 184 1
1665 184 1
1993 184 1
1404 184 1
493 184 1
5258 184 1
127 184 1
3995 184 1
254 184 1
1355 184 1
5191 184 1
5106 184 1
561 184 1
4097 184 1
165 184 1
5309 184 1
6689 184 1
3234 184 1
343 184 1
6506 184 1
5997 184 1
182 184 1
3638 184 1
1977 184 1
4692 184 1
6231 184 1
2540 184 1
3680 184 1
2720 184 1
271 184 1
6761 184 1
5234 185 1
453 185 1
5861 185 1
932 185 1
2319 185 1
4755 185 1
6366 185 1
4525 185 1
3759 185 1
5168 185 1
5563 185 1
98 185 1
32 185 1
2424 185 1
5863 185 1
5878 185 1
195 185 1
2913 185 1
6706 185 1
6108 185 1
4678 185 1
746 185 1
3686 185 1
2303 185 1
1373 185 1
2350 185 1
5343 185 1
5869 185 1
675 185 1
4013 185 1
4271 185 1
1777 185 1
5151 185 1
5938 185 1
6688 185 1
4049 185 1
4460 185 1
4410 185 1
1128 185 1
1469 185 1
2065 185 1
5474 185 1
4104 185 1
1641 185 1
2789 185 1
5610 185 1
6351 185 1
5117 185 1
2820 185 1
4072 185 1
2752 185 1
1658 185 1
4051 185 1
5997 185 1
2554 185 1
3819 185 1
2409 185 1
377 185 1
2899 185 1
142 185 1
1698 185 1
2904 185 1
1186 185 1
35 185 1
187 185 1
5899 185 1
2145 185 1
1588 185 1
4333 185 1
4300 185 1
1313 185 1
6297 185 1
6395 185 1
4718 185 1
4897 185 1
683 185 1
5062 185 1
4433 185 1
4253 185 1
316 185 1
6507 185 1
6485 185 1
2720 185 1
269 185 1
4381 185 1
914 185 1
4878 185 1
2139 185 1
2654 185 1
3420 185 1
3121 185 1
2274 185 1
2241 185 1
2886 185 1
1345 185 1
148 185 1
4306 185 1
198 185 1
995 185 1
5330 185 1
6066 185 1
4291 185 1
1696 185 1
457 185 1
479 185 1
6738 185 1
3129 185 1
1350 185 1
4456 185 1
731 185 1
5852 185 1
5881 185 1
4576 185 1
5808 185 1
910 185 1
2072 185 1
1884 185 1
4330 185 1
1182 185 1
966 185 1
1772 185 1
913 185 1
812 185 1
4590 185 1
4884 185 1
416 185 1
3555 185 1
567 185 1
3693 185 1
4458 185 1
801 185 1
6646 185 1
5506 185 1
5235 185 1
3826 185 1
5823 185 1
910 185 1
6103 185 1
4355 185 1
871 185 1
6278 185 1
3823 185 1
5823 185 1
684 185 1
6650 185 1
5703 185 1
4112 185 1
1089 185 1
5967 185 1
1841 185 1
3674 185 1
2305 185 1
6642 185 1
2875 185 1
6358 185 1
1917 185 1
2887 185 1
5791 185 1
1494 185 1
6223 185 1
5613 185 1
210 185 1
5217 185 1
3972 185 1
807 185 1
2813 185 1
5978 185 1
6251 185 1
2110 185 1
3007 185 1
534 185 1
5438 185 1
1008 185 1
2032 185 1
4243 185 1
1830 185 1
2142 185 1
3309 185 1
1065 185 1
3684 185 1
5981 185 1
3172 185 1
6512 185 1
2611 185 1
5824 185 1
1322 185 1
2095 185 1
1347 185 1
5271 185 1
6384 185 1
4270 185 1
990 185 1
5220 185 1
6332 185 1
1353 185 1
5876 185 1
3499 185 1
4994 185 1
6466 185 1
3929 185 1
4981 185 1
3945 185 1
1826 185 1
538 185 1
3650 185 1
1555 185 1
6185 185 1
1979 185 1
2783 185 1
6659 186 1
57 186 1
3937 186 1
3289 186 1
2306 186 1
5168 186 1
6058 186 1
6408 186 1
747 186 1
2833 186 1
928 186 1
2623 186 1
4414 186 1
5406 186 1
6527 186 1
5396 186 1
809 186 1
1799 186 1
4246 186 1
153 186 1
1905 186 1
1925 186 1
6653 186 1
84 186 1
2602 186 1
3665 186 1
4521 186 1
1119 186 1
3189 186 1
2420 186 1
2262 186 1
4087 186 1
300 186 1
5683 186 1
5522 186 1
6476 186 1
6197 186 1
5813 186 1
4973 186 1
4809 186 1
6216 186 1
491 186 1
3413 186 1
2576 186 1
4960 186 1
6465 186 1
809 186 1
5330 186 1
1830 186 1
4094 186 1
4885 186 1
4364 186 1
4561 186 1
6143 186 1
3710 186 1
4219 186 1
4394 186 1
4367 186 1
3159 186 1
1008 186 1
5859 186 1
5131 186 1
10 186 1
3545 186 1
5404 186 1
526 186 1
3075 186 1
6013 186 1
5034 186 1
6511 186 1
5655 186 1
5072 186 1
2428 186 1
6128 186 1
4870 186 1
4433 186 1
2579 186 1
2335 186 1
6088 186 1
2268 186 1
3206 186 1
4716 186 1
364 186 1
4858 186 1
1933 186 1
1015 186 1
2387 186 1
3299 186 1
1089 186 1
2997 186 1
6354 186 1
636 186 1
4353 186 1
224 186 1
2492 186 1
5812 186 1
4381 186 1
5241 186 1
818 186 1
4754 186 1
2372 186 1
5 186 1
6041 186 1
4063 186 1
447 186 1
10 186 1
1769 186 1
4748 186 1
5362 186 1
5552 186 1
1560 186 1
6007 186 1
1956 186 1
2221 186 1
4054 186 1
2316 186 1
3358 186 1
6514 186 1
346 186 1
1655 186 1
5077 186 1
4787 186 1
2049 186 1
5381 186 1
1036 186 1
931 186 1
4695 186 1
6301 186 1
1527 186 1
3500 186 1
4757 186 1
3258 186 1
4967 186 1
2890 186 1
6470 186 1
575 186 1
43 186 1
1468 186 1
66 186 1
6274 186 1
3119 186 1
358 186 1
5286 186 1
4361 186 1
3496 186 1
42 186 1
4380 186 1
4441 186 1
2778 186 1
2812 186 1
5160 186 1
6077 186 1
6441 186 1
5722 186 1
4748 186 1
5034 186 1
4725 186 1
2357 186 1
857 186 1
4175 186 1
3001 186 1
2829 186 1
1213 186 1
4803 186 1
4560 186 1
2581 186 1
3492 186 1
1962 186 1
2780 186 1
528 186 1
1964 186 1
5087 186 1
4459 186 1
1892 186 1
725 186 1
5875 186 1
4642 186 1
703 186 1
4580 186 1
5353 186 1
401 186 1
321 186 1
5660 186 1
3174 186 1
1584 186 1
458 186 1
2148 186 1
4455 186 1
1556 186 1
2451 186 1
2380 186 1
6148 186 1
4510 186 1
1354 186 1
340 186 1
4159 186 1
4590 186 1
6380 186 1
3357 186 1
1796 186 1
3632 186 1
6012 186 1
3828 186 1
697 186 1
2075 186 1
6142 186 1
1875 186 1
510 186 1
1024 186 1
3347 187 1
1071 187 1
1075 187 1
673 187 1
231 187 1
5664 187 1
61 187 1
2001 187 1
4576 187 1
2934 187 1
822 187 1
414 187 1
1345 187 1
6604 187 1
3634 187 1
3872 187 1
4694 187 1
1203 187 1
2243 187 1
2722 187 1
2011 187 1
1870 187 1
5562 187 1
3892 187 1
4054 187 1
820 187 1
4203 187 1
5767 187 1
603 187 1
1735 187 1
120 187 1
1830 187 1
2570 187 1
2437 187 1
3987 187 1
3206 187 1
2720 187 1
3499 187 1
4246 187 1
5350 187 1
5526 187 1
5749 187 1
1680 187 1
1951 187 1
2711 187 1
6025 187 1
4060 187 1
850 187 1
2387 187 1
3666 187 1
3838 187 1
3518 187 1
1230 187 1
6318 187 1
2372 187 1
1072 187 1
6128 187 1
335 187 1
1996 187 1
5698 187 1
5633 187 1
896 187 1
1098 187 1
6234 187 1
2679 187 1
850 187 1
946 187 1
4100 187 1
957 187 1
4648 187 1
6281 187 1
519 187 1
2222 187 1
654 187 1
2902 187 1
6729 187 1
5661 187 1
1680 187 1
3736 187 1
3235 187 1
6737 187 1
5424 187 1
5587 187 1
6569 187 1
6660 187 1
1882 187 1
6498 187 1
3338 187 1
442 187 1
1806 187 1
5410 187 1
3844 187 1
2873 187 1
1802 187 1
3378 187 1
31 187 1
5943 187 1
2112 187 1
4487 187 1
1154 187 1
47 187 1
4998 187 1
2176 187 1
6436 187 1
4339 187 1
1123 187 1
6733 187 1
907 187 1
5086 187 1
1671 187 1
4734 187 1
1107 187 1
5552 187 1
5093 187 1
2030 187 1
483 187 1
3988 187 1
5533 187 1
2727 187 1
4451 187 1
1025 187 1
162 187 1
5357 187 1
6279 187 1
2310 187 1
225 187 1
6727 187 1
5444 187 1
5266 187 1
6308 187 1
2064 187 1
3629 187 1
6776 187 1
5674 187 1
6572 187 1
83 187 1
3903 187 1
4361 187 1
4692 187 1
4648 187 1
2283 187 1
4289 187 1
4330 187 1
486 187 1
5115 187 1
2308 187 1
5634 187 1
740 187 1
6364 187 1
3970 187 1
5586 187 1
4451 187 1
5031 187 1
6622 187 1
6468 187 1
1485 187 1
959 187 1
3693 187 1
771 187 1
2342 187 1
207 187 1
4844 187 1
2658 187 1
3355 187 1
2935 187 1
4844 187 1
427 187 1
5670 187 1
5519 187 1
4385 187 1
5601 187 1
1299 187 1
3026 187 1
998 187 1
3515 187 1
3547 187 1
5720 187 1
2332 187 1
3423 187 1
1264 187 1
2627 187 1
3073 187 1
957 187 1
3626 187 1
1183 187 1
6713 187 1
4345 187 1
923 187 1
3083 187 1
2173 187 1
4851 187 1
2646 187 1
4791 187 1
706 187 1
1948 187 1
1874 187 1
3191 187 1
4190 187 1
3478 187 1
3067 187 1
4772 187 1
5069 187 1
1603 187 1
4604 187 1
5411 187 1
2326 187 1
5970 187 1
3448 187 1
6683 187 1
5200 188 1
5681 188 1
4176 188 1
3384 188 1
4135 188 1
6228 188 1
6244 188 1
6712 188 1
3930 188 1
3515 188 1
5338 188 1
2154 188 1
4339 188 1
1257 188 1
1382 188 1
6607 188 1
3358 188 1
2042 188 1
3534 188 1
4584 188 1
2470 188 1
2747 188 1
4136 188 1
2569 188 1
2450 188 1
2895 188 1
3331 188 1
6222 188 1
2566 188 1
2565 188 1
728 188 1
1646 188 1
4732 188 1
2791 188 1
6521 188 1
6166 188 1
6355 188 1
3960 188 1
2670 188 1
6092 188 1
6249 188 1
860 188 1
4193 188 1
5491 188 1
2063 188 1
5004 188 1
4487 188 1
3885 188 1
4688 188 1
6150 188 1
4612 188 1
5380 188 1
2022 188 1
3569 188 1
1651 188 1
3099 188 1
553 188 1
1297 188 1
2581 188 1
3363 188 1
2918 188 1
1479 188 1
2613 188 1
1770 188 1
2320 188 1
2982 188 1
4253 188 1
5467 188 1
5139 188 1
4284 188 1
1849 188 1
4938 188 1
1911 188 1
4244 188 1
3233 188 1
4692 188 1
5724 188 1
5923 188 1
2842 188 1
1425 188 1
5285 188 1
3545 188 1
3035 188 1
3503 188 1
1684 188 1
6451 188 1
5585 188 1
4254 188 1
6567 188 1
2450 188 1
3838 188 1
5040 188 1
2054 188 1
2246 188 1
4298 188 1
4011 188 1
5180 188 1
47 188 1
5248 188 1
4412 188 1
4275 188 1
2983 188 1
2076 188 1
2310 188 1
35 188 1
6102 188 1
787 188 1
2240 188 1
4300 188 1
903 188 1
432 188 1
6011 188 1
6242 188 1
2149 188 1
820 188 1
4995 188 1
3619 188 1
1425 188 1
2037 188 1
1230 188 1
634 188 1
4306 188 1
6307 188 1
6666 188 1
1876 188 1
2517 188 1
2075 188 1
6582 188 1
6717 188 1
4624 188 1
2194 188 1
87 188 1
1513 188 1
1195 188 1
4535 188 1
3603 188 1
4979 188 1
365 188 1
4059 188 1
3638 188 1
71 188 1
5111 188 1
2414 188 1
1620 188 1
529 188 1
5368 188 1
2384 188 1
2878 188 1
3264 188 1
6204 188 1
4493 188 1
2908 188 1
5477 188 1
2270 188 1
5708 188 1
1371 188 1
3232 188 1
5925 188 1
4110 188 1
2016 188 1
1190 188 1
1941 188 1
190 188 1
1570 188 1
2606 188 1
4850 188 1
1881 188 1
20 188 1
6083 188 1
3879 188 1
2328 188 1
4936 188 1
2966 188 1
473 188 1
5467 188 1
6445 188 1
4828 188 1
5977 188 1
1399 188 1
1551 188 1
3264 188 1
4063 188 1
2014 188 1
447 188 1
3115 188 1
5516 188 1
4197 188 1
5972 188 1
325 188 1
1526 188 1
2288 188 1
4297 188 1
107 188 1
3851 188 1
5687 188 1
6187 188 1
6482 188 1
74 188 1
2412 188 1
5376 188 1
4074 188 1
6296 188 1
3174 188 1
208 188 1
6294 188 1
1361 188 1
3153 188 1
4465 188 1
6167 188 1
3346 189 1
1661 189 1
2386 189 1
3778 189 1
2491 189 1
4039 189 1
1754 189 1
3419 189 1
1495 189 1
6088 189 1
6346 189 1
3010 189 1
5997 189 1
6026 189 1
1268 189 1
5036 189 1
2465 189 1
2586 189 1
2990 189 1
3311 189 1
6474 189 1
1806 189 1
6521 189 1
4668 189 1
5312 189 1
2990 189 1
1998 189 1
5645 189 1
806 189 1
3784 189 1
4942 189 1
5149 189 1
6651 189 1
1365 189 1
46 189 1
2843 189 1
3666 189 1
6087 189 1
2590 189 1
568 189 1
1179 189 1
5971 189 1
5708 189 1
5693 189 1
1288 189 1
2396 189 1
1109 189 1
771 189 1
1775 189 1
310 189 1
3481 189 1
1927 189 1
6130 189 1
4655 189 1
4568 189 1
3603 189 1
5440 189 1
1094 189 1
961 189 1
2213 189 1
595 189 1
3390 189 1
1217 189 1
625 189 1
3218 189 1
351 189 1
4916 189 1
6020 189 1
5629 189 1
2793 189 1
961 189 1
5424 189 1
5982 189 1
643 189 1
194 189 1
6346 189 1
1947 189 1
5739 189 1
5917 189 1
6720 189 1
2071 189 1
66 189 1
5355 189 1
5559 189 1
3019 189 1
4127 189 1
4745 189 1
5910 189 1
5921 189 1
35 189 1
4112 189 1
737 189 1
3973 189 1
2117 189 1
1234 189 1
739 189 1
5517 189 1
5049 189 1
5552 189 1
1524 189 1
5971 189 1
2451 189 1
5709 189 1
1637 189 1
828 189 1
5378 189 1
5764 189 1
3596 189 1
163 189 1
3898 189 1
4555 189 1
102 189 1
6052 189 1
4178 189 1
4156 189 1
4261 189 1
224 189 1
1847 189 1
6346 189 1
2276 189 1
4644 189 1
3214 189 1
2288 189 1
1513 189 1
1109 189 1
1151 189 1
2259 189 1
1252 189 1
262 189 1
2770 189 1
3296 189 1
6694 189 1
1981 189 1
2274 189 1
1844 189 1
2631 189 1
821 189 1
870 189 1
1724 189 1
5906 189 1
4191 189 1
2634 189 1
4466 189 1
430 189 1
1082 189 1
4100 189 1
5159 189 1
3533 189 1
4874 189 1
4842 189 1
4297 189 1
5246 189 1
847 189 1
5945 189 1
2466 189 1
243 189 1
2426 189 1
3316 189 1
4151 189 1
714 189 1
1553 189 1
4421 189 1
3481 189 1
1247 189 1
829 189 1
5902 189 1
4587 189 1
4837 189 1
6088 189 1
2125 189 1
4120 189 1
2005 189 1
1447 189 1
3235 189 1
3536 189 1
5672 189 1
4637 189 1
366 189 1
5108 189 1
5780 189 1
4987 189 1
3710 189 1
4539 189 1
324 189 1
1215 189 1
6267 189 1
4258 189 1
768 189 1
1929 189 1
4832 189 1
3620 189 1
4460 189 1
3615 189 1
3681 189 1
360 189 1
3393 189 1
702 189 1
1976 189 1
4015 189 1
4735 189 1
5096 189 1
2434 189 1
4932 189 1
2412 189 1
6222 189 1
1462 189 1
552 189 1
317 189 1
3776 189 1
1929 190 1
744 190 1
3598 190 1
2797 190 1
5966 190 1
4489 190 1
5014 190 1
3027 190 1
1146 190 1
2567 190 1
814 190 1
3643 190 1
3055 190 1
233 190 1
3003 190 1
1008 190 1
4775 190 1
883 190 1
5303 190 1
5892 190 1
6328 190 1
4153 190 1
6141 190 1
4875 190 1
95 190 1
2316 190 1
3719 190 1
6036 190 1
5440 190 1
649 190 1
2599 190 1
5950 190 1
6687 190 1
5206 190 1
5154 190 1
1170 190 1
1110 190 1
6559 190 1
2885 190 1
3963 190 1
958 190 1
6454 190 1
4883 190 1
5307 190 1
2029 190 1
4854 190 1
6470 190 1
1247 190 1
2026 190 1
2819 190 1
6150 190 1
1814 190 1
624 190 1
4851 190 1
6586 190 1
1574 190 1
2529 190 1
1709 190 1
946 190 1
4054 190 1
3949 190 1
6746 190 1
3492 190 1
2579 190 1
199 190 1
6495 190 1
1699 190 1
3276 190 1
4566 190 1
1165 190 1
4551 190 1
2230 190 1
2027 190 1
2923 190 1
469 190 1
4660 190 1
5031 190 1
1606 190 1
84 190 1
2056 190 1
3838 190 1
5911 190 1
194 190 1
803 190 1
6289 190 1
2407 190 1
5686 190 1
1436 190 1
3405 190 1
5328 190 1
860 190 1
4683 190 1
2239 190 1
2842 190 1
2848 190 1
3762 190 1
3092 190 1
1558 190 1
2196 190 1
1596 190 1
2642 190 1
4104 190 1
2932 190 1
4625 190 1
2686 190 1
5494 190 1
3875 190 1
1195 190 1
3785 190 1
2018 190 1
6452 190 1
4110 190 1
567 190 1
352 190 1
6548 190 1
6377 190 1
5855 190 1
691 190 1
5789 190 1
2507 190 1
3547 190 1
1427 190 1
5261 190 1
5587 190 1
3583 190 1
1656 190 1
3113 190 1
1650 190 1
5423 190 1
6280 190 1
6317 190 1
4032 190 1
600 190 1
2201 190 1
2820 190 1
5982 190 1
716 190 1
1832 190 1
5605 190 1
2257 190 1
3910 190 1
4650 190 1
3582 190 1
161 190 1
890 190 1
5878 190 1
4029 190 1
1892 190 1
4725 190 1
1536 190 1
344 190 1
4519 190 1
2685 190 1
1797 190 1
6284 190 1
372 190 1
776 190 1
3295 190 1
2435 190 1
6586 190 1
5145 190 1
630 190 1
6325 190 1
6394 190 1
1987 190 1
4046 190 1
4237 190 1
525 190 1
5867 190 1
281 190 1
2939 190 1
3169 190 1
3921 190 1
6715 190 1
2401 190 1
6428 190 1
3626 190 1
2709 190 1
1413 190 1
477 190 1
1773 190 1
6134 190 1
1057 190 1
5591 190 1
971 190 1
4174 190 1
2914 190 1
2672 190 1
4497 190 1
1141 190 1
2566 190 1
4726 190 1
5459 190 1
3429 190 1
1737 190 1
230 190 1
3850 190 1
937 190 1
5315 190 1
5464 190 1
436 190 1
1057 190 1
550 190 1
1086 190 1
5102 190 1
2243 190 1
6036 190 1
1834 190 1
6197 190 1
805 191 1
5005 191 1
3066 191 1
666 191 1
6673 191 1
498 191 1
2202 191 1
6739 191 1
2511 191 1
5188 191 1
3765 191 1
227 191 1
3199 191 1
6112 191 1
2131 191 1
6529 191 1
3912 191 1
4941 191 1
161 191 1
0 191 1
668 191 1
242 191 1
1615 191 1
1390 191 1
1046 191 1
4041 191 1
3724 191 1
6140 191 1
1965 191 1
3919 191 1
3676 191 1
5162 191 1
3711 191 1
3420 191 1
601 191 1
5262 191 1
2049 191 1
6006 191 1
1554 191 1
3240 191 1
2431 191 1
4373 191 1
4905 191 1
2633 191 1
6132 191 1
6524 191 1
4185 191 1
942 191 1
4602 191 1
3746 191 1
4159 191 1
5666 191 1
2168 191 1
3397 191 1
3643 191 1
6011 191 1
3725 191 1
319 191 1
61 191 1
2071 191 1
309 191 1
3982 191 1
6767 191 1
4620 191 1
5788 191 1
3436 191 1
3843 191 1
3635 191 1
1853 191 1
5682 191 1
826 191 1
3000 191 1
1646 191 1
6252 191 1
2750 191 1
4560 191 1
723 191 1
1317 191 1
2436 191 1
3183 191 1
539 191 1
4006 191 1
4869 191 1
4985 191 1
2745 191 1
6080 191 1
97 191 1
1287 191 1
5673 191 1
6653 191 1
4707 191 1
4872 191 1
2372 191 1
1683 191 1
986 191 1
1113 191 1
5644 191 1
5458 191 1
6403 191 1
6460 191 1
6767 191 1
6625 191 1
1972 191 1
4938 191 1
3546 191 1
2448 191 1
4124 191 1
6574 191 1
2009 191 1
2552 191 1
5050 191 1
2734 191 1
4460 191 1
5172 191 1
1178 191 1
444 191 1
4905 191 1
1547 191 1
42 191 1
6277 191 1
2548 191 1
2662 191 1
1388 191 1
2243 191 1
2634 191 1
272 191 1
2731 191 1
562 191 1
1218 191 1
883 191 1
5075 191 1
3438 191 1
6378 191 1
186 191 1
5533 191 1
5255 191 1
603 191 1
6332 191 1
6078 191 1
5453 191 1
3124 191 1
5521 191 1
3913 191 1
5293 191 1
227 191 1
3016 191 1
2649 191 1
4928 191 1
5926 191 1
4712 191 1
1477 191 1
5698 191 1
1224 191 1
4238 191 1
1075 191 1
3677 191 1
2903 191 1
1936 191 1
3264 191 1
538 191 1
1907 191 1
2980 191 1
6713 191 1
4136 191 1
4820 191 1
2077 191 1
2815 191 1
5645 191 1
6234 191 1
6169 191 1
1468 191 1
5424 191 1
5468 191 1
4098 191 1
2189 191 1
5866 191 1
233 191 1
3679 191 1
6560 191 1
1971 191 1
6768 191 1
3588 191 1
3101 191 1
1503 191 1
5400 191 1
483 191 1
6186 191 1
2642 191 1
687 191 1
2232 191 1
2829 191 1
6140 191 1
1857 191 1
4026 191 1
886 191 1
3880 191 1
1486 191 1
226 191 1
5558 191 1
911 191 1
724 191 1
5850 191 1
5942 191 1
1998 191 1
4812 191 1
1728 191 1
4394 191 1
1442 191 1
101 191 1
5724 192 1
3218 192 1
5753 192 1
5448 192 1
1491 192 1
2760 192 1
3546 192 1
6382 192 1
4288 192 1
4583 192 1
4587 192 1
3836 192 1
2245 192 1
6209 192 1
1273 192 1
237 192 1
2445 192 1
2230 192 1
6567 192 1
3768 192 1
957 192 1
2343 192 1
6547 192 1
2469 192 1
2288 192 1
4639 192 1
6649 192 1
1906 192 1
4203 192 1
101 192 1
3799 192 1
2398 192 1
1466 192 1
958 192 1
6209 192 1
5645 192 1
4430 192 1
5900 192 1
6010 192 1
6598 192 1
1317 192 1
6287 192 1
3012 192 1
1683 192 1
5861 192 1
4750 192 1
1982 192 1
4130 192 1
1914 192 1
4029 192 1
1892 192 1
4403 192 1
841 192 1
1890 192 1
856 192 1
6213 192 1
3707 192 1
5036 192 1
1253 192 1
1588 192 1
5455 192 1
6366 192 1
1322 192 1
5161 192 1
6169 192 1
1250 192 1
6660 192 1
5084 192 1
1811 192 1
4020 192 1
2701 192 1
3956 192 1
4561 192 1
5166 192 1
6762 192 1
6062 192 1
2388 192 1
1022 192 1
2106 192 1
5620 192 1
4522 192 1
2628 192 1
6784 192 1
503 192 1
3482 192 1
4264 192 1
69 192 1
5609 192 1
2131 192 1
4678 192 1
5028 192 1
5867 192 1
2156 192 1
1187 192 1
5528 192 1
3819 192 1
4216 192 1
520 192 1
4884 192 1
365 192 1
6169 192 1
577 192 1
1478 192 1
4517 192 1
1641 192 1
3869 192 1
2628 192 1
5017 192 1
4877 192 1
574 192 1
4243 192 1
5603 192 1
3982 192 1
5999 192 1
42 192 1
4811 192 1
5905 192 1
5845 192 1
6544 192 1
1246 192 1
5406 192 1
5772 192 1
577 192 1
4205 192 1
4573 192 1
4461 192 1
879 192 1
78 192 1
1454 192 1
6541 192 1
6172 192 1
4930 192 1
5946 192 1
225 192 1
5580 192 1
6283 192 1
740 192 1
6142 192 1
5789 192 1
3815 192 1
3309 192 1
2727 192 1
718 192 1
3754 192 1
1149 192 1
3496 192 1
19 192 1
5804 192 1
5432 192 1
2156 192 1
3795 192 1
2765 192 1
4810 192 1
1614 192 1
2412 192 1
4228 192 1
3510 192 1
3795 192 1
2951 192 1
3119 192 1
6591 192 1
5413 192 1
1841 192 1
3945 192 1
1514 192 1
4896 192 1
239 192 1
4780 192 1
3167 192 1
1393 192 1
5818 192 1
3233 192 1
588 192 1
4689 192 1
3477 192 1
2753 192 1
5179 192 1
5197 192 1
4814 192 1
3049 192 1
2529 192 1
5579 192 1
496 192 1
3320 192 1
1580 192 1
3676 192 1
5957 192 1
6376 192 1
555 192 1
2884 192 1
5930 192 1
5543 192 1
5431 192 1
4362 192 1
198 192 1
4136 192 1
4695 192 1
4859 192 1
2752 192 1
5487 192 1
1428 192 1
2362 192 1
738 192 1
562 192 1
6398 192 1
5076 192 1
2881 192 1
1779 192 1
5545 192 1
3713 193 1
2342 193 1
6593 193 1
5829 193 1
673 193 1
415 193 1
1538 193 1
1984 193 1
726 193 1
3464 193 1
5151 193 1
6441 193 1
2594 193 1
1372 193 1
2847 193 1
1549 193 1
2104 193 1
1989 193 1
173 193 1
4131 193 1
3772 193 1
3121 193 1
4761 193 1
566 193 1
2672 193 1
3814 193 1
2475 193 1
4169 193 1
5935 193 1
3810 193 1
6417 193 1
1169 193 1
5382 193 1
3478 193 1
5505 193 1
403 193 1
678 193 1
3818 193 1
4638 193 1
3818 193 1
141 193 1
2732 193 1
2113 193 1
4252 193 1
3055 193 1
4553 193 1
756 193 1
2169 193 1
5584 193 1
5624 193 1
3205 193 1
2932 193 1
4443 193 1
698 193 1
2051 193 1
4960 193 1
5975 193 1
1789 193 1
705 193 1
409 193 1
794 193 1
4163 193 1
2284 193 1
4130 193 1
3371 193 1
2794 193 1
5569 193 1
28 193 1
4437 193 1
4340 193 1
2930 193 1
6615 193 1
3947 193 1
1389 193 1
4089 193 1
517 193 1
1173 193 1
1672 193 1
1460 193 1
941 193 1
4889 193 1
3207 193 1
1193 193 1
6762 193 1
389 193 1
5358 193 1
5843 193 1
543 193 1
6635 193 1
3155 193 1
1766 193 1
3482 193 1
2925 193 1
5320 193 1
5271 193 1
6305 193 1
1820 193 1
5709 193 1
4556 193 1
1888 193 1
5585 193 1
1502 193 1
4053 193 1
3383 193 1
6202 193 1
2249 193 1
1763 193 1
5384 193 1
436 193 1
1376 193 1
1309 193 1
4888 193 1
248 193 1
1703 193 1
1942 193 1
5182 193 1
6234 193 1
5472 193 1
4263 193 1
3787 193 1
5090 193 1
4140 193 1
2067 193 1
128 193 1
5397 193 1
2400 193 1
3171 193 1
4474 193 1
1840 193 1
3263 193 1
5999 193 1
2984 193 1
121 193 1
6475 193 1
1047 193 1
6358 193 1
3450 193 1
3231 193 1
406 193 1
6222 193 1
5747 193 1
5968 193 1
1562 193 1
2401 193 1
4643 193 1
3103 193 1
466 193 1
2522 193 1
2239 193 1
4257 193 1
4639 193 1
742 193 1
1982 193 1
4303 193 1
6376 193 1
5302 193 1
1817 193 1
1527 193 1
4562 193 1
2616 193 1
5771 193 1
6703 193 1
1651 193 1
1800 193 1
151 193 1
4689 193 1
6277 193 1
1305 193 1
3409 193 1
4111 193 1
5204 193 1
6015 193 1
3592 193 1
4652 193 1
4081 193 1
3941 193 1
3374 193 1
1441 193 1
907 193 1
3989 193 1
33 193 1
434 193 1
3089 193 1
2761 193 1
1736 193 1
3477 193 1
6432 193 1
3511 193 1
4844 193 1
247 193 1
3520 193 1
5636 193 1
2887 193 1
5602 193 1
602 193 1
6727 193 1
5944 193 1
6742 193 1
3042 193 1
2176 193 1
735 193 1
4521 193 1
3246 193 1
4900 193 1
320 193 1
2236 193 1
5174 193 1
6325 193 1
2603 193 1
2094 194 1
639 194 1
4385 194 1
4501 194 1
6159 194 1
3342 194 1
2410 194 1
3305 194 1
2911 194 1
6721 194 1
5813 194 1
6446 194 1
2477 194 1
2621 194 1
6537 194 1
52 194 1
2018 194 1
1185 194 1
1519 194 1
330 194 1
2601 194 1
6122 194 1
2987 194 1
1439 194 1
4133 194 1
1150 194 1
3097 194 1
1926 194 1
1788 194 1
980 194 1
5550 194 1
3913 194 1
4545 194 1
17 194 1
4477 194 1
3840 194 1
2558 194 1
2379 194 1
5173 194 1
1269 194 1
3198 194 1
5250 194 1
5268 194 1
2050 194 1
5533 194 1
5419 194 1
1333 194 1
5390 194 1
3456 194 1
5175 194 1
6248 194 1
1076 194 1
4211 194 1
3092 194 1
4612 194 1
1247 194 1
4572 194 1
71 194 1
6740 194 1
6137 194 1
5108 194 1
2529 194 1
2540 194 1
4555 194 1
1439 194 1
4077 194 1
2142 194 1
4497 194 1
6020 194 1
3150 194 1
3421 194 1
1176 194 1
3014 194 1
4566 194 1
3394 194 1
6368 194 1
1735 194 1
4183 194 1
2253 194 1
2711 194 1
6701 194 1
3751 194 1
1552 194 1
1972 194 1
5920 194 1
2972 194 1
1197 194 1
3532 194 1
5818 194 1
5850 194 1
4419 194 1
2107 194 1
4403 194 1
1178 194 1
3048 194 1
1376 194 1
805 194 1
2064 194 1
4666 194 1
5969 194 1
1526 194 1
945 194 1
2923 194 1
1802 194 1
669 194 1
2936 194 1
2105 194 1
3691 194 1
1948 194 1
806 194 1
633 194 1
3685 194 1
1554 194 1
1571 194 1
6272 194 1
529 194 1
2763 194 1
1643 194 1
4690 194 1
6276 194 1
5859 194 1
882 194 1
2936 194 1
6417 194 1
3638 194 1
3363 194 1
1158 194 1
2106 194 1
522 194 1
3871 194 1
3235 194 1
3503 194 1
1867 194 1
1008 194 1
4959 194 1
2069 194 1
2576 194 1
2404 194 1
834 194 1
873 194 1
4142 194 1
2639 194 1
4390 194 1
3356 194 1
4472 194 1
4976 194 1
1625 194 1
5414 194 1
5017 194 1
1381 194 1
2643 194 1
6335 194 1
190 194 1
669 194 1
5031 194 1
1830 194 1
1822 194 1
5740 194 1
5175 194 1
1719 194 1
4801 194 1
4550 194 1
4890 194 1
5075 194 1
3778 194 1
5534 194 1
869 194 1
2575 194 1
4594 194 1
5266 194 1
3693 194 1
5879 194 1
3629 194 1
186 194 1
2173 194 1
4363 194 1
1189 194 1
5398 194 1
2674 194 1
2045 194 1
4944 194 1
1359 194 1
15 194 1
5653 194 1
5441 194 1
3287 194 1
1386 194 1
4531 194 1
383 194 1
4280 194 1
428 194 1
1081 194 1
2678 194 1
4517 194 1
2443 194 1
2225 194 1
2656 194 1
6366 194 1
3667 194 1
596 194 1
6445 194 1
1739 194 1
2394 194 1
4312 194 1
6695 194 1
6007 194 1
841 194 1
1746 194 1
1907 194 1
4610 195 1
2970 195 1
5135 195 1
1089 195 1
4638 195 1
2178 195 1
4059 195 1
2551 195 1
2367 195 1
6234 195 1
2128 195 1
2077 195 1
3217 195 1
2491 195 1
3694 195 1
6545 195 1
2737 195 1
3842 195 1
4713 195 1
2057 195 1
5443 195 1
6302 195 1
1201 195 1
6118 195 1
4687 195 1
4438 195 1
5514 195 1
3578 195 1
4309 195 1
4708 195 1
391 195 1
5336 195 1
5612 195 1
2011 195 1
2620 195 1
2125 195 1
2417 195 1
5925 195 1
4451 195 1
840 195 1
281 195 1
71 195 1
1605 195 1
6117 195 1
3483 195 1
1538 195 1
786 195 1
1198 195 1
1731 195 1
4824 195 1
4902 195 1
1546 195 1
2612 195 1
5665 195 1
5104 195 1
5906 195 1
441 195 1
4955 195 1
5834 195 1
3517 195 1
1018 195 1
1868 195 1
5366 195 1
1431 195 1
2537 195 1
1212 195 1
6752 195 1
6777 195 1
6517 195 1
2650 195 1
3664 195 1
3414 195 1
2340 195 1
3 195 1
3719 195 1
4069 195 1
2243 195 1
5967 195 1
6002 195 1
3113 195 1
2846 195 1
160 195 1
2322 195 1
2107 195 1
1686 195 1
1592 195 1
6259 195 1
4677 195 1
1461 195 1
1467 195 1
4843 195 1
721 195 1
2571 195 1
1699 195 1
6429 195 1
4885 195 1
5452 195 1
6286 195 1
2342 195 1
3827 195 1
4125 195 1
4265 195 1
432 195 1
1310 195 1
4025 195 1
1516 195 1
5290 195 1
5213 195 1
3847 195 1
4918 195 1
1765 195 1
624 195 1
1012 195 1
4635 195 1
3511 195 1
2236 195 1
5673 195 1
1339 195 1
225 195 1
5702 195 1
4443 195 1
6748 195 1
4246 195 1
4449 195 1
5801 195 1
772 195 1
3245 195 1
347 195 1
4778 195 1
3661 195 1
3825 195 1
5061 195 1
2400 195 1
3902 195 1
2257 195 1
6228 195 1
1337 195 1
1125 195 1
1027 195 1
2880 195 1
1716 195 1
5976 195 1
6547 195 1
2388 195 1
2915 195 1
997 195 1
6179 195 1
3574 195 1
5092 195 1
4654 195 1
1461 195 1
2907 195 1
742 195 1
6262 195 1
2111 195 1
2071 195 1
5504 195 1
1969 195 1
6663 195 1
2815 195 1
448 195 1
6716 195 1
1976 195 1
4295 195 1
3052 195 1
4175 195 1
5099 195 1
4217 195 1
1412 195 1
6239 195 1
4986 195 1
291 195 1
6120 195 1
973 195 1
6352 195 1
3624 195 1
4489 195 1
2358 195 1
3361 195 1
3072 195 1
2831 195 1
4129 195 1
1385 195 1
6719 195 1
613 195 1
6236 195 1
3497 195 1
711 195 1
48 195 1
6446 195 1
441 195 1
3357 195 1
1725 195 1
4785 195 1
997 195 1
249 195 1
6251 195 1
4049 195 1
4263 195 1
701 195 1
6092 195 1
3634 195 1
2458 195 1
4483 195 1
3199 195 1
6199 195 1
1026 195 1
5296 195 1
4222 195 1
