4990 246 84901 50 85000
842 107 443 587 468 134 909 471 350 226 125 796 692 450 255 738 667 442 588 25 775 303 463 274 218 110 622 476 239 165 191 433 184 189 215 788 144 211 19 186 428 287 534 135 802 772 602 70 780 585 5 230 722 959 540 905 598 444 102 26 965 467 374 874 404 272 376 829 815 269 689 915 449 706 53 183 337 865 423 882 596 808 566 172 619 755 123 496 196 440 29 770 245 556 948 606 122 823 430 953 816 241 229 350 441 621 324 504 431 835 588 966 15 58 432 929 140 161 994 967 147 326 246 108 922 479 5 3 715 778 513 87 620 531 417 824 460 901 772 675 26 729 560 716 455 246 610 232 22 863 30 289 944 225 725 653 896 108 572 806 227 383 429 38 37 570 429 596 648 85 313 898 275 384 217 478 79 58 236 213 126 770 608 872 476 388 520 181 563 276 644 21 150 968 77 284 337 810 800 462 971 303 568 304 635 383 415 25 524 387 998 678 807 517 863 954 397 121 739 540 397 213 273 717 380 179 325 741 51 203 351 917 462 878 295 842 305 500 655 24 401 961 787 393 177 244 152 832 410 145 273 536 443 84 838 232 436 397 722 707 191 866 56 907 259 265 769 749 707 609 658 578 652 722 72 967 6 562 869 122 608 705 820 475 709 489 924 847 948 409 588 920 84 128 634 313 421 215 938 815 330 542 790 673 127 690 388 154 17 442 658 185 755 935 531 599 504 982 358 695 946 825 967 704 410 484 477 23 45 90 98 94 492 175 27 225 402 134 698 495 540 97 530 413 645 373 995 607 527 891 718 135 526 26 40 318 538 606 185 719 979 676 965 804 282 547 592 536 988 800 537 107 310 391 428 562 849 69 997 485 683 967 44 59 90 477 536 678 746 390 451 639 63 164 656 895 406 431 297 854 27 586 603 883 593 210 726 471 611 388 20 325 335 296 721 708 862 269 717 646 169 426 422 956 264 13 231 782 652 874 87 319 448 407 81 489 542 471 827 303 553 582 755 859 308 542 307 504 205 128 144 492 814 422 37 114 877 711 438 939 701 314 82 427 585 233 116 597 103 11 397 299 429 905 799 775 886 123 712 19 206 611 775 401 857 286 299 321 677 503 765 976 99 522 76 880 870 781 122 650 172 514 442 720 355 87 225 303 788 960 775 380 770 339 909 431 180 902 366 609 27 814 60 247 304 685 893 689 271 499 77 544 156 943 594 893 661 592 768 470 683 664 351 872 551 298 868 729 699 614 324 754 850 975 460 354 739 984 972 106 274 340 408 958 784 951 596 500 918 850 487 812 340 407 752 676 976 328 609 712 960 876 259 608 334 737 623 764 361 982 698 409 944 78 862 997 3 488 413 859 68 743 723 36 180 91 246 968 459 843 248 719 237 73 791 429 899 836 307 826 234 761 408 375 65 409 1000 51 380 274 225 894 568 467 911 592 651 500 704 311 56 938 84 204 132 53 542 466 856 26 343 623 805 868 478 19 974 913 118 691 50 393 479 861 679 914 259 78 574 676 786 137 42 44 873 241 644 983 32 797 573 643 13 928 785 684 843 842 140 431 8 939 747 535 122 178 52 370 596 487 441 71 737 175 635 49 895 826 830 276 641 58 362 403 66 910 200 347 273 776 506 388 25 963 948 948 278 406 459 365 326 622 550 705 32 848 550 603 104 880 900 778 34 635 254 960 694 339 245 286 426 93 740 847 309 743 146 530 318 353 877 326 816 168 433 23 624 961 474 231 51 84 499 74 910 399 884 575 619 205 204 915 102 927 181 253 94 955 153 649 968 230 415 366 447 464 402 3 837 433 904 817 325 509 134 506 73 881 626 368 99 21 431 954 822 74 857 940 191 117 529 181 175 222 412 642 477 141 728 472 674 938 60 614 338 282 497 605 225 219 585 780 273 897 812 437 867 626 218 73 132 474 263 505 635 148 924 276 335 630 186 799 705 244 906 646 254 446 708 171 876 399 226 95 119 22 823 369 827 639 925 961 34 61 435 706 355 139 438 242 420 583 406 745 797 542 865 820 227 2 541 334 506 295 611 658 444 834 533 578 350 987 286 378 570 806 144 739 941 169 440 822 65 657 177 901 388 175 983 646 81 220 322 657 679 348 266 391 200 142 837 516 605 933 271 854 659 629 548 330 29 889 561 704 81 371 967 806 703 106 908 656 723 865 491 684 876 257 115 444 881 651 462 879 687 494 261 421 990 121 493 291 236 877 698 632 219 803 592 542 718 372 695 893 175 196 967 280 248 43 449 927 406 553 582 798 39 627 830 20 114 41 10 238 47 134 499 853 265 518 836 389 550 421 820 974 592 498 466 477 996 263 503 927 176 324 752 645 445 524 69 423 15 244 474 382 105 493 72 743 630 898 63 752 764 522 797 974 892 389 584 207 519 855 416 385 657 423 13 858 971 338 220 961 880 896 183 554 736 52 349 728 623 919 17 381 378 417 506 445 511 471 90 68 884 669 515 689 634 243 58 77 430 320 78 882 324 773 59 974 483 521 330 969 291 719 826 126 630 59 797 231 466 528 927 564 297 955 768 287 911 596 457 551 350 278 260 986 826 417 37 327 361 380 860 224 100 355 209 571 592 937 990 95 94 345 453 575 225 641 929 722 189 496 324 294 196 480 517 511 755 859 740 983 747 517 956 220 707 218 81 678 292 737 451 260 414 318 797 386 654 125 977 185 126 703 49 902 661 277 672 472 987 616 34 930 638 265 834 214 953 590 404 455 893 281 244 714 597 235 369 297 125 397 554 750 419 122 851 281 76 4 98 452 80 138 155 308 684 508 437 514 538 829 429 597 278 555 594 119 136 142 256 235 720 778 454 133 739 107 726 407 442 596 709 712 901 91 510 746 279 67 308 877 720 870 946 766 790 411 870 478 195 409 280 451 770 933 722 585 186 645 400 855 55 776 78 554 494 126 692 290 163 41 371 789 460 91 353 505 895 405 451 268 769 26 75 32 465 399 399 940 770 206 788 690 945 80 616 110 906 70 215 753 555 833 53 597 832 934 430 800 762 223 591 185 156 68 479 294 749 671 823 552 739 140 103 372 580 58 114 491 389 480 800 210 856 683 487 426 252 942 161 535 397 366 217 60 490 101 346 629 173 291 327 45 487 764 877 37 288 311 35 370 278 905 988 649 556 904 289 508 591 220 69 89 978 545 993 133 642 642 113 998 160 618 944 351 386 706 341 432 116 973 67 269 404 41 464 775 431 38 632 995 610 894 581 508 427 810 701 140 832 184 16 121 255 298 934 504 47 521 67 925 311 926 329 680 350 642 73 108 412 124 944 531 161 782 604 339 4 374 441 927 861 899 592 332 987 597 176 806 852 313 315 129 406 822 462 280 583 661 881 885 689 979 839 126 834 369 821 288 22 22 197 492 906 516 904 528 973 52 975 734 317 639 922 15 863 170 901 889 794 901 208 596 67 601 557 640 248 756 753 725 865 855 419 749 898 707 854 911 212 922 102 757 105 611 198 376 336 758 496 17 213 957 528 653 825 828 283 644 317 903 240 133 231 597 728 985 171 377 744 58 634 622 761 543 965 505 115 76 146 443 173 5 376 437 191 370 530 445 664 193 744 388 682 752 810 640 78 715 415 518 858 309 433 803 675 815 888 685 155 216 329 61 945 902 256 964 975 443 752 47 606 495 308 391 394 137 671 11 298 684 880 468 816 19 187 243 100 375 814 187 865 918 114 833 930 921 561 740 196 132 273 693 750 424 157 263 99 588 276 398 207 468 133 516 588 42 673 813 363 440 799 50 768 424 914 804 68 207 57 144 66 784 663 887 545 980 68 362 231 976 624 394 378 519 681 138 100 592 374 841 241 306 144 388 283 841 42 364 556 952 132 143 150 819 433 9 744 472 740 3 264 233 866 221 232 576 964 681 703 731 552 532 249 844 943 631 988 899 726 316 809 187 967 758 205 845 896 78 724 496 827 503 750 989 288 789 862 534 319 165 1 539 611 919 723 950 815 710 481 116 595 292 921 269 895 257 318 518 53 734 833 157 261 14 978 412 248 881 850 694 234 205 469 488 17 981 879 679 446 119 806 652 885 827 299 882 87 837 716 625 661 799 942 34 973 464 288 669 350 462 275 945 542 968 747 624 452 433 254 869 130 524 479 574 342 552 876 865 26 7 770 885 197 917 383 178 545 383 349 215 239 191 390 777 385 945 377 700 206 134 460 656 23 797 679 205 814 966 580 605 556 885 877 618 381 28 370 996 864 588 114 600 5 75 361 915 813 769 34 274 833 59 936 576 89 50 529 139 464 274 815 31 876 9 414 30 557 315 555 175 62 180 284 180 563 999 129 613 438 876 742 816 723 553 692 354 75 187 791 259 377 842 664 877 243 382 788 928 650 45 58 46 447 182 693 534 228 879 715 363 582 518 558 99 548 427 548 889 140 730 102 678 839 754 836 410 490 974 463 437 967 872 229 6 268 17 599 373 158 483 922 747 277 239 319 245 692 960 686 203 954 995 472 974 992 832 21 486 889 23 5 389 442 697 906 129 732 564 865 826 586 659 417 960 56 580 45 565 305 785 394 264 152 112 754 748 622 364 984 436 563 332 736 691 284 269 406 261 241 148 553 757 333 396 681 906 193 374 727 105 282 487 257 65 972 964 962 693 53 793 961 872 754 320 195 244 277 865 927 5 962 873 126 543 730 5 884 921 495 466 26 181 871 975 323 994 87 645 503 697 305 259 365 265 794 948 367 351 604 395 882 531 570 669 55 583 66 435 515 64 815 695 650 385 640 165 989 162 757 567 88 238 492 673 743 991 596 869 836 423 365 837 327 159 583 698 360 174 495 531 811 664 88 861 801 375 744 728 401 61 555 95 590 670 128 537 496 740 491 404 734 114 918 338 656 848 542 38 324 64 659 959 663 45 210 757 568 776 295 2 346 413 684 70 354 663 205 723 161 683 741 439 643 379 448 632 117 274 264 711 320 944 278 63 618 392 575 442 332 249 258 732 825 495 802 635 215 679 948 989 526 206 18 157 108 405 45 9 318 707 377 948 22 450 948 834 414 527 579 669 294 946 717 202 139 302 109 936 32 151 918 139 796 347 774 333 516 776 294 437 823 322 573 588 380 232 344 737 327 634 261 255 13 374 168 503 57 289 411 142 182 62 815 973 768 920 125 259 975 58 181 367 705 258 655 976 53 759 80 320 845 856 791 850 82 114 232 697 647 69 954 131 922 888 608 901 537 891 278 693 504 896 595 401 158 375 511 481 734 454 867 600 747 526 975 446 535 205 548 22 961 727 672 830 887 524 776 431 945 925 853 36 795 555 802 340 398 84 163 701 105 120 221 31 219 879 158 114 87 109 905 1000 153 44 507 317 438 76 405 940 357 483 251 824 23 555 428 758 951 538 992 144 736 51 808 327 82 845 768 48 160 427 895 807 140 145 789 51 719 213 35 361 319 508 348 48 309 457 124 656 902 905 7 367 97 208 803 823 871 265 1 368 223 346 857 828 936 751 268 677 862 339 798 876 86 187 687 236 376 137 137 292 775 725 835 859 299 984 101 94 395 446 991 236 661 736 98 29 670 48 768 94 770 223 190 105 986 82 729 216 371 874 664 470 512 957 189 98 875 283 770 415 927 419 650 223 270 573 355 335 812 15 289 852 801 909 668 655 439 612 605 601 252 522 255 29 936 322 713 66 288 467 697 990 869 507 313 689 939 615 396 536 282 472 803 399 832 423 507 178 522 959 712 451 279 482 555 182 112 688 643 770 312 581 92 4 132 369 393 630 80 27 353 352 197 418 238 492 819 941 351 226 320 13 488 45 173 452 923 700 790 588 349 636 896 767 577 228 584 191 570 822 591 505 370 40 368 806 515 136 126 67 629 601 555 967 113 935 348 214 869 805 572 960 925 864 955 39 775 341 560 833 62 445 465 854 461 154 625 245 689 234 31 70 516 468 878 682 677 655 160 41 894 255 949 759 176 159 947 85 298 715 875 320 337 474 547 27 972 34 341 808 929 9 264 902 218 771 192 625 610 350 475 195 677 51 643 978 42 362 190 637 171 874 137 745 906 628 53 510 283 267 635 660 69 839 434 780 832 189 753 41 1000 982 296 557 197 209 666 264 872 793 361 636 232 173 145 203 63 819 74 635 597 560 494 70 780 548 747 317 577 100 105 445 385 807 938 467 657 352 941 958 247 874 248 529 528 405 700 263 678 584 722 860 953 377 923 955 215 628 636 428 608 984 817 115 6 345 409 564 896 68 1 145 921 490 203 718 678 336 744 287 838 821 957 596 998 56 550 130 630 843 172 843 409 633 676 883 344 72 600 129 535 29 589 728 227 457 995 446 394 33 89 991 266 492 389 343 608 672 987 864 488 140 75 195 550 981 811 986 807 81 620 504 741 291 193 978 769 193 794 514 264 40 175 491 812 46 117 485 519 91 192 129 535 92 207 616 745 84 731 300 531 194 433 928 846 79 673 843 282 475 861 832 251 617 112 713 233 449 752 897 617 29 781 471 618 415 766 258 163 212 503 305 796 415 844 937 968 765 785 873 317 199 953 352 914 795 812 607 616 82 917 258 937 245 987 876 779 443 904 294 9 771 607 294 923 884 619 757 248 184 674 647 340 102 631 319 934 663 908 701 450 592 47 409 91 63 725 193 862 166 733 635 404 184 462 323 828 424 76 987 473 897 675 208 190 216 189 517 261 11 564 473 205 238 966 68 409 872 693 227 223 867 739 89 208 162 714 558 369 915 223 683 242 624 258 955 780 462 912 772 655 522 890 973 370 284 190 544 927 814 33 579 355 115 540 185 408 77 907 317 359 589 26 648 671 375 520 565 965 83 875 453 12 861 893 804 796 954 901 559 640 424 530 756 191 867 264 834 864 864 918 106 846 921 877 600 867 856 148 976 268 699 683 888 406 902 1 501 327 515 851 705 934 753 617 107 303 542 556 650 359 70 971 319 372 473 972 919 316 634 380 536 285 361 767 332 439 539 861 883 974 378 597 840 115 956 260 865 984 219 402 507 204 883 883 201 67 482 544 659 818 238 338 268 430 311 276 149 193 893 384 441 377 495 417 14 847 781 453 180 262 130 746 250 892 167 655 328 135 626 671 814 396 986 188 910 457 927 77 63 608 783 299 732 381 639 613 906 63 931 329 330 672 560 475 855 331 964 890 164 181 816 650 664 504 707 602 224 142 649 827 144 648 741 781 865 633 478 697 850 391 235 413 279 490 994 609 813 572 484 796 265 326 370 964 569 618 141 537 73 980 591 81 537 904 847 617 698 625 660 970 271 429 136 797 372 350 483 422 313 509 69 449 207 482 379 295 48 436 356 661 845 777 599 221 434 22 324 627 150 397 453 781 543 290 852 740 911 50 254 429 622 71 114 735 782 168 750 305 758 484 868 888 358 215 368 38 933 725 889 386 776 326 874 805 531 169 868 677 701 950 753 578 536 157 776 727 535 83 547 75 897 635 356 20 17 204 192 120 207 687 937 232 991 747 825 836 72 958 7 51 182 648 453 933 235 933 82 806 350 248 809 609 950 342 688 682 826 60 399 640 233 30 26 942 525 415 230 296 329 607 857 83 216 91 645 988 547 741 920 439 359 764 713 994 202 963 531 321 963 390 743 603 372 552 605 275 746 259 350 149 991 373 779 967 521 813 451 1 710 319 986 390 613 600 143 478 282 294 194 178 443 305 849 358 284 75 363 169 268 839 673 311 757 549 946 484 588 46 801 994 714 796 514 422 125 676 476 993 786 945 914 101 670 46 624 887 427 316 159 594 457 957 75 501 165 835 791 344 562 729 963 54 870 572 315 183 553 86 973 59 762 25 970 975 18 205 81 727 243 817 665 651 990 511 550 282 310 226 13 149 704 585 754 233 264 768 950 695 917 295 952 29 839 551 218 171 566 136 853 615 932 169 323 649 251 201 142 907 835 304 837 87 979 338 752 183 721 3 143 750 169 591 263 886 300 346 916 475 896 533 980 94 984 332 746 132 809 114 158 399 856 975 17 291 879 190 361 651 845 795 930 431 134 201 225 590 500 637 743 228 93 481 14 927 32 891 85 244 984 723 360 123 429 740 68 471 577 28 789 317 923 900 346 233 226 196 974 841 917 574 383 121 8 565 972 104 151 829 789 85 594 518 706 408 813 365 915 423 83 573 983 173 15 156 947 565 346 903 694 522 980 526 629 58 574 625 966 417 494 90 113 717 320 646 113 384 589 250 982 589 58 965 56 401 285 788 29 867 917 440 14 74 8 621 933 653 865 11 912 641 845 178 656 260 501 673 226 542 195 34 330 808 349 492 482 313 53 46 450 828 390 4 675 476 357 699 470 574 496 25 917 132 389 450 102 890 855 818 296 812 715 567 971 757 539 590 259 450 740 91 496 547 980 663 472 913 488 575 802 462 564 249 424 873 475 139 964 976 220 588 838 574 880 251 256 644 518 994 10 670 300 880 36 533 385 537 340 497 549 322 992 243 28 530 252 678 74 59 50 203 512 287 254 432 911 718 823 776 234 701 835 593 754 277 337 871 415 946 652 41 747 948 967 225 963 188 879 337 567 208 711 366 490 94 204 743 686 230 28 237 525 768 643 930 82 296 957 732 399 35 780 928 966 711 814 536 831 921 750 14 913 95 541 863 217 785 561 830 744 327 426 595 48 452 454 252 781 856 359 831 227 160 391 837 577 301 79 502 876 960 451 229 323 778 893 568 780 916 694 131 836 997 322 109 571 585 399 721 122 655 892 758 385 415 652 472 533 414 976 878 215 424 183 319 940 870 631 288 654 234 199 901 902 310 439 948 801 161 771 727 870 221 599 359 188 914 856 975 519 743 98 546 286 7 540 616 808 559 616 966 88 674 377 699 153 353 99 520 221 160 259 965 149 777 537 824 313 996 904 500 312 238 149 371 337 705 623 290 919 713 345 460 364 216 949 733 583 426 415 450 652 959 601 833 443 431 373 23 620 275 84 711 794 989 61 110 473 861 261 658 885 422 939 687 935 440 353 111 636 727 534 877 473 334 40 272 168 379 3 495 932 879 539 670 116 247 249 691 568 320 146 613 101 543 962 258 531 296 701 718 129 959 136 109 537 4 63 874 617 247 414 157 598 518 756 322 4 419 666 635 902 82 546 923 653 915 121 327 342 905 727 804 700 267 839 541 349 591 125 630 592 633 804 891 354 879 969 32 398 887 401 421 194 175 943 220 490 922 972 788 35 356 577 662 998 322 908 859 806 789 141 872 562 945 471 52 511 184 942 401 901 35 945 22 421 442 623 189 524 790 416 167 136 167 351 397 806 997 229 663 438 228 510 977 985 234 513 335 230 194 614 753 719 659 614 39 329 476 917 678 993 14 488 691 206 304 178 80 504 449 861 597 426 126 919 37 779 248 566 120 773 255 737 632 323 674 931 242 991 211 989 925 840 649 939 86 839 980 496 14 805 569 590 766 40 78 127 746 141 946 662 485 40 458 186 496 279 728 735 649 358 23 642 258 171 222 935 141 139 812 696 624 966 146 926 653 615 471 17 206 244 754 103 814 331 753 482 858 701 727 819 78 528 865 866 835 134 374 61 208 526 672 420 680 611 814 139 734 97 491 15 342 773 791 82 842 641 639 486 218 244 816 494 649 988 286 768 245 185 226 107 67 755 697 182 362 896 818 639 486 55 560 204 485 406 894 354 231 116 837 392 854 924 688 138 182 70 271 215 218 838 69 743 977 639 46 215 650 208 479 934 880 466 248 106 961 107 467 238 968 88 463 713 882 163 65 190 749 683 948 615 951 924 868 363 983 830 660 456 245 523 679 59 403 586 478 480 789 444 647 122 903 55 968 897 85 167 212 47 118 275 932 22 934 976 247 405 657 631 174 379 705 173 925 809 457 989 558 358 1000 673 83 221 422 509 545 23 527 881 910 514 426 526 864 55 512 309 263 989 391 299 35 188 941 267 321 548 752 670 227 885 624 208 130 30 883 193 67 19 218 609 931 688 161 947 984 155 415 390 136 309 644 698 232 418 610 845 696 619 384 881 392 602 167 324 596 392 130 139 786 842 478 290 285 929 538 807 36 729 79 495 243 833 64 129 229 224 450 88 638 357 454 609 555 553 309 287 743 974 659 444 820 315 511 558 621 229 822 895 812 337 188 413 70 276 422 549 508 270 691 737 363 50 581 104 196 908 798 503 205 605 103 992 332 243 608 825 653 3 297 413 475 255 17 72 150 37 734 16 757 251 678 887 362 534 97 46 839 566 528 741 535 767 605 559 522 346 742 177 45 303 990 911 313 612 348 916 288 693 545 265 309 229 400 452 682 964 9 303 722 695 193 117 170 339 981 593 130 4 718 314 914 568 602 240 594 8 384 281 247 326 629 368 811 596 114 329 249 763 209 231 759 156 791 642 473 593 581 365 733 373 62 991 31 93 430 425 384 354 393 184 781 908 418 256 284 763 576 790 728 897 398 540 302 482 840 477 569 95 698 626 409 433 646 610 446 345 251 879 746 797 942 630 694 742 225 845 569 60 525 612 908 127 260 655 363 564 898 691 478 928 485 989 319 738 58 455 221 323 391 104 751 612 458 520 9 719 923 998 567 830 13 286 184 544 194 406 377 454 362 943 262 438 691 291 940 216 910 793 594 562 571 855 141 687 242 243 764 825 315 700 49 225 749 961 187 833 103 932 681 758 906 937 569 751 576 399 806 248 925 345 115 158 223 97 679 181 686 585 84 676 662 200 656 401 81 422 118 529 609 962 830 613 731 972 548 497 596 629 408 813 690 324 954 244 1000 906 744 148 856 262 639 405 3 436 689 74 12 749 380 215 243 427 890 573 459 120 936 404 123 794 112 271 576 503 217 43 140 388 277 367 500 895 102 417 452 141 397 580 846 766 123 857 267 315 109 988 539 230 77 624 540 117 162 333 401 756 130 237 64 960 574 150 409 936 536 197 344 538 830 984 564 358 546 465 533 489 188 94 162 376 299 533 11 51 530 926 636 143 853 643 798 562 895 978 855 111 524 283 119 870 362 1 133 740 536 284 396 865 975 322 912 363 889 940 228 351 529 752 259 863 438 230 437 694 32 774 107 654 186 831 724 59 283 86 161 463 117 784 557 526 960 154 26 88 264 931 8 494 274 520 376 465 986 306 525 600 515 670 6 676 573 754 970 979 269 124 854 48 708 916 706 178 663 21 451 21 867 851 950 388 322 68 879 153 476 371 793 306 587 130 649 463
2550 20
32 239
22 219
13 211
28 115
5 100
21 75
39 122
24 8
8 115
11 48
0 225
12 101
23 234
1 36
29 176
15 226
3 107
43 213
10 240
20 246
1530 20
14 65
0 233
31 143
4 221
6 63
16 132
46 233
49 99
47 39
35 214
33 178
12 222
36 164
28 101
38 146
39 135
21 65
30 53
24 213
37 151
3148 20
30 100
16 199
27 39
19 187
44 237
37 178
8 166
11 111
40 37
1 129
47 125
22 186
5 36
38 41
34 202
15 115
21 195
26 2
9 212
0 138
1215 20
43 227
30 10
33 244
15 231
44 160
21 8
22 3
47 144
45 101
27 203
10 224
38 99
9 209
34 53
39 201
16 243
4 31
35 181
11 81
49 189
3246 20
4 163
46 194
12 80
22 183
36 212
5 230
31 117
40 199
38 95
27 121
25 172
2 194
28 84
17 192
19 69
18 134
34 77
24 53
11 91
48 164
3351 20
26 55
32 123
7 58
22 175
15 69
0 244
11 49
24 162
20 238
13 243
47 88
49 15
12 214
8 203
38 61
1 244
39 240
29 120
33 169
9 188
2132 20
5 7
4 60
10 191
7 39
44 153
25 107
21 207
36 181
19 150
20 68
23 13
45 83
17 25
15 218
48 163
22 57
0 198
27 237
47 221
2 12
3052 20
8 26
6 205
31 186
10 205
1 174
30 68
42 183
14 86
7 194
4 108
18 51
21 131
9 94
23 79
38 31
29 213
36 5
48 175
25 96
49 93
284 20
41 37
0 45
19 16
26 132
46 14
29 122
36 89
43 49
6 88
39 122
11 123
20 135
21 113
27 78
34 52
7 136
22 132
35 75
18 77
24 91
2356 20
35 148
17 157
49 49
23 158
14 108
44 36
21 118
10 140
41 231
11 42
39 188
1 231
27 117
34 130
12 155
47 146
30 114
22 114
2 200
33 92
673 20
18 142
21 119
13 208
47 158
2 50
37 234
16 128
26 45
19 183
25 28
44 227
11 222
43 131
0 80
36 230
27 193
5 191
35 141
10 69
14 92
3939 20
43 228
13 29
20 111
21 165
23 208
14 28
4 97
44 28
18 190
37 33
15 207
35 232
27 193
41 154
24 171
40 187
2 53
25 50
45 202
49 31
3483 20
43 47
45 57
1 44
3 109
10 35
5 233
19 74
35 178
12 113
40 25
28 174
38 74
44 198
8 27
20 218
31 78
7 167
32 14
11 154
14 92
1519 20
4 150
8 209
23 184
29 134
24 2
34 200
47 194
9 232
41 206
32 124
49 225
44 116
38 90
35 99
27 66
2 202
36 238
6 134
30 195
0 204
2585 20
16 35
7 188
31 111
42 9
48 211
19 235
35 163
8 41
44 58
30 207
3 85
17 206
14 178
13 146
11 99
46 65
20 80
22 235
2 118
29 101
834 20
11 36
37 31
38 220
26 30
0 201
1 183
23 200
46 231
21 153
8 48
14 59
48 142
29 208
33 213
22 127
31 65
42 78
5 129
41 156
12 201
1967 20
16 233
33 83
21 221
14 144
32 55
25 210
34 104
38 215
48 204
40 48
3 91
22 13
8 227
36 44
39 106
35 140
20 155
4 101
12 129
47 168
1934 20
25 59
16 219
29 39
30 211
28 149
40 233
13 241
46 174
43 53
26 26
5 177
48 103
19 178
17 143
22 90
8 180
4 107
14 215
39 85
1 129
1087 20
24 228
5 72
32 45
26 246
38 87
49 45
44 69
43 101
18 115
15 180
2 141
7 55
34 84
23 53
36 21
3 48
39 150
29 197
42 147
41 166
1441 20
5 104
10 240
41 95
39 191
25 32
7 79
20 226
40 237
47 208
19 206
37 138
0 101
34 220
27 240
13 206
9 161
43 107
44 60
33 55
38 112
3128 20
45 103
31 207
2 127
5 224
25 210
42 188
44 103
32 39
36 60
40 159
38 86
15 147
35 209
29 161
21 166
34 31
8 228
13 108
10 240
9 147
1283 20
27 126
18 64
40 125
9 171
19 236
48 21
12 73
10 73
21 79
1 47
38 182
26 4
30 111
13 197
7 77
8 135
14 162
47 122
5 17
44 97
2602 20
30 178
23 50
48 26
4 81
28 28
35 192
6 164
5 105
10 193
33 136
27 29
45 79
1 157
11 48
25 24
36 200
39 70
43 228
17 158
21 231
1223 20
48 117
9 9
28 143
30 155
44 147
7 196
5 197
8 77
49 66
47 171
39 120
35 31
10 90
1 210
6 74
15 6
33 105
4 125
29 114
45 81
3439 20
26 24
14 97
21 105
30 40
43 237
40 191
8 161
45 129
27 226
11 188
7 26
33 207
34 53
23 153
29 143
15 144
22 175
18 118
10 79
4 201
109 20
7 12
17 20
29 53
11 13
33 31
26 40
23 2
13 16
30 21
47 1
9 23
4 30
1 39
43 36
0 40
22 9
36 14
45 18
34 33
41 16
1136 20
44 127
33 125
32 242
2 128
31 19
16 79
20 127
45 52
10 87
3 46
48 9
46 85
6 114
35 20
4 92
18 140
30 112
9 9
26 41
25 215
1266 20
19 14
1 171
13 14
27 183
48 134
20 174
23 135
46 177
31 93
6 166
25 52
41 164
34 183
32 9
36 63
38 114
5 121
0 47
49 14
10 242
728 20
27 8
41 100
22 53
48 52
39 219
33 115
42 164
46 172
23 64
28 107
44 64
14 130
12 37
16 133
6 63
37 37
8 138
20 43
0 197
36 7
3204 20
4 205
30 243
0 84
38 176
23 52
22 231
33 130
49 10
3 107
29 61
9 53
39 66
2 53
13 122
46 123
17 91
48 225
26 107
12 47
42 57
889 20
35 105
27 1
2 85
32 71
25 233
7 129
43 96
5 26
18 49
28 149
39 201
14 38
19 19
42 71
37 86
6 41
48 237
12 66
45 97
9 229
262 20
27 70
8 49
2 111
31 120
32 113
24 70
35 26
41 91
29 114
44 7
7 125
33 63
10 51
17 100
22 9
30 92
3 8
9 121
26 103
16 120
1704 20
32 222
34 28
41 59
7 99
12 137
33 174
47 179
36 85
40 67
43 22
19 18
42 156
23 150
29 156
22 71
5 206
35 133
1 62
37 21
17 114
3083 20
27 27
13 208
22 57
25 66
32 229
16 34
10 157
45 97
47 122
38 153
48 108
26 11
3 212
46 173
0 88
15 44
31 24
17 112
35 179
12 99
3733 20
39 114
37 162
19 126
33 158
40 58
6 78
47 178
1 236
12 233
49 63
35 61
4 140
20 86
41 39
10 202
45 211
32 234
0 186
34 240
27 202
3387 20
2 36
26 232
37 69
19 7
18 231
24 21
47 241
27 91
25 22
30 212
17 70
12 141
21 113
4 156
22 186
35 77
34 245
32 14
6 16
9 221
434 20
21 211
42 148
3 19
8 134
1 154
35 90
14 83
30 53
19 33
6 158
15 190
46 206
4 117
34 133
48 155
49 15
11 122
2 166
40 72
28 166
1558 20
3 90
1 91
46 152
44 70
32 224
17 234
36 157
5 6
15 130
7 59
45 193
25 212
9 128
18 60
6 86
49 60
22 8
27 132
8 146
47 105
1467 20
26 220
24 183
36 2
35 52
42 155
18 201
14 62
49 22
19 209
10 168
43 126
17 91
7 171
47 220
48 110
11 129
29 45
33 144
5 134
4 80
2020 20
18 189
27 161
2 186
23 157
0 186
35 67
9 42
16 211
8 191
43 169
21 38
14 68
49 204
34 89
40 150
22 226
45 167
44 4
13 205
17 126
437 20
46 113
35 113
13 70
21 134
11 159
1 118
0 53
22 182
47 149
24 142
19 2
48 185
12 11
33 197
16 160
40 159
29 30
2 158
45 198
28 81
2299 20
15 58
13 62
9 218
21 43
3 126
20 77
39 140
19 149
32 79
29 64
11 55
6 18
48 145
8 197
38 21
33 232
28 94
40 190
24 216
0 130
3967 20
33 61
31 217
12 74
22 200
10 22
46 125
36 22
25 6
24 140
40 10
5 165
42 217
28 220
45 1
43 20
26 246
6 186
19 226
16 170
29 81
978 20
23 187
46 112
45 156
1 119
37 20
20 93
34 59
33 75
43 118
22 186
13 153
15 25
35 148
18 155
6 151
26 8
16 218
30 28
8 51
7 206
421 20
4 74
45 172
5 165
44 87
30 141
49 102
9 105
41 130
6 122
15 16
37 98
39 195
13 166
0 49
8 32
22 115
19 199
40 154
18 120
20 167
1577 20
9 43
2 2
40 39
32 197
33 79
23 89
3 21
13 126
10 195
45 221
29 66
11 82
26 213
39 82
19 155
47 39
4 222
44 193
37 53
8 94
3720 20
24 29
28 207
15 212
18 190
31 227
13 27
43 232
3 201
4 111
41 178
11 81
29 63
42 204
47 107
23 129
0 128
5 123
22 37
19 119
7 111
2181 20
41 187
34 29
7 245
3 73
46 107
26 241
38 51
29 178
32 199
21 200
39 154
0 174
24 63
47 187
5 224
27 150
40 241
42 101
35 77
4 231
1920 20
21 4
0 84
20 132
35 2
24 203
39 20
36 27
27 60
44 244
49 107
40 165
16 116
9 152
25 27
2 26
42 49
1 203
38 197
29 201
26 69
2510 20
38 11
22 26
11 161
32 89
36 161
42 165
43 134
12 150
24 81
1 110
39 200
30 175
48 159
15 113
35 238
34 226
21 2
14 48
6 182
7 1
895 20
41 93
28 142
0 177
36 211
3 219
43 130
2 201
31 6
7 124
47 61
19 151
23 53
14 179
22 73
15 219
34 206
25 70
4 78
29 173
16 121
3665 20
33 221
25 68
32 177
7 229
2 150
44 194
37 235
31 127
16 144
0 189
8 141
39 229
21 213
35 88
19 9
13 193
40 147
24 67
38 246
15 242
2777 20
28 246
24 25
14 110
47 214
20 211
38 63
26 178
46 1
12 193
0 220
31 169
10 16
13 100
22 94
19 142
4 94
32 6
36 33
21 13
42 173
628 20
9 110
14 191
12 223
45 64
39 85
29 149
43 135
18 168
7 72
21 140
36 8
40 241
11 9
2 145
17 55
33 47
37 138
27 91
38 129
4 137
2935 20
0 176
26 198
37 86
20 63
27 178
38 140
4 229
13 213
2 8
9 178
46 66
24 228
8 107
19 31
48 122
35 2
10 70
45 70
5 134
11 172
1336 20
22 64
12 70
39 50
7 213
42 161
43 10
8 13
49 224
26 13
44 208
27 198
32 82
17 29
25 176
38 134
19 41
16 145
31 118
34 88
20 9
724 20
32 13
2 42
9 94
43 25
47 212
36 233
48 68
17 118
35 63
0 212
15 155
12 179
13 29
19 197
30 221
18 86
1 134
49 160
29 145
33 169
1171 20
39 235
48 165
7 165
15 238
34 237
17 2
38 239
26 130
42 33
6 14
23 233
2 4
28 206
16 220
47 121
30 194
0 98
19 176
44 185
21 130
3554 20
13 99
36 30
19 137
2 63
30 182
40 105
49 47
25 147
0 2
17 226
33 224
1 108
18 53
11 100
46 18
26 137
27 83
38 208
21 161
28 180
3772 20
48 58
26 23
25 78
14 181
7 80
29 191
41 38
11 132
3 242
35 199
32 119
31 140
49 93
30 69
42 109
33 178
19 26
5 84
8 106
38 158
1803 20
10 118
22 231
30 117
2 111
29 125
36 242
23 55
47 19
20 167
5 221
35 203
41 187
16 124
45 54
39 49
38 46
18 107
15 71
43 7
3 89
571 20
5 92
17 27
49 56
19 51
41 233
23 78
31 234
46 101
6 193
2 229
20 61
11 10
40 89
42 145
24 40
43 107
3 176
16 116
36 34
21 9
2057 20
1 8
33 224
21 239
49 216
9 84
46 60
45 27
37 222
38 201
0 95
34 171
17 140
29 118
30 75
6 50
48 58
26 189
35 131
3 39
5 88
489 20
37 30
42 153
36 213
18 9
47 205
26 177
32 148
29 181
11 177
44 112
4 182
8 25
24 125
30 113
7 26
17 132
21 136
41 83
25 90
38 7
1515 20
33 49
43 224
45 193
0 181
16 228
49 20
37 109
12 158
48 225
41 171
18 156
26 65
39 29
4 60
34 208
8 243
24 233
27 23
3 121
44 230
3263 20
49 64
37 208
31 72
23 116
40 58
43 204
15 19
28 64
10 185
5 94
35 229
21 230
13 33
0 231
45 100
11 132
1 132
19 244
17 183
30 238
2717 20
45 131
49 121
5 46
23 236
32 102
0 12
18 172
9 176
20 153
46 104
12 76
36 31
1 237
39 27
3 216
34 102
13 126
16 152
29 76
25 210
2428 20
40 139
34 150
2 91
33 36
35 161
3 227
47 129
36 107
49 153
5 117
12 192
39 25
23 24
38 231
21 15
9 183
19 3
37 161
6 52
7 143
2763 20
10 167
5 172
45 225
15 98
11 227
9 221
19 168
44 147
48 213
4 158
31 6
49 204
12 119
40 102
13 239
27 146
37 29
43 228
17 6
36 9
2192 20
17 55
42 32
5 178
41 158
11 8
40 78
36 1
18 212
10 166
45 74
47 179
9 201
32 189
26 50
20 109
14 37
28 223
46 106
39 205
6 17
3995 20
18 195
25 27
23 21
16 53
1 29
33 23
24 211
27 20
29 114
30 203
15 6
11 33
48 180
43 150
44 126
19 109
2 114
5 155
41 245
3 188
3003 20
25 82
46 27
45 52
9 178
35 186
22 234
28 109
20 111
27 197
39 203
31 17
49 41
17 137
1 68
36 229
26 16
29 27
3 179
14 84
32 135
107 20
28 4
39 10
5 5
9 16
21 3
15 15
16 10
47 51
6 28
41 25
27 29
19 19
34 49
37 49
23 45
38 2
25 43
0 2
43 27
48 33
1478 20
14 156
38 50
12 177
20 193
19 185
15 103
35 233
33 91
32 205
47 121
31 95
28 132
44 212
30 11
46 39
18 150
13 231
8 244
29 81
10 95
1529 20
25 173
45 220
47 156
14 203
37 180
48 163
13 203
16 238
28 19
35 121
11 30
30 120
26 183
32 44
1 222
19 82
7 140
5 97
49 223
12 99
2648 20
10 127
6 178
4 52
17 10
15 32
8 140
39 195
22 118
33 154
47 129
49 235
13 201
18 28
30 36
41 225
16 49
25 225
7 29
2 176
0 191
587 20
13 100
18 205
20 139
31 20
26 183
46 39
42 198
4 186
5 41
15 29
37 181
36 163
29 145
41 232
9 83
40 18
28 198
48 6
1 40
38 57
1764 20
5 236
9 50
2 243
44 80
39 139
35 27
12 4
15 168
48 205
33 18
41 30
14 40
29 180
43 119
27 168
49 91
4 152
0 229
46 56
28 190
2339 20
46 190
24 47
4 232
44 202
34 36
18 124
43 59
37 222
36 172
40 127
23 208
8 169
49 181
17 66
21 182
29 17
26 199
45 90
9 156
6 130
3058 20
45 212
17 238
10 121
13 14
15 24
16 65
21 25
41 96
28 161
0 88
44 219
49 212
11 192
18 192
4 168
25 79
22 19
9 30
7 107
2 156
975 20
22 88
31 132
27 93
47 193
36 120
25 81
21 153
44 154
24 197
1 36
49 33
48 169
34 151
29 118
3 205
6 147
37 65
2 22
10 81
35 213
2166 20
10 226
19 156
39 231
0 88
4 51
28 18
30 108
22 223
9 182
40 147
31 122
29 202
16 144
24 93
15 54
38 160
17 193
2 70
11 61
45 129
1857 20
1 158
32 235
0 158
27 72
22 52
9 123
29 67
25 125
15 35
4 15
23 53
19 25
6 185
14 93
44 55
12 226
34 224
8 152
37 233
3 139
1361 20
20 91
47 157
28 140
24 17
9 207
23 179
34 55
31 227
39 104
18 44
32 223
35 239
15 102
14 168
30 121
5 232
26 35
4 38
27 108
22 3
1847 20
35 152
25 6
13 54
32 204
18 235
37 66
38 78
11 187
19 44
20 167
10 77
21 142
15 119
7 239
42 74
48 77
39 11
33 75
28 206
26 38
1317 20
39 121
12 159
40 109
8 169
32 106
30 99
19 48
26 139
24 79
47 23
5 206
0 171
34 227
44 245
17 8
42 108
29 146
43 102
10 226
33 19
76 20
1 24
10 8
16 31
19 6
31 10
36 32
46 12
14 12
24 1
11 14
4 27
35 37
44 10
2 19
28 19
41 30
15 32
6 16
40 37
39 11
3779 20
44 17
8 5
9 58
35 165
10 11
5 97
38 32
48 192
46 107
28 85
27 205
45 33
15 222
3 242
40 33
12 73
47 77
0 178
34 176
43 204
1165 20
18 36
32 236
11 141
48 118
19 142
35 59
5 174
8 37
10 177
4 220
28 196
6 199
29 50
12 2
26 203
45 177
0 208
1 58
14 175
33 57
3188 20
9 194
11 78
0 129
21 225
40 208
37 211
27 86
39 57
23 112
17 75
42 61
8 86
48 51
3 243
44 176
2 36
29 55
5 161
28 86
45 148
3839 20
38 207
39 183
37 227
12 111
6 27
32 38
17 5
0 86
14 56
41 159
47 151
27 152
16 66
3 113
23 215
10 70
30 65
5 100
34 93
7 215
1457 20
0 45
27 199
21 242
49 129
24 96
26 146
38 35
18 176
36 80
31 74
32 119
30 21
6 196
17 89
13 39
8 35
45 150
11 111
23 78
15 192
1416 20
13 218
10 64
18 187
25 206
8 159
30 99
44 238
43 188
37 95
34 130
6 169
48 150
15 128
36 184
24 168
35 206
4 63
20 203
3 113
29 204
3585 20
11 91
41 41
29 67
0 204
23 191
43 176
7 227
3 60
27 37
45 106
44 68
26 143
8 27
12 132
37 109
10 208
4 61
34 49
46 119
24 213
21 20
16 2
12 4
11 4
8 1
15 10
9 1
41 5
43 6
42 5
40 3
20 3
32 9
7 2
29 6
38 1
21 8
22 5
10 8
33 2
19 3
3049 20
6 5
31 95
32 225
2 42
1 212
9 186
24 183
3 9
15 92
14 17
26 34
44 124
4 105
29 64
41 215
39 93
16 68
21 19
17 177
49 157
3562 20
17 205
25 123
27 144
38 9
10 214
8 79
18 134
33 120
31 191
4 122
40 121
1 149
32 105
35 240
22 217
7 231
2 120
14 159
16 4
12 212
3311 20
12 167
2 55
37 19
29 116
11 203
16 132
26 25
49 232
40 69
35 217
3 146
45 189
18 113
28 6
41 240
24 146
19 10
46 205
14 88
39 70
344 20
19 129
6 149
33 121
31 135
18 68
39 11
9 73
41 141
32 64
23 135
49 75
21 138
42 70
34 26
1 89
20 134
29 31
43 75
3 156
17 111
514 20
11 75
12 171
38 234
3 17
40 33
46 91
7 73
31 57
29 12
16 149
13 125
19 128
42 20
22 217
10 1
30 146
45 19
26 217
44 74
35 133
354 20
41 96
17 136
27 55
42 113
15 168
16 52
40 41
48 78
43 116
30 152
26 7
1 95
37 89
12 155
6 106
38 88
31 115
20 120
18 14
4 5
634 20
39 171
27 127
5 139
44 106
49 114
36 17
37 123
0 20
46 62
48 4
43 184
10 177
30 173
16 190
1 67
33 19
45 238
12 171
34 83
15 28
1232 20
43 169
49 180
34 37
37 25
21 21
36 77
12 195
27 206
23 119
44 107
10 37
11 221
28 112
0 52
48 20
14 172
29 148
1 111
19 189
25 56
872 20
44 34
11 137
35 140
45 226
24 194
3 40
39 66
49 74
18 217
37 180
4 196
47 138
29 80
7 200
31 69
0 211
27 31
22 192
6 213
16 67
2735 20
24 40
16 72
0 218
34 226
48 120
7 201
35 174
39 98
32 20
25 49
23 231
2 130
45 73
8 129
15 4
9 115
42 3
47 201
14 72
11 225
3078 20
9 171
48 142
39 6
11 81
23 238
5 90
34 44
30 212
45 182
17 121
10 7
4 29
46 72
8 103
12 89
6 245
29 62
20 83
0 53
26 14
3594 20
20 229
47 159
7 115
15 76
18 241
1 242
32 141
10 160
43 157
37 212
12 23
17 12
42 46
22 98
11 49
5 206
14 163
48 135
16 189
33 64
1841 20
27 186
24 88
12 153
42 154
26 156
5 208
15 111
47 33
22 235
30 91
18 113
0 165
29 127
49 4
2 54
20 21
43 129
8 8
1 173
21 72
1173 20
40 71
3 56
11 153
36 59
9 119
18 54
31 188
23 124
1 94
7 177
46 75
13 156
44 22
28 55
45 81
38 96
2 145
25 238
15 142
39 37
1658 20
47 148
17 238
22 125
33 213
15 232
7 12
14 215
18 134
41 236
2 206
45 100
49 166
10 141
16 167
37 213
31 78
23 39
39 109
8 49
5 46
3699 20
41 78
26 217
46 161
16 140
43 6
32 218
19 198
10 136
23 38
6 198
24 132
18 40
31 36
29 86
45 202
34 89
44 196
9 186
8 221
33 77
711 20
2 47
44 113
34 127
17 58
40 160
20 55
5 120
29 30
45 178
7 227
48 204
9 150
30 234
38 214
27 167
23 129
35 148
28 79
14 11
41 4
3919 20
11 221
46 206
41 116
44 139
1 138
49 46
36 33
27 214
14 23
47 60
45 131
39 143
40 6
3 62
12 78
9 122
32 79
30 97
48 130
31 61
2966 20
47 214
33 115
0 166
31 51
16 127
49 179
32 183
37 204
23 67
5 120
21 237
3 105
34 102
15 48
30 105
45 112
43 139
38 20
20 192
35 115
430 20
21 115
24 84
2 156
47 36
49 187
7 206
1 29
8 11
12 38
9 52
41 57
37 196
23 126
0 137
33 193
3 76
11 181
16 198
6 98
39 167
2190 20
34 42
9 96
29 56
12 9
1 87
37 188
24 246
5 223
41 64
14 132
26 198
20 160
21 189
13 206
42 184
15 235
10 178
27 212
22 73
48 55
1744 20
1 48
4 211
35 129
6 141
18 146
31 95
29 144
2 102
9 85
28 101
49 13
12 244
47 75
43 86
36 220
16 51
26 90
23 202
33 241
41 220
1853 20
42 77
44 176
7 158
34 111
41 201
46 12
27 198
2 241
17 32
9 150
4 53
40 21
1 203
15 37
28 236
33 182
3 21
45 32
49 98
16 71
1429 20
11 154
23 151
43 146
7 107
39 6
5 230
22 153
25 97
17 122
31 109
20 99
13 192
47 107
38 9
2 39
4 122
28 110
12 169
45 150
10 95
1169 20
47 145
6 23
48 4
2 123
25 2
27 92
28 2
33 88
15 196
46 77
14 165
3 8
36 168
26 143
4 146
19 206
39 50
13 60
22 8
29 198
3835 20
17 158
1 208
40 234
36 167
49 42
47 230
14 47
21 216
6 146
46 217
19 229
2 137
27 194
45 107
30 92
0 38
16 110
22 64
25 210
20 83
977 20
8 230
6 67
24 104
9 28
23 119
21 64
13 54
20 226
33 60
45 233
12 120
42 18
0 119
39 157
26 170
2 224
11 143
27 56
29 225
16 80
105 20
49 7
30 50
25 51
12 50
24 13
46 1
45 35
29 45
39 12
43 3
23 3
1 12
19 9
17 43
44 27
42 49
20 5
26 48
21 40
4 43
3772 20
20 78
46 116
5 37
36 17
38 160
27 102
4 21
25 78
6 147
26 21
35 241
2 220
11 71
16 107
13 114
42 85
7 34
49 235
28 145
37 203
226 20
49 78
1 92
34 71
48 25
23 50
18 54
11 89
13 109
12 96
35 105
2 51
42 58
41 64
0 106
45 93
20 24
10 16
29 105
4 48
37 42
3526 20
2 172
43 237
12 174
31 219
18 14
39 94
0 162
48 137
44 92
28 227
49 119
33 151
38 14
7 151
20 104
37 219
19 184
4 146
3 169
1 162
3683 20
20 120
17 239
5 77
8 226
3 2
25 139
32 150
12 132
38 212
47 31
40 25
42 9
14 138
9 46
19 41
35 70
27 66
18 82
37 211
31 34
2198 20
4 68
17 106
46 65
18 139
49 166
29 181
48 92
5 221
40 215
11 99
13 23
8 25
33 28
24 129
12 64
1 80
25 181
27 210
0 17
44 220
2638 20
47 64
22 110
20 224
0 201
3 210
12 148
23 46
37 72
39 150
18 153
49 98
36 22
28 33
4 243
27 246
24 231
34 176
17 10
9 122
19 100
566 20
13 143
1 132
33 233
32 213
41 54
15 148
7 111
12 9
23 186
10 210
40 60
43 101
35 19
28 49
46 130
44 108
34 211
37 162
18 62
26 192
776 20
29 108
13 80
21 32
42 95
8 76
48 192
7 128
27 5
43 48
10 213
39 112
20 80
28 39
34 4
24 55
9 50
4 214
15 172
49 67
1 48
1500 20
2 203
16 192
47 127
33 16
4 210
42 138
34 102
32 64
18 233
28 242
3 189
8 175
13 233
43 57
1 30
7 133
17 168
40 216
31 222
49 52
3653 20
23 192
32 234
25 188
40 199
13 4
5 96
2 217
29 205
30 23
31 102
11 113
15 107
22 10
7 196
14 163
26 126
16 63
18 145
9 82
37 147
3248 20
42 176
45 170
1 212
36 228
25 17
15 64
34 14
8 28
31 137
43 178
27 89
14 213
33 76
47 139
24 122
17 83
29 35
44 40
13 185
22 209
2817 20
21 170
26 90
24 55
38 217
25 188
36 47
39 175
5 194
33 136
0 21
16 112
34 211
48 97
7 52
6 147
20 116
8 73
45 200
35 63
28 25
1751 20
47 118
36 49
39 159
19 52
12 114
37 14
7 131
41 82
14 157
4 103
15 29
46 175
9 50
11 216
38 48
31 197
43 40
28 121
23 58
0 90
2766 20
22 157
32 178
41 103
28 237
44 98
9 161
14 98
43 13
13 109
36 103
45 47
38 195
37 45
35 79
42 188
31 19
4 33
34 101
29 142
17 155
2947 20
34 238
16 46
28 11
31 77
5 7
39 56
41 83
43 70
8 91
49 243
23 114
38 182
18 101
11 111
37 84
22 216
13 119
25 77
32 184
6 74
601 20
29 146
42 54
1 80
13 142
9 201
14 59
27 190
10 140
41 158
35 121
48 213
45 35
17 221
49 229
15 219
37 155
44 168
8 102
47 132
22 77
785 20
26 123
42 41
45 96
15 48
30 85
5 42
47 110
4 34
41 80
40 237
35 194
20 217
29 223
46 201
36 104
37 210
17 225
18 157
49 42
25 167
3547 20
35 156
48 47
29 220
26 38
43 116
31 80
1 47
6 82
4 13
45 105
46 153
11 23
14 24
18 2
25 7
13 79
37 30
24 224
0 106
49 52
2251 20
8 214
20 127
35 57
1 52
15 171
43 131
44 226
14 140
31 22
40 207
24 214
45 168
30 224
18 235
12 204
29 141
6 176
28 231
19 77
16 96
170 20
16 59
6 37
38 56
30 64
47 3
39 12
17 44
5 59
44 70
35 81
0 76
2 28
33 80
48 31
8 40
19 58
40 26
23 23
28 25
26 42
853 20
47 229
15 136
26 52
3 96
23 25
39 99
22 102
25 106
29 66
28 54
37 106
35 244
4 173
2 217
45 67
1 141
43 134
11 52
41 174
12 162
412 20
41 192
42 8
2 103
37 61
11 70
30 8
32 169
25 107
14 188
20 113
9 106
17 70
49 26
28 117
23 201
40 190
1 82
19 98
15 175
47 5
2201 20
18 108
42 82
23 89
32 3
27 203
8 49
31 138
9 214
11 218
24 46
1 56
3 226
30 77
33 52
2 6
22 92
37 174
36 226
7 19
49 33
3545 20
25 89
16 39
18 172
40 220
28 219
37 188
49 118
31 133
43 213
19 81
13 230
48 210
14 102
4 96
7 180
11 37
30 185
20 235
45 224
9 156
3632 20
4 85
33 115
1 194
39 135
26 161
20 49
44 21
36 167
8 213
3 156
5 107
21 125
2 198
28 78
35 106
23 190
48 23
37 213
30 65
24 22
3721 20
13 31
26 156
40 75
11 50
6 195
3 129
38 201
41 118
33 34
36 221
43 119
42 45
34 180
18 50
35 181
10 86
28 155
2 27
29 88
39 20
606 20
17 13
11 130
19 133
41 47
20 76
39 72
15 189
9 135
38 36
44 75
21 193
12 198
2 16
30 146
16 68
1 219
43 148
48 228
42 46
36 87
513 20
3 49
16 153
33 236
41 79
2 111
19 79
13 186
23 237
37 44
44 203
8 238
40 227
0 191
46 5
34 110
43 56
21 91
25 55
36 137
47 27
860 20
10 137
44 77
4 32
5 130
1 73
20 112
43 171
0 117
18 44
9 126
16 3
24 192
14 162
37 132
41 175
11 9
34 191
17 184
8 162
22 44
2953 20
11 106
45 162
3 237
34 238
40 4
19 187
23 188
47 237
22 75
48 36
0 35
29 87
10 237
4 29
26 88
44 208
33 11
8 229
9 176
12 98
1234 20
39 10
23 102
8 175
36 120
47 49
10 28
24 231
26 161
5 59
21 15
14 109
25 144
13 239
20 25
38 123
33 212
48 135
29 19
11 32
34 185
2823 20
48 34
7 243
18 43
40 152
12 196
49 142
22 10
17 192
39 92
10 246
14 234
47 53
21 101
20 100
19 57
32 79
15 181
9 38
43 194
2 102
1062 20
44 172
20 21
10 220
16 161
47 17
0 179
14 206
31 238
12 46
41 79
43 107
4 99
29 3
24 28
42 195
23 68
36 49
22 188
32 114
33 166
3075 20
25 242
39 69
38 18
36 4
2 234
11 176
24 243
16 222
40 61
37 235
45 142
41 70
15 147
44 30
30 52
9 84
12 37
13 242
8 117
4 8
2604 20
26 110
13 175
24 166
14 152
33 90
44 163
48 12
21 182
4 87
10 17
20 100
29 74
16 208
27 63
36 227
2 13
1 245
12 83
8 221
38 148
1616 20
49 214
19 90
43 226
47 50
0 82
46 3
42 135
48 246
13 31
28 93
8 204
44 217
36 15
40 47
7 173
4 55
6 59
16 50
26 170
12 216
312 20
33 150
29 37
30 98
12 130
17 100
35 77
3 95
46 146
37 137
42 16
38 91
14 153
32 70
8 61
44 43
10 109
43 105
24 8
45 55
2 65
3992 20
13 85
47 115
21 26
44 16
1 6
8 85
14 209
39 207
27 176
15 72
34 119
40 55
28 33
12 133
35 84
10 234
16 241
2 207
48 200
29 232
3456 20
45 62
31 99
37 150
42 57
26 130
38 86
30 42
22 199
24 200
47 124
36 204
44 145
39 157
10 105
17 228
40 160
9 134
19 9
14 175
23 135
1079 20
24 220
32 198
35 156
43 132
47 81
40 184
22 138
42 201
10 185
38 59
20 241
12 180
28 172
23 44
39 113
5 212
17 37
27 137
25 86
4 146
3358 20
36 30
37 168
7 118
46 83
24 88
18 51
48 20
9 140
6 156
10 169
4 178
15 91
16 12
42 234
43 200
12 202
19 224
3 234
40 134
0 11
3810 20
29 191
5 212
32 22
41 46
38 149
31 90
18 195
43 126
24 56
49 196
14 43
45 155
25 190
27 146
8 75
35 184
1 79
13 175
36 190
17 105
659 20
0 212
3 130
8 68
2 159
48 125
5 175
44 171
42 42
45 120
41 119
31 65
9 203
10 235
17 31
30 17
20 245
12 235
32 20
47 119
22 20
1860 20
1 17
26 22
8 124
46 36
27 161
39 205
28 150
33 148
48 2
20 149
38 118
36 164
35 116
41 204
10 92
15 121
12 81
45 168
31 134
30 66
2151 20
21 73
8 5
14 68
11 63
10 109
30 13
44 143
4 245
25 210
38 113
0 185
24 83
36 238
9 46
7 193
16 73
19 235
45 196
1 123
6 217
3157 20
3 40
41 174
16 141
44 73
17 101
21 95
40 162
12 147
7 166
24 187
48 161
32 38
27 244
14 222
19 6
39 18
26 12
31 69
11 217
34 129
775 20
26 61
0 229
36 139
39 153
16 165
48 84
7 212
33 225
9 3
23 114
32 160
1 190
5 5
4 169
18 8
44 242
45 162
2 133
38 4
49 166
3670 20
25 126
22 35
1 222
46 16
8 103
42 110
44 244
13 3
20 34
49 147
21 207
43 61
39 59
47 137
28 218
19 187
26 21
33 202
11 152
36 74
648 20
4 2
15 118
11 70
46 192
49 68
35 215
38 9
6 208
19 234
18 121
31 229
42 227
23 118
30 195
22 5
21 208
40 84
29 184
5 123
26 11
3287 20
26 203
25 96
14 209
36 162
49 181
34 105
38 140
20 29
27 121
4 195
24 217
39 62
19 56
40 83
15 65
1 107
11 66
2 201
12 195
30 108
1893 20
42 31
49 86
45 18
43 159
4 196
20 111
6 25
41 133
38 117
31 26
39 181
47 11
28 65
48 192
12 1
33 227
27 134
46 147
13 147
10 87
1892 20
38 18
10 22
21 143
22 52
41 15
20 32
40 134
45 165
48 174
35 143
11 223
27 9
15 50
37 130
39 89
12 171
47 173
44 38
36 218
32 197
579 20
40 194
24 103
19 101
21 64
14 126
41 8
8 54
23 45
27 46
22 165
44 96
10 182
39 99
2 243
34 94
30 161
29 237
12 54
42 130
20 94
240 20
32 94
43 52
26 99
12 109
27 48
38 101
35 39
19 111
6 26
48 81
47 10
3 28
39 31
14 65
45 104
2 20
16 20
7 78
22 14
24 96
2508 20
18 195
21 201
25 81
0 44
42 178
29 174
24 125
15 108
11 60
1 94
45 6
16 105
20 138
2 22
36 147
31 96
46 142
17 87
5 188
32 196
2040 20
34 118
14 110
4 186
38 227
49 214
33 201
21 103
42 170
24 111
27 10
41 122
43 114
35 175
39 87
28 137
26 5
44 118
16 245
5 25
36 104
561 20
14 223
23 27
35 6
7 44
18 10
39 224
32 170
42 13
46 173
36 56
20 158
25 225
8 246
17 184
40 133
3 220
19 83
43 220
47 103
10 172
2614 20
42 159
16 94
26 29
17 140
8 167
11 154
33 119
4 94
44 207
45 5
24 66
29 71
37 94
21 169
20 75
36 233
41 3
28 52
15 206
35 122
394 20
40 180
19 155
16 149
35 144
6 29
26 147
25 115
14 164
8 62
1 34
12 38
45 176
0 135
29 142
27 171
41 143
32 190
36 153
28 115
48 174
973 20
12 228
35 87
46 55
24 144
18 209
7 57
29 114
30 145
39 148
6 81
31 243
15 29
23 103
45 41
48 242
0 159
43 58
13 152
9 232
33 201
2299 20
1 83
6 143
3 52
21 78
35 22
36 112
28 47
46 78
44 141
2 207
26 236
13 196
20 197
49 234
33 166
14 127
24 176
47 159
15 114
5 30
784 20
0 171
15 15
22 90
47 89
4 105
18 79
44 198
2 52
19 147
7 169
46 217
21 212
40 98
10 132
1 190
24 243
42 18
34 15
39 153
8 19
3936 20
37 29
42 149
39 142
14 62
36 172
41 218
34 40
20 23
38 117
4 72
8 45
9 174
40 133
48 159
32 33
18 142
1 120
22 109
11 49
15 234
1298 20
8 207
38 130
6 126
45 52
12 54
7 230
24 122
40 99
20 193
21 20
49 149
36 42
48 50
2 199
10 217
0 108
32 156
46 209
34 79
39 14
311 20
29 74
8 24
49 144
25 88
15 120
23 27
1 127
40 52
38 19
22 12
45 55
26 75
39 97
24 111
31 53
34 34
11 146
36 43
9 138
48 30
3323 20
11 114
37 97
6 201
8 222
28 57
35 72
7 96
21 99
30 164
26 155
31 68
34 78
27 174
48 6
41 52
40 158
5 127
4 78
25 235
39 141
2081 20
11 134
16 190
34 222
41 161
4 153
10 13
39 1
40 100
17 41
24 241
27 143
15 230
2 234
45 9
33 6
48 114
19 211
31 82
3 223
6 213
1451 20
5 233
31 22
49 28
34 41
2 89
33 103
4 82
26 92
28 222
13 97
35 241
7 160
27 189
47 190
44 123
23 75
39 210
19 221
3 106
40 16
423 20
21 172
27 157
38 89
41 66
43 107
48 175
17 13
7 122
15 33
0 106
1 97
3 35
40 52
37 109
49 144
31 36
16 128
4 27
45 191
33 59
485 20
49 72
40 73
0 203
28 71
35 111
33 193
39 87
5 228
42 218
44 27
32 134
1 194
48 127
13 15
15 238
18 42
27 105
41 24
29 91
30 32
3815 20
26 116
29 225
10 10
33 221
39 183
43 105
0 185
38 66
16 48
40 73
32 141
37 86
23 87
48 48
36 117
18 236
27 46
4 206
46 69
13 4
991 20
22 243
37 16
39 166
29 118
9 165
33 209
1 106
5 207
18 174
4 205
49 131
16 50
0 108
42 51
34 149
13 170
46 141
24 93
14 79
31 242
2630 20
18 87
14 207
49 138
38 146
37 185
3 210
5 109
28 74
23 222
45 112
15 202
24 229
47 111
22 163
29 78
11 31
44 137
2 33
41 173
35 185
2213 20
48 142
9 186
25 98
30 187
11 38
28 226
18 112
16 203
29 75
46 198
36 102
22 127
33 164
21 93
35 92
38 172
7 29
31 61
34 154
20 27
3063 20
4 124
8 28
38 104
3 223
7 1
41 105
40 93
19 188
37 103
15 177
12 49
32 207
42 225
16 56
30 212
14 144
21 116
36 144
35 246
6 119
332 20
17 42
41 132
1 122
43 158
46 62
9 68
40 12
10 147
16 155
13 89
5 131
36 6
29 12
35 93
45 129
25 58
20 98
12 121
33 161
26 90
1877 20
2 50
48 231
22 124
45 83
46 81
0 142
35 202
9 57
20 50
34 131
36 79
25 150
42 233
41 198
38 114
23 174
13 65
32 177
24 225
15 233
1619 20
9 67
36 183
10 180
17 112
32 193
26 186
16 85
40 56
13 48
0 168
19 142
11 159
4 233
33 190
39 100
12 167
1 100
3 162
41 93
31 122
2320 20
14 85
13 87
19 137
18 15
2 224
44 166
42 48
41 244
12 122
48 191
9 29
10 192
24 146
17 205
47 161
6 69
43 1
49 186
25 32
38 136
1010 20
33 44
4 60
28 132
17 198
29 111
49 15
13 78
2 182
1 120
11 154
32 124
12 179
21 97
27 185
15 23
46 31
40 176
22 163
20 139
38 228
966 20
49 224
47 130
44 21
46 128
10 17
36 150
20 65
27 189
40 153
9 212
14 176
3 16
0 33
19 46
35 193
41 160
33 38
12 15
11 11
37 106
1502 20
28 167
5 84
14 26
34 188
35 146
23 106
2 236
44 41
17 20
8 45
16 77
15 155
46 103
22 127
11 204
12 11
7 105
30 184
9 90
13 197
94 20
28 36
38 6
25 22
14 25
20 35
32 37
48 31
36 24
47 35
11 22
33 1
1 6
13 30
22 14
5 38
42 20
40 25
23 8
37 28
9 8
2795 20
30 68
42 81
6 161
11 145
36 114
1 48
4 171
48 118
34 39
17 185
27 163
23 204
13 74
16 180
0 89
44 240
28 43
7 188
47 236
24 136
314 20
21 153
7 15
10 76
8 44
37 127
29 32
38 138
32 127
15 17
24 88
27 133
41 108
1 101
43 97
9 27
5 24
14 39
46 54
44 75
12 119
1189 20
36 160
43 169
13 132
26 171
20 228
27 65
46 126
7 2
17 241
12 7
8 66
47 102
21 47
42 29
9 159
31 80
39 10
28 106
45 43
48 10
3452 20
3 221
7 127
48 183
21 169
41 58
9 151
8 242
19 22
47 94
4 229
18 175
30 91
45 245
31 106
33 142
36 11
28 115
34 78
29 213
32 20
3834 20
3 93
19 172
21 19
6 198
38 105
43 54
26 51
18 244
45 219
35 144
4 189
40 88
36 55
42 30
30 192
33 91
32 168
2 206
25 90
7 95
3183 20
43 73
17 33
41 112
2 191
0 217
38 74
21 87
28 220
42 11
39 54
19 93
16 181
44 148
27 23
45 13
11 219
18 4
33 45
15 46
40 155
276 20
44 100
4 49
20 98
12 11
18 59
11 110
22 123
38 121
29 102
3 127
19 87
26 102
31 62
35 4
6 51
43 80
1 24
40 105
21 111
15 25
646 20
29 44
15 147
23 29
45 57
41 180
2 123
43 78
6 142
21 203
42 157
12 159
1 145
5 51
31 52
35 110
17 124
11 156
44 110
9 162
38 171
2698 20
14 200
9 218
48 83
25 4
15 208
0 217
45 228
43 126
26 159
11 120
36 106
10 176
3 227
13 182
35 157
5 222
24 64
42 212
29 76
23 177
3732 20
37 83
46 58
0 58
13 190
16 87
44 129
28 228
35 161
47 243
22 205
9 146
41 207
21 237
6 98
30 200
26 167
24 161
38 219
42 141
43 200
707 20
22 130
27 141
39 165
0 107
48 36
33 61
19 4
12 80
35 206
41 127
43 108
42 19
38 144
44 159
28 9
16 198
36 94
40 137
37 7
2 90
3889 20
25 143
46 55
5 157
27 14
6 143
48 209
35 63
22 236
10 237
36 137
34 176
3 210
17 169
31 171
2 19
20 64
26 120
30 53
28 199
37 84
907 20
5 242
4 76
38 27
9 18
45 152
23 94
34 198
36 65
21 83
33 35
31 22
44 158
10 98
28 24
37 25
29 33
1 92
20 97
27 27
30 77
2230 20
19 44
47 194
42 95
44 88
17 106
26 97
45 226
8 161
35 46
18 239
22 72
15 198
7 161
40 215
29 210
33 45
37 113
36 86
9 29
2 241
3793 20
22 244
36 239
15 114
1 176
35 55
10 53
17 159
26 97
34 199
12 151
11 95
8 151
0 123
29 160
32 30
3 10
39 7
37 4
27 87
4 152
1834 20
26 76
42 130
49 24
0 203
4 16
16 80
2 206
28 40
21 8
41 142
33 16
14 176
17 109
9 80
1 204
46 38
48 7
15 178
40 169
10 20
1362 20
18 199
2 44
20 63
9 51
10 35
45 77
44 181
43 118
27 90
33 197
41 194
42 186
15 243
23 66
19 136
34 59
3 245
39 190
40 132
26 125
3718 20
30 108
19 232
23 217
46 135
41 180
31 69
49 222
32 98
12 63
1 138
11 41
36 21
47 110
33 235
34 114
3 188
6 232
4 71
43 162
28 169
1626 20
5 120
1 65
27 115
4 12
29 108
28 126
20 37
13 56
17 19
46 76
22 15
26 138
9 25
16 156
34 55
49 11
41 195
3 46
10 223
12 63
2957 20
34 110
38 103
17 185
33 106
8 23
22 45
26 47
14 165
2 203
30 188
24 199
32 238
4 153
36 83
44 243
16 244
12 190
40 243
19 47
6 85
3462 20
19 52
43 230
33 87
35 46
20 23
6 190
21 96
41 204
24 174
44 30
48 60
13 89
42 14
40 65
1 96
28 109
47 195
15 132
25 9
14 11
2782 20
21 202
18 10
34 131
42 16
45 197
0 195
1 184
3 27
17 190
38 233
28 200
16 9
5 77
49 180
25 116
22 69
27 181
31 195
7 4
37 142
1145 20
11 156
29 218
25 111
49 229
21 102
27 43
28 129
23 216
16 36
42 245
2 229
20 177
9 152
6 93
14 205
7 129
45 229
18 100
10 236
34 73
1439 20
46 157
8 46
11 5
21 139
0 227
34 119
48 68
28 193
22 172
16 164
37 44
29 93
33 184
39 167
47 140
13 56
19 89
25 143
35 172
14 139
302 20
32 69
20 123
1 60
15 116
16 26
29 117
6 10
11 106
2 48
40 107
31 139
18 81
42 17
38 17
12 74
28 33
37 145
13 28
8 32
36 21
83 20
48 3
41 41
18 17
6 14
12 4
43 9
0 41
4 6
36 20
19 19
49 6
11 30
31 40
38 39
14 26
42 1
45 5
21 25
23 12
26 28
1644 20
31 205
48 206
11 214
39 13
18 193
32 24
29 240
5 36
23 173
9 232
35 111
15 71
38 59
14 49
37 191
8 73
42 48
27 9
16 158
10 202
1261 20
21 138
12 159
39 121
48 8
9 214
14 115
1 173
34 62
13 170
7 161
16 17
30 187
18 125
19 122
32 153
10 112
23 243
5 210
33 135
36 221
445 20
39 210
14 46
3 16
19 52
34 214
17 169
11 63
46 94
23 102
28 171
22 12
44 156
27 47
13 208
37 66
30 15
0 128
41 30
21 27
29 14
2192 20
23 206
43 208
25 107
48 174
9 77
34 29
33 8
31 69
21 12
42 212
17 134
0 35
10 75
20 52
27 191
41 47
22 50
44 182
18 192
47 49
1197 20
37 231
6 201
33 194
38 169
8 245
22 127
49 118
25 72
1 20
13 131
41 36
18 93
23 109
14 201
3 246
30 178
7 185
34 148
0 37
31 155
1592 20
5 114
39 161
21 196
24 20
37 98
36 142
11 230
23 206
2 4
6 126
7 62
47 144
14 96
45 25
19 43
32 168
16 14
26 147
12 14
49 164
1062 20
10 242
8 167
22 128
19 19
27 212
4 21
18 225
14 243
17 229
6 177
35 164
46 17
0 76
33 54
29 206
48 227
36 27
26 132
28 28
41 107
37 20
7 17
43 3
21 16
16 10
18 11
20 12
41 3
1 4
37 13
9 15
30 6
31 4
5 13
38 2
4 8
49 5
36 2
11 14
3 17
22 9
3711 20
10 177
16 237
38 198
39 189
28 203
6 115
33 81
13 54
35 173
0 221
20 144
48 167
44 112
18 40
17 93
1 159
15 67
14 73
19 81
37 195
607 20
12 97
26 148
0 193
24 210
9 239
31 127
13 237
32 31
5 157
35 164
28 103
22 175
33 70
36 210
6 201
37 53
19 189
14 102
45 225
27 103
2159 20
34 231
36 15
29 167
24 1
46 104
38 241
12 154
10 62
2 47
17 135
1 154
45 84
39 82
16 137
30 159
15 175
32 140
3 87
20 83
5 49
3028 20
42 182
7 13
40 92
21 39
41 156
2 183
26 155
29 182
0 128
38 241
6 140
46 136
5 176
49 164
16 93
19 61
17 23
33 123
1 118
28 226
3398 20
39 142
49 170
8 88
15 113
17 165
25 73
14 3
36 239
40 143
7 17
28 130
33 80
22 147
44 147
38 35
48 193
29 42
26 199
21 183
0 40
3466 20
33 213
4 145
14 203
46 83
8 125
16 34
41 213
28 140
2 147
47 8
13 31
40 100
34 182
43 108
42 87
24 18
21 113
35 120
20 126
36 35
3511 0 1
460 0 1
2481 0 1
857 0 1
832 0 1
2707 0 1
227 0 1
99 0 1
877 0 1
1257 0 1
1365 0 1
2603 0 1
991 0 1
4552 0 1
244 0 1
1837 0 1
30 0 1
598 0 1
918 0 1
3657 0 1
183 0 1
177 0 1
3875 0 1
683 0 1
111 0 1
129 0 1
1650 0 1
96 0 1
2683 0 1
41 0 1
2485 0 1
810 0 1
2643 0 1
2310 0 1
4674 0 1
3351 0 1
1887 0 1
3739 0 1
4610 0 1
2372 0 1
3029 0 1
1113 0 1
4552 0 1
2710 0 1
1006 0 1
1137 0 1
2964 0 1
0 0 1
1980 0 1
1045 0 1
24 0 1
1248 0 1
2747 0 1
85 0 1
58 0 1
646 0 1
1516 0 1
793 0 1
393 0 1
3749 0 1
733 0 1
2405 0 1
356 0 1
4091 0 1
0 0 1
1550 0 1
4466 0 1
942 0 1
1814 0 1
1506 0 1
1698 0 1
2926 0 1
3020 0 1
2042 0 1
3824 0 1
290 0 1
4926 0 1
1294 0 1
4189 0 1
81 0 1
2681 0 1
171 0 1
4539 0 1
3635 0 1
1964 0 1
140 0 1
951 0 1
0 0 1
1699 0 1
843 0 1
30 0 1
87 0 1
608 0 1
57 0 1
2299 0 1
1823 0 1
159 0 1
3304 0 1
28 0 1
1999 0 1
218 0 1
483 0 1
2065 0 1
1446 0 1
3183 0 1
463 0 1
457 0 1
48 0 1
3013 0 1
131 0 1
7 0 1
809 0 1
2333 0 1
1413 0 1
2656 0 1
4732 0 1
1458 0 1
4589 0 1
2274 0 1
3536 0 1
229 0 1
28 0 1
0 0 1
468 0 1
215 0 1
639 0 1
100 0 1
2954 0 1
199 0 1
5 0 1
4 0 1
866 0 1
4291 0 1
4726 0 1
3 0 1
4235 0 1
622 0 1
401 0 1
187 0 1
4904 0 1
2961 0 1
3730 0 1
1248 0 1
397 0 1
4722 0 1
1133 0 1
720 0 1
1517 0 1
1694 0 1
4023 0 1
1954 0 1
64 0 1
1047 0 1
25 0 1
983 0 1
500 0 1
22 0 1
1728 0 1
1206 0 1
1198 0 1
4171 0 1
1124 0 1
164 0 1
3577 0 1
158 0 1
1015 0 1
1860 0 1
749 0 1
139 0 1
2410 0 1
2051 0 1
3488 0 1
80 0 1
1641 0 1
4 0 1
4 0 1
204 0 1
49 0 1
3430 0 1
0 0 1
258 0 1
663 0 1
1766 0 1
2 0 1
574 0 1
3019 0 1
3917 0 1
4582 0 1
459 0 1
4003 0 1
1348 0 1
2025 0 1
2385 0 1
548 0 1
106 0 1
1280 0 1
2502 0 1
1253 0 1
38 0 1
419 0 1
2 0 1
3527 0 1
1873 0 1
145 0 1
543 0 1
749 0 1
42 0 1
3425 0 1
2568 0 1
96 0 1
2232 0 1
2844 0 1
54 0 1
1356 0 1
4184 0 1
518 0 1
2676 0 1
235 0 1
2858 0 1
1831 0 1
2316 0 1
18 0 1
162 0 1
3710 0 1
4103 0 1
14 0 1
3683 0 1
80 0 1
245 0 1
2154 0 1
3269 0 1
1975 0 1
66 0 1
1142 0 1
4554 0 1
2123 0 1
9 0 1
3518 0 1
0 0 1
1851 0 1
161 0 1
3057 0 1
4565 0 1
429 0 1
3767 0 1
3393 0 1
1802 0 1
190 0 1
2525 0 1
211 0 1
429 0 1
1246 0 1
2388 0 1
1618 0 1
626 0 1
645 0 1
779 0 1
318 0 1
1842 0 1
1841 0 1
1138 0 1
2817 0 1
983 0 1
160 0 1
3042 0 1
1224 0 1
446 0 1
890 0 1
865 0 1
393 0 1
45 0 1
2151 0 1
3356 0 1
101 0 1
349 0 1
3535 0 1
872 0 1
2706 0 1
2988 0 1
4379 0 1
287 0 1
2158 0 1
62 0 1
615 0 1
674 0 1
1562 0 1
1452 0 1
2938 0 1
1347 0 1
397 0 1
4952 0 1
479 0 1
387 0 1
515 0 1
848 0 1
1279 0 1
2224 0 1
1808 0 1
1984 0 1
1492 0 1
112 0 1
2088 0 1
401 0 1
4385 0 1
726 0 1
4926 0 1
18 0 1
402 0 1
1870 0 1
159 0 1
252 0 1
3051 0 1
4332 0 1
341 0 1
4326 0 1
853 0 1
4831 0 1
3073 0 1
935 0 1
4935 0 1
1321 0 1
3962 0 1
4615 0 1
4 0 1
1 0 1
1 0 1
79 0 1
1792 0 1
1008 0 1
533 0 1
4904 0 1
500 0 1
400 0 1
40 0 1
2640 0 1
2026 0 1
355 0 1
920 0 1
3329 0 1
4546 0 1
4446 0 1
953 0 1
2304 0 1
2284 0 1
1759 0 1
62 0 1
1301 1 1
2319 1 1
1830 1 1
4484 1 1
1494 1 1
573 1 1
269 1 1
310 1 1
1458 1 1
853 1 1
10 1 1
616 1 1
194 1 1
1253 1 1
318 1 1
1845 1 1
2432 1 1
1 1 1
287 1 1
2394 1 1
3874 1 1
2811 1 1
1088 1 1
60 1 1
1545 1 1
568 1 1
1282 1 1
292 1 1
561 1 1
4919 1 1
1741 1 1
300 1 1
462 1 1
526 1 1
2127 1 1
13 1 1
4871 1 1
50 1 1
228 1 1
1369 1 1
273 1 1
405 1 1
3425 1 1
255 1 1
2114 1 1
55 1 1
472 1 1
43 1 1
3808 1 1
2461 1 1
1199 1 1
2680 1 1
3875 1 1
3506 1 1
11 1 1
16 1 1
820 1 1
1616 1 1
1471 1 1
13 1 1
2967 1 1
3878 1 1
3599 1 1
675 1 1
613 1 1
2597 1 1
35 1 1
1243 1 1
1785 1 1
3980 1 1
4378 1 1
4457 1 1
1119 1 1
2801 1 1
1645 1 1
3356 1 1
2297 1 1
4010 1 1
983 1 1
3995 1 1
1840 1 1
714 1 1
3726 1 1
4504 1 1
2654 1 1
1372 1 1
1670 1 1
1091 1 1
4983 1 1
799 1 1
3838 1 1
72 1 1
1454 1 1
291 1 1
3665 1 1
1582 1 1
4205 1 1
1965 1 1
2705 1 1
36 1 1
315 1 1
445 1 1
2625 1 1
150 1 1
1366 1 1
1016 1 1
3347 1 1
361 1 1
80 1 1
2951 1 1
1852 1 1
2999 1 1
431 1 1
510 1 1
1330 1 1
3187 1 1
234 1 1
10 1 1
359 1 1
186 1 1
375 1 1
587 1 1
243 1 1
1921 1 1
39 1 1
4446 1 1
2805 1 1
1195 1 1
1722 1 1
834 1 1
192 1 1
29 1 1
1265 1 1
3795 1 1
1107 1 1
33 1 1
3329 1 1
4315 1 1
1803 1 1
3233 1 1
728 1 1
272 1 1
2841 1 1
2401 1 1
914 1 1
3350 1 1
3570 1 1
4289 1 1
784 1 1
0 1 1
2183 1 1
2705 1 1
28 1 1
0 1 1
822 1 1
4736 1 1
1455 1 1
2589 1 1
1607 1 1
3821 1 1
1347 1 1
4840 1 1
2613 1 1
2462 1 1
1531 1 1
178 1 1
49 1 1
328 1 1
2 1 1
3144 1 1
2903 1 1
3755 1 1
4 1 1
865 1 1
632 1 1
89 1 1
767 1 1
1164 1 1
3878 1 1
193 1 1
759 1 1
101 1 1
2050 1 1
1686 1 1
1597 1 1
4207 1 1
3178 1 1
3143 1 1
198 1 1
871 1 1
1380 1 1
1460 1 1
3681 1 1
96 1 1
224 1 1
9 1 1
0 1 1
1264 1 1
973 1 1
2811 1 1
374 1 1
4169 1 1
3674 1 1
2724 1 1
437 1 1
950 1 1
493 1 1
709 1 1
365 1 1
499 1 1
3954 1 1
1335 1 1
2979 1 1
620 1 1
484 1 1
4199 1 1
2545 1 1
18 1 1
40 1 1
407 1 1
773 1 1
0 1 1
1 1 1
1308 1 1
883 1 1
451 1 1
189 1 1
27 1 1
107 1 1
2037 1 1
4154 1 1
2250 1 1
678 1 1
1740 1 1
1361 1 1
4262 1 1
2946 1 1
10 1 1
2089 1 1
89 1 1
3145 1 1
4879 1 1
6 1 1
3085 1 1
955 1 1
2313 1 1
295 1 1
277 1 1
152 1 1
2481 1 1
2089 1 1
1382 1 1
573 1 1
29 1 1
2977 1 1
2091 1 1
3781 1 1
562 1 1
1128 1 1
2987 1 1
0 1 1
130 1 1
2851 1 1
870 1 1
3243 1 1
13 1 1
135 1 1
145 1 1
1035 1 1
10 1 1
696 1 1
1246 1 1
2526 1 1
86 1 1
168 1 1
1216 1 1
4159 1 1
1231 1 1
376 1 1
4124 1 1
196 1 1
2595 1 1
2533 1 1
2800 1 1
1185 1 1
4577 1 1
1916 1 1
9 1 1
6 1 1
528 1 1
425 1 1
2883 1 1
3125 1 1
4956 1 1
840 1 1
1955 1 1
4319 1 1
3062 1 1
50 1 1
668 1 1
1 1 1
4880 1 1
2011 1 1
3712 1 1
958 1 1
2520 1 1
119 1 1
2000 1 1
161 1 1
167 1 1
180 1 1
2720 1 1
1457 1 1
310 1 1
859 1 1
869 1 1
92 1 1
2805 1 1
300 1 1
227 1 1
353 1 1
204 1 1
4718 1 1
310 1 1
88 1 1
686 1 1
0 1 1
3204 1 1
641 1 1
3103 1 1
293 1 1
0 1 1
2464 1 1
416 1 1
84 1 1
586 1 1
109 1 1
4486 1 1
199 1 1
1004 1 1
1614 1 1
3596 1 1
2800 1 1
105 1 1
9 1 1
1187 1 1
1372 2 1
4901 2 1
49 2 1
777 2 1
2685 2 1
4816 2 1
294 2 1
227 2 1
941 2 1
192 2 1
556 2 1
1034 2 1
587 2 1
304 2 1
1461 2 1
63 2 1
879 2 1
1010 2 1
4502 2 1
4720 2 1
3737 2 1
4206 2 1
359 2 1
164 2 1
1685 2 1
136 2 1
4890 2 1
568 2 1
4058 2 1
2316 2 1
1657 2 1
947 2 1
833 2 1
2 2 1
1625 2 1
1099 2 1
3452 2 1
303 2 1
4543 2 1
3263 2 1
34 2 1
355 2 1
4644 2 1
337 2 1
2569 2 1
259 2 1
4391 2 1
1031 2 1
4 2 1
59 2 1
665 2 1
4576 2 1
1 2 1
170 2 1
3272 2 1
2208 2 1
2997 2 1
3410 2 1
680 2 1
1286 2 1
1080 2 1
1456 2 1
961 2 1
658 2 1
979 2 1
3885 2 1
266 2 1
3087 2 1
794 2 1
1251 2 1
1522 2 1
910 2 1
1953 2 1
897 2 1
3482 2 1
178 2 1
822 2 1
2310 2 1
1554 2 1
1742 2 1
3293 2 1
1205 2 1
556 2 1
1996 2 1
3984 2 1
504 2 1
1 2 1
1986 2 1
2264 2 1
140 2 1
149 2 1
1415 2 1
2987 2 1
940 2 1
2472 2 1
1 2 1
1452 2 1
4468 2 1
228 2 1
125 2 1
29 2 1
2029 2 1
3027 2 1
2295 2 1
2337 2 1
203 2 1
201 2 1
3434 2 1
2134 2 1
1411 2 1
2042 2 1
3615 2 1
1032 2 1
4267 2 1
1426 2 1
2930 2 1
3869 2 1
388 2 1
428 2 1
3038 2 1
4493 2 1
4369 2 1
1054 2 1
169 2 1
2170 2 1
2251 2 1
437 2 1
1 2 1
343 2 1
733 2 1
40 2 1
217 2 1
1403 2 1
1682 2 1
2236 2 1
605 2 1
183 2 1
555 2 1
3163 2 1
1197 2 1
2105 2 1
1333 2 1
10 2 1
1254 2 1
2505 2 1
4100 2 1
3722 2 1
3628 2 1
1552 2 1
24 2 1
49 2 1
3597 2 1
899 2 1
1552 2 1
368 2 1
800 2 1
1748 2 1
3222 2 1
196 2 1
3300 2 1
2754 2 1
632 2 1
2436 2 1
2152 2 1
290 2 1
1775 2 1
3933 2 1
4924 2 1
4487 2 1
1952 2 1
2184 2 1
101 2 1
9 2 1
2 2 1
2145 2 1
3376 2 1
3507 2 1
4813 2 1
2778 2 1
415 2 1
1010 2 1
3143 2 1
62 2 1
2988 2 1
4696 2 1
2142 2 1
267 2 1
3481 2 1
23 2 1
949 2 1
1066 2 1
2 2 1
46 2 1
3703 2 1
119 2 1
413 2 1
2298 2 1
335 2 1
1529 2 1
876 2 1
944 2 1
10 2 1
36 2 1
1343 2 1
433 2 1
1029 2 1
4048 2 1
946 2 1
331 2 1
413 2 1
1563 2 1
447 2 1
350 2 1
42 2 1
328 2 1
1226 2 1
246 2 1
1041 2 1
4089 2 1
2835 2 1
4834 2 1
59 2 1
2374 2 1
2640 2 1
1195 2 1
789 2 1
0 2 1
3461 2 1
2356 2 1
3989 2 1
336 2 1
2036 2 1
2160 2 1
4626 2 1
4977 2 1
2398 2 1
4080 2 1
791 2 1
1157 2 1
1538 2 1
952 2 1
2815 2 1
58 2 1
759 2 1
2 2 1
2751 2 1
3064 2 1
0 2 1
3554 2 1
122 2 1
1772 2 1
1907 2 1
3697 2 1
4765 2 1
137 2 1
65 2 1
229 2 1
70 2 1
550 2 1
3503 2 1
3118 2 1
466 2 1
4604 2 1
162 2 1
1931 2 1
2640 2 1
1238 2 1
2712 2 1
878 2 1
86 2 1
4166 2 1
1801 2 1
448 2 1
792 2 1
2380 2 1
52 2 1
1234 2 1
396 2 1
3839 2 1
2230 2 1
2800 2 1
1151 2 1
1334 2 1
2568 2 1
2530 2 1
1634 2 1
2270 2 1
0 2 1
37 2 1
0 2 1
2127 2 1
3129 2 1
1192 2 1
2302 2 1
194 2 1
5 2 1
448 2 1
2715 2 1
143 2 1
844 2 1
769 2 1
979 2 1
15 2 1
726 2 1
3118 2 1
1522 2 1
3484 2 1
3203 2 1
4255 2 1
2139 2 1
54 2 1
3324 2 1
1416 2 1
371 2 1
1230 2 1
232 2 1
1846 2 1
2980 2 1
340 2 1
367 2 1
1649 2 1
2842 2 1
464 2 1
2161 2 1
25 2 1
4699 2 1
728 2 1
2052 2 1
3656 2 1
1927 2 1
1449 2 1
2707 2 1
1354 2 1
11 2 1
1610 2 1
2139 2 1
705 2 1
4586 2 1
2889 2 1
365 2 1
1631 2 1
4693 2 1
4211 2 1
2299 2 1
1130 2 1
4764 2 1
624 3 1
2555 3 1
2135 3 1
560 3 1
4428 3 1
4354 3 1
2535 3 1
796 3 1
4523 3 1
972 3 1
3797 3 1
1204 3 1
343 3 1
3939 3 1
4489 3 1
1110 3 1
4491 3 1
4635 3 1
3812 3 1
1093 3 1
2058 3 1
4900 3 1
2619 3 1
649 3 1
1374 3 1
3248 3 1
837 3 1
904 3 1
2606 3 1
232 3 1
270 3 1
93 3 1
502 3 1
3502 3 1
1823 3 1
2434 3 1
756 3 1
2965 3 1
129 3 1
1168 3 1
82 3 1
33 3 1
3672 3 1
1831 3 1
2361 3 1
4877 3 1
0 3 1
3629 3 1
77 3 1
3729 3 1
569 3 1
814 3 1
2797 3 1
2365 3 1
2824 3 1
3087 3 1
4907 3 1
3776 3 1
342 3 1
1999 3 1
214 3 1
2288 3 1
2113 3 1
1770 3 1
4951 3 1
27 3 1
14 3 1
279 3 1
3793 3 1
570 3 1
1284 3 1
1801 3 1
1241 3 1
4 3 1
3353 3 1
1545 3 1
4298 3 1
3380 3 1
378 3 1
81 3 1
16 3 1
1 3 1
459 3 1
4563 3 1
2938 3 1
1423 3 1
4309 3 1
1121 3 1
1517 3 1
175 3 1
340 3 1
4119 3 1
500 3 1
20 3 1
2726 3 1
3565 3 1
862 3 1
1718 3 1
0 3 1
490 3 1
3127 3 1
2003 3 1
4594 3 1
529 3 1
514 3 1
4 3 1
1699 3 1
3508 3 1
2175 3 1
267 3 1
759 3 1
1277 3 1
2178 3 1
3520 3 1
1465 3 1
402 3 1
2775 3 1
2211 3 1
724 3 1
1488 3 1
2169 3 1
3684 3 1
3456 3 1
2670 3 1
891 3 1
3790 3 1
6 3 1
864 3 1
4411 3 1
2031 3 1
539 3 1
4224 3 1
3634 3 1
195 3 1
1394 3 1
743 3 1
268 3 1
1432 3 1
4593 3 1
1404 3 1
749 3 1
92 3 1
2 3 1
3325 3 1
196 3 1
77 3 1
144 3 1
1057 3 1
2018 3 1
3454 3 1
9 3 1
3806 3 1
4921 3 1
4914 3 1
2388 3 1
2455 3 1
2651 3 1
12 3 1
1795 3 1
1343 3 1
624 3 1
4456 3 1
3420 3 1
1871 3 1
3589 3 1
2328 3 1
4123 3 1
6 3 1
154 3 1
4831 3 1
399 3 1
1467 3 1
15 3 1
475 3 1
15 3 1
2474 3 1
2434 3 1
1312 3 1
463 3 1
643 3 1
1451 3 1
1554 3 1
3969 3 1
3938 3 1
1638 3 1
4768 3 1
676 3 1
4126 3 1
719 3 1
7 3 1
95 3 1
3940 3 1
1336 3 1
2921 3 1
150 3 1
669 3 1
3937 3 1
1799 3 1
877 3 1
91 3 1
449 3 1
2787 3 1
36 3 1
401 3 1
1495 3 1
4328 3 1
307 3 1
1049 3 1
1794 3 1
2479 3 1
447 3 1
1404 3 1
282 3 1
95 3 1
29 3 1
1964 3 1
3772 3 1
1542 3 1
1239 3 1
1410 3 1
855 3 1
1488 3 1
111 3 1
1828 3 1
3706 3 1
1592 3 1
139 3 1
3305 3 1
2766 3 1
1244 3 1
98 3 1
93 3 1
4215 3 1
1519 3 1
14 3 1
27 3 1
154 3 1
1126 3 1
801 3 1
2166 3 1
0 3 1
0 3 1
107 3 1
840 3 1
28 3 1
3661 3 1
2035 3 1
21 3 1
1296 3 1
3625 3 1
1779 3 1
1024 3 1
559 3 1
3003 3 1
585 3 1
739 3 1
532 3 1
108 3 1
241 3 1
2 3 1
434 3 1
225 3 1
0 3 1
2299 3 1
1151 3 1
3622 3 1
3210 3 1
166 3 1
852 3 1
2219 3 1
4435 3 1
2011 3 1
557 3 1
4858 3 1
3456 3 1
40 3 1
2281 3 1
1680 3 1
613 3 1
13 3 1
1137 3 1
1559 3 1
4690 3 1
2501 3 1
3408 3 1
1042 3 1
1375 3 1
1971 3 1
3116 3 1
0 3 1
2470 3 1
2326 3 1
709 3 1
3375 3 1
2256 3 1
512 3 1
565 3 1
4025 3 1
111 3 1
1498 3 1
2364 3 1
3215 3 1
2039 3 1
3044 3 1
3248 3 1
1344 3 1
1975 3 1
3976 3 1
2125 3 1
181 3 1
62 3 1
784 3 1
17 3 1
3719 3 1
497 3 1
309 3 1
4679 3 1
4645 3 1
1046 3 1
11 3 1
21 3 1
282 3 1
572 3 1
852 3 1
1907 3 1
2922 3 1
28 3 1
1436 3 1
4067 3 1
2502 3 1
1484 3 1
653 3 1
406 3 1
2525 3 1
90 3 1
289 3 1
4165 3 1
1717 3 1
94 3 1
3613 3 1
1195 3 1
37 3 1
4404 3 1
712 3 1
446 3 1
4165 3 1
4456 4 1
185 4 1
4117 4 1
114 4 1
3163 4 1
63 4 1
2714 4 1
0 4 1
146 4 1
406 4 1
490 4 1
3320 4 1
596 4 1
155 4 1
124 4 1
1826 4 1
1921 4 1
127 4 1
1575 4 1
2993 4 1
4370 4 1
410 4 1
155 4 1
4936 4 1
144 4 1
571 4 1
21 4 1
1154 4 1
2101 4 1
276 4 1
1819 4 1
3157 4 1
1141 4 1
179 4 1
2415 4 1
2728 4 1
16 4 1
32 4 1
2132 4 1
1886 4 1
3797 4 1
76 4 1
1336 4 1
1856 4 1
353 4 1
865 4 1
2165 4 1
537 4 1
3933 4 1
11 4 1
3987 4 1
3582 4 1
197 4 1
1333 4 1
796 4 1
774 4 1
4607 4 1
68 4 1
1846 4 1
1205 4 1
4869 4 1
1743 4 1
139 4 1
852 4 1
300 4 1
462 4 1
1962 4 1
1414 4 1
231 4 1
1408 4 1
2989 4 1
4938 4 1
530 4 1
2024 4 1
450 4 1
192 4 1
772 4 1
951 4 1
2060 4 1
2254 4 1
1153 4 1
2585 4 1
1108 4 1
870 4 1
691 4 1
1015 4 1
1120 4 1
2584 4 1
1362 4 1
0 4 1
137 4 1
838 4 1
407 4 1
124 4 1
1482 4 1
281 4 1
4466 4 1
1345 4 1
3655 4 1
632 4 1
845 4 1
4378 4 1
416 4 1
4473 4 1
1 4 1
3028 4 1
153 4 1
1068 4 1
2260 4 1
842 4 1
4480 4 1
390 4 1
725 4 1
3546 4 1
1419 4 1
2970 4 1
4347 4 1
1500 4 1
126 4 1
191 4 1
279 4 1
1151 4 1
2607 4 1
0 4 1
2695 4 1
4099 4 1
42 4 1
3252 4 1
2929 4 1
235 4 1
522 4 1
3481 4 1
2091 4 1
2609 4 1
501 4 1
566 4 1
250 4 1
4169 4 1
16 4 1
2561 4 1
153 4 1
2126 4 1
2804 4 1
230 4 1
987 4 1
4476 4 1
2621 4 1
2087 4 1
1124 4 1
13 4 1
671 4 1
851 4 1
810 4 1
2652 4 1
1457 4 1
1759 4 1
183 4 1
917 4 1
1909 4 1
3656 4 1
20 4 1
4652 4 1
559 4 1
3355 4 1
483 4 1
3446 4 1
1803 4 1
396 4 1
1658 4 1
3688 4 1
745 4 1
4412 4 1
226 4 1
2334 4 1
143 4 1
4110 4 1
1072 4 1
772 4 1
1028 4 1
3110 4 1
1464 4 1
465 4 1
1102 4 1
57 4 1
3414 4 1
2295 4 1
434 4 1
3599 4 1
2486 4 1
2320 4 1
1935 4 1
3796 4 1
1020 4 1
3968 4 1
272 4 1
3102 4 1
707 4 1
1 4 1
55 4 1
272 4 1
4316 4 1
424 4 1
1079 4 1
1095 4 1
477 4 1
2158 4 1
3365 4 1
3240 4 1
2012 4 1
2319 4 1
728 4 1
9 4 1
2251 4 1
1012 4 1
4956 4 1
1642 4 1
4188 4 1
3657 4 1
2793 4 1
210 4 1
4 4 1
505 4 1
2406 4 1
2362 4 1
516 4 1
2655 4 1
4619 4 1
2160 4 1
2484 4 1
2774 4 1
344 4 1
3094 4 1
328 4 1
1458 4 1
1952 4 1
3590 4 1
407 4 1
3710 4 1
2249 4 1
609 4 1
304 4 1
117 4 1
388 4 1
130 4 1
369 4 1
2 4 1
1245 4 1
262 4 1
74 4 1
3769 4 1
2220 4 1
1726 4 1
67 4 1
2104 4 1
1680 4 1
809 4 1
4646 4 1
271 4 1
262 4 1
2895 4 1
1135 4 1
2295 4 1
629 4 1
128 4 1
2764 4 1
2646 4 1
1226 4 1
1526 4 1
896 4 1
682 4 1
1578 4 1
1214 4 1
244 4 1
1148 4 1
4976 4 1
1501 4 1
134 4 1
2764 4 1
121 4 1
1021 4 1
415 4 1
71 4 1
1771 4 1
260 4 1
157 4 1
2552 4 1
55 4 1
1974 4 1
1479 4 1
1683 4 1
720 4 1
29 4 1
4610 4 1
719 4 1
230 4 1
353 4 1
2574 4 1
163 4 1
1124 4 1
294 4 1
3274 4 1
4315 4 1
47 4 1
3176 4 1
3722 4 1
497 4 1
1823 4 1
2668 4 1
4479 4 1
189 4 1
1507 4 1
3216 4 1
131 4 1
300 4 1
325 4 1
7 4 1
875 4 1
2502 4 1
859 4 1
4775 4 1
1801 4 1
23 4 1
0 4 1
1416 4 1
910 4 1
2972 4 1
395 4 1
4193 4 1
2707 4 1
265 4 1
12 4 1
3229 4 1
7 4 1
523 4 1
2779 4 1
89 4 1
3971 4 1
2600 4 1
3554 4 1
2277 4 1
1373 4 1
18 4 1
604 4 1
86 4 1
2294 4 1
3212 4 1
1251 5 1
2303 5 1
2991 5 1
62 5 1
3898 5 1
1248 5 1
152 5 1
250 5 1
1938 5 1
2853 5 1
4691 5 1
434 5 1
2057 5 1
18 5 1
221 5 1
80 5 1
978 5 1
1049 5 1
678 5 1
211 5 1
910 5 1
1177 5 1
1679 5 1
3270 5 1
136 5 1
3119 5 1
381 5 1
35 5 1
4327 5 1
79 5 1
4528 5 1
1297 5 1
2976 5 1
2779 5 1
2545 5 1
525 5 1
948 5 1
4433 5 1
584 5 1
82 5 1
3988 5 1
14 5 1
4597 5 1
3383 5 1
480 5 1
288 5 1
985 5 1
3973 5 1
41 5 1
4476 5 1
170 5 1
505 5 1
538 5 1
1838 5 1
942 5 1
2246 5 1
99 5 1
338 5 1
2066 5 1
58 5 1
1363 5 1
872 5 1
3085 5 1
659 5 1
79 5 1
459 5 1
2614 5 1
297 5 1
930 5 1
659 5 1
3215 5 1
319 5 1
2687 5 1
761 5 1
48 5 1
101 5 1
2841 5 1
2139 5 1
926 5 1
4302 5 1
2235 5 1
1193 5 1
2724 5 1
314 5 1
4074 5 1
353 5 1
643 5 1
1048 5 1
797 5 1
19 5 1
3995 5 1
170 5 1
269 5 1
4099 5 1
129 5 1
2 5 1
100 5 1
2810 5 1
240 5 1
845 5 1
25 5 1
326 5 1
4947 5 1
795 5 1
3 5 1
1333 5 1
4921 5 1
4318 5 1
4763 5 1
807 5 1
2655 5 1
2853 5 1
4199 5 1
5 5 1
698 5 1
2895 5 1
20 5 1
3064 5 1
2276 5 1
391 5 1
85 5 1
12 5 1
1690 5 1
358 5 1
249 5 1
4810 5 1
1425 5 1
4618 5 1
465 5 1
4774 5 1
407 5 1
3558 5 1
1402 5 1
3505 5 1
1131 5 1
43 5 1
216 5 1
2499 5 1
260 5 1
2504 5 1
1528 5 1
485 5 1
777 5 1
989 5 1
42 5 1
614 5 1
1422 5 1
3466 5 1
2149 5 1
1510 5 1
3248 5 1
3269 5 1
0 5 1
4444 5 1
2110 5 1
3620 5 1
429 5 1
2855 5 1
3586 5 1
24 5 1
4719 5 1
273 5 1
792 5 1
4731 5 1
82 5 1
477 5 1
3091 5 1
87 5 1
468 5 1
413 5 1
1209 5 1
5 5 1
3303 5 1
2269 5 1
1 5 1
2021 5 1
892 5 1
1114 5 1
2752 5 1
277 5 1
24 5 1
2320 5 1
1774 5 1
195 5 1
3 5 1
54 5 1
1049 5 1
715 5 1
4771 5 1
95 5 1
950 5 1
4174 5 1
433 5 1
1960 5 1
0 5 1
1892 5 1
330 5 1
1446 5 1
1077 5 1
24 5 1
1490 5 1
384 5 1
80 5 1
2848 5 1
135 5 1
2375 5 1
238 5 1
3453 5 1
805 5 1
3822 5 1
3298 5 1
158 5 1
3668 5 1
4316 5 1
3481 5 1
860 5 1
3835 5 1
0 5 1
376 5 1
68 5 1
2156 5 1
1119 5 1
1206 5 1
42 5 1
700 5 1
2 5 1
1081 5 1
197 5 1
1953 5 1
1544 5 1
113 5 1
3895 5 1
804 5 1
1095 5 1
317 5 1
1237 5 1
154 5 1
3804 5 1
1152 5 1
3380 5 1
4610 5 1
2666 5 1
348 5 1
69 5 1
698 5 1
2770 5 1
352 5 1
4158 5 1
260 5 1
112 5 1
3565 5 1
412 5 1
194 5 1
136 5 1
3622 5 1
4042 5 1
216 5 1
765 5 1
39 5 1
1508 5 1
222 5 1
4395 5 1
4607 5 1
15 5 1
3798 5 1
3175 5 1
2904 5 1
1033 5 1
3282 5 1
4948 5 1
2264 5 1
3008 5 1
1951 5 1
3263 5 1
915 5 1
294 5 1
2822 5 1
4183 5 1
345 5 1
181 5 1
4813 5 1
2018 5 1
3889 5 1
342 5 1
423 5 1
4208 5 1
2859 5 1
2958 5 1
2328 5 1
2315 5 1
89 5 1
1146 5 1
890 5 1
548 5 1
1632 5 1
2 5 1
701 5 1
39 5 1
63 5 1
548 5 1
331 5 1
2643 5 1
4534 5 1
4590 5 1
585 5 1
35 5 1
2884 5 1
2225 5 1
3885 5 1
269 5 1
4565 5 1
372 5 1
2110 5 1
528 5 1
32 5 1
2888 5 1
388 5 1
878 5 1
392 5 1
3133 5 1
0 5 1
1026 5 1
648 5 1
88 5 1
3588 5 1
4026 5 1
3539 5 1
705 5 1
206 5 1
1165 5 1
905 5 1
3280 5 1
351 5 1
1587 5 1
393 5 1
719 5 1
4567 5 1
3741 5 1
91 5 1
4915 5 1
582 5 1
224 5 1
4825 5 1
1364 5 1
4884 5 1
718 5 1
54 6 1
2398 6 1
3128 6 1
944 6 1
269 6 1
694 6 1
4699 6 1
1266 6 1
1 6 1
485 6 1
760 6 1
3290 6 1
432 6 1
4016 6 1
3999 6 1
526 6 1
639 6 1
0 6 1
1021 6 1
380 6 1
226 6 1
138 6 1
1158 6 1
3464 6 1
1237 6 1
2942 6 1
978 6 1
1428 6 1
311 6 1
4525 6 1
495 6 1
1956 6 1
1318 6 1
559 6 1
1960 6 1
1362 6 1
1276 6 1
2992 6 1
605 6 1
2716 6 1
1062 6 1
171 6 1
657 6 1
1697 6 1
1879 6 1
1680 6 1
1109 6 1
4581 6 1
751 6 1
1678 6 1
1295 6 1
2987 6 1
2846 6 1
1221 6 1
2 6 1
1368 6 1
3230 6 1
2009 6 1
4828 6 1
163 6 1
1170 6 1
3347 6 1
2262 6 1
368 6 1
512 6 1
9 6 1
2246 6 1
989 6 1
2137 6 1
4949 6 1
1530 6 1
798 6 1
1320 6 1
77 6 1
3296 6 1
834 6 1
1877 6 1
4469 6 1
4169 6 1
32 6 1
387 6 1
1060 6 1
4795 6 1
3673 6 1
1367 6 1
188 6 1
564 6 1
861 6 1
3466 6 1
1407 6 1
2614 6 1
2007 6 1
2793 6 1
1834 6 1
752 6 1
1160 6 1
1112 6 1
3962 6 1
501 6 1
1 6 1
2870 6 1
390 6 1
1624 6 1
613 6 1
59 6 1
4759 6 1
621 6 1
30 6 1
3760 6 1
2604 6 1
4877 6 1
1158 6 1
4232 6 1
2740 6 1
342 6 1
3221 6 1
3024 6 1
141 6 1
1032 6 1
4697 6 1
206 6 1
2485 6 1
3937 6 1
2645 6 1
1825 6 1
213 6 1
590 6 1
811 6 1
445 6 1
37 6 1
3592 6 1
1951 6 1
1159 6 1
526 6 1
1354 6 1
2940 6 1
1044 6 1
2119 6 1
594 6 1
2932 6 1
738 6 1
2785 6 1
88 6 1
1976 6 1
4767 6 1
222 6 1
127 6 1
3017 6 1
356 6 1
127 6 1
1185 6 1
380 6 1
1004 6 1
3761 6 1
1370 6 1
140 6 1
1668 6 1
291 6 1
69 6 1
288 6 1
3204 6 1
2501 6 1
338 6 1
817 6 1
351 6 1
109 6 1
646 6 1
195 6 1
1435 6 1
4754 6 1
1298 6 1
766 6 1
3846 6 1
571 6 1
419 6 1
163 6 1
398 6 1
549 6 1
567 6 1
3318 6 1
346 6 1
1034 6 1
4902 6 1
1351 6 1
4568 6 1
4544 6 1
4612 6 1
1150 6 1
19 6 1
956 6 1
741 6 1
522 6 1
1098 6 1
471 6 1
25 6 1
4619 6 1
297 6 1
700 6 1
296 6 1
3468 6 1
292 6 1
1985 6 1
4 6 1
374 6 1
944 6 1
151 6 1
760 6 1
3138 6 1
2866 6 1
249 6 1
4409 6 1
2192 6 1
196 6 1
995 6 1
360 6 1
6 6 1
1820 6 1
1144 6 1
372 6 1
3686 6 1
3822 6 1
155 6 1
8 6 1
1941 6 1
108 6 1
550 6 1
4770 6 1
48 6 1
3336 6 1
2 6 1
1363 6 1
4919 6 1
353 6 1
3720 6 1
1754 6 1
1580 6 1
88 6 1
73 6 1
998 6 1
163 6 1
3276 6 1
1700 6 1
496 6 1
3821 6 1
3491 6 1
134 6 1
0 6 1
198 6 1
2948 6 1
1329 6 1
2327 6 1
212 6 1
655 6 1
1054 6 1
137 6 1
110 6 1
1464 6 1
172 6 1
3396 6 1
4858 6 1
3681 6 1
582 6 1
3235 6 1
1941 6 1
117 6 1
852 6 1
4404 6 1
6 6 1
3638 6 1
4033 6 1
2701 6 1
2483 6 1
1426 6 1
1957 6 1
2772 6 1
3851 6 1
2093 6 1
932 6 1
3752 6 1
613 6 1
3689 6 1
31 6 1
1470 6 1
2467 6 1
562 6 1
682 6 1
635 6 1
172 6 1
4021 6 1
1588 6 1
2476 6 1
3910 6 1
3404 6 1
1816 6 1
1199 6 1
670 6 1
4298 6 1
66 6 1
29 6 1
2765 6 1
259 6 1
1648 6 1
280 6 1
455 6 1
0 6 1
7 6 1
4630 6 1
795 6 1
34 6 1
665 6 1
3237 6 1
1191 6 1
417 6 1
137 6 1
3920 6 1
272 6 1
0 6 1
2663 6 1
2546 6 1
6 6 1
3924 6 1
532 6 1
1068 6 1
705 6 1
1406 6 1
2044 6 1
736 6 1
619 6 1
2046 6 1
39 6 1
12 6 1
2553 6 1
2008 6 1
4614 6 1
174 6 1
1219 6 1
2249 6 1
1516 6 1
1351 6 1
1276 6 1
982 6 1
95 6 1
258 6 1
553 6 1
709 6 1
3671 6 1
160 7 1
38 7 1
933 7 1
2826 7 1
155 7 1
26 7 1
918 7 1
224 7 1
3412 7 1
302 7 1
3439 7 1
172 7 1
2810 7 1
36 7 1
2689 7 1
2973 7 1
2933 7 1
2587 7 1
621 7 1
373 7 1
3486 7 1
1036 7 1
1639 7 1
2814 7 1
2247 7 1
1255 7 1
557 7 1
3901 7 1
4883 7 1
159 7 1
555 7 1
2422 7 1
3651 7 1
263 7 1
2369 7 1
3639 7 1
37 7 1
1204 7 1
1539 7 1
180 7 1
2804 7 1
227 7 1
4172 7 1
712 7 1
18 7 1
418 7 1
841 7 1
0 7 1
233 7 1
2406 7 1
47 7 1
23 7 1
3363 7 1
2853 7 1
1679 7 1
13 7 1
173 7 1
2177 7 1
4405 7 1
1278 7 1
1193 7 1
760 7 1
235 7 1
731 7 1
147 7 1
1540 7 1
381 7 1
3 7 1
0 7 1
366 7 1
4796 7 1
1956 7 1
2538 7 1
3069 7 1
4581 7 1
580 7 1
4894 7 1
1970 7 1
1672 7 1
2411 7 1
436 7 1
17 7 1
1205 7 1
3563 7 1
932 7 1
3306 7 1
1155 7 1
1324 7 1
1674 7 1
1094 7 1
3813 7 1
33 7 1
910 7 1
2538 7 1
1080 7 1
1337 7 1
3064 7 1
598 7 1
1637 7 1
515 7 1
241 7 1
220 7 1
3052 7 1
2463 7 1
58 7 1
2511 7 1
2683 7 1
1965 7 1
605 7 1
1751 7 1
107 7 1
207 7 1
254 7 1
132 7 1
4609 7 1
1575 7 1
3791 7 1
2930 7 1
2182 7 1
123 7 1
821 7 1
3938 7 1
151 7 1
3985 7 1
1079 7 1
4 7 1
179 7 1
199 7 1
3054 7 1
156 7 1
143 7 1
1423 7 1
1988 7 1
4787 7 1
812 7 1
1904 7 1
2457 7 1
704 7 1
1279 7 1
163 7 1
3351 7 1
86 7 1
1209 7 1
2459 7 1
4087 7 1
582 7 1
644 7 1
1752 7 1
2150 7 1
2458 7 1
1148 7 1
1462 7 1
2157 7 1
1254 7 1
727 7 1
4274 7 1
344 7 1
3328 7 1
618 7 1
1761 7 1
283 7 1
3525 7 1
4989 7 1
52 7 1
3890 7 1
1112 7 1
7 7 1
4708 7 1
1307 7 1
57 7 1
173 7 1
3411 7 1
349 7 1
356 7 1
783 7 1
1265 7 1
2888 7 1
171 7 1
1209 7 1
4777 7 1
4618 7 1
3305 7 1
1642 7 1
3015 7 1
3278 7 1
4462 7 1
1967 7 1
3132 7 1
4000 7 1
3091 7 1
450 7 1
4593 7 1
1079 7 1
802 7 1
2730 7 1
3219 7 1
36 7 1
29 7 1
1068 7 1
91 7 1
2885 7 1
1786 7 1
2768 7 1
720 7 1
78 7 1
1961 7 1
134 7 1
1161 7 1
3322 7 1
1658 7 1
408 7 1
3571 7 1
2593 7 1
4900 7 1
450 7 1
24 7 1
2201 7 1
100 7 1
4699 7 1
1612 7 1
4256 7 1
3055 7 1
2101 7 1
4611 7 1
508 7 1
4695 7 1
298 7 1
2491 7 1
69 7 1
1803 7 1
677 7 1
166 7 1
738 7 1
1304 7 1
76 7 1
3763 7 1
1336 7 1
276 7 1
918 7 1
892 7 1
3035 7 1
822 7 1
1223 7 1
3153 7 1
3704 7 1
2760 7 1
4788 7 1
4035 7 1
420 7 1
4733 7 1
1531 7 1
3566 7 1
2292 7 1
202 7 1
2502 7 1
419 7 1
3300 7 1
31 7 1
1421 7 1
1277 7 1
26 7 1
23 7 1
1890 7 1
2393 7 1
4192 7 1
96 7 1
67 7 1
901 7 1
2453 7 1
2211 7 1
221 7 1
23 7 1
4956 7 1
1 7 1
1015 7 1
3057 7 1
994 7 1
0 7 1
2247 7 1
3095 7 1
21 7 1
790 7 1
93 7 1
298 7 1
3472 7 1
2908 7 1
1576 7 1
1054 7 1
1618 7 1
1463 7 1
144 7 1
413 7 1
3 7 1
221 7 1
1065 7 1
3006 7 1
4881 7 1
1546 7 1
1837 7 1
4305 7 1
79 7 1
136 7 1
0 7 1
145 7 1
1300 7 1
1 7 1
3729 7 1
238 7 1
2238 7 1
3242 7 1
1492 7 1
3828 7 1
1052 7 1
4712 7 1
2512 7 1
2185 7 1
3319 7 1
71 7 1
1880 7 1
3736 7 1
449 7 1
3184 7 1
1863 7 1
2241 7 1
3520 7 1
2334 7 1
3709 7 1
352 7 1
223 7 1
597 7 1
2909 7 1
38 7 1
796 7 1
887 7 1
471 7 1
1001 7 1
1371 7 1
51 7 1
9 7 1
574 7 1
65 7 1
680 7 1
1003 7 1
1389 7 1
1550 7 1
2229 7 1
2047 8 1
4046 8 1
2884 8 1
1570 8 1
0 8 1
3204 8 1
1066 8 1
7 8 1
94 8 1
328 8 1
4919 8 1
47 8 1
4478 8 1
1352 8 1
0 8 1
3304 8 1
69 8 1
563 8 1
639 8 1
1 8 1
6 8 1
4492 8 1
12 8 1
4682 8 1
1433 8 1
181 8 1
763 8 1
1515 8 1
1911 8 1
3789 8 1
1064 8 1
1379 8 1
217 8 1
276 8 1
1168 8 1
1216 8 1
4806 8 1
4332 8 1
4224 8 1
779 8 1
3996 8 1
355 8 1
3177 8 1
1643 8 1
16 8 1
11 8 1
1267 8 1
1866 8 1
3952 8 1
278 8 1
1107 8 1
157 8 1
978 8 1
388 8 1
2473 8 1
447 8 1
196 8 1
2627 8 1
4701 8 1
4512 8 1
1234 8 1
2401 8 1
2525 8 1
504 8 1
355 8 1
2373 8 1
3977 8 1
1206 8 1
2487 8 1
381 8 1
1575 8 1
3716 8 1
1475 8 1
1523 8 1
436 8 1
3762 8 1
2042 8 1
1314 8 1
79 8 1
1028 8 1
681 8 1
15 8 1
4842 8 1
1677 8 1
4924 8 1
2057 8 1
4277 8 1
25 8 1
2661 8 1
4829 8 1
170 8 1
306 8 1
421 8 1
2610 8 1
1848 8 1
144 8 1
2204 8 1
1489 8 1
959 8 1
3214 8 1
498 8 1
1628 8 1
387 8 1
549 8 1
4464 8 1
1522 8 1
388 8 1
1749 8 1
23 8 1
129 8 1
306 8 1
41 8 1
59 8 1
4909 8 1
58 8 1
2300 8 1
4050 8 1
178 8 1
3988 8 1
1601 8 1
3 8 1
571 8 1
75 8 1
621 8 1
3261 8 1
2047 8 1
2980 8 1
4226 8 1
1723 8 1
4388 8 1
0 8 1
3305 8 1
1532 8 1
3288 8 1
1075 8 1
13 8 1
2000 8 1
4510 8 1
2499 8 1
3939 8 1
557 8 1
81 8 1
10 8 1
2043 8 1
521 8 1
4117 8 1
2372 8 1
2717 8 1
1 8 1
2374 8 1
1363 8 1
3027 8 1
2124 8 1
2 8 1
2192 8 1
1962 8 1
139 8 1
620 8 1
3066 8 1
1265 8 1
1259 8 1
2567 8 1
1370 8 1
355 8 1
2056 8 1
2682 8 1
1683 8 1
121 8 1
2262 8 1
731 8 1
2339 8 1
3055 8 1
1794 8 1
1753 8 1
1547 8 1
435 8 1
726 8 1
940 8 1
3342 8 1
92 8 1
512 8 1
288 8 1
3210 8 1
2446 8 1
1311 8 1
4275 8 1
2605 8 1
3608 8 1
2453 8 1
983 8 1
2011 8 1
2778 8 1
1768 8 1
2652 8 1
2297 8 1
1 8 1
2121 8 1
3216 8 1
1254 8 1
15 8 1
2408 8 1
3204 8 1
58 8 1
896 8 1
188 8 1
1027 8 1
1840 8 1
482 8 1
649 8 1
933 8 1
2026 8 1
22 8 1
2530 8 1
1485 8 1
4516 8 1
3607 8 1
1224 8 1
4736 8 1
162 8 1
1887 8 1
3614 8 1
3991 8 1
206 8 1
2333 8 1
4189 8 1
463 8 1
761 8 1
490 8 1
1942 8 1
572 8 1
897 8 1
2507 8 1
2885 8 1
639 8 1
150 8 1
952 8 1
1821 8 1
93 8 1
28 8 1
3738 8 1
1106 8 1
3757 8 1
3434 8 1
404 8 1
2669 8 1
559 8 1
3119 8 1
3537 8 1
41 8 1
693 8 1
266 8 1
3531 8 1
325 8 1
277 8 1
1449 8 1
193 8 1
50 8 1
2248 8 1
1963 8 1
379 8 1
103 8 1
2104 8 1
2746 8 1
4 8 1
27 8 1
405 8 1
3299 8 1
3516 8 1
1732 8 1
1531 8 1
1692 8 1
179 8 1
4633 8 1
2282 8 1
4264 8 1
1620 8 1
1107 8 1
3348 8 1
89 8 1
39 8 1
0 8 1
4669 8 1
1882 8 1
1089 8 1
3196 8 1
536 8 1
1481 8 1
3245 8 1
819 8 1
1859 8 1
2 8 1
216 8 1
32 8 1
1467 8 1
132 8 1
28 8 1
3665 8 1
2306 8 1
1914 8 1
945 8 1
1 8 1
334 8 1
2506 8 1
322 8 1
578 8 1
1067 8 1
1132 8 1
360 8 1
3988 8 1
104 8 1
212 8 1
6 8 1
116 8 1
3865 8 1
3599 8 1
1092 8 1
1388 8 1
170 8 1
3092 8 1
13 8 1
3677 8 1
113 8 1
1553 8 1
3 8 1
1271 8 1
3322 8 1
1924 8 1
11 8 1
168 8 1
3313 8 1
1496 8 1
3887 8 1
2045 8 1
1422 8 1
29 8 1
1966 8 1
2044 8 1
4418 8 1
91 8 1
4028 8 1
1675 8 1
2208 8 1
536 8 1
482 8 1
10 8 1
0 8 1
1926 9 1
4401 9 1
304 9 1
1667 9 1
4559 9 1
434 9 1
23 9 1
2450 9 1
510 9 1
1523 9 1
47 9 1
545 9 1
1935 9 1
1413 9 1
927 9 1
195 9 1
22 9 1
901 9 1
3699 9 1
51 9 1
1784 9 1
2347 9 1
651 9 1
502 9 1
2496 9 1
26 9 1
3026 9 1
443 9 1
165 9 1
3377 9 1
12 9 1
1335 9 1
156 9 1
3585 9 1
3002 9 1
59 9 1
204 9 1
24 9 1
3928 9 1
1421 9 1
15 9 1
2749 9 1
317 9 1
1778 9 1
79 9 1
1821 9 1
4482 9 1
2652 9 1
4951 9 1
51 9 1
1530 9 1
2789 9 1
3169 9 1
2595 9 1
222 9 1
3689 9 1
3778 9 1
350 9 1
1177 9 1
284 9 1
3583 9 1
2802 9 1
270 9 1
2566 9 1
1297 9 1
761 9 1
2249 9 1
1686 9 1
192 9 1
1836 9 1
116 9 1
1502 9 1
52 9 1
4046 9 1
4504 9 1
2643 9 1
920 9 1
4424 9 1
4714 9 1
32 9 1
948 9 1
4639 9 1
166 9 1
256 9 1
3727 9 1
270 9 1
4089 9 1
2504 9 1
850 9 1
215 9 1
339 9 1
2418 9 1
4436 9 1
1570 9 1
1610 9 1
4140 9 1
3542 9 1
2325 9 1
818 9 1
4380 9 1
413 9 1
4243 9 1
923 9 1
269 9 1
54 9 1
691 9 1
1142 9 1
2512 9 1
1998 9 1
4348 9 1
691 9 1
267 9 1
2238 9 1
17 9 1
1251 9 1
16 9 1
503 9 1
713 9 1
3184 9 1
1971 9 1
381 9 1
2385 9 1
91 9 1
416 9 1
206 9 1
1778 9 1
0 9 1
1965 9 1
658 9 1
788 9 1
40 9 1
3193 9 1
2257 9 1
295 9 1
33 9 1
289 9 1
2110 9 1
1845 9 1
3043 9 1
37 9 1
2955 9 1
260 9 1
1059 9 1
211 9 1
2248 9 1
325 9 1
3809 9 1
1487 9 1
1102 9 1
71 9 1
5 9 1
1224 9 1
2396 9 1
288 9 1
1185 9 1
4088 9 1
0 9 1
47 9 1
2492 9 1
3734 9 1
2275 9 1
2629 9 1
1233 9 1
4740 9 1
1052 9 1
3207 9 1
4173 9 1
4299 9 1
4551 9 1
728 9 1
400 9 1
48 9 1
2540 9 1
957 9 1
4236 9 1
4302 9 1
3742 9 1
2713 9 1
2862 9 1
519 9 1
29 9 1
4505 9 1
3961 9 1
1157 9 1
4836 9 1
648 9 1
3397 9 1
49 9 1
655 9 1
951 9 1
2886 9 1
987 9 1
1948 9 1
3158 9 1
1 9 1
3316 9 1
343 9 1
3 9 1
3863 9 1
480 9 1
282 9 1
2614 9 1
2761 9 1
62 9 1
809 9 1
3027 9 1
207 9 1
3045 9 1
231 9 1
751 9 1
31 9 1
548 9 1
196 9 1
1172 9 1
783 9 1
408 9 1
515 9 1
206 9 1
446 9 1
1814 9 1
7 9 1
2293 9 1
1506 9 1
1287 9 1
4032 9 1
93 9 1
1377 9 1
2956 9 1
3952 9 1
394 9 1
501 9 1
928 9 1
359 9 1
1830 9 1
3361 9 1
80 9 1
807 9 1
3199 9 1
3071 9 1
955 9 1
1672 9 1
4364 9 1
312 9 1
1449 9 1
950 9 1
1201 9 1
34 9 1
89 9 1
0 9 1
4024 9 1
4222 9 1
1116 9 1
1866 9 1
1703 9 1
287 9 1
162 9 1
633 9 1
1267 9 1
1856 9 1
4806 9 1
1256 9 1
4716 9 1
74 9 1
1240 9 1
2814 9 1
280 9 1
402 9 1
1344 9 1
1414 9 1
1277 9 1
4598 9 1
141 9 1
4162 9 1
1890 9 1
2985 9 1
4540 9 1
25 9 1
241 9 1
414 9 1
2429 9 1
97 9 1
4708 9 1
90 9 1
41 9 1
2059 9 1
1336 9 1
263 9 1
2118 9 1
546 9 1
610 9 1
1189 9 1
1415 9 1
256 9 1
509 9 1
1590 9 1
268 9 1
3294 9 1
364 9 1
3387 9 1
22 9 1
1429 9 1
369 9 1
324 9 1
1212 9 1
2648 9 1
797 9 1
830 9 1
1373 9 1
1329 9 1
654 9 1
1511 9 1
2736 9 1
2061 9 1
158 9 1
3125 9 1
870 9 1
128 9 1
2 9 1
251 9 1
2478 9 1
1884 9 1
116 9 1
4261 9 1
3839 9 1
2494 9 1
1113 9 1
3459 9 1
1776 9 1
200 9 1
3504 9 1
517 9 1
591 9 1
214 9 1
231 9 1
588 9 1
3022 9 1
2839 9 1
3207 9 1
379 9 1
238 9 1
265 9 1
2890 9 1
849 9 1
1511 9 1
1283 9 1
4347 9 1
41 10 1
649 10 1
3930 10 1
4799 10 1
1304 10 1
920 10 1
50 10 1
346 10 1
1030 10 1
1276 10 1
1655 10 1
552 10 1
550 10 1
862 10 1
378 10 1
3628 10 1
95 10 1
1161 10 1
4949 10 1
5 10 1
3593 10 1
15 10 1
1152 10 1
3703 10 1
204 10 1
4295 10 1
3728 10 1
362 10 1
101 10 1
3182 10 1
329 10 1
4091 10 1
1968 10 1
1160 10 1
37 10 1
1069 10 1
2703 10 1
725 10 1
38 10 1
36 10 1
4302 10 1
975 10 1
201 10 1
2821 10 1
1950 10 1
152 10 1
65 10 1
1143 10 1
39 10 1
3684 10 1
3279 10 1
1524 10 1
100 10 1
322 10 1
405 10 1
2 10 1
1268 10 1
71 10 1
4525 10 1
658 10 1
266 10 1
73 10 1
3506 10 1
2912 10 1
102 10 1
5 10 1
449 10 1
1847 10 1
4433 10 1
64 10 1
2 10 1
27 10 1
3240 10 1
29 10 1
3990 10 1
1374 10 1
3431 10 1
7 10 1
324 10 1
517 10 1
628 10 1
817 10 1
1532 10 1
129 10 1
2954 10 1
4564 10 1
1993 10 1
4233 10 1
4956 10 1
4 10 1
4 10 1
895 10 1
2877 10 1
2130 10 1
1425 10 1
50 10 1
1197 10 1
641 10 1
4369 10 1
4527 10 1
3013 10 1
4187 10 1
4683 10 1
4113 10 1
2145 10 1
124 10 1
56 10 1
127 10 1
40 10 1
1884 10 1
3419 10 1
135 10 1
1926 10 1
2078 10 1
20 10 1
4894 10 1
732 10 1
4 10 1
71 10 1
1747 10 1
127 10 1
1556 10 1
2960 10 1
1453 10 1
1459 10 1
1583 10 1
3 10 1
454 10 1
135 10 1
31 10 1
1124 10 1
1180 10 1
3544 10 1
1823 10 1
75 10 1
12 10 1
71 10 1
1743 10 1
1722 10 1
1261 10 1
3864 10 1
3373 10 1
993 10 1
1809 10 1
1941 10 1
4835 10 1
2 10 1
1007 10 1
889 10 1
1109 10 1
120 10 1
3753 10 1
4895 10 1
4767 10 1
4800 10 1
4390 10 1
2545 10 1
2685 10 1
2817 10 1
1351 10 1
1816 10 1
166 10 1
887 10 1
8 10 1
4150 10 1
3761 10 1
297 10 1
4052 10 1
2607 10 1
154 10 1
835 10 1
302 10 1
307 10 1
485 10 1
664 10 1
4704 10 1
2445 10 1
352 10 1
3118 10 1
570 10 1
1573 10 1
223 10 1
1932 10 1
2746 10 1
4354 10 1
4743 10 1
3388 10 1
4 10 1
2489 10 1
337 10 1
148 10 1
850 10 1
3334 10 1
1556 10 1
13 10 1
277 10 1
173 10 1
486 10 1
1415 10 1
1145 10 1
9 10 1
1145 10 1
147 10 1
951 10 1
1174 10 1
4185 10 1
592 10 1
380 10 1
320 10 1
589 10 1
892 10 1
2593 10 1
2395 10 1
847 10 1
2446 10 1
621 10 1
1437 10 1
1145 10 1
54 10 1
684 10 1
358 10 1
4322 10 1
967 10 1
703 10 1
511 10 1
2 10 1
561 10 1
130 10 1
3053 10 1
1971 10 1
4902 10 1
556 10 1
311 10 1
8 10 1
57 10 1
3747 10 1
1935 10 1
1986 10 1
2361 10 1
410 10 1
288 10 1
877 10 1
2767 10 1
3042 10 1
115 10 1
116 10 1
2310 10 1
1238 10 1
808 10 1
4881 10 1
282 10 1
487 10 1
1801 10 1
1743 10 1
2585 10 1
811 10 1
4159 10 1
1083 10 1
3593 10 1
1857 10 1
614 10 1
18 10 1
1561 10 1
60 10 1
4556 10 1
234 10 1
4884 10 1
3826 10 1
11 10 1
524 10 1
3747 10 1
18 10 1
18 10 1
1049 10 1
11 10 1
2883 10 1
932 10 1
3758 10 1
2038 10 1
85 10 1
0 10 1
1339 10 1
3794 10 1
2056 10 1
108 10 1
1950 10 1
198 10 1
301 10 1
4505 10 1
888 10 1
3287 10 1
42 10 1
2005 10 1
77 10 1
243 10 1
1492 10 1
4660 10 1
734 10 1
4596 10 1
4052 10 1
4883 10 1
1211 10 1
1649 10 1
199 10 1
971 10 1
3971 10 1
184 10 1
2716 10 1
2522 10 1
3937 10 1
1123 10 1
2588 10 1
137 10 1
2 10 1
266 10 1
116 10 1
4021 10 1
1628 10 1
3907 10 1
1866 10 1
156 10 1
488 10 1
68 10 1
46 10 1
4 10 1
4050 10 1
1744 10 1
208 10 1
70 10 1
4970 10 1
0 10 1
297 10 1
2152 10 1
2515 10 1
454 10 1
3457 10 1
3137 10 1
1062 10 1
3214 10 1
1494 10 1
3851 10 1
176 10 1
54 10 1
3253 10 1
3574 10 1
764 10 1
374 11 1
528 11 1
878 11 1
3407 11 1
318 11 1
4393 11 1
1608 11 1
2889 11 1
423 11 1
1697 11 1
189 11 1
4416 11 1
4425 11 1
551 11 1
3925 11 1
1621 11 1
1363 11 1
881 11 1
1942 11 1
22 11 1
1909 11 1
1389 11 1
1827 11 1
537 11 1
3230 11 1
4716 11 1
626 11 1
1656 11 1
2784 11 1
644 11 1
1265 11 1
3 11 1
3593 11 1
310 11 1
4122 11 1
4644 11 1
3134 11 1
59 11 1
7 11 1
2895 11 1
2965 11 1
3 11 1
352 11 1
780 11 1
3190 11 1
210 11 1
1645 11 1
4692 11 1
2746 11 1
1308 11 1
3666 11 1
909 11 1
897 11 1
2865 11 1
708 11 1
1492 11 1
1802 11 1
3708 11 1
374 11 1
56 11 1
1864 11 1
2552 11 1
3554 11 1
104 11 1
374 11 1
558 11 1
569 11 1
669 11 1
391 11 1
16 11 1
1877 11 1
64 11 1
3558 11 1
1583 11 1
440 11 1
4719 11 1
1920 11 1
393 11 1
829 11 1
4927 11 1
2013 11 1
5 11 1
4281 11 1
1 11 1
13 11 1
1724 11 1
1791 11 1
53 11 1
3761 11 1
3069 11 1
1735 11 1
2556 11 1
1720 11 1
675 11 1
202 11 1
17 11 1
121 11 1
2360 11 1
2017 11 1
1033 11 1
104 11 1
626 11 1
2114 11 1
4738 11 1
3647 11 1
737 11 1
3978 11 1
508 11 1
694 11 1
2996 11 1
817 11 1
78 11 1
2054 11 1
452 11 1
46 11 1
150 11 1
1004 11 1
1936 11 1
780 11 1
2153 11 1
137 11 1
4210 11 1
178 11 1
3110 11 1
1109 11 1
24 11 1
3647 11 1
427 11 1
3598 11 1
784 11 1
4461 11 1
287 11 1
471 11 1
0 11 1
3505 11 1
105 11 1
1290 11 1
1193 11 1
1682 11 1
1844 11 1
1450 11 1
3597 11 1
2396 11 1
504 11 1
3147 11 1
4733 11 1
61 11 1
94 11 1
167 11 1
1516 11 1
880 11 1
176 11 1
190 11 1
3196 11 1
804 11 1
1794 11 1
1542 11 1
402 11 1
1020 11 1
2070 11 1
1079 11 1
210 11 1
278 11 1
18 11 1
1633 11 1
98 11 1
3811 11 1
2552 11 1
1762 11 1
3786 11 1
636 11 1
2288 11 1
3239 11 1
2016 11 1
2832 11 1
4835 11 1
4833 11 1
79 11 1
3493 11 1
663 11 1
4549 11 1
317 11 1
3806 11 1
1567 11 1
1895 11 1
1936 11 1
479 11 1
80 11 1
3298 11 1
988 11 1
600 11 1
4389 11 1
1855 11 1
1141 11 1
151 11 1
1157 11 1
3603 11 1
3664 11 1
3102 11 1
521 11 1
1223 11 1
2807 11 1
3177 11 1
446 11 1
243 11 1
2860 11 1
4173 11 1
4871 11 1
436 11 1
369 11 1
1782 11 1
2570 11 1
1570 11 1
4927 11 1
3428 11 1
3693 11 1
1067 11 1
4870 11 1
2615 11 1
63 11 1
2495 11 1
3938 11 1
1728 11 1
879 11 1
114 11 1
1050 11 1
3735 11 1
2676 11 1
4961 11 1
15 11 1
636 11 1
1843 11 1
1246 11 1
0 11 1
2254 11 1
4951 11 1
3194 11 1
2699 11 1
571 11 1
1583 11 1
314 11 1
503 11 1
4770 11 1
20 11 1
3531 11 1
593 11 1
626 11 1
600 11 1
20 11 1
1140 11 1
258 11 1
1102 11 1
2102 11 1
2499 11 1
1479 11 1
3958 11 1
3364 11 1
305 11 1
14 11 1
219 11 1
4200 11 1
753 11 1
244 11 1
3433 11 1
3814 11 1
86 11 1
3299 11 1
1148 11 1
196 11 1
129 11 1
4413 11 1
565 11 1
530 11 1
485 11 1
652 11 1
482 11 1
0 11 1
4045 11 1
1870 11 1
1 11 1
3549 11 1
4429 11 1
2800 11 1
0 11 1
439 11 1
1314 11 1
4887 11 1
15 11 1
471 11 1
1286 11 1
85 11 1
568 11 1
0 11 1
1646 11 1
524 11 1
0 11 1
2572 11 1
3012 11 1
3709 11 1
4666 11 1
419 11 1
1044 11 1
119 11 1
3407 11 1
2378 11 1
2476 11 1
0 11 1
0 11 1
3083 11 1
1278 11 1
4687 11 1
130 11 1
1614 11 1
3098 11 1
568 11 1
1825 11 1
476 11 1
638 11 1
3297 11 1
2818 11 1
253 11 1
179 11 1
3019 11 1
17 11 1
3062 11 1
283 11 1
2666 11 1
2017 11 1
304 11 1
2031 11 1
509 11 1
215 11 1
194 11 1
1532 11 1
401 11 1
3581 11 1
367 11 1
2359 11 1
1138 11 1
4701 11 1
49 11 1
267 11 1
3570 11 1
112 11 1
509 11 1
292 11 1
1639 12 1
263 12 1
529 12 1
3645 12 1
2299 12 1
2489 12 1
2299 12 1
630 12 1
900 12 1
2732 12 1
27 12 1
3802 12 1
304 12 1
3177 12 1
341 12 1
3759 12 1
364 12 1
4450 12 1
1773 12 1
0 12 1
3981 12 1
5 12 1
1668 12 1
155 12 1
46 12 1
1730 12 1
1175 12 1
260 12 1
3045 12 1
1197 12 1
1748 12 1
657 12 1
4216 12 1
527 12 1
220 12 1
1510 12 1
3268 12 1
3346 12 1
4429 12 1
3665 12 1
1113 12 1
2627 12 1
3542 12 1
0 12 1
177 12 1
103 12 1
4 12 1
3099 12 1
4034 12 1
114 12 1
189 12 1
60 12 1
3547 12 1
1693 12 1
2 12 1
815 12 1
4478 12 1
669 12 1
179 12 1
443 12 1
0 12 1
3604 12 1
1404 12 1
1028 12 1
1646 12 1
512 12 1
433 12 1
3105 12 1
231 12 1
185 12 1
157 12 1
610 12 1
2361 12 1
2554 12 1
233 12 1
58 12 1
113 12 1
98 12 1
113 12 1
4091 12 1
3297 12 1
1892 12 1
2749 12 1
1012 12 1
356 12 1
1452 12 1
1605 12 1
255 12 1
1050 12 1
382 12 1
3809 12 1
261 12 1
1709 12 1
2067 12 1
468 12 1
2197 12 1
187 12 1
2810 12 1
4090 12 1
4304 12 1
654 12 1
730 12 1
3223 12 1
4751 12 1
2305 12 1
28 12 1
1465 12 1
3701 12 1
4342 12 1
141 12 1
111 12 1
0 12 1
3084 12 1
452 12 1
772 12 1
2611 12 1
1813 12 1
3392 12 1
2593 12 1
4054 12 1
3692 12 1
4913 12 1
3550 12 1
2999 12 1
1013 12 1
3840 12 1
3505 12 1
251 12 1
1493 12 1
2192 12 1
1162 12 1
372 12 1
67 12 1
2661 12 1
753 12 1
684 12 1
2915 12 1
36 12 1
661 12 1
76 12 1
759 12 1
2028 12 1
4266 12 1
3802 12 1
180 12 1
3071 12 1
1443 12 1
2081 12 1
1117 12 1
1036 12 1
845 12 1
34 12 1
1926 12 1
659 12 1
2145 12 1
918 12 1
471 12 1
3200 12 1
920 12 1
3 12 1
4369 12 1
2345 12 1
539 12 1
1322 12 1
1068 12 1
2106 12 1
1036 12 1
4733 12 1
369 12 1
898 12 1
1692 12 1
2588 12 1
4211 12 1
1446 12 1
4761 12 1
3644 12 1
2826 12 1
82 12 1
804 12 1
2643 12 1
3002 12 1
4048 12 1
192 12 1
1821 12 1
241 12 1
3747 12 1
150 12 1
3279 12 1
3 12 1
1201 12 1
3900 12 1
3747 12 1
2005 12 1
3834 12 1
1841 12 1
1598 12 1
1434 12 1
740 12 1
3701 12 1
2063 12 1
3329 12 1
186 12 1
99 12 1
19 12 1
882 12 1
917 12 1
2614 12 1
271 12 1
672 12 1
634 12 1
1296 12 1
2121 12 1
3619 12 1
165 12 1
895 12 1
903 12 1
1343 12 1
1026 12 1
1515 12 1
12 12 1
34 12 1
2663 12 1
334 12 1
907 12 1
399 12 1
2963 12 1
668 12 1
1811 12 1
4725 12 1
3118 12 1
1671 12 1
742 12 1
1259 12 1
2458 12 1
2269 12 1
241 12 1
218 12 1
482 12 1
3071 12 1
4623 12 1
4859 12 1
1000 12 1
4849 12 1
1492 12 1
41 12 1
433 12 1
180 12 1
3625 12 1
0 12 1
2075 12 1
1236 12 1
4943 12 1
2434 12 1
1554 12 1
215 12 1
608 12 1
929 12 1
360 12 1
176 12 1
1612 12 1
1392 12 1
4471 12 1
3699 12 1
367 12 1
1135 12 1
26 12 1
147 12 1
4725 12 1
148 12 1
4322 12 1
3727 12 1
2682 12 1
2833 12 1
1247 12 1
3192 12 1
2890 12 1
38 12 1
1478 12 1
3729 12 1
618 12 1
516 12 1
1892 12 1
1282 12 1
208 12 1
22 12 1
382 12 1
3327 12 1
611 12 1
139 12 1
18 12 1
482 12 1
4773 12 1
383 12 1
3125 12 1
1793 12 1
14 12 1
3307 12 1
3664 12 1
1620 12 1
42 12 1
4874 12 1
68 12 1
3773 12 1
111 12 1
2088 12 1
809 12 1
1482 12 1
3583 12 1
33 12 1
2047 12 1
4521 12 1
4767 12 1
309 12 1
1628 12 1
261 12 1
2398 12 1
695 12 1
515 12 1
4760 12 1
4052 12 1
1195 12 1
109 12 1
267 12 1
4373 12 1
2168 12 1
1479 12 1
1065 12 1
188 12 1
542 12 1
89 12 1
266 12 1
1836 12 1
169 12 1
3586 12 1
497 12 1
76 12 1
479 12 1
2117 12 1
655 12 1
1046 12 1
3327 12 1
1401 12 1
5 12 1
176 12 1
38 12 1
11 12 1
17 13 1
1477 13 1
537 13 1
416 13 1
1210 13 1
688 13 1
2362 13 1
4936 13 1
2644 13 1
557 13 1
440 13 1
628 13 1
1200 13 1
251 13 1
155 13 1
1988 13 1
1432 13 1
4965 13 1
14 13 1
1520 13 1
1028 13 1
3629 13 1
456 13 1
667 13 1
0 13 1
4591 13 1
1416 13 1
264 13 1
1719 13 1
2091 13 1
4368 13 1
1507 13 1
3 13 1
10 13 1
12 13 1
1176 13 1
2376 13 1
1179 13 1
881 13 1
64 13 1
0 13 1
17 13 1
58 13 1
97 13 1
132 13 1
541 13 1
210 13 1
3258 13 1
0 13 1
668 13 1
2121 13 1
4199 13 1
78 13 1
2016 13 1
176 13 1
3204 13 1
2363 13 1
662 13 1
44 13 1
1667 13 1
411 13 1
4526 13 1
196 13 1
3 13 1
187 13 1
3973 13 1
343 13 1
1984 13 1
4827 13 1
2128 13 1
937 13 1
4454 13 1
667 13 1
4064 13 1
734 13 1
3188 13 1
1134 13 1
1938 13 1
3331 13 1
4381 13 1
2071 13 1
2327 13 1
2496 13 1
3184 13 1
539 13 1
132 13 1
81 13 1
3971 13 1
873 13 1
473 13 1
1687 13 1
129 13 1
46 13 1
2 13 1
4983 13 1
1202 13 1
4881 13 1
2032 13 1
0 13 1
0 13 1
2887 13 1
584 13 1
47 13 1
1052 13 1
446 13 1
3791 13 1
57 13 1
2193 13 1
2928 13 1
841 13 1
4715 13 1
1226 13 1
1364 13 1
3372 13 1
4888 13 1
1595 13 1
141 13 1
1441 13 1
4538 13 1
4277 13 1
2493 13 1
228 13 1
3167 13 1
4298 13 1
2234 13 1
1891 13 1
3471 13 1
1147 13 1
1892 13 1
3548 13 1
216 13 1
3381 13 1
957 13 1
32 13 1
3072 13 1
1257 13 1
3571 13 1
0 13 1
379 13 1
1 13 1
10 13 1
1749 13 1
1029 13 1
158 13 1
10 13 1
2133 13 1
1201 13 1
319 13 1
8 13 1
854 13 1
1218 13 1
292 13 1
1257 13 1
4486 13 1
863 13 1
862 13 1
1426 13 1
3427 13 1
4193 13 1
15 13 1
450 13 1
8 13 1
979 13 1
996 13 1
3289 13 1
3548 13 1
2299 13 1
454 13 1
2455 13 1
219 13 1
4822 13 1
1472 13 1
8 13 1
3706 13 1
1613 13 1
3268 13 1
1913 13 1
0 13 1
1572 13 1
137 13 1
52 13 1
452 13 1
255 13 1
4083 13 1
790 13 1
4142 13 1
810 13 1
92 13 1
887 13 1
2664 13 1
150 13 1
14 13 1
2108 13 1
602 13 1
4603 13 1
15 13 1
357 13 1
3564 13 1
1698 13 1
1335 13 1
2541 13 1
749 13 1
2012 13 1
2437 13 1
1220 13 1
2296 13 1
2362 13 1
4180 13 1
409 13 1
3649 13 1
136 13 1
827 13 1
564 13 1
4033 13 1
4849 13 1
1915 13 1
433 13 1
3830 13 1
4905 13 1
31 13 1
2737 13 1
102 13 1
1508 13 1
2528 13 1
2600 13 1
4819 13 1
1146 13 1
370 13 1
75 13 1
401 13 1
1084 13 1
4561 13 1
1571 13 1
572 13 1
3913 13 1
1461 13 1
723 13 1
1547 13 1
14 13 1
3714 13 1
1270 13 1
3033 13 1
269 13 1
655 13 1
14 13 1
556 13 1
2188 13 1
2876 13 1
1351 13 1
141 13 1
1293 13 1
2397 13 1
1692 13 1
7 13 1
1943 13 1
1256 13 1
4764 13 1
2135 13 1
2468 13 1
2581 13 1
686 13 1
67 13 1
2422 13 1
313 13 1
4601 13 1
3565 13 1
361 13 1
199 13 1
2740 13 1
2004 13 1
2669 13 1
351 13 1
3841 13 1
3892 13 1
687 13 1
1135 13 1
4842 13 1
159 13 1
3850 13 1
432 13 1
545 13 1
2052 13 1
977 13 1
4253 13 1
1360 13 1
3823 13 1
4362 13 1
2552 13 1
4831 13 1
2517 13 1
957 13 1
15 13 1
2539 13 1
4208 13 1
1669 13 1
3238 13 1
4926 13 1
281 13 1
1308 13 1
1391 13 1
763 13 1
965 13 1
2171 13 1
445 13 1
52 13 1
3977 13 1
571 13 1
4467 13 1
209 13 1
13 13 1
459 13 1
2242 13 1
4442 13 1
363 13 1
82 13 1
1305 13 1
968 13 1
1611 13 1
15 13 1
175 13 1
1872 13 1
68 13 1
623 13 1
2522 13 1
3672 13 1
87 13 1
2785 13 1
156 13 1
2310 13 1
1018 13 1
2072 13 1
451 13 1
1757 13 1
4221 13 1
2349 13 1
425 13 1
1471 13 1
163 13 1
1317 13 1
687 13 1
3898 13 1
1754 13 1
4070 13 1
3141 13 1
2983 13 1
3431 13 1
680 14 1
1306 14 1
2641 14 1
1059 14 1
576 14 1
3285 14 1
1653 14 1
4105 14 1
514 14 1
0 14 1
424 14 1
32 14 1
1407 14 1
31 14 1
2145 14 1
12 14 1
757 14 1
2571 14 1
4134 14 1
1319 14 1
394 14 1
3188 14 1
2468 14 1
13 14 1
2354 14 1
1106 14 1
290 14 1
743 14 1
22 14 1
1649 14 1
4676 14 1
2233 14 1
1441 14 1
968 14 1
1816 14 1
3728 14 1
1 14 1
255 14 1
142 14 1
4391 14 1
90 14 1
330 14 1
392 14 1
2239 14 1
11 14 1
2901 14 1
1154 14 1
3505 14 1
3533 14 1
197 14 1
171 14 1
2502 14 1
2366 14 1
399 14 1
2487 14 1
3898 14 1
235 14 1
53 14 1
1822 14 1
3851 14 1
83 14 1
39 14 1
1113 14 1
4972 14 1
3720 14 1
36 14 1
3929 14 1
578 14 1
1441 14 1
3924 14 1
246 14 1
1462 14 1
71 14 1
2548 14 1
1 14 1
1411 14 1
1441 14 1
2182 14 1
250 14 1
2936 14 1
45 14 1
148 14 1
989 14 1
11 14 1
35 14 1
240 14 1
2441 14 1
244 14 1
950 14 1
2405 14 1
474 14 1
1564 14 1
1127 14 1
2621 14 1
426 14 1
0 14 1
2816 14 1
3547 14 1
635 14 1
2351 14 1
4929 14 1
3963 14 1
1172 14 1
1304 14 1
4506 14 1
1163 14 1
3779 14 1
4136 14 1
22 14 1
2726 14 1
2222 14 1
885 14 1
1876 14 1
2438 14 1
4403 14 1
1035 14 1
22 14 1
100 14 1
1488 14 1
789 14 1
3704 14 1
62 14 1
1348 14 1
1628 14 1
12 14 1
4572 14 1
4040 14 1
201 14 1
4978 14 1
1004 14 1
4119 14 1
232 14 1
4714 14 1
2948 14 1
954 14 1
1439 14 1
1 14 1
4695 14 1
3637 14 1
4735 14 1
4131 14 1
1871 14 1
135 14 1
187 14 1
2717 14 1
329 14 1
4672 14 1
7 14 1
103 14 1
647 14 1
2766 14 1
4361 14 1
3979 14 1
1892 14 1
904 14 1
29 14 1
543 14 1
2514 14 1
15 14 1
227 14 1
717 14 1
15 14 1
2811 14 1
192 14 1
2059 14 1
1959 14 1
1485 14 1
3009 14 1
4 14 1
1770 14 1
576 14 1
4667 14 1
3291 14 1
2248 14 1
2370 14 1
4548 14 1
3330 14 1
624 14 1
3891 14 1
4836 14 1
1770 14 1
424 14 1
3028 14 1
4651 14 1
1373 14 1
0 14 1
215 14 1
588 14 1
3 14 1
1548 14 1
1462 14 1
4302 14 1
70 14 1
1647 14 1
2368 14 1
1427 14 1
809 14 1
2145 14 1
1266 14 1
9 14 1
1383 14 1
812 14 1
1146 14 1
347 14 1
2035 14 1
4819 14 1
448 14 1
1552 14 1
2035 14 1
122 14 1
4651 14 1
693 14 1
3131 14 1
1077 14 1
206 14 1
30 14 1
3652 14 1
1321 14 1
10 14 1
4136 14 1
601 14 1
4532 14 1
3171 14 1
1857 14 1
119 14 1
880 14 1
2597 14 1
27 14 1
1155 14 1
1094 14 1
1448 14 1
2491 14 1
444 14 1
226 14 1
3276 14 1
151 14 1
165 14 1
2817 14 1
760 14 1
69 14 1
2534 14 1
4045 14 1
4 14 1
35 14 1
4376 14 1
333 14 1
2253 14 1
146 14 1
24 14 1
410 14 1
1073 14 1
31 14 1
764 14 1
1688 14 1
1 14 1
2860 14 1
307 14 1
4532 14 1
53 14 1
350 14 1
1426 14 1
183 14 1
3204 14 1
911 14 1
668 14 1
3073 14 1
3608 14 1
2237 14 1
614 14 1
2240 14 1
2166 14 1
3211 14 1
3837 14 1
4863 14 1
521 14 1
4 14 1
2109 14 1
1839 14 1
4616 14 1
3572 14 1
14 14 1
886 14 1
99 14 1
957 14 1
3532 14 1
658 14 1
1356 14 1
1873 14 1
460 14 1
995 14 1
411 14 1
102 14 1
1164 14 1
2618 14 1
3636 14 1
2335 14 1
3397 14 1
173 14 1
2983 14 1
1810 14 1
3328 14 1
1739 14 1
98 14 1
704 14 1
195 14 1
4156 14 1
844 14 1
408 14 1
2230 14 1
1182 14 1
6 14 1
561 14 1
2582 14 1
4 14 1
717 14 1
36 14 1
1722 14 1
60 14 1
890 14 1
936 14 1
677 14 1
14 14 1
51 14 1
1521 14 1
436 14 1
2697 14 1
504 14 1
83 14 1
2059 14 1
3456 14 1
389 14 1
740 14 1
602 14 1
1054 14 1
3438 14 1
2828 14 1
2750 14 1
289 14 1
1 14 1
2363 14 1
1690 14 1
2719 14 1
2314 14 1
982 14 1
3598 14 1
2101 14 1
1885 15 1
4522 15 1
0 15 1
3332 15 1
1118 15 1
1140 15 1
195 15 1
2966 15 1
164 15 1
2458 15 1
3033 15 1
2308 15 1
1358 15 1
284 15 1
2979 15 1
3541 15 1
3715 15 1
2382 15 1
4341 15 1
3 15 1
681 15 1
4880 15 1
1973 15 1
4193 15 1
726 15 1
142 15 1
4296 15 1
3916 15 1
2189 15 1
2042 15 1
586 15 1
394 15 1
1074 15 1
3897 15 1
755 15 1
970 15 1
1738 15 1
1468 15 1
220 15 1
1472 15 1
573 15 1
4645 15 1
642 15 1
592 15 1
348 15 1
1204 15 1
136 15 1
344 15 1
0 15 1
1495 15 1
1059 15 1
4712 15 1
75 15 1
2268 15 1
354 15 1
232 15 1
1167 15 1
4232 15 1
3555 15 1
944 15 1
2489 15 1
2418 15 1
503 15 1
1168 15 1
1698 15 1
204 15 1
3632 15 1
3214 15 1
62 15 1
225 15 1
2296 15 1
627 15 1
9 15 1
508 15 1
0 15 1
2104 15 1
168 15 1
7 15 1
3556 15 1
4387 15 1
3581 15 1
683 15 1
4259 15 1
4461 15 1
4 15 1
2695 15 1
2228 15 1
311 15 1
68 15 1
4036 15 1
914 15 1
0 15 1
1 15 1
3207 15 1
1002 15 1
2837 15 1
1811 15 1
1705 15 1
796 15 1
2997 15 1
1146 15 1
3966 15 1
620 15 1
584 15 1
323 15 1
398 15 1
2738 15 1
2348 15 1
65 15 1
91 15 1
2354 15 1
812 15 1
391 15 1
2219 15 1
2771 15 1
3039 15 1
2258 15 1
4704 15 1
3981 15 1
2259 15 1
64 15 1
3724 15 1
4319 15 1
3128 15 1
2653 15 1
4667 15 1
916 15 1
1435 15 1
754 15 1
3485 15 1
1433 15 1
2 15 1
236 15 1
2692 15 1
2804 15 1
260 15 1
1424 15 1
2 15 1
1074 15 1
4103 15 1
3212 15 1
11 15 1
4580 15 1
3006 15 1
1745 15 1
629 15 1
989 15 1
4654 15 1
489 15 1
322 15 1
1534 15 1
3046 15 1
1637 15 1
2241 15 1
1669 15 1
1787 15 1
152 15 1
4410 15 1
534 15 1
304 15 1
135 15 1
1786 15 1
1823 15 1
4639 15 1
1861 15 1
547 15 1
1062 15 1
2069 15 1
1369 15 1
4217 15 1
184 15 1
2074 15 1
1665 15 1
3767 15 1
335 15 1
1151 15 1
7 15 1
3647 15 1
2104 15 1
223 15 1
92 15 1
877 15 1
1733 15 1
3510 15 1
613 15 1
1582 15 1
2386 15 1
4035 15 1
1632 15 1
371 15 1
718 15 1
6 15 1
977 15 1
386 15 1
2835 15 1
276 15 1
3050 15 1
3900 15 1
4666 15 1
511 15 1
1518 15 1
40 15 1
986 15 1
2085 15 1
0 15 1
1269 15 1
1172 15 1
2843 15 1
3128 15 1
21 15 1
1436 15 1
2769 15 1
224 15 1
3433 15 1
1222 15 1
15 15 1
1252 15 1
381 15 1
1622 15 1
1528 15 1
695 15 1
870 15 1
4219 15 1
221 15 1
1781 15 1
2438 15 1
2342 15 1
4374 15 1
372 15 1
4008 15 1
469 15 1
2770 15 1
708 15 1
166 15 1
1700 15 1
1369 15 1
83 15 1
1604 15 1
571 15 1
199 15 1
161 15 1
328 15 1
3201 15 1
915 15 1
33 15 1
171 15 1
1846 15 1
0 15 1
3671 15 1
13 15 1
478 15 1
2453 15 1
2417 15 1
662 15 1
11 15 1
1428 15 1
210 15 1
428 15 1
431 15 1
1694 15 1
661 15 1
3042 15 1
23 15 1
263 15 1
1627 15 1
1914 15 1
1764 15 1
396 15 1
1035 15 1
2334 15 1
4218 15 1
1072 15 1
4148 15 1
374 15 1
341 15 1
84 15 1
424 15 1
2609 15 1
3806 15 1
89 15 1
1343 15 1
2017 15 1
487 15 1
907 15 1
3584 15 1
1193 15 1
1858 15 1
1438 15 1
1089 15 1
3457 15 1
3803 15 1
769 15 1
1607 15 1
881 15 1
2181 15 1
3371 15 1
1776 15 1
1600 15 1
359 15 1
105 15 1
920 15 1
1843 15 1
1 15 1
820 15 1
659 15 1
1303 15 1
79 15 1
2399 15 1
1 15 1
5 15 1
264 15 1
1676 15 1
24 15 1
2850 15 1
1380 15 1
3309 15 1
283 15 1
2576 15 1
1787 15 1
1 15 1
4520 15 1
2104 15 1
2579 15 1
1348 15 1
1 15 1
914 15 1
4177 15 1
21 15 1
45 15 1
67 15 1
2703 15 1
4003 15 1
854 15 1
299 15 1
4047 15 1
3474 15 1
3340 15 1
15 15 1
308 15 1
375 15 1
3831 15 1
4003 15 1
5 15 1
729 15 1
2486 15 1
4444 15 1
34 16 1
3551 16 1
105 16 1
376 16 1
168 16 1
638 16 1
103 16 1
207 16 1
1056 16 1
4335 16 1
11 16 1
70 16 1
862 16 1
3734 16 1
3840 16 1
655 16 1
3784 16 1
1318 16 1
2167 16 1
40 16 1
4221 16 1
2431 16 1
92 16 1
261 16 1
13 16 1
1028 16 1
4026 16 1
1 16 1
2090 16 1
35 16 1
3191 16 1
3416 16 1
60 16 1
3594 16 1
4009 16 1
3505 16 1
2530 16 1
2044 16 1
28 16 1
2286 16 1
33 16 1
1462 16 1
1225 16 1
432 16 1
75 16 1
359 16 1
3057 16 1
1335 16 1
153 16 1
3020 16 1
4553 16 1
1971 16 1
1379 16 1
3066 16 1
203 16 1
2980 16 1
1232 16 1
433 16 1
2673 16 1
4214 16 1
3150 16 1
2683 16 1
1166 16 1
4520 16 1
3370 16 1
792 16 1
546 16 1
1 16 1
1 16 1
1756 16 1
4582 16 1
4420 16 1
4796 16 1
1214 16 1
876 16 1
1217 16 1
125 16 1
1224 16 1
724 16 1
4953 16 1
2734 16 1
3267 16 1
1811 16 1
1405 16 1
232 16 1
895 16 1
59 16 1
374 16 1
92 16 1
269 16 1
2153 16 1
4555 16 1
134 16 1
2416 16 1
1757 16 1
1371 16 1
2256 16 1
1331 16 1
1363 16 1
36 16 1
2013 16 1
104 16 1
196 16 1
1277 16 1
2915 16 1
1013 16 1
81 16 1
206 16 1
1012 16 1
1453 16 1
4549 16 1
2411 16 1
277 16 1
959 16 1
4172 16 1
1431 16 1
13 16 1
1744 16 1
1868 16 1
1620 16 1
6 16 1
2783 16 1
2099 16 1
2116 16 1
1970 16 1
272 16 1
147 16 1
0 16 1
1569 16 1
687 16 1
145 16 1
99 16 1
3508 16 1
841 16 1
0 16 1
1702 16 1
445 16 1
4811 16 1
2470 16 1
2230 16 1
2867 16 1
4287 16 1
4708 16 1
68 16 1
4490 16 1
533 16 1
491 16 1
455 16 1
2657 16 1
2122 16 1
3545 16 1
2027 16 1
1944 16 1
73 16 1
2447 16 1
3680 16 1
4215 16 1
4959 16 1
2084 16 1
4174 16 1
1440 16 1
2126 16 1
65 16 1
916 16 1
74 16 1
1998 16 1
481 16 1
1506 16 1
43 16 1
606 16 1
27 16 1
1470 16 1
489 16 1
2778 16 1
3753 16 1
3089 16 1
810 16 1
3175 16 1
1623 16 1
376 16 1
91 16 1
2966 16 1
3842 16 1
4133 16 1
2724 16 1
915 16 1
360 16 1
3908 16 1
1068 16 1
5 16 1
766 16 1
808 16 1
233 16 1
2705 16 1
0 16 1
187 16 1
3202 16 1
2780 16 1
2632 16 1
3131 16 1
36 16 1
41 16 1
575 16 1
1015 16 1
30 16 1
1109 16 1
4861 16 1
2067 16 1
706 16 1
1039 16 1
47 16 1
1000 16 1
1 16 1
2552 16 1
3 16 1
641 16 1
4738 16 1
1596 16 1
3189 16 1
104 16 1
3402 16 1
0 16 1
2953 16 1
19 16 1
883 16 1
1026 16 1
2509 16 1
4771 16 1
2560 16 1
718 16 1
882 16 1
3731 16 1
907 16 1
1381 16 1
3918 16 1
98 16 1
3211 16 1
2516 16 1
305 16 1
307 16 1
20 16 1
588 16 1
133 16 1
358 16 1
3481 16 1
568 16 1
3201 16 1
0 16 1
306 16 1
100 16 1
2116 16 1
1394 16 1
2037 16 1
775 16 1
4639 16 1
4096 16 1
1093 16 1
9 16 1
4085 16 1
946 16 1
403 16 1
701 16 1
4366 16 1
1746 16 1
537 16 1
65 16 1
0 16 1
831 16 1
710 16 1
27 16 1
1428 16 1
1339 16 1
1879 16 1
1579 16 1
3041 16 1
4942 16 1
1474 16 1
3157 16 1
150 16 1
1323 16 1
353 16 1
2409 16 1
418 16 1
33 16 1
3136 16 1
1504 16 1
129 16 1
116 16 1
268 16 1
959 16 1
1311 16 1
5 16 1
1238 16 1
1301 16 1
49 16 1
1139 16 1
234 16 1
4570 16 1
52 16 1
34 16 1
679 16 1
1291 16 1
56 16 1
257 16 1
1752 16 1
549 16 1
974 16 1
2011 16 1
33 16 1
4828 16 1
1548 16 1
312 16 1
50 16 1
214 16 1
448 16 1
4741 16 1
270 16 1
2135 16 1
280 16 1
10 16 1
30 16 1
336 16 1
280 16 1
69 16 1
45 16 1
2423 16 1
1533 16 1
2775 16 1
2526 16 1
1221 16 1
2295 16 1
2687 16 1
3149 16 1
3064 16 1
3957 16 1
1704 16 1
2474 16 1
3004 16 1
3164 16 1
325 16 1
4918 16 1
291 16 1
2143 16 1
103 16 1
796 16 1
2296 16 1
6 17 1
2431 17 1
120 17 1
1591 17 1
4503 17 1
1111 17 1
405 17 1
4184 17 1
3069 17 1
230 17 1
913 17 1
3507 17 1
374 17 1
1256 17 1
4569 17 1
2143 17 1
3364 17 1
612 17 1
122 17 1
2379 17 1
908 17 1
345 17 1
2913 17 1
211 17 1
22 17 1
273 17 1
4772 17 1
308 17 1
4870 17 1
3311 17 1
1393 17 1
16 17 1
4118 17 1
2477 17 1
539 17 1
2278 17 1
433 17 1
3041 17 1
4186 17 1
2128 17 1
228 17 1
2242 17 1
515 17 1
1136 17 1
3930 17 1
898 17 1
140 17 1
71 17 1
504 17 1
4819 17 1
2544 17 1
1703 17 1
3037 17 1
2033 17 1
347 17 1
2497 17 1
35 17 1
1453 17 1
1489 17 1
2786 17 1
42 17 1
676 17 1
3559 17 1
2608 17 1
68 17 1
4394 17 1
2320 17 1
627 17 1
1268 17 1
695 17 1
619 17 1
1397 17 1
4632 17 1
1996 17 1
142 17 1
459 17 1
1453 17 1
2371 17 1
3583 17 1
902 17 1
0 17 1
4353 17 1
6 17 1
31 17 1
93 17 1
146 17 1
18 17 1
1940 17 1
3347 17 1
4805 17 1
1411 17 1
1805 17 1
2031 17 1
6 17 1
1749 17 1
1005 17 1
3943 17 1
1960 17 1
3360 17 1
1552 17 1
1222 17 1
1899 17 1
98 17 1
206 17 1
1756 17 1
7 17 1
1434 17 1
3668 17 1
353 17 1
1562 17 1
2009 17 1
2466 17 1
3364 17 1
3669 17 1
553 17 1
4642 17 1
358 17 1
120 17 1
2841 17 1
2191 17 1
4692 17 1
4027 17 1
820 17 1
1738 17 1
867 17 1
3121 17 1
812 17 1
175 17 1
4738 17 1
1315 17 1
288 17 1
774 17 1
2506 17 1
2356 17 1
2592 17 1
835 17 1
1664 17 1
4369 17 1
3844 17 1
4602 17 1
2560 17 1
229 17 1
1629 17 1
4403 17 1
1845 17 1
464 17 1
625 17 1
33 17 1
8 17 1
773 17 1
0 17 1
1329 17 1
855 17 1
240 17 1
2637 17 1
3513 17 1
622 17 1
21 17 1
2100 17 1
3237 17 1
760 17 1
13 17 1
627 17 1
337 17 1
1689 17 1
890 17 1
1688 17 1
2643 17 1
10 17 1
14 17 1
4293 17 1
2583 17 1
693 17 1
4219 17 1
3833 17 1
7 17 1
315 17 1
1075 17 1
1329 17 1
577 17 1
2145 17 1
0 17 1
240 17 1
2827 17 1
3383 17 1
292 17 1
2925 17 1
967 17 1
1713 17 1
2 17 1
2407 17 1
29 17 1
1228 17 1
3338 17 1
2096 17 1
3769 17 1
16 17 1
2876 17 1
74 17 1
82 17 1
25 17 1
45 17 1
3063 17 1
4141 17 1
3169 17 1
4856 17 1
4486 17 1
2102 17 1
344 17 1
1948 17 1
521 17 1
1176 17 1
4961 17 1
2231 17 1
4736 17 1
3185 17 1
893 17 1
240 17 1
1136 17 1
75 17 1
9 17 1
3333 17 1
4313 17 1
99 17 1
4249 17 1
2346 17 1
37 17 1
3096 17 1
563 17 1
1125 17 1
224 17 1
574 17 1
2842 17 1
4303 17 1
2943 17 1
1983 17 1
1052 17 1
890 17 1
1210 17 1
695 17 1
4403 17 1
9 17 1
2982 17 1
2769 17 1
3759 17 1
2383 17 1
1140 17 1
3928 17 1
3552 17 1
1082 17 1
2055 17 1
0 17 1
235 17 1
1523 17 1
154 17 1
1980 17 1
4115 17 1
17 17 1
683 17 1
1648 17 1
613 17 1
1641 17 1
1666 17 1
226 17 1
2322 17 1
4610 17 1
913 17 1
4151 17 1
3653 17 1
2995 17 1
1993 17 1
89 17 1
1432 17 1
88 17 1
1649 17 1
4473 17 1
182 17 1
4658 17 1
1570 17 1
2215 17 1
16 17 1
1477 17 1
1 17 1
1783 17 1
699 17 1
2777 17 1
2964 17 1
204 17 1
985 17 1
585 17 1
3492 17 1
4096 17 1
4082 17 1
472 17 1
3518 17 1
1936 17 1
2999 17 1
3394 17 1
2452 17 1
3626 17 1
2460 17 1
1356 17 1
4044 17 1
3303 17 1
4036 17 1
780 17 1
4431 17 1
1152 17 1
3890 17 1
3986 17 1
96 17 1
773 17 1
493 17 1
3855 17 1
2444 17 1
401 17 1
3894 17 1
2780 17 1
3498 17 1
2105 17 1
3811 17 1
59 17 1
1078 17 1
21 17 1
2366 17 1
870 17 1
3406 17 1
252 17 1
3683 17 1
346 17 1
3644 17 1
21 17 1
0 17 1
32 17 1
49 17 1
619 17 1
415 17 1
2777 17 1
1677 17 1
607 17 1
1352 17 1
2972 17 1
757 17 1
52 17 1
2792 17 1
1442 17 1
2315 18 1
18 18 1
912 18 1
4740 18 1
4210 18 1
792 18 1
4336 18 1
919 18 1
0 18 1
337 18 1
456 18 1
3255 18 1
1023 18 1
1049 18 1
1389 18 1
381 18 1
2173 18 1
924 18 1
4833 18 1
1078 18 1
2171 18 1
623 18 1
695 18 1
76 18 1
4592 18 1
2957 18 1
2910 18 1
4629 18 1
35 18 1
434 18 1
2923 18 1
2867 18 1
858 18 1
169 18 1
1821 18 1
318 18 1
4152 18 1
5 18 1
34 18 1
413 18 1
874 18 1
3915 18 1
216 18 1
0 18 1
1710 18 1
3828 18 1
420 18 1
213 18 1
12 18 1
2625 18 1
837 18 1
4020 18 1
138 18 1
222 18 1
23 18 1
68 18 1
4800 18 1
1486 18 1
369 18 1
2919 18 1
1743 18 1
1218 18 1
2840 18 1
2168 18 1
7 18 1
1 18 1
3240 18 1
232 18 1
1971 18 1
632 18 1
4249 18 1
27 18 1
479 18 1
1964 18 1
156 18 1
270 18 1
3688 18 1
1155 18 1
4912 18 1
682 18 1
1794 18 1
371 18 1
1942 18 1
607 18 1
4028 18 1
355 18 1
4324 18 1
25 18 1
1710 18 1
898 18 1
43 18 1
2 18 1
956 18 1
940 18 1
4185 18 1
1638 18 1
0 18 1
1311 18 1
241 18 1
1899 18 1
865 18 1
3671 18 1
1714 18 1
23 18 1
3220 18 1
4581 18 1
1645 18 1
4334 18 1
3450 18 1
1048 18 1
3005 18 1
4826 18 1
4467 18 1
3724 18 1
67 18 1
3533 18 1
571 18 1
639 18 1
1823 18 1
590 18 1
1329 18 1
94 18 1
4548 18 1
890 18 1
504 18 1
4576 18 1
94 18 1
2048 18 1
3246 18 1
1428 18 1
4076 18 1
1099 18 1
1286 18 1
1721 18 1
517 18 1
693 18 1
1720 18 1
559 18 1
537 18 1
173 18 1
1003 18 1
899 18 1
3282 18 1
3106 18 1
2484 18 1
4170 18 1
3107 18 1
1539 18 1
4614 18 1
2266 18 1
106 18 1
484 18 1
3643 18 1
1780 18 1
619 18 1
1815 18 1
141 18 1
747 18 1
4402 18 1
1764 18 1
3660 18 1
1152 18 1
3181 18 1
20 18 1
199 18 1
516 18 1
1434 18 1
573 18 1
3940 18 1
2086 18 1
4419 18 1
1239 18 1
1359 18 1
170 18 1
1205 18 1
3163 18 1
1896 18 1
3799 18 1
154 18 1
28 18 1
455 18 1
940 18 1
338 18 1
1735 18 1
174 18 1
408 18 1
53 18 1
4278 18 1
583 18 1
225 18 1
3841 18 1
2301 18 1
23 18 1
3269 18 1
1949 18 1
4311 18 1
405 18 1
706 18 1
28 18 1
3272 18 1
4210 18 1
82 18 1
2756 18 1
72 18 1
325 18 1
1973 18 1
4697 18 1
3059 18 1
263 18 1
506 18 1
650 18 1
2014 18 1
2644 18 1
893 18 1
248 18 1
2509 18 1
590 18 1
1988 18 1
826 18 1
1577 18 1
72 18 1
3722 18 1
938 18 1
564 18 1
4793 18 1
3664 18 1
3497 18 1
1392 18 1
2437 18 1
3295 18 1
1309 18 1
4846 18 1
3398 18 1
25 18 1
3227 18 1
170 18 1
146 18 1
58 18 1
2152 18 1
2709 18 1
1299 18 1
1677 18 1
247 18 1
1450 18 1
1007 18 1
1689 18 1
10 18 1
3390 18 1
1016 18 1
1737 18 1
1608 18 1
2122 18 1
2791 18 1
387 18 1
1012 18 1
3569 18 1
3331 18 1
242 18 1
2353 18 1
574 18 1
2662 18 1
12 18 1
2 18 1
1546 18 1
1407 18 1
4363 18 1
3826 18 1
2318 18 1
363 18 1
2481 18 1
1271 18 1
434 18 1
1037 18 1
3543 18 1
4206 18 1
1010 18 1
821 18 1
2612 18 1
4551 18 1
2165 18 1
102 18 1
2293 18 1
882 18 1
452 18 1
1081 18 1
1464 18 1
7 18 1
235 18 1
419 18 1
191 18 1
3239 18 1
392 18 1
773 18 1
885 18 1
1215 18 1
179 18 1
3231 18 1
64 18 1
3401 18 1
1449 18 1
257 18 1
633 18 1
0 18 1
771 18 1
44 18 1
148 18 1
637 18 1
129 18 1
1733 18 1
1631 18 1
628 18 1
3130 18 1
1628 18 1
1370 18 1
3403 18 1
967 18 1
2194 18 1
2338 18 1
1101 18 1
682 18 1
31 18 1
486 18 1
1307 18 1
2458 18 1
1788 18 1
1 18 1
318 18 1
1279 18 1
383 18 1
1270 18 1
3767 18 1
270 18 1
2541 18 1
0 18 1
3579 18 1
288 18 1
435 18 1
1751 18 1
520 18 1
46 18 1
323 18 1
675 18 1
1528 18 1
4277 18 1
4846 18 1
2996 18 1
381 19 1
3946 19 1
3352 19 1
9 19 1
1034 19 1
1474 19 1
2648 19 1
354 19 1
2889 19 1
2668 19 1
1022 19 1
1498 19 1
791 19 1
2998 19 1
3519 19 1
140 19 1
310 19 1
1920 19 1
2095 19 1
4231 19 1
41 19 1
3631 19 1
6 19 1
2807 19 1
2249 19 1
973 19 1
151 19 1
136 19 1
147 19 1
21 19 1
4448 19 1
242 19 1
3764 19 1
3854 19 1
3 19 1
98 19 1
4825 19 1
2296 19 1
139 19 1
1435 19 1
3443 19 1
150 19 1
103 19 1
775 19 1
805 19 1
2861 19 1
286 19 1
12 19 1
4276 19 1
975 19 1
3150 19 1
1593 19 1
1427 19 1
1541 19 1
189 19 1
3583 19 1
2187 19 1
696 19 1
162 19 1
1155 19 1
3625 19 1
4 19 1
3017 19 1
106 19 1
0 19 1
618 19 1
3661 19 1
236 19 1
4576 19 1
290 19 1
1312 19 1
236 19 1
1102 19 1
2729 19 1
1282 19 1
1410 19 1
2401 19 1
1289 19 1
23 19 1
2795 19 1
3711 19 1
1657 19 1
38 19 1
193 19 1
651 19 1
3546 19 1
2328 19 1
2682 19 1
1502 19 1
456 19 1
853 19 1
1094 19 1
2992 19 1
2786 19 1
2857 19 1
2978 19 1
1917 19 1
2780 19 1
704 19 1
4470 19 1
1595 19 1
3745 19 1
2515 19 1
547 19 1
3696 19 1
2842 19 1
4549 19 1
1215 19 1
1397 19 1
1151 19 1
959 19 1
1410 19 1
1806 19 1
617 19 1
2099 19 1
2802 19 1
59 19 1
639 19 1
395 19 1
263 19 1
4339 19 1
162 19 1
3808 19 1
2467 19 1
128 19 1
191 19 1
1281 19 1
1242 19 1
2982 19 1
2372 19 1
1502 19 1
1834 19 1
2239 19 1
3326 19 1
834 19 1
1476 19 1
183 19 1
205 19 1
275 19 1
956 19 1
1229 19 1
753 19 1
2449 19 1
3373 19 1
1584 19 1
1923 19 1
1273 19 1
3 19 1
4403 19 1
265 19 1
701 19 1
3182 19 1
359 19 1
4120 19 1
415 19 1
7 19 1
453 19 1
1177 19 1
1095 19 1
14 19 1
456 19 1
4058 19 1
1542 19 1
1056 19 1
860 19 1
3244 19 1
3252 19 1
2168 19 1
275 19 1
21 19 1
3099 19 1
248 19 1
4150 19 1
0 19 1
534 19 1
227 19 1
87 19 1
3763 19 1
1234 19 1
1883 19 1
171 19 1
3398 19 1
3789 19 1
8 19 1
2470 19 1
3347 19 1
83 19 1
46 19 1
1075 19 1
3833 19 1
408 19 1
3588 19 1
1523 19 1
754 19 1
943 19 1
2220 19 1
354 19 1
3069 19 1
139 19 1
11 19 1
103 19 1
875 19 1
1709 19 1
2709 19 1
7 19 1
371 19 1
493 19 1
8 19 1
2324 19 1
1113 19 1
4143 19 1
203 19 1
31 19 1
829 19 1
3405 19 1
538 19 1
6 19 1
403 19 1
1897 19 1
81 19 1
315 19 1
35 19 1
1951 19 1
94 19 1
274 19 1
2062 19 1
1912 19 1
436 19 1
530 19 1
4410 19 1
3386 19 1
557 19 1
3831 19 1
2253 19 1
121 19 1
56 19 1
4 19 1
25 19 1
1905 19 1
1220 19 1
722 19 1
4150 19 1
2465 19 1
105 19 1
4537 19 1
2607 19 1
1400 19 1
2514 19 1
4777 19 1
4561 19 1
448 19 1
22 19 1
779 19 1
1111 19 1
4213 19 1
304 19 1
742 19 1
468 19 1
2031 19 1
1276 19 1
700 19 1
34 19 1
4352 19 1
1502 19 1
1602 19 1
4801 19 1
205 19 1
57 19 1
498 19 1
119 19 1
3340 19 1
2297 19 1
6 19 1
3992 19 1
7 19 1
251 19 1
2513 19 1
647 19 1
4683 19 1
234 19 1
949 19 1
2768 19 1
1712 19 1
969 19 1
4212 19 1
1211 19 1
698 19 1
2766 19 1
67 19 1
3008 19 1
1670 19 1
2696 19 1
186 19 1
1997 19 1
111 19 1
4675 19 1
242 19 1
131 19 1
539 19 1
469 19 1
4956 19 1
1387 19 1
926 19 1
32 19 1
482 19 1
3819 19 1
4077 19 1
6 19 1
2298 19 1
399 19 1
3974 19 1
1114 19 1
4654 19 1
2647 19 1
938 19 1
600 19 1
4727 19 1
3189 19 1
921 19 1
413 19 1
1215 19 1
1044 19 1
868 19 1
561 19 1
65 19 1
4224 19 1
2640 19 1
2589 19 1
881 19 1
1737 19 1
1953 19 1
1641 19 1
873 19 1
1473 19 1
211 19 1
3374 19 1
1663 19 1
2083 19 1
2197 19 1
59 19 1
19 19 1
1684 19 1
3634 19 1
3371 19 1
6 19 1
6 19 1
4165 20 1
926 20 1
2325 20 1
3659 20 1
3378 20 1
3396 20 1
4098 20 1
1109 20 1
73 20 1
1059 20 1
579 20 1
3849 20 1
1779 20 1
260 20 1
2250 20 1
2216 20 1
3146 20 1
1783 20 1
1543 20 1
4460 20 1
193 20 1
181 20 1
3095 20 1
54 20 1
1261 20 1
298 20 1
299 20 1
168 20 1
4 20 1
201 20 1
916 20 1
1800 20 1
2829 20 1
3981 20 1
3414 20 1
428 20 1
3193 20 1
1 20 1
820 20 1
4068 20 1
4654 20 1
4026 20 1
2652 20 1
3 20 1
1347 20 1
1904 20 1
2267 20 1
0 20 1
885 20 1
2721 20 1
340 20 1
1009 20 1
42 20 1
224 20 1
2611 20 1
4799 20 1
3197 20 1
1289 20 1
4519 20 1
3054 20 1
2569 20 1
3994 20 1
4847 20 1
15 20 1
0 20 1
901 20 1
513 20 1
828 20 1
310 20 1
99 20 1
55 20 1
459 20 1
29 20 1
1533 20 1
2306 20 1
2271 20 1
765 20 1
98 20 1
4 20 1
3638 20 1
3145 20 1
31 20 1
451 20 1
109 20 1
1019 20 1
674 20 1
1713 20 1
1719 20 1
1206 20 1
41 20 1
4023 20 1
688 20 1
1794 20 1
2292 20 1
585 20 1
277 20 1
3349 20 1
719 20 1
4492 20 1
0 20 1
862 20 1
799 20 1
2330 20 1
952 20 1
167 20 1
1386 20 1
4213 20 1
81 20 1
3377 20 1
20 20 1
2199 20 1
1542 20 1
4349 20 1
605 20 1
975 20 1
32 20 1
2686 20 1
3836 20 1
4685 20 1
46 20 1
110 20 1
3568 20 1
201 20 1
195 20 1
4 20 1
811 20 1
1421 20 1
450 20 1
3671 20 1
2117 20 1
419 20 1
37 20 1
2953 20 1
303 20 1
235 20 1
105 20 1
1852 20 1
0 20 1
364 20 1
382 20 1
3390 20 1
75 20 1
399 20 1
273 20 1
244 20 1
426 20 1
338 20 1
119 20 1
4626 20 1
2314 20 1
420 20 1
4787 20 1
23 20 1
1785 20 1
1036 20 1
0 20 1
1815 20 1
595 20 1
2490 20 1
1870 20 1
931 20 1
225 20 1
1479 20 1
658 20 1
2011 20 1
216 20 1
400 20 1
3079 20 1
849 20 1
97 20 1
330 20 1
826 20 1
3039 20 1
697 20 1
715 20 1
1 20 1
55 20 1
780 20 1
547 20 1
686 20 1
1380 20 1
2510 20 1
2004 20 1
4150 20 1
4617 20 1
209 20 1
4524 20 1
2549 20 1
3175 20 1
3000 20 1
38 20 1
2055 20 1
3478 20 1
3133 20 1
13 20 1
2863 20 1
3839 20 1
3 20 1
2234 20 1
2368 20 1
1700 20 1
1 20 1
376 20 1
1252 20 1
326 20 1
57 20 1
1056 20 1
102 20 1
3460 20 1
2843 20 1
1489 20 1
879 20 1
227 20 1
1643 20 1
484 20 1
161 20 1
2491 20 1
3855 20 1
2279 20 1
1136 20 1
2473 20 1
453 20 1
373 20 1
2176 20 1
336 20 1
909 20 1
2537 20 1
4086 20 1
4331 20 1
4590 20 1
0 20 1
1291 20 1
1678 20 1
4969 20 1
631 20 1
3082 20 1
1013 20 1
1233 20 1
3360 20 1
1680 20 1
2070 20 1
1002 20 1
78 20 1
4631 20 1
129 20 1
2134 20 1
1032 20 1
534 20 1
262 20 1
3520 20 1
768 20 1
4482 20 1
4228 20 1
1940 20 1
3879 20 1
99 20 1
1564 20 1
2642 20 1
1482 20 1
2341 20 1
449 20 1
954 20 1
2647 20 1
165 20 1
2571 20 1
1476 20 1
2114 20 1
894 20 1
7 20 1
21 20 1
94 20 1
2500 20 1
3721 20 1
882 20 1
0 20 1
22 20 1
754 20 1
3404 20 1
751 20 1
3963 20 1
1 20 1
180 20 1
922 20 1
550 20 1
2122 20 1
2678 20 1
269 20 1
4479 20 1
7 20 1
1465 20 1
419 20 1
88 20 1
4172 20 1
75 20 1
1269 20 1
3189 20 1
1331 20 1
818 20 1
304 20 1
3215 20 1
3163 20 1
1732 20 1
4699 20 1
3900 20 1
287 20 1
4487 20 1
154 20 1
3672 20 1
379 20 1
302 20 1
3940 20 1
307 20 1
8 20 1
1407 20 1
118 20 1
30 20 1
884 20 1
4107 20 1
283 20 1
4789 20 1
1375 20 1
2998 20 1
2928 20 1
4923 20 1
4943 20 1
34 20 1
163 20 1
2190 20 1
7 20 1
2319 20 1
25 20 1
2896 20 1
2 20 1
635 20 1
2271 20 1
9 20 1
3366 20 1
2183 20 1
463 20 1
212 20 1
3166 20 1
2824 20 1
562 20 1
20 20 1
987 20 1
124 20 1
105 21 1
3 21 1
1259 21 1
2661 21 1
4615 21 1
703 21 1
2634 21 1
3147 21 1
1714 21 1
479 21 1
701 21 1
322 21 1
1504 21 1
543 21 1
2009 21 1
370 21 1
60 21 1
2205 21 1
1954 21 1
137 21 1
1083 21 1
167 21 1
1400 21 1
755 21 1
4424 21 1
626 21 1
2382 21 1
266 21 1
1291 21 1
3269 21 1
217 21 1
4148 21 1
3653 21 1
1725 21 1
509 21 1
6 21 1
150 21 1
1584 21 1
4354 21 1
632 21 1
7 21 1
2851 21 1
1962 21 1
4753 21 1
161 21 1
4297 21 1
305 21 1
692 21 1
664 21 1
1787 21 1
1327 21 1
0 21 1
227 21 1
198 21 1
912 21 1
345 21 1
2699 21 1
3578 21 1
3261 21 1
3019 21 1
4343 21 1
57 21 1
2632 21 1
2273 21 1
948 21 1
80 21 1
1645 21 1
356 21 1
160 21 1
2403 21 1
431 21 1
4862 21 1
343 21 1
2312 21 1
62 21 1
1460 21 1
1226 21 1
4700 21 1
3807 21 1
1704 21 1
1944 21 1
477 21 1
4425 21 1
445 21 1
188 21 1
3363 21 1
682 21 1
2121 21 1
8 21 1
6 21 1
773 21 1
884 21 1
736 21 1
2298 21 1
1397 21 1
1509 21 1
4005 21 1
745 21 1
4045 21 1
4414 21 1
2485 21 1
4479 21 1
1066 21 1
1078 21 1
715 21 1
1564 21 1
136 21 1
4021 21 1
508 21 1
18 21 1
4336 21 1
3977 21 1
190 21 1
3393 21 1
115 21 1
1448 21 1
1077 21 1
1984 21 1
3986 21 1
2466 21 1
1230 21 1
1252 21 1
443 21 1
2323 21 1
38 21 1
4 21 1
377 21 1
1280 21 1
1842 21 1
71 21 1
4557 21 1
188 21 1
945 21 1
1659 21 1
3703 21 1
1633 21 1
4768 21 1
1430 21 1
2253 21 1
3894 21 1
510 21 1
4355 21 1
2503 21 1
1050 21 1
2274 21 1
4867 21 1
1702 21 1
536 21 1
1095 21 1
0 21 1
923 21 1
2100 21 1
3711 21 1
255 21 1
3731 21 1
643 21 1
1968 21 1
7 21 1
3848 21 1
3890 21 1
24 21 1
2192 21 1
3418 21 1
4088 21 1
156 21 1
2353 21 1
2250 21 1
1694 21 1
1247 21 1
173 21 1
0 21 1
98 21 1
1956 21 1
948 21 1
3961 21 1
1489 21 1
160 21 1
77 21 1
2471 21 1
557 21 1
378 21 1
34 21 1
1617 21 1
298 21 1
28 21 1
703 21 1
3463 21 1
0 21 1
3591 21 1
3250 21 1
4230 21 1
831 21 1
147 21 1
0 21 1
217 21 1
22 21 1
867 21 1
973 21 1
925 21 1
4129 21 1
345 21 1
207 21 1
4381 21 1
2438 21 1
383 21 1
116 21 1
1 21 1
1945 21 1
42 21 1
3936 21 1
60 21 1
41 21 1
3744 21 1
616 21 1
0 21 1
155 21 1
1627 21 1
49 21 1
249 21 1
3368 21 1
132 21 1
917 21 1
705 21 1
3469 21 1
1340 21 1
1774 21 1
166 21 1
713 21 1
2017 21 1
3 21 1
270 21 1
1057 21 1
2763 21 1
3971 21 1
69 21 1
166 21 1
72 21 1
3 21 1
4610 21 1
4282 21 1
2353 21 1
194 21 1
2962 21 1
1138 21 1
3028 21 1
896 21 1
4407 21 1
125 21 1
73 21 1
155 21 1
2 21 1
1216 21 1
822 21 1
3535 21 1
1567 21 1
2059 21 1
690 21 1
1871 21 1
4864 21 1
3412 21 1
918 21 1
3040 21 1
351 21 1
229 21 1
721 21 1
4512 21 1
314 21 1
4593 21 1
36 21 1
872 21 1
1560 21 1
979 21 1
4816 21 1
2949 21 1
279 21 1
3358 21 1
2276 21 1
212 21 1
176 21 1
4257 21 1
1142 21 1
716 21 1
3621 21 1
9 21 1
240 21 1
48 21 1
2729 21 1
3919 21 1
199 21 1
392 21 1
883 21 1
4420 21 1
815 21 1
332 21 1
469 21 1
4612 21 1
814 21 1
71 21 1
4828 21 1
4985 21 1
536 21 1
1938 21 1
617 21 1
908 21 1
828 21 1
2049 21 1
1339 21 1
4371 21 1
66 21 1
256 21 1
653 21 1
1815 21 1
934 21 1
1223 21 1
584 21 1
409 21 1
1330 21 1
2920 21 1
4847 21 1
3199 21 1
6 21 1
4 21 1
2901 21 1
234 21 1
997 21 1
3431 21 1
3610 21 1
176 21 1
933 21 1
1921 21 1
616 21 1
4380 21 1
791 21 1
73 21 1
3349 21 1
604 21 1
4079 21 1
2028 21 1
1471 21 1
755 21 1
2949 21 1
980 21 1
4 21 1
2120 21 1
1010 21 1
547 21 1
3156 22 1
175 22 1
2014 22 1
1270 22 1
6 22 1
4016 22 1
2068 22 1
2938 22 1
912 22 1
1339 22 1
1303 22 1
1258 22 1
2570 22 1
1602 22 1
2313 22 1
28 22 1
4692 22 1
2292 22 1
1454 22 1
837 22 1
2708 22 1
1624 22 1
230 22 1
1445 22 1
1412 22 1
686 22 1
2130 22 1
48 22 1
222 22 1
1288 22 1
3073 22 1
4164 22 1
4262 22 1
463 22 1
73 22 1
1281 22 1
2043 22 1
217 22 1
553 22 1
2652 22 1
3 22 1
12 22 1
3816 22 1
697 22 1
559 22 1
2 22 1
1386 22 1
1099 22 1
1746 22 1
4371 22 1
2640 22 1
4092 22 1
2440 22 1
25 22 1
2268 22 1
745 22 1
4430 22 1
4517 22 1
5 22 1
1557 22 1
2578 22 1
1359 22 1
275 22 1
2318 22 1
1065 22 1
4865 22 1
2262 22 1
159 22 1
452 22 1
3809 22 1
4297 22 1
437 22 1
33 22 1
331 22 1
408 22 1
38 22 1
992 22 1
127 22 1
1934 22 1
2962 22 1
532 22 1
3483 22 1
2640 22 1
74 22 1
3512 22 1
634 22 1
3440 22 1
340 22 1
1757 22 1
1152 22 1
838 22 1
1096 22 1
3192 22 1
245 22 1
3364 22 1
36 22 1
1 22 1
2101 22 1
3 22 1
2589 22 1
476 22 1
4787 22 1
15 22 1
538 22 1
3356 22 1
113 22 1
1459 22 1
3091 22 1
9 22 1
618 22 1
4 22 1
4235 22 1
950 22 1
190 22 1
2021 22 1
29 22 1
752 22 1
1083 22 1
57 22 1
2190 22 1
838 22 1
149 22 1
3490 22 1
667 22 1
197 22 1
864 22 1
0 22 1
365 22 1
2519 22 1
2383 22 1
3021 22 1
195 22 1
4471 22 1
2366 22 1
848 22 1
831 22 1
0 22 1
4052 22 1
2454 22 1
1955 22 1
645 22 1
68 22 1
2544 22 1
535 22 1
2638 22 1
1030 22 1
1923 22 1
1024 22 1
600 22 1
436 22 1
2436 22 1
85 22 1
86 22 1
38 22 1
399 22 1
839 22 1
277 22 1
3284 22 1
22 22 1
802 22 1
746 22 1
337 22 1
0 22 1
1081 22 1
52 22 1
864 22 1
123 22 1
2343 22 1
447 22 1
1942 22 1
654 22 1
1184 22 1
656 22 1
46 22 1
257 22 1
328 22 1
4859 22 1
2361 22 1
302 22 1
161 22 1
18 22 1
1 22 1
4524 22 1
312 22 1
3187 22 1
4320 22 1
3224 22 1
1551 22 1
39 22 1
3979 22 1
1941 22 1
2350 22 1
513 22 1
2038 22 1
4048 22 1
1669 22 1
3117 22 1
4535 22 1
1249 22 1
1281 22 1
1578 22 1
39 22 1
2697 22 1
3457 22 1
750 22 1
2611 22 1
1983 22 1
4212 22 1
911 22 1
893 22 1
2906 22 1
573 22 1
119 22 1
223 22 1
202 22 1
4625 22 1
3789 22 1
223 22 1
850 22 1
3430 22 1
4719 22 1
318 22 1
2330 22 1
3384 22 1
3095 22 1
5 22 1
2792 22 1
18 22 1
1695 22 1
1090 22 1
1819 22 1
945 22 1
219 22 1
4038 22 1
288 22 1
170 22 1
2825 22 1
421 22 1
718 22 1
1288 22 1
408 22 1
364 22 1
750 22 1
0 22 1
3736 22 1
1182 22 1
2318 22 1
1864 22 1
4351 22 1
1095 22 1
40 22 1
209 22 1
671 22 1
2135 22 1
32 22 1
784 22 1
680 22 1
3337 22 1
496 22 1
3800 22 1
584 22 1
663 22 1
147 22 1
1142 22 1
173 22 1
498 22 1
261 22 1
3977 22 1
255 22 1
471 22 1
412 22 1
133 22 1
3664 22 1
2014 22 1
306 22 1
3457 22 1
2004 22 1
1582 22 1
356 22 1
95 22 1
288 22 1
2135 22 1
86 22 1
848 22 1
1534 22 1
1 22 1
4818 22 1
258 22 1
1007 22 1
376 22 1
2330 22 1
4679 22 1
1009 22 1
0 22 1
4747 22 1
7 22 1
3604 22 1
2181 22 1
659 22 1
1817 22 1
3113 22 1
1967 22 1
202 22 1
530 22 1
16 22 1
124 22 1
18 22 1
74 22 1
810 22 1
1066 22 1
2204 22 1
4327 22 1
947 22 1
3454 22 1
476 22 1
1511 22 1
368 22 1
1800 22 1
182 22 1
848 22 1
2 22 1
1884 22 1
22 22 1
20 22 1
3825 22 1
59 22 1
605 22 1
996 22 1
1524 22 1
708 22 1
2327 22 1
904 22 1
32 22 1
528 22 1
3153 22 1
3358 22 1
1512 22 1
2426 22 1
3308 22 1
4891 22 1
75 22 1
1788 22 1
2123 22 1
4042 22 1
503 22 1
1118 22 1
3203 23 1
2 23 1
2087 23 1
537 23 1
76 23 1
1812 23 1
278 23 1
4 23 1
2002 23 1
1816 23 1
352 23 1
552 23 1
288 23 1
2573 23 1
2383 23 1
892 23 1
2972 23 1
578 23 1
2762 23 1
3867 23 1
4405 23 1
0 23 1
3214 23 1
4393 23 1
924 23 1
197 23 1
864 23 1
4505 23 1
598 23 1
2035 23 1
1557 23 1
57 23 1
3696 23 1
541 23 1
4927 23 1
872 23 1
3208 23 1
2069 23 1
438 23 1
1077 23 1
566 23 1
140 23 1
71 23 1
4508 23 1
48 23 1
3886 23 1
636 23 1
3086 23 1
4544 23 1
3180 23 1
3434 23 1
3838 23 1
4510 23 1
634 23 1
865 23 1
4275 23 1
1315 23 1
4490 23 1
193 23 1
608 23 1
14 23 1
4621 23 1
1301 23 1
578 23 1
603 23 1
2452 23 1
12 23 1
431 23 1
253 23 1
1322 23 1
135 23 1
77 23 1
3966 23 1
37 23 1
228 23 1
209 23 1
802 23 1
2991 23 1
163 23 1
4275 23 1
671 23 1
2700 23 1
553 23 1
44 23 1
2600 23 1
115 23 1
2614 23 1
364 23 1
1503 23 1
536 23 1
2780 23 1
4711 23 1
339 23 1
0 23 1
3287 23 1
2418 23 1
23 23 1
254 23 1
3036 23 1
3346 23 1
2254 23 1
206 23 1
666 23 1
3357 23 1
29 23 1
831 23 1
3896 23 1
148 23 1
524 23 1
20 23 1
337 23 1
2 23 1
3738 23 1
1443 23 1
4366 23 1
1328 23 1
4210 23 1
1505 23 1
255 23 1
90 23 1
4984 23 1
1819 23 1
2730 23 1
146 23 1
1744 23 1
428 23 1
1474 23 1
549 23 1
1533 23 1
175 23 1
3322 23 1
2377 23 1
1136 23 1
1424 23 1
2056 23 1
954 23 1
207 23 1
747 23 1
2375 23 1
2121 23 1
3320 23 1
457 23 1
4279 23 1
44 23 1
73 23 1
267 23 1
687 23 1
1883 23 1
259 23 1
933 23 1
1404 23 1
859 23 1
499 23 1
945 23 1
1039 23 1
47 23 1
4294 23 1
1402 23 1
349 23 1
1215 23 1
835 23 1
4493 23 1
195 23 1
1900 23 1
1661 23 1
2355 23 1
1729 23 1
1094 23 1
353 23 1
3137 23 1
1964 23 1
0 23 1
1479 23 1
1675 23 1
1209 23 1
1136 23 1
3023 23 1
1 23 1
1856 23 1
1064 23 1
36 23 1
2220 23 1
463 23 1
1139 23 1
571 23 1
3152 23 1
2200 23 1
1729 23 1
278 23 1
37 23 1
1130 23 1
1257 23 1
535 23 1
289 23 1
608 23 1
373 23 1
291 23 1
3881 23 1
138 23 1
3209 23 1
3 23 1
14 23 1
9 23 1
4038 23 1
1 23 1
69 23 1
3978 23 1
2858 23 1
65 23 1
4555 23 1
4637 23 1
210 23 1
62 23 1
3072 23 1
4157 23 1
1097 23 1
3277 23 1
357 23 1
3900 23 1
652 23 1
2738 23 1
4588 23 1
1413 23 1
3493 23 1
2746 23 1
817 23 1
2 23 1
3411 23 1
818 23 1
4132 23 1
1168 23 1
96 23 1
1994 23 1
2619 23 1
4566 23 1
94 23 1
2853 23 1
307 23 1
2312 23 1
293 23 1
3 23 1
4968 23 1
4818 23 1
67 23 1
1114 23 1
3793 23 1
214 23 1
4942 23 1
4512 23 1
2273 23 1
1031 23 1
4391 23 1
4121 23 1
3537 23 1
47 23 1
586 23 1
2114 23 1
3871 23 1
3621 23 1
4767 23 1
2957 23 1
3619 23 1
248 23 1
155 23 1
79 23 1
2984 23 1
292 23 1
1881 23 1
419 23 1
633 23 1
1810 23 1
2333 23 1
4743 23 1
19 23 1
1229 23 1
671 23 1
7 23 1
876 23 1
298 23 1
2320 23 1
333 23 1
4984 23 1
2086 23 1
56 23 1
26 23 1
2227 23 1
160 23 1
1826 23 1
863 23 1
230 23 1
408 23 1
703 23 1
1888 23 1
211 23 1
3010 23 1
434 23 1
55 23 1
4435 23 1
2265 23 1
1795 23 1
2956 23 1
141 23 1
720 23 1
33 23 1
2996 23 1
1887 23 1
2983 23 1
980 23 1
1558 23 1
3932 23 1
4355 23 1
682 23 1
136 23 1
79 23 1
1411 23 1
50 23 1
369 23 1
2287 23 1
3187 23 1
1094 23 1
4848 23 1
323 23 1
1669 23 1
81 23 1
4693 23 1
4872 23 1
3468 23 1
3721 23 1
3918 23 1
1240 23 1
2058 23 1
4198 23 1
73 23 1
116 23 1
2815 23 1
520 23 1
1 23 1
1638 23 1
1846 23 1
2100 23 1
3877 23 1
90 23 1
93 23 1
36 23 1
88 23 1
890 23 1
1790 24 1
1147 24 1
580 24 1
1710 24 1
340 24 1
4275 24 1
3022 24 1
0 24 1
68 24 1
1715 24 1
1766 24 1
465 24 1
1861 24 1
433 24 1
112 24 1
740 24 1
2431 24 1
1241 24 1
590 24 1
2086 24 1
88 24 1
684 24 1
444 24 1
2027 24 1
1750 24 1
13 24 1
1116 24 1
544 24 1
290 24 1
143 24 1
540 24 1
234 24 1
960 24 1
1884 24 1
454 24 1
713 24 1
342 24 1
4 24 1
1031 24 1
772 24 1
2530 24 1
133 24 1
4779 24 1
860 24 1
46 24 1
976 24 1
3567 24 1
28 24 1
3820 24 1
53 24 1
1451 24 1
3009 24 1
100 24 1
4623 24 1
1333 24 1
4287 24 1
2 24 1
399 24 1
1506 24 1
1881 24 1
4101 24 1
3575 24 1
609 24 1
4335 24 1
0 24 1
4627 24 1
1719 24 1
870 24 1
3356 24 1
566 24 1
2445 24 1
593 24 1
273 24 1
1221 24 1
274 24 1
201 24 1
353 24 1
439 24 1
359 24 1
797 24 1
1422 24 1
2174 24 1
1474 24 1
1168 24 1
417 24 1
3132 24 1
14 24 1
1994 24 1
2730 24 1
1810 24 1
84 24 1
329 24 1
0 24 1
1024 24 1
97 24 1
28 24 1
1115 24 1
336 24 1
672 24 1
769 24 1
644 24 1
1697 24 1
364 24 1
1731 24 1
256 24 1
869 24 1
79 24 1
59 24 1
208 24 1
1838 24 1
424 24 1
3958 24 1
121 24 1
6 24 1
180 24 1
1450 24 1
2243 24 1
693 24 1
303 24 1
3211 24 1
1672 24 1
3167 24 1
617 24 1
505 24 1
660 24 1
3491 24 1
4750 24 1
186 24 1
3111 24 1
4029 24 1
3531 24 1
27 24 1
1666 24 1
106 24 1
1313 24 1
32 24 1
831 24 1
4378 24 1
773 24 1
97 24 1
617 24 1
2095 24 1
1278 24 1
3739 24 1
4810 24 1
1945 24 1
3618 24 1
457 24 1
392 24 1
2498 24 1
2286 24 1
3123 24 1
2711 24 1
718 24 1
3312 24 1
785 24 1
1415 24 1
108 24 1
3454 24 1
1221 24 1
3147 24 1
3915 24 1
33 24 1
1191 24 1
2270 24 1
30 24 1
145 24 1
4392 24 1
462 24 1
21 24 1
2165 24 1
2085 24 1
2324 24 1
1509 24 1
361 24 1
0 24 1
3724 24 1
932 24 1
157 24 1
3351 24 1
3735 24 1
3122 24 1
20 24 1
1209 24 1
523 24 1
66 24 1
118 24 1
4587 24 1
4459 24 1
7 24 1
1035 24 1
546 24 1
2436 24 1
1940 24 1
58 24 1
95 24 1
3378 24 1
111 24 1
4541 24 1
107 24 1
241 24 1
324 24 1
1296 24 1
1799 24 1
2145 24 1
16 24 1
1185 24 1
789 24 1
56 24 1
16 24 1
606 24 1
688 24 1
3409 24 1
1398 24 1
293 24 1
4 24 1
2129 24 1
4644 24 1
507 24 1
224 24 1
3289 24 1
80 24 1
237 24 1
278 24 1
3298 24 1
2397 24 1
245 24 1
2907 24 1
1898 24 1
4202 24 1
528 24 1
16 24 1
1077 24 1
2797 24 1
3630 24 1
850 24 1
94 24 1
901 24 1
1 24 1
2078 24 1
2979 24 1
1292 24 1
396 24 1
1429 24 1
2373 24 1
2661 24 1
61 24 1
1316 24 1
2843 24 1
3056 24 1
1341 24 1
1891 24 1
4170 24 1
821 24 1
2674 24 1
61 24 1
82 24 1
483 24 1
3173 24 1
17 24 1
330 24 1
843 24 1
168 24 1
3386 24 1
1090 24 1
3534 24 1
2056 24 1
2601 24 1
1186 24 1
93 24 1
814 24 1
78 24 1
3501 24 1
39 24 1
291 24 1
2732 24 1
4481 24 1
139 24 1
965 24 1
584 24 1
71 24 1
2128 24 1
87 24 1
4022 24 1
71 24 1
3064 24 1
358 24 1
2809 24 1
4067 24 1
731 24 1
286 24 1
61 24 1
1656 24 1
1480 24 1
888 24 1
1554 24 1
348 24 1
3348 24 1
1275 24 1
1793 24 1
2918 24 1
1068 24 1
1151 24 1
3983 24 1
4377 24 1
6 24 1
255 24 1
105 24 1
3566 24 1
3847 24 1
886 24 1
3248 24 1
680 24 1
1716 24 1
193 24 1
69 24 1
3836 24 1
4310 24 1
1029 24 1
3813 24 1
958 24 1
3761 24 1
4792 24 1
76 24 1
1019 24 1
1431 24 1
21 24 1
3595 24 1
3367 24 1
96 24 1
282 24 1
4 24 1
2862 24 1
354 24 1
2329 24 1
1482 24 1
4497 24 1
21 24 1
0 24 1
2388 24 1
204 24 1
4043 24 1
55 24 1
536 24 1
2301 24 1
2077 24 1
1214 25 1
4234 25 1
641 25 1
182 25 1
895 25 1
2 25 1
4087 25 1
2830 25 1
627 25 1
4680 25 1
195 25 1
227 25 1
3531 25 1
3241 25 1
3376 25 1
241 25 1
428 25 1
2981 25 1
4261 25 1
1765 25 1
351 25 1
1876 25 1
877 25 1
2319 25 1
1151 25 1
314 25 1
333 25 1
250 25 1
2160 25 1
230 25 1
828 25 1
4193 25 1
1437 25 1
510 25 1
214 25 1
4741 25 1
794 25 1
6 25 1
702 25 1
761 25 1
2951 25 1
3 25 1
1222 25 1
3103 25 1
1278 25 1
863 25 1
627 25 1
749 25 1
4253 25 1
978 25 1
2078 25 1
2822 25 1
943 25 1
1489 25 1
3139 25 1
891 25 1
2532 25 1
1940 25 1
4097 25 1
2774 25 1
2351 25 1
1861 25 1
743 25 1
203 25 1
477 25 1
0 25 1
4054 25 1
3748 25 1
1441 25 1
83 25 1
1386 25 1
10 25 1
3430 25 1
748 25 1
1811 25 1
590 25 1
2521 25 1
4119 25 1
291 25 1
3991 25 1
3069 25 1
62 25 1
3722 25 1
3695 25 1
363 25 1
130 25 1
598 25 1
601 25 1
3 25 1
2465 25 1
505 25 1
1499 25 1
2241 25 1
64 25 1
1159 25 1
3095 25 1
65 25 1
4733 25 1
2562 25 1
3303 25 1
155 25 1
3739 25 1
2944 25 1
408 25 1
4139 25 1
1848 25 1
2565 25 1
445 25 1
154 25 1
2637 25 1
3123 25 1
426 25 1
17 25 1
4609 25 1
254 25 1
22 25 1
3896 25 1
271 25 1
771 25 1
9 25 1
362 25 1
1254 25 1
4819 25 1
4423 25 1
2694 25 1
1559 25 1
71 25 1
661 25 1
4074 25 1
1915 25 1
1535 25 1
2599 25 1
3176 25 1
4525 25 1
2531 25 1
162 25 1
3122 25 1
1846 25 1
175 25 1
274 25 1
28 25 1
4 25 1
299 25 1
1252 25 1
606 25 1
4383 25 1
359 25 1
3428 25 1
1577 25 1
4069 25 1
4166 25 1
762 25 1
144 25 1
19 25 1
4514 25 1
670 25 1
1161 25 1
97 25 1
399 25 1
886 25 1
1736 25 1
8 25 1
2744 25 1
388 25 1
416 25 1
24 25 1
3031 25 1
1365 25 1
1248 25 1
485 25 1
3452 25 1
4168 25 1
1478 25 1
1521 25 1
29 25 1
4667 25 1
518 25 1
2043 25 1
4112 25 1
367 25 1
3905 25 1
221 25 1
4909 25 1
2982 25 1
172 25 1
3720 25 1
718 25 1
239 25 1
1751 25 1
1989 25 1
586 25 1
1214 25 1
2929 25 1
1896 25 1
1256 25 1
53 25 1
1120 25 1
1174 25 1
463 25 1
4389 25 1
4699 25 1
79 25 1
297 25 1
1464 25 1
2095 25 1
1475 25 1
1570 25 1
1500 25 1
1113 25 1
1844 25 1
538 25 1
2613 25 1
55 25 1
4203 25 1
782 25 1
115 25 1
3848 25 1
2 25 1
390 25 1
3172 25 1
97 25 1
1203 25 1
516 25 1
606 25 1
2577 25 1
3 25 1
90 25 1
117 25 1
1278 25 1
3767 25 1
2532 25 1
1189 25 1
1017 25 1
4812 25 1
2096 25 1
3686 25 1
2988 25 1
3272 25 1
2707 25 1
49 25 1
23 25 1
1120 25 1
4915 25 1
1700 25 1
4647 25 1
1302 25 1
16 25 1
4126 25 1
760 25 1
151 25 1
2624 25 1
3000 25 1
592 25 1
939 25 1
2982 25 1
4810 25 1
2215 25 1
2181 25 1
2074 25 1
2172 25 1
3535 25 1
1635 25 1
152 25 1
268 25 1
55 25 1
273 25 1
4539 25 1
755 25 1
307 25 1
4614 25 1
1747 25 1
350 25 1
924 25 1
4688 25 1
3751 25 1
1992 25 1
237 25 1
2653 25 1
1793 25 1
690 25 1
1138 25 1
940 25 1
1635 25 1
654 25 1
1930 25 1
4068 25 1
1599 25 1
2419 25 1
236 25 1
1346 25 1
150 25 1
3216 25 1
11 25 1
288 25 1
2471 25 1
3730 25 1
27 25 1
4267 25 1
414 25 1
1764 25 1
5 25 1
164 25 1
3596 25 1
2969 25 1
2202 25 1
1190 25 1
1958 25 1
1098 25 1
286 25 1
2813 25 1
3206 25 1
57 25 1
561 25 1
1601 25 1
2167 25 1
3816 25 1
752 25 1
92 25 1
210 25 1
4151 25 1
870 25 1
211 25 1
5 25 1
2624 25 1
3752 25 1
4951 25 1
4158 25 1
2058 25 1
147 25 1
1330 25 1
1825 25 1
192 25 1
2064 25 1
872 25 1
595 25 1
1675 25 1
1360 25 1
100 25 1
2525 25 1
86 25 1
17 25 1
109 25 1
490 25 1
559 25 1
4719 25 1
652 25 1
6 26 1
811 26 1
1525 26 1
2568 26 1
2397 26 1
155 26 1
1408 26 1
4298 26 1
2781 26 1
30 26 1
0 26 1
2376 26 1
4124 26 1
3606 26 1
1621 26 1
0 26 1
518 26 1
2920 26 1
3518 26 1
55 26 1
2485 26 1
1822 26 1
1182 26 1
4743 26 1
1439 26 1
4504 26 1
480 26 1
773 26 1
1279 26 1
1920 26 1
262 26 1
4093 26 1
847 26 1
1470 26 1
1027 26 1
393 26 1
2173 26 1
2251 26 1
1620 26 1
1995 26 1
3620 26 1
256 26 1
1218 26 1
580 26 1
4970 26 1
2556 26 1
2919 26 1
25 26 1
2229 26 1
107 26 1
14 26 1
25 26 1
4920 26 1
682 26 1
4983 26 1
2119 26 1
4 26 1
508 26 1
2516 26 1
168 26 1
4863 26 1
1296 26 1
4 26 1
526 26 1
2373 26 1
4866 26 1
987 26 1
1042 26 1
2809 26 1
1819 26 1
270 26 1
4453 26 1
18 26 1
97 26 1
333 26 1
1161 26 1
205 26 1
4133 26 1
1586 26 1
2292 26 1
1231 26 1
6 26 1
9 26 1
4356 26 1
84 26 1
2514 26 1
626 26 1
101 26 1
356 26 1
3991 26 1
38 26 1
225 26 1
1474 26 1
532 26 1
4359 26 1
227 26 1
219 26 1
3272 26 1
38 26 1
2437 26 1
2856 26 1
1580 26 1
129 26 1
3094 26 1
122 26 1
355 26 1
4644 26 1
4540 26 1
106 26 1
4683 26 1
44 26 1
2852 26 1
766 26 1
1658 26 1
14 26 1
16 26 1
3009 26 1
20 26 1
1171 26 1
496 26 1
4311 26 1
32 26 1
353 26 1
1227 26 1
1833 26 1
2091 26 1
111 26 1
2244 26 1
450 26 1
3636 26 1
3875 26 1
4349 26 1
556 26 1
586 26 1
51 26 1
3125 26 1
4087 26 1
2431 26 1
2824 26 1
4380 26 1
0 26 1
254 26 1
1370 26 1
1953 26 1
2329 26 1
2892 26 1
1302 26 1
3845 26 1
1979 26 1
249 26 1
1159 26 1
20 26 1
4477 26 1
42 26 1
865 26 1
105 26 1
1005 26 1
3615 26 1
1 26 1
3152 26 1
1806 26 1
1877 26 1
4699 26 1
304 26 1
1784 26 1
2545 26 1
135 26 1
3032 26 1
1699 26 1
27 26 1
77 26 1
2454 26 1
1434 26 1
768 26 1
487 26 1
1587 26 1
161 26 1
715 26 1
132 26 1
2 26 1
257 26 1
116 26 1
2164 26 1
2116 26 1
447 26 1
2964 26 1
2854 26 1
343 26 1
714 26 1
847 26 1
4 26 1
4231 26 1
2 26 1
903 26 1
4358 26 1
1817 26 1
1753 26 1
1205 26 1
1273 26 1
1805 26 1
912 26 1
674 26 1
1680 26 1
416 26 1
1784 26 1
3371 26 1
297 26 1
176 26 1
1111 26 1
2381 26 1
631 26 1
1812 26 1
842 26 1
3392 26 1
2125 26 1
12 26 1
2649 26 1
739 26 1
759 26 1
462 26 1
543 26 1
4 26 1
3356 26 1
12 26 1
53 26 1
1529 26 1
154 26 1
4219 26 1
1864 26 1
31 26 1
2375 26 1
361 26 1
3486 26 1
251 26 1
314 26 1
460 26 1
1 26 1
32 26 1
51 26 1
12 26 1
3652 26 1
280 26 1
74 26 1
1125 26 1
3366 26 1
80 26 1
517 26 1
1209 26 1
2042 26 1
947 26 1
4584 26 1
1120 26 1
1798 26 1
746 26 1
3264 26 1
492 26 1
286 26 1
1477 26 1
3350 26 1
3055 26 1
321 26 1
492 26 1
1677 26 1
3372 26 1
880 26 1
1491 26 1
2049 26 1
1401 26 1
551 26 1
1039 26 1
3718 26 1
116 26 1
2385 26 1
323 26 1
171 26 1
4151 26 1
310 26 1
267 26 1
2574 26 1
2955 26 1
4234 26 1
1555 26 1
655 26 1
2016 26 1
475 26 1
2043 26 1
2107 26 1
1014 26 1
272 26 1
35 26 1
230 26 1
389 26 1
964 26 1
575 26 1
2650 26 1
2988 26 1
2190 26 1
4302 26 1
1134 26 1
1225 26 1
45 26 1
1102 26 1
4735 26 1
1905 26 1
1835 26 1
4699 26 1
462 26 1
2997 26 1
4448 26 1
495 26 1
3267 26 1
2199 26 1
847 26 1
11 26 1
1316 26 1
828 26 1
3805 26 1
3762 26 1
4541 26 1
212 26 1
438 26 1
3373 26 1
4232 26 1
616 26 1
957 26 1
671 26 1
3 26 1
2274 26 1
774 26 1
1536 26 1
1187 26 1
2 26 1
4590 26 1
366 26 1
1345 26 1
453 26 1
4125 26 1
2084 26 1
3185 26 1
58 26 1
4797 26 1
901 26 1
3081 26 1
431 26 1
2024 26 1
619 26 1
4229 27 1
722 27 1
472 27 1
2521 27 1
3008 27 1
1788 27 1
1398 27 1
1119 27 1
460 27 1
124 27 1
63 27 1
633 27 1
30 27 1
2235 27 1
2155 27 1
1113 27 1
178 27 1
1517 27 1
598 27 1
1492 27 1
13 27 1
91 27 1
11 27 1
1189 27 1
1724 27 1
3908 27 1
420 27 1
3649 27 1
973 27 1
3257 27 1
456 27 1
3625 27 1
2086 27 1
4938 27 1
2457 27 1
267 27 1
7 27 1
3686 27 1
3091 27 1
66 27 1
3 27 1
839 27 1
263 27 1
4 27 1
1755 27 1
2886 27 1
3216 27 1
1789 27 1
1099 27 1
1529 27 1
788 27 1
1456 27 1
1 27 1
4236 27 1
3610 27 1
550 27 1
0 27 1
169 27 1
3540 27 1
1037 27 1
1929 27 1
542 27 1
378 27 1
482 27 1
4926 27 1
17 27 1
442 27 1
2073 27 1
347 27 1
590 27 1
2651 27 1
58 27 1
493 27 1
95 27 1
255 27 1
657 27 1
10 27 1
57 27 1
23 27 1
571 27 1
1858 27 1
3294 27 1
845 27 1
1979 27 1
1885 27 1
916 27 1
1417 27 1
1128 27 1
951 27 1
1089 27 1
4761 27 1
705 27 1
503 27 1
441 27 1
1338 27 1
1348 27 1
400 27 1
614 27 1
312 27 1
37 27 1
5 27 1
529 27 1
1866 27 1
2015 27 1
3829 27 1
2669 27 1
1276 27 1
337 27 1
1714 27 1
187 27 1
116 27 1
1013 27 1
27 27 1
2255 27 1
2244 27 1
154 27 1
1718 27 1
3453 27 1
73 27 1
2323 27 1
417 27 1
4427 27 1
215 27 1
309 27 1
4382 27 1
132 27 1
2204 27 1
2244 27 1
787 27 1
153 27 1
1941 27 1
706 27 1
198 27 1
0 27 1
4027 27 1
1232 27 1
595 27 1
949 27 1
771 27 1
178 27 1
12 27 1
4965 27 1
763 27 1
36 27 1
4496 27 1
2176 27 1
1537 27 1
3442 27 1
329 27 1
1038 27 1
3055 27 1
498 27 1
3313 27 1
1355 27 1
5 27 1
97 27 1
19 27 1
4843 27 1
210 27 1
4948 27 1
4083 27 1
31 27 1
2542 27 1
1218 27 1
448 27 1
2685 27 1
1848 27 1
1925 27 1
271 27 1
628 27 1
3014 27 1
367 27 1
368 27 1
177 27 1
1313 27 1
1943 27 1
139 27 1
1751 27 1
712 27 1
1634 27 1
118 27 1
2122 27 1
900 27 1
3535 27 1
1374 27 1
4404 27 1
2934 27 1
410 27 1
541 27 1
811 27 1
1575 27 1
1713 27 1
24 27 1
793 27 1
14 27 1
37 27 1
171 27 1
854 27 1
1379 27 1
3762 27 1
599 27 1
24 27 1
11 27 1
3342 27 1
6 27 1
313 27 1
2235 27 1
4190 27 1
4956 27 1
1245 27 1
125 27 1
1774 27 1
1510 27 1
1061 27 1
1032 27 1
3744 27 1
37 27 1
1044 27 1
2424 27 1
4422 27 1
199 27 1
1288 27 1
358 27 1
3 27 1
3918 27 1
543 27 1
1598 27 1
13 27 1
3997 27 1
32 27 1
3867 27 1
4 27 1
1991 27 1
3535 27 1
426 27 1
2771 27 1
361 27 1
935 27 1
3785 27 1
2901 27 1
1558 27 1
1378 27 1
25 27 1
640 27 1
1061 27 1
349 27 1
408 27 1
3554 27 1
2900 27 1
8 27 1
3459 27 1
4655 27 1
2629 27 1
4227 27 1
18 27 1
3679 27 1
53 27 1
97 27 1
1576 27 1
3034 27 1
131 27 1
4078 27 1
1842 27 1
944 27 1
6 27 1
1717 27 1
3580 27 1
138 27 1
56 27 1
220 27 1
3403 27 1
3376 27 1
2438 27 1
434 27 1
1167 27 1
1439 27 1
10 27 1
76 27 1
1689 27 1
1293 27 1
3942 27 1
15 27 1
0 27 1
1177 27 1
2117 27 1
170 27 1
8 27 1
1892 27 1
1753 27 1
2731 27 1
2919 27 1
36 27 1
2559 27 1
2518 27 1
157 27 1
4093 27 1
21 27 1
114 27 1
1586 27 1
248 27 1
2819 27 1
1632 27 1
2363 27 1
2080 27 1
19 27 1
1096 27 1
315 27 1
2086 27 1
3337 27 1
81 27 1
4265 27 1
4387 27 1
2 27 1
1069 27 1
819 27 1
955 27 1
138 27 1
867 27 1
1739 27 1
14 27 1
927 27 1
63 27 1
4228 27 1
2075 27 1
2439 27 1
1266 27 1
393 27 1
1844 27 1
59 27 1
2835 27 1
1336 27 1
4307 27 1
3338 27 1
60 27 1
397 27 1
46 27 1
59 27 1
218 27 1
374 27 1
4832 27 1
501 27 1
155 27 1
164 27 1
1955 27 1
3122 27 1
2395 27 1
1130 28 1
47 28 1
1033 28 1
2839 28 1
4829 28 1
1771 28 1
1315 28 1
1359 28 1
4 28 1
4908 28 1
154 28 1
534 28 1
2897 28 1
161 28 1
13 28 1
5 28 1
3048 28 1
2601 28 1
1201 28 1
69 28 1
565 28 1
2584 28 1
1398 28 1
363 28 1
990 28 1
25 28 1
71 28 1
355 28 1
23 28 1
1348 28 1
66 28 1
2005 28 1
1141 28 1
120 28 1
216 28 1
3984 28 1
4856 28 1
0 28 1
4718 28 1
1535 28 1
1059 28 1
1796 28 1
363 28 1
977 28 1
755 28 1
5 28 1
776 28 1
2682 28 1
1204 28 1
20 28 1
970 28 1
0 28 1
463 28 1
154 28 1
976 28 1
1076 28 1
257 28 1
11 28 1
314 28 1
2963 28 1
891 28 1
49 28 1
578 28 1
484 28 1
364 28 1
2462 28 1
2506 28 1
1144 28 1
967 28 1
68 28 1
3949 28 1
3707 28 1
95 28 1
1723 28 1
3201 28 1
195 28 1
485 28 1
3170 28 1
335 28 1
2226 28 1
219 28 1
3408 28 1
2359 28 1
809 28 1
0 28 1
3785 28 1
59 28 1
2761 28 1
621 28 1
2669 28 1
1889 28 1
4373 28 1
896 28 1
1861 28 1
3564 28 1
3762 28 1
1095 28 1
8 28 1
362 28 1
2837 28 1
1325 28 1
1980 28 1
933 28 1
14 28 1
3868 28 1
52 28 1
4474 28 1
3068 28 1
2269 28 1
1357 28 1
4444 28 1
3927 28 1
222 28 1
608 28 1
612 28 1
2963 28 1
332 28 1
2930 28 1
2427 28 1
2578 28 1
774 28 1
2885 28 1
2864 28 1
2336 28 1
3032 28 1
2511 28 1
357 28 1
1586 28 1
75 28 1
519 28 1
1308 28 1
893 28 1
3716 28 1
0 28 1
2103 28 1
3100 28 1
355 28 1
458 28 1
2369 28 1
3604 28 1
2780 28 1
256 28 1
1767 28 1
443 28 1
2149 28 1
1290 28 1
469 28 1
29 28 1
1514 28 1
4467 28 1
171 28 1
859 28 1
2430 28 1
84 28 1
365 28 1
1420 28 1
3265 28 1
10 28 1
133 28 1
12 28 1
3180 28 1
317 28 1
1704 28 1
2482 28 1
3993 28 1
133 28 1
3466 28 1
624 28 1
141 28 1
7 28 1
221 28 1
741 28 1
3869 28 1
1510 28 1
14 28 1
630 28 1
3791 28 1
3283 28 1
1512 28 1
644 28 1
466 28 1
2185 28 1
4785 28 1
1453 28 1
1085 28 1
98 28 1
4321 28 1
334 28 1
488 28 1
196 28 1
379 28 1
505 28 1
1792 28 1
422 28 1
379 28 1
1437 28 1
494 28 1
3656 28 1
1497 28 1
74 28 1
512 28 1
1412 28 1
986 28 1
4194 28 1
1931 28 1
22 28 1
219 28 1
0 28 1
4099 28 1
34 28 1
476 28 1
948 28 1
2003 28 1
4336 28 1
83 28 1
3422 28 1
3487 28 1
26 28 1
3727 28 1
1354 28 1
2667 28 1
1560 28 1
283 28 1
599 28 1
225 28 1
1200 28 1
2545 28 1
297 28 1
22 28 1
41 28 1
1206 28 1
3304 28 1
169 28 1
4593 28 1
2068 28 1
1909 28 1
92 28 1
111 28 1
35 28 1
4305 28 1
2812 28 1
3564 28 1
762 28 1
2222 28 1
4179 28 1
563 28 1
157 28 1
3007 28 1
171 28 1
3624 28 1
2742 28 1
1141 28 1
240 28 1
31 28 1
3598 28 1
372 28 1
2068 28 1
3616 28 1
3988 28 1
40 28 1
722 28 1
1064 28 1
55 28 1
550 28 1
4421 28 1
3074 28 1
427 28 1
1044 28 1
169 28 1
841 28 1
287 28 1
147 28 1
1861 28 1
204 28 1
166 28 1
3897 28 1
2975 28 1
2515 28 1
859 28 1
3157 28 1
2101 28 1
4564 28 1
8 28 1
1401 28 1
2317 28 1
1735 28 1
1395 28 1
961 28 1
1699 28 1
3854 28 1
112 28 1
278 28 1
351 28 1
3639 28 1
402 28 1
0 28 1
774 28 1
4137 28 1
3023 28 1
1165 28 1
1063 28 1
3571 28 1
0 28 1
1814 28 1
53 28 1
1651 28 1
2186 28 1
15 28 1
86 28 1
607 28 1
1432 28 1
453 28 1
1890 28 1
6 28 1
1345 28 1
33 28 1
1569 28 1
2664 28 1
750 28 1
1052 28 1
3332 28 1
7 28 1
1934 28 1
90 28 1
107 28 1
874 28 1
62 28 1
2064 28 1
1512 28 1
63 28 1
284 28 1
3324 28 1
712 28 1
1049 28 1
4957 28 1
4116 28 1
2 28 1
3888 28 1
720 28 1
798 28 1
4540 28 1
3193 28 1
1 28 1
14 28 1
1461 28 1
2714 28 1
3198 29 1
1370 29 1
227 29 1
2386 29 1
143 29 1
5 29 1
511 29 1
1776 29 1
1875 29 1
903 29 1
4490 29 1
290 29 1
771 29 1
29 29 1
1108 29 1
1582 29 1
868 29 1
6 29 1
752 29 1
1425 29 1
160 29 1
119 29 1
1420 29 1
2150 29 1
507 29 1
3392 29 1
1047 29 1
1630 29 1
2544 29 1
4969 29 1
1755 29 1
2606 29 1
1569 29 1
3693 29 1
475 29 1
747 29 1
2706 29 1
3925 29 1
591 29 1
702 29 1
4801 29 1
3402 29 1
921 29 1
3002 29 1
226 29 1
1140 29 1
3375 29 1
657 29 1
1214 29 1
60 29 1
1178 29 1
2861 29 1
69 29 1
202 29 1
226 29 1
286 29 1
4962 29 1
454 29 1
90 29 1
2439 29 1
1706 29 1
1 29 1
3594 29 1
356 29 1
241 29 1
4 29 1
3343 29 1
2968 29 1
1909 29 1
2871 29 1
3660 29 1
4863 29 1
1246 29 1
206 29 1
1991 29 1
2605 29 1
240 29 1
4024 29 1
3352 29 1
884 29 1
2811 29 1
2699 29 1
1167 29 1
857 29 1
2113 29 1
1860 29 1
1920 29 1
160 29 1
3348 29 1
1194 29 1
14 29 1
2393 29 1
4407 29 1
1294 29 1
844 29 1
3449 29 1
3111 29 1
4970 29 1
4495 29 1
4610 29 1
786 29 1
524 29 1
106 29 1
4906 29 1
398 29 1
356 29 1
1385 29 1
509 29 1
1275 29 1
864 29 1
753 29 1
3840 29 1
1429 29 1
788 29 1
1002 29 1
260 29 1
24 29 1
4974 29 1
1204 29 1
4843 29 1
2187 29 1
377 29 1
0 29 1
4537 29 1
337 29 1
2791 29 1
17 29 1
4353 29 1
420 29 1
4553 29 1
1047 29 1
3359 29 1
3353 29 1
58 29 1
2341 29 1
3504 29 1
453 29 1
1876 29 1
549 29 1
4380 29 1
2720 29 1
46 29 1
3808 29 1
986 29 1
303 29 1
4023 29 1
1188 29 1
1439 29 1
3345 29 1
1734 29 1
126 29 1
2630 29 1
1317 29 1
132 29 1
1006 29 1
2083 29 1
5 29 1
3018 29 1
1749 29 1
332 29 1
926 29 1
44 29 1
3547 29 1
2518 29 1
3126 29 1
740 29 1
1309 29 1
2285 29 1
356 29 1
2849 29 1
125 29 1
1071 29 1
191 29 1
4689 29 1
26 29 1
3305 29 1
3929 29 1
1971 29 1
4760 29 1
1 29 1
2 29 1
185 29 1
3220 29 1
4797 29 1
64 29 1
4279 29 1
4825 29 1
665 29 1
358 29 1
1312 29 1
2443 29 1
3133 29 1
1980 29 1
1304 29 1
1802 29 1
2161 29 1
461 29 1
371 29 1
2 29 1
1644 29 1
4986 29 1
17 29 1
4169 29 1
1819 29 1
4487 29 1
905 29 1
792 29 1
3411 29 1
4226 29 1
4699 29 1
3677 29 1
1207 29 1
1914 29 1
0 29 1
211 29 1
1415 29 1
1290 29 1
411 29 1
3693 29 1
2056 29 1
3615 29 1
2073 29 1
402 29 1
296 29 1
762 29 1
4322 29 1
137 29 1
1335 29 1
26 29 1
301 29 1
719 29 1
222 29 1
2320 29 1
30 29 1
433 29 1
1047 29 1
2192 29 1
4487 29 1
576 29 1
1871 29 1
37 29 1
260 29 1
1769 29 1
4134 29 1
582 29 1
4500 29 1
2750 29 1
3122 29 1
389 29 1
2090 29 1
2251 29 1
141 29 1
1148 29 1
132 29 1
3322 29 1
512 29 1
180 29 1
613 29 1
448 29 1
284 29 1
1182 29 1
1849 29 1
1700 29 1
3323 29 1
649 29 1
2599 29 1
1993 29 1
5 29 1
3788 29 1
3160 29 1
223 29 1
2061 29 1
2591 29 1
779 29 1
45 29 1
3951 29 1
4503 29 1
831 29 1
4223 29 1
416 29 1
2138 29 1
9 29 1
114 29 1
11 29 1
3509 29 1
2224 29 1
2839 29 1
225 29 1
2184 29 1
641 29 1
1163 29 1
2515 29 1
1803 29 1
671 29 1
179 29 1
43 29 1
4867 29 1
372 29 1
780 29 1
1898 29 1
29 29 1
1881 29 1
2184 29 1
509 29 1
768 29 1
462 29 1
4854 29 1
3040 29 1
2496 29 1
1260 29 1
991 29 1
1688 29 1
13 29 1
2092 29 1
2620 29 1
880 29 1
3557 29 1
129 29 1
2078 29 1
604 29 1
284 29 1
737 29 1
1144 29 1
23 29 1
1812 29 1
425 29 1
2702 29 1
4700 29 1
1880 29 1
11 29 1
4465 29 1
165 29 1
4607 29 1
122 29 1
2149 29 1
42 29 1
3186 29 1
3 29 1
1039 29 1
101 29 1
253 29 1
73 29 1
4988 29 1
2811 29 1
4662 29 1
1408 29 1
2091 30 1
987 30 1
115 30 1
124 30 1
1554 30 1
227 30 1
829 30 1
4097 30 1
568 30 1
756 30 1
2297 30 1
1259 30 1
1113 30 1
4716 30 1
1918 30 1
26 30 1
1777 30 1
3935 30 1
1782 30 1
1885 30 1
362 30 1
82 30 1
2268 30 1
911 30 1
304 30 1
4277 30 1
27 30 1
816 30 1
4109 30 1
2269 30 1
31 30 1
182 30 1
451 30 1
4030 30 1
2008 30 1
1145 30 1
3663 30 1
12 30 1
3376 30 1
697 30 1
124 30 1
4702 30 1
1230 30 1
4385 30 1
458 30 1
41 30 1
2358 30 1
12 30 1
3932 30 1
718 30 1
655 30 1
339 30 1
985 30 1
70 30 1
370 30 1
2019 30 1
1948 30 1
2652 30 1
1 30 1
438 30 1
2729 30 1
3041 30 1
642 30 1
59 30 1
1329 30 1
1189 30 1
3612 30 1
718 30 1
1316 30 1
23 30 1
1 30 1
4693 30 1
2337 30 1
4362 30 1
694 30 1
3488 30 1
2611 30 1
3607 30 1
2457 30 1
2 30 1
4317 30 1
231 30 1
2529 30 1
545 30 1
1663 30 1
90 30 1
2848 30 1
4108 30 1
433 30 1
1192 30 1
540 30 1
4690 30 1
485 30 1
1901 30 1
40 30 1
1252 30 1
30 30 1
4048 30 1
1751 30 1
1655 30 1
2411 30 1
1493 30 1
6 30 1
2946 30 1
1066 30 1
4271 30 1
21 30 1
3810 30 1
2643 30 1
3376 30 1
148 30 1
686 30 1
441 30 1
1803 30 1
1571 30 1
103 30 1
43 30 1
1228 30 1
30 30 1
2586 30 1
572 30 1
210 30 1
245 30 1
662 30 1
4860 30 1
155 30 1
1878 30 1
1705 30 1
256 30 1
4513 30 1
1894 30 1
2293 30 1
1605 30 1
3018 30 1
272 30 1
1513 30 1
3773 30 1
452 30 1
763 30 1
1276 30 1
52 30 1
1606 30 1
19 30 1
48 30 1
3855 30 1
3705 30 1
50 30 1
4158 30 1
526 30 1
3463 30 1
4004 30 1
2514 30 1
1309 30 1
3169 30 1
41 30 1
50 30 1
232 30 1
958 30 1
887 30 1
2692 30 1
1072 30 1
998 30 1
8 30 1
4352 30 1
398 30 1
971 30 1
3966 30 1
986 30 1
0 30 1
2391 30 1
885 30 1
4987 30 1
2052 30 1
121 30 1
2772 30 1
391 30 1
419 30 1
13 30 1
637 30 1
4199 30 1
1477 30 1
660 30 1
304 30 1
4697 30 1
355 30 1
218 30 1
3946 30 1
3611 30 1
1052 30 1
1023 30 1
111 30 1
279 30 1
2866 30 1
1180 30 1
1288 30 1
355 30 1
1029 30 1
183 30 1
92 30 1
4825 30 1
636 30 1
558 30 1
4390 30 1
648 30 1
3059 30 1
3267 30 1
1848 30 1
1521 30 1
597 30 1
258 30 1
14 30 1
1623 30 1
46 30 1
702 30 1
4980 30 1
897 30 1
1 30 1
3370 30 1
243 30 1
4400 30 1
1896 30 1
1071 30 1
952 30 1
2704 30 1
131 30 1
1158 30 1
777 30 1
785 30 1
1226 30 1
4918 30 1
2093 30 1
94 30 1
1170 30 1
81 30 1
3391 30 1
3818 30 1
2743 30 1
2783 30 1
1986 30 1
402 30 1
3678 30 1
134 30 1
354 30 1
129 30 1
3285 30 1
8 30 1
3253 30 1
3347 30 1
3353 30 1
1325 30 1
1438 30 1
3068 30 1
1801 30 1
0 30 1
1685 30 1
3247 30 1
1621 30 1
907 30 1
1486 30 1
5 30 1
889 30 1
3537 30 1
6 30 1
38 30 1
2539 30 1
1091 30 1
5 30 1
12 30 1
868 30 1
3616 30 1
89 30 1
215 30 1
2248 30 1
104 30 1
2609 30 1
241 30 1
903 30 1
4850 30 1
2332 30 1
375 30 1
1392 30 1
187 30 1
64 30 1
1880 30 1
4163 30 1
1105 30 1
1553 30 1
2704 30 1
4081 30 1
164 30 1
2866 30 1
1876 30 1
1577 30 1
427 30 1
0 30 1
12 30 1
951 30 1
2615 30 1
228 30 1
1913 30 1
2306 30 1
172 30 1
89 30 1
627 30 1
720 30 1
3796 30 1
2440 30 1
256 30 1
312 30 1
22 30 1
1058 30 1
2837 30 1
2063 30 1
84 30 1
1915 30 1
138 30 1
3821 30 1
1201 30 1
1685 30 1
17 30 1
1249 30 1
1070 30 1
244 30 1
372 30 1
261 30 1
3077 30 1
1024 30 1
364 30 1
3533 30 1
3205 30 1
2150 30 1
4207 30 1
3046 30 1
1203 30 1
3683 30 1
4272 30 1
1349 30 1
383 30 1
196 30 1
182 30 1
110 30 1
4594 30 1
3564 30 1
1160 30 1
419 30 1
1607 30 1
2767 31 1
41 31 1
4775 31 1
3079 31 1
3329 31 1
2639 31 1
2046 31 1
999 31 1
7 31 1
864 31 1
0 31 1
1106 31 1
1850 31 1
12 31 1
2185 31 1
827 31 1
300 31 1
7 31 1
21 31 1
2499 31 1
611 31 1
4363 31 1
1627 31 1
2815 31 1
235 31 1
1888 31 1
817 31 1
2360 31 1
3205 31 1
2473 31 1
0 31 1
809 31 1
801 31 1
2799 31 1
471 31 1
4859 31 1
3994 31 1
1412 31 1
524 31 1
71 31 1
2001 31 1
29 31 1
116 31 1
450 31 1
4584 31 1
3388 31 1
4875 31 1
2014 31 1
855 31 1
546 31 1
2845 31 1
566 31 1
202 31 1
231 31 1
2335 31 1
1112 31 1
64 31 1
2757 31 1
264 31 1
1659 31 1
1460 31 1
1580 31 1
731 31 1
213 31 1
718 31 1
268 31 1
311 31 1
548 31 1
2906 31 1
1500 31 1
3644 31 1
871 31 1
4680 31 1
3192 31 1
4436 31 1
4912 31 1
1 31 1
1570 31 1
74 31 1
1253 31 1
620 31 1
186 31 1
2153 31 1
2004 31 1
2095 31 1
4453 31 1
2782 31 1
1943 31 1
135 31 1
4 31 1
1310 31 1
2250 31 1
2838 31 1
6 31 1
0 31 1
21 31 1
1095 31 1
614 31 1
2402 31 1
310 31 1
13 31 1
22 31 1
14 31 1
2011 31 1
2858 31 1
345 31 1
400 31 1
1255 31 1
4571 31 1
17 31 1
1782 31 1
283 31 1
2109 31 1
3861 31 1
1454 31 1
1 31 1
1784 31 1
1932 31 1
623 31 1
4718 31 1
3077 31 1
89 31 1
36 31 1
276 31 1
35 31 1
159 31 1
3230 31 1
104 31 1
4619 31 1
3979 31 1
988 31 1
310 31 1
2321 31 1
23 31 1
4791 31 1
2972 31 1
8 31 1
1125 31 1
108 31 1
227 31 1
4696 31 1
77 31 1
281 31 1
497 31 1
1989 31 1
4875 31 1
3863 31 1
4460 31 1
1645 31 1
2852 31 1
3583 31 1
602 31 1
209 31 1
256 31 1
2725 31 1
2925 31 1
1877 31 1
10 31 1
4190 31 1
819 31 1
1067 31 1
481 31 1
4478 31 1
1528 31 1
3528 31 1
2387 31 1
1441 31 1
91 31 1
1305 31 1
1278 31 1
1610 31 1
1977 31 1
6 31 1
7 31 1
1760 31 1
2138 31 1
698 31 1
250 31 1
531 31 1
1247 31 1
4753 31 1
2513 31 1
3574 31 1
4101 31 1
744 31 1
994 31 1
82 31 1
1111 31 1
308 31 1
823 31 1
2324 31 1
11 31 1
2875 31 1
4644 31 1
153 31 1
3124 31 1
53 31 1
981 31 1
3080 31 1
4703 31 1
4099 31 1
115 31 1
3537 31 1
272 31 1
2107 31 1
1455 31 1
46 31 1
4685 31 1
4290 31 1
1325 31 1
4318 31 1
3802 31 1
4081 31 1
4261 31 1
2772 31 1
1650 31 1
61 31 1
4414 31 1
3514 31 1
375 31 1
603 31 1
2108 31 1
176 31 1
4770 31 1
898 31 1
1990 31 1
3936 31 1
583 31 1
271 31 1
16 31 1
325 31 1
61 31 1
547 31 1
872 31 1
955 31 1
1324 31 1
478 31 1
2 31 1
2018 31 1
194 31 1
1157 31 1
33 31 1
47 31 1
1136 31 1
2154 31 1
1065 31 1
68 31 1
33 31 1
2 31 1
336 31 1
177 31 1
1 31 1
146 31 1
0 31 1
211 31 1
1492 31 1
2010 31 1
2020 31 1
866 31 1
185 31 1
0 31 1
1784 31 1
310 31 1
1147 31 1
2 31 1
4 31 1
12 31 1
2344 31 1
60 31 1
44 31 1
1468 31 1
3910 31 1
18 31 1
1588 31 1
778 31 1
618 31 1
4434 31 1
1245 31 1
618 31 1
0 31 1
326 31 1
654 31 1
3034 31 1
2583 31 1
571 31 1
1720 31 1
2401 31 1
1057 31 1
3597 31 1
1432 31 1
2007 31 1
1088 31 1
17 31 1
3205 31 1
1351 31 1
98 31 1
625 31 1
167 31 1
1154 31 1
2858 31 1
818 31 1
66 31 1
225 31 1
3628 31 1
701 31 1
129 31 1
1179 31 1
3310 31 1
1397 31 1
2519 31 1
3869 31 1
1513 31 1
4984 31 1
2915 31 1
2506 31 1
2 31 1
289 31 1
4894 31 1
3165 31 1
4259 31 1
148 31 1
3573 31 1
3065 31 1
2229 31 1
79 31 1
40 31 1
30 31 1
352 31 1
3734 31 1
3355 31 1
192 31 1
330 31 1
501 31 1
3893 31 1
1894 31 1
2924 31 1
3605 31 1
130 31 1
1078 31 1
57 31 1
27 31 1
2707 31 1
2 31 1
961 31 1
4457 31 1
270 32 1
610 32 1
1603 32 1
1824 32 1
901 32 1
853 32 1
715 32 1
79 32 1
1337 32 1
1849 32 1
0 32 1
475 32 1
641 32 1
2487 32 1
288 32 1
22 32 1
4852 32 1
34 32 1
991 32 1
655 32 1
956 32 1
1715 32 1
285 32 1
1408 32 1
412 32 1
2445 32 1
309 32 1
933 32 1
4048 32 1
480 32 1
1563 32 1
446 32 1
2225 32 1
586 32 1
1951 32 1
1428 32 1
264 32 1
3345 32 1
867 32 1
2717 32 1
77 32 1
2052 32 1
3272 32 1
3594 32 1
245 32 1
2590 32 1
4472 32 1
2675 32 1
3603 32 1
2311 32 1
1183 32 1
386 32 1
4483 32 1
2837 32 1
3475 32 1
36 32 1
3061 32 1
1002 32 1
2487 32 1
0 32 1
2497 32 1
3255 32 1
63 32 1
531 32 1
2445 32 1
1 32 1
3156 32 1
3172 32 1
58 32 1
20 32 1
43 32 1
120 32 1
2523 32 1
379 32 1
3394 32 1
482 32 1
117 32 1
1371 32 1
1009 32 1
3547 32 1
2547 32 1
67 32 1
2865 32 1
448 32 1
4382 32 1
3082 32 1
3216 32 1
2728 32 1
53 32 1
615 32 1
3611 32 1
884 32 1
1351 32 1
1998 32 1
3357 32 1
554 32 1
196 32 1
3274 32 1
893 32 1
1719 32 1
2972 32 1
4451 32 1
1876 32 1
2032 32 1
3074 32 1
4131 32 1
221 32 1
548 32 1
882 32 1
1036 32 1
3437 32 1
2483 32 1
4199 32 1
3977 32 1
147 32 1
631 32 1
60 32 1
516 32 1
3399 32 1
1711 32 1
1278 32 1
1319 32 1
2117 32 1
4687 32 1
935 32 1
2530 32 1
3058 32 1
4149 32 1
3951 32 1
1299 32 1
580 32 1
11 32 1
2057 32 1
2062 32 1
238 32 1
3338 32 1
2739 32 1
2870 32 1
548 32 1
3814 32 1
2926 32 1
1559 32 1
8 32 1
217 32 1
3672 32 1
1408 32 1
176 32 1
98 32 1
1014 32 1
1551 32 1
4950 32 1
727 32 1
2276 32 1
2988 32 1
3762 32 1
1214 32 1
957 32 1
568 32 1
1480 32 1
4562 32 1
2322 32 1
966 32 1
1337 32 1
9 32 1
96 32 1
2165 32 1
17 32 1
1456 32 1
4986 32 1
472 32 1
443 32 1
221 32 1
600 32 1
3603 32 1
621 32 1
63 32 1
736 32 1
3382 32 1
523 32 1
46 32 1
1609 32 1
1236 32 1
1831 32 1
192 32 1
3205 32 1
509 32 1
274 32 1
3497 32 1
2186 32 1
246 32 1
1090 32 1
4908 32 1
2643 32 1
1132 32 1
355 32 1
1034 32 1
3593 32 1
1679 32 1
373 32 1
243 32 1
175 32 1
2165 32 1
2204 32 1
0 32 1
2460 32 1
223 32 1
3581 32 1
107 32 1
67 32 1
31 32 1
3900 32 1
628 32 1
698 32 1
1022 32 1
4 32 1
1672 32 1
4284 32 1
3215 32 1
6 32 1
2727 32 1
2132 32 1
1541 32 1
656 32 1
342 32 1
34 32 1
566 32 1
1105 32 1
40 32 1
494 32 1
4102 32 1
825 32 1
169 32 1
912 32 1
3090 32 1
82 32 1
1518 32 1
1977 32 1
3041 32 1
3126 32 1
1 32 1
473 32 1
1806 32 1
591 32 1
182 32 1
184 32 1
1564 32 1
1231 32 1
2491 32 1
1203 32 1
1914 32 1
3469 32 1
1384 32 1
4503 32 1
1097 32 1
3206 32 1
1278 32 1
227 32 1
4934 32 1
3305 32 1
323 32 1
237 32 1
747 32 1
94 32 1
133 32 1
739 32 1
1631 32 1
177 32 1
4175 32 1
370 32 1
1037 32 1
302 32 1
2535 32 1
1089 32 1
10 32 1
4099 32 1
3904 32 1
2411 32 1
4241 32 1
63 32 1
3307 32 1
443 32 1
1708 32 1
3490 32 1
2014 32 1
2582 32 1
630 32 1
4562 32 1
1 32 1
2653 32 1
2609 32 1
55 32 1
811 32 1
2155 32 1
3008 32 1
3359 32 1
351 32 1
558 32 1
3279 32 1
1446 32 1
3041 32 1
217 32 1
1272 32 1
228 32 1
1330 32 1
1 32 1
691 32 1
596 32 1
396 32 1
3217 32 1
3006 32 1
378 32 1
425 32 1
1220 32 1
968 32 1
67 32 1
433 32 1
2785 32 1
253 32 1
3565 32 1
1538 32 1
871 32 1
114 32 1
13 32 1
85 32 1
2650 32 1
1986 32 1
548 32 1
904 32 1
1272 32 1
156 32 1
1312 32 1
3145 32 1
4215 32 1
1210 32 1
4800 32 1
3023 32 1
21 32 1
51 32 1
1289 32 1
273 32 1
2554 32 1
3642 32 1
12 32 1
92 32 1
133 32 1
75 33 1
4310 33 1
3148 33 1
25 33 1
1210 33 1
1363 33 1
4704 33 1
9 33 1
313 33 1
1481 33 1
512 33 1
1097 33 1
4153 33 1
908 33 1
797 33 1
41 33 1
264 33 1
510 33 1
436 33 1
1379 33 1
203 33 1
4105 33 1
2607 33 1
4532 33 1
2330 33 1
15 33 1
56 33 1
1395 33 1
564 33 1
2975 33 1
2987 33 1
291 33 1
31 33 1
3 33 1
2368 33 1
226 33 1
2935 33 1
163 33 1
235 33 1
596 33 1
158 33 1
3803 33 1
854 33 1
568 33 1
3196 33 1
1106 33 1
2989 33 1
4754 33 1
0 33 1
2157 33 1
45 33 1
11 33 1
73 33 1
3331 33 1
162 33 1
3786 33 1
2088 33 1
4894 33 1
261 33 1
690 33 1
2013 33 1
79 33 1
3099 33 1
3072 33 1
749 33 1
304 33 1
2749 33 1
493 33 1
2622 33 1
700 33 1
13 33 1
1 33 1
397 33 1
2667 33 1
462 33 1
1337 33 1
300 33 1
348 33 1
932 33 1
57 33 1
961 33 1
680 33 1
420 33 1
1443 33 1
3570 33 1
301 33 1
2 33 1
2758 33 1
2087 33 1
107 33 1
940 33 1
3445 33 1
3440 33 1
3410 33 1
3332 33 1
1647 33 1
2758 33 1
3730 33 1
158 33 1
1759 33 1
1037 33 1
1241 33 1
925 33 1
123 33 1
2473 33 1
3741 33 1
4082 33 1
1389 33 1
5 33 1
98 33 1
581 33 1
3796 33 1
735 33 1
681 33 1
1008 33 1
3362 33 1
466 33 1
2365 33 1
141 33 1
2484 33 1
426 33 1
1339 33 1
22 33 1
2723 33 1
555 33 1
1172 33 1
725 33 1
4536 33 1
131 33 1
1572 33 1
4131 33 1
106 33 1
1412 33 1
117 33 1
640 33 1
0 33 1
0 33 1
494 33 1
3845 33 1
3069 33 1
138 33 1
2499 33 1
29 33 1
2484 33 1
3356 33 1
4922 33 1
2940 33 1
295 33 1
29 33 1
2627 33 1
4 33 1
758 33 1
1931 33 1
2116 33 1
1078 33 1
1049 33 1
2370 33 1
534 33 1
4208 33 1
21 33 1
0 33 1
2384 33 1
1795 33 1
4710 33 1
3506 33 1
507 33 1
1856 33 1
2020 33 1
2181 33 1
3337 33 1
1586 33 1
2894 33 1
273 33 1
3246 33 1
325 33 1
1444 33 1
2 33 1
1078 33 1
526 33 1
4715 33 1
2529 33 1
11 33 1
4713 33 1
893 33 1
444 33 1
1081 33 1
4513 33 1
3359 33 1
4670 33 1
1953 33 1
1311 33 1
1340 33 1
4936 33 1
2146 33 1
54 33 1
11 33 1
184 33 1
2658 33 1
63 33 1
3849 33 1
3 33 1
1313 33 1
899 33 1
3725 33 1
449 33 1
2744 33 1
43 33 1
1760 33 1
2050 33 1
589 33 1
897 33 1
348 33 1
2964 33 1
1684 33 1
1241 33 1
3746 33 1
72 33 1
403 33 1
233 33 1
2102 33 1
13 33 1
2600 33 1
3183 33 1
0 33 1
1255 33 1
2 33 1
2626 33 1
4100 33 1
1026 33 1
2693 33 1
1160 33 1
430 33 1
548 33 1
3069 33 1
313 33 1
409 33 1
44 33 1
894 33 1
408 33 1
668 33 1
1025 33 1
21 33 1
1694 33 1
3941 33 1
479 33 1
4212 33 1
378 33 1
2683 33 1
1828 33 1
3484 33 1
3956 33 1
1332 33 1
2549 33 1
2961 33 1
567 33 1
2161 33 1
576 33 1
1656 33 1
151 33 1
1018 33 1
1768 33 1
396 33 1
4615 33 1
3739 33 1
630 33 1
3950 33 1
140 33 1
4109 33 1
3816 33 1
41 33 1
4517 33 1
140 33 1
12 33 1
3128 33 1
4747 33 1
132 33 1
3347 33 1
4341 33 1
3399 33 1
687 33 1
1972 33 1
2051 33 1
536 33 1
1 33 1
289 33 1
4052 33 1
502 33 1
180 33 1
4093 33 1
888 33 1
661 33 1
2315 33 1
24 33 1
2925 33 1
2293 33 1
330 33 1
1285 33 1
72 33 1
805 33 1
2243 33 1
2610 33 1
2774 33 1
4583 33 1
1515 33 1
4486 33 1
890 33 1
2875 33 1
3877 33 1
13 33 1
3564 33 1
1169 33 1
8 33 1
274 33 1
2360 33 1
2908 33 1
5 33 1
4596 33 1
647 33 1
1829 33 1
4478 33 1
183 33 1
967 33 1
2274 33 1
167 33 1
751 33 1
837 33 1
4251 33 1
2439 33 1
1114 33 1
444 33 1
47 33 1
77 33 1
96 33 1
1879 33 1
3714 33 1
21 33 1
861 33 1
1875 33 1
2727 33 1
600 33 1
52 33 1
783 33 1
1291 33 1
126 33 1
1106 33 1
708 34 1
1818 34 1
1746 34 1
4694 34 1
3565 34 1
2250 34 1
207 34 1
11 34 1
210 34 1
591 34 1
25 34 1
1299 34 1
3547 34 1
3806 34 1
70 34 1
0 34 1
2742 34 1
621 34 1
3820 34 1
3146 34 1
455 34 1
762 34 1
3138 34 1
2219 34 1
1386 34 1
3000 34 1
1370 34 1
1437 34 1
3682 34 1
2296 34 1
280 34 1
1635 34 1
0 34 1
242 34 1
4726 34 1
2623 34 1
1545 34 1
3561 34 1
664 34 1
3343 34 1
4111 34 1
1 34 1
3292 34 1
105 34 1
3070 34 1
997 34 1
41 34 1
1194 34 1
2539 34 1
1299 34 1
3781 34 1
2385 34 1
0 34 1
3169 34 1
1465 34 1
1 34 1
781 34 1
931 34 1
741 34 1
1278 34 1
10 34 1
426 34 1
200 34 1
1175 34 1
855 34 1
201 34 1
921 34 1
730 34 1
572 34 1
4303 34 1
118 34 1
4049 34 1
2843 34 1
210 34 1
3279 34 1
3071 34 1
67 34 1
567 34 1
4928 34 1
1375 34 1
962 34 1
25 34 1
1430 34 1
4860 34 1
225 34 1
169 34 1
49 34 1
856 34 1
4360 34 1
3969 34 1
420 34 1
203 34 1
3922 34 1
3566 34 1
4861 34 1
2159 34 1
31 34 1
42 34 1
2565 34 1
515 34 1
364 34 1
381 34 1
18 34 1
3731 34 1
801 34 1
320 34 1
122 34 1
301 34 1
940 34 1
4816 34 1
2840 34 1
4261 34 1
3430 34 1
31 34 1
2661 34 1
1452 34 1
4051 34 1
3026 34 1
39 34 1
4292 34 1
3362 34 1
3 34 1
3521 34 1
3368 34 1
819 34 1
3082 34 1
2073 34 1
4341 34 1
4225 34 1
167 34 1
3760 34 1
584 34 1
7 34 1
205 34 1
118 34 1
2747 34 1
357 34 1
64 34 1
3849 34 1
4881 34 1
4276 34 1
3543 34 1
89 34 1
1725 34 1
3880 34 1
3233 34 1
1233 34 1
4846 34 1
2348 34 1
4113 34 1
4816 34 1
1939 34 1
109 34 1
4523 34 1
270 34 1
327 34 1
2640 34 1
6 34 1
1204 34 1
2592 34 1
260 34 1
580 34 1
2027 34 1
1218 34 1
4354 34 1
803 34 1
1146 34 1
4178 34 1
314 34 1
2796 34 1
3234 34 1
1612 34 1
1863 34 1
1493 34 1
2916 34 1
3251 34 1
269 34 1
31 34 1
81 34 1
3958 34 1
268 34 1
3906 34 1
139 34 1
426 34 1
1504 34 1
167 34 1
39 34 1
216 34 1
46 34 1
106 34 1
1306 34 1
2323 34 1
1021 34 1
645 34 1
4619 34 1
1217 34 1
1851 34 1
13 34 1
201 34 1
1142 34 1
2735 34 1
474 34 1
1709 34 1
196 34 1
95 34 1
80 34 1
2 34 1
750 34 1
4181 34 1
27 34 1
4146 34 1
9 34 1
224 34 1
3171 34 1
1581 34 1
1184 34 1
120 34 1
3432 34 1
2599 34 1
41 34 1
2393 34 1
1628 34 1
95 34 1
852 34 1
40 34 1
661 34 1
4896 34 1
2898 34 1
68 34 1
0 34 1
279 34 1
4646 34 1
1885 34 1
1641 34 1
45 34 1
724 34 1
1 34 1
1018 34 1
4772 34 1
4821 34 1
2049 34 1
1786 34 1
3028 34 1
116 34 1
1573 34 1
4203 34 1
666 34 1
4425 34 1
4627 34 1
699 34 1
939 34 1
1167 34 1
103 34 1
96 34 1
362 34 1
1355 34 1
1462 34 1
522 34 1
77 34 1
4936 34 1
1153 34 1
3346 34 1
146 34 1
605 34 1
1976 34 1
2450 34 1
3631 34 1
4086 34 1
1916 34 1
552 34 1
9 34 1
28 34 1
2749 34 1
118 34 1
568 34 1
640 34 1
897 34 1
1877 34 1
246 34 1
2058 34 1
1318 34 1
2228 34 1
88 34 1
20 34 1
4259 34 1
2450 34 1
1282 34 1
874 34 1
49 34 1
4458 34 1
10 34 1
16 34 1
1873 34 1
798 34 1
3298 34 1
2203 34 1
3450 34 1
1779 34 1
3752 34 1
3446 34 1
4523 34 1
2222 34 1
3690 34 1
3849 34 1
3709 34 1
841 34 1
2094 34 1
89 34 1
4476 34 1
2612 34 1
4897 34 1
2993 34 1
1 34 1
1460 34 1
281 34 1
1574 34 1
1019 34 1
48 34 1
1388 34 1
1992 34 1
1807 34 1
2896 34 1
2684 34 1
4050 34 1
1428 34 1
3424 34 1
270 34 1
424 34 1
467 34 1
950 34 1
1699 34 1
1118 34 1
3840 34 1
955 34 1
7 34 1
4462 34 1
3040 34 1
577 34 1
108 34 1
2705 34 1
2271 34 1
2533 34 1
2708 34 1
1043 34 1
1347 34 1
590 35 1
1405 35 1
1101 35 1
2588 35 1
3604 35 1
409 35 1
2 35 1
2338 35 1
2249 35 1
4223 35 1
461 35 1
3678 35 1
3023 35 1
510 35 1
750 35 1
767 35 1
4590 35 1
3285 35 1
865 35 1
3395 35 1
2 35 1
1116 35 1
75 35 1
30 35 1
2052 35 1
2734 35 1
127 35 1
4263 35 1
3329 35 1
149 35 1
266 35 1
4472 35 1
112 35 1
3829 35 1
27 35 1
1959 35 1
1261 35 1
1805 35 1
982 35 1
1423 35 1
2 35 1
1896 35 1
1280 35 1
28 35 1
2795 35 1
4771 35 1
177 35 1
1334 35 1
2009 35 1
1511 35 1
950 35 1
2295 35 1
4008 35 1
1508 35 1
2588 35 1
164 35 1
1457 35 1
1312 35 1
74 35 1
3242 35 1
3808 35 1
3246 35 1
2 35 1
629 35 1
1938 35 1
443 35 1
840 35 1
3378 35 1
3527 35 1
33 35 1
2888 35 1
3078 35 1
142 35 1
562 35 1
3926 35 1
3979 35 1
519 35 1
508 35 1
2953 35 1
127 35 1
1630 35 1
880 35 1
87 35 1
1105 35 1
1392 35 1
74 35 1
77 35 1
2107 35 1
74 35 1
931 35 1
1198 35 1
244 35 1
459 35 1
2882 35 1
257 35 1
3471 35 1
45 35 1
1978 35 1
1061 35 1
1538 35 1
3619 35 1
318 35 1
101 35 1
1540 35 1
4940 35 1
1492 35 1
3523 35 1
4219 35 1
1786 35 1
486 35 1
1312 35 1
731 35 1
1055 35 1
4719 35 1
827 35 1
486 35 1
1 35 1
4879 35 1
2819 35 1
1445 35 1
738 35 1
3741 35 1
360 35 1
597 35 1
2807 35 1
263 35 1
1935 35 1
101 35 1
3432 35 1
1035 35 1
260 35 1
3936 35 1
461 35 1
4589 35 1
2206 35 1
2200 35 1
1266 35 1
2144 35 1
1583 35 1
1517 35 1
3582 35 1
435 35 1
3 35 1
127 35 1
620 35 1
2620 35 1
4130 35 1
3463 35 1
940 35 1
4 35 1
10 35 1
3143 35 1
69 35 1
4478 35 1
4427 35 1
602 35 1
1778 35 1
56 35 1
3031 35 1
513 35 1
4981 35 1
1065 35 1
548 35 1
528 35 1
1447 35 1
675 35 1
3801 35 1
845 35 1
733 35 1
4669 35 1
95 35 1
3 35 1
1023 35 1
17 35 1
67 35 1
176 35 1
670 35 1
410 35 1
3207 35 1
578 35 1
1684 35 1
4774 35 1
144 35 1
2858 35 1
1427 35 1
691 35 1
1955 35 1
51 35 1
3681 35 1
1 35 1
153 35 1
408 35 1
3690 35 1
2423 35 1
1940 35 1
104 35 1
211 35 1
392 35 1
3758 35 1
1514 35 1
1792 35 1
1182 35 1
1539 35 1
3331 35 1
791 35 1
4566 35 1
130 35 1
152 35 1
1822 35 1
5 35 1
4861 35 1
20 35 1
3624 35 1
1885 35 1
2076 35 1
156 35 1
0 35 1
578 35 1
1970 35 1
2561 35 1
3821 35 1
2750 35 1
1790 35 1
69 35 1
16 35 1
287 35 1
4054 35 1
14 35 1
943 35 1
1364 35 1
1676 35 1
2165 35 1
91 35 1
2447 35 1
2477 35 1
3257 35 1
574 35 1
1770 35 1
438 35 1
622 35 1
140 35 1
4 35 1
4797 35 1
999 35 1
2100 35 1
3630 35 1
629 35 1
1200 35 1
1666 35 1
2371 35 1
557 35 1
134 35 1
620 35 1
151 35 1
978 35 1
535 35 1
1542 35 1
86 35 1
689 35 1
1091 35 1
3589 35 1
4574 35 1
2771 35 1
3237 35 1
4656 35 1
1895 35 1
679 35 1
199 35 1
1653 35 1
1176 35 1
1121 35 1
0 35 1
3315 35 1
3192 35 1
1387 35 1
925 35 1
4285 35 1
1497 35 1
1463 35 1
2550 35 1
1086 35 1
0 35 1
3100 35 1
2529 35 1
3778 35 1
3835 35 1
1833 35 1
91 35 1
2676 35 1
939 35 1
910 35 1
651 35 1
434 35 1
2 35 1
1590 35 1
176 35 1
4472 35 1
3146 35 1
1336 35 1
32 35 1
1016 35 1
4319 35 1
137 35 1
251 35 1
144 35 1
4909 35 1
48 35 1
3766 35 1
1813 35 1
2654 35 1
4404 35 1
159 35 1
2798 35 1
4595 35 1
333 35 1
3618 35 1
2363 35 1
2608 35 1
3896 35 1
58 35 1
798 35 1
936 35 1
530 35 1
4714 35 1
1072 35 1
2138 35 1
358 35 1
4774 35 1
77 35 1
1257 35 1
31 35 1
13 35 1
900 35 1
30 35 1
1417 35 1
1330 35 1
1980 35 1
1 35 1
70 35 1
1560 35 1
27 35 1
1712 35 1
628 35 1
1803 35 1
4607 35 1
186 36 1
58 36 1
750 36 1
3497 36 1
567 36 1
884 36 1
4219 36 1
1584 36 1
2018 36 1
2951 36 1
2059 36 1
811 36 1
1662 36 1
4037 36 1
4547 36 1
611 36 1
2335 36 1
2448 36 1
372 36 1
2956 36 1
2957 36 1
40 36 1
1881 36 1
85 36 1
91 36 1
419 36 1
184 36 1
3676 36 1
2391 36 1
1171 36 1
4780 36 1
21 36 1
2533 36 1
4678 36 1
106 36 1
1525 36 1
1644 36 1
727 36 1
2804 36 1
92 36 1
493 36 1
1913 36 1
2602 36 1
3091 36 1
658 36 1
849 36 1
2013 36 1
1865 36 1
4 36 1
2280 36 1
44 36 1
29 36 1
105 36 1
136 36 1
911 36 1
2647 36 1
346 36 1
533 36 1
2375 36 1
517 36 1
269 36 1
872 36 1
1712 36 1
416 36 1
3632 36 1
588 36 1
3189 36 1
350 36 1
322 36 1
4004 36 1
2641 36 1
563 36 1
4076 36 1
271 36 1
3561 36 1
34 36 1
999 36 1
105 36 1
3899 36 1
639 36 1
2756 36 1
1413 36 1
148 36 1
898 36 1
1249 36 1
3276 36 1
1960 36 1
1675 36 1
423 36 1
3545 36 1
2850 36 1
1805 36 1
87 36 1
2115 36 1
3679 36 1
3169 36 1
1313 36 1
33 36 1
935 36 1
0 36 1
124 36 1
485 36 1
1779 36 1
2944 36 1
1879 36 1
914 36 1
29 36 1
1705 36 1
73 36 1
865 36 1
25 36 1
4491 36 1
812 36 1
15 36 1
119 36 1
2287 36 1
325 36 1
1759 36 1
692 36 1
527 36 1
2224 36 1
19 36 1
171 36 1
4072 36 1
3859 36 1
2486 36 1
44 36 1
1519 36 1
6 36 1
161 36 1
193 36 1
4830 36 1
4364 36 1
305 36 1
1214 36 1
4704 36 1
3718 36 1
1574 36 1
0 36 1
386 36 1
289 36 1
2155 36 1
1852 36 1
3676 36 1
24 36 1
4360 36 1
2878 36 1
3838 36 1
518 36 1
479 36 1
2305 36 1
1264 36 1
145 36 1
4929 36 1
4133 36 1
371 36 1
3583 36 1
3613 36 1
3895 36 1
2176 36 1
29 36 1
124 36 1
1707 36 1
2 36 1
4909 36 1
1021 36 1
2682 36 1
61 36 1
138 36 1
2383 36 1
1379 36 1
4988 36 1
1865 36 1
211 36 1
3800 36 1
1279 36 1
933 36 1
0 36 1
1553 36 1
4016 36 1
588 36 1
3263 36 1
1552 36 1
1565 36 1
8 36 1
4351 36 1
457 36 1
2618 36 1
2206 36 1
2410 36 1
102 36 1
16 36 1
1703 36 1
374 36 1
3672 36 1
1044 36 1
4089 36 1
2448 36 1
162 36 1
4644 36 1
3136 36 1
1940 36 1
2380 36 1
4467 36 1
1468 36 1
2766 36 1
148 36 1
4120 36 1
1655 36 1
188 36 1
260 36 1
2146 36 1
2762 36 1
607 36 1
3553 36 1
1723 36 1
1528 36 1
4232 36 1
91 36 1
124 36 1
448 36 1
25 36 1
1552 36 1
3163 36 1
644 36 1
114 36 1
4535 36 1
3282 36 1
1724 36 1
286 36 1
4844 36 1
553 36 1
498 36 1
2080 36 1
2956 36 1
837 36 1
926 36 1
671 36 1
2077 36 1
182 36 1
341 36 1
1109 36 1
1337 36 1
2458 36 1
4582 36 1
4694 36 1
2891 36 1
63 36 1
495 36 1
291 36 1
44 36 1
1279 36 1
27 36 1
443 36 1
2113 36 1
7 36 1
8 36 1
21 36 1
2053 36 1
8 36 1
2109 36 1
3337 36 1
4158 36 1
4474 36 1
4541 36 1
2568 36 1
272 36 1
643 36 1
487 36 1
231 36 1
4114 36 1
3330 36 1
563 36 1
1142 36 1
56 36 1
3105 36 1
156 36 1
3134 36 1
145 36 1
311 36 1
31 36 1
1271 36 1
1294 36 1
1830 36 1
382 36 1
95 36 1
1525 36 1
3924 36 1
81 36 1
2768 36 1
3118 36 1
3644 36 1
1323 36 1
435 36 1
2436 36 1
1655 36 1
2519 36 1
4212 36 1
2420 36 1
910 36 1
1251 36 1
371 36 1
1734 36 1
4572 36 1
755 36 1
3234 36 1
4916 36 1
45 36 1
4934 36 1
1463 36 1
383 36 1
2442 36 1
1816 36 1
4564 36 1
2136 36 1
2856 36 1
605 36 1
2251 36 1
1319 36 1
9 36 1
4383 36 1
1425 36 1
3756 36 1
521 36 1
4525 36 1
1 36 1
1018 36 1
2814 36 1
3921 36 1
3909 36 1
315 36 1
634 36 1
1578 36 1
91 36 1
1460 36 1
2781 36 1
3710 36 1
0 36 1
3934 36 1
3623 36 1
2605 36 1
2216 36 1
3816 36 1
1595 36 1
302 36 1
3788 37 1
629 37 1
810 37 1
738 37 1
88 37 1
4588 37 1
2794 37 1
428 37 1
187 37 1
2266 37 1
309 37 1
1582 37 1
209 37 1
3108 37 1
772 37 1
1024 37 1
2888 37 1
312 37 1
1613 37 1
1733 37 1
1336 37 1
1952 37 1
96 37 1
331 37 1
1001 37 1
4280 37 1
1224 37 1
4864 37 1
72 37 1
1356 37 1
1892 37 1
170 37 1
902 37 1
1654 37 1
2724 37 1
407 37 1
424 37 1
968 37 1
2446 37 1
1889 37 1
3458 37 1
2133 37 1
353 37 1
1301 37 1
4564 37 1
4391 37 1
1521 37 1
1882 37 1
232 37 1
2508 37 1
79 37 1
1909 37 1
780 37 1
235 37 1
3657 37 1
2481 37 1
2926 37 1
4428 37 1
707 37 1
298 37 1
1704 37 1
366 37 1
465 37 1
1179 37 1
707 37 1
756 37 1
80 37 1
4496 37 1
2217 37 1
3663 37 1
147 37 1
174 37 1
19 37 1
157 37 1
2007 37 1
1772 37 1
3178 37 1
2893 37 1
145 37 1
1191 37 1
4764 37 1
0 37 1
99 37 1
38 37 1
3527 37 1
63 37 1
3160 37 1
9 37 1
2203 37 1
1782 37 1
630 37 1
3393 37 1
12 37 1
70 37 1
3544 37 1
2447 37 1
2496 37 1
199 37 1
3196 37 1
238 37 1
2046 37 1
17 37 1
3858 37 1
381 37 1
1454 37 1
1952 37 1
1373 37 1
3892 37 1
1708 37 1
145 37 1
3689 37 1
4285 37 1
3513 37 1
2286 37 1
3222 37 1
1520 37 1
3657 37 1
991 37 1
2196 37 1
1498 37 1
3480 37 1
1885 37 1
3068 37 1
2185 37 1
759 37 1
2033 37 1
54 37 1
1327 37 1
306 37 1
188 37 1
3026 37 1
3121 37 1
153 37 1
5 37 1
2881 37 1
3838 37 1
4452 37 1
4343 37 1
83 37 1
3 37 1
809 37 1
1087 37 1
2216 37 1
4068 37 1
1019 37 1
1076 37 1
2226 37 1
4645 37 1
899 37 1
9 37 1
2619 37 1
726 37 1
374 37 1
221 37 1
889 37 1
2404 37 1
2488 37 1
2249 37 1
1652 37 1
1483 37 1
0 37 1
230 37 1
178 37 1
5 37 1
870 37 1
1780 37 1
125 37 1
2483 37 1
3468 37 1
310 37 1
1169 37 1
2997 37 1
171 37 1
1092 37 1
1309 37 1
1315 37 1
677 37 1
2716 37 1
1383 37 1
2131 37 1
1782 37 1
3137 37 1
2777 37 1
895 37 1
1879 37 1
1555 37 1
1295 37 1
4985 37 1
31 37 1
277 37 1
2155 37 1
1234 37 1
296 37 1
240 37 1
991 37 1
3551 37 1
2740 37 1
1211 37 1
42 37 1
3406 37 1
458 37 1
0 37 1
2454 37 1
4432 37 1
81 37 1
1409 37 1
3705 37 1
3452 37 1
1414 37 1
73 37 1
1140 37 1
1023 37 1
872 37 1
81 37 1
3145 37 1
4666 37 1
1954 37 1
1924 37 1
170 37 1
53 37 1
1294 37 1
70 37 1
1847 37 1
1577 37 1
143 37 1
4750 37 1
789 37 1
4212 37 1
611 37 1
0 37 1
0 37 1
4000 37 1
2145 37 1
3040 37 1
554 37 1
15 37 1
2424 37 1
907 37 1
687 37 1
1302 37 1
7 37 1
0 37 1
1687 37 1
1032 37 1
2666 37 1
67 37 1
3391 37 1
1277 37 1
1152 37 1
1006 37 1
2590 37 1
4031 37 1
1794 37 1
558 37 1
142 37 1
2726 37 1
234 37 1
314 37 1
172 37 1
3405 37 1
421 37 1
1401 37 1
85 37 1
322 37 1
748 37 1
25 37 1
4574 37 1
3903 37 1
835 37 1
2 37 1
198 37 1
24 37 1
1652 37 1
1915 37 1
4822 37 1
899 37 1
3328 37 1
4536 37 1
2697 37 1
1432 37 1
812 37 1
3834 37 1
1405 37 1
3678 37 1
386 37 1
795 37 1
40 37 1
4300 37 1
1041 37 1
829 37 1
305 37 1
0 37 1
1697 37 1
443 37 1
3037 37 1
10 37 1
0 37 1
4682 37 1
3946 37 1
184 37 1
408 37 1
4965 37 1
279 37 1
3 37 1
1720 37 1
328 37 1
1531 37 1
2431 37 1
248 37 1
2354 37 1
936 37 1
872 37 1
648 37 1
175 37 1
1332 37 1
1540 37 1
1643 37 1
3926 37 1
3676 37 1
1197 37 1
4401 37 1
768 37 1
111 37 1
618 37 1
28 37 1
643 37 1
1876 37 1
1471 37 1
4152 37 1
2427 37 1
2832 37 1
446 37 1
3331 37 1
2496 37 1
85 37 1
92 37 1
51 37 1
739 37 1
1155 37 1
1693 37 1
432 37 1
1084 37 1
2273 37 1
18 37 1
465 37 1
855 38 1
382 38 1
3827 38 1
2484 38 1
2431 38 1
3465 38 1
30 38 1
1390 38 1
4123 38 1
3054 38 1
721 38 1
2835 38 1
1909 38 1
3500 38 1
240 38 1
4883 38 1
4214 38 1
476 38 1
82 38 1
1550 38 1
1828 38 1
409 38 1
3269 38 1
4472 38 1
657 38 1
298 38 1
1262 38 1
839 38 1
1743 38 1
4874 38 1
1308 38 1
23 38 1
130 38 1
0 38 1
634 38 1
699 38 1
281 38 1
251 38 1
82 38 1
1391 38 1
2676 38 1
2921 38 1
4671 38 1
4444 38 1
142 38 1
239 38 1
4648 38 1
2837 38 1
40 38 1
1441 38 1
2764 38 1
430 38 1
207 38 1
328 38 1
3623 38 1
3938 38 1
28 38 1
3227 38 1
2772 38 1
2884 38 1
2476 38 1
1017 38 1
3246 38 1
3160 38 1
279 38 1
788 38 1
571 38 1
532 38 1
312 38 1
775 38 1
4567 38 1
1936 38 1
4728 38 1
2266 38 1
3729 38 1
4976 38 1
3737 38 1
167 38 1
2549 38 1
1987 38 1
1370 38 1
641 38 1
2547 38 1
133 38 1
3469 38 1
3638 38 1
3970 38 1
194 38 1
4437 38 1
598 38 1
4801 38 1
430 38 1
1476 38 1
1875 38 1
2096 38 1
985 38 1
1778 38 1
2429 38 1
1621 38 1
1492 38 1
24 38 1
991 38 1
3648 38 1
1910 38 1
748 38 1
1578 38 1
4331 38 1
1916 38 1
387 38 1
3310 38 1
1380 38 1
2152 38 1
584 38 1
15 38 1
2503 38 1
4950 38 1
933 38 1
1588 38 1
696 38 1
2438 38 1
1369 38 1
1983 38 1
4644 38 1
835 38 1
3641 38 1
642 38 1
535 38 1
47 38 1
3204 38 1
76 38 1
8 38 1
467 38 1
1151 38 1
303 38 1
1506 38 1
0 38 1
178 38 1
314 38 1
23 38 1
1120 38 1
844 38 1
2143 38 1
811 38 1
2055 38 1
4266 38 1
2703 38 1
2153 38 1
2558 38 1
3114 38 1
2345 38 1
3569 38 1
637 38 1
1062 38 1
289 38 1
1020 38 1
1172 38 1
14 38 1
2828 38 1
3618 38 1
288 38 1
3807 38 1
707 38 1
3813 38 1
1279 38 1
3603 38 1
2321 38 1
440 38 1
2849 38 1
2164 38 1
920 38 1
4153 38 1
3224 38 1
4451 38 1
226 38 1
523 38 1
2487 38 1
3693 38 1
1545 38 1
0 38 1
271 38 1
1062 38 1
2195 38 1
3022 38 1
11 38 1
124 38 1
1167 38 1
1931 38 1
265 38 1
4946 38 1
2335 38 1
1733 38 1
1932 38 1
366 38 1
825 38 1
2058 38 1
2852 38 1
3219 38 1
1132 38 1
4651 38 1
681 38 1
95 38 1
526 38 1
1527 38 1
2912 38 1
31 38 1
3949 38 1
2316 38 1
4539 38 1
34 38 1
1919 38 1
207 38 1
4024 38 1
1305 38 1
312 38 1
402 38 1
1639 38 1
3372 38 1
897 38 1
672 38 1
1579 38 1
13 38 1
206 38 1
43 38 1
233 38 1
1510 38 1
1591 38 1
1088 38 1
1855 38 1
529 38 1
4370 38 1
1070 38 1
1615 38 1
2580 38 1
2388 38 1
82 38 1
1139 38 1
3988 38 1
113 38 1
370 38 1
4233 38 1
1617 38 1
4782 38 1
1184 38 1
313 38 1
1202 38 1
2356 38 1
22 38 1
4140 38 1
330 38 1
4656 38 1
308 38 1
1918 38 1
354 38 1
4480 38 1
980 38 1
1441 38 1
2141 38 1
283 38 1
3074 38 1
369 38 1
1162 38 1
4811 38 1
3176 38 1
676 38 1
2030 38 1
985 38 1
3265 38 1
286 38 1
236 38 1
2871 38 1
3188 38 1
2586 38 1
4 38 1
411 38 1
620 38 1
2575 38 1
196 38 1
2781 38 1
328 38 1
34 38 1
1336 38 1
1674 38 1
0 38 1
1210 38 1
1990 38 1
3826 38 1
1528 38 1
143 38 1
1484 38 1
2127 38 1
272 38 1
4613 38 1
340 38 1
36 38 1
386 38 1
4853 38 1
2747 38 1
993 38 1
1196 38 1
3177 38 1
3371 38 1
1669 38 1
694 38 1
197 38 1
19 38 1
4488 38 1
759 38 1
2 38 1
1673 38 1
3037 38 1
870 38 1
4674 38 1
28 38 1
2231 38 1
1245 38 1
2648 38 1
3331 38 1
1 38 1
893 38 1
3432 38 1
244 38 1
3945 38 1
240 38 1
3582 38 1
2509 38 1
870 38 1
4776 38 1
3886 38 1
3268 38 1
690 38 1
2819 38 1
3358 38 1
26 38 1
779 38 1
3027 38 1
291 38 1
217 38 1
23 38 1
1098 38 1
3420 38 1
1460 38 1
1320 38 1
372 38 1
1982 38 1
191 38 1
195 39 1
4468 39 1
438 39 1
3555 39 1
1058 39 1
1809 39 1
336 39 1
3087 39 1
421 39 1
411 39 1
2633 39 1
2344 39 1
71 39 1
405 39 1
2158 39 1
1750 39 1
3743 39 1
1441 39 1
1278 39 1
2916 39 1
440 39 1
241 39 1
100 39 1
2841 39 1
5 39 1
3256 39 1
3451 39 1
2505 39 1
3573 39 1
3970 39 1
2710 39 1
44 39 1
462 39 1
1419 39 1
4884 39 1
2254 39 1
2311 39 1
609 39 1
594 39 1
3167 39 1
702 39 1
2151 39 1
183 39 1
4186 39 1
2716 39 1
0 39 1
25 39 1
4172 39 1
9 39 1
1062 39 1
3401 39 1
1893 39 1
14 39 1
3883 39 1
2956 39 1
117 39 1
1338 39 1
3010 39 1
73 39 1
369 39 1
4627 39 1
35 39 1
3047 39 1
2613 39 1
1172 39 1
1555 39 1
71 39 1
4694 39 1
285 39 1
3931 39 1
156 39 1
66 39 1
864 39 1
1808 39 1
2 39 1
1841 39 1
3141 39 1
877 39 1
254 39 1
466 39 1
2059 39 1
2764 39 1
4546 39 1
83 39 1
2527 39 1
143 39 1
2896 39 1
3171 39 1
2641 39 1
1790 39 1
129 39 1
903 39 1
4888 39 1
4504 39 1
286 39 1
3113 39 1
1436 39 1
4419 39 1
2433 39 1
9 39 1
4897 39 1
635 39 1
148 39 1
4895 39 1
3227 39 1
67 39 1
2 39 1
1285 39 1
1306 39 1
1154 39 1
4350 39 1
283 39 1
4676 39 1
3207 39 1
25 39 1
3840 39 1
115 39 1
376 39 1
4 39 1
1326 39 1
3241 39 1
2387 39 1
341 39 1
244 39 1
352 39 1
230 39 1
3952 39 1
45 39 1
723 39 1
799 39 1
187 39 1
4218 39 1
923 39 1
4946 39 1
118 39 1
4823 39 1
2103 39 1
15 39 1
1332 39 1
1012 39 1
4593 39 1
1171 39 1
2764 39 1
1083 39 1
14 39 1
198 39 1
126 39 1
4550 39 1
4378 39 1
3068 39 1
1746 39 1
1874 39 1
2908 39 1
0 39 1
3091 39 1
136 39 1
1084 39 1
524 39 1
213 39 1
3 39 1
2201 39 1
28 39 1
531 39 1
248 39 1
3193 39 1
622 39 1
369 39 1
1574 39 1
1618 39 1
115 39 1
1416 39 1
4 39 1
85 39 1
307 39 1
3639 39 1
4527 39 1
1987 39 1
95 39 1
202 39 1
82 39 1
3014 39 1
1844 39 1
122 39 1
1602 39 1
3158 39 1
2142 39 1
4915 39 1
1807 39 1
4083 39 1
202 39 1
3027 39 1
308 39 1
4670 39 1
3770 39 1
30 39 1
133 39 1
3741 39 1
314 39 1
359 39 1
24 39 1
840 39 1
2393 39 1
2816 39 1
280 39 1
85 39 1
77 39 1
122 39 1
76 39 1
277 39 1
1852 39 1
4740 39 1
3668 39 1
1296 39 1
1719 39 1
233 39 1
973 39 1
902 39 1
106 39 1
4636 39 1
182 39 1
319 39 1
1668 39 1
906 39 1
738 39 1
133 39 1
4000 39 1
1051 39 1
468 39 1
3857 39 1
1221 39 1
3026 39 1
111 39 1
1283 39 1
1946 39 1
4928 39 1
2290 39 1
3249 39 1
597 39 1
506 39 1
4672 39 1
102 39 1
3434 39 1
6 39 1
68 39 1
516 39 1
4439 39 1
33 39 1
146 39 1
229 39 1
24 39 1
710 39 1
3545 39 1
1662 39 1
291 39 1
2166 39 1
2363 39 1
3664 39 1
4058 39 1
2813 39 1
4759 39 1
1372 39 1
42 39 1
149 39 1
2169 39 1
962 39 1
692 39 1
2078 39 1
3384 39 1
353 39 1
3499 39 1
1411 39 1
3269 39 1
126 39 1
3985 39 1
2931 39 1
4086 39 1
1690 39 1
2135 39 1
4136 39 1
635 39 1
3201 39 1
3523 39 1
63 39 1
90 39 1
3765 39 1
869 39 1
105 39 1
4304 39 1
9 39 1
3822 39 1
2627 39 1
1819 39 1
4119 39 1
3657 39 1
2034 39 1
3493 39 1
1874 39 1
169 39 1
1728 39 1
2158 39 1
1101 39 1
3993 39 1
37 39 1
4826 39 1
188 39 1
826 39 1
216 39 1
3826 39 1
555 39 1
2829 39 1
4145 39 1
2580 39 1
2 39 1
1 39 1
1449 39 1
4649 39 1
2049 39 1
406 39 1
193 39 1
230 39 1
314 39 1
560 39 1
585 39 1
1769 39 1
1615 39 1
1726 39 1
3927 39 1
4290 39 1
2914 39 1
3524 39 1
308 39 1
3427 39 1
2621 39 1
98 39 1
401 39 1
4953 39 1
38 39 1
3737 39 1
4918 39 1
250 39 1
617 39 1
1176 39 1
1646 39 1
1359 39 1
4742 39 1
543 40 1
1058 40 1
851 40 1
4919 40 1
64 40 1
3258 40 1
1546 40 1
1610 40 1
4843 40 1
55 40 1
1291 40 1
2842 40 1
2052 40 1
2498 40 1
47 40 1
3251 40 1
3887 40 1
118 40 1
3630 40 1
263 40 1
737 40 1
977 40 1
1045 40 1
593 40 1
2520 40 1
489 40 1
353 40 1
571 40 1
3069 40 1
1445 40 1
2616 40 1
205 40 1
1704 40 1
4168 40 1
759 40 1
2978 40 1
3172 40 1
606 40 1
675 40 1
69 40 1
90 40 1
849 40 1
2626 40 1
68 40 1
4182 40 1
759 40 1
1160 40 1
80 40 1
1 40 1
4759 40 1
440 40 1
3718 40 1
2656 40 1
919 40 1
939 40 1
1139 40 1
597 40 1
3373 40 1
4599 40 1
2206 40 1
856 40 1
27 40 1
7 40 1
579 40 1
4789 40 1
2465 40 1
1009 40 1
4461 40 1
1393 40 1
208 40 1
3531 40 1
1963 40 1
874 40 1
3835 40 1
3979 40 1
844 40 1
1373 40 1
1487 40 1
2499 40 1
2827 40 1
386 40 1
105 40 1
427 40 1
910 40 1
294 40 1
6 40 1
20 40 1
441 40 1
1364 40 1
2454 40 1
165 40 1
470 40 1
939 40 1
3619 40 1
1555 40 1
536 40 1
845 40 1
664 40 1
4856 40 1
11 40 1
583 40 1
478 40 1
1058 40 1
2210 40 1
332 40 1
244 40 1
243 40 1
334 40 1
1038 40 1
1530 40 1
864 40 1
211 40 1
2903 40 1
2459 40 1
562 40 1
304 40 1
899 40 1
1007 40 1
320 40 1
925 40 1
3700 40 1
55 40 1
4571 40 1
125 40 1
3632 40 1
37 40 1
2568 40 1
112 40 1
1347 40 1
639 40 1
1337 40 1
28 40 1
4923 40 1
373 40 1
584 40 1
2564 40 1
2297 40 1
2977 40 1
3690 40 1
744 40 1
557 40 1
1218 40 1
3786 40 1
178 40 1
285 40 1
7 40 1
2435 40 1
65 40 1
294 40 1
1947 40 1
4781 40 1
2580 40 1
1808 40 1
485 40 1
3182 40 1
11 40 1
349 40 1
61 40 1
766 40 1
2918 40 1
537 40 1
4430 40 1
770 40 1
1497 40 1
116 40 1
2614 40 1
60 40 1
726 40 1
1500 40 1
3775 40 1
782 40 1
1710 40 1
2592 40 1
4 40 1
1985 40 1
132 40 1
2223 40 1
1885 40 1
2158 40 1
870 40 1
251 40 1
1058 40 1
464 40 1
453 40 1
4175 40 1
2708 40 1
140 40 1
1007 40 1
4365 40 1
671 40 1
3645 40 1
1125 40 1
1895 40 1
3967 40 1
506 40 1
2324 40 1
417 40 1
411 40 1
3274 40 1
1266 40 1
4769 40 1
687 40 1
697 40 1
522 40 1
601 40 1
888 40 1
1518 40 1
1164 40 1
544 40 1
932 40 1
2885 40 1
4300 40 1
908 40 1
1088 40 1
1401 40 1
4715 40 1
906 40 1
403 40 1
2022 40 1
2056 40 1
1200 40 1
116 40 1
80 40 1
1086 40 1
651 40 1
4956 40 1
4547 40 1
851 40 1
797 40 1
4141 40 1
21 40 1
2869 40 1
2857 40 1
208 40 1
1458 40 1
6 40 1
4906 40 1
314 40 1
55 40 1
2384 40 1
1639 40 1
32 40 1
383 40 1
1822 40 1
866 40 1
1914 40 1
2127 40 1
1143 40 1
26 40 1
2064 40 1
1231 40 1
48 40 1
3420 40 1
814 40 1
14 40 1
904 40 1
888 40 1
4647 40 1
2467 40 1
244 40 1
68 40 1
364 40 1
24 40 1
1017 40 1
280 40 1
2143 40 1
183 40 1
1847 40 1
1848 40 1
2 40 1
192 40 1
2450 40 1
18 40 1
528 40 1
1602 40 1
1804 40 1
4932 40 1
530 40 1
796 40 1
2185 40 1
63 40 1
182 40 1
1960 40 1
32 40 1
31 40 1
105 40 1
1712 40 1
166 40 1
4867 40 1
2466 40 1
3327 40 1
809 40 1
446 40 1
862 40 1
2594 40 1
65 40 1
1859 40 1
2856 40 1
185 40 1
3012 40 1
3130 40 1
1926 40 1
2750 40 1
2358 40 1
3510 40 1
38 40 1
2339 40 1
0 40 1
4010 40 1
2206 40 1
2842 40 1
1013 40 1
2695 40 1
2592 40 1
1572 40 1
1237 40 1
55 40 1
1832 40 1
71 40 1
945 40 1
1987 40 1
164 40 1
3378 40 1
876 40 1
2479 40 1
4685 40 1
1594 40 1
661 40 1
1603 40 1
377 40 1
2892 40 1
2969 40 1
28 40 1
950 40 1
1913 40 1
827 40 1
3118 40 1
551 40 1
4325 40 1
9 40 1
3941 40 1
165 40 1
72 40 1
1041 40 1
804 40 1
348 41 1
3262 41 1
4074 41 1
2462 41 1
488 41 1
1906 41 1
0 41 1
781 41 1
252 41 1
2143 41 1
1551 41 1
4490 41 1
3777 41 1
4814 41 1
551 41 1
2510 41 1
3995 41 1
3613 41 1
194 41 1
2378 41 1
4344 41 1
2180 41 1
716 41 1
4668 41 1
1674 41 1
450 41 1
2419 41 1
1429 41 1
560 41 1
1109 41 1
1602 41 1
151 41 1
134 41 1
188 41 1
4372 41 1
4762 41 1
3 41 1
4293 41 1
4355 41 1
1619 41 1
2444 41 1
1649 41 1
10 41 1
4367 41 1
15 41 1
95 41 1
131 41 1
12 41 1
435 41 1
307 41 1
855 41 1
3 41 1
1542 41 1
0 41 1
834 41 1
2556 41 1
3572 41 1
3219 41 1
2 41 1
86 41 1
168 41 1
4610 41 1
1657 41 1
3580 41 1
3171 41 1
551 41 1
37 41 1
2594 41 1
2512 41 1
19 41 1
4815 41 1
2262 41 1
2471 41 1
1137 41 1
532 41 1
187 41 1
1589 41 1
1043 41 1
102 41 1
113 41 1
74 41 1
1626 41 1
1430 41 1
4309 41 1
4184 41 1
4544 41 1
1587 41 1
165 41 1
463 41 1
0 41 1
863 41 1
2793 41 1
262 41 1
1591 41 1
1688 41 1
3815 41 1
2 41 1
3038 41 1
1805 41 1
43 41 1
690 41 1
242 41 1
995 41 1
181 41 1
3771 41 1
328 41 1
1355 41 1
3884 41 1
453 41 1
2782 41 1
306 41 1
1024 41 1
71 41 1
2971 41 1
2790 41 1
1900 41 1
1650 41 1
2049 41 1
3256 41 1
353 41 1
1847 41 1
275 41 1
12 41 1
146 41 1
2712 41 1
908 41 1
2496 41 1
3086 41 1
2870 41 1
2206 41 1
4418 41 1
3823 41 1
675 41 1
86 41 1
460 41 1
2169 41 1
3928 41 1
3161 41 1
587 41 1
0 41 1
3520 41 1
4005 41 1
229 41 1
2958 41 1
1010 41 1
589 41 1
4677 41 1
430 41 1
2881 41 1
2644 41 1
932 41 1
4854 41 1
46 41 1
124 41 1
3086 41 1
204 41 1
2221 41 1
2182 41 1
3221 41 1
1102 41 1
619 41 1
120 41 1
2579 41 1
65 41 1
15 41 1
36 41 1
1444 41 1
3418 41 1
486 41 1
2983 41 1
93 41 1
164 41 1
2415 41 1
104 41 1
3529 41 1
1911 41 1
1751 41 1
152 41 1
25 41 1
191 41 1
40 41 1
2539 41 1
0 41 1
1599 41 1
0 41 1
184 41 1
1386 41 1
1935 41 1
4042 41 1
4704 41 1
3045 41 1
1628 41 1
677 41 1
146 41 1
242 41 1
3448 41 1
1219 41 1
115 41 1
144 41 1
504 41 1
576 41 1
194 41 1
192 41 1
3835 41 1
2001 41 1
3122 41 1
196 41 1
3740 41 1
2476 41 1
312 41 1
61 41 1
980 41 1
4915 41 1
1004 41 1
2348 41 1
1210 41 1
1638 41 1
938 41 1
2904 41 1
148 41 1
1819 41 1
642 41 1
652 41 1
1955 41 1
123 41 1
403 41 1
96 41 1
1890 41 1
1209 41 1
2362 41 1
4157 41 1
3786 41 1
3387 41 1
765 41 1
4493 41 1
2692 41 1
474 41 1
304 41 1
2224 41 1
523 41 1
95 41 1
286 41 1
1181 41 1
1900 41 1
34 41 1
2845 41 1
0 41 1
832 41 1
992 41 1
1179 41 1
376 41 1
124 41 1
4611 41 1
396 41 1
117 41 1
1532 41 1
3495 41 1
2292 41 1
2267 41 1
1235 41 1
982 41 1
1840 41 1
1672 41 1
4651 41 1
44 41 1
119 41 1
1351 41 1
1595 41 1
4138 41 1
780 41 1
4516 41 1
37 41 1
0 41 1
0 41 1
2852 41 1
559 41 1
229 41 1
4791 41 1
1 41 1
2760 41 1
249 41 1
4136 41 1
2625 41 1
4179 41 1
2964 41 1
494 41 1
828 41 1
4125 41 1
1078 41 1
1552 41 1
467 41 1
3580 41 1
3094 41 1
1406 41 1
458 41 1
3748 41 1
4294 41 1
41 41 1
467 41 1
2934 41 1
2867 41 1
1348 41 1
876 41 1
132 41 1
1282 41 1
928 41 1
3925 41 1
356 41 1
216 41 1
2008 41 1
1652 41 1
327 41 1
30 41 1
49 41 1
560 41 1
4443 41 1
1836 41 1
2992 41 1
1850 41 1
8 41 1
676 41 1
2395 41 1
874 41 1
947 41 1
1240 41 1
3077 41 1
3474 41 1
297 41 1
2027 41 1
1782 41 1
3720 41 1
3454 41 1
4168 41 1
4813 41 1
1443 41 1
544 41 1
2177 41 1
4443 41 1
107 41 1
1925 41 1
36 41 1
54 41 1
3225 41 1
3096 41 1
2298 41 1
3867 42 1
238 42 1
4818 42 1
4610 42 1
277 42 1
2497 42 1
3853 42 1
288 42 1
1380 42 1
1458 42 1
83 42 1
3445 42 1
2089 42 1
533 42 1
37 42 1
205 42 1
15 42 1
324 42 1
1161 42 1
509 42 1
78 42 1
1138 42 1
4263 42 1
396 42 1
4354 42 1
4171 42 1
325 42 1
3909 42 1
2702 42 1
3165 42 1
559 42 1
2510 42 1
372 42 1
745 42 1
837 42 1
164 42 1
830 42 1
971 42 1
94 42 1
65 42 1
888 42 1
4228 42 1
1814 42 1
4391 42 1
4234 42 1
2177 42 1
1818 42 1
343 42 1
4726 42 1
3190 42 1
878 42 1
4538 42 1
0 42 1
2551 42 1
2017 42 1
1059 42 1
178 42 1
186 42 1
153 42 1
1038 42 1
32 42 1
3 42 1
251 42 1
1736 42 1
3360 42 1
2945 42 1
421 42 1
443 42 1
371 42 1
4294 42 1
3260 42 1
31 42 1
3352 42 1
67 42 1
344 42 1
2502 42 1
1726 42 1
1466 42 1
1639 42 1
4281 42 1
1 42 1
926 42 1
1624 42 1
5 42 1
579 42 1
1250 42 1
7 42 1
988 42 1
4375 42 1
1314 42 1
276 42 1
364 42 1
636 42 1
205 42 1
4403 42 1
39 42 1
3400 42 1
4569 42 1
3342 42 1
1216 42 1
2322 42 1
1756 42 1
62 42 1
1328 42 1
4852 42 1
3960 42 1
2561 42 1
83 42 1
3516 42 1
0 42 1
64 42 1
104 42 1
4943 42 1
2218 42 1
3683 42 1
3171 42 1
2678 42 1
13 42 1
47 42 1
1475 42 1
3 42 1
92 42 1
95 42 1
364 42 1
2453 42 1
4841 42 1
4016 42 1
3616 42 1
1 42 1
213 42 1
1975 42 1
92 42 1
4029 42 1
188 42 1
3991 42 1
6 42 1
301 42 1
3056 42 1
4180 42 1
1096 42 1
2162 42 1
3290 42 1
370 42 1
2391 42 1
3660 42 1
95 42 1
146 42 1
23 42 1
3432 42 1
2259 42 1
359 42 1
1687 42 1
899 42 1
3041 42 1
1206 42 1
3400 42 1
340 42 1
2050 42 1
126 42 1
2854 42 1
2144 42 1
2615 42 1
691 42 1
4188 42 1
146 42 1
2476 42 1
355 42 1
2028 42 1
1229 42 1
380 42 1
3732 42 1
2165 42 1
47 42 1
1687 42 1
3979 42 1
1465 42 1
3034 42 1
2801 42 1
3222 42 1
4827 42 1
4135 42 1
313 42 1
1699 42 1
1556 42 1
4408 42 1
4599 42 1
147 42 1
684 42 1
968 42 1
2243 42 1
332 42 1
203 42 1
27 42 1
1022 42 1
22 42 1
101 42 1
3438 42 1
2159 42 1
543 42 1
74 42 1
43 42 1
2405 42 1
3462 42 1
2151 42 1
3938 42 1
507 42 1
1514 42 1
3091 42 1
4185 42 1
226 42 1
38 42 1
102 42 1
1329 42 1
2937 42 1
824 42 1
1030 42 1
1153 42 1
2981 42 1
2461 42 1
3466 42 1
4 42 1
101 42 1
4187 42 1
2600 42 1
4656 42 1
1079 42 1
4471 42 1
688 42 1
657 42 1
965 42 1
3275 42 1
335 42 1
1342 42 1
39 42 1
893 42 1
4440 42 1
1834 42 1
2711 42 1
1418 42 1
372 42 1
3130 42 1
746 42 1
116 42 1
281 42 1
2957 42 1
108 42 1
25 42 1
319 42 1
4156 42 1
1331 42 1
184 42 1
1776 42 1
283 42 1
1512 42 1
1298 42 1
2437 42 1
649 42 1
531 42 1
1933 42 1
0 42 1
59 42 1
2039 42 1
369 42 1
3973 42 1
3535 42 1
1789 42 1
85 42 1
277 42 1
45 42 1
78 42 1
986 42 1
2710 42 1
3414 42 1
507 42 1
937 42 1
2225 42 1
402 42 1
765 42 1
2436 42 1
865 42 1
527 42 1
820 42 1
2547 42 1
4805 42 1
3610 42 1
460 42 1
817 42 1
42 42 1
29 42 1
1092 42 1
1431 42 1
207 42 1
1855 42 1
2341 42 1
203 42 1
952 42 1
3080 42 1
28 42 1
2980 42 1
413 42 1
1211 42 1
213 42 1
1270 42 1
190 42 1
3465 42 1
454 42 1
3001 42 1
337 42 1
599 42 1
3132 42 1
58 42 1
2048 42 1
3036 42 1
34 42 1
3116 42 1
3595 42 1
414 42 1
408 42 1
1927 42 1
2202 42 1
2188 42 1
27 42 1
20 42 1
3760 42 1
0 42 1
4187 42 1
2658 42 1
242 42 1
37 42 1
24 42 1
5 42 1
4764 42 1
214 42 1
4857 42 1
2436 42 1
9 42 1
3570 42 1
438 42 1
3259 42 1
1904 42 1
178 42 1
4146 42 1
773 42 1
3 42 1
414 42 1
2986 43 1
866 43 1
404 43 1
2034 43 1
2873 43 1
4414 43 1
45 43 1
1684 43 1
4428 43 1
903 43 1
4315 43 1
1687 43 1
1937 43 1
2002 43 1
4643 43 1
2712 43 1
154 43 1
801 43 1
1496 43 1
2875 43 1
449 43 1
511 43 1
3257 43 1
3905 43 1
178 43 1
3315 43 1
443 43 1
1118 43 1
3512 43 1
4498 43 1
533 43 1
326 43 1
839 43 1
4022 43 1
3574 43 1
4811 43 1
1490 43 1
1755 43 1
1393 43 1
3709 43 1
771 43 1
4714 43 1
1 43 1
30 43 1
39 43 1
2085 43 1
4594 43 1
1329 43 1
341 43 1
481 43 1
2828 43 1
840 43 1
2826 43 1
110 43 1
2720 43 1
3210 43 1
2923 43 1
395 43 1
1484 43 1
1377 43 1
717 43 1
2922 43 1
13 43 1
3089 43 1
1153 43 1
2399 43 1
3837 43 1
927 43 1
232 43 1
160 43 1
3735 43 1
92 43 1
2037 43 1
784 43 1
3789 43 1
2002 43 1
2539 43 1
140 43 1
555 43 1
2905 43 1
4588 43 1
27 43 1
1423 43 1
1257 43 1
66 43 1
2648 43 1
124 43 1
372 43 1
941 43 1
99 43 1
3184 43 1
381 43 1
1420 43 1
4629 43 1
262 43 1
329 43 1
234 43 1
442 43 1
271 43 1
1370 43 1
2379 43 1
4105 43 1
103 43 1
2283 43 1
337 43 1
2948 43 1
965 43 1
906 43 1
4000 43 1
4 43 1
14 43 1
1448 43 1
2778 43 1
3994 43 1
984 43 1
44 43 1
3696 43 1
27 43 1
3421 43 1
888 43 1
3176 43 1
1171 43 1
2284 43 1
4028 43 1
159 43 1
4744 43 1
88 43 1
4892 43 1
1 43 1
3467 43 1
689 43 1
2575 43 1
1985 43 1
2365 43 1
4951 43 1
268 43 1
1160 43 1
444 43 1
626 43 1
2488 43 1
2115 43 1
1394 43 1
1997 43 1
2549 43 1
3095 43 1
301 43 1
458 43 1
2612 43 1
31 43 1
3751 43 1
604 43 1
2879 43 1
1510 43 1
4077 43 1
3329 43 1
1560 43 1
3143 43 1
4 43 1
4207 43 1
2542 43 1
2062 43 1
74 43 1
311 43 1
606 43 1
1791 43 1
641 43 1
498 43 1
295 43 1
381 43 1
0 43 1
1413 43 1
710 43 1
3355 43 1
12 43 1
1695 43 1
214 43 1
1054 43 1
3862 43 1
23 43 1
597 43 1
4773 43 1
2 43 1
101 43 1
3800 43 1
3715 43 1
2707 43 1
1171 43 1
4146 43 1
3708 43 1
33 43 1
4573 43 1
1137 43 1
3408 43 1
2364 43 1
3413 43 1
4875 43 1
614 43 1
2213 43 1
4046 43 1
785 43 1
389 43 1
1837 43 1
3943 43 1
936 43 1
198 43 1
1542 43 1
1007 43 1
4019 43 1
1761 43 1
805 43 1
1450 43 1
3925 43 1
3755 43 1
13 43 1
45 43 1
744 43 1
2810 43 1
3014 43 1
2294 43 1
12 43 1
488 43 1
689 43 1
909 43 1
2721 43 1
3006 43 1
348 43 1
756 43 1
337 43 1
1934 43 1
1473 43 1
2282 43 1
1234 43 1
846 43 1
1024 43 1
1183 43 1
1558 43 1
3872 43 1
1026 43 1
23 43 1
970 43 1
39 43 1
1921 43 1
1012 43 1
4758 43 1
3537 43 1
1489 43 1
515 43 1
10 43 1
888 43 1
2323 43 1
467 43 1
3503 43 1
1405 43 1
509 43 1
2527 43 1
3839 43 1
4118 43 1
298 43 1
3680 43 1
0 43 1
2004 43 1
2266 43 1
541 43 1
23 43 1
312 43 1
319 43 1
415 43 1
1719 43 1
1 43 1
1510 43 1
2238 43 1
995 43 1
3335 43 1
305 43 1
564 43 1
1679 43 1
539 43 1
78 43 1
573 43 1
30 43 1
1662 43 1
1281 43 1
410 43 1
327 43 1
4781 43 1
2471 43 1
3805 43 1
3273 43 1
2353 43 1
166 43 1
3036 43 1
370 43 1
23 43 1
0 43 1
6 43 1
66 43 1
3115 43 1
2425 43 1
207 43 1
3278 43 1
3464 43 1
61 43 1
3055 43 1
2877 43 1
2548 43 1
72 43 1
354 43 1
3466 43 1
488 43 1
4714 43 1
180 43 1
2148 43 1
1439 43 1
2385 43 1
26 43 1
1274 43 1
3156 43 1
666 43 1
4080 43 1
888 43 1
1035 43 1
90 43 1
999 43 1
4043 43 1
1418 43 1
2441 43 1
1625 43 1
439 43 1
682 43 1
837 43 1
240 43 1
2362 43 1
4733 43 1
1213 43 1
247 43 1
502 43 1
108 43 1
1990 43 1
6 43 1
4744 43 1
131 43 1
413 43 1
969 43 1
480 43 1
1 43 1
3473 44 1
32 44 1
2822 44 1
6 44 1
3682 44 1
0 44 1
2708 44 1
4805 44 1
4404 44 1
819 44 1
4219 44 1
259 44 1
941 44 1
2645 44 1
2318 44 1
422 44 1
4108 44 1
2141 44 1
21 44 1
0 44 1
1674 44 1
505 44 1
3627 44 1
3269 44 1
3586 44 1
1711 44 1
975 44 1
92 44 1
1291 44 1
280 44 1
3553 44 1
2039 44 1
3422 44 1
1006 44 1
1142 44 1
1439 44 1
1193 44 1
48 44 1
6 44 1
3689 44 1
20 44 1
2095 44 1
0 44 1
3286 44 1
4926 44 1
275 44 1
32 44 1
1315 44 1
537 44 1
1239 44 1
949 44 1
3574 44 1
883 44 1
8 44 1
34 44 1
1981 44 1
719 44 1
1390 44 1
827 44 1
1467 44 1
742 44 1
663 44 1
3632 44 1
1945 44 1
928 44 1
1938 44 1
18 44 1
4678 44 1
171 44 1
3050 44 1
3815 44 1
1491 44 1
4302 44 1
1404 44 1
847 44 1
242 44 1
1912 44 1
1862 44 1
2363 44 1
143 44 1
3734 44 1
157 44 1
3983 44 1
3043 44 1
72 44 1
1769 44 1
1737 44 1
352 44 1
1796 44 1
2394 44 1
1206 44 1
436 44 1
26 44 1
3104 44 1
4381 44 1
2628 44 1
2822 44 1
2195 44 1
157 44 1
2971 44 1
36 44 1
2084 44 1
211 44 1
769 44 1
58 44 1
3022 44 1
1981 44 1
1849 44 1
1370 44 1
34 44 1
1682 44 1
1533 44 1
326 44 1
4045 44 1
2123 44 1
593 44 1
577 44 1
3081 44 1
1415 44 1
926 44 1
2964 44 1
187 44 1
179 44 1
4843 44 1
1440 44 1
4013 44 1
1882 44 1
1985 44 1
2626 44 1
2573 44 1
3478 44 1
4212 44 1
0 44 1
1912 44 1
4752 44 1
994 44 1
19 44 1
1111 44 1
1030 44 1
1125 44 1
2908 44 1
416 44 1
119 44 1
2300 44 1
1655 44 1
3944 44 1
3817 44 1
4801 44 1
2775 44 1
15 44 1
2063 44 1
296 44 1
3084 44 1
4424 44 1
1738 44 1
208 44 1
2298 44 1
17 44 1
3667 44 1
2141 44 1
346 44 1
3061 44 1
883 44 1
1941 44 1
3634 44 1
763 44 1
4362 44 1
1355 44 1
364 44 1
2506 44 1
259 44 1
1572 44 1
1320 44 1
3938 44 1
17 44 1
1001 44 1
305 44 1
882 44 1
2352 44 1
2852 44 1
2588 44 1
3 44 1
4537 44 1
4019 44 1
3124 44 1
0 44 1
42 44 1
1130 44 1
1139 44 1
2212 44 1
648 44 1
3297 44 1
573 44 1
29 44 1
298 44 1
321 44 1
217 44 1
16 44 1
8 44 1
2086 44 1
1998 44 1
127 44 1
2007 44 1
134 44 1
1 44 1
3145 44 1
21 44 1
170 44 1
2966 44 1
229 44 1
2417 44 1
4610 44 1
5 44 1
63 44 1
22 44 1
2385 44 1
2697 44 1
4512 44 1
573 44 1
3524 44 1
2045 44 1
1846 44 1
3862 44 1
1319 44 1
158 44 1
3825 44 1
620 44 1
1539 44 1
3044 44 1
2456 44 1
105 44 1
2466 44 1
219 44 1
4972 44 1
20 44 1
44 44 1
2246 44 1
1956 44 1
1150 44 1
1698 44 1
555 44 1
80 44 1
32 44 1
378 44 1
1243 44 1
0 44 1
1261 44 1
1915 44 1
2452 44 1
0 44 1
4369 44 1
1646 44 1
4166 44 1
4321 44 1
788 44 1
2335 44 1
228 44 1
4684 44 1
343 44 1
338 44 1
773 44 1
12 44 1
1409 44 1
828 44 1
3450 44 1
4711 44 1
430 44 1
2322 44 1
2052 44 1
557 44 1
1673 44 1
1377 44 1
1774 44 1
4366 44 1
769 44 1
2995 44 1
2450 44 1
14 44 1
2788 44 1
4093 44 1
4975 44 1
3508 44 1
262 44 1
397 44 1
191 44 1
1296 44 1
1871 44 1
6 44 1
1592 44 1
130 44 1
3540 44 1
35 44 1
4737 44 1
2992 44 1
0 44 1
877 44 1
3004 44 1
4559 44 1
88 44 1
2658 44 1
33 44 1
458 44 1
4756 44 1
506 44 1
389 44 1
3295 44 1
626 44 1
1858 44 1
3748 44 1
164 44 1
21 44 1
1801 44 1
2416 44 1
929 44 1
3772 44 1
345 44 1
113 44 1
0 44 1
896 44 1
1587 44 1
589 44 1
41 44 1
782 44 1
1103 44 1
564 44 1
2866 44 1
2987 44 1
1448 44 1
129 44 1
3409 44 1
511 44 1
1402 44 1
157 44 1
490 44 1
188 44 1
3017 44 1
3307 44 1
82 44 1
1144 44 1
2182 44 1
250 44 1
3264 44 1
33 44 1
218 44 1
994 44 1
451 45 1
4709 45 1
1896 45 1
4476 45 1
7 45 1
1589 45 1
2694 45 1
813 45 1
2161 45 1
1995 45 1
2079 45 1
110 45 1
3530 45 1
673 45 1
2864 45 1
3709 45 1
93 45 1
4028 45 1
4788 45 1
536 45 1
1548 45 1
421 45 1
146 45 1
1088 45 1
937 45 1
38 45 1
91 45 1
3109 45 1
48 45 1
201 45 1
4272 45 1
1315 45 1
912 45 1
0 45 1
23 45 1
388 45 1
825 45 1
120 45 1
55 45 1
115 45 1
609 45 1
4407 45 1
839 45 1
1658 45 1
4947 45 1
3166 45 1
785 45 1
175 45 1
1525 45 1
73 45 1
624 45 1
2042 45 1
2362 45 1
2978 45 1
3899 45 1
138 45 1
2263 45 1
217 45 1
10 45 1
1385 45 1
256 45 1
4398 45 1
4 45 1
2668 45 1
1632 45 1
1601 45 1
19 45 1
248 45 1
7 45 1
59 45 1
542 45 1
278 45 1
81 45 1
3033 45 1
2408 45 1
2705 45 1
65 45 1
4143 45 1
4814 45 1
2189 45 1
722 45 1
918 45 1
1428 45 1
1079 45 1
11 45 1
1994 45 1
575 45 1
790 45 1
3494 45 1
60 45 1
999 45 1
280 45 1
1175 45 1
1088 45 1
874 45 1
1774 45 1
598 45 1
39 45 1
721 45 1
3760 45 1
1949 45 1
2324 45 1
2176 45 1
4650 45 1
1306 45 1
3816 45 1
716 45 1
1010 45 1
4116 45 1
224 45 1
2402 45 1
0 45 1
1886 45 1
2140 45 1
3374 45 1
3122 45 1
13 45 1
935 45 1
2325 45 1
438 45 1
230 45 1
1440 45 1
1055 45 1
3889 45 1
1608 45 1
2 45 1
322 45 1
1183 45 1
2766 45 1
1796 45 1
2997 45 1
3853 45 1
15 45 1
652 45 1
1105 45 1
537 45 1
112 45 1
1653 45 1
178 45 1
60 45 1
655 45 1
1159 45 1
22 45 1
627 45 1
620 45 1
4 45 1
1733 45 1
1537 45 1
76 45 1
1820 45 1
1723 45 1
171 45 1
1449 45 1
1081 45 1
3529 45 1
2489 45 1
894 45 1
2889 45 1
2872 45 1
3810 45 1
2946 45 1
1438 45 1
1964 45 1
1713 45 1
2390 45 1
134 45 1
695 45 1
4977 45 1
889 45 1
1 45 1
4 45 1
4402 45 1
4776 45 1
16 45 1
0 45 1
3370 45 1
151 45 1
1390 45 1
282 45 1
1024 45 1
4664 45 1
315 45 1
986 45 1
40 45 1
476 45 1
63 45 1
676 45 1
2112 45 1
1205 45 1
1093 45 1
16 45 1
1469 45 1
2346 45 1
2525 45 1
436 45 1
4 45 1
232 45 1
2259 45 1
4406 45 1
0 45 1
3657 45 1
495 45 1
1233 45 1
3957 45 1
1487 45 1
55 45 1
1788 45 1
75 45 1
1659 45 1
212 45 1
4732 45 1
95 45 1
1337 45 1
2558 45 1
691 45 1
1668 45 1
3584 45 1
188 45 1
4487 45 1
2346 45 1
4195 45 1
273 45 1
1295 45 1
83 45 1
1704 45 1
2598 45 1
236 45 1
93 45 1
36 45 1
4954 45 1
2128 45 1
376 45 1
0 45 1
321 45 1
4 45 1
3405 45 1
623 45 1
81 45 1
1037 45 1
1257 45 1
320 45 1
165 45 1
3219 45 1
1258 45 1
2503 45 1
4108 45 1
1902 45 1
2330 45 1
2192 45 1
1756 45 1
710 45 1
4508 45 1
699 45 1
4547 45 1
1632 45 1
1128 45 1
274 45 1
442 45 1
4919 45 1
1498 45 1
2398 45 1
1421 45 1
64 45 1
3367 45 1
207 45 1
3 45 1
2213 45 1
1458 45 1
4136 45 1
751 45 1
3306 45 1
2308 45 1
4152 45 1
246 45 1
7 45 1
2537 45 1
737 45 1
2235 45 1
1449 45 1
2699 45 1
2613 45 1
0 45 1
1686 45 1
846 45 1
411 45 1
1559 45 1
209 45 1
2229 45 1
3 45 1
91 45 1
2559 45 1
626 45 1
8 45 1
2700 45 1
1498 45 1
1 45 1
4380 45 1
1975 45 1
1000 45 1
1509 45 1
2958 45 1
2891 45 1
179 45 1
183 45 1
4084 45 1
3961 45 1
1934 45 1
47 45 1
18 45 1
2812 45 1
3833 45 1
4773 45 1
2665 45 1
1687 45 1
166 45 1
750 45 1
957 45 1
1441 45 1
54 45 1
8 45 1
70 45 1
174 45 1
3241 45 1
0 45 1
239 45 1
1472 45 1
4029 45 1
129 45 1
2926 45 1
1879 45 1
770 45 1
1063 45 1
4173 45 1
1795 45 1
1249 45 1
4260 45 1
2996 45 1
828 45 1
1374 45 1
2208 45 1
4513 45 1
1463 45 1
891 45 1
1768 45 1
347 45 1
447 46 1
541 46 1
3187 46 1
2366 46 1
3349 46 1
2312 46 1
1391 46 1
589 46 1
72 46 1
313 46 1
3765 46 1
3529 46 1
118 46 1
775 46 1
1112 46 1
302 46 1
301 46 1
3154 46 1
4101 46 1
1513 46 1
652 46 1
3048 46 1
540 46 1
1082 46 1
101 46 1
31 46 1
1171 46 1
46 46 1
2420 46 1
3654 46 1
404 46 1
54 46 1
1770 46 1
0 46 1
3 46 1
17 46 1
233 46 1
1594 46 1
2996 46 1
1306 46 1
2218 46 1
357 46 1
1564 46 1
978 46 1
1454 46 1
2366 46 1
3447 46 1
4306 46 1
3897 46 1
1489 46 1
4102 46 1
2429 46 1
797 46 1
447 46 1
1852 46 1
4375 46 1
874 46 1
9 46 1
3153 46 1
2821 46 1
1559 46 1
4738 46 1
2689 46 1
2202 46 1
521 46 1
632 46 1
1587 46 1
4464 46 1
4368 46 1
1310 46 1
287 46 1
4227 46 1
4550 46 1
375 46 1
1282 46 1
101 46 1
2186 46 1
3775 46 1
358 46 1
50 46 1
1992 46 1
725 46 1
1948 46 1
4607 46 1
2228 46 1
912 46 1
452 46 1
1 46 1
2100 46 1
3176 46 1
150 46 1
3850 46 1
57 46 1
4860 46 1
341 46 1
921 46 1
56 46 1
3631 46 1
261 46 1
855 46 1
4776 46 1
890 46 1
16 46 1
344 46 1
136 46 1
3447 46 1
212 46 1
3203 46 1
167 46 1
3084 46 1
1830 46 1
257 46 1
536 46 1
1946 46 1
4830 46 1
192 46 1
1456 46 1
363 46 1
807 46 1
2885 46 1
3340 46 1
112 46 1
213 46 1
57 46 1
10 46 1
589 46 1
2374 46 1
2305 46 1
4344 46 1
2811 46 1
12 46 1
65 46 1
9 46 1
809 46 1
2047 46 1
473 46 1
183 46 1
108 46 1
433 46 1
86 46 1
393 46 1
2504 46 1
84 46 1
301 46 1
4524 46 1
424 46 1
96 46 1
3906 46 1
1459 46 1
4871 46 1
83 46 1
330 46 1
4944 46 1
74 46 1
3365 46 1
625 46 1
83 46 1
593 46 1
1651 46 1
397 46 1
502 46 1
1665 46 1
1009 46 1
701 46 1
1212 46 1
228 46 1
1967 46 1
2 46 1
469 46 1
4113 46 1
163 46 1
2622 46 1
357 46 1
22 46 1
145 46 1
10 46 1
2715 46 1
1584 46 1
2321 46 1
939 46 1
1232 46 1
4 46 1
626 46 1
4613 46 1
1175 46 1
1228 46 1
209 46 1
284 46 1
71 46 1
987 46 1
2322 46 1
1266 46 1
1055 46 1
3559 46 1
6 46 1
4316 46 1
4627 46 1
175 46 1
4386 46 1
352 46 1
1394 46 1
529 46 1
141 46 1
321 46 1
713 46 1
0 46 1
4268 46 1
2489 46 1
471 46 1
2649 46 1
751 46 1
512 46 1
62 46 1
3984 46 1
3280 46 1
1525 46 1
2192 46 1
2095 46 1
4808 46 1
536 46 1
1910 46 1
658 46 1
172 46 1
1071 46 1
1300 46 1
475 46 1
186 46 1
1404 46 1
974 46 1
3566 46 1
528 46 1
23 46 1
9 46 1
3858 46 1
202 46 1
136 46 1
2596 46 1
732 46 1
2408 46 1
714 46 1
3807 46 1
5 46 1
4975 46 1
1360 46 1
4786 46 1
16 46 1
3884 46 1
4513 46 1
1743 46 1
1194 46 1
24 46 1
189 46 1
967 46 1
3570 46 1
2397 46 1
80 46 1
4 46 1
3904 46 1
838 46 1
922 46 1
936 46 1
4725 46 1
0 46 1
4905 46 1
2010 46 1
77 46 1
53 46 1
931 46 1
4230 46 1
3556 46 1
2570 46 1
1169 46 1
4229 46 1
43 46 1
10 46 1
3349 46 1
3784 46 1
1171 46 1
147 46 1
3988 46 1
115 46 1
1620 46 1
4852 46 1
359 46 1
2345 46 1
77 46 1
1710 46 1
663 46 1
103 46 1
4525 46 1
1547 46 1
687 46 1
2140 46 1
888 46 1
882 46 1
48 46 1
141 46 1
188 46 1
705 46 1
842 46 1
4014 46 1
41 46 1
2410 46 1
211 46 1
2811 46 1
3710 46 1
1794 46 1
764 46 1
2870 46 1
511 46 1
263 46 1
1936 46 1
763 46 1
117 46 1
162 46 1
18 46 1
22 46 1
755 46 1
2638 46 1
393 46 1
3968 46 1
4055 46 1
1511 46 1
2696 46 1
187 46 1
1161 46 1
877 46 1
1607 46 1
690 46 1
4905 46 1
740 46 1
4507 46 1
1884 46 1
4339 46 1
377 46 1
2153 46 1
2511 46 1
100 46 1
292 46 1
0 46 1
1712 46 1
3644 46 1
2763 46 1
75 46 1
416 46 1
827 47 1
4854 47 1
160 47 1
312 47 1
3344 47 1
542 47 1
611 47 1
2755 47 1
47 47 1
1409 47 1
2735 47 1
550 47 1
1073 47 1
126 47 1
35 47 1
1813 47 1
447 47 1
968 47 1
1232 47 1
454 47 1
19 47 1
2441 47 1
3116 47 1
133 47 1
4443 47 1
2454 47 1
2777 47 1
3246 47 1
28 47 1
1588 47 1
2346 47 1
58 47 1
65 47 1
1368 47 1
449 47 1
2836 47 1
25 47 1
110 47 1
74 47 1
185 47 1
3512 47 1
3935 47 1
116 47 1
465 47 1
881 47 1
3546 47 1
28 47 1
1952 47 1
2019 47 1
104 47 1
0 47 1
3973 47 1
1740 47 1
46 47 1
3895 47 1
739 47 1
1620 47 1
1198 47 1
276 47 1
2448 47 1
1063 47 1
10 47 1
2651 47 1
2693 47 1
2983 47 1
3894 47 1
3 47 1
1361 47 1
1033 47 1
544 47 1
67 47 1
157 47 1
1589 47 1
1448 47 1
4244 47 1
2940 47 1
469 47 1
3579 47 1
4594 47 1
4225 47 1
112 47 1
424 47 1
575 47 1
2 47 1
72 47 1
1369 47 1
6 47 1
314 47 1
745 47 1
3435 47 1
3333 47 1
1793 47 1
1864 47 1
74 47 1
4097 47 1
1326 47 1
2421 47 1
478 47 1
65 47 1
1277 47 1
1822 47 1
1260 47 1
2225 47 1
3 47 1
4591 47 1
237 47 1
321 47 1
2567 47 1
4390 47 1
2 47 1
2196 47 1
267 47 1
2889 47 1
4134 47 1
4965 47 1
1052 47 1
1829 47 1
2599 47 1
988 47 1
1592 47 1
2626 47 1
3697 47 1
1189 47 1
912 47 1
1908 47 1
501 47 1
2900 47 1
506 47 1
153 47 1
2957 47 1
311 47 1
1052 47 1
4645 47 1
219 47 1
4346 47 1
2199 47 1
2625 47 1
262 47 1
468 47 1
4125 47 1
0 47 1
4504 47 1
2373 47 1
3988 47 1
2987 47 1
336 47 1
850 47 1
106 47 1
33 47 1
3692 47 1
1453 47 1
4282 47 1
2469 47 1
1390 47 1
4554 47 1
195 47 1
4368 47 1
2844 47 1
2031 47 1
1664 47 1
843 47 1
424 47 1
1516 47 1
8 47 1
150 47 1
1175 47 1
1778 47 1
3169 47 1
301 47 1
3744 47 1
88 47 1
1966 47 1
4795 47 1
4517 47 1
632 47 1
3819 47 1
1699 47 1
1551 47 1
2719 47 1
1674 47 1
1 47 1
324 47 1
221 47 1
349 47 1
274 47 1
2182 47 1
4275 47 1
58 47 1
3771 47 1
144 47 1
925 47 1
1408 47 1
1237 47 1
129 47 1
3696 47 1
1629 47 1
2406 47 1
2356 47 1
0 47 1
1053 47 1
18 47 1
1230 47 1
1570 47 1
919 47 1
3430 47 1
643 47 1
3930 47 1
294 47 1
581 47 1
1839 47 1
2575 47 1
657 47 1
182 47 1
228 47 1
2884 47 1
16 47 1
941 47 1
2875 47 1
177 47 1
2541 47 1
302 47 1
3556 47 1
5 47 1
94 47 1
767 47 1
4327 47 1
154 47 1
44 47 1
1186 47 1
997 47 1
630 47 1
2750 47 1
321 47 1
887 47 1
510 47 1
1115 47 1
458 47 1
18 47 1
1249 47 1
2988 47 1
4683 47 1
32 47 1
1740 47 1
320 47 1
3066 47 1
2674 47 1
3206 47 1
4762 47 1
3438 47 1
3984 47 1
73 47 1
6 47 1
1228 47 1
330 47 1
1599 47 1
3937 47 1
3787 47 1
2520 47 1
218 47 1
341 47 1
2585 47 1
1896 47 1
25 47 1
1320 47 1
140 47 1
104 47 1
208 47 1
82 47 1
53 47 1
2353 47 1
2803 47 1
39 47 1
406 47 1
1335 47 1
880 47 1
2545 47 1
4556 47 1
1075 47 1
3233 47 1
883 47 1
1648 47 1
413 47 1
336 47 1
11 47 1
3474 47 1
3240 47 1
2208 47 1
3001 47 1
2451 47 1
393 47 1
473 47 1
62 47 1
2247 47 1
3437 47 1
1128 47 1
32 47 1
2578 47 1
4768 47 1
79 47 1
873 47 1
73 47 1
3363 47 1
79 47 1
145 47 1
3 47 1
568 47 1
606 47 1
300 47 1
2296 47 1
2429 47 1
359 47 1
2141 47 1
220 47 1
1771 47 1
2872 47 1
2704 47 1
2885 47 1
2504 47 1
4400 47 1
3359 47 1
1623 47 1
647 47 1
1139 47 1
38 47 1
3746 47 1
425 47 1
1155 47 1
3135 47 1
3918 47 1
4614 47 1
2341 47 1
80 47 1
488 47 1
1904 47 1
410 47 1
592 47 1
4267 47 1
2892 47 1
2554 47 1
2145 47 1
1851 47 1
250 47 1
3176 47 1
8 47 1
2319 47 1
4085 48 1
1241 48 1
3808 48 1
348 48 1
71 48 1
914 48 1
1881 48 1
242 48 1
4038 48 1
4543 48 1
4856 48 1
3526 48 1
579 48 1
968 48 1
1710 48 1
968 48 1
2143 48 1
4282 48 1
9 48 1
851 48 1
307 48 1
261 48 1
180 48 1
783 48 1
6 48 1
2983 48 1
192 48 1
477 48 1
267 48 1
2081 48 1
2963 48 1
77 48 1
1785 48 1
3404 48 1
1153 48 1
274 48 1
726 48 1
3796 48 1
2782 48 1
761 48 1
3538 48 1
133 48 1
2020 48 1
634 48 1
2607 48 1
340 48 1
2076 48 1
1301 48 1
417 48 1
3469 48 1
2 48 1
326 48 1
3228 48 1
429 48 1
246 48 1
4634 48 1
4511 48 1
410 48 1
3703 48 1
3100 48 1
1245 48 1
14 48 1
2368 48 1
3872 48 1
3195 48 1
3971 48 1
4 48 1
1448 48 1
26 48 1
4684 48 1
858 48 1
1088 48 1
1064 48 1
2384 48 1
1955 48 1
1254 48 1
4131 48 1
62 48 1
592 48 1
2849 48 1
83 48 1
1178 48 1
33 48 1
764 48 1
2724 48 1
1536 48 1
856 48 1
2824 48 1
124 48 1
1835 48 1
1323 48 1
4123 48 1
411 48 1
3736 48 1
3797 48 1
1008 48 1
3303 48 1
153 48 1
4869 48 1
2621 48 1
1074 48 1
1078 48 1
32 48 1
3874 48 1
1600 48 1
3035 48 1
510 48 1
3726 48 1
95 48 1
3533 48 1
3065 48 1
35 48 1
3405 48 1
3819 48 1
52 48 1
1778 48 1
4642 48 1
2195 48 1
944 48 1
2748 48 1
1418 48 1
4963 48 1
1351 48 1
686 48 1
1712 48 1
300 48 1
1434 48 1
50 48 1
3377 48 1
1063 48 1
222 48 1
4281 48 1
65 48 1
3989 48 1
2664 48 1
2674 48 1
465 48 1
3739 48 1
1550 48 1
175 48 1
590 48 1
600 48 1
489 48 1
3390 48 1
5 48 1
1560 48 1
716 48 1
120 48 1
2692 48 1
4827 48 1
216 48 1
74 48 1
433 48 1
69 48 1
380 48 1
83 48 1
88 48 1
2089 48 1
1421 48 1
3084 48 1
3724 48 1
2743 48 1
2258 48 1
10 48 1
602 48 1
13 48 1
2438 48 1
401 48 1
1358 48 1
4473 48 1
297 48 1
4524 48 1
3750 48 1
0 48 1
4793 48 1
747 48 1
92 48 1
572 48 1
4697 48 1
2879 48 1
8 48 1
4392 48 1
234 48 1
125 48 1
272 48 1
2918 48 1
1 48 1
2038 48 1
81 48 1
861 48 1
118 48 1
1945 48 1
2439 48 1
0 48 1
919 48 1
2816 48 1
5 48 1
3471 48 1
567 48 1
15 48 1
2142 48 1
836 48 1
843 48 1
94 48 1
2593 48 1
4188 48 1
1752 48 1
16 48 1
1136 48 1
3415 48 1
36 48 1
149 48 1
31 48 1
2913 48 1
37 48 1
1681 48 1
3800 48 1
578 48 1
653 48 1
635 48 1
539 48 1
400 48 1
1551 48 1
4511 48 1
2382 48 1
467 48 1
3564 48 1
275 48 1
152 48 1
1762 48 1
213 48 1
3890 48 1
43 48 1
3714 48 1
1 48 1
1038 48 1
3374 48 1
99 48 1
2422 48 1
241 48 1
147 48 1
4946 48 1
1056 48 1
133 48 1
4683 48 1
1579 48 1
473 48 1
314 48 1
1698 48 1
535 48 1
1874 48 1
94 48 1
2234 48 1
4046 48 1
576 48 1
1508 48 1
4946 48 1
3319 48 1
45 48 1
1937 48 1
454 48 1
1976 48 1
3738 48 1
133 48 1
2266 48 1
4963 48 1
3664 48 1
159 48 1
4097 48 1
41 48 1
4054 48 1
3858 48 1
3964 48 1
4134 48 1
1941 48 1
1621 48 1
4152 48 1
668 48 1
1967 48 1
1301 48 1
292 48 1
538 48 1
895 48 1
21 48 1
292 48 1
3849 48 1
163 48 1
3407 48 1
1081 48 1
3039 48 1
310 48 1
4004 48 1
1132 48 1
3810 48 1
3777 48 1
1079 48 1
4392 48 1
315 48 1
1910 48 1
396 48 1
45 48 1
2 48 1
2053 48 1
304 48 1
4989 48 1
2588 48 1
99 48 1
408 48 1
4264 48 1
2180 48 1
3520 48 1
31 48 1
0 48 1
606 48 1
452 48 1
29 48 1
2189 48 1
1146 48 1
505 48 1
92 48 1
97 48 1
2489 48 1
1855 48 1
82 48 1
430 48 1
354 48 1
748 48 1
4031 48 1
604 48 1
3442 48 1
4628 48 1
2933 48 1
23 48 1
4490 48 1
168 48 1
1189 48 1
846 48 1
1837 48 1
351 48 1
1681 48 1
0 48 1
3434 48 1
2345 48 1
667 48 1
477 48 1
76 49 1
2204 49 1
933 49 1
2562 49 1
129 49 1
1419 49 1
1498 49 1
2661 49 1
1357 49 1
0 49 1
2670 49 1
1418 49 1
1659 49 1
28 49 1
462 49 1
4355 49 1
340 49 1
2356 49 1
830 49 1
3637 49 1
1589 49 1
2529 49 1
771 49 1
22 49 1
787 49 1
698 49 1
471 49 1
416 49 1
1909 49 1
2647 49 1
1926 49 1
2057 49 1
3965 49 1
32 49 1
3929 49 1
1884 49 1
513 49 1
4486 49 1
472 49 1
136 49 1
2746 49 1
1068 49 1
236 49 1
253 49 1
2531 49 1
1550 49 1
3929 49 1
3433 49 1
5 49 1
2217 49 1
629 49 1
1358 49 1
3764 49 1
12 49 1
1098 49 1
1477 49 1
39 49 1
405 49 1
2112 49 1
82 49 1
4666 49 1
3062 49 1
7 49 1
4326 49 1
17 49 1
5 49 1
38 49 1
781 49 1
1172 49 1
11 49 1
4838 49 1
1806 49 1
2259 49 1
3702 49 1
65 49 1
4601 49 1
1265 49 1
10 49 1
2563 49 1
12 49 1
4722 49 1
4806 49 1
59 49 1
2865 49 1
2 49 1
3061 49 1
46 49 1
699 49 1
1814 49 1
926 49 1
1961 49 1
3153 49 1
2629 49 1
357 49 1
0 49 1
341 49 1
1433 49 1
275 49 1
513 49 1
4086 49 1
32 49 1
2325 49 1
724 49 1
2222 49 1
3305 49 1
1445 49 1
3142 49 1
2738 49 1
3690 49 1
134 49 1
1972 49 1
4930 49 1
1401 49 1
646 49 1
402 49 1
3387 49 1
7 49 1
152 49 1
1847 49 1
142 49 1
3203 49 1
1262 49 1
1197 49 1
24 49 1
4659 49 1
1479 49 1
2415 49 1
4759 49 1
55 49 1
603 49 1
203 49 1
539 49 1
95 49 1
2274 49 1
2621 49 1
648 49 1
4429 49 1
5 49 1
1834 49 1
159 49 1
562 49 1
84 49 1
2714 49 1
199 49 1
377 49 1
394 49 1
2893 49 1
1365 49 1
4715 49 1
348 49 1
3531 49 1
1674 49 1
243 49 1
4616 49 1
570 49 1
3448 49 1
1419 49 1
3356 49 1
600 49 1
670 49 1
322 49 1
2682 49 1
3633 49 1
324 49 1
1901 49 1
1784 49 1
2172 49 1
3922 49 1
2195 49 1
150 49 1
416 49 1
3639 49 1
4055 49 1
80 49 1
351 49 1
2215 49 1
2190 49 1
1004 49 1
84 49 1
1373 49 1
619 49 1
415 49 1
3983 49 1
2250 49 1
3144 49 1
842 49 1
271 49 1
1560 49 1
807 49 1
1202 49 1
4206 49 1
3063 49 1
270 49 1
461 49 1
1568 49 1
2869 49 1
4818 49 1
196 49 1
2182 49 1
971 49 1
0 49 1
47 49 1
4 49 1
4236 49 1
1391 49 1
3556 49 1
2560 49 1
2435 49 1
3839 49 1
853 49 1
4833 49 1
2187 49 1
79 49 1
21 49 1
8 49 1
133 49 1
400 49 1
2178 49 1
3463 49 1
153 49 1
73 49 1
4043 49 1
688 49 1
241 49 1
2263 49 1
98 49 1
98 49 1
338 49 1
116 49 1
1252 49 1
2913 49 1
36 49 1
4852 49 1
158 49 1
1205 49 1
1126 49 1
883 49 1
1285 49 1
861 49 1
1770 49 1
293 49 1
1971 49 1
3744 49 1
3389 49 1
2250 49 1
0 49 1
4221 49 1
590 49 1
603 49 1
779 49 1
721 49 1
0 49 1
4332 49 1
88 49 1
474 49 1
1085 49 1
4213 49 1
136 49 1
18 49 1
525 49 1
783 49 1
4954 49 1
201 49 1
788 49 1
4119 49 1
1003 49 1
1472 49 1
4872 49 1
103 49 1
3484 49 1
1 49 1
329 49 1
2573 49 1
4933 49 1
313 49 1
2619 49 1
1609 49 1
2008 49 1
4191 49 1
2027 49 1
28 49 1
1794 49 1
3633 49 1
280 49 1
2848 49 1
578 49 1
2269 49 1
2080 49 1
4528 49 1
2893 49 1
4113 49 1
1461 49 1
629 49 1
1111 49 1
408 49 1
583 49 1
1001 49 1
1975 49 1
2977 49 1
1718 49 1
1873 49 1
3580 49 1
273 49 1
1392 49 1
3301 49 1
1625 49 1
3346 49 1
378 49 1
4776 49 1
3653 49 1
1988 49 1
123 49 1
526 49 1
4756 49 1
4507 49 1
459 49 1
2268 49 1
3439 49 1
1749 49 1
1940 49 1
919 49 1
470 49 1
4662 49 1
4292 49 1
1843 49 1
2230 49 1
3119 49 1
3607 49 1
621 49 1
427 49 1
686 49 1
549 49 1
931 49 1
3316 49 1
261 49 1
2067 49 1
3208 49 1
566 49 1
3094 49 1
2099 49 1
491 49 1
2334 49 1
102 49 1
2953 49 1
3497 49 1
1506 50 1
785 50 1
596 50 1
3603 50 1
1 50 1
1701 50 1
4250 50 1
3912 50 1
563 50 1
222 50 1
826 50 1
2539 50 1
3759 50 1
745 50 1
3296 50 1
4187 50 1
3672 50 1
3644 50 1
1819 50 1
429 50 1
1287 50 1
2234 50 1
2873 50 1
4108 50 1
4304 50 1
44 50 1
3901 50 1
500 50 1
2309 50 1
2008 50 1
846 50 1
102 50 1
190 50 1
113 50 1
366 50 1
1161 50 1
176 50 1
3271 50 1
609 50 1
4 50 1
315 50 1
748 50 1
3682 50 1
2343 50 1
2582 50 1
3996 50 1
3876 50 1
33 50 1
301 50 1
136 50 1
2054 50 1
2893 50 1
438 50 1
644 50 1
4361 50 1
3859 50 1
0 50 1
4890 50 1
3346 50 1
29 50 1
695 50 1
3592 50 1
1490 50 1
1646 50 1
664 50 1
2823 50 1
3665 50 1
138 50 1
3944 50 1
137 50 1
2066 50 1
4409 50 1
3244 50 1
19 50 1
1166 50 1
2305 50 1
3621 50 1
1076 50 1
261 50 1
889 50 1
597 50 1
2709 50 1
936 50 1
4155 50 1
68 50 1
176 50 1
955 50 1
1571 50 1
160 50 1
349 50 1
977 50 1
1761 50 1
4122 50 1
783 50 1
1805 50 1
623 50 1
3314 50 1
1711 50 1
219 50 1
4301 50 1
56 50 1
2048 50 1
4637 50 1
3031 50 1
97 50 1
3035 50 1
54 50 1
3845 50 1
855 50 1
50 50 1
3666 50 1
1295 50 1
1993 50 1
326 50 1
166 50 1
57 50 1
4220 50 1
953 50 1
26 50 1
3913 50 1
1208 50 1
571 50 1
1731 50 1
662 50 1
1146 50 1
2889 50 1
199 50 1
4926 50 1
2736 50 1
11 50 1
4599 50 1
253 50 1
3573 50 1
2275 50 1
909 50 1
3 50 1
148 50 1
42 50 1
1424 50 1
3879 50 1
357 50 1
2724 50 1
2189 50 1
1637 50 1
1086 50 1
2 50 1
73 50 1
1079 50 1
9 50 1
206 50 1
4115 50 1
36 50 1
103 50 1
34 50 1
770 50 1
43 50 1
3334 50 1
3403 50 1
3320 50 1
3437 50 1
482 50 1
145 50 1
508 50 1
3630 50 1
2927 50 1
694 50 1
2408 50 1
1731 50 1
1582 50 1
4053 50 1
3715 50 1
1980 50 1
3388 50 1
399 50 1
1624 50 1
2109 50 1
2543 50 1
4974 50 1
7 50 1
855 50 1
764 50 1
16 50 1
1318 50 1
1900 50 1
8 50 1
268 50 1
63 50 1
1517 50 1
907 50 1
366 50 1
3869 50 1
901 50 1
3346 50 1
696 50 1
4027 50 1
4287 50 1
898 50 1
1904 50 1
4985 50 1
4266 50 1
1054 50 1
322 50 1
583 50 1
3811 50 1
464 50 1
747 50 1
3794 50 1
1206 50 1
2259 50 1
32 50 1
100 50 1
0 50 1
919 50 1
0 50 1
297 50 1
50 50 1
806 50 1
44 50 1
2583 50 1
290 50 1
1366 50 1
1053 50 1
12 50 1
2719 50 1
1223 50 1
605 50 1
22 50 1
428 50 1
4480 50 1
39 50 1
0 50 1
59 50 1
445 50 1
449 50 1
390 50 1
3034 50 1
3238 50 1
2720 50 1
2756 50 1
4876 50 1
283 50 1
4246 50 1
92 50 1
7 50 1
1795 50 1
2119 50 1
56 50 1
6 50 1
155 50 1
2639 50 1
3547 50 1
547 50 1
1158 50 1
6 50 1
1708 50 1
0 50 1
4051 50 1
13 50 1
4057 50 1
1548 50 1
316 50 1
3313 50 1
652 50 1
204 50 1
4586 50 1
4130 50 1
4881 50 1
1965 50 1
3207 50 1
2419 50 1
914 50 1
133 50 1
1730 50 1
1 50 1
2178 50 1
312 50 1
3444 50 1
657 50 1
48 50 1
1195 50 1
3348 50 1
4816 50 1
1023 50 1
4465 50 1
3782 50 1
153 50 1
2652 50 1
653 50 1
4599 50 1
1533 50 1
3228 50 1
1720 50 1
968 50 1
267 50 1
2894 50 1
915 50 1
763 50 1
4629 50 1
84 50 1
709 50 1
2069 50 1
488 50 1
532 50 1
227 50 1
37 50 1
3062 50 1
1897 50 1
2672 50 1
4591 50 1
2303 50 1
1932 50 1
465 50 1
191 50 1
708 50 1
1269 50 1
434 50 1
1123 50 1
59 50 1
684 50 1
531 50 1
1 50 1
2547 50 1
3806 50 1
1024 50 1
1255 50 1
2532 50 1
717 50 1
205 50 1
2031 50 1
416 50 1
728 50 1
4543 50 1
2008 50 1
101 50 1
0 50 1
4 50 1
1036 50 1
13 50 1
3402 50 1
0 50 1
3564 50 1
1233 50 1
4369 50 1
2995 50 1
921 50 1
15 51 1
2716 51 1
61 51 1
4854 51 1
69 51 1
137 51 1
2924 51 1
156 51 1
312 51 1
63 51 1
4275 51 1
737 51 1
3348 51 1
1684 51 1
1343 51 1
2429 51 1
1047 51 1
727 51 1
810 51 1
2136 51 1
0 51 1
2203 51 1
1475 51 1
486 51 1
2472 51 1
147 51 1
2705 51 1
596 51 1
1217 51 1
1973 51 1
3858 51 1
4257 51 1
378 51 1
3289 51 1
4903 51 1
668 51 1
1155 51 1
3975 51 1
4688 51 1
274 51 1
1323 51 1
4325 51 1
187 51 1
5 51 1
334 51 1
1567 51 1
201 51 1
3838 51 1
2467 51 1
1604 51 1
56 51 1
446 51 1
1741 51 1
1557 51 1
137 51 1
83 51 1
807 51 1
433 51 1
148 51 1
2304 51 1
3408 51 1
431 51 1
1744 51 1
968 51 1
311 51 1
2657 51 1
931 51 1
180 51 1
283 51 1
0 51 1
1993 51 1
67 51 1
1160 51 1
2848 51 1
410 51 1
2537 51 1
979 51 1
4952 51 1
1834 51 1
163 51 1
4168 51 1
92 51 1
4147 51 1
478 51 1
504 51 1
2931 51 1
258 51 1
9 51 1
3343 51 1
4844 51 1
7 51 1
772 51 1
3937 51 1
0 51 1
3502 51 1
2653 51 1
1260 51 1
2000 51 1
2666 51 1
798 51 1
167 51 1
2040 51 1
581 51 1
753 51 1
75 51 1
4415 51 1
2807 51 1
1713 51 1
154 51 1
2940 51 1
380 51 1
232 51 1
2232 51 1
1809 51 1
349 51 1
3405 51 1
69 51 1
1715 51 1
194 51 1
1995 51 1
1294 51 1
333 51 1
925 51 1
4853 51 1
4960 51 1
4638 51 1
3466 51 1
9 51 1
179 51 1
729 51 1
3256 51 1
4972 51 1
3785 51 1
2386 51 1
2 51 1
2519 51 1
4761 51 1
3 51 1
1547 51 1
122 51 1
3749 51 1
140 51 1
397 51 1
700 51 1
1219 51 1
2091 51 1
136 51 1
248 51 1
262 51 1
0 51 1
2157 51 1
2060 51 1
1504 51 1
3356 51 1
670 51 1
39 51 1
8 51 1
1721 51 1
4281 51 1
3989 51 1
0 51 1
994 51 1
374 51 1
709 51 1
908 51 1
1212 51 1
0 51 1
229 51 1
3006 51 1
28 51 1
3691 51 1
4866 51 1
780 51 1
1 51 1
439 51 1
1435 51 1
4060 51 1
89 51 1
4681 51 1
31 51 1
145 51 1
3069 51 1
493 51 1
2716 51 1
2558 51 1
3250 51 1
2403 51 1
2323 51 1
2460 51 1
46 51 1
927 51 1
615 51 1
166 51 1
336 51 1
117 51 1
418 51 1
2388 51 1
862 51 1
1224 51 1
1236 51 1
128 51 1
1333 51 1
469 51 1
1613 51 1
1413 51 1
3034 51 1
3880 51 1
3674 51 1
3232 51 1
2078 51 1
2675 51 1
66 51 1
518 51 1
807 51 1
1966 51 1
244 51 1
85 51 1
1008 51 1
4656 51 1
2332 51 1
138 51 1
1400 51 1
251 51 1
1133 51 1
3885 51 1
19 51 1
392 51 1
658 51 1
1822 51 1
3991 51 1
202 51 1
4628 51 1
4814 51 1
386 51 1
3878 51 1
291 51 1
24 51 1
380 51 1
88 51 1
768 51 1
3868 51 1
2650 51 1
399 51 1
3 51 1
2854 51 1
3264 51 1
1342 51 1
1825 51 1
835 51 1
9 51 1
97 51 1
1987 51 1
3572 51 1
3016 51 1
4457 51 1
2348 51 1
556 51 1
1975 51 1
2401 51 1
4561 51 1
2893 51 1
3375 51 1
2439 51 1
532 51 1
2670 51 1
171 51 1
2727 51 1
660 51 1
387 51 1
2 51 1
3493 51 1
1612 51 1
3468 51 1
3844 51 1
3881 51 1
502 51 1
505 51 1
842 51 1
910 51 1
4823 51 1
1382 51 1
1022 51 1
1843 51 1
1547 51 1
4519 51 1
129 51 1
1224 51 1
4451 51 1
2456 51 1
4612 51 1
3157 51 1
0 51 1
4692 51 1
9 51 1
3121 51 1
52 51 1
4953 51 1
1849 51 1
1648 51 1
3 51 1
475 51 1
358 51 1
139 51 1
263 51 1
1220 51 1
9 51 1
3702 51 1
2550 51 1
1300 51 1
815 51 1
140 51 1
10 51 1
2780 51 1
3361 51 1
1272 51 1
2011 51 1
2394 51 1
0 51 1
739 51 1
2147 51 1
59 51 1
583 51 1
505 51 1
227 51 1
1444 51 1
3908 51 1
385 51 1
3831 51 1
16 51 1
1506 51 1
2742 51 1
1366 51 1
115 51 1
2313 51 1
54 51 1
2896 51 1
2674 51 1
858 51 1
4087 51 1
2 51 1
428 51 1
1768 51 1
1148 51 1
4848 51 1
152 51 1
930 52 1
74 52 1
859 52 1
2444 52 1
2168 52 1
2094 52 1
1158 52 1
3923 52 1
30 52 1
634 52 1
4090 52 1
3114 52 1
352 52 1
3397 52 1
1890 52 1
517 52 1
711 52 1
200 52 1
3035 52 1
139 52 1
566 52 1
3237 52 1
1384 52 1
3302 52 1
1790 52 1
603 52 1
15 52 1
836 52 1
238 52 1
114 52 1
39 52 1
283 52 1
532 52 1
3502 52 1
2697 52 1
3843 52 1
1276 52 1
2741 52 1
4425 52 1
24 52 1
2438 52 1
4067 52 1
3839 52 1
18 52 1
71 52 1
2361 52 1
4501 52 1
2 52 1
1304 52 1
763 52 1
782 52 1
3 52 1
2047 52 1
56 52 1
203 52 1
4494 52 1
3629 52 1
409 52 1
3577 52 1
2227 52 1
1320 52 1
1749 52 1
1965 52 1
927 52 1
717 52 1
1036 52 1
2009 52 1
1171 52 1
619 52 1
256 52 1
103 52 1
437 52 1
833 52 1
624 52 1
2303 52 1
1932 52 1
3091 52 1
3 52 1
665 52 1
114 52 1
157 52 1
1595 52 1
3317 52 1
334 52 1
2352 52 1
277 52 1
173 52 1
738 52 1
86 52 1
1 52 1
4268 52 1
1239 52 1
48 52 1
65 52 1
1468 52 1
4858 52 1
35 52 1
4805 52 1
2687 52 1
95 52 1
23 52 1
92 52 1
2546 52 1
18 52 1
109 52 1
1610 52 1
43 52 1
1837 52 1
1450 52 1
4905 52 1
1182 52 1
315 52 1
26 52 1
747 52 1
50 52 1
148 52 1
3391 52 1
2196 52 1
0 52 1
22 52 1
1503 52 1
2228 52 1
2215 52 1
252 52 1
3248 52 1
523 52 1
3121 52 1
4752 52 1
3489 52 1
2302 52 1
973 52 1
0 52 1
53 52 1
244 52 1
469 52 1
490 52 1
2757 52 1
3932 52 1
1013 52 1
1 52 1
13 52 1
5 52 1
3810 52 1
1130 52 1
298 52 1
3878 52 1
1005 52 1
3675 52 1
32 52 1
239 52 1
4581 52 1
231 52 1
3916 52 1
4509 52 1
233 52 1
77 52 1
275 52 1
3203 52 1
253 52 1
1209 52 1
75 52 1
1566 52 1
127 52 1
384 52 1
113 52 1
4938 52 1
2760 52 1
2914 52 1
1258 52 1
3142 52 1
318 52 1
229 52 1
229 52 1
1042 52 1
1148 52 1
206 52 1
1778 52 1
1532 52 1
0 52 1
3572 52 1
2781 52 1
1363 52 1
66 52 1
661 52 1
7 52 1
1048 52 1
2634 52 1
1795 52 1
397 52 1
2716 52 1
1908 52 1
358 52 1
4361 52 1
3633 52 1
608 52 1
1957 52 1
202 52 1
3954 52 1
3886 52 1
1 52 1
1209 52 1
45 52 1
27 52 1
3023 52 1
3936 52 1
3218 52 1
46 52 1
10 52 1
22 52 1
17 52 1
2204 52 1
2303 52 1
688 52 1
2570 52 1
2233 52 1
2441 52 1
142 52 1
3216 52 1
4198 52 1
228 52 1
328 52 1
4158 52 1
245 52 1
176 52 1
3481 52 1
3 52 1
2713 52 1
24 52 1
2650 52 1
1813 52 1
1243 52 1
3077 52 1
4989 52 1
1810 52 1
319 52 1
36 52 1
396 52 1
2076 52 1
4096 52 1
1951 52 1
1862 52 1
4091 52 1
2331 52 1
4545 52 1
2905 52 1
3672 52 1
239 52 1
721 52 1
226 52 1
1409 52 1
32 52 1
3192 52 1
4486 52 1
4442 52 1
208 52 1
2275 52 1
29 52 1
47 52 1
4727 52 1
2419 52 1
396 52 1
2391 52 1
2601 52 1
43 52 1
3962 52 1
2754 52 1
688 52 1
589 52 1
339 52 1
960 52 1
4969 52 1
318 52 1
3845 52 1
4114 52 1
2438 52 1
3687 52 1
1150 52 1
2249 52 1
439 52 1
393 52 1
2630 52 1
2409 52 1
361 52 1
2440 52 1
206 52 1
344 52 1
242 52 1
3497 52 1
258 52 1
638 52 1
3313 52 1
1595 52 1
94 52 1
1049 52 1
2161 52 1
4532 52 1
4296 52 1
1171 52 1
1540 52 1
2733 52 1
683 52 1
1712 52 1
4766 52 1
252 52 1
1520 52 1
1423 52 1
3500 52 1
2716 52 1
4791 52 1
20 52 1
1076 52 1
3476 52 1
3825 52 1
2073 52 1
2512 52 1
289 52 1
1 52 1
3735 52 1
1109 52 1
2536 52 1
98 52 1
2987 52 1
1293 52 1
67 52 1
80 52 1
183 52 1
123 52 1
961 52 1
0 52 1
195 52 1
3917 52 1
516 52 1
279 52 1
3063 52 1
1027 52 1
82 52 1
557 52 1
224 52 1
1829 52 1
120 52 1
1139 52 1
1224 52 1
1185 52 1
3494 52 1
38 52 1
397 53 1
2053 53 1
666 53 1
493 53 1
2854 53 1
0 53 1
1196 53 1
1316 53 1
129 53 1
24 53 1
4582 53 1
1216 53 1
1765 53 1
3274 53 1
4847 53 1
4521 53 1
261 53 1
2827 53 1
474 53 1
855 53 1
179 53 1
80 53 1
644 53 1
298 53 1
944 53 1
318 53 1
409 53 1
208 53 1
1437 53 1
2203 53 1
206 53 1
283 53 1
215 53 1
2347 53 1
3600 53 1
30 53 1
749 53 1
13 53 1
969 53 1
450 53 1
383 53 1
4390 53 1
1221 53 1
3543 53 1
298 53 1
69 53 1
532 53 1
1018 53 1
3688 53 1
2021 53 1
3295 53 1
267 53 1
2824 53 1
2834 53 1
1408 53 1
2139 53 1
696 53 1
36 53 1
3506 53 1
116 53 1
394 53 1
531 53 1
3308 53 1
1783 53 1
1805 53 1
3903 53 1
2759 53 1
1977 53 1
1601 53 1
4703 53 1
3133 53 1
2571 53 1
70 53 1
339 53 1
1019 53 1
853 53 1
2510 53 1
660 53 1
2075 53 1
24 53 1
2959 53 1
1361 53 1
2165 53 1
153 53 1
3068 53 1
4740 53 1
1828 53 1
3957 53 1
355 53 1
3245 53 1
617 53 1
3575 53 1
338 53 1
4604 53 1
1097 53 1
515 53 1
4658 53 1
440 53 1
1237 53 1
1656 53 1
1029 53 1
334 53 1
1770 53 1
2621 53 1
390 53 1
4 53 1
2 53 1
4902 53 1
1838 53 1
240 53 1
3438 53 1
1755 53 1
1661 53 1
3400 53 1
676 53 1
3889 53 1
290 53 1
1610 53 1
1857 53 1
3329 53 1
26 53 1
469 53 1
773 53 1
2072 53 1
731 53 1
30 53 1
4478 53 1
2406 53 1
3541 53 1
3957 53 1
241 53 1
160 53 1
4095 53 1
3678 53 1
307 53 1
1887 53 1
1409 53 1
838 53 1
1017 53 1
2179 53 1
4210 53 1
4871 53 1
439 53 1
4832 53 1
202 53 1
1399 53 1
2205 53 1
586 53 1
495 53 1
1487 53 1
55 53 1
3691 53 1
1147 53 1
51 53 1
652 53 1
85 53 1
2228 53 1
1 53 1
1789 53 1
133 53 1
992 53 1
977 53 1
4596 53 1
1681 53 1
810 53 1
84 53 1
4427 53 1
2319 53 1
4564 53 1
1055 53 1
603 53 1
1633 53 1
1323 53 1
2867 53 1
3897 53 1
3045 53 1
1020 53 1
347 53 1
2918 53 1
4215 53 1
2518 53 1
4914 53 1
174 53 1
344 53 1
2377 53 1
11 53 1
1957 53 1
756 53 1
925 53 1
2637 53 1
2032 53 1
4871 53 1
3758 53 1
2691 53 1
530 53 1
93 53 1
1105 53 1
14 53 1
104 53 1
3138 53 1
2897 53 1
42 53 1
17 53 1
1024 53 1
632 53 1
4808 53 1
222 53 1
968 53 1
2240 53 1
1519 53 1
4848 53 1
4184 53 1
241 53 1
60 53 1
704 53 1
1579 53 1
2133 53 1
313 53 1
577 53 1
520 53 1
817 53 1
387 53 1
2422 53 1
341 53 1
1226 53 1
170 53 1
180 53 1
402 53 1
819 53 1
4351 53 1
1257 53 1
1589 53 1
1223 53 1
4776 53 1
2914 53 1
2623 53 1
1740 53 1
843 53 1
754 53 1
58 53 1
1896 53 1
4971 53 1
4417 53 1
67 53 1
1280 53 1
1888 53 1
1842 53 1
2717 53 1
21 53 1
4055 53 1
28 53 1
271 53 1
2313 53 1
404 53 1
2567 53 1
182 53 1
7 53 1
866 53 1
4896 53 1
0 53 1
3739 53 1
1419 53 1
1718 53 1
44 53 1
836 53 1
2522 53 1
750 53 1
2656 53 1
2573 53 1
595 53 1
3028 53 1
4386 53 1
1881 53 1
0 53 1
4574 53 1
2141 53 1
3638 53 1
1098 53 1
405 53 1
391 53 1
870 53 1
2836 53 1
196 53 1
3218 53 1
3974 53 1
772 53 1
385 53 1
1018 53 1
4479 53 1
391 53 1
660 53 1
2333 53 1
2170 53 1
4622 53 1
210 53 1
3326 53 1
1673 53 1
3760 53 1
2848 53 1
2807 53 1
4363 53 1
19 53 1
4409 53 1
162 53 1
75 53 1
324 53 1
1414 53 1
732 53 1
4430 53 1
299 53 1
75 53 1
3642 53 1
15 53 1
2325 53 1
501 53 1
2604 53 1
2413 53 1
3619 53 1
2245 53 1
838 53 1
2405 53 1
4327 53 1
4263 53 1
1719 53 1
3444 53 1
2632 53 1
869 53 1
1790 53 1
37 53 1
1008 53 1
354 53 1
140 53 1
1029 53 1
352 53 1
1649 53 1
2976 53 1
1345 53 1
225 53 1
39 53 1
4389 53 1
3531 53 1
4182 53 1
1127 53 1
3493 53 1
2031 53 1
1887 54 1
1300 54 1
182 54 1
1917 54 1
3385 54 1
728 54 1
195 54 1
70 54 1
128 54 1
3090 54 1
2943 54 1
681 54 1
4326 54 1
1894 54 1
30 54 1
1979 54 1
159 54 1
115 54 1
185 54 1
2270 54 1
3647 54 1
1729 54 1
3304 54 1
14 54 1
1657 54 1
817 54 1
4966 54 1
3533 54 1
1058 54 1
452 54 1
88 54 1
2196 54 1
7 54 1
124 54 1
738 54 1
3867 54 1
4886 54 1
60 54 1
361 54 1
880 54 1
1523 54 1
479 54 1
2759 54 1
1114 54 1
2724 54 1
2862 54 1
157 54 1
662 54 1
1592 54 1
1792 54 1
1369 54 1
4364 54 1
4522 54 1
1922 54 1
1714 54 1
788 54 1
1854 54 1
1847 54 1
3376 54 1
4799 54 1
680 54 1
4098 54 1
1850 54 1
1132 54 1
3268 54 1
3056 54 1
8 54 1
2752 54 1
127 54 1
213 54 1
2362 54 1
4785 54 1
3806 54 1
277 54 1
2682 54 1
3425 54 1
1323 54 1
1045 54 1
28 54 1
776 54 1
0 54 1
4032 54 1
587 54 1
3076 54 1
1585 54 1
1069 54 1
704 54 1
2847 54 1
4734 54 1
2815 54 1
4354 54 1
2767 54 1
4528 54 1
2542 54 1
246 54 1
2502 54 1
236 54 1
891 54 1
4043 54 1
19 54 1
1 54 1
267 54 1
0 54 1
633 54 1
2340 54 1
4036 54 1
712 54 1
233 54 1
2061 54 1
3204 54 1
3261 54 1
70 54 1
3078 54 1
4593 54 1
0 54 1
1483 54 1
4947 54 1
330 54 1
1282 54 1
65 54 1
779 54 1
3369 54 1
1705 54 1
3141 54 1
4862 54 1
2884 54 1
436 54 1
228 54 1
2495 54 1
1283 54 1
42 54 1
3803 54 1
349 54 1
23 54 1
2041 54 1
344 54 1
1019 54 1
2970 54 1
2804 54 1
1238 54 1
408 54 1
4884 54 1
3288 54 1
91 54 1
3246 54 1
315 54 1
349 54 1
4725 54 1
1168 54 1
3142 54 1
948 54 1
2868 54 1
3790 54 1
3379 54 1
3933 54 1
256 54 1
2415 54 1
4001 54 1
580 54 1
1956 54 1
1001 54 1
4587 54 1
1450 54 1
4700 54 1
4584 54 1
3837 54 1
3523 54 1
1678 54 1
421 54 1
2850 54 1
823 54 1
1856 54 1
1170 54 1
3038 54 1
2503 54 1
4409 54 1
1429 54 1
579 54 1
158 54 1
1916 54 1
3794 54 1
4883 54 1
3492 54 1
1324 54 1
0 54 1
576 54 1
142 54 1
4262 54 1
1681 54 1
825 54 1
1705 54 1
2928 54 1
2040 54 1
1509 54 1
571 54 1
838 54 1
1015 54 1
3863 54 1
3573 54 1
2011 54 1
637 54 1
525 54 1
2472 54 1
311 54 1
4671 54 1
2243 54 1
118 54 1
193 54 1
1482 54 1
4184 54 1
740 54 1
3312 54 1
4243 54 1
800 54 1
917 54 1
3668 54 1
199 54 1
93 54 1
1649 54 1
1849 54 1
4 54 1
3856 54 1
2182 54 1
3111 54 1
1168 54 1
392 54 1
730 54 1
4207 54 1
64 54 1
4038 54 1
1242 54 1
720 54 1
2838 54 1
119 54 1
4367 54 1
449 54 1
4581 54 1
100 54 1
578 54 1
1876 54 1
497 54 1
218 54 1
3728 54 1
4616 54 1
1460 54 1
1132 54 1
160 54 1
2821 54 1
577 54 1
187 54 1
3940 54 1
2923 54 1
3283 54 1
3276 54 1
4973 54 1
30 54 1
1851 54 1
2931 54 1
3148 54 1
275 54 1
174 54 1
1415 54 1
195 54 1
2253 54 1
4960 54 1
37 54 1
161 54 1
181 54 1
1170 54 1
3535 54 1
2631 54 1
179 54 1
219 54 1
674 54 1
4430 54 1
2918 54 1
891 54 1
982 54 1
3966 54 1
2035 54 1
122 54 1
18 54 1
4316 54 1
167 54 1
564 54 1
213 54 1
13 54 1
118 54 1
71 54 1
4051 54 1
1 54 1
3251 54 1
60 54 1
462 54 1
4635 54 1
10 54 1
3773 54 1
901 54 1
375 54 1
207 54 1
1348 54 1
78 54 1
4596 54 1
2186 54 1
4154 54 1
682 54 1
2287 54 1
2548 54 1
1953 54 1
1 54 1
4467 54 1
2324 54 1
129 54 1
154 54 1
2446 54 1
3352 54 1
1796 54 1
375 54 1
4084 54 1
155 54 1
3848 54 1
1230 54 1
206 54 1
2436 54 1
14 54 1
366 54 1
3733 54 1
4729 54 1
230 54 1
4476 54 1
20 54 1
67 54 1
154 54 1
4232 54 1
739 54 1
125 54 1
2859 54 1
4578 54 1
922 54 1
217 54 1
486 54 1
1460 54 1
43 54 1
1400 54 1
4451 54 1
383 55 1
1161 55 1
982 55 1
2613 55 1
313 55 1
4456 55 1
103 55 1
31 55 1
134 55 1
1932 55 1
1220 55 1
1059 55 1
2200 55 1
1177 55 1
3968 55 1
3049 55 1
662 55 1
1283 55 1
1483 55 1
786 55 1
1212 55 1
286 55 1
2587 55 1
1736 55 1
0 55 1
195 55 1
1067 55 1
3210 55 1
3799 55 1
3650 55 1
919 55 1
2918 55 1
2333 55 1
91 55 1
357 55 1
2530 55 1
2712 55 1
465 55 1
32 55 1
13 55 1
1017 55 1
4478 55 1
473 55 1
685 55 1
612 55 1
598 55 1
901 55 1
41 55 1
3668 55 1
3312 55 1
505 55 1
1752 55 1
28 55 1
1296 55 1
68 55 1
726 55 1
84 55 1
351 55 1
399 55 1
387 55 1
4217 55 1
124 55 1
2333 55 1
0 55 1
2239 55 1
163 55 1
42 55 1
2340 55 1
500 55 1
1765 55 1
623 55 1
2204 55 1
3338 55 1
728 55 1
28 55 1
15 55 1
317 55 1
463 55 1
4605 55 1
981 55 1
1874 55 1
227 55 1
2878 55 1
50 55 1
795 55 1
54 55 1
1358 55 1
3048 55 1
3460 55 1
954 55 1
491 55 1
2679 55 1
2693 55 1
12 55 1
2431 55 1
15 55 1
3374 55 1
2533 55 1
3775 55 1
36 55 1
44 55 1
4961 55 1
1308 55 1
3130 55 1
1533 55 1
1211 55 1
2026 55 1
82 55 1
609 55 1
1936 55 1
3995 55 1
475 55 1
2444 55 1
3429 55 1
993 55 1
889 55 1
911 55 1
1120 55 1
88 55 1
1901 55 1
116 55 1
3324 55 1
20 55 1
2590 55 1
1042 55 1
104 55 1
2484 55 1
1451 55 1
2243 55 1
1136 55 1
2782 55 1
2851 55 1
3872 55 1
4475 55 1
742 55 1
2415 55 1
264 55 1
1678 55 1
308 55 1
1561 55 1
4729 55 1
15 55 1
3652 55 1
3094 55 1
2545 55 1
2736 55 1
538 55 1
414 55 1
4154 55 1
286 55 1
129 55 1
2744 55 1
160 55 1
3466 55 1
923 55 1
3802 55 1
996 55 1
2191 55 1
2014 55 1
191 55 1
2986 55 1
271 55 1
579 55 1
150 55 1
2964 55 1
4041 55 1
4715 55 1
1142 55 1
727 55 1
4565 55 1
1010 55 1
840 55 1
91 55 1
915 55 1
2972 55 1
774 55 1
4094 55 1
5 55 1
147 55 1
2149 55 1
204 55 1
276 55 1
4762 55 1
2220 55 1
509 55 1
878 55 1
2805 55 1
3031 55 1
1923 55 1
3543 55 1
120 55 1
760 55 1
4 55 1
61 55 1
142 55 1
3476 55 1
2298 55 1
1830 55 1
569 55 1
3946 55 1
3088 55 1
702 55 1
1205 55 1
1857 55 1
129 55 1
12 55 1
896 55 1
3178 55 1
81 55 1
1817 55 1
1636 55 1
639 55 1
1303 55 1
26 55 1
4346 55 1
847 55 1
1050 55 1
2622 55 1
1837 55 1
4143 55 1
1892 55 1
879 55 1
1352 55 1
56 55 1
3 55 1
1160 55 1
1067 55 1
2925 55 1
3016 55 1
2326 55 1
1869 55 1
4201 55 1
27 55 1
215 55 1
1649 55 1
244 55 1
379 55 1
96 55 1
28 55 1
65 55 1
671 55 1
3356 55 1
4568 55 1
79 55 1
1682 55 1
4331 55 1
4463 55 1
9 55 1
29 55 1
249 55 1
1589 55 1
4551 55 1
1335 55 1
4985 55 1
338 55 1
48 55 1
1353 55 1
12 55 1
1561 55 1
1675 55 1
4328 55 1
183 55 1
1216 55 1
483 55 1
1 55 1
5 55 1
1920 55 1
759 55 1
3872 55 1
18 55 1
1113 55 1
128 55 1
903 55 1
0 55 1
2857 55 1
139 55 1
919 55 1
4969 55 1
20 55 1
20 55 1
1742 55 1
3127 55 1
115 55 1
4923 55 1
1590 55 1
120 55 1
2092 55 1
2542 55 1
2707 55 1
4382 55 1
367 55 1
3598 55 1
537 55 1
24 55 1
2056 55 1
1744 55 1
2702 55 1
1025 55 1
919 55 1
2561 55 1
3071 55 1
25 55 1
3693 55 1
2065 55 1
4526 55 1
2130 55 1
807 55 1
102 55 1
4854 55 1
2456 55 1
4363 55 1
18 55 1
3714 55 1
1021 55 1
309 55 1
388 55 1
1091 55 1
353 55 1
4304 55 1
2786 55 1
835 55 1
4100 55 1
4537 55 1
266 55 1
1250 55 1
195 55 1
3687 55 1
4571 55 1
2511 55 1
451 55 1
3434 55 1
2195 55 1
4191 55 1
804 55 1
1190 55 1
5 55 1
2213 55 1
1 55 1
295 55 1
1649 55 1
2459 55 1
4648 55 1
4510 55 1
542 55 1
2817 55 1
1506 56 1
62 56 1
2251 56 1
2327 56 1
3764 56 1
4549 56 1
513 56 1
4906 56 1
2166 56 1
1595 56 1
4392 56 1
58 56 1
1599 56 1
1875 56 1
844 56 1
325 56 1
3057 56 1
1804 56 1
607 56 1
18 56 1
2548 56 1
3784 56 1
7 56 1
101 56 1
109 56 1
2272 56 1
954 56 1
9 56 1
299 56 1
147 56 1
239 56 1
1782 56 1
4001 56 1
868 56 1
298 56 1
124 56 1
3554 56 1
2567 56 1
1890 56 1
39 56 1
2846 56 1
797 56 1
1395 56 1
3302 56 1
1193 56 1
70 56 1
1173 56 1
3610 56 1
3586 56 1
4179 56 1
0 56 1
3304 56 1
2391 56 1
4063 56 1
3710 56 1
25 56 1
18 56 1
120 56 1
2936 56 1
4123 56 1
0 56 1
2679 56 1
4143 56 1
591 56 1
28 56 1
20 56 1
0 56 1
170 56 1
3852 56 1
1949 56 1
289 56 1
224 56 1
3496 56 1
957 56 1
1296 56 1
904 56 1
0 56 1
4639 56 1
445 56 1
5 56 1
62 56 1
98 56 1
3657 56 1
2314 56 1
239 56 1
1657 56 1
4235 56 1
2310 56 1
509 56 1
1573 56 1
206 56 1
2257 56 1
2115 56 1
1843 56 1
4266 56 1
4201 56 1
2551 56 1
0 56 1
2974 56 1
78 56 1
4 56 1
977 56 1
1304 56 1
23 56 1
4845 56 1
153 56 1
3787 56 1
2466 56 1
4565 56 1
654 56 1
1131 56 1
794 56 1
3043 56 1
1047 56 1
236 56 1
519 56 1
4687 56 1
3711 56 1
2035 56 1
12 56 1
1015 56 1
739 56 1
2144 56 1
95 56 1
1332 56 1
4328 56 1
1271 56 1
49 56 1
3555 56 1
60 56 1
2715 56 1
510 56 1
722 56 1
4408 56 1
1552 56 1
4038 56 1
3235 56 1
2694 56 1
282 56 1
2898 56 1
4534 56 1
1915 56 1
2124 56 1
93 56 1
520 56 1
3009 56 1
178 56 1
2183 56 1
5 56 1
184 56 1
2683 56 1
0 56 1
2434 56 1
3317 56 1
5 56 1
2338 56 1
2155 56 1
457 56 1
228 56 1
2985 56 1
28 56 1
333 56 1
3840 56 1
2904 56 1
2265 56 1
2404 56 1
2431 56 1
560 56 1
65 56 1
181 56 1
2209 56 1
49 56 1
19 56 1
289 56 1
1845 56 1
4066 56 1
4369 56 1
1226 56 1
188 56 1
184 56 1
1554 56 1
1428 56 1
3423 56 1
2202 56 1
5 56 1
2981 56 1
54 56 1
1015 56 1
1100 56 1
469 56 1
3890 56 1
3442 56 1
4482 56 1
2554 56 1
2523 56 1
210 56 1
34 56 1
2129 56 1
1363 56 1
1945 56 1
4742 56 1
1558 56 1
2904 56 1
774 56 1
2852 56 1
0 56 1
440 56 1
4036 56 1
652 56 1
255 56 1
4116 56 1
1421 56 1
14 56 1
181 56 1
522 56 1
76 56 1
21 56 1
73 56 1
1210 56 1
943 56 1
2866 56 1
2469 56 1
1011 56 1
4147 56 1
3066 56 1
3144 56 1
105 56 1
12 56 1
259 56 1
3236 56 1
3401 56 1
2444 56 1
570 56 1
705 56 1
223 56 1
1178 56 1
1138 56 1
644 56 1
79 56 1
1443 56 1
107 56 1
2467 56 1
547 56 1
2429 56 1
3480 56 1
1957 56 1
4066 56 1
4910 56 1
99 56 1
2149 56 1
661 56 1
511 56 1
4065 56 1
1586 56 1
221 56 1
55 56 1
14 56 1
3617 56 1
563 56 1
1665 56 1
291 56 1
597 56 1
138 56 1
337 56 1
1192 56 1
1057 56 1
1250 56 1
3336 56 1
1290 56 1
1283 56 1
1688 56 1
463 56 1
1465 56 1
1231 56 1
283 56 1
119 56 1
213 56 1
2496 56 1
4692 56 1
861 56 1
4245 56 1
464 56 1
704 56 1
209 56 1
613 56 1
182 56 1
403 56 1
4198 56 1
1052 56 1
2354 56 1
2755 56 1
655 56 1
2444 56 1
3818 56 1
2261 56 1
1891 56 1
824 56 1
2085 56 1
748 56 1
4388 56 1
526 56 1
348 56 1
3665 56 1
1329 56 1
1511 56 1
2325 56 1
2528 56 1
2571 56 1
4880 56 1
539 56 1
112 56 1
18 56 1
1685 56 1
726 56 1
0 56 1
2748 56 1
31 56 1
1857 56 1
1883 56 1
1563 56 1
3381 56 1
1538 56 1
2503 56 1
1008 56 1
243 56 1
4342 56 1
1550 56 1
1607 56 1
3220 56 1
4159 56 1
844 56 1
1894 56 1
4478 56 1
680 56 1
30 56 1
825 56 1
1952 56 1
3122 56 1
96 56 1
2728 56 1
4443 56 1
332 56 1
950 56 1
942 56 1
799 56 1
384 57 1
3734 57 1
2854 57 1
510 57 1
3642 57 1
4 57 1
92 57 1
0 57 1
168 57 1
1375 57 1
3862 57 1
47 57 1
2728 57 1
4421 57 1
1265 57 1
186 57 1
4436 57 1
4774 57 1
117 57 1
900 57 1
169 57 1
166 57 1
2209 57 1
436 57 1
1418 57 1
1912 57 1
280 57 1
2592 57 1
4382 57 1
2604 57 1
3518 57 1
348 57 1
3777 57 1
1400 57 1
4046 57 1
3229 57 1
3264 57 1
17 57 1
3647 57 1
2537 57 1
177 57 1
10 57 1
35 57 1
433 57 1
1 57 1
156 57 1
119 57 1
1531 57 1
667 57 1
298 57 1
2213 57 1
745 57 1
3526 57 1
16 57 1
1964 57 1
439 57 1
3278 57 1
481 57 1
1727 57 1
1822 57 1
2052 57 1
4329 57 1
28 57 1
0 57 1
91 57 1
4880 57 1
1877 57 1
3582 57 1
12 57 1
168 57 1
494 57 1
3005 57 1
277 57 1
533 57 1
4378 57 1
4154 57 1
1739 57 1
332 57 1
2142 57 1
116 57 1
605 57 1
148 57 1
410 57 1
4250 57 1
1892 57 1
3149 57 1
2 57 1
461 57 1
2603 57 1
6 57 1
2793 57 1
12 57 1
246 57 1
1455 57 1
245 57 1
653 57 1
19 57 1
3497 57 1
125 57 1
1013 57 1
898 57 1
70 57 1
4542 57 1
1504 57 1
377 57 1
2606 57 1
4103 57 1
930 57 1
2586 57 1
528 57 1
1746 57 1
4067 57 1
3276 57 1
62 57 1
1511 57 1
220 57 1
2748 57 1
382 57 1
3 57 1
4650 57 1
4973 57 1
534 57 1
131 57 1
1959 57 1
2225 57 1
0 57 1
1233 57 1
2602 57 1
1 57 1
1109 57 1
1839 57 1
3604 57 1
75 57 1
741 57 1
2645 57 1
1105 57 1
845 57 1
212 57 1
3348 57 1
3343 57 1
14 57 1
163 57 1
2854 57 1
801 57 1
3515 57 1
657 57 1
2885 57 1
1047 57 1
2 57 1
4913 57 1
503 57 1
1707 57 1
699 57 1
1531 57 1
643 57 1
3900 57 1
157 57 1
851 57 1
41 57 1
3066 57 1
824 57 1
61 57 1
4949 57 1
1298 57 1
3765 57 1
540 57 1
2150 57 1
3083 57 1
3 57 1
2493 57 1
532 57 1
1352 57 1
3403 57 1
2813 57 1
2973 57 1
2531 57 1
138 57 1
2256 57 1
3188 57 1
192 57 1
828 57 1
2492 57 1
0 57 1
638 57 1
3918 57 1
1645 57 1
2366 57 1
4958 57 1
1537 57 1
3998 57 1
27 57 1
1369 57 1
2339 57 1
335 57 1
4330 57 1
212 57 1
152 57 1
4140 57 1
3463 57 1
1905 57 1
361 57 1
114 57 1
1401 57 1
4847 57 1
3904 57 1
795 57 1
2141 57 1
2991 57 1
4760 57 1
135 57 1
2077 57 1
26 57 1
1652 57 1
318 57 1
1832 57 1
4753 57 1
3878 57 1
2921 57 1
4950 57 1
717 57 1
221 57 1
17 57 1
4981 57 1
2714 57 1
2051 57 1
2 57 1
179 57 1
1651 57 1
396 57 1
801 57 1
156 57 1
719 57 1
1284 57 1
1608 57 1
1513 57 1
498 57 1
3650 57 1
2028 57 1
224 57 1
0 57 1
30 57 1
1691 57 1
4303 57 1
3559 57 1
1210 57 1
541 57 1
4489 57 1
270 57 1
158 57 1
121 57 1
414 57 1
1775 57 1
988 57 1
112 57 1
2007 57 1
1266 57 1
313 57 1
657 57 1
4302 57 1
367 57 1
1280 57 1
189 57 1
741 57 1
1611 57 1
1088 57 1
1340 57 1
580 57 1
995 57 1
3 57 1
754 57 1
1291 57 1
91 57 1
4775 57 1
4759 57 1
1448 57 1
1665 57 1
4193 57 1
4714 57 1
1862 57 1
1835 57 1
1595 57 1
664 57 1
3382 57 1
205 57 1
3903 57 1
2298 57 1
1557 57 1
1115 57 1
3258 57 1
494 57 1
1391 57 1
2420 57 1
2688 57 1
3102 57 1
4706 57 1
3242 57 1
3689 57 1
2661 57 1
341 57 1
1034 57 1
2468 57 1
614 57 1
309 57 1
1444 57 1
649 57 1
154 57 1
691 57 1
2549 57 1
3849 57 1
505 57 1
6 57 1
37 57 1
2974 57 1
881 57 1
1467 57 1
667 57 1
207 57 1
842 57 1
1733 57 1
1668 57 1
1195 57 1
889 57 1
85 57 1
1242 57 1
692 57 1
3301 57 1
2 57 1
8 57 1
14 57 1
31 57 1
41 57 1
240 57 1
1334 57 1
4425 57 1
4335 57 1
305 57 1
4049 57 1
45 57 1
907 57 1
3308 57 1
3242 57 1
1980 57 1
3667 57 1
4 57 1
2162 57 1
8 58 1
170 58 1
2338 58 1
100 58 1
4677 58 1
1064 58 1
676 58 1
7 58 1
1 58 1
1139 58 1
36 58 1
3051 58 1
4545 58 1
2198 58 1
2975 58 1
189 58 1
59 58 1
46 58 1
2710 58 1
418 58 1
3364 58 1
3146 58 1
841 58 1
1643 58 1
4256 58 1
4691 58 1
1353 58 1
2100 58 1
199 58 1
1 58 1
470 58 1
4268 58 1
1879 58 1
4144 58 1
356 58 1
3567 58 1
1208 58 1
98 58 1
1752 58 1
242 58 1
8 58 1
8 58 1
1576 58 1
400 58 1
3607 58 1
727 58 1
1554 58 1
3059 58 1
1 58 1
688 58 1
4758 58 1
4386 58 1
1102 58 1
4502 58 1
173 58 1
4155 58 1
312 58 1
1875 58 1
2644 58 1
16 58 1
876 58 1
4754 58 1
911 58 1
807 58 1
1206 58 1
2783 58 1
268 58 1
7 58 1
2783 58 1
4035 58 1
62 58 1
0 58 1
1 58 1
0 58 1
33 58 1
39 58 1
1931 58 1
89 58 1
33 58 1
3010 58 1
921 58 1
24 58 1
1173 58 1
4273 58 1
1374 58 1
11 58 1
678 58 1
1341 58 1
0 58 1
2339 58 1
185 58 1
4483 58 1
363 58 1
4120 58 1
2578 58 1
1392 58 1
2416 58 1
93 58 1
3461 58 1
394 58 1
208 58 1
189 58 1
42 58 1
4289 58 1
1844 58 1
6 58 1
17 58 1
874 58 1
4830 58 1
2913 58 1
332 58 1
1730 58 1
4030 58 1
1937 58 1
2284 58 1
3656 58 1
0 58 1
2037 58 1
1922 58 1
4846 58 1
3588 58 1
2453 58 1
3403 58 1
205 58 1
371 58 1
17 58 1
3627 58 1
1825 58 1
3727 58 1
378 58 1
3251 58 1
793 58 1
2777 58 1
1725 58 1
2 58 1
3869 58 1
1578 58 1
1145 58 1
3167 58 1
21 58 1
17 58 1
290 58 1
3924 58 1
1834 58 1
3376 58 1
4314 58 1
99 58 1
359 58 1
612 58 1
46 58 1
12 58 1
4445 58 1
1261 58 1
4714 58 1
1436 58 1
2238 58 1
2734 58 1
1830 58 1
1671 58 1
1120 58 1
1727 58 1
3522 58 1
3295 58 1
5 58 1
874 58 1
229 58 1
1370 58 1
2255 58 1
607 58 1
359 58 1
26 58 1
330 58 1
72 58 1
1299 58 1
223 58 1
137 58 1
2127 58 1
227 58 1
771 58 1
372 58 1
2792 58 1
1044 58 1
3462 58 1
2449 58 1
0 58 1
367 58 1
1325 58 1
4438 58 1
16 58 1
303 58 1
292 58 1
63 58 1
2596 58 1
1086 58 1
1167 58 1
2565 58 1
3504 58 1
1532 58 1
420 58 1
507 58 1
458 58 1
1574 58 1
210 58 1
386 58 1
4787 58 1
4506 58 1
114 58 1
3117 58 1
4522 58 1
60 58 1
1950 58 1
172 58 1
7 58 1
1265 58 1
1240 58 1
827 58 1
1643 58 1
671 58 1
1888 58 1
705 58 1
3554 58 1
2393 58 1
614 58 1
2698 58 1
3622 58 1
1763 58 1
2733 58 1
1194 58 1
4111 58 1
559 58 1
455 58 1
2149 58 1
3924 58 1
1258 58 1
2040 58 1
429 58 1
1181 58 1
3677 58 1
1993 58 1
3301 58 1
4444 58 1
3469 58 1
2401 58 1
3406 58 1
2144 58 1
2609 58 1
2340 58 1
721 58 1
3313 58 1
2733 58 1
76 58 1
2845 58 1
2350 58 1
462 58 1
1807 58 1
295 58 1
1672 58 1
299 58 1
284 58 1
940 58 1
435 58 1
4455 58 1
652 58 1
3220 58 1
60 58 1
301 58 1
2346 58 1
94 58 1
998 58 1
5 58 1
1026 58 1
256 58 1
3916 58 1
521 58 1
1111 58 1
1550 58 1
915 58 1
372 58 1
2045 58 1
2976 58 1
2210 58 1
969 58 1
2449 58 1
3750 58 1
718 58 1
4311 58 1
539 58 1
1472 58 1
1792 58 1
977 58 1
363 58 1
329 58 1
603 58 1
1126 58 1
4735 58 1
2113 58 1
12 58 1
2445 58 1
55 58 1
2577 58 1
1219 58 1
387 58 1
425 58 1
914 58 1
4637 58 1
2422 58 1
2438 58 1
136 58 1
2395 58 1
497 58 1
7 58 1
17 58 1
3074 58 1
4248 58 1
470 58 1
2446 58 1
88 58 1
1911 58 1
3596 58 1
4242 58 1
2692 58 1
2242 58 1
2230 58 1
2420 58 1
2090 58 1
2760 58 1
1811 58 1
3358 58 1
3842 58 1
4104 58 1
391 58 1
4104 58 1
3634 58 1
342 58 1
4752 58 1
2908 58 1
4052 58 1
3260 58 1
2542 58 1
252 58 1
2721 58 1
1994 58 1
1602 58 1
960 58 1
1738 58 1
342 59 1
361 59 1
4119 59 1
3189 59 1
551 59 1
966 59 1
3595 59 1
2912 59 1
704 59 1
161 59 1
103 59 1
2260 59 1
4089 59 1
1229 59 1
150 59 1
18 59 1
384 59 1
369 59 1
2394 59 1
2315 59 1
3221 59 1
4677 59 1
3803 59 1
1860 59 1
0 59 1
141 59 1
3298 59 1
1818 59 1
1316 59 1
65 59 1
1817 59 1
1495 59 1
426 59 1
13 59 1
964 59 1
2473 59 1
4879 59 1
1505 59 1
1192 59 1
482 59 1
2442 59 1
2188 59 1
3714 59 1
4978 59 1
3145 59 1
2 59 1
4354 59 1
1570 59 1
532 59 1
3889 59 1
3440 59 1
3272 59 1
1204 59 1
177 59 1
696 59 1
2469 59 1
24 59 1
618 59 1
116 59 1
1042 59 1
2405 59 1
1804 59 1
4605 59 1
3653 59 1
1379 59 1
4342 59 1
64 59 1
3573 59 1
83 59 1
43 59 1
2865 59 1
1806 59 1
737 59 1
3015 59 1
10 59 1
424 59 1
376 59 1
1127 59 1
112 59 1
1721 59 1
818 59 1
2793 59 1
4518 59 1
747 59 1
1434 59 1
2589 59 1
2412 59 1
1254 59 1
11 59 1
1081 59 1
203 59 1
3421 59 1
4734 59 1
244 59 1
3888 59 1
4291 59 1
132 59 1
1531 59 1
3786 59 1
0 59 1
4647 59 1
14 59 1
1 59 1
310 59 1
4145 59 1
2298 59 1
626 59 1
748 59 1
175 59 1
1251 59 1
49 59 1
485 59 1
3597 59 1
2206 59 1
762 59 1
4931 59 1
85 59 1
3705 59 1
2358 59 1
271 59 1
4947 59 1
1018 59 1
2935 59 1
1669 59 1
3358 59 1
61 59 1
1696 59 1
160 59 1
1038 59 1
587 59 1
65 59 1
3722 59 1
4596 59 1
2769 59 1
1531 59 1
0 59 1
1648 59 1
2172 59 1
1075 59 1
464 59 1
2825 59 1
14 59 1
4859 59 1
2834 59 1
162 59 1
292 59 1
1988 59 1
1007 59 1
1856 59 1
478 59 1
1129 59 1
2335 59 1
60 59 1
4035 59 1
561 59 1
1527 59 1
3305 59 1
3055 59 1
2247 59 1
477 59 1
2380 59 1
20 59 1
20 59 1
1255 59 1
4977 59 1
55 59 1
389 59 1
3794 59 1
55 59 1
526 59 1
2446 59 1
588 59 1
4211 59 1
2429 59 1
15 59 1
2177 59 1
694 59 1
367 59 1
218 59 1
2074 59 1
273 59 1
156 59 1
2525 59 1
259 59 1
274 59 1
1788 59 1
1142 59 1
994 59 1
1007 59 1
1560 59 1
2081 59 1
2689 59 1
402 59 1
908 59 1
3090 59 1
4526 59 1
234 59 1
3671 59 1
655 59 1
782 59 1
4872 59 1
170 59 1
1114 59 1
2524 59 1
3116 59 1
1309 59 1
4249 59 1
3439 59 1
581 59 1
2565 59 1
1028 59 1
2522 59 1
3754 59 1
7 59 1
56 59 1
3759 59 1
639 59 1
3966 59 1
2260 59 1
2572 59 1
4872 59 1
381 59 1
4085 59 1
3617 59 1
3379 59 1
3576 59 1
1063 59 1
3640 59 1
1021 59 1
3479 59 1
2474 59 1
1800 59 1
332 59 1
67 59 1
570 59 1
1136 59 1
11 59 1
2289 59 1
4627 59 1
986 59 1
2986 59 1
225 59 1
1309 59 1
4504 59 1
1839 59 1
673 59 1
530 59 1
2706 59 1
1675 59 1
4356 59 1
2009 59 1
1051 59 1
361 59 1
4610 59 1
86 59 1
2857 59 1
2200 59 1
1980 59 1
3197 59 1
1866 59 1
2201 59 1
3111 59 1
4285 59 1
3964 59 1
1451 59 1
109 59 1
222 59 1
1577 59 1
101 59 1
19 59 1
1833 59 1
1670 59 1
1058 59 1
2735 59 1
2961 59 1
4693 59 1
3138 59 1
2582 59 1
4192 59 1
211 59 1
3054 59 1
944 59 1
399 59 1
136 59 1
4550 59 1
3042 59 1
239 59 1
289 59 1
170 59 1
57 59 1
984 59 1
4329 59 1
1757 59 1
21 59 1
189 59 1
1200 59 1
50 59 1
3707 59 1
632 59 1
39 59 1
158 59 1
774 59 1
6 59 1
777 59 1
4219 59 1
2066 59 1
3880 59 1
189 59 1
2693 59 1
240 59 1
600 59 1
2019 59 1
651 59 1
2908 59 1
4391 59 1
415 59 1
3137 59 1
3755 59 1
2342 59 1
9 59 1
3199 59 1
93 59 1
124 59 1
277 59 1
27 59 1
1732 59 1
374 59 1
1517 59 1
3356 59 1
3263 59 1
1354 59 1
2614 59 1
1856 59 1
2604 59 1
559 59 1
1089 59 1
74 59 1
344 59 1
825 59 1
236 59 1
2868 59 1
881 59 1
223 59 1
4572 59 1
810 59 1
783 60 1
54 60 1
4302 60 1
252 60 1
2195 60 1
1673 60 1
3163 60 1
1580 60 1
1051 60 1
1248 60 1
542 60 1
131 60 1
4365 60 1
3 60 1
1201 60 1
2138 60 1
3893 60 1
2469 60 1
369 60 1
216 60 1
484 60 1
2630 60 1
2272 60 1
534 60 1
3086 60 1
745 60 1
474 60 1
152 60 1
2940 60 1
4926 60 1
3267 60 1
469 60 1
2262 60 1
604 60 1
11 60 1
3533 60 1
176 60 1
48 60 1
49 60 1
3707 60 1
156 60 1
4526 60 1
4431 60 1
1610 60 1
1059 60 1
1208 60 1
1807 60 1
44 60 1
4528 60 1
4770 60 1
726 60 1
985 60 1
1833 60 1
356 60 1
2958 60 1
1285 60 1
3799 60 1
745 60 1
105 60 1
2012 60 1
4550 60 1
314 60 1
3532 60 1
2540 60 1
1 60 1
1003 60 1
169 60 1
1917 60 1
1652 60 1
2614 60 1
138 60 1
8 60 1
0 60 1
2198 60 1
1194 60 1
341 60 1
454 60 1
844 60 1
1487 60 1
1465 60 1
353 60 1
598 60 1
314 60 1
472 60 1
3179 60 1
405 60 1
2386 60 1
1343 60 1
1351 60 1
3640 60 1
3821 60 1
1470 60 1
1115 60 1
991 60 1
3907 60 1
0 60 1
2644 60 1
3955 60 1
2649 60 1
0 60 1
2653 60 1
105 60 1
13 60 1
131 60 1
3407 60 1
2789 60 1
13 60 1
3104 60 1
4440 60 1
1288 60 1
8 60 1
3918 60 1
37 60 1
2321 60 1
1996 60 1
2874 60 1
3657 60 1
0 60 1
3887 60 1
828 60 1
820 60 1
1077 60 1
470 60 1
4919 60 1
51 60 1
420 60 1
1270 60 1
133 60 1
1936 60 1
769 60 1
25 60 1
2811 60 1
1599 60 1
4237 60 1
150 60 1
4071 60 1
3899 60 1
879 60 1
4738 60 1
2187 60 1
92 60 1
2087 60 1
595 60 1
838 60 1
4726 60 1
3253 60 1
1394 60 1
280 60 1
2195 60 1
151 60 1
75 60 1
3833 60 1
3303 60 1
1790 60 1
37 60 1
170 60 1
4696 60 1
641 60 1
395 60 1
401 60 1
3767 60 1
2582 60 1
3616 60 1
902 60 1
458 60 1
1960 60 1
2386 60 1
1243 60 1
1335 60 1
2094 60 1
2789 60 1
1281 60 1
2358 60 1
537 60 1
378 60 1
3061 60 1
2969 60 1
30 60 1
1307 60 1
0 60 1
230 60 1
499 60 1
4324 60 1
615 60 1
29 60 1
501 60 1
800 60 1
3771 60 1
3344 60 1
60 60 1
2009 60 1
144 60 1
4303 60 1
4107 60 1
4749 60 1
3364 60 1
1962 60 1
467 60 1
3438 60 1
4260 60 1
491 60 1
3589 60 1
2175 60 1
490 60 1
133 60 1
2078 60 1
103 60 1
1246 60 1
656 60 1
3030 60 1
1034 60 1
4968 60 1
2272 60 1
6 60 1
2300 60 1
3318 60 1
48 60 1
4205 60 1
16 60 1
3994 60 1
98 60 1
2716 60 1
4425 60 1
4912 60 1
4756 60 1
100 60 1
1631 60 1
66 60 1
2360 60 1
3220 60 1
495 60 1
183 60 1
821 60 1
209 60 1
2308 60 1
22 60 1
417 60 1
4283 60 1
491 60 1
19 60 1
2469 60 1
517 60 1
2557 60 1
427 60 1
2144 60 1
399 60 1
568 60 1
618 60 1
347 60 1
471 60 1
4225 60 1
2574 60 1
3447 60 1
4078 60 1
2092 60 1
628 60 1
3655 60 1
68 60 1
978 60 1
3355 60 1
1850 60 1
3501 60 1
1378 60 1
2925 60 1
707 60 1
3528 60 1
829 60 1
2771 60 1
410 60 1
922 60 1
436 60 1
20 60 1
3 60 1
3336 60 1
10 60 1
755 60 1
4537 60 1
4219 60 1
292 60 1
3234 60 1
909 60 1
421 60 1
127 60 1
2858 60 1
16 60 1
3373 60 1
989 60 1
1020 60 1
4166 60 1
198 60 1
4652 60 1
1153 60 1
8 60 1
3948 60 1
3476 60 1
1033 60 1
442 60 1
379 60 1
36 60 1
52 60 1
1516 60 1
256 60 1
1614 60 1
3402 60 1
4258 60 1
0 60 1
602 60 1
67 60 1
826 60 1
3953 60 1
1408 60 1
124 60 1
2789 60 1
1375 60 1
37 60 1
670 60 1
106 60 1
273 60 1
2159 60 1
4192 60 1
4608 60 1
997 60 1
2849 60 1
2097 60 1
4530 60 1
1244 60 1
986 60 1
16 60 1
2729 60 1
314 60 1
55 60 1
2087 60 1
448 60 1
98 60 1
24 60 1
1850 60 1
3278 60 1
4 60 1
3437 60 1
3750 60 1
203 60 1
4092 60 1
160 60 1
2371 60 1
2429 60 1
362 61 1
2610 61 1
462 61 1
826 61 1
3523 61 1
119 61 1
656 61 1
3863 61 1
138 61 1
4155 61 1
4235 61 1
1548 61 1
1816 61 1
779 61 1
20 61 1
64 61 1
2337 61 1
1237 61 1
1911 61 1
0 61 1
564 61 1
71 61 1
187 61 1
198 61 1
697 61 1
1480 61 1
0 61 1
1270 61 1
673 61 1
553 61 1
117 61 1
309 61 1
577 61 1
2359 61 1
2873 61 1
1824 61 1
3381 61 1
2402 61 1
3637 61 1
0 61 1
328 61 1
2310 61 1
1181 61 1
4373 61 1
1356 61 1
1891 61 1
371 61 1
448 61 1
3587 61 1
292 61 1
3631 61 1
3754 61 1
24 61 1
3172 61 1
6 61 1
0 61 1
2079 61 1
597 61 1
329 61 1
272 61 1
614 61 1
1160 61 1
156 61 1
60 61 1
3832 61 1
1348 61 1
2913 61 1
3776 61 1
1240 61 1
2864 61 1
299 61 1
28 61 1
1409 61 1
960 61 1
3401 61 1
3909 61 1
249 61 1
3816 61 1
2776 61 1
357 61 1
145 61 1
1508 61 1
3453 61 1
2730 61 1
2233 61 1
1048 61 1
46 61 1
3 61 1
4190 61 1
783 61 1
28 61 1
524 61 1
1031 61 1
48 61 1
3599 61 1
3990 61 1
3685 61 1
9 61 1
672 61 1
3204 61 1
885 61 1
1428 61 1
346 61 1
271 61 1
1956 61 1
1411 61 1
269 61 1
2614 61 1
1011 61 1
1578 61 1
1543 61 1
4940 61 1
4415 61 1
417 61 1
291 61 1
50 61 1
1167 61 1
1372 61 1
122 61 1
40 61 1
1621 61 1
2167 61 1
1521 61 1
4562 61 1
910 61 1
1132 61 1
2354 61 1
572 61 1
2367 61 1
3695 61 1
1296 61 1
3620 61 1
1502 61 1
4988 61 1
596 61 1
271 61 1
359 61 1
3051 61 1
4243 61 1
457 61 1
2797 61 1
1237 61 1
1244 61 1
2697 61 1
889 61 1
1708 61 1
1554 61 1
1175 61 1
651 61 1
993 61 1
394 61 1
16 61 1
986 61 1
2885 61 1
146 61 1
1019 61 1
1202 61 1
3433 61 1
3464 61 1
1103 61 1
1103 61 1
1203 61 1
1896 61 1
137 61 1
899 61 1
2051 61 1
4715 61 1
1821 61 1
2965 61 1
29 61 1
2628 61 1
2371 61 1
98 61 1
141 61 1
4459 61 1
231 61 1
619 61 1
193 61 1
1608 61 1
14 61 1
7 61 1
104 61 1
468 61 1
657 61 1
871 61 1
479 61 1
1083 61 1
48 61 1
890 61 1
3949 61 1
0 61 1
228 61 1
1113 61 1
25 61 1
614 61 1
4227 61 1
865 61 1
217 61 1
4693 61 1
55 61 1
4653 61 1
2662 61 1
3308 61 1
2055 61 1
3073 61 1
310 61 1
969 61 1
10 61 1
76 61 1
2705 61 1
345 61 1
1857 61 1
460 61 1
275 61 1
538 61 1
4048 61 1
16 61 1
1307 61 1
4195 61 1
4722 61 1
1164 61 1
4277 61 1
2885 61 1
15 61 1
3696 61 1
2685 61 1
2609 61 1
2955 61 1
1355 61 1
312 61 1
3720 61 1
2462 61 1
2284 61 1
3573 61 1
153 61 1
3731 61 1
2691 61 1
2664 61 1
23 61 1
2935 61 1
3452 61 1
287 61 1
2475 61 1
476 61 1
3360 61 1
2218 61 1
3431 61 1
0 61 1
2486 61 1
4832 61 1
3632 61 1
3958 61 1
0 61 1
4364 61 1
2273 61 1
4283 61 1
51 61 1
2 61 1
866 61 1
0 61 1
10 61 1
4641 61 1
608 61 1
4800 61 1
409 61 1
189 61 1
2626 61 1
114 61 1
1436 61 1
642 61 1
187 61 1
222 61 1
2765 61 1
30 61 1
80 61 1
4 61 1
1369 61 1
170 61 1
2426 61 1
530 61 1
3899 61 1
730 61 1
3609 61 1
643 61 1
1413 61 1
755 61 1
3322 61 1
415 61 1
378 61 1
3 61 1
0 61 1
431 61 1
1611 61 1
916 61 1
909 61 1
200 61 1
743 61 1
1135 61 1
172 61 1
3744 61 1
162 61 1
386 61 1
1 61 1
2841 61 1
478 61 1
1665 61 1
5 61 1
4554 61 1
2699 61 1
1182 61 1
2913 61 1
1299 61 1
3228 61 1
524 61 1
947 61 1
2308 61 1
999 61 1
41 61 1
211 61 1
1829 61 1
175 61 1
1532 61 1
4928 61 1
3314 61 1
134 61 1
1237 61 1
285 61 1
727 61 1
528 61 1
1 61 1
806 61 1
4917 61 1
2956 61 1
3973 61 1
3152 61 1
92 61 1
3530 61 1
2038 61 1
1067 61 1
2187 61 1
1161 61 1
2300 61 1
4651 61 1
1954 61 1
1196 61 1
303 62 1
4670 62 1
1648 62 1
56 62 1
1265 62 1
229 62 1
462 62 1
3890 62 1
4058 62 1
13 62 1
3241 62 1
574 62 1
1224 62 1
17 62 1
3976 62 1
533 62 1
4145 62 1
981 62 1
379 62 1
2675 62 1
44 62 1
4353 62 1
1807 62 1
1770 62 1
1557 62 1
1974 62 1
1134 62 1
473 62 1
709 62 1
2277 62 1
3644 62 1
571 62 1
37 62 1
688 62 1
1109 62 1
3126 62 1
734 62 1
4099 62 1
2043 62 1
7 62 1
84 62 1
7 62 1
238 62 1
4391 62 1
11 62 1
0 62 1
1833 62 1
1971 62 1
3709 62 1
145 62 1
117 62 1
56 62 1
2716 62 1
2401 62 1
3468 62 1
4689 62 1
2583 62 1
230 62 1
167 62 1
1738 62 1
2008 62 1
643 62 1
26 62 1
868 62 1
3109 62 1
1969 62 1
1033 62 1
4232 62 1
694 62 1
1577 62 1
4447 62 1
2983 62 1
1445 62 1
4285 62 1
0 62 1
102 62 1
2 62 1
745 62 1
934 62 1
1 62 1
912 62 1
50 62 1
15 62 1
147 62 1
169 62 1
11 62 1
715 62 1
1000 62 1
1 62 1
340 62 1
3619 62 1
4241 62 1
1887 62 1
3080 62 1
348 62 1
170 62 1
2529 62 1
244 62 1
4116 62 1
256 62 1
1034 62 1
911 62 1
3840 62 1
524 62 1
2837 62 1
1641 62 1
20 62 1
1766 62 1
2114 62 1
713 62 1
297 62 1
3769 62 1
86 62 1
3295 62 1
1597 62 1
62 62 1
3586 62 1
555 62 1
50 62 1
166 62 1
457 62 1
17 62 1
836 62 1
534 62 1
1709 62 1
2615 62 1
34 62 1
1369 62 1
3235 62 1
1911 62 1
552 62 1
1454 62 1
2703 62 1
4507 62 1
4058 62 1
205 62 1
289 62 1
1003 62 1
867 62 1
3987 62 1
3727 62 1
302 62 1
113 62 1
3312 62 1
14 62 1
2987 62 1
574 62 1
4967 62 1
1508 62 1
3016 62 1
1202 62 1
1340 62 1
305 62 1
4303 62 1
3280 62 1
2819 62 1
153 62 1
3087 62 1
798 62 1
7 62 1
280 62 1
819 62 1
3840 62 1
1 62 1
198 62 1
718 62 1
4949 62 1
305 62 1
2446 62 1
287 62 1
4692 62 1
1690 62 1
283 62 1
100 62 1
95 62 1
0 62 1
3890 62 1
46 62 1
0 62 1
4806 62 1
471 62 1
4675 62 1
104 62 1
963 62 1
2442 62 1
4384 62 1
521 62 1
2293 62 1
4777 62 1
3441 62 1
2675 62 1
259 62 1
199 62 1
2265 62 1
1193 62 1
2005 62 1
435 62 1
1813 62 1
613 62 1
217 62 1
4444 62 1
626 62 1
3292 62 1
120 62 1
1533 62 1
80 62 1
53 62 1
231 62 1
442 62 1
551 62 1
26 62 1
502 62 1
1030 62 1
250 62 1
2520 62 1
3855 62 1
2432 62 1
358 62 1
4746 62 1
56 62 1
1595 62 1
134 62 1
781 62 1
4798 62 1
1568 62 1
2505 62 1
2577 62 1
2910 62 1
115 62 1
1851 62 1
4743 62 1
410 62 1
51 62 1
4467 62 1
1071 62 1
3397 62 1
1993 62 1
67 62 1
2683 62 1
1059 62 1
3611 62 1
4270 62 1
67 62 1
1186 62 1
1853 62 1
60 62 1
3574 62 1
819 62 1
2318 62 1
1646 62 1
329 62 1
1038 62 1
1516 62 1
3030 62 1
2983 62 1
4581 62 1
2861 62 1
832 62 1
1279 62 1
4422 62 1
24 62 1
194 62 1
4814 62 1
221 62 1
1628 62 1
23 62 1
250 62 1
508 62 1
15 62 1
799 62 1
1753 62 1
1997 62 1
4547 62 1
4980 62 1
731 62 1
4946 62 1
3782 62 1
820 62 1
764 62 1
1460 62 1
599 62 1
3422 62 1
1210 62 1
1540 62 1
2814 62 1
2387 62 1
4203 62 1
44 62 1
3 62 1
40 62 1
77 62 1
643 62 1
2217 62 1
23 62 1
699 62 1
242 62 1
1910 62 1
1691 62 1
2791 62 1
2526 62 1
882 62 1
205 62 1
5 62 1
2050 62 1
3703 62 1
3668 62 1
0 62 1
1235 62 1
2520 62 1
102 62 1
440 62 1
502 62 1
1305 62 1
428 62 1
1168 62 1
4095 62 1
4119 62 1
878 62 1
2446 62 1
1735 62 1
1511 62 1
2506 62 1
3937 62 1
343 62 1
1484 62 1
1042 62 1
2381 62 1
3058 62 1
2501 62 1
4958 62 1
1094 62 1
2276 62 1
1697 62 1
48 62 1
142 62 1
211 62 1
4115 62 1
145 62 1
1888 62 1
2633 62 1
4 62 1
21 62 1
242 62 1
230 62 1
373 62 1
4504 63 1
854 63 1
139 63 1
2600 63 1
2563 63 1
4198 63 1
2806 63 1
2894 63 1
1220 63 1
898 63 1
4727 63 1
2962 63 1
3179 63 1
238 63 1
2599 63 1
4 63 1
3186 63 1
4657 63 1
20 63 1
502 63 1
861 63 1
7 63 1
476 63 1
2447 63 1
0 63 1
4506 63 1
4601 63 1
694 63 1
4845 63 1
4973 63 1
1553 63 1
3610 63 1
672 63 1
3193 63 1
3985 63 1
67 63 1
4720 63 1
1890 63 1
2925 63 1
4338 63 1
949 63 1
1412 63 1
838 63 1
0 63 1
191 63 1
500 63 1
17 63 1
215 63 1
3194 63 1
1917 63 1
0 63 1
2478 63 1
464 63 1
3523 63 1
8 63 1
4084 63 1
3401 63 1
4632 63 1
2516 63 1
187 63 1
7 63 1
200 63 1
3614 63 1
16 63 1
1681 63 1
4917 63 1
3945 63 1
4 63 1
848 63 1
2304 63 1
3878 63 1
1262 63 1
1044 63 1
1 63 1
1070 63 1
278 63 1
2115 63 1
887 63 1
2408 63 1
436 63 1
970 63 1
607 63 1
4503 63 1
3351 63 1
428 63 1
4562 63 1
1271 63 1
1 63 1
1471 63 1
866 63 1
303 63 1
1973 63 1
3391 63 1
47 63 1
1301 63 1
1286 63 1
1378 63 1
107 63 1
1261 63 1
72 63 1
2387 63 1
446 63 1
531 63 1
569 63 1
314 63 1
548 63 1
676 63 1
1450 63 1
1294 63 1
1384 63 1
2871 63 1
2573 63 1
716 63 1
3599 63 1
1143 63 1
3 63 1
2529 63 1
2104 63 1
2 63 1
461 63 1
4937 63 1
73 63 1
1781 63 1
3125 63 1
4651 63 1
1227 63 1
1119 63 1
2699 63 1
1555 63 1
1856 63 1
15 63 1
3941 63 1
3931 63 1
74 63 1
736 63 1
969 63 1
2768 63 1
777 63 1
2751 63 1
271 63 1
160 63 1
991 63 1
4129 63 1
344 63 1
4390 63 1
116 63 1
16 63 1
4946 63 1
2247 63 1
794 63 1
390 63 1
257 63 1
1205 63 1
4980 63 1
2813 63 1
4528 63 1
74 63 1
522 63 1
4182 63 1
4441 63 1
775 63 1
2429 63 1
2441 63 1
1473 63 1
4548 63 1
1141 63 1
12 63 1
1400 63 1
468 63 1
2554 63 1
114 63 1
685 63 1
1099 63 1
1424 63 1
4455 63 1
1859 63 1
13 63 1
1269 63 1
3075 63 1
931 63 1
2587 63 1
155 63 1
1755 63 1
2947 63 1
3795 63 1
461 63 1
623 63 1
19 63 1
3976 63 1
4566 63 1
0 63 1
959 63 1
1365 63 1
163 63 1
110 63 1
2582 63 1
3485 63 1
676 63 1
1686 63 1
1473 63 1
490 63 1
2063 63 1
2631 63 1
2809 63 1
1848 63 1
1103 63 1
914 63 1
482 63 1
4017 63 1
4951 63 1
740 63 1
113 63 1
643 63 1
612 63 1
484 63 1
2407 63 1
2391 63 1
2103 63 1
1899 63 1
179 63 1
3046 63 1
530 63 1
4041 63 1
4548 63 1
1974 63 1
2352 63 1
3320 63 1
980 63 1
803 63 1
4573 63 1
67 63 1
352 63 1
147 63 1
3972 63 1
155 63 1
3654 63 1
130 63 1
935 63 1
77 63 1
2114 63 1
2064 63 1
3075 63 1
343 63 1
59 63 1
1642 63 1
748 63 1
1483 63 1
1554 63 1
132 63 1
2071 63 1
2763 63 1
1908 63 1
9 63 1
2594 63 1
378 63 1
494 63 1
3446 63 1
2814 63 1
115 63 1
277 63 1
218 63 1
4774 63 1
3386 63 1
32 63 1
54 63 1
4408 63 1
395 63 1
744 63 1
11 63 1
2210 63 1
1612 63 1
1837 63 1
1704 63 1
621 63 1
4198 63 1
526 63 1
2972 63 1
252 63 1
604 63 1
315 63 1
1904 63 1
0 63 1
2225 63 1
402 63 1
1145 63 1
3376 63 1
3890 63 1
393 63 1
2859 63 1
1347 63 1
4592 63 1
4224 63 1
4080 63 1
230 63 1
2392 63 1
4759 63 1
1670 63 1
1604 63 1
548 63 1
942 63 1
777 63 1
423 63 1
3543 63 1
720 63 1
2738 63 1
2670 63 1
453 63 1
1064 63 1
31 63 1
2208 63 1
24 63 1
271 63 1
20 63 1
1093 63 1
2191 63 1
665 63 1
898 63 1
11 63 1
1032 63 1
4562 63 1
118 63 1
1220 63 1
4878 63 1
3904 63 1
1703 63 1
4462 63 1
3555 63 1
1953 63 1
1549 63 1
388 63 1
1375 63 1
152 63 1
3390 63 1
267 63 1
188 63 1
9 63 1
4308 63 1
405 63 1
653 63 1
958 63 1
81 63 1
858 63 1
2465 63 1
895 63 1
79 63 1
2404 64 1
2077 64 1
329 64 1
6 64 1
15 64 1
462 64 1
2152 64 1
283 64 1
4047 64 1
330 64 1
3793 64 1
3422 64 1
403 64 1
2495 64 1
301 64 1
1023 64 1
1212 64 1
3270 64 1
2150 64 1
2322 64 1
4146 64 1
2098 64 1
2380 64 1
673 64 1
4704 64 1
377 64 1
4387 64 1
4210 64 1
442 64 1
24 64 1
301 64 1
3908 64 1
1369 64 1
866 64 1
840 64 1
48 64 1
2732 64 1
1494 64 1
119 64 1
2123 64 1
51 64 1
863 64 1
60 64 1
2016 64 1
2211 64 1
2003 64 1
4803 64 1
428 64 1
3652 64 1
835 64 1
0 64 1
1686 64 1
507 64 1
4131 64 1
166 64 1
2885 64 1
147 64 1
184 64 1
12 64 1
4749 64 1
845 64 1
1022 64 1
123 64 1
2140 64 1
380 64 1
1671 64 1
3447 64 1
1392 64 1
3333 64 1
1491 64 1
425 64 1
3423 64 1
1810 64 1
175 64 1
1400 64 1
3178 64 1
1035 64 1
1043 64 1
2573 64 1
36 64 1
7 64 1
2204 64 1
885 64 1
2105 64 1
2155 64 1
126 64 1
3740 64 1
3208 64 1
15 64 1
597 64 1
64 64 1
1386 64 1
4844 64 1
4547 64 1
4308 64 1
1312 64 1
571 64 1
441 64 1
469 64 1
2319 64 1
3157 64 1
731 64 1
3869 64 1
2507 64 1
2995 64 1
4835 64 1
4056 64 1
955 64 1
516 64 1
3889 64 1
2939 64 1
4084 64 1
339 64 1
2 64 1
819 64 1
275 64 1
3813 64 1
4767 64 1
1294 64 1
512 64 1
2212 64 1
230 64 1
2133 64 1
825 64 1
2644 64 1
285 64 1
753 64 1
132 64 1
2844 64 1
355 64 1
2310 64 1
3 64 1
598 64 1
304 64 1
22 64 1
61 64 1
4090 64 1
3450 64 1
474 64 1
182 64 1
123 64 1
814 64 1
2217 64 1
1918 64 1
1211 64 1
1207 64 1
149 64 1
486 64 1
782 64 1
2481 64 1
969 64 1
427 64 1
629 64 1
1590 64 1
4460 64 1
423 64 1
4783 64 1
1941 64 1
174 64 1
1511 64 1
189 64 1
3787 64 1
2694 64 1
3707 64 1
4822 64 1
3955 64 1
30 64 1
3492 64 1
3149 64 1
4347 64 1
1562 64 1
7 64 1
2391 64 1
2799 64 1
1074 64 1
1348 64 1
329 64 1
3275 64 1
2602 64 1
4762 64 1
128 64 1
2269 64 1
1264 64 1
34 64 1
2959 64 1
2334 64 1
1254 64 1
492 64 1
1823 64 1
155 64 1
25 64 1
2322 64 1
2561 64 1
1145 64 1
2101 64 1
4981 64 1
3253 64 1
2799 64 1
677 64 1
5 64 1
61 64 1
1970 64 1
3717 64 1
189 64 1
4274 64 1
754 64 1
1956 64 1
3490 64 1
170 64 1
2451 64 1
490 64 1
1759 64 1
1727 64 1
774 64 1
1181 64 1
1311 64 1
15 64 1
680 64 1
338 64 1
740 64 1
62 64 1
1110 64 1
1091 64 1
1228 64 1
1337 64 1
1537 64 1
1917 64 1
5 64 1
18 64 1
4539 64 1
4 64 1
57 64 1
3976 64 1
407 64 1
270 64 1
3316 64 1
4286 64 1
825 64 1
2420 64 1
1328 64 1
261 64 1
1670 64 1
3262 64 1
874 64 1
293 64 1
3607 64 1
3894 64 1
1 64 1
2000 64 1
4695 64 1
37 64 1
30 64 1
2062 64 1
448 64 1
751 64 1
2439 64 1
182 64 1
1387 64 1
311 64 1
61 64 1
277 64 1
366 64 1
3030 64 1
6 64 1
600 64 1
3403 64 1
1211 64 1
3690 64 1
2539 64 1
4545 64 1
3624 64 1
106 64 1
1142 64 1
4454 64 1
982 64 1
895 64 1
3141 64 1
9 64 1
818 64 1
3517 64 1
2792 64 1
1021 64 1
51 64 1
4445 64 1
3968 64 1
983 64 1
1264 64 1
88 64 1
14 64 1
1476 64 1
91 64 1
1435 64 1
3237 64 1
205 64 1
102 64 1
2422 64 1
1406 64 1
2441 64 1
471 64 1
1479 64 1
257 64 1
573 64 1
2330 64 1
2308 64 1
4507 64 1
3957 64 1
658 64 1
111 64 1
831 64 1
2179 64 1
0 64 1
643 64 1
2952 64 1
4949 64 1
1150 64 1
4930 64 1
295 64 1
680 64 1
445 64 1
1511 64 1
4290 64 1
0 64 1
1290 64 1
3020 64 1
1969 64 1
4562 64 1
642 64 1
3870 64 1
154 64 1
900 64 1
4297 64 1
2065 64 1
1763 64 1
9 64 1
968 64 1
56 64 1
4371 64 1
987 64 1
2533 64 1
328 64 1
1276 64 1
977 64 1
318 64 1
3042 64 1
2 64 1
270 65 1
146 65 1
18 65 1
1958 65 1
947 65 1
3647 65 1
150 65 1
52 65 1
3879 65 1
2495 65 1
923 65 1
1988 65 1
3019 65 1
1576 65 1
835 65 1
2690 65 1
9 65 1
3347 65 1
1287 65 1
780 65 1
4646 65 1
2500 65 1
1481 65 1
349 65 1
0 65 1
548 65 1
135 65 1
3225 65 1
4410 65 1
1074 65 1
1730 65 1
1310 65 1
1660 65 1
4015 65 1
1369 65 1
43 65 1
0 65 1
1746 65 1
245 65 1
2079 65 1
133 65 1
3243 65 1
484 65 1
4847 65 1
2403 65 1
3858 65 1
3085 65 1
4507 65 1
167 65 1
302 65 1
1296 65 1
3107 65 1
20 65 1
4690 65 1
121 65 1
4105 65 1
848 65 1
577 65 1
4325 65 1
3939 65 1
51 65 1
1378 65 1
158 65 1
129 65 1
1806 65 1
5 65 1
1327 65 1
3130 65 1
1318 65 1
2942 65 1
1782 65 1
3829 65 1
4823 65 1
4333 65 1
1746 65 1
12 65 1
1159 65 1
236 65 1
4461 65 1
102 65 1
3965 65 1
453 65 1
1300 65 1
864 65 1
681 65 1
227 65 1
2374 65 1
397 65 1
196 65 1
359 65 1
220 65 1
1575 65 1
2574 65 1
2905 65 1
0 65 1
0 65 1
2828 65 1
427 65 1
165 65 1
1900 65 1
4 65 1
260 65 1
3060 65 1
1206 65 1
40 65 1
4741 65 1
2979 65 1
1026 65 1
3003 65 1
2397 65 1
787 65 1
547 65 1
1604 65 1
3981 65 1
57 65 1
2458 65 1
3368 65 1
3 65 1
3752 65 1
180 65 1
91 65 1
3722 65 1
45 65 1
21 65 1
44 65 1
157 65 1
750 65 1
2947 65 1
4636 65 1
1454 65 1
7 65 1
4166 65 1
283 65 1
1456 65 1
457 65 1
2842 65 1
3723 65 1
3097 65 1
174 65 1
1475 65 1
1440 65 1
3117 65 1
1812 65 1
1422 65 1
64 65 1
0 65 1
1410 65 1
4188 65 1
2 65 1
3067 65 1
1255 65 1
4434 65 1
3825 65 1
597 65 1
96 65 1
2118 65 1
438 65 1
760 65 1
1162 65 1
19 65 1
13 65 1
653 65 1
458 65 1
323 65 1
702 65 1
972 65 1
401 65 1
3830 65 1
1909 65 1
2790 65 1
20 65 1
3617 65 1
16 65 1
4191 65 1
162 65 1
3695 65 1
819 65 1
4136 65 1
3595 65 1
189 65 1
30 65 1
4355 65 1
695 65 1
1237 65 1
55 65 1
277 65 1
2369 65 1
269 65 1
4453 65 1
1125 65 1
253 65 1
0 65 1
355 65 1
406 65 1
4625 65 1
2119 65 1
0 65 1
1291 65 1
1825 65 1
3160 65 1
74 65 1
1100 65 1
1405 65 1
3478 65 1
319 65 1
1897 65 1
361 65 1
14 65 1
257 65 1
1893 65 1
232 65 1
193 65 1
1007 65 1
3101 65 1
68 65 1
3865 65 1
963 65 1
724 65 1
788 65 1
1082 65 1
289 65 1
1005 65 1
4584 65 1
4051 65 1
2817 65 1
1092 65 1
51 65 1
2328 65 1
352 65 1
1047 65 1
3296 65 1
3422 65 1
1438 65 1
3914 65 1
843 65 1
72 65 1
624 65 1
4907 65 1
1915 65 1
4071 65 1
0 65 1
1217 65 1
1724 65 1
0 65 1
3822 65 1
3395 65 1
305 65 1
98 65 1
9 65 1
941 65 1
3461 65 1
2234 65 1
4552 65 1
2168 65 1
465 65 1
1799 65 1
97 65 1
765 65 1
3625 65 1
2944 65 1
948 65 1
2378 65 1
197 65 1
1740 65 1
2713 65 1
2337 65 1
78 65 1
797 65 1
1697 65 1
2532 65 1
17 65 1
1 65 1
499 65 1
2772 65 1
3961 65 1
3607 65 1
1962 65 1
798 65 1
714 65 1
1851 65 1
1962 65 1
621 65 1
3617 65 1
4748 65 1
490 65 1
2684 65 1
596 65 1
3541 65 1
398 65 1
147 65 1
6 65 1
1182 65 1
316 65 1
29 65 1
2510 65 1
1672 65 1
1441 65 1
583 65 1
459 65 1
4338 65 1
2010 65 1
4351 65 1
1332 65 1
33 65 1
3013 65 1
560 65 1
104 65 1
4984 65 1
762 65 1
884 65 1
136 65 1
1719 65 1
4400 65 1
4793 65 1
1524 65 1
4798 65 1
116 65 1
26 65 1
4662 65 1
2614 65 1
1511 65 1
4711 65 1
3218 65 1
1760 65 1
603 65 1
0 65 1
2076 65 1
1026 65 1
118 65 1
1427 65 1
3611 65 1
2915 65 1
54 65 1
4756 65 1
21 65 1
242 65 1
2319 65 1
2532 65 1
237 65 1
2983 65 1
213 65 1
2482 65 1
961 65 1
473 65 1
2053 65 1
4336 66 1
992 66 1
3328 66 1
11 66 1
388 66 1
177 66 1
980 66 1
2965 66 1
3286 66 1
2561 66 1
2371 66 1
1198 66 1
3752 66 1
1342 66 1
47 66 1
2957 66 1
2130 66 1
87 66 1
2405 66 1
689 66 1
3536 66 1
4 66 1
3424 66 1
1677 66 1
4906 66 1
2312 66 1
55 66 1
912 66 1
2 66 1
2574 66 1
201 66 1
4533 66 1
27 66 1
39 66 1
133 66 1
1957 66 1
634 66 1
3268 66 1
1134 66 1
182 66 1
3118 66 1
1984 66 1
3059 66 1
4135 66 1
641 66 1
4898 66 1
85 66 1
977 66 1
2109 66 1
2585 66 1
9 66 1
3841 66 1
652 66 1
278 66 1
1127 66 1
1608 66 1
4 66 1
2492 66 1
560 66 1
2757 66 1
898 66 1
1189 66 1
381 66 1
5 66 1
186 66 1
98 66 1
1376 66 1
1103 66 1
624 66 1
16 66 1
3874 66 1
4868 66 1
4063 66 1
3355 66 1
2531 66 1
281 66 1
1217 66 1
3352 66 1
4481 66 1
71 66 1
8 66 1
1507 66 1
973 66 1
1238 66 1
47 66 1
636 66 1
1398 66 1
2339 66 1
1169 66 1
71 66 1
1614 66 1
2457 66 1
711 66 1
4076 66 1
560 66 1
997 66 1
303 66 1
1451 66 1
1799 66 1
2225 66 1
184 66 1
3545 66 1
73 66 1
1153 66 1
4748 66 1
34 66 1
1435 66 1
127 66 1
1180 66 1
1729 66 1
1422 66 1
22 66 1
2005 66 1
67 66 1
2181 66 1
3247 66 1
245 66 1
4576 66 1
715 66 1
4777 66 1
2109 66 1
31 66 1
4955 66 1
2421 66 1
4867 66 1
1139 66 1
1333 66 1
3441 66 1
791 66 1
62 66 1
4252 66 1
621 66 1
3159 66 1
191 66 1
1415 66 1
23 66 1
2439 66 1
3641 66 1
19 66 1
4 66 1
573 66 1
802 66 1
2453 66 1
480 66 1
470 66 1
1347 66 1
111 66 1
1416 66 1
2734 66 1
108 66 1
3169 66 1
1 66 1
512 66 1
887 66 1
3430 66 1
3372 66 1
4117 66 1
3536 66 1
1060 66 1
2687 66 1
4334 66 1
1956 66 1
141 66 1
285 66 1
7 66 1
165 66 1
4026 66 1
1980 66 1
3836 66 1
4215 66 1
30 66 1
69 66 1
3540 66 1
2775 66 1
1823 66 1
768 66 1
1069 66 1
261 66 1
6 66 1
197 66 1
2044 66 1
2456 66 1
4196 66 1
2537 66 1
488 66 1
4110 66 1
1 66 1
1518 66 1
4023 66 1
1921 66 1
3424 66 1
927 66 1
3134 66 1
0 66 1
1214 66 1
1068 66 1
3118 66 1
1131 66 1
48 66 1
1 66 1
31 66 1
2668 66 1
3517 66 1
2798 66 1
1902 66 1
556 66 1
709 66 1
2807 66 1
199 66 1
2592 66 1
1058 66 1
71 66 1
4304 66 1
2956 66 1
1509 66 1
4365 66 1
1614 66 1
51 66 1
592 66 1
109 66 1
220 66 1
2700 66 1
8 66 1
1454 66 1
755 66 1
40 66 1
2875 66 1
3789 66 1
80 66 1
4705 66 1
440 66 1
439 66 1
1 66 1
250 66 1
190 66 1
3324 66 1
1241 66 1
423 66 1
4472 66 1
701 66 1
4402 66 1
274 66 1
3 66 1
2841 66 1
317 66 1
944 66 1
25 66 1
305 66 1
1367 66 1
46 66 1
650 66 1
18 66 1
3895 66 1
1751 66 1
1259 66 1
3825 66 1
1231 66 1
2493 66 1
1258 66 1
480 66 1
852 66 1
958 66 1
70 66 1
102 66 1
1018 66 1
118 66 1
1323 66 1
76 66 1
4541 66 1
105 66 1
1641 66 1
2970 66 1
283 66 1
140 66 1
107 66 1
2299 66 1
56 66 1
2031 66 1
8 66 1
2478 66 1
833 66 1
713 66 1
133 66 1
1028 66 1
1845 66 1
281 66 1
665 66 1
4801 66 1
3103 66 1
4751 66 1
881 66 1
2021 66 1
573 66 1
1944 66 1
14 66 1
366 66 1
886 66 1
739 66 1
66 66 1
330 66 1
4508 66 1
1847 66 1
2561 66 1
232 66 1
3998 66 1
1630 66 1
578 66 1
8 66 1
263 66 1
2958 66 1
1808 66 1
1932 66 1
141 66 1
2405 66 1
4129 66 1
3775 66 1
2573 66 1
2542 66 1
4881 66 1
96 66 1
5 66 1
4909 66 1
706 66 1
3 66 1
96 66 1
1133 66 1
697 66 1
2279 66 1
1669 66 1
908 66 1
400 66 1
115 66 1
15 66 1
9 66 1
4564 66 1
1141 66 1
269 66 1
254 66 1
1473 66 1
3809 66 1
1668 66 1
2714 66 1
761 66 1
942 66 1
369 66 1
924 67 1
347 67 1
1350 67 1
588 67 1
11 67 1
1687 67 1
109 67 1
800 67 1
632 67 1
2995 67 1
2177 67 1
480 67 1
9 67 1
225 67 1
776 67 1
213 67 1
1286 67 1
2053 67 1
535 67 1
541 67 1
3590 67 1
200 67 1
850 67 1
156 67 1
1331 67 1
3865 67 1
966 67 1
101 67 1
173 67 1
158 67 1
1312 67 1
3614 67 1
348 67 1
1243 67 1
2035 67 1
490 67 1
2112 67 1
4352 67 1
1199 67 1
4322 67 1
379 67 1
1010 67 1
4637 67 1
4854 67 1
1748 67 1
3412 67 1
8 67 1
51 67 1
2633 67 1
78 67 1
250 67 1
3481 67 1
2077 67 1
2404 67 1
1 67 1
4559 67 1
1822 67 1
22 67 1
487 67 1
899 67 1
3065 67 1
3960 67 1
848 67 1
548 67 1
3311 67 1
2279 67 1
111 67 1
4647 67 1
293 67 1
4233 67 1
2473 67 1
2446 67 1
1818 67 1
2602 67 1
2917 67 1
0 67 1
604 67 1
2372 67 1
4 67 1
76 67 1
151 67 1
4300 67 1
305 67 1
1152 67 1
3072 67 1
14 67 1
1205 67 1
4111 67 1
79 67 1
1495 67 1
469 67 1
198 67 1
943 67 1
6 67 1
681 67 1
2643 67 1
179 67 1
4900 67 1
3356 67 1
630 67 1
4448 67 1
1759 67 1
147 67 1
4977 67 1
1474 67 1
1563 67 1
703 67 1
198 67 1
4377 67 1
2282 67 1
2876 67 1
3296 67 1
4164 67 1
188 67 1
1902 67 1
52 67 1
4706 67 1
4550 67 1
2047 67 1
194 67 1
1032 67 1
444 67 1
105 67 1
1085 67 1
345 67 1
1472 67 1
700 67 1
2605 67 1
510 67 1
3157 67 1
3543 67 1
1620 67 1
6 67 1
185 67 1
3987 67 1
20 67 1
1506 67 1
333 67 1
239 67 1
4037 67 1
1477 67 1
57 67 1
331 67 1
44 67 1
1020 67 1
2783 67 1
60 67 1
10 67 1
1845 67 1
1954 67 1
112 67 1
4314 67 1
1004 67 1
7 67 1
2631 67 1
3216 67 1
2278 67 1
648 67 1
3534 67 1
660 67 1
2953 67 1
184 67 1
839 67 1
99 67 1
1981 67 1
4214 67 1
1362 67 1
97 67 1
2842 67 1
46 67 1
4680 67 1
1852 67 1
278 67 1
132 67 1
30 67 1
2318 67 1
1707 67 1
457 67 1
3157 67 1
941 67 1
2384 67 1
3943 67 1
4165 67 1
1610 67 1
4553 67 1
876 67 1
3478 67 1
775 67 1
29 67 1
2858 67 1
2093 67 1
911 67 1
441 67 1
14 67 1
1772 67 1
623 67 1
3314 67 1
1 67 1
1730 67 1
162 67 1
3157 67 1
3461 67 1
4374 67 1
565 67 1
2140 67 1
729 67 1
2438 67 1
2261 67 1
0 67 1
707 67 1
19 67 1
703 67 1
1011 67 1
1946 67 1
290 67 1
98 67 1
0 67 1
372 67 1
4046 67 1
356 67 1
2220 67 1
1243 67 1
3434 67 1
1954 67 1
1676 67 1
3455 67 1
108 67 1
3667 67 1
18 67 1
2585 67 1
2467 67 1
73 67 1
4468 67 1
385 67 1
743 67 1
440 67 1
44 67 1
0 67 1
4437 67 1
1830 67 1
831 67 1
93 67 1
49 67 1
4 67 1
57 67 1
845 67 1
187 67 1
2700 67 1
2 67 1
184 67 1
44 67 1
784 67 1
323 67 1
92 67 1
1939 67 1
632 67 1
2348 67 1
674 67 1
1627 67 1
268 67 1
359 67 1
2033 67 1
0 67 1
990 67 1
4671 67 1
1693 67 1
3072 67 1
2043 67 1
2429 67 1
695 67 1
3789 67 1
695 67 1
1236 67 1
696 67 1
1950 67 1
817 67 1
3792 67 1
513 67 1
61 67 1
862 67 1
1486 67 1
1082 67 1
10 67 1
26 67 1
2644 67 1
891 67 1
782 67 1
1297 67 1
3537 67 1
900 67 1
3006 67 1
347 67 1
933 67 1
183 67 1
3658 67 1
456 67 1
15 67 1
406 67 1
1989 67 1
98 67 1
1545 67 1
39 67 1
3878 67 1
58 67 1
2583 67 1
743 67 1
3 67 1
118 67 1
4166 67 1
1447 67 1
2861 67 1
171 67 1
1954 67 1
2667 67 1
1329 67 1
771 67 1
562 67 1
614 67 1
2532 67 1
1470 67 1
245 67 1
375 67 1
4513 67 1
1562 67 1
4598 67 1
3757 67 1
4432 67 1
791 67 1
3913 67 1
1625 67 1
1433 67 1
1246 67 1
471 67 1
135 67 1
132 67 1
61 67 1
681 67 1
1021 67 1
3252 67 1
707 67 1
547 67 1
4234 67 1
781 67 1
230 67 1
166 67 1
2534 68 1
4202 68 1
1497 68 1
1594 68 1
2075 68 1
1706 68 1
1152 68 1
3501 68 1
1657 68 1
2430 68 1
4005 68 1
1811 68 1
2949 68 1
0 68 1
87 68 1
513 68 1
1501 68 1
2417 68 1
1580 68 1
2213 68 1
355 68 1
2968 68 1
1760 68 1
1329 68 1
4863 68 1
2364 68 1
715 68 1
3747 68 1
4626 68 1
2349 68 1
1665 68 1
2708 68 1
1321 68 1
4820 68 1
145 68 1
214 68 1
767 68 1
166 68 1
2070 68 1
2028 68 1
73 68 1
1928 68 1
1633 68 1
416 68 1
299 68 1
780 68 1
2545 68 1
4968 68 1
4376 68 1
3884 68 1
4181 68 1
359 68 1
1081 68 1
651 68 1
3345 68 1
164 68 1
2647 68 1
4605 68 1
1567 68 1
154 68 1
197 68 1
165 68 1
200 68 1
3788 68 1
2750 68 1
2165 68 1
4416 68 1
3193 68 1
959 68 1
53 68 1
830 68 1
1181 68 1
954 68 1
2508 68 1
919 68 1
603 68 1
227 68 1
2768 68 1
0 68 1
556 68 1
1609 68 1
1628 68 1
4454 68 1
784 68 1
268 68 1
4677 68 1
2942 68 1
739 68 1
4905 68 1
2441 68 1
337 68 1
1373 68 1
2715 68 1
1404 68 1
698 68 1
16 68 1
70 68 1
2361 68 1
1031 68 1
188 68 1
3416 68 1
1469 68 1
0 68 1
334 68 1
1937 68 1
2 68 1
3003 68 1
67 68 1
2067 68 1
2411 68 1
400 68 1
4947 68 1
123 68 1
2631 68 1
3620 68 1
4275 68 1
3779 68 1
559 68 1
1644 68 1
2057 68 1
288 68 1
529 68 1
3756 68 1
496 68 1
688 68 1
646 68 1
1230 68 1
4692 68 1
4198 68 1
115 68 1
4 68 1
1685 68 1
829 68 1
724 68 1
3875 68 1
55 68 1
1983 68 1
2060 68 1
4744 68 1
4115 68 1
118 68 1
2494 68 1
0 68 1
36 68 1
1593 68 1
50 68 1
3327 68 1
2565 68 1
1658 68 1
3934 68 1
1222 68 1
3871 68 1
3847 68 1
2710 68 1
140 68 1
508 68 1
273 68 1
5 68 1
68 68 1
645 68 1
120 68 1
3987 68 1
1943 68 1
756 68 1
3765 68 1
65 68 1
3359 68 1
777 68 1
678 68 1
4302 68 1
1770 68 1
2282 68 1
3294 68 1
1176 68 1
4512 68 1
963 68 1
1689 68 1
96 68 1
360 68 1
4513 68 1
4332 68 1
173 68 1
2212 68 1
19 68 1
132 68 1
113 68 1
198 68 1
11 68 1
2678 68 1
2572 68 1
1348 68 1
4475 68 1
3740 68 1
829 68 1
22 68 1
862 68 1
3396 68 1
5 68 1
1578 68 1
1803 68 1
157 68 1
1108 68 1
38 68 1
9 68 1
3562 68 1
13 68 1
2058 68 1
2901 68 1
1650 68 1
618 68 1
763 68 1
489 68 1
1675 68 1
861 68 1
2921 68 1
156 68 1
2 68 1
117 68 1
3191 68 1
3377 68 1
169 68 1
36 68 1
2701 68 1
3288 68 1
1227 68 1
330 68 1
611 68 1
1088 68 1
317 68 1
866 68 1
125 68 1
2693 68 1
17 68 1
2161 68 1
236 68 1
4316 68 1
2133 68 1
3773 68 1
2082 68 1
3325 68 1
4150 68 1
879 68 1
334 68 1
2907 68 1
1124 68 1
2929 68 1
2162 68 1
8 68 1
2721 68 1
193 68 1
4773 68 1
2745 68 1
1655 68 1
2402 68 1
4028 68 1
1803 68 1
4850 68 1
1124 68 1
2656 68 1
4828 68 1
17 68 1
559 68 1
2036 68 1
2479 68 1
415 68 1
1533 68 1
749 68 1
2807 68 1
697 68 1
4938 68 1
1920 68 1
2347 68 1
3211 68 1
1627 68 1
4431 68 1
74 68 1
36 68 1
296 68 1
180 68 1
2334 68 1
2085 68 1
13 68 1
1086 68 1
3067 68 1
2398 68 1
2350 68 1
3096 68 1
605 68 1
3507 68 1
4262 68 1
3273 68 1
874 68 1
86 68 1
4539 68 1
1033 68 1
1261 68 1
263 68 1
1315 68 1
322 68 1
3893 68 1
515 68 1
1045 68 1
4569 68 1
1217 68 1
312 68 1
3929 68 1
1403 68 1
4807 68 1
526 68 1
2167 68 1
29 68 1
438 68 1
1054 68 1
479 68 1
1413 68 1
3925 68 1
846 68 1
239 68 1
2219 68 1
4359 68 1
1904 68 1
4169 68 1
3698 68 1
2136 68 1
1448 68 1
2706 68 1
1343 68 1
328 68 1
661 68 1
3967 68 1
17 68 1
2298 68 1
598 68 1
68 68 1
2302 68 1
1301 68 1
3979 68 1
3849 68 1
913 68 1
2281 68 1
4411 68 1
304 68 1
3945 68 1
4274 68 1
1619 68 1
4734 69 1
3522 69 1
13 69 1
186 69 1
3949 69 1
132 69 1
1426 69 1
2951 69 1
308 69 1
553 69 1
534 69 1
219 69 1
3225 69 1
597 69 1
28 69 1
99 69 1
29 69 1
1162 69 1
3149 69 1
3916 69 1
413 69 1
1063 69 1
301 69 1
3349 69 1
350 69 1
130 69 1
1809 69 1
148 69 1
1 69 1
176 69 1
4818 69 1
52 69 1
2152 69 1
1299 69 1
2749 69 1
293 69 1
627 69 1
4462 69 1
587 69 1
922 69 1
3136 69 1
3968 69 1
160 69 1
1496 69 1
96 69 1
189 69 1
1019 69 1
4788 69 1
1780 69 1
2753 69 1
3874 69 1
124 69 1
13 69 1
4213 69 1
3748 69 1
257 69 1
3889 69 1
2292 69 1
1549 69 1
1896 69 1
247 69 1
1055 69 1
102 69 1
4 69 1
439 69 1
2265 69 1
2592 69 1
924 69 1
3808 69 1
163 69 1
3905 69 1
350 69 1
358 69 1
3781 69 1
205 69 1
139 69 1
647 69 1
147 69 1
11 69 1
1087 69 1
1673 69 1
1894 69 1
3433 69 1
3320 69 1
1015 69 1
12 69 1
18 69 1
282 69 1
4641 69 1
2264 69 1
2 69 1
39 69 1
3169 69 1
4853 69 1
2515 69 1
158 69 1
1940 69 1
49 69 1
955 69 1
2179 69 1
465 69 1
2162 69 1
2099 69 1
2628 69 1
2405 69 1
3776 69 1
1545 69 1
292 69 1
566 69 1
1888 69 1
727 69 1
4907 69 1
1504 69 1
1471 69 1
1126 69 1
4805 69 1
851 69 1
41 69 1
402 69 1
2192 69 1
31 69 1
2380 69 1
4139 69 1
2834 69 1
4192 69 1
203 69 1
4103 69 1
1136 69 1
3016 69 1
2058 69 1
703 69 1
1246 69 1
324 69 1
1789 69 1
1176 69 1
4959 69 1
920 69 1
1411 69 1
2646 69 1
4313 69 1
445 69 1
0 69 1
1106 69 1
1438 69 1
2420 69 1
1573 69 1
3724 69 1
49 69 1
1475 69 1
1 69 1
267 69 1
154 69 1
52 69 1
2548 69 1
506 69 1
9 69 1
2607 69 1
1327 69 1
530 69 1
4239 69 1
287 69 1
145 69 1
3451 69 1
3176 69 1
336 69 1
1257 69 1
1385 69 1
811 69 1
1299 69 1
2036 69 1
208 69 1
319 69 1
2548 69 1
3155 69 1
2395 69 1
299 69 1
0 69 1
820 69 1
2446 69 1
3261 69 1
4719 69 1
305 69 1
2133 69 1
2800 69 1
861 69 1
1451 69 1
221 69 1
550 69 1
641 69 1
3337 69 1
4081 69 1
759 69 1
3823 69 1
2736 69 1
2063 69 1
48 69 1
0 69 1
108 69 1
343 69 1
3099 69 1
4512 69 1
44 69 1
4718 69 1
111 69 1
18 69 1
153 69 1
3937 69 1
341 69 1
503 69 1
2600 69 1
3163 69 1
224 69 1
1350 69 1
130 69 1
595 69 1
2332 69 1
3106 69 1
4247 69 1
351 69 1
9 69 1
727 69 1
998 69 1
493 69 1
3554 69 1
403 69 1
1326 69 1
3090 69 1
13 69 1
3178 69 1
79 69 1
1835 69 1
310 69 1
188 69 1
3010 69 1
689 69 1
579 69 1
917 69 1
4 69 1
479 69 1
2284 69 1
3526 69 1
1715 69 1
1658 69 1
2843 69 1
2311 69 1
4082 69 1
4 69 1
3629 69 1
418 69 1
2204 69 1
29 69 1
2376 69 1
7 69 1
1913 69 1
1533 69 1
2097 69 1
1573 69 1
457 69 1
1420 69 1
787 69 1
4807 69 1
430 69 1
3131 69 1
30 69 1
2548 69 1
107 69 1
4928 69 1
274 69 1
2278 69 1
1940 69 1
1 69 1
4923 69 1
86 69 1
42 69 1
531 69 1
113 69 1
4298 69 1
0 69 1
524 69 1
2703 69 1
1963 69 1
4805 69 1
810 69 1
183 69 1
4123 69 1
682 69 1
1650 69 1
1456 69 1
4929 69 1
663 69 1
1112 69 1
2975 69 1
1040 69 1
6 69 1
2560 69 1
37 69 1
3739 69 1
3021 69 1
808 69 1
1861 69 1
72 69 1
684 69 1
5 69 1
1268 69 1
3739 69 1
4161 69 1
1570 69 1
4471 69 1
1395 69 1
2466 69 1
3226 69 1
1 69 1
4611 69 1
845 69 1
109 69 1
403 69 1
808 69 1
446 69 1
1316 69 1
137 69 1
3491 69 1
3775 69 1
259 69 1
586 69 1
2393 69 1
4 69 1
1746 69 1
235 69 1
1708 69 1
1963 69 1
4897 69 1
1112 69 1
3927 69 1
63 69 1
4170 69 1
357 69 1
840 69 1
1863 69 1
923 69 1
3601 69 1
1035 69 1
1233 69 1
64 69 1
137 69 1
3009 69 1
1391 70 1
1703 70 1
1396 70 1
3372 70 1
1536 70 1
1053 70 1
3716 70 1
3363 70 1
1121 70 1
855 70 1
1333 70 1
1036 70 1
306 70 1
4665 70 1
144 70 1
2530 70 1
3255 70 1
2537 70 1
676 70 1
1002 70 1
1190 70 1
482 70 1
16 70 1
2844 70 1
97 70 1
1671 70 1
2135 70 1
33 70 1
1783 70 1
4148 70 1
3378 70 1
4008 70 1
3037 70 1
2853 70 1
2697 70 1
1661 70 1
278 70 1
2699 70 1
232 70 1
4381 70 1
1288 70 1
576 70 1
4261 70 1
3271 70 1
395 70 1
518 70 1
373 70 1
1921 70 1
944 70 1
459 70 1
2959 70 1
3626 70 1
672 70 1
2005 70 1
349 70 1
378 70 1
95 70 1
195 70 1
2651 70 1
3846 70 1
2267 70 1
1784 70 1
2648 70 1
100 70 1
4232 70 1
219 70 1
4422 70 1
38 70 1
3936 70 1
1104 70 1
12 70 1
4345 70 1
4237 70 1
2949 70 1
13 70 1
2474 70 1
961 70 1
1149 70 1
33 70 1
4595 70 1
226 70 1
4856 70 1
0 70 1
189 70 1
4509 70 1
74 70 1
53 70 1
1270 70 1
279 70 1
206 70 1
332 70 1
2656 70 1
2281 70 1
4082 70 1
511 70 1
4115 70 1
109 70 1
121 70 1
2742 70 1
1076 70 1
244 70 1
2781 70 1
417 70 1
338 70 1
1061 70 1
2427 70 1
3014 70 1
3858 70 1
360 70 1
464 70 1
273 70 1
2250 70 1
3964 70 1
1025 70 1
2137 70 1
2590 70 1
521 70 1
2891 70 1
1209 70 1
3843 70 1
2347 70 1
2189 70 1
4028 70 1
4934 70 1
1559 70 1
1620 70 1
1795 70 1
1436 70 1
60 70 1
169 70 1
210 70 1
338 70 1
3088 70 1
1356 70 1
810 70 1
87 70 1
3825 70 1
207 70 1
2626 70 1
881 70 1
1484 70 1
38 70 1
139 70 1
1228 70 1
193 70 1
151 70 1
1455 70 1
1431 70 1
3386 70 1
3544 70 1
1990 70 1
80 70 1
3799 70 1
218 70 1
502 70 1
141 70 1
4604 70 1
3861 70 1
4215 70 1
243 70 1
4771 70 1
329 70 1
567 70 1
158 70 1
365 70 1
118 70 1
397 70 1
602 70 1
24 70 1
2672 70 1
1850 70 1
650 70 1
2148 70 1
128 70 1
1674 70 1
661 70 1
1343 70 1
5 70 1
457 70 1
7 70 1
244 70 1
2219 70 1
184 70 1
1417 70 1
2156 70 1
60 70 1
170 70 1
3919 70 1
290 70 1
3776 70 1
1158 70 1
48 70 1
349 70 1
7 70 1
3373 70 1
3639 70 1
9 70 1
2858 70 1
3819 70 1
2053 70 1
3763 70 1
54 70 1
3 70 1
4479 70 1
11 70 1
4925 70 1
4581 70 1
985 70 1
2854 70 1
2390 70 1
2302 70 1
716 70 1
3524 70 1
2129 70 1
280 70 1
859 70 1
413 70 1
3499 70 1
341 70 1
2884 70 1
363 70 1
3249 70 1
1942 70 1
3521 70 1
376 70 1
1524 70 1
3503 70 1
417 70 1
3521 70 1
67 70 1
395 70 1
1027 70 1
680 70 1
3354 70 1
1968 70 1
159 70 1
33 70 1
3470 70 1
2732 70 1
397 70 1
2393 70 1
463 70 1
1496 70 1
29 70 1
4881 70 1
3317 70 1
929 70 1
1 70 1
3185 70 1
4946 70 1
1817 70 1
4348 70 1
1781 70 1
1527 70 1
1596 70 1
144 70 1
2910 70 1
1257 70 1
4832 70 1
298 70 1
3431 70 1
231 70 1
1361 70 1
31 70 1
71 70 1
2792 70 1
3922 70 1
3304 70 1
1329 70 1
4008 70 1
668 70 1
2604 70 1
1262 70 1
256 70 1
3791 70 1
1335 70 1
1109 70 1
659 70 1
3211 70 1
3591 70 1
895 70 1
67 70 1
146 70 1
3688 70 1
204 70 1
171 70 1
191 70 1
938 70 1
1283 70 1
14 70 1
527 70 1
92 70 1
0 70 1
2324 70 1
4927 70 1
3736 70 1
2054 70 1
907 70 1
2652 70 1
0 70 1
46 70 1
228 70 1
984 70 1
4129 70 1
723 70 1
2 70 1
4857 70 1
1589 70 1
72 70 1
1972 70 1
3315 70 1
2470 70 1
653 70 1
169 70 1
1935 70 1
469 70 1
390 70 1
3184 70 1
345 70 1
1314 70 1
473 70 1
60 70 1
171 70 1
0 70 1
622 70 1
585 70 1
282 70 1
174 70 1
911 70 1
827 70 1
718 70 1
312 70 1
2443 70 1
2849 70 1
92 70 1
4318 70 1
1673 70 1
27 70 1
2153 70 1
4255 70 1
3723 70 1
624 70 1
974 70 1
1884 70 1
2535 70 1
455 71 1
3732 71 1
1148 71 1
1992 71 1
3376 71 1
493 71 1
706 71 1
838 71 1
2705 71 1
3643 71 1
3368 71 1
4018 71 1
1730 71 1
37 71 1
4974 71 1
3618 71 1
347 71 1
89 71 1
962 71 1
785 71 1
2234 71 1
2943 71 1
1592 71 1
1797 71 1
121 71 1
2317 71 1
470 71 1
4009 71 1
2658 71 1
855 71 1
3519 71 1
1351 71 1
3952 71 1
429 71 1
65 71 1
586 71 1
382 71 1
1931 71 1
3519 71 1
292 71 1
4049 71 1
5 71 1
884 71 1
492 71 1
181 71 1
2908 71 1
251 71 1
810 71 1
177 71 1
528 71 1
555 71 1
258 71 1
780 71 1
3092 71 1
852 71 1
2685 71 1
325 71 1
1561 71 1
3931 71 1
143 71 1
3453 71 1
70 71 1
932 71 1
2371 71 1
4291 71 1
2375 71 1
4760 71 1
2537 71 1
2357 71 1
3672 71 1
568 71 1
294 71 1
12 71 1
785 71 1
145 71 1
1179 71 1
3170 71 1
47 71 1
18 71 1
719 71 1
891 71 1
1 71 1
368 71 1
817 71 1
3448 71 1
636 71 1
402 71 1
215 71 1
1378 71 1
3195 71 1
303 71 1
505 71 1
4646 71 1
16 71 1
215 71 1
944 71 1
2778 71 1
162 71 1
651 71 1
2407 71 1
2289 71 1
720 71 1
1857 71 1
642 71 1
31 71 1
4925 71 1
2445 71 1
1585 71 1
1792 71 1
64 71 1
11 71 1
4284 71 1
2759 71 1
1679 71 1
811 71 1
605 71 1
1735 71 1
4068 71 1
4457 71 1
1208 71 1
3733 71 1
865 71 1
60 71 1
739 71 1
3639 71 1
80 71 1
3148 71 1
161 71 1
187 71 1
137 71 1
752 71 1
296 71 1
204 71 1
1200 71 1
4390 71 1
4512 71 1
631 71 1
2821 71 1
3519 71 1
2482 71 1
323 71 1
3821 71 1
97 71 1
4835 71 1
1333 71 1
2445 71 1
185 71 1
1915 71 1
4613 71 1
3309 71 1
468 71 1
2985 71 1
18 71 1
3048 71 1
3644 71 1
871 71 1
1478 71 1
9 71 1
1726 71 1
2234 71 1
357 71 1
455 71 1
1961 71 1
205 71 1
206 71 1
2051 71 1
12 71 1
2620 71 1
78 71 1
23 71 1
1563 71 1
333 71 1
3077 71 1
4 71 1
3138 71 1
692 71 1
4838 71 1
4704 71 1
2926 71 1
2203 71 1
506 71 1
1811 71 1
3921 71 1
2089 71 1
1195 71 1
2104 71 1
2104 71 1
2597 71 1
2890 71 1
4 71 1
59 71 1
115 71 1
2399 71 1
660 71 1
56 71 1
2063 71 1
2366 71 1
944 71 1
3038 71 1
93 71 1
109 71 1
4078 71 1
233 71 1
1400 71 1
16 71 1
2816 71 1
166 71 1
2002 71 1
28 71 1
1338 71 1
4 71 1
1512 71 1
1423 71 1
2898 71 1
1562 71 1
386 71 1
0 71 1
9 71 1
3013 71 1
478 71 1
402 71 1
4583 71 1
4843 71 1
1311 71 1
1520 71 1
772 71 1
329 71 1
62 71 1
1871 71 1
838 71 1
1133 71 1
1408 71 1
4632 71 1
33 71 1
535 71 1
224 71 1
177 71 1
3277 71 1
29 71 1
3111 71 1
2767 71 1
4371 71 1
2646 71 1
304 71 1
143 71 1
676 71 1
1937 71 1
1989 71 1
1869 71 1
1711 71 1
4319 71 1
729 71 1
3602 71 1
821 71 1
1545 71 1
2298 71 1
30 71 1
140 71 1
3288 71 1
586 71 1
4921 71 1
20 71 1
1290 71 1
3673 71 1
1847 71 1
3491 71 1
4003 71 1
9 71 1
27 71 1
13 71 1
19 71 1
1668 71 1
3480 71 1
22 71 1
3287 71 1
369 71 1
336 71 1
2241 71 1
38 71 1
1972 71 1
840 71 1
340 71 1
75 71 1
595 71 1
1049 71 1
987 71 1
251 71 1
92 71 1
51 71 1
2835 71 1
3990 71 1
302 71 1
3616 71 1
2287 71 1
1504 71 1
1052 71 1
1830 71 1
1199 71 1
770 71 1
1653 71 1
1416 71 1
2283 71 1
3240 71 1
364 71 1
1159 71 1
508 71 1
1648 71 1
2325 71 1
32 71 1
2554 71 1
4941 71 1
511 71 1
1670 71 1
1259 71 1
182 71 1
1795 71 1
2718 71 1
56 71 1
4895 71 1
104 71 1
891 71 1
320 71 1
784 71 1
118 71 1
140 71 1
1577 71 1
9 71 1
0 71 1
2148 71 1
678 71 1
1936 71 1
524 71 1
2393 71 1
232 71 1
3747 71 1
52 71 1
553 71 1
4721 71 1
855 71 1
687 71 1
2917 71 1
1891 71 1
428 71 1
24 71 1
108 71 1
2501 72 1
886 72 1
375 72 1
1034 72 1
359 72 1
4714 72 1
1186 72 1
1711 72 1
4609 72 1
155 72 1
155 72 1
2886 72 1
2111 72 1
47 72 1
206 72 1
2175 72 1
1428 72 1
3135 72 1
3550 72 1
736 72 1
3862 72 1
3650 72 1
67 72 1
532 72 1
1813 72 1
591 72 1
292 72 1
2 72 1
4987 72 1
0 72 1
2086 72 1
150 72 1
232 72 1
4967 72 1
615 72 1
2755 72 1
723 72 1
28 72 1
1064 72 1
2711 72 1
2777 72 1
4 72 1
168 72 1
193 72 1
2440 72 1
1342 72 1
3235 72 1
129 72 1
2142 72 1
1670 72 1
681 72 1
59 72 1
2567 72 1
356 72 1
4532 72 1
327 72 1
2404 72 1
1450 72 1
24 72 1
1683 72 1
867 72 1
127 72 1
289 72 1
30 72 1
1085 72 1
1509 72 1
2274 72 1
787 72 1
563 72 1
2210 72 1
2775 72 1
434 72 1
446 72 1
2828 72 1
3649 72 1
326 72 1
1724 72 1
3384 72 1
1 72 1
3259 72 1
2440 72 1
381 72 1
1414 72 1
1694 72 1
630 72 1
2730 72 1
31 72 1
1985 72 1
3567 72 1
3407 72 1
223 72 1
4641 72 1
2862 72 1
3303 72 1
1 72 1
835 72 1
103 72 1
126 72 1
25 72 1
1178 72 1
14 72 1
1107 72 1
12 72 1
4851 72 1
21 72 1
2775 72 1
13 72 1
317 72 1
4368 72 1
65 72 1
1000 72 1
11 72 1
370 72 1
387 72 1
61 72 1
1777 72 1
1252 72 1
3698 72 1
1670 72 1
2383 72 1
1407 72 1
4478 72 1
4454 72 1
1051 72 1
3850 72 1
28 72 1
839 72 1
3111 72 1
82 72 1
294 72 1
2060 72 1
4407 72 1
3743 72 1
10 72 1
0 72 1
4715 72 1
791 72 1
1490 72 1
1890 72 1
3309 72 1
1778 72 1
37 72 1
3140 72 1
2110 72 1
33 72 1
3361 72 1
663 72 1
2419 72 1
2866 72 1
4293 72 1
4529 72 1
0 72 1
3069 72 1
1660 72 1
2405 72 1
11 72 1
1258 72 1
2777 72 1
934 72 1
40 72 1
3579 72 1
1060 72 1
2853 72 1
1493 72 1
2899 72 1
294 72 1
2972 72 1
2508 72 1
161 72 1
979 72 1
2786 72 1
4257 72 1
2157 72 1
1424 72 1
40 72 1
2164 72 1
420 72 1
1129 72 1
1313 72 1
69 72 1
4440 72 1
174 72 1
2381 72 1
1288 72 1
3596 72 1
249 72 1
3485 72 1
3984 72 1
1388 72 1
224 72 1
1940 72 1
112 72 1
2245 72 1
2436 72 1
2725 72 1
467 72 1
192 72 1
24 72 1
976 72 1
12 72 1
1516 72 1
1031 72 1
2 72 1
406 72 1
210 72 1
1595 72 1
3330 72 1
611 72 1
165 72 1
217 72 1
3676 72 1
3961 72 1
1317 72 1
3127 72 1
662 72 1
25 72 1
1120 72 1
1097 72 1
2440 72 1
858 72 1
56 72 1
60 72 1
1367 72 1
4601 72 1
1907 72 1
4648 72 1
341 72 1
401 72 1
4554 72 1
1982 72 1
2524 72 1
2121 72 1
723 72 1
2173 72 1
137 72 1
4573 72 1
1102 72 1
2891 72 1
530 72 1
648 72 1
1647 72 1
179 72 1
81 72 1
367 72 1
0 72 1
2860 72 1
1578 72 1
97 72 1
638 72 1
1197 72 1
0 72 1
961 72 1
864 72 1
1877 72 1
0 72 1
4921 72 1
2303 72 1
3996 72 1
1133 72 1
2130 72 1
684 72 1
3950 72 1
4988 72 1
4637 72 1
162 72 1
26 72 1
1618 72 1
3571 72 1
21 72 1
3895 72 1
1721 72 1
1250 72 1
3599 72 1
2000 72 1
2596 72 1
4714 72 1
156 72 1
46 72 1
987 72 1
202 72 1
4046 72 1
113 72 1
116 72 1
3717 72 1
1815 72 1
1153 72 1
73 72 1
373 72 1
1608 72 1
29 72 1
930 72 1
2584 72 1
28 72 1
183 72 1
3320 72 1
4985 72 1
27 72 1
1841 72 1
1875 72 1
3734 72 1
3356 72 1
67 72 1
491 72 1
4663 72 1
1377 72 1
607 72 1
47 72 1
451 72 1
3044 72 1
27 72 1
1193 72 1
687 72 1
1167 72 1
94 72 1
4 72 1
3165 72 1
67 72 1
6 72 1
43 72 1
240 72 1
1629 72 1
117 72 1
1102 72 1
626 72 1
1322 72 1
1552 72 1
4041 72 1
10 72 1
2918 72 1
273 72 1
2808 72 1
105 72 1
2439 72 1
1395 72 1
656 72 1
2647 72 1
498 72 1
40 72 1
204 72 1
70 72 1
2160 72 1
1800 72 1
1230 72 1
3985 72 1
4861 72 1
89 73 1
383 73 1
4559 73 1
698 73 1
1741 73 1
2105 73 1
3661 73 1
4528 73 1
0 73 1
227 73 1
1897 73 1
1775 73 1
11 73 1
2702 73 1
3266 73 1
82 73 1
3759 73 1
875 73 1
0 73 1
3753 73 1
1891 73 1
4496 73 1
3292 73 1
3919 73 1
2514 73 1
24 73 1
3817 73 1
1806 73 1
1526 73 1
634 73 1
2714 73 1
1776 73 1
1059 73 1
3640 73 1
635 73 1
1015 73 1
208 73 1
164 73 1
2325 73 1
1894 73 1
458 73 1
80 73 1
4107 73 1
943 73 1
2131 73 1
75 73 1
791 73 1
4611 73 1
3387 73 1
2165 73 1
3469 73 1
4859 73 1
47 73 1
4674 73 1
378 73 1
3775 73 1
2615 73 1
3106 73 1
13 73 1
835 73 1
1388 73 1
3739 73 1
1005 73 1
1825 73 1
2448 73 1
1250 73 1
591 73 1
2425 73 1
80 73 1
1645 73 1
1036 73 1
289 73 1
1915 73 1
805 73 1
1641 73 1
2631 73 1
105 73 1
2761 73 1
530 73 1
2707 73 1
480 73 1
1834 73 1
3860 73 1
3729 73 1
1579 73 1
861 73 1
1115 73 1
3072 73 1
2733 73 1
1974 73 1
37 73 1
434 73 1
3151 73 1
814 73 1
4626 73 1
1945 73 1
2094 73 1
12 73 1
16 73 1
60 73 1
79 73 1
46 73 1
72 73 1
2165 73 1
2546 73 1
1222 73 1
3047 73 1
15 73 1
321 73 1
1949 73 1
1 73 1
4729 73 1
2122 73 1
994 73 1
4889 73 1
2804 73 1
231 73 1
4366 73 1
26 73 1
2858 73 1
1311 73 1
0 73 1
326 73 1
102 73 1
2760 73 1
1625 73 1
1943 73 1
402 73 1
3 73 1
3501 73 1
4645 73 1
114 73 1
364 73 1
4366 73 1
3123 73 1
301 73 1
1829 73 1
107 73 1
403 73 1
0 73 1
936 73 1
2319 73 1
1 73 1
119 73 1
3899 73 1
4907 73 1
2209 73 1
3090 73 1
1 73 1
4972 73 1
446 73 1
1836 73 1
1830 73 1
4711 73 1
4083 73 1
339 73 1
595 73 1
344 73 1
3714 73 1
872 73 1
937 73 1
4133 73 1
23 73 1
66 73 1
9 73 1
173 73 1
424 73 1
3629 73 1
2835 73 1
951 73 1
4225 73 1
1671 73 1
712 73 1
4137 73 1
177 73 1
584 73 1
4713 73 1
276 73 1
2856 73 1
198 73 1
0 73 1
4717 73 1
2110 73 1
2118 73 1
2564 73 1
1285 73 1
703 73 1
49 73 1
43 73 1
3420 73 1
3803 73 1
4086 73 1
1546 73 1
218 73 1
3729 73 1
3547 73 1
1032 73 1
22 73 1
9 73 1
2683 73 1
3057 73 1
188 73 1
3329 73 1
423 73 1
2522 73 1
2939 73 1
507 73 1
1215 73 1
225 73 1
1634 73 1
750 73 1
4049 73 1
56 73 1
2802 73 1
1679 73 1
126 73 1
431 73 1
972 73 1
1 73 1
3200 73 1
741 73 1
1 73 1
4962 73 1
2552 73 1
3609 73 1
91 73 1
4828 73 1
1385 73 1
1005 73 1
1873 73 1
1649 73 1
3635 73 1
3144 73 1
207 73 1
4 73 1
1946 73 1
2737 73 1
1191 73 1
2937 73 1
2774 73 1
1606 73 1
311 73 1
2611 73 1
3629 73 1
653 73 1
186 73 1
1337 73 1
537 73 1
610 73 1
12 73 1
2077 73 1
13 73 1
678 73 1
3327 73 1
1059 73 1
648 73 1
2165 73 1
2442 73 1
3461 73 1
45 73 1
587 73 1
98 73 1
140 73 1
3630 73 1
3951 73 1
403 73 1
4335 73 1
701 73 1
505 73 1
167 73 1
6 73 1
2711 73 1
4357 73 1
3406 73 1
2609 73 1
852 73 1
1512 73 1
2265 73 1
172 73 1
4390 73 1
4081 73 1
94 73 1
2124 73 1
2818 73 1
2509 73 1
550 73 1
2394 73 1
550 73 1
4713 73 1
1513 73 1
38 73 1
203 73 1
348 73 1
3375 73 1
774 73 1
4853 73 1
2168 73 1
2621 73 1
69 73 1
4654 73 1
4096 73 1
2538 73 1
645 73 1
4983 73 1
3082 73 1
18 73 1
2858 73 1
2368 73 1
2028 73 1
1538 73 1
215 73 1
333 73 1
27 73 1
2320 73 1
2663 73 1
0 73 1
201 73 1
2871 73 1
77 73 1
1204 73 1
422 73 1
2465 73 1
1130 73 1
2610 73 1
680 73 1
4953 73 1
49 73 1
253 73 1
1345 73 1
843 73 1
1903 73 1
2360 73 1
3881 73 1
1163 73 1
3520 73 1
2239 73 1
324 73 1
3187 73 1
1082 73 1
1560 73 1
923 73 1
4140 73 1
1549 73 1
4664 73 1
2 73 1
331 74 1
1988 74 1
16 74 1
4620 74 1
200 74 1
1903 74 1
1374 74 1
532 74 1
4867 74 1
793 74 1
1578 74 1
3780 74 1
555 74 1
2639 74 1
944 74 1
1870 74 1
3653 74 1
246 74 1
59 74 1
412 74 1
2838 74 1
10 74 1
1442 74 1
3882 74 1
2 74 1
2789 74 1
1606 74 1
573 74 1
2616 74 1
4751 74 1
817 74 1
4488 74 1
2002 74 1
4867 74 1
943 74 1
361 74 1
986 74 1
537 74 1
2107 74 1
19 74 1
427 74 1
541 74 1
8 74 1
260 74 1
172 74 1
3703 74 1
3379 74 1
2819 74 1
2206 74 1
2816 74 1
1734 74 1
78 74 1
4537 74 1
1223 74 1
988 74 1
14 74 1
3181 74 1
2661 74 1
673 74 1
3723 74 1
4515 74 1
463 74 1
766 74 1
664 74 1
5 74 1
241 74 1
1083 74 1
1866 74 1
2137 74 1
1021 74 1
4099 74 1
1565 74 1
863 74 1
394 74 1
426 74 1
3372 74 1
1741 74 1
519 74 1
4037 74 1
2664 74 1
661 74 1
2061 74 1
3112 74 1
4608 74 1
1193 74 1
52 74 1
37 74 1
3579 74 1
3321 74 1
4521 74 1
3144 74 1
4157 74 1
593 74 1
390 74 1
2096 74 1
2193 74 1
307 74 1
2435 74 1
4679 74 1
501 74 1
2338 74 1
2124 74 1
583 74 1
47 74 1
4015 74 1
345 74 1
4753 74 1
4035 74 1
1095 74 1
426 74 1
3416 74 1
972 74 1
3721 74 1
1458 74 1
0 74 1
3503 74 1
3677 74 1
2341 74 1
436 74 1
1887 74 1
4845 74 1
2818 74 1
1477 74 1
126 74 1
1926 74 1
1307 74 1
270 74 1
442 74 1
2492 74 1
2132 74 1
297 74 1
33 74 1
2387 74 1
19 74 1
152 74 1
625 74 1
419 74 1
163 74 1
2388 74 1
3195 74 1
696 74 1
1796 74 1
3379 74 1
795 74 1
1706 74 1
4288 74 1
237 74 1
221 74 1
4806 74 1
325 74 1
34 74 1
2273 74 1
1598 74 1
6 74 1
2553 74 1
4199 74 1
3779 74 1
1290 74 1
1731 74 1
2961 74 1
2574 74 1
3880 74 1
684 74 1
4241 74 1
109 74 1
4 74 1
761 74 1
4146 74 1
3756 74 1
3263 74 1
817 74 1
1685 74 1
4667 74 1
16 74 1
288 74 1
2068 74 1
245 74 1
424 74 1
4894 74 1
448 74 1
1190 74 1
1886 74 1
2811 74 1
12 74 1
676 74 1
1399 74 1
254 74 1
27 74 1
1589 74 1
3933 74 1
3323 74 1
4727 74 1
4002 74 1
242 74 1
3313 74 1
3227 74 1
2521 74 1
1488 74 1
0 74 1
828 74 1
2466 74 1
805 74 1
332 74 1
1376 74 1
366 74 1
3268 74 1
3140 74 1
3963 74 1
4516 74 1
1540 74 1
130 74 1
2726 74 1
960 74 1
1 74 1
3148 74 1
3433 74 1
1110 74 1
367 74 1
1721 74 1
4752 74 1
4471 74 1
15 74 1
40 74 1
160 74 1
4482 74 1
3661 74 1
2316 74 1
1995 74 1
2941 74 1
675 74 1
1278 74 1
2081 74 1
294 74 1
2530 74 1
4712 74 1
18 74 1
2999 74 1
2678 74 1
464 74 1
121 74 1
4785 74 1
4440 74 1
210 74 1
3047 74 1
4560 74 1
61 74 1
4631 74 1
1309 74 1
258 74 1
75 74 1
1912 74 1
4614 74 1
62 74 1
3707 74 1
1439 74 1
2666 74 1
3346 74 1
926 74 1
3810 74 1
2934 74 1
3023 74 1
549 74 1
863 74 1
2348 74 1
286 74 1
3659 74 1
1500 74 1
196 74 1
2359 74 1
283 74 1
1150 74 1
997 74 1
4025 74 1
558 74 1
0 74 1
2069 74 1
579 74 1
1624 74 1
143 74 1
1138 74 1
1534 74 1
2883 74 1
3171 74 1
4123 74 1
2466 74 1
779 74 1
22 74 1
27 74 1
4825 74 1
168 74 1
3065 74 1
259 74 1
1637 74 1
197 74 1
198 74 1
96 74 1
3179 74 1
445 74 1
2296 74 1
484 74 1
14 74 1
1092 74 1
1848 74 1
406 74 1
446 74 1
2060 74 1
1624 74 1
0 74 1
4 74 1
28 74 1
672 74 1
617 74 1
1297 74 1
58 74 1
118 74 1
4964 74 1
3636 74 1
4203 74 1
269 74 1
5 74 1
68 74 1
62 74 1
3407 74 1
19 74 1
2771 74 1
1394 74 1
2130 74 1
15 74 1
4495 74 1
515 74 1
2448 74 1
2917 74 1
3505 74 1
1 74 1
2815 74 1
957 74 1
3158 74 1
2594 74 1
3613 74 1
943 74 1
4588 74 1
4270 74 1
1476 74 1
3022 74 1
3202 74 1
851 75 1
4822 75 1
2394 75 1
43 75 1
1758 75 1
103 75 1
546 75 1
70 75 1
155 75 1
1967 75 1
473 75 1
3688 75 1
295 75 1
2095 75 1
4650 75 1
2282 75 1
0 75 1
4563 75 1
4218 75 1
1356 75 1
640 75 1
337 75 1
2875 75 1
3056 75 1
1510 75 1
1984 75 1
1504 75 1
1117 75 1
20 75 1
2410 75 1
61 75 1
156 75 1
2918 75 1
20 75 1
262 75 1
1066 75 1
2795 75 1
2659 75 1
3750 75 1
4226 75 1
12 75 1
4237 75 1
54 75 1
514 75 1
976 75 1
360 75 1
4865 75 1
3 75 1
93 75 1
2910 75 1
4393 75 1
1058 75 1
2187 75 1
216 75 1
385 75 1
130 75 1
1192 75 1
1916 75 1
216 75 1
284 75 1
1640 75 1
895 75 1
1807 75 1
1730 75 1
1481 75 1
3635 75 1
2178 75 1
1620 75 1
0 75 1
324 75 1
61 75 1
238 75 1
4147 75 1
3509 75 1
3102 75 1
3423 75 1
3037 75 1
3959 75 1
3648 75 1
1121 75 1
4592 75 1
613 75 1
2058 75 1
99 75 1
4685 75 1
4529 75 1
83 75 1
591 75 1
3 75 1
4842 75 1
1689 75 1
1140 75 1
2492 75 1
685 75 1
152 75 1
3513 75 1
3233 75 1
3518 75 1
4607 75 1
913 75 1
1905 75 1
1438 75 1
2179 75 1
207 75 1
3842 75 1
138 75 1
4098 75 1
1008 75 1
8 75 1
2125 75 1
1822 75 1
83 75 1
2058 75 1
1641 75 1
4764 75 1
2767 75 1
1173 75 1
2758 75 1
4481 75 1
110 75 1
4239 75 1
2883 75 1
1012 75 1
259 75 1
119 75 1
260 75 1
4 75 1
415 75 1
398 75 1
2 75 1
1638 75 1
302 75 1
488 75 1
4717 75 1
1735 75 1
4203 75 1
994 75 1
2704 75 1
863 75 1
3957 75 1
854 75 1
785 75 1
1195 75 1
1262 75 1
101 75 1
351 75 1
1514 75 1
223 75 1
4069 75 1
473 75 1
4135 75 1
286 75 1
1038 75 1
3997 75 1
1989 75 1
362 75 1
1032 75 1
2 75 1
113 75 1
1381 75 1
718 75 1
17 75 1
2136 75 1
312 75 1
885 75 1
524 75 1
343 75 1
923 75 1
2592 75 1
1472 75 1
3158 75 1
3010 75 1
1251 75 1
3814 75 1
813 75 1
27 75 1
2805 75 1
1652 75 1
653 75 1
25 75 1
1383 75 1
2159 75 1
332 75 1
2587 75 1
2190 75 1
109 75 1
1137 75 1
912 75 1
0 75 1
2091 75 1
310 75 1
157 75 1
474 75 1
1025 75 1
3037 75 1
149 75 1
4372 75 1
3602 75 1
516 75 1
2974 75 1
2701 75 1
2122 75 1
517 75 1
2012 75 1
1806 75 1
756 75 1
1 75 1
270 75 1
1577 75 1
4417 75 1
152 75 1
44 75 1
853 75 1
3 75 1
886 75 1
2507 75 1
3133 75 1
3148 75 1
2381 75 1
28 75 1
4626 75 1
0 75 1
4139 75 1
344 75 1
2184 75 1
59 75 1
3086 75 1
432 75 1
469 75 1
1215 75 1
2407 75 1
403 75 1
2218 75 1
2590 75 1
58 75 1
80 75 1
1330 75 1
2060 75 1
116 75 1
1135 75 1
2415 75 1
971 75 1
114 75 1
1514 75 1
4915 75 1
19 75 1
1728 75 1
1707 75 1
219 75 1
734 75 1
374 75 1
3341 75 1
2886 75 1
541 75 1
1362 75 1
3311 75 1
12 75 1
550 75 1
4013 75 1
4914 75 1
3259 75 1
585 75 1
2885 75 1
371 75 1
3239 75 1
1267 75 1
1253 75 1
2 75 1
863 75 1
997 75 1
3024 75 1
4143 75 1
1303 75 1
2222 75 1
218 75 1
4229 75 1
190 75 1
2918 75 1
637 75 1
0 75 1
3355 75 1
24 75 1
2214 75 1
592 75 1
211 75 1
1936 75 1
47 75 1
399 75 1
35 75 1
8 75 1
2558 75 1
245 75 1
241 75 1
1094 75 1
2319 75 1
104 75 1
3784 75 1
4452 75 1
247 75 1
119 75 1
3155 75 1
1955 75 1
638 75 1
149 75 1
528 75 1
1696 75 1
960 75 1
1062 75 1
417 75 1
4 75 1
273 75 1
7 75 1
3639 75 1
2161 75 1
95 75 1
991 75 1
800 75 1
3729 75 1
4423 75 1
248 75 1
227 75 1
335 75 1
3419 75 1
2140 75 1
504 75 1
2442 75 1
0 75 1
4214 75 1
3385 75 1
1979 75 1
3495 75 1
48 75 1
1879 75 1
0 75 1
4589 75 1
4254 75 1
4617 75 1
172 75 1
24 75 1
1991 75 1
60 75 1
1392 75 1
3036 75 1
11 75 1
1124 75 1
3762 76 1
4234 76 1
4397 76 1
727 76 1
1954 76 1
2927 76 1
3277 76 1
1151 76 1
62 76 1
612 76 1
1805 76 1
81 76 1
3956 76 1
533 76 1
4803 76 1
7 76 1
41 76 1
1284 76 1
1347 76 1
1564 76 1
752 76 1
710 76 1
200 76 1
368 76 1
1740 76 1
3220 76 1
3441 76 1
2670 76 1
4751 76 1
100 76 1
805 76 1
659 76 1
4316 76 1
1357 76 1
2919 76 1
1485 76 1
2826 76 1
2594 76 1
585 76 1
3966 76 1
20 76 1
2245 76 1
1404 76 1
1 76 1
368 76 1
1040 76 1
36 76 1
18 76 1
875 76 1
3989 76 1
480 76 1
2089 76 1
3750 76 1
2912 76 1
85 76 1
255 76 1
2862 76 1
1265 76 1
4653 76 1
2271 76 1
2625 76 1
4631 76 1
892 76 1
845 76 1
63 76 1
2893 76 1
4914 76 1
1 76 1
24 76 1
4223 76 1
2898 76 1
2792 76 1
77 76 1
4415 76 1
3442 76 1
1141 76 1
4297 76 1
372 76 1
11 76 1
25 76 1
1417 76 1
4961 76 1
2720 76 1
4220 76 1
720 76 1
196 76 1
1825 76 1
3712 76 1
1327 76 1
4314 76 1
41 76 1
1298 76 1
1991 76 1
4526 76 1
697 76 1
2631 76 1
4792 76 1
131 76 1
23 76 1
119 76 1
3768 76 1
17 76 1
1283 76 1
454 76 1
2433 76 1
4855 76 1
3427 76 1
2446 76 1
2207 76 1
4467 76 1
2834 76 1
15 76 1
4001 76 1
4403 76 1
4487 76 1
35 76 1
1717 76 1
18 76 1
3535 76 1
3023 76 1
408 76 1
1928 76 1
224 76 1
1402 76 1
269 76 1
3202 76 1
1198 76 1
4644 76 1
2804 76 1
2913 76 1
958 76 1
0 76 1
2154 76 1
1401 76 1
20 76 1
862 76 1
4207 76 1
2029 76 1
3656 76 1
1692 76 1
513 76 1
2564 76 1
346 76 1
2807 76 1
2850 76 1
576 76 1
327 76 1
33 76 1
136 76 1
254 76 1
2554 76 1
255 76 1
3819 76 1
2338 76 1
92 76 1
4956 76 1
3 76 1
2 76 1
649 76 1
62 76 1
1957 76 1
1201 76 1
3114 76 1
1267 76 1
3607 76 1
290 76 1
4831 76 1
398 76 1
2060 76 1
455 76 1
370 76 1
256 76 1
1762 76 1
1165 76 1
2470 76 1
2732 76 1
2590 76 1
2305 76 1
4901 76 1
59 76 1
4659 76 1
3743 76 1
1965 76 1
2539 76 1
2626 76 1
26 76 1
1027 76 1
3901 76 1
69 76 1
9 76 1
3382 76 1
2794 76 1
499 76 1
3897 76 1
2361 76 1
123 76 1
108 76 1
2683 76 1
4164 76 1
0 76 1
313 76 1
3317 76 1
1983 76 1
250 76 1
4243 76 1
1318 76 1
16 76 1
1771 76 1
268 76 1
32 76 1
0 76 1
1785 76 1
781 76 1
881 76 1
4871 76 1
1976 76 1
1153 76 1
2629 76 1
3163 76 1
401 76 1
133 76 1
3635 76 1
223 76 1
4974 76 1
2678 76 1
4784 76 1
2332 76 1
1166 76 1
2731 76 1
1950 76 1
1600 76 1
1722 76 1
70 76 1
249 76 1
2912 76 1
1183 76 1
906 76 1
938 76 1
4911 76 1
39 76 1
4583 76 1
0 76 1
623 76 1
4430 76 1
1539 76 1
4394 76 1
4656 76 1
1288 76 1
4817 76 1
2847 76 1
1033 76 1
115 76 1
3174 76 1
613 76 1
35 76 1
1449 76 1
1079 76 1
64 76 1
1080 76 1
3118 76 1
3501 76 1
219 76 1
2898 76 1
3176 76 1
1301 76 1
84 76 1
2098 76 1
4235 76 1
2297 76 1
67 76 1
4860 76 1
1067 76 1
59 76 1
1250 76 1
1276 76 1
242 76 1
64 76 1
4666 76 1
2236 76 1
16 76 1
1392 76 1
11 76 1
2 76 1
613 76 1
2583 76 1
3931 76 1
81 76 1
2484 76 1
507 76 1
1055 76 1
316 76 1
10 76 1
3954 76 1
3115 76 1
1246 76 1
84 76 1
1058 76 1
2071 76 1
4431 76 1
1055 76 1
671 76 1
221 76 1
221 76 1
1638 76 1
1723 76 1
683 76 1
4249 76 1
3370 76 1
3952 76 1
326 76 1
2200 76 1
1492 76 1
4221 76 1
352 76 1
3138 76 1
3236 76 1
1408 76 1
262 76 1
2115 76 1
4543 76 1
16 76 1
1093 76 1
1513 76 1
1340 76 1
97 76 1
19 76 1
77 76 1
1389 76 1
98 76 1
68 76 1
1153 76 1
276 76 1
72 76 1
441 76 1
4699 76 1
2397 76 1
916 76 1
1624 76 1
2082 76 1
2145 76 1
5 76 1
1055 76 1
3351 76 1
190 76 1
1545 76 1
703 77 1
4520 77 1
1108 77 1
55 77 1
198 77 1
3411 77 1
4799 77 1
1734 77 1
147 77 1
928 77 1
1953 77 1
698 77 1
2617 77 1
1380 77 1
1730 77 1
1238 77 1
949 77 1
4794 77 1
91 77 1
391 77 1
4325 77 1
659 77 1
1817 77 1
309 77 1
766 77 1
438 77 1
3146 77 1
123 77 1
721 77 1
80 77 1
2161 77 1
2292 77 1
3271 77 1
2232 77 1
2034 77 1
3146 77 1
245 77 1
978 77 1
137 77 1
3088 77 1
56 77 1
572 77 1
280 77 1
249 77 1
1461 77 1
95 77 1
1341 77 1
1419 77 1
21 77 1
3366 77 1
62 77 1
344 77 1
3343 77 1
1149 77 1
1444 77 1
107 77 1
886 77 1
4817 77 1
2935 77 1
1623 77 1
280 77 1
4176 77 1
774 77 1
140 77 1
122 77 1
108 77 1
1096 77 1
70 77 1
582 77 1
424 77 1
4430 77 1
926 77 1
797 77 1
1271 77 1
4420 77 1
799 77 1
2270 77 1
1442 77 1
1719 77 1
951 77 1
4048 77 1
2731 77 1
1552 77 1
43 77 1
3200 77 1
2827 77 1
1486 77 1
3320 77 1
1130 77 1
1616 77 1
0 77 1
0 77 1
3771 77 1
1097 77 1
143 77 1
109 77 1
1991 77 1
2007 77 1
1102 77 1
2909 77 1
2547 77 1
260 77 1
1085 77 1
68 77 1
1306 77 1
1467 77 1
1560 77 1
41 77 1
693 77 1
3366 77 1
231 77 1
2704 77 1
2059 77 1
3251 77 1
185 77 1
992 77 1
4751 77 1
3852 77 1
751 77 1
4813 77 1
388 77 1
2082 77 1
3794 77 1
793 77 1
504 77 1
2166 77 1
3971 77 1
1595 77 1
1291 77 1
579 77 1
3040 77 1
982 77 1
1873 77 1
1974 77 1
4623 77 1
3863 77 1
4548 77 1
89 77 1
4549 77 1
727 77 1
3608 77 1
1 77 1
1128 77 1
1772 77 1
27 77 1
3982 77 1
283 77 1
1950 77 1
2160 77 1
1831 77 1
5 77 1
1544 77 1
1813 77 1
3876 77 1
2150 77 1
37 77 1
1400 77 1
183 77 1
365 77 1
2091 77 1
4817 77 1
1426 77 1
718 77 1
661 77 1
2000 77 1
3225 77 1
4806 77 1
2566 77 1
988 77 1
2604 77 1
1347 77 1
1952 77 1
227 77 1
12 77 1
2648 77 1
1820 77 1
679 77 1
0 77 1
541 77 1
1487 77 1
688 77 1
608 77 1
43 77 1
1520 77 1
3499 77 1
194 77 1
1536 77 1
891 77 1
9 77 1
82 77 1
2921 77 1
440 77 1
790 77 1
525 77 1
1465 77 1
2853 77 1
3476 77 1
4006 77 1
268 77 1
4142 77 1
2196 77 1
2475 77 1
4127 77 1
1052 77 1
3161 77 1
3871 77 1
3941 77 1
664 77 1
3623 77 1
625 77 1
15 77 1
975 77 1
12 77 1
1942 77 1
3120 77 1
1881 77 1
141 77 1
2222 77 1
956 77 1
1396 77 1
4777 77 1
1157 77 1
1976 77 1
342 77 1
1625 77 1
3434 77 1
161 77 1
20 77 1
2043 77 1
3054 77 1
332 77 1
3987 77 1
2154 77 1
524 77 1
22 77 1
41 77 1
1783 77 1
0 77 1
13 77 1
2935 77 1
344 77 1
43 77 1
1937 77 1
392 77 1
771 77 1
469 77 1
14 77 1
109 77 1
24 77 1
972 77 1
2849 77 1
898 77 1
11 77 1
29 77 1
922 77 1
937 77 1
2997 77 1
1 77 1
1735 77 1
3177 77 1
3756 77 1
1053 77 1
41 77 1
2055 77 1
1555 77 1
2529 77 1
1847 77 1
4314 77 1
2536 77 1
679 77 1
1418 77 1
1315 77 1
1954 77 1
2239 77 1
434 77 1
11 77 1
1160 77 1
3602 77 1
248 77 1
4824 77 1
3 77 1
1984 77 1
1402 77 1
896 77 1
871 77 1
15 77 1
598 77 1
362 77 1
1949 77 1
4819 77 1
368 77 1
33 77 1
305 77 1
715 77 1
4383 77 1
943 77 1
111 77 1
26 77 1
1734 77 1
197 77 1
2590 77 1
315 77 1
4614 77 1
1658 77 1
69 77 1
1213 77 1
2023 77 1
290 77 1
3981 77 1
531 77 1
56 77 1
193 77 1
787 77 1
0 77 1
278 77 1
3318 77 1
6 77 1
560 77 1
1134 77 1
349 77 1
363 77 1
1097 77 1
2386 77 1
1940 77 1
2266 77 1
1233 77 1
2073 77 1
673 77 1
568 77 1
539 77 1
1481 77 1
283 77 1
1870 77 1
1838 77 1
1439 77 1
2391 77 1
171 77 1
1855 77 1
300 77 1
3402 77 1
102 77 1
3200 77 1
1075 77 1
517 77 1
3148 77 1
2898 78 1
3234 78 1
2137 78 1
1737 78 1
128 78 1
1 78 1
1223 78 1
4313 78 1
2743 78 1
1368 78 1
70 78 1
4702 78 1
659 78 1
1021 78 1
2536 78 1
3110 78 1
174 78 1
3313 78 1
2360 78 1
827 78 1
2161 78 1
4487 78 1
229 78 1
4537 78 1
22 78 1
863 78 1
691 78 1
10 78 1
509 78 1
193 78 1
2492 78 1
4264 78 1
1684 78 1
36 78 1
188 78 1
1159 78 1
594 78 1
49 78 1
2017 78 1
496 78 1
3050 78 1
1247 78 1
4310 78 1
1353 78 1
4759 78 1
48 78 1
3 78 1
4410 78 1
30 78 1
53 78 1
321 78 1
203 78 1
4867 78 1
4261 78 1
4455 78 1
1430 78 1
2996 78 1
965 78 1
1727 78 1
3686 78 1
135 78 1
4199 78 1
326 78 1
1028 78 1
815 78 1
3516 78 1
87 78 1
1735 78 1
748 78 1
276 78 1
1559 78 1
2957 78 1
1186 78 1
4393 78 1
1579 78 1
4888 78 1
1301 78 1
3316 78 1
4379 78 1
4503 78 1
9 78 1
4032 78 1
140 78 1
4587 78 1
24 78 1
1976 78 1
2446 78 1
2634 78 1
551 78 1
3942 78 1
394 78 1
82 78 1
2178 78 1
3319 78 1
635 78 1
837 78 1
3991 78 1
1926 78 1
352 78 1
2789 78 1
14 78 1
2075 78 1
177 78 1
1068 78 1
2538 78 1
153 78 1
3858 78 1
1940 78 1
70 78 1
4404 78 1
1361 78 1
3019 78 1
1015 78 1
4144 78 1
134 78 1
74 78 1
1806 78 1
309 78 1
3454 78 1
2726 78 1
194 78 1
1200 78 1
2716 78 1
2390 78 1
3706 78 1
1133 78 1
568 78 1
1539 78 1
591 78 1
2091 78 1
2661 78 1
593 78 1
2625 78 1
670 78 1
4961 78 1
2400 78 1
1 78 1
79 78 1
3009 78 1
2139 78 1
4665 78 1
151 78 1
15 78 1
1225 78 1
382 78 1
1977 78 1
2756 78 1
292 78 1
2020 78 1
436 78 1
3856 78 1
591 78 1
699 78 1
1761 78 1
296 78 1
2536 78 1
581 78 1
4186 78 1
230 78 1
2208 78 1
2618 78 1
372 78 1
2973 78 1
4814 78 1
23 78 1
3198 78 1
2428 78 1
1304 78 1
13 78 1
84 78 1
1294 78 1
1641 78 1
1342 78 1
3946 78 1
2582 78 1
2940 78 1
0 78 1
3701 78 1
4541 78 1
2260 78 1
456 78 1
99 78 1
33 78 1
102 78 1
1825 78 1
1306 78 1
3777 78 1
4345 78 1
2310 78 1
1879 78 1
3920 78 1
927 78 1
121 78 1
314 78 1
440 78 1
4128 78 1
642 78 1
2435 78 1
707 78 1
2344 78 1
3226 78 1
2976 78 1
4365 78 1
2615 78 1
11 78 1
4504 78 1
1 78 1
4476 78 1
797 78 1
155 78 1
438 78 1
1336 78 1
2282 78 1
23 78 1
2760 78 1
3116 78 1
156 78 1
81 78 1
3895 78 1
1504 78 1
0 78 1
4270 78 1
3866 78 1
0 78 1
55 78 1
1685 78 1
457 78 1
1164 78 1
1675 78 1
2957 78 1
1405 78 1
2711 78 1
1067 78 1
2821 78 1
153 78 1
1964 78 1
3212 78 1
4026 78 1
597 78 1
30 78 1
1637 78 1
312 78 1
3346 78 1
3201 78 1
154 78 1
1604 78 1
1606 78 1
2904 78 1
0 78 1
1596 78 1
504 78 1
389 78 1
1705 78 1
4353 78 1
42 78 1
915 78 1
44 78 1
2685 78 1
1881 78 1
2337 78 1
1378 78 1
1985 78 1
4519 78 1
201 78 1
1791 78 1
177 78 1
28 78 1
1173 78 1
496 78 1
844 78 1
4528 78 1
1204 78 1
3617 78 1
414 78 1
1938 78 1
1609 78 1
4233 78 1
13 78 1
932 78 1
28 78 1
4084 78 1
79 78 1
1269 78 1
54 78 1
552 78 1
35 78 1
3732 78 1
1446 78 1
1361 78 1
2263 78 1
927 78 1
4391 78 1
2931 78 1
1598 78 1
116 78 1
348 78 1
14 78 1
390 78 1
988 78 1
4974 78 1
2449 78 1
49 78 1
180 78 1
3239 78 1
4347 78 1
1141 78 1
3583 78 1
2405 78 1
3998 78 1
3149 78 1
433 78 1
716 78 1
33 78 1
986 78 1
3571 78 1
926 78 1
2515 78 1
3968 78 1
836 78 1
463 78 1
60 78 1
2478 78 1
41 78 1
1772 78 1
1556 78 1
1 78 1
922 78 1
3103 78 1
2261 78 1
4582 78 1
32 78 1
3770 78 1
2236 78 1
2868 78 1
3640 78 1
2142 78 1
284 78 1
4413 78 1
1550 78 1
515 78 1
39 78 1
100 78 1
757 78 1
3688 78 1
1159 78 1
1935 79 1
4581 79 1
215 79 1
2214 79 1
1202 79 1
1364 79 1
3127 79 1
696 79 1
706 79 1
657 79 1
2929 79 1
1841 79 1
4634 79 1
403 79 1
364 79 1
627 79 1
657 79 1
0 79 1
2096 79 1
394 79 1
875 79 1
7 79 1
1026 79 1
4784 79 1
0 79 1
644 79 1
601 79 1
456 79 1
1095 79 1
81 79 1
883 79 1
3521 79 1
3939 79 1
231 79 1
2004 79 1
1035 79 1
599 79 1
1657 79 1
6 79 1
1775 79 1
273 79 1
3692 79 1
838 79 1
241 79 1
36 79 1
235 79 1
3631 79 1
9 79 1
1673 79 1
16 79 1
299 79 1
1906 79 1
3319 79 1
860 79 1
462 79 1
1654 79 1
1007 79 1
1770 79 1
281 79 1
208 79 1
4145 79 1
1873 79 1
27 79 1
470 79 1
549 79 1
3311 79 1
149 79 1
560 79 1
281 79 1
3164 79 1
1883 79 1
1936 79 1
706 79 1
1869 79 1
587 79 1
3658 79 1
724 79 1
1131 79 1
222 79 1
1130 79 1
392 79 1
2890 79 1
334 79 1
919 79 1
75 79 1
4522 79 1
0 79 1
1 79 1
696 79 1
234 79 1
366 79 1
2061 79 1
2451 79 1
1104 79 1
1130 79 1
1285 79 1
2698 79 1
60 79 1
1170 79 1
2865 79 1
2224 79 1
4402 79 1
6 79 1
4675 79 1
3030 79 1
3994 79 1
419 79 1
2812 79 1
43 79 1
361 79 1
1651 79 1
6 79 1
15 79 1
3364 79 1
718 79 1
886 79 1
597 79 1
2248 79 1
2389 79 1
1516 79 1
0 79 1
2271 79 1
2081 79 1
9 79 1
299 79 1
2440 79 1
2542 79 1
1856 79 1
3203 79 1
3738 79 1
1364 79 1
169 79 1
665 79 1
3893 79 1
3555 79 1
74 79 1
2 79 1
8 79 1
850 79 1
1075 79 1
1935 79 1
65 79 1
280 79 1
3859 79 1
4872 79 1
877 79 1
57 79 1
4217 79 1
1745 79 1
645 79 1
2165 79 1
4572 79 1
7 79 1
4565 79 1
3467 79 1
947 79 1
695 79 1
2638 79 1
1240 79 1
2580 79 1
13 79 1
1009 79 1
1223 79 1
489 79 1
1453 79 1
205 79 1
4692 79 1
4091 79 1
2293 79 1
9 79 1
229 79 1
878 79 1
3719 79 1
1286 79 1
359 79 1
3953 79 1
128 79 1
17 79 1
734 79 1
803 79 1
228 79 1
2936 79 1
83 79 1
1881 79 1
4176 79 1
995 79 1
1746 79 1
555 79 1
872 79 1
885 79 1
384 79 1
3197 79 1
4988 79 1
4581 79 1
939 79 1
19 79 1
2973 79 1
2 79 1
89 79 1
1204 79 1
136 79 1
577 79 1
1517 79 1
181 79 1
66 79 1
223 79 1
2874 79 1
208 79 1
4913 79 1
849 79 1
679 79 1
2620 79 1
393 79 1
2093 79 1
4017 79 1
1794 79 1
4535 79 1
4393 79 1
216 79 1
87 79 1
2408 79 1
4301 79 1
2 79 1
1630 79 1
2783 79 1
4916 79 1
4525 79 1
3693 79 1
1738 79 1
303 79 1
0 79 1
742 79 1
353 79 1
189 79 1
9 79 1
125 79 1
3360 79 1
1715 79 1
1851 79 1
597 79 1
4425 79 1
132 79 1
7 79 1
670 79 1
2320 79 1
1491 79 1
2972 79 1
483 79 1
434 79 1
583 79 1
4049 79 1
4873 79 1
1437 79 1
1946 79 1
2780 79 1
2121 79 1
814 79 1
211 79 1
50 79 1
3327 79 1
651 79 1
342 79 1
4570 79 1
208 79 1
1409 79 1
1683 79 1
2974 79 1
3943 79 1
170 79 1
1153 79 1
437 79 1
4700 79 1
2594 79 1
4581 79 1
2577 79 1
3961 79 1
1361 79 1
1069 79 1
1243 79 1
17 79 1
3331 79 1
1045 79 1
414 79 1
220 79 1
1432 79 1
2 79 1
31 79 1
1107 79 1
1829 79 1
2167 79 1
2252 79 1
692 79 1
23 79 1
2728 79 1
1846 79 1
748 79 1
356 79 1
975 79 1
798 79 1
2178 79 1
1 79 1
3704 79 1
939 79 1
174 79 1
1943 79 1
567 79 1
25 79 1
2738 79 1
2356 79 1
1883 79 1
39 79 1
220 79 1
1947 79 1
217 79 1
3474 79 1
4334 79 1
187 79 1
3064 79 1
3021 79 1
677 79 1
0 79 1
50 79 1
4695 79 1
4182 79 1
451 79 1
65 79 1
805 79 1
2234 79 1
4142 79 1
231 79 1
282 79 1
149 79 1
1857 79 1
1773 79 1
172 79 1
1331 79 1
4860 79 1
1420 79 1
4764 79 1
2618 79 1
1687 79 1
113 79 1
2167 79 1
1248 79 1
2034 79 1
438 80 1
1311 80 1
4276 80 1
2 80 1
526 80 1
1118 80 1
20 80 1
1399 80 1
2423 80 1
6 80 1
681 80 1
3702 80 1
589 80 1
2146 80 1
796 80 1
2222 80 1
1867 80 1
2301 80 1
524 80 1
3256 80 1
639 80 1
1838 80 1
3875 80 1
1120 80 1
460 80 1
2010 80 1
1628 80 1
1893 80 1
1595 80 1
25 80 1
169 80 1
1081 80 1
2446 80 1
1285 80 1
409 80 1
2529 80 1
4804 80 1
4476 80 1
4617 80 1
2118 80 1
3 80 1
4939 80 1
20 80 1
221 80 1
2974 80 1
484 80 1
659 80 1
2181 80 1
4003 80 1
328 80 1
2477 80 1
2782 80 1
2 80 1
2574 80 1
1918 80 1
826 80 1
1038 80 1
73 80 1
1761 80 1
3915 80 1
2312 80 1
636 80 1
1022 80 1
73 80 1
2696 80 1
1215 80 1
1601 80 1
1683 80 1
52 80 1
4744 80 1
1823 80 1
1093 80 1
66 80 1
348 80 1
9 80 1
967 80 1
395 80 1
200 80 1
3121 80 1
332 80 1
612 80 1
1275 80 1
2 80 1
2748 80 1
15 80 1
773 80 1
453 80 1
416 80 1
2677 80 1
140 80 1
3366 80 1
597 80 1
4739 80 1
420 80 1
2667 80 1
369 80 1
351 80 1
97 80 1
684 80 1
3028 80 1
5 80 1
1222 80 1
4910 80 1
16 80 1
3033 80 1
164 80 1
1137 80 1
719 80 1
526 80 1
397 80 1
138 80 1
2230 80 1
0 80 1
475 80 1
480 80 1
1833 80 1
2020 80 1
3656 80 1
18 80 1
2097 80 1
627 80 1
136 80 1
2072 80 1
1213 80 1
1565 80 1
1000 80 1
2708 80 1
611 80 1
105 80 1
728 80 1
274 80 1
1965 80 1
3475 80 1
165 80 1
893 80 1
4358 80 1
3367 80 1
8 80 1
2095 80 1
3480 80 1
367 80 1
2574 80 1
1424 80 1
2833 80 1
1364 80 1
195 80 1
375 80 1
3532 80 1
1261 80 1
3038 80 1
438 80 1
1395 80 1
3785 80 1
3247 80 1
764 80 1
228 80 1
942 80 1
2367 80 1
2991 80 1
1257 80 1
891 80 1
916 80 1
2644 80 1
408 80 1
2148 80 1
4199 80 1
2188 80 1
2963 80 1
3246 80 1
4850 80 1
2048 80 1
771 80 1
2642 80 1
262 80 1
19 80 1
4337 80 1
739 80 1
3152 80 1
2117 80 1
1967 80 1
786 80 1
2202 80 1
185 80 1
722 80 1
45 80 1
340 80 1
1279 80 1
9 80 1
3464 80 1
4190 80 1
4190 80 1
1380 80 1
156 80 1
1150 80 1
1032 80 1
2950 80 1
4307 80 1
136 80 1
3465 80 1
4 80 1
80 80 1
2142 80 1
3374 80 1
4854 80 1
624 80 1
340 80 1
1089 80 1
4558 80 1
221 80 1
4932 80 1
4662 80 1
957 80 1
149 80 1
2629 80 1
3096 80 1
763 80 1
313 80 1
3393 80 1
178 80 1
2342 80 1
1315 80 1
2473 80 1
1571 80 1
2294 80 1
4895 80 1
34 80 1
48 80 1
3222 80 1
112 80 1
2183 80 1
2017 80 1
119 80 1
97 80 1
3593 80 1
22 80 1
615 80 1
261 80 1
474 80 1
753 80 1
1518 80 1
1650 80 1
1188 80 1
461 80 1
218 80 1
515 80 1
3117 80 1
3626 80 1
112 80 1
1495 80 1
974 80 1
1917 80 1
228 80 1
914 80 1
3645 80 1
243 80 1
1702 80 1
3112 80 1
296 80 1
4613 80 1
1065 80 1
3362 80 1
521 80 1
1150 80 1
457 80 1
1210 80 1
4406 80 1
4671 80 1
1011 80 1
885 80 1
2677 80 1
866 80 1
2155 80 1
148 80 1
614 80 1
839 80 1
2149 80 1
44 80 1
18 80 1
1149 80 1
3720 80 1
202 80 1
6 80 1
65 80 1
1519 80 1
1716 80 1
2798 80 1
2823 80 1
19 80 1
810 80 1
1341 80 1
414 80 1
233 80 1
2524 80 1
4165 80 1
775 80 1
89 80 1
896 80 1
320 80 1
418 80 1
8 80 1
4308 80 1
3859 80 1
1590 80 1
532 80 1
2962 80 1
885 80 1
11 80 1
2421 80 1
4348 80 1
212 80 1
3140 80 1
1801 80 1
375 80 1
1837 80 1
1736 80 1
243 80 1
2619 80 1
2651 80 1
4574 80 1
2357 80 1
325 80 1
2040 80 1
1 80 1
4651 80 1
491 80 1
1949 80 1
3196 80 1
3003 80 1
3889 80 1
1015 80 1
4020 80 1
4799 80 1
1102 80 1
4883 80 1
3093 80 1
1066 80 1
4028 80 1
1090 80 1
1589 80 1
2461 80 1
1403 80 1
2993 80 1
572 80 1
552 80 1
3910 80 1
4970 81 1
0 81 1
4475 81 1
1310 81 1
659 81 1
142 81 1
4537 81 1
363 81 1
132 81 1
35 81 1
595 81 1
2286 81 1
167 81 1
1682 81 1
87 81 1
1519 81 1
51 81 1
2357 81 1
263 81 1
418 81 1
10 81 1
346 81 1
1677 81 1
426 81 1
1120 81 1
4951 81 1
277 81 1
7 81 1
0 81 1
137 81 1
4699 81 1
833 81 1
174 81 1
885 81 1
4303 81 1
2577 81 1
1744 81 1
1048 81 1
4542 81 1
4750 81 1
2780 81 1
596 81 1
88 81 1
14 81 1
1406 81 1
526 81 1
1854 81 1
4863 81 1
4008 81 1
1270 81 1
745 81 1
143 81 1
389 81 1
2941 81 1
1595 81 1
1867 81 1
345 81 1
3864 81 1
3980 81 1
615 81 1
18 81 1
518 81 1
1 81 1
1794 81 1
1039 81 1
1884 81 1
973 81 1
200 81 1
50 81 1
4607 81 1
281 81 1
0 81 1
851 81 1
17 81 1
1540 81 1
1652 81 1
142 81 1
190 81 1
4096 81 1
4533 81 1
1000 81 1
29 81 1
270 81 1
575 81 1
104 81 1
1804 81 1
56 81 1
3093 81 1
918 81 1
1 81 1
1512 81 1
393 81 1
120 81 1
4479 81 1
2284 81 1
4376 81 1
2683 81 1
2569 81 1
2040 81 1
1804 81 1
1006 81 1
163 81 1
1944 81 1
1581 81 1
571 81 1
20 81 1
401 81 1
276 81 1
852 81 1
1682 81 1
1 81 1
67 81 1
716 81 1
1465 81 1
2004 81 1
70 81 1
0 81 1
979 81 1
4796 81 1
9 81 1
4 81 1
3985 81 1
2634 81 1
30 81 1
3938 81 1
4854 81 1
4754 81 1
904 81 1
153 81 1
957 81 1
4841 81 1
3217 81 1
327 81 1
23 81 1
179 81 1
485 81 1
82 81 1
3283 81 1
3395 81 1
339 81 1
4110 81 1
2550 81 1
3533 81 1
966 81 1
2748 81 1
945 81 1
26 81 1
2955 81 1
162 81 1
139 81 1
451 81 1
490 81 1
3505 81 1
1496 81 1
1602 81 1
4739 81 1
2796 81 1
24 81 1
4591 81 1
3122 81 1
0 81 1
3356 81 1
4810 81 1
4576 81 1
851 81 1
129 81 1
272 81 1
2542 81 1
1727 81 1
2426 81 1
4182 81 1
3879 81 1
2704 81 1
15 81 1
0 81 1
4139 81 1
1810 81 1
2207 81 1
2346 81 1
2564 81 1
950 81 1
180 81 1
4504 81 1
1176 81 1
3134 81 1
307 81 1
1522 81 1
1508 81 1
161 81 1
2265 81 1
304 81 1
1356 81 1
41 81 1
43 81 1
3121 81 1
0 81 1
651 81 1
687 81 1
10 81 1
2708 81 1
80 81 1
684 81 1
6 81 1
268 81 1
45 81 1
612 81 1
3583 81 1
3302 81 1
4554 81 1
629 81 1
304 81 1
1575 81 1
625 81 1
1321 81 1
1302 81 1
117 81 1
2937 81 1
3055 81 1
2098 81 1
12 81 1
1448 81 1
2149 81 1
4690 81 1
1755 81 1
2 81 1
4268 81 1
65 81 1
407 81 1
31 81 1
116 81 1
2422 81 1
2697 81 1
2252 81 1
814 81 1
207 81 1
4274 81 1
908 81 1
68 81 1
441 81 1
887 81 1
401 81 1
23 81 1
2078 81 1
832 81 1
2328 81 1
2868 81 1
4300 81 1
3106 81 1
532 81 1
1401 81 1
1619 81 1
549 81 1
1619 81 1
4674 81 1
1018 81 1
79 81 1
4915 81 1
12 81 1
71 81 1
1982 81 1
12 81 1
1430 81 1
2654 81 1
575 81 1
961 81 1
331 81 1
106 81 1
2035 81 1
854 81 1
379 81 1
4590 81 1
556 81 1
991 81 1
1258 81 1
3496 81 1
882 81 1
4331 81 1
2947 81 1
3348 81 1
245 81 1
872 81 1
155 81 1
65 81 1
1743 81 1
2255 81 1
3824 81 1
78 81 1
4 81 1
249 81 1
68 81 1
1853 81 1
26 81 1
2224 81 1
2749 81 1
51 81 1
2735 81 1
2762 81 1
3092 81 1
2001 81 1
1085 81 1
910 81 1
3962 81 1
4166 81 1
3103 81 1
2262 81 1
18 81 1
3808 81 1
601 81 1
627 81 1
1636 81 1
221 81 1
759 81 1
4783 81 1
1225 81 1
2985 81 1
3838 81 1
2861 81 1
51 81 1
3458 81 1
4031 81 1
3820 81 1
2230 81 1
61 81 1
1932 81 1
391 81 1
1532 81 1
4524 81 1
3249 81 1
1655 81 1
0 81 1
3394 81 1
871 81 1
424 81 1
33 81 1
72 81 1
778 81 1
4127 81 1
630 81 1
211 81 1
1811 81 1
1451 81 1
2741 81 1
1140 81 1
740 81 1
1700 81 1
3259 82 1
2265 82 1
3689 82 1
51 82 1
1335 82 1
1146 82 1
1905 82 1
785 82 1
96 82 1
940 82 1
1457 82 1
3533 82 1
3619 82 1
2059 82 1
450 82 1
4105 82 1
1730 82 1
4363 82 1
2266 82 1
3986 82 1
119 82 1
3 82 1
2074 82 1
524 82 1
358 82 1
268 82 1
1628 82 1
3750 82 1
1425 82 1
1948 82 1
1 82 1
311 82 1
3591 82 1
142 82 1
3496 82 1
17 82 1
2365 82 1
2365 82 1
1955 82 1
445 82 1
2345 82 1
1665 82 1
835 82 1
925 82 1
3193 82 1
456 82 1
3337 82 1
1566 82 1
1896 82 1
2568 82 1
4240 82 1
3712 82 1
153 82 1
3015 82 1
56 82 1
12 82 1
170 82 1
4576 82 1
1999 82 1
266 82 1
3403 82 1
2 82 1
47 82 1
70 82 1
1129 82 1
96 82 1
611 82 1
120 82 1
4141 82 1
409 82 1
2021 82 1
3381 82 1
22 82 1
418 82 1
1025 82 1
2541 82 1
3896 82 1
1765 82 1
2776 82 1
102 82 1
0 82 1
933 82 1
621 82 1
1828 82 1
187 82 1
2447 82 1
3912 82 1
4687 82 1
2888 82 1
335 82 1
4437 82 1
12 82 1
5 82 1
1198 82 1
284 82 1
2137 82 1
2295 82 1
1903 82 1
120 82 1
2 82 1
3511 82 1
1 82 1
2500 82 1
853 82 1
1639 82 1
802 82 1
8 82 1
97 82 1
3248 82 1
146 82 1
48 82 1
18 82 1
1368 82 1
3350 82 1
4621 82 1
1428 82 1
3468 82 1
3265 82 1
1648 82 1
1833 82 1
1346 82 1
906 82 1
938 82 1
15 82 1
105 82 1
112 82 1
745 82 1
1897 82 1
45 82 1
666 82 1
416 82 1
238 82 1
141 82 1
1193 82 1
4000 82 1
3180 82 1
127 82 1
4431 82 1
761 82 1
2430 82 1
97 82 1
3195 82 1
1995 82 1
2478 82 1
769 82 1
546 82 1
1594 82 1
15 82 1
160 82 1
1969 82 1
4966 82 1
1448 82 1
56 82 1
2392 82 1
132 82 1
156 82 1
4494 82 1
4753 82 1
137 82 1
826 82 1
982 82 1
1500 82 1
1251 82 1
45 82 1
641 82 1
47 82 1
4965 82 1
4673 82 1
1485 82 1
798 82 1
2656 82 1
1387 82 1
25 82 1
54 82 1
0 82 1
1364 82 1
1689 82 1
3480 82 1
4449 82 1
4585 82 1
4723 82 1
543 82 1
3987 82 1
1401 82 1
4429 82 1
0 82 1
55 82 1
91 82 1
284 82 1
195 82 1
145 82 1
24 82 1
2499 82 1
65 82 1
121 82 1
265 82 1
801 82 1
1665 82 1
88 82 1
4 82 1
1763 82 1
49 82 1
1299 82 1
132 82 1
333 82 1
2551 82 1
4113 82 1
184 82 1
4591 82 1
1424 82 1
25 82 1
313 82 1
3305 82 1
501 82 1
2120 82 1
450 82 1
1942 82 1
393 82 1
1573 82 1
678 82 1
76 82 1
1675 82 1
0 82 1
780 82 1
1583 82 1
878 82 1
20 82 1
3384 82 1
887 82 1
897 82 1
4404 82 1
4248 82 1
521 82 1
227 82 1
2129 82 1
4262 82 1
50 82 1
2195 82 1
1527 82 1
24 82 1
1527 82 1
781 82 1
2810 82 1
1683 82 1
1645 82 1
908 82 1
3 82 1
1704 82 1
4319 82 1
1947 82 1
3 82 1
35 82 1
1942 82 1
2416 82 1
1913 82 1
2676 82 1
514 82 1
3419 82 1
1389 82 1
1000 82 1
858 82 1
5 82 1
0 82 1
2760 82 1
392 82 1
2608 82 1
3243 82 1
914 82 1
1604 82 1
2636 82 1
1182 82 1
1501 82 1
15 82 1
29 82 1
2153 82 1
172 82 1
3438 82 1
568 82 1
581 82 1
3194 82 1
958 82 1
232 82 1
3930 82 1
17 82 1
284 82 1
4872 82 1
4090 82 1
1154 82 1
2133 82 1
4488 82 1
393 82 1
3025 82 1
207 82 1
3557 82 1
374 82 1
2932 82 1
3060 82 1
4490 82 1
1046 82 1
2111 82 1
1109 82 1
342 82 1
3792 82 1
1550 82 1
149 82 1
19 82 1
86 82 1
791 82 1
3033 82 1
5 82 1
3562 82 1
1078 82 1
40 82 1
4527 82 1
139 82 1
415 82 1
69 82 1
2990 82 1
4559 82 1
4129 82 1
2681 82 1
4777 82 1
376 82 1
4668 82 1
1 82 1
2018 82 1
2514 82 1
1560 82 1
2309 82 1
141 82 1
788 82 1
500 82 1
686 82 1
2648 82 1
840 82 1
3571 82 1
0 82 1
895 82 1
3740 82 1
4692 82 1
127 82 1
2315 82 1
841 82 1
4138 82 1
628 82 1
690 83 1
499 83 1
2339 83 1
1811 83 1
362 83 1
94 83 1
3328 83 1
2223 83 1
44 83 1
3934 83 1
2046 83 1
3008 83 1
2142 83 1
1092 83 1
1595 83 1
2457 83 1
247 83 1
3708 83 1
253 83 1
2313 83 1
1471 83 1
3509 83 1
336 83 1
4189 83 1
2076 83 1
4490 83 1
3526 83 1
1264 83 1
4002 83 1
1028 83 1
4060 83 1
1296 83 1
18 83 1
2440 83 1
254 83 1
1416 83 1
65 83 1
1449 83 1
4900 83 1
624 83 1
1762 83 1
1602 83 1
3173 83 1
298 83 1
136 83 1
1706 83 1
1990 83 1
3221 83 1
4063 83 1
1856 83 1
26 83 1
2329 83 1
2 83 1
200 83 1
4552 83 1
316 83 1
3415 83 1
161 83 1
3668 83 1
1575 83 1
519 83 1
3101 83 1
28 83 1
2621 83 1
39 83 1
499 83 1
345 83 1
43 83 1
4530 83 1
3345 83 1
278 83 1
129 83 1
1158 83 1
9 83 1
4391 83 1
3053 83 1
868 83 1
2566 83 1
0 83 1
127 83 1
3525 83 1
2648 83 1
4919 83 1
918 83 1
982 83 1
22 83 1
1028 83 1
4183 83 1
1374 83 1
305 83 1
1662 83 1
5 83 1
261 83 1
248 83 1
684 83 1
353 83 1
2121 83 1
1354 83 1
4552 83 1
376 83 1
4 83 1
4145 83 1
4776 83 1
293 83 1
955 83 1
324 83 1
694 83 1
1645 83 1
71 83 1
1668 83 1
104 83 1
233 83 1
2719 83 1
4230 83 1
1877 83 1
3291 83 1
2793 83 1
135 83 1
3528 83 1
1839 83 1
1847 83 1
832 83 1
567 83 1
2650 83 1
5 83 1
4982 83 1
1 83 1
133 83 1
930 83 1
2121 83 1
18 83 1
1895 83 1
3999 83 1
1301 83 1
4281 83 1
2628 83 1
338 83 1
1705 83 1
573 83 1
112 83 1
39 83 1
776 83 1
3366 83 1
4368 83 1
2674 83 1
4915 83 1
2077 83 1
1724 83 1
4422 83 1
2300 83 1
4840 83 1
2036 83 1
1896 83 1
1006 83 1
43 83 1
766 83 1
972 83 1
700 83 1
3136 83 1
35 83 1
3598 83 1
2535 83 1
1983 83 1
285 83 1
2479 83 1
151 83 1
601 83 1
3092 83 1
260 83 1
3001 83 1
1460 83 1
1708 83 1
1225 83 1
4196 83 1
369 83 1
3690 83 1
3012 83 1
417 83 1
3293 83 1
4213 83 1
2100 83 1
27 83 1
1037 83 1
2118 83 1
2403 83 1
49 83 1
151 83 1
19 83 1
1422 83 1
177 83 1
2907 83 1
454 83 1
243 83 1
3587 83 1
3185 83 1
383 83 1
408 83 1
4040 83 1
1821 83 1
3362 83 1
3138 83 1
1069 83 1
4319 83 1
4018 83 1
1066 83 1
192 83 1
79 83 1
2080 83 1
1433 83 1
214 83 1
2309 83 1
4324 83 1
1755 83 1
2033 83 1
4233 83 1
2940 83 1
1375 83 1
906 83 1
51 83 1
4256 83 1
15 83 1
1965 83 1
1650 83 1
1159 83 1
1861 83 1
175 83 1
2552 83 1
19 83 1
4537 83 1
3278 83 1
234 83 1
4220 83 1
668 83 1
550 83 1
2122 83 1
356 83 1
300 83 1
1 83 1
437 83 1
4288 83 1
4909 83 1
1202 83 1
1919 83 1
2944 83 1
3266 83 1
1870 83 1
715 83 1
0 83 1
1203 83 1
640 83 1
3976 83 1
37 83 1
513 83 1
1 83 1
60 83 1
1771 83 1
1235 83 1
0 83 1
22 83 1
2214 83 1
193 83 1
4053 83 1
1162 83 1
757 83 1
2744 83 1
3030 83 1
1883 83 1
4848 83 1
4646 83 1
1604 83 1
995 83 1
969 83 1
12 83 1
1333 83 1
4924 83 1
1335 83 1
2102 83 1
3169 83 1
0 83 1
3052 83 1
182 83 1
3950 83 1
17 83 1
358 83 1
82 83 1
2082 83 1
1459 83 1
3142 83 1
637 83 1
0 83 1
629 83 1
1027 83 1
972 83 1
32 83 1
272 83 1
1607 83 1
507 83 1
551 83 1
0 83 1
68 83 1
592 83 1
62 83 1
1273 83 1
905 83 1
2952 83 1
3954 83 1
1410 83 1
3526 83 1
1327 83 1
1579 83 1
2537 83 1
0 83 1
1136 83 1
462 83 1
0 83 1
3888 83 1
362 83 1
3857 83 1
3140 83 1
4360 83 1
2396 83 1
1783 83 1
1768 83 1
646 83 1
38 83 1
2117 83 1
4211 83 1
70 83 1
1882 83 1
4307 83 1
1294 83 1
802 83 1
1526 83 1
576 83 1
1001 83 1
2521 83 1
1639 83 1
2744 83 1
1337 83 1
1179 83 1
4786 83 1
3497 83 1
1610 83 1
4291 83 1
3689 83 1
4865 84 1
611 84 1
1318 84 1
3957 84 1
197 84 1
29 84 1
1112 84 1
3436 84 1
410 84 1
4228 84 1
2747 84 1
1964 84 1
2884 84 1
15 84 1
173 84 1
1914 84 1
206 84 1
985 84 1
265 84 1
3059 84 1
3979 84 1
2523 84 1
79 84 1
365 84 1
2703 84 1
840 84 1
1600 84 1
2718 84 1
1376 84 1
2810 84 1
2793 84 1
1506 84 1
4786 84 1
709 84 1
156 84 1
23 84 1
2082 84 1
557 84 1
1060 84 1
1174 84 1
3304 84 1
3374 84 1
691 84 1
118 84 1
4077 84 1
4145 84 1
2409 84 1
1775 84 1
3 84 1
4477 84 1
4622 84 1
428 84 1
3403 84 1
3406 84 1
316 84 1
117 84 1
2590 84 1
791 84 1
3581 84 1
2152 84 1
3925 84 1
260 84 1
4219 84 1
630 84 1
348 84 1
4800 84 1
1564 84 1
120 84 1
4519 84 1
165 84 1
1332 84 1
3218 84 1
3887 84 1
3163 84 1
0 84 1
1810 84 1
4452 84 1
42 84 1
454 84 1
1368 84 1
942 84 1
83 84 1
966 84 1
2514 84 1
814 84 1
4179 84 1
4121 84 1
21 84 1
3508 84 1
3235 84 1
1260 84 1
78 84 1
52 84 1
0 84 1
220 84 1
2 84 1
907 84 1
3325 84 1
56 84 1
3034 84 1
2652 84 1
990 84 1
1032 84 1
38 84 1
2539 84 1
19 84 1
864 84 1
4234 84 1
3194 84 1
1326 84 1
346 84 1
3900 84 1
2 84 1
302 84 1
4775 84 1
4516 84 1
994 84 1
27 84 1
534 84 1
170 84 1
1865 84 1
3258 84 1
1602 84 1
372 84 1
4616 84 1
4476 84 1
1 84 1
1609 84 1
196 84 1
818 84 1
4080 84 1
2735 84 1
1870 84 1
2383 84 1
1510 84 1
842 84 1
70 84 1
2104 84 1
2926 84 1
1141 84 1
1848 84 1
4208 84 1
3689 84 1
59 84 1
435 84 1
4076 84 1
809 84 1
76 84 1
2807 84 1
144 84 1
118 84 1
4451 84 1
443 84 1
9 84 1
769 84 1
2651 84 1
522 84 1
4279 84 1
4458 84 1
4568 84 1
730 84 1
2750 84 1
1840 84 1
59 84 1
108 84 1
3245 84 1
1855 84 1
1387 84 1
312 84 1
832 84 1
40 84 1
3295 84 1
281 84 1
810 84 1
3371 84 1
1019 84 1
288 84 1
845 84 1
886 84 1
2334 84 1
2774 84 1
984 84 1
662 84 1
2581 84 1
4915 84 1
7 84 1
4191 84 1
3775 84 1
3696 84 1
239 84 1
4291 84 1
50 84 1
2690 84 1
753 84 1
692 84 1
799 84 1
606 84 1
4832 84 1
289 84 1
507 84 1
2211 84 1
1581 84 1
3424 84 1
817 84 1
263 84 1
76 84 1
401 84 1
3418 84 1
4610 84 1
3763 84 1
743 84 1
748 84 1
104 84 1
397 84 1
360 84 1
632 84 1
1996 84 1
2284 84 1
1332 84 1
543 84 1
869 84 1
127 84 1
145 84 1
3945 84 1
775 84 1
1 84 1
636 84 1
8 84 1
384 84 1
462 84 1
4337 84 1
4717 84 1
541 84 1
0 84 1
3681 84 1
546 84 1
15 84 1
337 84 1
552 84 1
792 84 1
3201 84 1
169 84 1
879 84 1
873 84 1
4810 84 1
4676 84 1
172 84 1
386 84 1
841 84 1
261 84 1
3946 84 1
1185 84 1
317 84 1
3207 84 1
1114 84 1
2443 84 1
3570 84 1
1192 84 1
3019 84 1
1243 84 1
16 84 1
2925 84 1
4686 84 1
15 84 1
525 84 1
524 84 1
84 84 1
1511 84 1
2175 84 1
595 84 1
1790 84 1
332 84 1
13 84 1
1476 84 1
2076 84 1
2616 84 1
1252 84 1
1180 84 1
2070 84 1
1559 84 1
313 84 1
1863 84 1
1001 84 1
4495 84 1
1888 84 1
3098 84 1
4628 84 1
110 84 1
1110 84 1
1183 84 1
552 84 1
1553 84 1
580 84 1
110 84 1
185 84 1
1069 84 1
442 84 1
2509 84 1
3070 84 1
1835 84 1
203 84 1
2447 84 1
3568 84 1
109 84 1
2574 84 1
3618 84 1
333 84 1
4677 84 1
2127 84 1
297 84 1
2625 84 1
3283 84 1
4646 84 1
198 84 1
2220 84 1
852 84 1
3474 84 1
1142 84 1
1595 84 1
521 84 1
1119 84 1
21 84 1
338 84 1
4110 84 1
4437 84 1
4211 84 1
4284 84 1
3361 84 1
104 84 1
4333 84 1
2371 84 1
241 84 1
8 84 1
5 84 1
2 84 1
28 84 1
3 84 1
2258 84 1
479 84 1
3791 84 1
2144 84 1
33 84 1
888 84 1
1223 84 1
3184 84 1
4629 85 1
487 85 1
1906 85 1
1988 85 1
24 85 1
148 85 1
4690 85 1
291 85 1
8 85 1
2792 85 1
3062 85 1
369 85 1
2437 85 1
54 85 1
414 85 1
4694 85 1
1411 85 1
3675 85 1
2279 85 1
868 85 1
719 85 1
349 85 1
3852 85 1
463 85 1
4948 85 1
21 85 1
2142 85 1
0 85 1
4091 85 1
382 85 1
3839 85 1
1455 85 1
3650 85 1
5 85 1
788 85 1
2196 85 1
292 85 1
387 85 1
1302 85 1
919 85 1
3 85 1
2941 85 1
2635 85 1
3746 85 1
0 85 1
1707 85 1
3134 85 1
427 85 1
1688 85 1
2068 85 1
2188 85 1
1118 85 1
187 85 1
258 85 1
3261 85 1
125 85 1
5 85 1
752 85 1
143 85 1
1194 85 1
6 85 1
3415 85 1
102 85 1
390 85 1
1960 85 1
3559 85 1
826 85 1
1675 85 1
2217 85 1
2289 85 1
272 85 1
4631 85 1
3174 85 1
4683 85 1
4544 85 1
9 85 1
1791 85 1
2136 85 1
2621 85 1
740 85 1
82 85 1
1848 85 1
1281 85 1
321 85 1
4224 85 1
3730 85 1
86 85 1
0 85 1
4646 85 1
1258 85 1
1364 85 1
55 85 1
1740 85 1
3286 85 1
1497 85 1
1021 85 1
1352 85 1
251 85 1
9 85 1
875 85 1
310 85 1
1470 85 1
191 85 1
22 85 1
106 85 1
807 85 1
2024 85 1
2029 85 1
4164 85 1
548 85 1
1540 85 1
1271 85 1
2628 85 1
206 85 1
3799 85 1
2610 85 1
2 85 1
389 85 1
929 85 1
1024 85 1
341 85 1
1067 85 1
1567 85 1
3404 85 1
1273 85 1
855 85 1
1881 85 1
1475 85 1
2466 85 1
2882 85 1
1891 85 1
3777 85 1
2183 85 1
14 85 1
2505 85 1
32 85 1
1447 85 1
515 85 1
4293 85 1
493 85 1
1859 85 1
2250 85 1
429 85 1
173 85 1
0 85 1
4003 85 1
1 85 1
988 85 1
0 85 1
715 85 1
2653 85 1
645 85 1
980 85 1
1035 85 1
8 85 1
1513 85 1
2847 85 1
2425 85 1
477 85 1
368 85 1
2998 85 1
4148 85 1
394 85 1
2996 85 1
3212 85 1
1054 85 1
38 85 1
2978 85 1
2835 85 1
317 85 1
1929 85 1
218 85 1
3195 85 1
3 85 1
1321 85 1
3890 85 1
623 85 1
2472 85 1
278 85 1
294 85 1
805 85 1
4420 85 1
1758 85 1
2480 85 1
3333 85 1
568 85 1
352 85 1
297 85 1
3749 85 1
3689 85 1
1008 85 1
4915 85 1
119 85 1
101 85 1
2945 85 1
1097 85 1
545 85 1
58 85 1
2643 85 1
255 85 1
3580 85 1
2369 85 1
865 85 1
154 85 1
4 85 1
1945 85 1
285 85 1
4082 85 1
1347 85 1
119 85 1
3163 85 1
3723 85 1
3760 85 1
1723 85 1
1739 85 1
3756 85 1
891 85 1
625 85 1
2577 85 1
27 85 1
626 85 1
1776 85 1
3219 85 1
1656 85 1
307 85 1
681 85 1
1735 85 1
540 85 1
4626 85 1
1301 85 1
4505 85 1
10 85 1
1583 85 1
599 85 1
2380 85 1
1355 85 1
4137 85 1
3456 85 1
1462 85 1
4634 85 1
3540 85 1
3416 85 1
1194 85 1
775 85 1
4288 85 1
3788 85 1
183 85 1
1843 85 1
3357 85 1
375 85 1
1150 85 1
1516 85 1
9 85 1
4725 85 1
72 85 1
3356 85 1
2027 85 1
4941 85 1
1005 85 1
54 85 1
235 85 1
4916 85 1
49 85 1
1038 85 1
4009 85 1
230 85 1
4353 85 1
4104 85 1
1871 85 1
2217 85 1
8 85 1
34 85 1
2625 85 1
807 85 1
671 85 1
3036 85 1
1159 85 1
3608 85 1
195 85 1
13 85 1
1416 85 1
27 85 1
497 85 1
132 85 1
611 85 1
3607 85 1
1402 85 1
47 85 1
350 85 1
1929 85 1
890 85 1
4224 85 1
919 85 1
654 85 1
4724 85 1
2047 85 1
4007 85 1
145 85 1
3996 85 1
3339 85 1
2676 85 1
3437 85 1
4027 85 1
1508 85 1
2245 85 1
1128 85 1
249 85 1
1047 85 1
3481 85 1
357 85 1
1328 85 1
1662 85 1
2820 85 1
12 85 1
186 85 1
1061 85 1
816 85 1
945 85 1
90 85 1
4393 85 1
138 85 1
556 85 1
2847 85 1
1884 85 1
295 85 1
3642 85 1
4927 85 1
19 85 1
13 85 1
3625 85 1
605 85 1
1086 85 1
406 85 1
2119 85 1
2587 85 1
1838 85 1
497 85 1
1383 85 1
136 85 1
1426 85 1
3612 85 1
12 85 1
2070 85 1
85 85 1
674 85 1
3114 86 1
50 86 1
74 86 1
1803 86 1
760 86 1
51 86 1
3978 86 1
540 86 1
4109 86 1
357 86 1
637 86 1
4529 86 1
477 86 1
352 86 1
800 86 1
4458 86 1
196 86 1
837 86 1
784 86 1
3793 86 1
1009 86 1
1146 86 1
69 86 1
3612 86 1
5 86 1
4286 86 1
2668 86 1
2951 86 1
4078 86 1
229 86 1
4857 86 1
3544 86 1
3930 86 1
536 86 1
2293 86 1
662 86 1
285 86 1
2079 86 1
520 86 1
495 86 1
35 86 1
4 86 1
395 86 1
62 86 1
4969 86 1
4816 86 1
1471 86 1
4670 86 1
536 86 1
79 86 1
1240 86 1
1695 86 1
266 86 1
1056 86 1
1203 86 1
638 86 1
1 86 1
2800 86 1
997 86 1
541 86 1
1150 86 1
4442 86 1
2906 86 1
3118 86 1
1249 86 1
144 86 1
4126 86 1
8 86 1
4100 86 1
244 86 1
2515 86 1
4047 86 1
358 86 1
323 86 1
84 86 1
1499 86 1
2225 86 1
4404 86 1
2473 86 1
6 86 1
653 86 1
4758 86 1
4761 86 1
4692 86 1
2560 86 1
41 86 1
3217 86 1
26 86 1
83 86 1
71 86 1
384 86 1
0 86 1
1566 86 1
2636 86 1
4590 86 1
4887 86 1
1685 86 1
4116 86 1
504 86 1
101 86 1
3232 86 1
4076 86 1
4370 86 1
823 86 1
2452 86 1
223 86 1
2419 86 1
40 86 1
103 86 1
1 86 1
143 86 1
3404 86 1
1981 86 1
915 86 1
2310 86 1
1687 86 1
2908 86 1
498 86 1
2118 86 1
1283 86 1
743 86 1
1495 86 1
4622 86 1
1179 86 1
2166 86 1
1684 86 1
3778 86 1
34 86 1
4261 86 1
156 86 1
11 86 1
4759 86 1
2081 86 1
884 86 1
1730 86 1
881 86 1
386 86 1
1256 86 1
91 86 1
737 86 1
48 86 1
3688 86 1
1789 86 1
249 86 1
170 86 1
971 86 1
305 86 1
329 86 1
954 86 1
3488 86 1
294 86 1
1157 86 1
4375 86 1
660 86 1
1203 86 1
370 86 1
135 86 1
1059 86 1
119 86 1
189 86 1
1106 86 1
4927 86 1
699 86 1
3590 86 1
3217 86 1
595 86 1
472 86 1
16 86 1
1446 86 1
1782 86 1
2092 86 1
4620 86 1
70 86 1
318 86 1
0 86 1
4130 86 1
1114 86 1
1545 86 1
289 86 1
1128 86 1
57 86 1
2290 86 1
14 86 1
1099 86 1
338 86 1
1199 86 1
397 86 1
2563 86 1
1155 86 1
246 86 1
3389 86 1
895 86 1
650 86 1
4295 86 1
1638 86 1
772 86 1
3022 86 1
1797 86 1
2805 86 1
3848 86 1
24 86 1
2631 86 1
2334 86 1
192 86 1
15 86 1
739 86 1
2415 86 1
431 86 1
1715 86 1
2 86 1
950 86 1
3688 86 1
11 86 1
3607 86 1
1641 86 1
1606 86 1
6 86 1
4808 86 1
3052 86 1
4050 86 1
4745 86 1
0 86 1
46 86 1
654 86 1
3892 86 1
2771 86 1
330 86 1
4466 86 1
3981 86 1
1023 86 1
67 86 1
1127 86 1
4587 86 1
2811 86 1
907 86 1
3265 86 1
1947 86 1
366 86 1
1396 86 1
48 86 1
1507 86 1
1382 86 1
1 86 1
1086 86 1
2351 86 1
164 86 1
54 86 1
3592 86 1
2046 86 1
590 86 1
1870 86 1
1815 86 1
3610 86 1
1689 86 1
4735 86 1
4555 86 1
56 86 1
219 86 1
14 86 1
1925 86 1
1492 86 1
647 86 1
1527 86 1
1319 86 1
4627 86 1
289 86 1
2982 86 1
2207 86 1
171 86 1
127 86 1
2628 86 1
301 86 1
1138 86 1
2840 86 1
4 86 1
1927 86 1
514 86 1
0 86 1
1367 86 1
4135 86 1
2097 86 1
4908 86 1
53 86 1
1124 86 1
764 86 1
2422 86 1
1 86 1
1725 86 1
361 86 1
24 86 1
20 86 1
3196 86 1
1994 86 1
3250 86 1
3474 86 1
130 86 1
2043 86 1
407 86 1
1468 86 1
1180 86 1
2490 86 1
2721 86 1
17 86 1
767 86 1
183 86 1
4910 86 1
2 86 1
812 86 1
1556 86 1
4342 86 1
3547 86 1
1249 86 1
3628 86 1
1621 86 1
439 86 1
4522 86 1
838 86 1
8 86 1
63 86 1
1169 86 1
4400 86 1
1247 86 1
2924 86 1
47 86 1
2350 86 1
910 86 1
1455 86 1
89 86 1
3019 86 1
7 86 1
3144 86 1
322 86 1
807 86 1
1397 86 1
1495 86 1
2642 86 1
820 86 1
1529 86 1
203 86 1
3294 86 1
73 86 1
469 86 1
1738 86 1
3128 86 1
650 86 1
16 87 1
1960 87 1
1180 87 1
257 87 1
156 87 1
4354 87 1
3648 87 1
1732 87 1
4404 87 1
1575 87 1
738 87 1
301 87 1
4010 87 1
38 87 1
1097 87 1
228 87 1
3091 87 1
15 87 1
2880 87 1
2048 87 1
1547 87 1
1299 87 1
1957 87 1
2178 87 1
542 87 1
1260 87 1
1486 87 1
4460 87 1
1121 87 1
888 87 1
2404 87 1
721 87 1
1362 87 1
2023 87 1
114 87 1
1363 87 1
1879 87 1
192 87 1
68 87 1
183 87 1
4906 87 1
4780 87 1
2246 87 1
2858 87 1
2144 87 1
14 87 1
346 87 1
3046 87 1
3261 87 1
422 87 1
1067 87 1
379 87 1
460 87 1
117 87 1
1862 87 1
152 87 1
2525 87 1
3555 87 1
885 87 1
1075 87 1
1013 87 1
4718 87 1
1129 87 1
99 87 1
4537 87 1
510 87 1
95 87 1
18 87 1
3581 87 1
332 87 1
3662 87 1
671 87 1
493 87 1
4060 87 1
1029 87 1
2006 87 1
107 87 1
1913 87 1
4509 87 1
4713 87 1
3272 87 1
3553 87 1
884 87 1
1917 87 1
16 87 1
3069 87 1
2673 87 1
3933 87 1
146 87 1
282 87 1
443 87 1
4473 87 1
1471 87 1
2124 87 1
446 87 1
4031 87 1
4713 87 1
2736 87 1
1353 87 1
764 87 1
0 87 1
0 87 1
4095 87 1
1216 87 1
3744 87 1
1034 87 1
19 87 1
114 87 1
3035 87 1
1763 87 1
2359 87 1
3239 87 1
1922 87 1
386 87 1
3765 87 1
887 87 1
1741 87 1
380 87 1
142 87 1
0 87 1
2636 87 1
2443 87 1
3437 87 1
1329 87 1
15 87 1
786 87 1
158 87 1
1010 87 1
30 87 1
92 87 1
781 87 1
1077 87 1
141 87 1
3366 87 1
4901 87 1
322 87 1
184 87 1
3906 87 1
994 87 1
781 87 1
2055 87 1
159 87 1
4732 87 1
482 87 1
2831 87 1
2920 87 1
651 87 1
1472 87 1
2582 87 1
873 87 1
1122 87 1
358 87 1
874 87 1
4968 87 1
3817 87 1
1539 87 1
724 87 1
2295 87 1
896 87 1
20 87 1
21 87 1
1956 87 1
2618 87 1
1399 87 1
4944 87 1
0 87 1
132 87 1
1078 87 1
4104 87 1
132 87 1
1766 87 1
1938 87 1
284 87 1
4055 87 1
1576 87 1
1309 87 1
513 87 1
2194 87 1
1944 87 1
2019 87 1
46 87 1
530 87 1
2381 87 1
4484 87 1
441 87 1
2422 87 1
3466 87 1
1042 87 1
38 87 1
2615 87 1
2748 87 1
4848 87 1
4795 87 1
236 87 1
366 87 1
1621 87 1
4954 87 1
545 87 1
1077 87 1
83 87 1
513 87 1
1314 87 1
4660 87 1
682 87 1
1872 87 1
167 87 1
10 87 1
2509 87 1
3914 87 1
3866 87 1
4181 87 1
520 87 1
3198 87 1
63 87 1
363 87 1
4311 87 1
3057 87 1
319 87 1
1 87 1
1 87 1
1953 87 1
4101 87 1
3681 87 1
4275 87 1
74 87 1
1516 87 1
6 87 1
1127 87 1
549 87 1
116 87 1
4829 87 1
1453 87 1
33 87 1
2393 87 1
306 87 1
3089 87 1
145 87 1
1707 87 1
1706 87 1
928 87 1
47 87 1
1331 87 1
3523 87 1
2760 87 1
106 87 1
1269 87 1
2919 87 1
1838 87 1
2296 87 1
155 87 1
1417 87 1
4507 87 1
55 87 1
3939 87 1
4304 87 1
1969 87 1
1155 87 1
4365 87 1
372 87 1
4965 87 1
951 87 1
2205 87 1
4 87 1
91 87 1
674 87 1
151 87 1
551 87 1
207 87 1
1138 87 1
2882 87 1
3667 87 1
1981 87 1
4561 87 1
990 87 1
3 87 1
1909 87 1
1917 87 1
3581 87 1
714 87 1
1259 87 1
2402 87 1
4699 87 1
484 87 1
655 87 1
3211 87 1
3657 87 1
335 87 1
3936 87 1
3321 87 1
175 87 1
4438 87 1
2537 87 1
1031 87 1
3528 87 1
820 87 1
59 87 1
1737 87 1
3397 87 1
3638 87 1
4664 87 1
0 87 1
494 87 1
3583 87 1
2902 87 1
354 87 1
1 87 1
1447 87 1
3093 87 1
3 87 1
70 87 1
3073 87 1
3735 87 1
15 87 1
68 87 1
26 87 1
2397 87 1
3472 87 1
4371 87 1
1350 87 1
371 87 1
29 87 1
3930 87 1
996 87 1
2957 87 1
572 87 1
4366 87 1
593 87 1
4041 87 1
10 87 1
3997 87 1
4660 87 1
4 87 1
725 87 1
54 87 1
1904 87 1
682 87 1
164 87 1
994 87 1
4170 87 1
4 87 1
2895 87 1
2106 87 1
2563 87 1
1635 87 1
3472 87 1
3768 88 1
86 88 1
2561 88 1
660 88 1
730 88 1
26 88 1
1523 88 1
3697 88 1
3549 88 1
1139 88 1
4285 88 1
225 88 1
2646 88 1
1407 88 1
333 88 1
2648 88 1
1983 88 1
1869 88 1
43 88 1
3719 88 1
42 88 1
286 88 1
545 88 1
309 88 1
3655 88 1
587 88 1
3492 88 1
2859 88 1
1080 88 1
3488 88 1
3122 88 1
4696 88 1
1733 88 1
0 88 1
3546 88 1
515 88 1
1576 88 1
2991 88 1
3263 88 1
2427 88 1
108 88 1
706 88 1
3883 88 1
2739 88 1
4 88 1
1186 88 1
3990 88 1
258 88 1
125 88 1
2846 88 1
56 88 1
4622 88 1
1603 88 1
711 88 1
4278 88 1
1373 88 1
1629 88 1
1181 88 1
154 88 1
4439 88 1
430 88 1
2049 88 1
3819 88 1
2729 88 1
3031 88 1
147 88 1
3131 88 1
180 88 1
1761 88 1
2452 88 1
3037 88 1
257 88 1
1544 88 1
146 88 1
2705 88 1
59 88 1
238 88 1
2282 88 1
1741 88 1
3646 88 1
4477 88 1
2801 88 1
443 88 1
3515 88 1
10 88 1
2374 88 1
25 88 1
2823 88 1
1283 88 1
1629 88 1
989 88 1
3342 88 1
105 88 1
4865 88 1
1875 88 1
3654 88 1
6 88 1
4147 88 1
3583 88 1
41 88 1
23 88 1
2474 88 1
1475 88 1
1067 88 1
147 88 1
49 88 1
414 88 1
1985 88 1
6 88 1
2299 88 1
651 88 1
4027 88 1
829 88 1
4078 88 1
2013 88 1
2443 88 1
23 88 1
24 88 1
1574 88 1
4495 88 1
707 88 1
1549 88 1
1438 88 1
55 88 1
994 88 1
1959 88 1
204 88 1
991 88 1
159 88 1
286 88 1
1837 88 1
421 88 1
408 88 1
2014 88 1
120 88 1
1799 88 1
828 88 1
1389 88 1
62 88 1
3066 88 1
577 88 1
285 88 1
4215 88 1
257 88 1
227 88 1
64 88 1
3235 88 1
925 88 1
851 88 1
76 88 1
475 88 1
3773 88 1
77 88 1
3693 88 1
1345 88 1
23 88 1
1791 88 1
279 88 1
183 88 1
4688 88 1
3203 88 1
1646 88 1
1672 88 1
477 88 1
202 88 1
1565 88 1
2703 88 1
3881 88 1
137 88 1
503 88 1
308 88 1
0 88 1
26 88 1
2190 88 1
2715 88 1
21 88 1
4619 88 1
3728 88 1
4610 88 1
51 88 1
3381 88 1
714 88 1
197 88 1
206 88 1
3369 88 1
3330 88 1
354 88 1
238 88 1
719 88 1
2854 88 1
9 88 1
3905 88 1
2457 88 1
1327 88 1
3088 88 1
4216 88 1
1074 88 1
3280 88 1
1113 88 1
139 88 1
888 88 1
488 88 1
88 88 1
973 88 1
183 88 1
808 88 1
487 88 1
2 88 1
32 88 1
1862 88 1
814 88 1
904 88 1
1234 88 1
2611 88 1
1314 88 1
31 88 1
874 88 1
6 88 1
4 88 1
1693 88 1
1083 88 1
61 88 1
884 88 1
57 88 1
1130 88 1
3 88 1
2451 88 1
877 88 1
0 88 1
1347 88 1
834 88 1
38 88 1
1664 88 1
792 88 1
2372 88 1
4402 88 1
193 88 1
3951 88 1
1239 88 1
156 88 1
129 88 1
3329 88 1
4 88 1
3554 88 1
3904 88 1
1620 88 1
1396 88 1
1430 88 1
187 88 1
4946 88 1
4118 88 1
114 88 1
357 88 1
21 88 1
4856 88 1
4596 88 1
3247 88 1
1942 88 1
881 88 1
701 88 1
116 88 1
877 88 1
3819 88 1
3378 88 1
393 88 1
4 88 1
4565 88 1
596 88 1
165 88 1
4349 88 1
306 88 1
1137 88 1
3158 88 1
388 88 1
3255 88 1
1769 88 1
1491 88 1
1899 88 1
3720 88 1
3444 88 1
149 88 1
284 88 1
2736 88 1
670 88 1
2231 88 1
2953 88 1
527 88 1
2206 88 1
1533 88 1
3008 88 1
670 88 1
79 88 1
4513 88 1
34 88 1
1180 88 1
339 88 1
136 88 1
1945 88 1
429 88 1
4665 88 1
3227 88 1
1760 88 1
34 88 1
0 88 1
4837 88 1
2510 88 1
658 88 1
337 88 1
406 88 1
168 88 1
4930 88 1
463 88 1
36 88 1
341 88 1
0 88 1
863 88 1
209 88 1
826 88 1
1559 88 1
2024 88 1
2850 88 1
1327 88 1
227 88 1
3239 88 1
2838 88 1
42 88 1
3785 88 1
34 88 1
3771 88 1
1718 88 1
360 88 1
5 88 1
3593 88 1
2938 88 1
3578 88 1
1058 88 1
686 88 1
1392 88 1
1625 88 1
637 88 1
4663 88 1
275 88 1
1052 88 1
2065 88 1
1447 88 1
440 89 1
52 89 1
2893 89 1
4324 89 1
3957 89 1
163 89 1
2465 89 1
4664 89 1
3446 89 1
104 89 1
2858 89 1
15 89 1
1412 89 1
335 89 1
101 89 1
2796 89 1
4712 89 1
291 89 1
1628 89 1
712 89 1
0 89 1
913 89 1
45 89 1
301 89 1
4227 89 1
3013 89 1
1048 89 1
13 89 1
448 89 1
7 89 1
7 89 1
4443 89 1
52 89 1
3230 89 1
535 89 1
2807 89 1
2050 89 1
3845 89 1
820 89 1
831 89 1
2686 89 1
16 89 1
2493 89 1
3470 89 1
1085 89 1
521 89 1
1475 89 1
315 89 1
3 89 1
1253 89 1
1127 89 1
2110 89 1
1500 89 1
405 89 1
1086 89 1
919 89 1
3205 89 1
602 89 1
2477 89 1
194 89 1
4684 89 1
655 89 1
1465 89 1
175 89 1
136 89 1
37 89 1
1506 89 1
2433 89 1
3980 89 1
2047 89 1
1267 89 1
1648 89 1
3202 89 1
85 89 1
778 89 1
699 89 1
185 89 1
679 89 1
54 89 1
437 89 1
4282 89 1
2860 89 1
312 89 1
2318 89 1
503 89 1
989 89 1
1262 89 1
111 89 1
199 89 1
1403 89 1
343 89 1
3989 89 1
4265 89 1
356 89 1
1367 89 1
3400 89 1
1540 89 1
835 89 1
2231 89 1
777 89 1
145 89 1
2800 89 1
802 89 1
245 89 1
879 89 1
3307 89 1
2558 89 1
4397 89 1
527 89 1
1520 89 1
368 89 1
294 89 1
1332 89 1
4719 89 1
4330 89 1
61 89 1
3897 89 1
379 89 1
4703 89 1
278 89 1
303 89 1
3523 89 1
169 89 1
1488 89 1
81 89 1
400 89 1
19 89 1
670 89 1
1063 89 1
3 89 1
3535 89 1
4247 89 1
819 89 1
2331 89 1
259 89 1
2217 89 1
787 89 1
0 89 1
167 89 1
536 89 1
2313 89 1
196 89 1
3240 89 1
2349 89 1
4584 89 1
339 89 1
2199 89 1
3651 89 1
766 89 1
95 89 1
1595 89 1
90 89 1
331 89 1
2234 89 1
500 89 1
1490 89 1
801 89 1
1648 89 1
2818 89 1
4154 89 1
0 89 1
5 89 1
531 89 1
4 89 1
3129 89 1
2644 89 1
1572 89 1
934 89 1
348 89 1
3040 89 1
3235 89 1
224 89 1
481 89 1
829 89 1
4467 89 1
2581 89 1
4346 89 1
2573 89 1
1 89 1
66 89 1
1276 89 1
3364 89 1
2204 89 1
250 89 1
995 89 1
409 89 1
4548 89 1
607 89 1
1585 89 1
9 89 1
76 89 1
119 89 1
1110 89 1
1433 89 1
1564 89 1
2421 89 1
825 89 1
1914 89 1
259 89 1
1600 89 1
2003 89 1
1610 89 1
3406 89 1
3707 89 1
9 89 1
2596 89 1
305 89 1
157 89 1
4972 89 1
2041 89 1
162 89 1
4644 89 1
87 89 1
3064 89 1
2786 89 1
964 89 1
313 89 1
255 89 1
2852 89 1
1576 89 1
3174 89 1
3389 89 1
807 89 1
3959 89 1
799 89 1
59 89 1
347 89 1
150 89 1
3129 89 1
359 89 1
53 89 1
1752 89 1
3907 89 1
779 89 1
3728 89 1
110 89 1
1712 89 1
413 89 1
1969 89 1
4278 89 1
1530 89 1
3 89 1
484 89 1
693 89 1
3345 89 1
1777 89 1
685 89 1
392 89 1
911 89 1
3535 89 1
957 89 1
1677 89 1
372 89 1
3359 89 1
449 89 1
2905 89 1
170 89 1
4619 89 1
4067 89 1
2674 89 1
3430 89 1
1401 89 1
1615 89 1
1185 89 1
4756 89 1
854 89 1
259 89 1
4745 89 1
653 89 1
1100 89 1
4836 89 1
3567 89 1
9 89 1
4635 89 1
137 89 1
3852 89 1
164 89 1
3207 89 1
2690 89 1
202 89 1
1506 89 1
4949 89 1
21 89 1
2650 89 1
1155 89 1
1 89 1
203 89 1
451 89 1
1264 89 1
4259 89 1
1003 89 1
4887 89 1
2402 89 1
91 89 1
3119 89 1
3630 89 1
587 89 1
1776 89 1
3467 89 1
1534 89 1
529 89 1
19 89 1
1092 89 1
4630 89 1
4024 89 1
1812 89 1
1927 89 1
2245 89 1
927 89 1
24 89 1
1412 89 1
840 89 1
147 89 1
3158 89 1
3480 89 1
180 89 1
516 89 1
79 89 1
1 89 1
3391 89 1
987 89 1
1172 89 1
27 89 1
2126 89 1
2289 89 1
2597 89 1
117 89 1
1610 89 1
4565 89 1
1 89 1
391 89 1
1984 89 1
646 89 1
321 89 1
1641 89 1
4769 89 1
595 89 1
4494 89 1
2369 89 1
1507 89 1
1894 89 1
3432 89 1
110 89 1
1040 89 1
4209 89 1
53 90 1
4667 90 1
3216 90 1
3249 90 1
745 90 1
587 90 1
64 90 1
805 90 1
38 90 1
968 90 1
228 90 1
2599 90 1
2171 90 1
1887 90 1
334 90 1
271 90 1
1284 90 1
53 90 1
4617 90 1
475 90 1
4012 90 1
1292 90 1
1527 90 1
2470 90 1
624 90 1
3923 90 1
25 90 1
312 90 1
2017 90 1
4024 90 1
2206 90 1
43 90 1
867 90 1
36 90 1
32 90 1
3404 90 1
1619 90 1
2152 90 1
646 90 1
1104 90 1
2041 90 1
792 90 1
739 90 1
150 90 1
1228 90 1
1119 90 1
244 90 1
1148 90 1
741 90 1
2072 90 1
1075 90 1
3984 90 1
474 90 1
2643 90 1
1840 90 1
2313 90 1
125 90 1
3021 90 1
1536 90 1
4651 90 1
1508 90 1
3886 90 1
142 90 1
1042 90 1
1801 90 1
329 90 1
3353 90 1
1121 90 1
4965 90 1
561 90 1
85 90 1
91 90 1
3248 90 1
2029 90 1
3079 90 1
3361 90 1
13 90 1
2114 90 1
281 90 1
906 90 1
4112 90 1
18 90 1
2565 90 1
706 90 1
4443 90 1
266 90 1
117 90 1
771 90 1
3819 90 1
4619 90 1
3139 90 1
11 90 1
454 90 1
1531 90 1
3599 90 1
3402 90 1
24 90 1
1154 90 1
3677 90 1
3480 90 1
3344 90 1
2297 90 1
1530 90 1
188 90 1
2926 90 1
3669 90 1
1645 90 1
34 90 1
1315 90 1
58 90 1
4069 90 1
133 90 1
111 90 1
58 90 1
4587 90 1
600 90 1
336 90 1
4872 90 1
445 90 1
3191 90 1
335 90 1
383 90 1
3303 90 1
584 90 1
4336 90 1
162 90 1
2537 90 1
1473 90 1
2236 90 1
3747 90 1
176 90 1
3200 90 1
4793 90 1
3304 90 1
13 90 1
3447 90 1
4273 90 1
942 90 1
610 90 1
2017 90 1
14 90 1
82 90 1
3000 90 1
2234 90 1
4 90 1
11 90 1
600 90 1
2540 90 1
190 90 1
2542 90 1
4339 90 1
593 90 1
2007 90 1
4125 90 1
19 90 1
181 90 1
810 90 1
793 90 1
4 90 1
2986 90 1
1894 90 1
204 90 1
922 90 1
286 90 1
1491 90 1
1427 90 1
3964 90 1
1088 90 1
708 90 1
13 90 1
1059 90 1
2 90 1
2715 90 1
2178 90 1
466 90 1
1842 90 1
2353 90 1
193 90 1
3314 90 1
0 90 1
203 90 1
367 90 1
2954 90 1
1 90 1
3745 90 1
878 90 1
523 90 1
2013 90 1
329 90 1
2920 90 1
1164 90 1
2413 90 1
2966 90 1
799 90 1
148 90 1
3642 90 1
104 90 1
1728 90 1
304 90 1
1491 90 1
1882 90 1
4980 90 1
1774 90 1
652 90 1
3680 90 1
1795 90 1
1495 90 1
3919 90 1
2204 90 1
1044 90 1
2705 90 1
148 90 1
21 90 1
93 90 1
131 90 1
4220 90 1
808 90 1
3301 90 1
4872 90 1
2075 90 1
1618 90 1
4763 90 1
3873 90 1
4811 90 1
31 90 1
256 90 1
165 90 1
3432 90 1
2557 90 1
1273 90 1
3864 90 1
2689 90 1
2876 90 1
4086 90 1
1068 90 1
759 90 1
368 90 1
1574 90 1
124 90 1
593 90 1
4486 90 1
1222 90 1
4392 90 1
2954 90 1
3697 90 1
768 90 1
2510 90 1
4553 90 1
612 90 1
3997 90 1
2873 90 1
2627 90 1
7 90 1
473 90 1
106 90 1
2911 90 1
1333 90 1
2993 90 1
123 90 1
3825 90 1
3260 90 1
732 90 1
0 90 1
1900 90 1
125 90 1
2068 90 1
3301 90 1
4517 90 1
373 90 1
430 90 1
4701 90 1
194 90 1
78 90 1
27 90 1
217 90 1
4425 90 1
239 90 1
1964 90 1
469 90 1
66 90 1
75 90 1
3572 90 1
1496 90 1
349 90 1
704 90 1
73 90 1
2266 90 1
103 90 1
4467 90 1
337 90 1
1212 90 1
1555 90 1
4 90 1
1289 90 1
28 90 1
2068 90 1
30 90 1
635 90 1
132 90 1
525 90 1
3932 90 1
23 90 1
2439 90 1
2101 90 1
38 90 1
1159 90 1
3781 90 1
116 90 1
2787 90 1
2577 90 1
2507 90 1
71 90 1
1350 90 1
940 90 1
3144 90 1
3804 90 1
1682 90 1
4276 90 1
153 90 1
1872 90 1
888 90 1
1094 90 1
2274 90 1
2349 90 1
398 90 1
1080 90 1
2197 90 1
3811 90 1
67 90 1
1415 90 1
1028 90 1
46 90 1
2400 90 1
706 90 1
3167 90 1
1089 90 1
1158 90 1
468 90 1
956 90 1
1979 90 1
4922 90 1
15 90 1
315 90 1
4079 90 1
1962 90 1
2641 91 1
241 91 1
31 91 1
758 91 1
3138 91 1
1103 91 1
715 91 1
1545 91 1
4254 91 1
3431 91 1
224 91 1
505 91 1
32 91 1
1221 91 1
532 91 1
2571 91 1
3541 91 1
1985 91 1
2004 91 1
1747 91 1
3100 91 1
651 91 1
2660 91 1
1613 91 1
480 91 1
2 91 1
284 91 1
4196 91 1
2600 91 1
487 91 1
3205 91 1
2 91 1
477 91 1
1501 91 1
2873 91 1
366 91 1
1020 91 1
2472 91 1
936 91 1
4784 91 1
637 91 1
898 91 1
3867 91 1
2718 91 1
3749 91 1
140 91 1
514 91 1
737 91 1
2531 91 1
175 91 1
4371 91 1
2059 91 1
7 91 1
1874 91 1
2142 91 1
3687 91 1
869 91 1
25 91 1
2451 91 1
0 91 1
443 91 1
2717 91 1
4532 91 1
3705 91 1
334 91 1
107 91 1
1966 91 1
3640 91 1
3371 91 1
4157 91 1
2936 91 1
363 91 1
1373 91 1
423 91 1
3934 91 1
1261 91 1
4874 91 1
4006 91 1
797 91 1
2331 91 1
2260 91 1
2959 91 1
869 91 1
493 91 1
2625 91 1
1156 91 1
4390 91 1
1462 91 1
1347 91 1
3638 91 1
174 91 1
778 91 1
1057 91 1
91 91 1
181 91 1
354 91 1
41 91 1
4902 91 1
2954 91 1
1193 91 1
1866 91 1
257 91 1
0 91 1
2106 91 1
1129 91 1
2921 91 1
2467 91 1
1716 91 1
2058 91 1
32 91 1
1645 91 1
1751 91 1
3994 91 1
668 91 1
698 91 1
300 91 1
16 91 1
3032 91 1
202 91 1
178 91 1
4860 91 1
389 91 1
4343 91 1
205 91 1
368 91 1
3405 91 1
2591 91 1
4159 91 1
4351 91 1
2618 91 1
1883 91 1
2532 91 1
2165 91 1
44 91 1
4722 91 1
2789 91 1
136 91 1
4232 91 1
1016 91 1
1225 91 1
2387 91 1
2651 91 1
4482 91 1
2702 91 1
4237 91 1
2555 91 1
1991 91 1
2315 91 1
1 91 1
37 91 1
3236 91 1
56 91 1
1546 91 1
4216 91 1
234 91 1
545 91 1
1285 91 1
0 91 1
2524 91 1
1436 91 1
2605 91 1
1848 91 1
330 91 1
891 91 1
863 91 1
276 91 1
2000 91 1
3139 91 1
1212 91 1
92 91 1
919 91 1
315 91 1
3872 91 1
155 91 1
323 91 1
1278 91 1
4295 91 1
132 91 1
44 91 1
1601 91 1
526 91 1
300 91 1
23 91 1
2457 91 1
230 91 1
1287 91 1
572 91 1
2141 91 1
173 91 1
272 91 1
3437 91 1
1628 91 1
1682 91 1
794 91 1
3360 91 1
987 91 1
1180 91 1
2131 91 1
486 91 1
1484 91 1
943 91 1
3746 91 1
85 91 1
131 91 1
3206 91 1
1004 91 1
4456 91 1
3951 91 1
108 91 1
1730 91 1
2177 91 1
1 91 1
747 91 1
38 91 1
2541 91 1
1467 91 1
4751 91 1
115 91 1
780 91 1
3623 91 1
306 91 1
3768 91 1
4958 91 1
4301 91 1
951 91 1
1063 91 1
2718 91 1
1112 91 1
11 91 1
5 91 1
3715 91 1
2176 91 1
2142 91 1
2012 91 1
2639 91 1
311 91 1
3293 91 1
1232 91 1
4510 91 1
41 91 1
2137 91 1
1047 91 1
1166 91 1
3907 91 1
2782 91 1
3617 91 1
336 91 1
365 91 1
4538 91 1
7 91 1
2192 91 1
112 91 1
1006 91 1
4425 91 1
562 91 1
2570 91 1
2343 91 1
248 91 1
56 91 1
196 91 1
97 91 1
4430 91 1
1640 91 1
502 91 1
2415 91 1
70 91 1
171 91 1
1971 91 1
2 91 1
1371 91 1
1586 91 1
1142 91 1
1531 91 1
1633 91 1
4224 91 1
247 91 1
184 91 1
896 91 1
2349 91 1
844 91 1
25 91 1
80 91 1
4140 91 1
3606 91 1
2068 91 1
3026 91 1
4175 91 1
403 91 1
4686 91 1
1965 91 1
632 91 1
2948 91 1
2840 91 1
2968 91 1
1884 91 1
4984 91 1
1948 91 1
2778 91 1
66 91 1
100 91 1
2355 91 1
1415 91 1
796 91 1
320 91 1
1237 91 1
132 91 1
14 91 1
56 91 1
328 91 1
409 91 1
245 91 1
2338 91 1
3203 91 1
19 91 1
6 91 1
573 91 1
721 91 1
67 91 1
1503 91 1
29 91 1
2668 91 1
2710 91 1
362 91 1
2106 91 1
1186 91 1
663 91 1
3643 91 1
4220 91 1
3878 91 1
3371 91 1
430 91 1
1370 91 1
26 91 1
1819 91 1
3784 91 1
753 91 1
3986 91 1
272 91 1
643 91 1
380 91 1
2430 91 1
391 91 1
25 91 1
81 91 1
4697 91 1
1249 92 1
49 92 1
374 92 1
724 92 1
1472 92 1
89 92 1
4 92 1
182 92 1
627 92 1
4708 92 1
23 92 1
3105 92 1
2193 92 1
3430 92 1
365 92 1
1816 92 1
4950 92 1
85 92 1
3283 92 1
4923 92 1
1905 92 1
551 92 1
2502 92 1
848 92 1
1916 92 1
314 92 1
912 92 1
1640 92 1
1965 92 1
4011 92 1
3737 92 1
3 92 1
2786 92 1
2067 92 1
257 92 1
4938 92 1
1321 92 1
1 92 1
455 92 1
994 92 1
3996 92 1
656 92 1
3314 92 1
355 92 1
908 92 1
172 92 1
1459 92 1
48 92 1
2103 92 1
2280 92 1
621 92 1
316 92 1
587 92 1
1840 92 1
1485 92 1
41 92 1
246 92 1
596 92 1
4120 92 1
4694 92 1
2022 92 1
141 92 1
800 92 1
1221 92 1
3203 92 1
63 92 1
510 92 1
346 92 1
100 92 1
2543 92 1
2459 92 1
2934 92 1
23 92 1
305 92 1
3672 92 1
33 92 1
734 92 1
3671 92 1
2715 92 1
408 92 1
4093 92 1
2046 92 1
1130 92 1
590 92 1
4002 92 1
925 92 1
1025 92 1
3875 92 1
768 92 1
3421 92 1
188 92 1
123 92 1
284 92 1
4113 92 1
378 92 1
2921 92 1
2300 92 1
1065 92 1
1892 92 1
1350 92 1
4217 92 1
4418 92 1
214 92 1
3815 92 1
4661 92 1
1395 92 1
3598 92 1
226 92 1
1630 92 1
2 92 1
1722 92 1
813 92 1
1350 92 1
493 92 1
3785 92 1
944 92 1
2445 92 1
505 92 1
2310 92 1
2027 92 1
883 92 1
1267 92 1
4851 92 1
2004 92 1
238 92 1
283 92 1
2994 92 1
4680 92 1
44 92 1
1668 92 1
935 92 1
537 92 1
1602 92 1
154 92 1
1 92 1
1084 92 1
1016 92 1
850 92 1
312 92 1
1756 92 1
953 92 1
2037 92 1
1556 92 1
798 92 1
2751 92 1
1623 92 1
435 92 1
3701 92 1
2675 92 1
60 92 1
1444 92 1
60 92 1
82 92 1
2406 92 1
1620 92 1
1049 92 1
2391 92 1
415 92 1
0 92 1
977 92 1
1512 92 1
1304 92 1
37 92 1
332 92 1
36 92 1
722 92 1
3916 92 1
2157 92 1
101 92 1
3869 92 1
2923 92 1
477 92 1
1927 92 1
1697 92 1
1670 92 1
1072 92 1
865 92 1
278 92 1
4459 92 1
1 92 1
89 92 1
150 92 1
569 92 1
3451 92 1
1133 92 1
1956 92 1
51 92 1
962 92 1
3827 92 1
95 92 1
4134 92 1
660 92 1
4416 92 1
2526 92 1
533 92 1
4286 92 1
1185 92 1
6 92 1
1406 92 1
862 92 1
1507 92 1
2949 92 1
5 92 1
281 92 1
694 92 1
135 92 1
1519 92 1
2563 92 1
4093 92 1
3063 92 1
1802 92 1
488 92 1
236 92 1
54 92 1
2776 92 1
536 92 1
4601 92 1
497 92 1
70 92 1
113 92 1
1923 92 1
4325 92 1
5 92 1
1384 92 1
1998 92 1
3363 92 1
51 92 1
3268 92 1
1687 92 1
2 92 1
2936 92 1
948 92 1
1901 92 1
3547 92 1
163 92 1
645 92 1
3882 92 1
2 92 1
53 92 1
810 92 1
1274 92 1
612 92 1
2129 92 1
3795 92 1
4901 92 1
2484 92 1
28 92 1
219 92 1
3119 92 1
11 92 1
358 92 1
683 92 1
576 92 1
4780 92 1
2008 92 1
217 92 1
4687 92 1
270 92 1
0 92 1
3855 92 1
22 92 1
446 92 1
4229 92 1
106 92 1
224 92 1
2640 92 1
869 92 1
3608 92 1
4895 92 1
983 92 1
550 92 1
736 92 1
855 92 1
2053 92 1
4610 92 1
1756 92 1
540 92 1
3916 92 1
4274 92 1
316 92 1
1413 92 1
905 92 1
3 92 1
1990 92 1
727 92 1
1780 92 1
4874 92 1
958 92 1
7 92 1
3174 92 1
1134 92 1
420 92 1
4253 92 1
814 92 1
3017 92 1
599 92 1
1090 92 1
2060 92 1
670 92 1
1593 92 1
2223 92 1
85 92 1
1440 92 1
2330 92 1
507 92 1
178 92 1
411 92 1
2458 92 1
1577 92 1
3 92 1
72 92 1
794 92 1
20 92 1
1565 92 1
4434 92 1
116 92 1
4241 92 1
0 92 1
2658 92 1
1979 92 1
193 92 1
2936 92 1
654 92 1
1457 92 1
140 92 1
1514 92 1
44 92 1
17 92 1
2506 92 1
4870 92 1
365 92 1
4720 92 1
730 92 1
4035 92 1
2898 92 1
253 92 1
1775 92 1
1788 92 1
4404 92 1
132 92 1
16 92 1
1003 92 1
4181 92 1
2093 92 1
1573 92 1
1760 93 1
3 93 1
475 93 1
1885 93 1
1552 93 1
3447 93 1
3350 93 1
0 93 1
3478 93 1
162 93 1
51 93 1
119 93 1
1764 93 1
311 93 1
987 93 1
1724 93 1
1025 93 1
1525 93 1
2376 93 1
2981 93 1
1633 93 1
2215 93 1
538 93 1
27 93 1
2122 93 1
5 93 1
950 93 1
2705 93 1
2543 93 1
2988 93 1
4660 93 1
3775 93 1
349 93 1
95 93 1
1722 93 1
4120 93 1
133 93 1
1427 93 1
130 93 1
3431 93 1
4592 93 1
2539 93 1
4902 93 1
42 93 1
201 93 1
1243 93 1
1231 93 1
91 93 1
1811 93 1
242 93 1
2843 93 1
1458 93 1
121 93 1
4970 93 1
1694 93 1
633 93 1
2768 93 1
3077 93 1
886 93 1
4955 93 1
2600 93 1
867 93 1
318 93 1
974 93 1
4791 93 1
2432 93 1
641 93 1
3624 93 1
941 93 1
11 93 1
3701 93 1
3055 93 1
1059 93 1
1208 93 1
1283 93 1
4881 93 1
47 93 1
2546 93 1
61 93 1
438 93 1
0 93 1
1409 93 1
758 93 1
3561 93 1
336 93 1
3809 93 1
4175 93 1
47 93 1
332 93 1
9 93 1
3005 93 1
2431 93 1
309 93 1
1251 93 1
1654 93 1
4672 93 1
4744 93 1
451 93 1
4407 93 1
1613 93 1
295 93 1
4817 93 1
1706 93 1
440 93 1
468 93 1
1843 93 1
223 93 1
829 93 1
329 93 1
1823 93 1
218 93 1
4218 93 1
1736 93 1
272 93 1
125 93 1
172 93 1
460 93 1
2155 93 1
26 93 1
2660 93 1
377 93 1
349 93 1
1835 93 1
4560 93 1
452 93 1
2304 93 1
1639 93 1
3073 93 1
671 93 1
2554 93 1
1611 93 1
154 93 1
1024 93 1
691 93 1
55 93 1
2269 93 1
2213 93 1
228 93 1
9 93 1
4917 93 1
3289 93 1
4266 93 1
645 93 1
4600 93 1
2405 93 1
218 93 1
2798 93 1
651 93 1
2807 93 1
2058 93 1
687 93 1
1015 93 1
1406 93 1
11 93 1
725 93 1
767 93 1
665 93 1
747 93 1
1703 93 1
88 93 1
503 93 1
16 93 1
4838 93 1
1112 93 1
974 93 1
266 93 1
392 93 1
188 93 1
34 93 1
2250 93 1
592 93 1
1603 93 1
1838 93 1
110 93 1
240 93 1
3969 93 1
727 93 1
1508 93 1
3135 93 1
3192 93 1
3823 93 1
4715 93 1
0 93 1
1037 93 1
2399 93 1
2167 93 1
7 93 1
2137 93 1
210 93 1
1839 93 1
4370 93 1
3051 93 1
4934 93 1
1678 93 1
478 93 1
4762 93 1
0 93 1
4980 93 1
974 93 1
1213 93 1
97 93 1
2341 93 1
0 93 1
492 93 1
6 93 1
57 93 1
2291 93 1
460 93 1
906 93 1
4780 93 1
4 93 1
224 93 1
2823 93 1
4 93 1
719 93 1
739 93 1
2895 93 1
4847 93 1
2575 93 1
2221 93 1
4 93 1
286 93 1
19 93 1
1211 93 1
417 93 1
8 93 1
1508 93 1
4765 93 1
771 93 1
2499 93 1
407 93 1
300 93 1
4220 93 1
2342 93 1
939 93 1
1868 93 1
2802 93 1
187 93 1
2229 93 1
3160 93 1
1472 93 1
1853 93 1
2001 93 1
259 93 1
500 93 1
4591 93 1
3020 93 1
1778 93 1
2 93 1
360 93 1
520 93 1
151 93 1
1776 93 1
1588 93 1
1830 93 1
4389 93 1
0 93 1
1744 93 1
4938 93 1
96 93 1
1055 93 1
1062 93 1
16 93 1
1486 93 1
0 93 1
53 93 1
2666 93 1
886 93 1
4436 93 1
2602 93 1
3306 93 1
319 93 1
2954 93 1
739 93 1
1335 93 1
4575 93 1
3479 93 1
4426 93 1
1345 93 1
1103 93 1
4222 93 1
16 93 1
1407 93 1
228 93 1
3342 93 1
733 93 1
4827 93 1
1241 93 1
294 93 1
2562 93 1
158 93 1
93 93 1
619 93 1
48 93 1
1325 93 1
1365 93 1
9 93 1
378 93 1
2779 93 1
2311 93 1
2584 93 1
840 93 1
783 93 1
4965 93 1
388 93 1
53 93 1
6 93 1
672 93 1
535 93 1
350 93 1
4546 93 1
66 93 1
1672 93 1
3004 93 1
1 93 1
2467 93 1
792 93 1
881 93 1
4512 93 1
1375 93 1
1165 93 1
669 93 1
2601 93 1
3786 93 1
4806 93 1
2922 93 1
66 93 1
2458 93 1
56 93 1
360 93 1
1378 93 1
1432 93 1
3599 93 1
439 93 1
3531 93 1
76 93 1
107 93 1
3906 93 1
78 93 1
34 93 1
3980 93 1
2730 93 1
88 93 1
4871 93 1
1559 93 1
1966 94 1
257 94 1
3741 94 1
1230 94 1
2540 94 1
1169 94 1
196 94 1
1171 94 1
531 94 1
441 94 1
71 94 1
1506 94 1
411 94 1
3686 94 1
1341 94 1
4619 94 1
471 94 1
4699 94 1
36 94 1
3168 94 1
3537 94 1
3072 94 1
668 94 1
1165 94 1
3028 94 1
2006 94 1
1648 94 1
4781 94 1
146 94 1
359 94 1
446 94 1
4976 94 1
0 94 1
3581 94 1
4700 94 1
4904 94 1
479 94 1
2347 94 1
493 94 1
38 94 1
1608 94 1
631 94 1
1203 94 1
1887 94 1
2445 94 1
1803 94 1
65 94 1
4645 94 1
44 94 1
2929 94 1
1835 94 1
3710 94 1
206 94 1
3523 94 1
644 94 1
640 94 1
159 94 1
329 94 1
2010 94 1
1420 94 1
2386 94 1
1012 94 1
244 94 1
2213 94 1
168 94 1
856 94 1
974 94 1
1 94 1
2288 94 1
1669 94 1
2010 94 1
1221 94 1
874 94 1
2 94 1
3557 94 1
319 94 1
145 94 1
3500 94 1
52 94 1
2144 94 1
1124 94 1
668 94 1
2405 94 1
727 94 1
2063 94 1
2810 94 1
1130 94 1
2781 94 1
4846 94 1
4737 94 1
833 94 1
2267 94 1
1505 94 1
413 94 1
260 94 1
146 94 1
865 94 1
10 94 1
3500 94 1
4380 94 1
748 94 1
1609 94 1
2052 94 1
4047 94 1
1339 94 1
2848 94 1
3882 94 1
1646 94 1
4555 94 1
147 94 1
4741 94 1
4659 94 1
1457 94 1
924 94 1
3373 94 1
1058 94 1
2062 94 1
2941 94 1
578 94 1
285 94 1
2309 94 1
4580 94 1
4444 94 1
2566 94 1
1172 94 1
3189 94 1
1103 94 1
71 94 1
2989 94 1
4910 94 1
13 94 1
130 94 1
3263 94 1
4606 94 1
18 94 1
3637 94 1
1280 94 1
691 94 1
482 94 1
264 94 1
227 94 1
2394 94 1
100 94 1
25 94 1
1794 94 1
688 94 1
2017 94 1
969 94 1
366 94 1
1053 94 1
481 94 1
2355 94 1
3891 94 1
174 94 1
312 94 1
0 94 1
3538 94 1
745 94 1
1679 94 1
4635 94 1
2811 94 1
2891 94 1
3817 94 1
3461 94 1
2956 94 1
1356 94 1
2683 94 1
1869 94 1
177 94 1
0 94 1
2041 94 1
854 94 1
3628 94 1
3924 94 1
1032 94 1
632 94 1
14 94 1
488 94 1
3326 94 1
179 94 1
4070 94 1
4818 94 1
1153 94 1
2971 94 1
3694 94 1
3365 94 1
1793 94 1
4803 94 1
398 94 1
2044 94 1
4652 94 1
12 94 1
440 94 1
0 94 1
1854 94 1
631 94 1
4314 94 1
2288 94 1
84 94 1
4775 94 1
256 94 1
1691 94 1
284 94 1
1151 94 1
881 94 1
3016 94 1
529 94 1
2606 94 1
4198 94 1
1267 94 1
513 94 1
8 94 1
0 94 1
316 94 1
828 94 1
995 94 1
4 94 1
3038 94 1
561 94 1
639 94 1
2082 94 1
13 94 1
2600 94 1
971 94 1
3363 94 1
378 94 1
2072 94 1
4017 94 1
3158 94 1
37 94 1
1464 94 1
2247 94 1
3519 94 1
3760 94 1
129 94 1
1230 94 1
1238 94 1
1950 94 1
4136 94 1
66 94 1
230 94 1
1521 94 1
3530 94 1
5 94 1
635 94 1
4334 94 1
2607 94 1
2045 94 1
2 94 1
3522 94 1
794 94 1
1317 94 1
859 94 1
989 94 1
315 94 1
4546 94 1
506 94 1
1202 94 1
1190 94 1
2462 94 1
1636 94 1
253 94 1
1071 94 1
432 94 1
3265 94 1
3181 94 1
563 94 1
2 94 1
2167 94 1
2238 94 1
1730 94 1
680 94 1
2684 94 1
4116 94 1
1198 94 1
2539 94 1
211 94 1
664 94 1
2086 94 1
4077 94 1
4765 94 1
2548 94 1
4960 94 1
41 94 1
2020 94 1
4501 94 1
4651 94 1
945 94 1
630 94 1
149 94 1
1956 94 1
2305 94 1
2274 94 1
2626 94 1
562 94 1
1898 94 1
1091 94 1
1 94 1
1789 94 1
17 94 1
1489 94 1
1359 94 1
2774 94 1
3946 94 1
341 94 1
1848 94 1
4606 94 1
173 94 1
1024 94 1
1726 94 1
4023 94 1
2212 94 1
3149 94 1
1767 94 1
507 94 1
2060 94 1
408 94 1
3402 94 1
3359 94 1
1884 94 1
3432 94 1
4680 94 1
39 94 1
2863 94 1
2068 94 1
845 94 1
2253 94 1
10 94 1
2055 94 1
2758 94 1
670 94 1
3136 94 1
3529 94 1
3686 94 1
1971 94 1
200 94 1
1006 94 1
873 94 1
90 94 1
482 94 1
4137 94 1
926 94 1
2439 94 1
1702 94 1
356 94 1
897 95 1
273 95 1
11 95 1
477 95 1
4907 95 1
3719 95 1
982 95 1
437 95 1
268 95 1
2542 95 1
556 95 1
3606 95 1
4612 95 1
904 95 1
374 95 1
116 95 1
3795 95 1
4506 95 1
351 95 1
354 95 1
1196 95 1
1 95 1
2023 95 1
741 95 1
1619 95 1
147 95 1
3311 95 1
876 95 1
4692 95 1
3169 95 1
872 95 1
469 95 1
225 95 1
1014 95 1
1375 95 1
1294 95 1
66 95 1
4126 95 1
616 95 1
291 95 1
1669 95 1
2043 95 1
337 95 1
3379 95 1
3928 95 1
201 95 1
1853 95 1
4081 95 1
1825 95 1
1044 95 1
700 95 1
52 95 1
2568 95 1
195 95 1
950 95 1
1415 95 1
379 95 1
3653 95 1
1128 95 1
3926 95 1
1347 95 1
3799 95 1
3320 95 1
3799 95 1
2981 95 1
51 95 1
2516 95 1
1673 95 1
759 95 1
747 95 1
3352 95 1
2107 95 1
4776 95 1
718 95 1
226 95 1
4956 95 1
1833 95 1
1410 95 1
4338 95 1
147 95 1
3829 95 1
1818 95 1
4061 95 1
2649 95 1
1977 95 1
2911 95 1
187 95 1
623 95 1
2058 95 1
2052 95 1
1349 95 1
3460 95 1
1741 95 1
64 95 1
2507 95 1
1494 95 1
4516 95 1
1511 95 1
3546 95 1
1575 95 1
1790 95 1
3270 95 1
167 95 1
1287 95 1
2178 95 1
33 95 1
2533 95 1
150 95 1
2080 95 1
2695 95 1
3735 95 1
1832 95 1
958 95 1
1260 95 1
2857 95 1
2985 95 1
2967 95 1
2058 95 1
678 95 1
919 95 1
4916 95 1
2564 95 1
1979 95 1
2991 95 1
3017 95 1
4808 95 1
8 95 1
3780 95 1
3816 95 1
2854 95 1
3283 95 1
322 95 1
235 95 1
260 95 1
2074 95 1
36 95 1
28 95 1
834 95 1
265 95 1
3844 95 1
321 95 1
81 95 1
246 95 1
435 95 1
2443 95 1
63 95 1
456 95 1
2412 95 1
3770 95 1
2024 95 1
394 95 1
1978 95 1
2075 95 1
3238 95 1
3692 95 1
1607 95 1
83 95 1
4856 95 1
85 95 1
2876 95 1
2625 95 1
3903 95 1
44 95 1
11 95 1
86 95 1
1577 95 1
0 95 1
1800 95 1
4759 95 1
1931 95 1
4638 95 1
154 95 1
6 95 1
1040 95 1
24 95 1
795 95 1
2950 95 1
4569 95 1
1101 95 1
148 95 1
93 95 1
69 95 1
1228 95 1
4598 95 1
980 95 1
4558 95 1
4512 95 1
1889 95 1
2821 95 1
1151 95 1
2354 95 1
698 95 1
1828 95 1
1288 95 1
4057 95 1
121 95 1
201 95 1
4572 95 1
3910 95 1
355 95 1
3 95 1
1284 95 1
2616 95 1
3430 95 1
1218 95 1
4818 95 1
179 95 1
2815 95 1
1 95 1
1684 95 1
1543 95 1
0 95 1
4558 95 1
2046 95 1
4700 95 1
4088 95 1
2681 95 1
2212 95 1
21 95 1
292 95 1
1307 95 1
30 95 1
679 95 1
106 95 1
4817 95 1
0 95 1
3712 95 1
1024 95 1
434 95 1
3386 95 1
2753 95 1
86 95 1
2234 95 1
822 95 1
108 95 1
1706 95 1
3429 95 1
1031 95 1
3129 95 1
2031 95 1
1042 95 1
192 95 1
361 95 1
819 95 1
1239 95 1
1778 95 1
3681 95 1
726 95 1
3800 95 1
88 95 1
1832 95 1
471 95 1
1665 95 1
2512 95 1
296 95 1
3223 95 1
3274 95 1
364 95 1
1528 95 1
1545 95 1
1304 95 1
3962 95 1
223 95 1
124 95 1
39 95 1
592 95 1
594 95 1
76 95 1
680 95 1
4227 95 1
113 95 1
968 95 1
262 95 1
2125 95 1
3813 95 1
2625 95 1
151 95 1
2181 95 1
619 95 1
4171 95 1
39 95 1
514 95 1
976 95 1
2470 95 1
4693 95 1
1231 95 1
844 95 1
11 95 1
28 95 1
3614 95 1
1676 95 1
1327 95 1
2037 95 1
817 95 1
208 95 1
3963 95 1
857 95 1
3628 95 1
2750 95 1
3360 95 1
3020 95 1
681 95 1
1664 95 1
112 95 1
1092 95 1
215 95 1
1592 95 1
957 95 1
1775 95 1
752 95 1
2916 95 1
152 95 1
4568 95 1
48 95 1
2 95 1
2527 95 1
1155 95 1
970 95 1
1968 95 1
1783 95 1
0 95 1
3604 95 1
440 95 1
3221 95 1
145 95 1
1683 95 1
2875 95 1
3481 95 1
102 95 1
25 95 1
1213 95 1
1016 95 1
2547 95 1
3674 95 1
3857 95 1
865 95 1
87 95 1
2274 95 1
111 95 1
783 95 1
2500 95 1
96 95 1
1406 95 1
1179 95 1
3162 95 1
2126 96 1
1436 96 1
3569 96 1
3687 96 1
40 96 1
1062 96 1
2918 96 1
40 96 1
4687 96 1
2211 96 1
502 96 1
2904 96 1
4049 96 1
4457 96 1
761 96 1
4600 96 1
882 96 1
672 96 1
172 96 1
370 96 1
2908 96 1
917 96 1
9 96 1
4827 96 1
462 96 1
925 96 1
330 96 1
4462 96 1
1951 96 1
2385 96 1
1066 96 1
1696 96 1
228 96 1
562 96 1
4938 96 1
4323 96 1
1317 96 1
4987 96 1
3256 96 1
34 96 1
1173 96 1
4983 96 1
1365 96 1
45 96 1
3705 96 1
2584 96 1
306 96 1
647 96 1
4598 96 1
4783 96 1
3328 96 1
2243 96 1
4759 96 1
520 96 1
1345 96 1
741 96 1
530 96 1
3185 96 1
170 96 1
249 96 1
4964 96 1
2592 96 1
2320 96 1
3378 96 1
3686 96 1
2312 96 1
86 96 1
4423 96 1
2033 96 1
88 96 1
84 96 1
1382 96 1
881 96 1
2232 96 1
2769 96 1
4634 96 1
12 96 1
1882 96 1
11 96 1
5 96 1
25 96 1
2401 96 1
2668 96 1
2415 96 1
366 96 1
1469 96 1
514 96 1
4859 96 1
5 96 1
58 96 1
2158 96 1
1215 96 1
3093 96 1
4679 96 1
2812 96 1
3909 96 1
180 96 1
4403 96 1
2054 96 1
1481 96 1
111 96 1
2334 96 1
1981 96 1
3288 96 1
880 96 1
1072 96 1
82 96 1
2577 96 1
4950 96 1
4930 96 1
1378 96 1
2478 96 1
4732 96 1
1716 96 1
2 96 1
3079 96 1
3 96 1
2130 96 1
333 96 1
3024 96 1
2799 96 1
2476 96 1
3839 96 1
425 96 1
177 96 1
2115 96 1
49 96 1
85 96 1
4893 96 1
4049 96 1
2948 96 1
2822 96 1
162 96 1
76 96 1
808 96 1
4671 96 1
124 96 1
106 96 1
366 96 1
517 96 1
4808 96 1
2985 96 1
1469 96 1
25 96 1
3182 96 1
4481 96 1
2365 96 1
5 96 1
4079 96 1
3223 96 1
1164 96 1
11 96 1
26 96 1
6 96 1
60 96 1
1247 96 1
320 96 1
4353 96 1
467 96 1
1720 96 1
231 96 1
3018 96 1
4124 96 1
2 96 1
3445 96 1
649 96 1
975 96 1
247 96 1
4649 96 1
2817 96 1
25 96 1
3012 96 1
105 96 1
3142 96 1
483 96 1
1286 96 1
2103 96 1
2777 96 1
22 96 1
756 96 1
1368 96 1
4384 96 1
265 96 1
54 96 1
4557 96 1
1871 96 1
1964 96 1
43 96 1
106 96 1
273 96 1
2372 96 1
3716 96 1
2334 96 1
4022 96 1
1192 96 1
1238 96 1
926 96 1
3099 96 1
236 96 1
2828 96 1
3373 96 1
1201 96 1
3095 96 1
1442 96 1
363 96 1
319 96 1
2969 96 1
1172 96 1
1619 96 1
1631 96 1
271 96 1
3931 96 1
3 96 1
4510 96 1
1 96 1
2989 96 1
552 96 1
3621 96 1
9 96 1
4338 96 1
295 96 1
4054 96 1
2190 96 1
65 96 1
0 96 1
4893 96 1
253 96 1
394 96 1
586 96 1
2784 96 1
1101 96 1
816 96 1
784 96 1
1180 96 1
3675 96 1
4521 96 1
4007 96 1
65 96 1
4916 96 1
0 96 1
2029 96 1
2689 96 1
920 96 1
391 96 1
39 96 1
3074 96 1
3728 96 1
4420 96 1
3386 96 1
228 96 1
2 96 1
3589 96 1
1210 96 1
110 96 1
2 96 1
940 96 1
135 96 1
2498 96 1
13 96 1
3139 96 1
1704 96 1
1451 96 1
1740 96 1
1603 96 1
1040 96 1
2843 96 1
2009 96 1
1050 96 1
2006 96 1
1889 96 1
64 96 1
3736 96 1
2 96 1
2129 96 1
1107 96 1
2889 96 1
1028 96 1
2543 96 1
110 96 1
1108 96 1
10 96 1
762 96 1
143 96 1
180 96 1
3237 96 1
1258 96 1
189 96 1
0 96 1
1872 96 1
443 96 1
708 96 1
124 96 1
148 96 1
2717 96 1
85 96 1
314 96 1
423 96 1
2748 96 1
3840 96 1
129 96 1
4423 96 1
3455 96 1
2426 96 1
35 96 1
302 96 1
317 96 1
1812 96 1
3720 96 1
3676 96 1
1069 96 1
690 96 1
0 96 1
0 96 1
1749 96 1
4060 96 1
0 96 1
1517 96 1
358 96 1
1350 96 1
3 96 1
2411 96 1
1480 96 1
191 96 1
86 96 1
360 96 1
1528 96 1
660 96 1
276 96 1
2169 96 1
9 96 1
4155 96 1
50 96 1
2334 96 1
1563 96 1
4468 96 1
4103 96 1
222 96 1
73 96 1
3802 96 1
2735 96 1
1811 96 1
253 96 1
1078 96 1
3160 96 1
1623 96 1
2233 97 1
1983 97 1
4247 97 1
536 97 1
44 97 1
486 97 1
4721 97 1
2085 97 1
2354 97 1
4925 97 1
3249 97 1
28 97 1
1065 97 1
98 97 1
65 97 1
2474 97 1
89 97 1
4259 97 1
2161 97 1
3700 97 1
595 97 1
88 97 1
216 97 1
1962 97 1
20 97 1
2233 97 1
2197 97 1
4580 97 1
2292 97 1
78 97 1
578 97 1
3754 97 1
0 97 1
19 97 1
1652 97 1
4562 97 1
1018 97 1
21 97 1
2 97 1
0 97 1
67 97 1
4488 97 1
2601 97 1
2115 97 1
2214 97 1
994 97 1
3335 97 1
2263 97 1
1426 97 1
2581 97 1
1681 97 1
117 97 1
173 97 1
3777 97 1
554 97 1
1524 97 1
2795 97 1
1868 97 1
3216 97 1
4060 97 1
495 97 1
549 97 1
2803 97 1
109 97 1
63 97 1
2621 97 1
1526 97 1
37 97 1
278 97 1
392 97 1
201 97 1
614 97 1
168 97 1
1065 97 1
175 97 1
2736 97 1
164 97 1
428 97 1
4957 97 1
1585 97 1
88 97 1
404 97 1
2471 97 1
2867 97 1
21 97 1
440 97 1
2092 97 1
1764 97 1
410 97 1
210 97 1
165 97 1
3870 97 1
3119 97 1
53 97 1
7 97 1
1708 97 1
2062 97 1
854 97 1
3036 97 1
127 97 1
3451 97 1
1052 97 1
55 97 1
934 97 1
4208 97 1
1511 97 1
4336 97 1
518 97 1
955 97 1
4092 97 1
14 97 1
0 97 1
3090 97 1
2607 97 1
3808 97 1
2204 97 1
1321 97 1
2512 97 1
4 97 1
827 97 1
3795 97 1
1814 97 1
286 97 1
93 97 1
1905 97 1
1362 97 1
0 97 1
1838 97 1
22 97 1
2738 97 1
2 97 1
2326 97 1
538 97 1
2057 97 1
1998 97 1
3237 97 1
98 97 1
2191 97 1
497 97 1
1038 97 1
880 97 1
2063 97 1
311 97 1
128 97 1
2146 97 1
1638 97 1
269 97 1
4245 97 1
295 97 1
2649 97 1
306 97 1
4024 97 1
4073 97 1
101 97 1
1211 97 1
1089 97 1
3484 97 1
4 97 1
2111 97 1
2561 97 1
2060 97 1
4961 97 1
3877 97 1
2652 97 1
2 97 1
242 97 1
1265 97 1
286 97 1
232 97 1
614 97 1
1276 97 1
255 97 1
561 97 1
836 97 1
54 97 1
351 97 1
625 97 1
378 97 1
237 97 1
4579 97 1
1833 97 1
35 97 1
976 97 1
2433 97 1
435 97 1
4826 97 1
134 97 1
197 97 1
1129 97 1
2811 97 1
1224 97 1
1231 97 1
149 97 1
4709 97 1
356 97 1
1510 97 1
2414 97 1
4832 97 1
2 97 1
1068 97 1
429 97 1
2068 97 1
2905 97 1
1475 97 1
3925 97 1
4544 97 1
1542 97 1
4576 97 1
651 97 1
465 97 1
1971 97 1
1659 97 1
913 97 1
2999 97 1
255 97 1
3790 97 1
84 97 1
4708 97 1
821 97 1
681 97 1
2024 97 1
618 97 1
139 97 1
174 97 1
201 97 1
1606 97 1
1929 97 1
1587 97 1
139 97 1
1854 97 1
3041 97 1
942 97 1
1752 97 1
448 97 1
1 97 1
128 97 1
626 97 1
5 97 1
64 97 1
4858 97 1
3405 97 1
24 97 1
4390 97 1
135 97 1
3643 97 1
2908 97 1
2151 97 1
312 97 1
3232 97 1
1632 97 1
2680 97 1
2296 97 1
1 97 1
546 97 1
183 97 1
4420 97 1
3024 97 1
1544 97 1
2071 97 1
584 97 1
2914 97 1
77 97 1
121 97 1
2299 97 1
3586 97 1
3563 97 1
89 97 1
4576 97 1
45 97 1
3225 97 1
2793 97 1
1259 97 1
2445 97 1
1603 97 1
526 97 1
2200 97 1
414 97 1
2357 97 1
18 97 1
191 97 1
792 97 1
937 97 1
4691 97 1
140 97 1
1635 97 1
1966 97 1
9 97 1
2416 97 1
992 97 1
3450 97 1
4817 97 1
2437 97 1
9 97 1
531 97 1
1058 97 1
0 97 1
853 97 1
1555 97 1
3310 97 1
268 97 1
4968 97 1
1006 97 1
62 97 1
486 97 1
123 97 1
1734 97 1
3473 97 1
273 97 1
2833 97 1
752 97 1
2700 97 1
2 97 1
4212 97 1
1386 97 1
171 97 1
1326 97 1
2305 97 1
1258 97 1
3675 97 1
371 97 1
931 97 1
4541 97 1
1210 97 1
2297 97 1
42 97 1
1 97 1
0 97 1
2416 97 1
4844 97 1
2090 97 1
179 97 1
3670 97 1
0 97 1
1249 97 1
1175 97 1
42 97 1
1906 97 1
3764 97 1
7 97 1
1001 97 1
1939 97 1
383 97 1
2378 97 1
551 97 1
3217 97 1
500 98 1
267 98 1
195 98 1
1829 98 1
1026 98 1
151 98 1
794 98 1
4129 98 1
4491 98 1
1481 98 1
3029 98 1
1903 98 1
884 98 1
18 98 1
3953 98 1
13 98 1
3582 98 1
2735 98 1
29 98 1
4589 98 1
2387 98 1
3058 98 1
1974 98 1
589 98 1
968 98 1
62 98 1
3417 98 1
1461 98 1
995 98 1
4230 98 1
158 98 1
2988 98 1
4054 98 1
43 98 1
1701 98 1
4811 98 1
12 98 1
1945 98 1
3267 98 1
140 98 1
4271 98 1
634 98 1
751 98 1
4192 98 1
3638 98 1
1125 98 1
854 98 1
2155 98 1
1111 98 1
92 98 1
3145 98 1
2953 98 1
3147 98 1
971 98 1
340 98 1
114 98 1
4897 98 1
826 98 1
1303 98 1
1229 98 1
1738 98 1
1284 98 1
871 98 1
364 98 1
2749 98 1
600 98 1
49 98 1
410 98 1
2442 98 1
1961 98 1
926 98 1
1729 98 1
218 98 1
1902 98 1
4521 98 1
14 98 1
4411 98 1
3781 98 1
2 98 1
72 98 1
2855 98 1
286 98 1
1238 98 1
4204 98 1
4963 98 1
1158 98 1
2803 98 1
22 98 1
2504 98 1
271 98 1
1009 98 1
4479 98 1
948 98 1
1031 98 1
453 98 1
4182 98 1
863 98 1
3850 98 1
2889 98 1
3175 98 1
1182 98 1
723 98 1
282 98 1
731 98 1
2853 98 1
179 98 1
1255 98 1
25 98 1
43 98 1
360 98 1
3108 98 1
340 98 1
155 98 1
188 98 1
4427 98 1
398 98 1
736 98 1
1313 98 1
510 98 1
41 98 1
4156 98 1
4 98 1
4273 98 1
662 98 1
1775 98 1
33 98 1
1927 98 1
1288 98 1
2446 98 1
2196 98 1
3084 98 1
3755 98 1
2158 98 1
349 98 1
636 98 1
980 98 1
2561 98 1
2169 98 1
2373 98 1
4059 98 1
3127 98 1
62 98 1
235 98 1
2047 98 1
2598 98 1
139 98 1
698 98 1
1619 98 1
2937 98 1
1767 98 1
434 98 1
4642 98 1
1021 98 1
4255 98 1
2814 98 1
4718 98 1
910 98 1
3887 98 1
2356 98 1
68 98 1
2631 98 1
4885 98 1
421 98 1
346 98 1
3274 98 1
217 98 1
4738 98 1
34 98 1
4016 98 1
62 98 1
4294 98 1
4916 98 1
4728 98 1
1027 98 1
571 98 1
1552 98 1
36 98 1
2390 98 1
2261 98 1
152 98 1
1252 98 1
1 98 1
3046 98 1
2579 98 1
1255 98 1
236 98 1
0 98 1
1580 98 1
2302 98 1
2655 98 1
656 98 1
2137 98 1
1393 98 1
4367 98 1
2393 98 1
2897 98 1
1827 98 1
270 98 1
2764 98 1
2243 98 1
1027 98 1
117 98 1
1976 98 1
4749 98 1
1064 98 1
4232 98 1
4219 98 1
241 98 1
1635 98 1
4471 98 1
937 98 1
501 98 1
1305 98 1
1735 98 1
4419 98 1
1336 98 1
3919 98 1
1441 98 1
201 98 1
15 98 1
254 98 1
106 98 1
876 98 1
3267 98 1
2618 98 1
22 98 1
3601 98 1
2422 98 1
157 98 1
186 98 1
229 98 1
463 98 1
172 98 1
1925 98 1
1698 98 1
198 98 1
3815 98 1
2913 98 1
3829 98 1
2892 98 1
471 98 1
967 98 1
3653 98 1
230 98 1
2201 98 1
4003 98 1
2902 98 1
3700 98 1
1624 98 1
1655 98 1
2100 98 1
3918 98 1
4215 98 1
2379 98 1
4 98 1
1465 98 1
1025 98 1
1055 98 1
4874 98 1
414 98 1
308 98 1
3064 98 1
1705 98 1
201 98 1
3215 98 1
2280 98 1
1801 98 1
431 98 1
56 98 1
4727 98 1
1 98 1
0 98 1
133 98 1
3505 98 1
2288 98 1
2297 98 1
592 98 1
2628 98 1
772 98 1
4016 98 1
459 98 1
409 98 1
158 98 1
168 98 1
4756 98 1
22 98 1
2809 98 1
1555 98 1
86 98 1
3392 98 1
65 98 1
1040 98 1
1657 98 1
33 98 1
2535 98 1
2747 98 1
2106 98 1
2085 98 1
3892 98 1
4930 98 1
192 98 1
126 98 1
142 98 1
216 98 1
987 98 1
410 98 1
349 98 1
0 98 1
3989 98 1
934 98 1
1484 98 1
4840 98 1
3304 98 1
4061 98 1
2444 98 1
424 98 1
42 98 1
6 98 1
2628 98 1
773 98 1
1486 98 1
0 98 1
709 98 1
22 98 1
57 98 1
3830 98 1
2701 98 1
18 98 1
2132 98 1
208 98 1
1908 98 1
20 98 1
62 98 1
391 98 1
3458 98 1
4859 98 1
1247 98 1
1038 98 1
1477 98 1
2773 98 1
440 98 1
1264 98 1
34 98 1
1629 98 1
4267 98 1
1534 99 1
3630 99 1
2589 99 1
900 99 1
3957 99 1
4985 99 1
481 99 1
3317 99 1
1004 99 1
210 99 1
504 99 1
571 99 1
165 99 1
3491 99 1
105 99 1
2739 99 1
179 99 1
18 99 1
1224 99 1
1495 99 1
3061 99 1
332 99 1
3634 99 1
1468 99 1
172 99 1
500 99 1
3201 99 1
958 99 1
3151 99 1
1665 99 1
694 99 1
1740 99 1
1332 99 1
3353 99 1
217 99 1
671 99 1
1982 99 1
219 99 1
3284 99 1
2995 99 1
783 99 1
3632 99 1
812 99 1
1463 99 1
4526 99 1
2217 99 1
3885 99 1
1223 99 1
3771 99 1
182 99 1
488 99 1
3489 99 1
1610 99 1
300 99 1
1060 99 1
3723 99 1
2129 99 1
3171 99 1
1307 99 1
1295 99 1
1581 99 1
47 99 1
997 99 1
1275 99 1
82 99 1
62 99 1
3461 99 1
3972 99 1
1757 99 1
1530 99 1
2368 99 1
1039 99 1
2433 99 1
27 99 1
3095 99 1
1406 99 1
4756 99 1
327 99 1
68 99 1
197 99 1
2038 99 1
506 99 1
4487 99 1
980 99 1
4444 99 1
214 99 1
1636 99 1
3648 99 1
595 99 1
154 99 1
4510 99 1
93 99 1
314 99 1
238 99 1
2208 99 1
1292 99 1
4554 99 1
1953 99 1
1418 99 1
405 99 1
45 99 1
3559 99 1
808 99 1
4183 99 1
3153 99 1
4370 99 1
1881 99 1
282 99 1
1570 99 1
2305 99 1
1253 99 1
1115 99 1
1 99 1
1024 99 1
2534 99 1
596 99 1
3345 99 1
1287 99 1
3445 99 1
5 99 1
108 99 1
3659 99 1
3705 99 1
275 99 1
14 99 1
238 99 1
2933 99 1
4396 99 1
3344 99 1
1667 99 1
37 99 1
4045 99 1
2952 99 1
1264 99 1
2526 99 1
878 99 1
2511 99 1
3708 99 1
1084 99 1
3439 99 1
2333 99 1
3632 99 1
2882 99 1
2917 99 1
1197 99 1
2759 99 1
435 99 1
30 99 1
86 99 1
3013 99 1
3416 99 1
1836 99 1
2728 99 1
1602 99 1
1878 99 1
174 99 1
495 99 1
475 99 1
236 99 1
578 99 1
4010 99 1
637 99 1
881 99 1
368 99 1
0 99 1
1878 99 1
1979 99 1
13 99 1
611 99 1
4229 99 1
142 99 1
1335 99 1
48 99 1
1430 99 1
1 99 1
2581 99 1
54 99 1
3440 99 1
528 99 1
2639 99 1
2637 99 1
387 99 1
1993 99 1
1870 99 1
1392 99 1
459 99 1
3534 99 1
2021 99 1
1256 99 1
816 99 1
1239 99 1
572 99 1
1769 99 1
381 99 1
1458 99 1
85 99 1
4668 99 1
596 99 1
1 99 1
37 99 1
18 99 1
586 99 1
3632 99 1
1183 99 1
3020 99 1
3677 99 1
1650 99 1
2352 99 1
580 99 1
669 99 1
907 99 1
43 99 1
3498 99 1
1038 99 1
21 99 1
3422 99 1
962 99 1
1041 99 1
2283 99 1
2511 99 1
93 99 1
3315 99 1
2647 99 1
179 99 1
1448 99 1
783 99 1
1225 99 1
543 99 1
837 99 1
2970 99 1
2412 99 1
196 99 1
1768 99 1
38 99 1
2487 99 1
1859 99 1
4607 99 1
592 99 1
3392 99 1
590 99 1
492 99 1
3660 99 1
2 99 1
1342 99 1
727 99 1
511 99 1
2140 99 1
336 99 1
1315 99 1
2621 99 1
4005 99 1
341 99 1
1506 99 1
1978 99 1
1623 99 1
106 99 1
798 99 1
52 99 1
1377 99 1
963 99 1
2045 99 1
3612 99 1
1498 99 1
1127 99 1
330 99 1
35 99 1
2286 99 1
2393 99 1
2 99 1
3216 99 1
891 99 1
370 99 1
4272 99 1
193 99 1
1551 99 1
4590 99 1
3606 99 1
2447 99 1
59 99 1
1324 99 1
39 99 1
1049 99 1
4 99 1
2774 99 1
3559 99 1
1148 99 1
1628 99 1
1883 99 1
1840 99 1
234 99 1
2858 99 1
967 99 1
143 99 1
11 99 1
16 99 1
4904 99 1
1150 99 1
124 99 1
134 99 1
1189 99 1
3337 99 1
523 99 1
438 99 1
3184 99 1
2454 99 1
0 99 1
3104 99 1
1622 99 1
18 99 1
425 99 1
110 99 1
3608 99 1
103 99 1
2376 99 1
1158 99 1
1978 99 1
4440 99 1
2115 99 1
153 99 1
471 99 1
2351 99 1
729 99 1
5 99 1
228 99 1
480 99 1
80 99 1
287 99 1
2689 99 1
563 99 1
3444 99 1
2350 99 1
4614 99 1
3628 99 1
1454 99 1
0 99 1
16 99 1
4266 99 1
1882 99 1
979 99 1
908 99 1
4040 99 1
3340 99 1
210 99 1
4981 99 1
444 99 1
83 100 1
224 100 1
2171 100 1
3701 100 1
110 100 1
4 100 1
2043 100 1
2317 100 1
1881 100 1
1881 100 1
1374 100 1
3 100 1
40 100 1
3038 100 1
4089 100 1
1770 100 1
349 100 1
71 100 1
19 100 1
1202 100 1
1077 100 1
818 100 1
9 100 1
2604 100 1
680 100 1
4784 100 1
4809 100 1
2768 100 1
4589 100 1
2467 100 1
4428 100 1
900 100 1
144 100 1
1385 100 1
263 100 1
126 100 1
831 100 1
6 100 1
4290 100 1
1587 100 1
864 100 1
1866 100 1
984 100 1
1081 100 1
2010 100 1
3348 100 1
4025 100 1
563 100 1
2 100 1
4493 100 1
6 100 1
3304 100 1
156 100 1
3994 100 1
337 100 1
399 100 1
340 100 1
256 100 1
371 100 1
2110 100 1
1064 100 1
4126 100 1
4419 100 1
19 100 1
3675 100 1
1597 100 1
4706 100 1
3761 100 1
4675 100 1
3689 100 1
409 100 1
2069 100 1
1024 100 1
979 100 1
695 100 1
84 100 1
1052 100 1
3482 100 1
4928 100 1
1771 100 1
1338 100 1
775 100 1
821 100 1
2372 100 1
3798 100 1
1516 100 1
8 100 1
3311 100 1
24 100 1
569 100 1
1838 100 1
1336 100 1
12 100 1
907 100 1
771 100 1
2346 100 1
501 100 1
3654 100 1
1011 100 1
611 100 1
4575 100 1
1224 100 1
2577 100 1
2401 100 1
4290 100 1
2277 100 1
3205 100 1
1806 100 1
2756 100 1
4415 100 1
434 100 1
463 100 1
1832 100 1
3072 100 1
3129 100 1
476 100 1
3449 100 1
4757 100 1
15 100 1
414 100 1
1155 100 1
1164 100 1
734 100 1
1014 100 1
2349 100 1
1322 100 1
3328 100 1
3166 100 1
2972 100 1
4556 100 1
4657 100 1
2716 100 1
15 100 1
3689 100 1
25 100 1
2291 100 1
164 100 1
71 100 1
4345 100 1
940 100 1
15 100 1
2439 100 1
3078 100 1
2546 100 1
2244 100 1
2994 100 1
236 100 1
1852 100 1
2318 100 1
2842 100 1
3515 100 1
2399 100 1
3905 100 1
1107 100 1
157 100 1
650 100 1
1462 100 1
691 100 1
1419 100 1
3235 100 1
438 100 1
23 100 1
1996 100 1
111 100 1
2526 100 1
3352 100 1
4937 100 1
3491 100 1
4038 100 1
4774 100 1
65 100 1
756 100 1
985 100 1
1319 100 1
2075 100 1
23 100 1
4147 100 1
3211 100 1
796 100 1
3600 100 1
3449 100 1
1900 100 1
2611 100 1
2622 100 1
995 100 1
2701 100 1
642 100 1
2142 100 1
3009 100 1
222 100 1
97 100 1
1665 100 1
232 100 1
1637 100 1
143 100 1
0 100 1
4159 100 1
4357 100 1
37 100 1
4887 100 1
681 100 1
1996 100 1
3021 100 1
88 100 1
40 100 1
0 100 1
1976 100 1
197 100 1
2016 100 1
77 100 1
419 100 1
1993 100 1
54 100 1
28 100 1
1568 100 1
2036 100 1
3272 100 1
1108 100 1
3796 100 1
3596 100 1
3868 100 1
4071 100 1
4504 100 1
1413 100 1
1517 100 1
419 100 1
3778 100 1
970 100 1
3690 100 1
2994 100 1
281 100 1
4663 100 1
4963 100 1
1100 100 1
413 100 1
4752 100 1
74 100 1
2215 100 1
4871 100 1
552 100 1
874 100 1
814 100 1
2279 100 1
0 100 1
6 100 1
68 100 1
332 100 1
1607 100 1
1718 100 1
807 100 1
3136 100 1
2457 100 1
2704 100 1
5 100 1
3 100 1
3401 100 1
1260 100 1
99 100 1
3770 100 1
196 100 1
36 100 1
218 100 1
1846 100 1
3245 100 1
95 100 1
3055 100 1
824 100 1
289 100 1
1378 100 1
10 100 1
398 100 1
451 100 1
2713 100 1
1930 100 1
2556 100 1
1205 100 1
1696 100 1
119 100 1
280 100 1
399 100 1
1118 100 1
916 100 1
3881 100 1
4968 100 1
90 100 1
82 100 1
367 100 1
483 100 1
541 100 1
230 100 1
1615 100 1
4744 100 1
3357 100 1
3218 100 1
2738 100 1
3062 100 1
1796 100 1
165 100 1
2145 100 1
123 100 1
157 100 1
2092 100 1
4160 100 1
1791 100 1
2122 100 1
1177 100 1
498 100 1
1032 100 1
460 100 1
1215 100 1
4179 100 1
932 100 1
46 100 1
2634 100 1
0 100 1
3344 100 1
657 100 1
223 100 1
194 100 1
1736 100 1
464 100 1
3490 100 1
13 100 1
31 100 1
80 100 1
603 100 1
1047 100 1
232 100 1
4447 100 1
2504 100 1
3516 100 1
3074 100 1
29 100 1
2491 100 1
2681 100 1
466 100 1
6 100 1
2027 100 1
3877 100 1
1679 100 1
600 100 1
240 100 1
3809 100 1
4597 100 1
4 100 1
4459 101 1
2126 101 1
184 101 1
404 101 1
2757 101 1
1303 101 1
37 101 1
282 101 1
2833 101 1
4285 101 1
2404 101 1
591 101 1
2924 101 1
58 101 1
2097 101 1
173 101 1
4159 101 1
846 101 1
59 101 1
301 101 1
1389 101 1
10 101 1
1236 101 1
42 101 1
3085 101 1
1758 101 1
315 101 1
1352 101 1
3682 101 1
3970 101 1
2402 101 1
2004 101 1
3587 101 1
4870 101 1
234 101 1
380 101 1
3659 101 1
1949 101 1
1714 101 1
1614 101 1
163 101 1
3949 101 1
2734 101 1
24 101 1
146 101 1
3754 101 1
1764 101 1
4984 101 1
4921 101 1
1534 101 1
126 101 1
2002 101 1
1411 101 1
2826 101 1
83 101 1
784 101 1
715 101 1
2655 101 1
3405 101 1
1840 101 1
2566 101 1
2853 101 1
196 101 1
2243 101 1
1190 101 1
9 101 1
285 101 1
3567 101 1
4122 101 1
1948 101 1
3221 101 1
1974 101 1
563 101 1
121 101 1
2722 101 1
2952 101 1
965 101 1
309 101 1
2188 101 1
514 101 1
2644 101 1
232 101 1
2039 101 1
1916 101 1
3469 101 1
1416 101 1
1482 101 1
314 101 1
0 101 1
0 101 1
850 101 1
3236 101 1
4654 101 1
0 101 1
3712 101 1
2356 101 1
2911 101 1
653 101 1
2634 101 1
2930 101 1
4702 101 1
4455 101 1
2 101 1
2700 101 1
14 101 1
3858 101 1
2655 101 1
3665 101 1
965 101 1
86 101 1
2970 101 1
2751 101 1
2095 101 1
1 101 1
4342 101 1
4641 101 1
1842 101 1
522 101 1
2592 101 1
2604 101 1
644 101 1
92 101 1
1023 101 1
4605 101 1
103 101 1
297 101 1
2952 101 1
120 101 1
4624 101 1
363 101 1
378 101 1
162 101 1
2030 101 1
100 101 1
72 101 1
320 101 1
2861 101 1
791 101 1
3317 101 1
3715 101 1
118 101 1
2659 101 1
965 101 1
1296 101 1
1690 101 1
2684 101 1
2217 101 1
2031 101 1
1633 101 1
2279 101 1
12 101 1
612 101 1
1514 101 1
3592 101 1
36 101 1
349 101 1
368 101 1
2774 101 1
2241 101 1
129 101 1
1439 101 1
1812 101 1
2089 101 1
543 101 1
3706 101 1
655 101 1
3895 101 1
3102 101 1
2650 101 1
348 101 1
805 101 1
269 101 1
4425 101 1
1687 101 1
19 101 1
492 101 1
2490 101 1
115 101 1
4846 101 1
785 101 1
579 101 1
2032 101 1
557 101 1
399 101 1
28 101 1
18 101 1
3781 101 1
2420 101 1
3621 101 1
152 101 1
1134 101 1
2992 101 1
38 101 1
174 101 1
440 101 1
3560 101 1
42 101 1
1961 101 1
3679 101 1
312 101 1
19 101 1
212 101 1
2857 101 1
4089 101 1
473 101 1
4175 101 1
1487 101 1
857 101 1
3315 101 1
2710 101 1
381 101 1
945 101 1
1547 101 1
2469 101 1
47 101 1
775 101 1
4731 101 1
1780 101 1
4388 101 1
1192 101 1
158 101 1
364 101 1
143 101 1
2673 101 1
821 101 1
869 101 1
117 101 1
4504 101 1
854 101 1
1403 101 1
295 101 1
2996 101 1
3216 101 1
3003 101 1
3161 101 1
1969 101 1
566 101 1
2797 101 1
1 101 1
2970 101 1
3402 101 1
2142 101 1
2139 101 1
2749 101 1
4889 101 1
11 101 1
3098 101 1
1465 101 1
463 101 1
2588 101 1
1913 101 1
4277 101 1
154 101 1
119 101 1
1939 101 1
2777 101 1
3644 101 1
3662 101 1
901 101 1
1851 101 1
3303 101 1
35 101 1
18 101 1
1558 101 1
2242 101 1
1166 101 1
1923 101 1
55 101 1
2159 101 1
137 101 1
495 101 1
4780 101 1
0 101 1
200 101 1
1905 101 1
283 101 1
3624 101 1
1464 101 1
1672 101 1
1705 101 1
1478 101 1
4679 101 1
3399 101 1
2147 101 1
832 101 1
1680 101 1
122 101 1
711 101 1
3408 101 1
4432 101 1
581 101 1
533 101 1
239 101 1
1821 101 1
4203 101 1
2781 101 1
1165 101 1
3447 101 1
3249 101 1
688 101 1
492 101 1
2281 101 1
1843 101 1
1350 101 1
3965 101 1
4116 101 1
534 101 1
2067 101 1
999 101 1
1730 101 1
757 101 1
168 101 1
2673 101 1
1475 101 1
1403 101 1
48 101 1
130 101 1
2432 101 1
4883 101 1
1947 101 1
764 101 1
1845 101 1
0 101 1
2463 101 1
3594 101 1
4165 101 1
255 101 1
2464 101 1
2139 101 1
4044 101 1
1249 101 1
3283 101 1
75 101 1
2442 101 1
40 101 1
2459 101 1
4215 101 1
3 101 1
3322 101 1
3291 101 1
3098 101 1
3843 101 1
4817 101 1
1481 101 1
1504 101 1
183 102 1
1219 102 1
3603 102 1
498 102 1
3013 102 1
1324 102 1
113 102 1
18 102 1
21 102 1
519 102 1
1719 102 1
1091 102 1
644 102 1
2147 102 1
83 102 1
3305 102 1
13 102 1
2236 102 1
493 102 1
46 102 1
3555 102 1
410 102 1
685 102 1
2671 102 1
3670 102 1
3290 102 1
4656 102 1
121 102 1
844 102 1
2776 102 1
577 102 1
2018 102 1
2853 102 1
1710 102 1
2790 102 1
240 102 1
1821 102 1
2953 102 1
82 102 1
327 102 1
4434 102 1
4864 102 1
695 102 1
2883 102 1
416 102 1
736 102 1
954 102 1
2721 102 1
63 102 1
3703 102 1
5 102 1
186 102 1
437 102 1
2522 102 1
122 102 1
4287 102 1
4728 102 1
829 102 1
222 102 1
2245 102 1
167 102 1
4092 102 1
3714 102 1
4211 102 1
140 102 1
93 102 1
6 102 1
2501 102 1
4588 102 1
359 102 1
4169 102 1
2072 102 1
607 102 1
2977 102 1
3969 102 1
659 102 1
915 102 1
3485 102 1
2309 102 1
1272 102 1
12 102 1
675 102 1
203 102 1
3500 102 1
1716 102 1
2472 102 1
3351 102 1
548 102 1
2119 102 1
1444 102 1
4700 102 1
861 102 1
54 102 1
2262 102 1
2212 102 1
3143 102 1
0 102 1
86 102 1
1862 102 1
1557 102 1
1350 102 1
3988 102 1
79 102 1
153 102 1
0 102 1
1338 102 1
11 102 1
240 102 1
86 102 1
391 102 1
104 102 1
939 102 1
232 102 1
4870 102 1
72 102 1
76 102 1
373 102 1
4219 102 1
2 102 1
2276 102 1
1811 102 1
49 102 1
3031 102 1
1213 102 1
9 102 1
3070 102 1
0 102 1
2252 102 1
996 102 1
831 102 1
4236 102 1
0 102 1
531 102 1
7 102 1
6 102 1
288 102 1
1526 102 1
25 102 1
81 102 1
2944 102 1
0 102 1
698 102 1
5 102 1
3105 102 1
107 102 1
24 102 1
31 102 1
3202 102 1
1159 102 1
297 102 1
227 102 1
921 102 1
3057 102 1
35 102 1
721 102 1
1211 102 1
6 102 1
1378 102 1
1391 102 1
162 102 1
55 102 1
1345 102 1
3022 102 1
19 102 1
13 102 1
0 102 1
676 102 1
4081 102 1
232 102 1
494 102 1
1703 102 1
622 102 1
17 102 1
22 102 1
101 102 1
3029 102 1
26 102 1
305 102 1
1309 102 1
3852 102 1
400 102 1
1591 102 1
992 102 1
5 102 1
1647 102 1
957 102 1
669 102 1
2562 102 1
3546 102 1
145 102 1
856 102 1
15 102 1
4128 102 1
3264 102 1
2728 102 1
30 102 1
4858 102 1
2823 102 1
2702 102 1
3834 102 1
1415 102 1
2173 102 1
1776 102 1
2903 102 1
3510 102 1
313 102 1
2276 102 1
478 102 1
203 102 1
2086 102 1
1116 102 1
4375 102 1
1743 102 1
1391 102 1
1746 102 1
32 102 1
2262 102 1
1226 102 1
935 102 1
71 102 1
3656 102 1
3842 102 1
1908 102 1
2412 102 1
1928 102 1
4530 102 1
612 102 1
1892 102 1
216 102 1
4504 102 1
739 102 1
3467 102 1
162 102 1
3502 102 1
4717 102 1
6 102 1
2638 102 1
1309 102 1
1067 102 1
1737 102 1
2400 102 1
110 102 1
2111 102 1
1 102 1
4210 102 1
358 102 1
3849 102 1
1226 102 1
1310 102 1
314 102 1
608 102 1
2019 102 1
2481 102 1
86 102 1
1436 102 1
1999 102 1
248 102 1
948 102 1
3134 102 1
3906 102 1
3057 102 1
3863 102 1
4439 102 1
4975 102 1
801 102 1
256 102 1
172 102 1
711 102 1
1860 102 1
3859 102 1
2 102 1
106 102 1
2826 102 1
3026 102 1
1491 102 1
3044 102 1
316 102 1
80 102 1
3940 102 1
946 102 1
1342 102 1
3588 102 1
4852 102 1
3650 102 1
3 102 1
1008 102 1
758 102 1
1011 102 1
2979 102 1
2866 102 1
4497 102 1
640 102 1
687 102 1
3460 102 1
2055 102 1
561 102 1
2694 102 1
192 102 1
3356 102 1
132 102 1
1911 102 1
650 102 1
640 102 1
1188 102 1
1496 102 1
255 102 1
3312 102 1
2643 102 1
219 102 1
61 102 1
93 102 1
3053 102 1
3301 102 1
631 102 1
2969 102 1
91 102 1
3220 102 1
1122 102 1
3733 102 1
1387 102 1
0 102 1
1548 102 1
672 102 1
228 102 1
83 102 1
2209 102 1
1 102 1
4504 102 1
19 102 1
2793 102 1
2067 102 1
3079 102 1
112 102 1
614 102 1
290 102 1
5 102 1
244 102 1
2927 102 1
88 102 1
2848 102 1
0 102 1
3632 102 1
323 102 1
3078 102 1
895 102 1
503 103 1
1297 103 1
2583 103 1
1626 103 1
2807 103 1
408 103 1
4404 103 1
2567 103 1
2506 103 1
161 103 1
414 103 1
19 103 1
2396 103 1
1871 103 1
450 103 1
258 103 1
4320 103 1
1610 103 1
3385 103 1
65 103 1
3956 103 1
3582 103 1
2587 103 1
3420 103 1
130 103 1
477 103 1
1586 103 1
113 103 1
336 103 1
619 103 1
3056 103 1
268 103 1
2518 103 1
397 103 1
582 103 1
4752 103 1
2458 103 1
223 103 1
1263 103 1
605 103 1
9 103 1
3258 103 1
4005 103 1
1611 103 1
185 103 1
3924 103 1
4847 103 1
1211 103 1
485 103 1
27 103 1
1098 103 1
2845 103 1
347 103 1
3490 103 1
135 103 1
1863 103 1
0 103 1
514 103 1
2167 103 1
51 103 1
3522 103 1
1335 103 1
745 103 1
2609 103 1
1138 103 1
4406 103 1
2438 103 1
4510 103 1
738 103 1
48 103 1
4767 103 1
15 103 1
115 103 1
895 103 1
132 103 1
4213 103 1
487 103 1
331 103 1
165 103 1
1504 103 1
81 103 1
636 103 1
1129 103 1
700 103 1
430 103 1
1168 103 1
1318 103 1
967 103 1
22 103 1
297 103 1
3795 103 1
485 103 1
31 103 1
1424 103 1
3258 103 1
83 103 1
398 103 1
1831 103 1
248 103 1
87 103 1
214 103 1
63 103 1
826 103 1
4930 103 1
14 103 1
745 103 1
172 103 1
752 103 1
1598 103 1
3050 103 1
1846 103 1
3099 103 1
1897 103 1
2293 103 1
2791 103 1
565 103 1
1455 103 1
839 103 1
1811 103 1
153 103 1
9 103 1
3941 103 1
4409 103 1
844 103 1
516 103 1
4959 103 1
1144 103 1
1795 103 1
64 103 1
3093 103 1
952 103 1
122 103 1
4305 103 1
523 103 1
3708 103 1
2545 103 1
4421 103 1
323 103 1
975 103 1
4418 103 1
4850 103 1
180 103 1
308 103 1
1566 103 1
138 103 1
13 103 1
431 103 1
537 103 1
581 103 1
2 103 1
231 103 1
842 103 1
992 103 1
145 103 1
1074 103 1
3400 103 1
306 103 1
783 103 1
620 103 1
345 103 1
877 103 1
74 103 1
38 103 1
585 103 1
329 103 1
1694 103 1
21 103 1
407 103 1
902 103 1
3389 103 1
0 103 1
1968 103 1
471 103 1
2582 103 1
99 103 1
4721 103 1
1264 103 1
835 103 1
2995 103 1
66 103 1
6 103 1
459 103 1
3832 103 1
682 103 1
1957 103 1
431 103 1
3237 103 1
3433 103 1
443 103 1
814 103 1
183 103 1
3839 103 1
3261 103 1
116 103 1
782 103 1
284 103 1
93 103 1
2100 103 1
427 103 1
3500 103 1
2602 103 1
380 103 1
1332 103 1
978 103 1
293 103 1
4967 103 1
1301 103 1
2111 103 1
2827 103 1
1670 103 1
101 103 1
595 103 1
38 103 1
1704 103 1
3799 103 1
129 103 1
598 103 1
2556 103 1
122 103 1
577 103 1
2140 103 1
542 103 1
510 103 1
137 103 1
204 103 1
3333 103 1
2503 103 1
146 103 1
2873 103 1
1283 103 1
1269 103 1
1877 103 1
725 103 1
160 103 1
2119 103 1
1697 103 1
3962 103 1
2783 103 1
706 103 1
3277 103 1
3009 103 1
4158 103 1
1909 103 1
1729 103 1
963 103 1
1093 103 1
4795 103 1
164 103 1
60 103 1
2523 103 1
2080 103 1
10 103 1
0 103 1
115 103 1
215 103 1
1244 103 1
1063 103 1
355 103 1
1179 103 1
4190 103 1
3381 103 1
1641 103 1
2903 103 1
4534 103 1
1584 103 1
4192 103 1
55 103 1
2934 103 1
811 103 1
1314 103 1
69 103 1
3634 103 1
76 103 1
290 103 1
1464 103 1
4981 103 1
1296 103 1
1951 103 1
1928 103 1
111 103 1
3304 103 1
1132 103 1
121 103 1
4197 103 1
18 103 1
1205 103 1
2863 103 1
13 103 1
2 103 1
2935 103 1
981 103 1
8 103 1
1464 103 1
480 103 1
1406 103 1
1377 103 1
535 103 1
4468 103 1
3810 103 1
4301 103 1
653 103 1
3085 103 1
106 103 1
215 103 1
3572 103 1
3564 103 1
2316 103 1
2505 103 1
112 103 1
3689 103 1
953 103 1
4629 103 1
0 103 1
118 103 1
3020 103 1
1573 103 1
2874 103 1
699 103 1
787 103 1
2287 103 1
2970 103 1
198 103 1
30 103 1
699 103 1
1519 103 1
2265 103 1
804 103 1
2137 103 1
706 103 1
507 103 1
1631 103 1
278 103 1
4744 103 1
4884 103 1
3403 103 1
501 103 1
11 103 1
2976 103 1
1972 103 1
74 103 1
1162 103 1
2174 103 1
3574 103 1
3344 103 1
273 103 1
46 104 1
206 104 1
4852 104 1
2912 104 1
63 104 1
4299 104 1
2729 104 1
24 104 1
109 104 1
2178 104 1
4059 104 1
2231 104 1
9 104 1
1644 104 1
2458 104 1
2095 104 1
2242 104 1
1 104 1
2957 104 1
2425 104 1
2336 104 1
2761 104 1
3 104 1
3772 104 1
4120 104 1
370 104 1
17 104 1
31 104 1
1249 104 1
10 104 1
1333 104 1
1245 104 1
1128 104 1
2767 104 1
4910 104 1
42 104 1
945 104 1
1410 104 1
2692 104 1
260 104 1
3864 104 1
318 104 1
0 104 1
4284 104 1
2400 104 1
30 104 1
114 104 1
17 104 1
2564 104 1
1198 104 1
4 104 1
474 104 1
1166 104 1
2455 104 1
3345 104 1
369 104 1
3737 104 1
2530 104 1
382 104 1
2582 104 1
1940 104 1
639 104 1
4625 104 1
2144 104 1
3391 104 1
2090 104 1
217 104 1
1002 104 1
4777 104 1
2692 104 1
955 104 1
4372 104 1
679 104 1
149 104 1
153 104 1
1594 104 1
2353 104 1
343 104 1
945 104 1
2853 104 1
24 104 1
495 104 1
3791 104 1
192 104 1
3783 104 1
508 104 1
2490 104 1
4378 104 1
24 104 1
11 104 1
26 104 1
1497 104 1
0 104 1
882 104 1
1653 104 1
3 104 1
53 104 1
478 104 1
3217 104 1
382 104 1
1019 104 1
3795 104 1
2913 104 1
1121 104 1
2388 104 1
4780 104 1
1431 104 1
2812 104 1
204 104 1
3630 104 1
2 104 1
802 104 1
24 104 1
1170 104 1
2100 104 1
4771 104 1
27 104 1
4301 104 1
1651 104 1
769 104 1
4523 104 1
56 104 1
1545 104 1
2472 104 1
1988 104 1
1564 104 1
169 104 1
2174 104 1
3310 104 1
465 104 1
421 104 1
2483 104 1
18 104 1
522 104 1
14 104 1
290 104 1
8 104 1
0 104 1
4307 104 1
1682 104 1
858 104 1
7 104 1
3140 104 1
192 104 1
2 104 1
1618 104 1
109 104 1
4769 104 1
751 104 1
471 104 1
3684 104 1
1046 104 1
180 104 1
335 104 1
2811 104 1
2216 104 1
19 104 1
3750 104 1
291 104 1
11 104 1
403 104 1
328 104 1
2207 104 1
1601 104 1
194 104 1
3843 104 1
2539 104 1
1360 104 1
1058 104 1
3417 104 1
44 104 1
2047 104 1
1965 104 1
2347 104 1
3726 104 1
217 104 1
261 104 1
63 104 1
4276 104 1
2008 104 1
1542 104 1
1335 104 1
206 104 1
0 104 1
5 104 1
759 104 1
2661 104 1
4359 104 1
2273 104 1
3550 104 1
3 104 1
77 104 1
706 104 1
597 104 1
1180 104 1
866 104 1
1548 104 1
672 104 1
311 104 1
3416 104 1
1912 104 1
2704 104 1
1465 104 1
1906 104 1
1760 104 1
0 104 1
1017 104 1
20 104 1
825 104 1
1614 104 1
294 104 1
1216 104 1
469 104 1
214 104 1
2970 104 1
1289 104 1
4464 104 1
1933 104 1
338 104 1
396 104 1
1200 104 1
1154 104 1
15 104 1
2094 104 1
79 104 1
4070 104 1
3908 104 1
4833 104 1
4852 104 1
1063 104 1
204 104 1
844 104 1
1193 104 1
2336 104 1
877 104 1
1428 104 1
3793 104 1
767 104 1
406 104 1
247 104 1
95 104 1
141 104 1
382 104 1
286 104 1
58 104 1
2548 104 1
212 104 1
212 104 1
938 104 1
3020 104 1
2427 104 1
1120 104 1
3631 104 1
434 104 1
1160 104 1
3141 104 1
1746 104 1
265 104 1
4676 104 1
1312 104 1
437 104 1
162 104 1
998 104 1
1768 104 1
1210 104 1
1598 104 1
3707 104 1
1538 104 1
156 104 1
1153 104 1
4121 104 1
2213 104 1
4772 104 1
2562 104 1
171 104 1
2253 104 1
3 104 1
1632 104 1
240 104 1
4699 104 1
543 104 1
1052 104 1
1259 104 1
38 104 1
380 104 1
2746 104 1
49 104 1
19 104 1
102 104 1
2871 104 1
328 104 1
206 104 1
129 104 1
323 104 1
122 104 1
155 104 1
755 104 1
75 104 1
154 104 1
830 104 1
1651 104 1
1613 104 1
1053 104 1
2660 104 1
1304 104 1
2457 104 1
1675 104 1
11 104 1
3180 104 1
85 104 1
1317 104 1
782 104 1
250 104 1
38 104 1
386 104 1
876 104 1
1729 104 1
2405 104 1
2628 104 1
3258 104 1
1403 104 1
625 104 1
2547 104 1
5 104 1
3074 104 1
1717 104 1
4485 104 1
748 104 1
2472 104 1
1146 104 1
831 104 1
190 104 1
2554 104 1
4 104 1
1344 104 1
3142 104 1
3674 104 1
997 104 1
79 104 1
1032 104 1
1568 104 1
560 104 1
696 104 1
979 104 1
884 104 1
221 105 1
64 105 1
496 105 1
232 105 1
1988 105 1
44 105 1
1491 105 1
4457 105 1
2916 105 1
79 105 1
4032 105 1
429 105 1
11 105 1
977 105 1
4276 105 1
147 105 1
4699 105 1
143 105 1
1833 105 1
55 105 1
4128 105 1
1291 105 1
836 105 1
1959 105 1
1973 105 1
236 105 1
1518 105 1
743 105 1
4187 105 1
1736 105 1
56 105 1
1201 105 1
75 105 1
617 105 1
479 105 1
1365 105 1
500 105 1
2824 105 1
1760 105 1
4349 105 1
3 105 1
2782 105 1
712 105 1
3442 105 1
4877 105 1
2197 105 1
535 105 1
3118 105 1
1175 105 1
70 105 1
15 105 1
2 105 1
101 105 1
30 105 1
10 105 1
1323 105 1
3512 105 1
4843 105 1
241 105 1
387 105 1
3660 105 1
1938 105 1
100 105 1
565 105 1
4653 105 1
369 105 1
440 105 1
828 105 1
239 105 1
4095 105 1
2722 105 1
373 105 1
18 105 1
529 105 1
2766 105 1
508 105 1
133 105 1
4157 105 1
116 105 1
1954 105 1
2807 105 1
460 105 1
794 105 1
4081 105 1
2050 105 1
1654 105 1
2663 105 1
43 105 1
100 105 1
521 105 1
10 105 1
1163 105 1
4199 105 1
416 105 1
1446 105 1
1059 105 1
50 105 1
1994 105 1
643 105 1
72 105 1
1947 105 1
211 105 1
147 105 1
26 105 1
4202 105 1
934 105 1
1040 105 1
767 105 1
256 105 1
2433 105 1
1996 105 1
2572 105 1
3419 105 1
329 105 1
1182 105 1
2630 105 1
1353 105 1
471 105 1
4515 105 1
1879 105 1
280 105 1
3124 105 1
0 105 1
1620 105 1
4142 105 1
261 105 1
4176 105 1
3687 105 1
3498 105 1
2132 105 1
1478 105 1
464 105 1
737 105 1
1796 105 1
1281 105 1
744 105 1
776 105 1
957 105 1
2458 105 1
3544 105 1
10 105 1
201 105 1
4513 105 1
4647 105 1
859 105 1
1817 105 1
103 105 1
2567 105 1
1298 105 1
3594 105 1
355 105 1
243 105 1
1163 105 1
1088 105 1
3 105 1
2514 105 1
275 105 1
3366 105 1
1469 105 1
4517 105 1
1774 105 1
1810 105 1
182 105 1
4280 105 1
22 105 1
327 105 1
406 105 1
59 105 1
964 105 1
192 105 1
3663 105 1
330 105 1
4210 105 1
3679 105 1
3214 105 1
831 105 1
223 105 1
3086 105 1
121 105 1
2760 105 1
628 105 1
7 105 1
622 105 1
90 105 1
148 105 1
777 105 1
1561 105 1
1440 105 1
515 105 1
2284 105 1
219 105 1
3122 105 1
2263 105 1
3464 105 1
93 105 1
2349 105 1
1415 105 1
955 105 1
1641 105 1
3184 105 1
3728 105 1
490 105 1
2418 105 1
56 105 1
3509 105 1
62 105 1
3806 105 1
1660 105 1
112 105 1
2010 105 1
4646 105 1
1780 105 1
232 105 1
3532 105 1
984 105 1
461 105 1
4389 105 1
434 105 1
589 105 1
74 105 1
332 105 1
551 105 1
3075 105 1
176 105 1
361 105 1
963 105 1
209 105 1
438 105 1
2936 105 1
618 105 1
3725 105 1
5 105 1
1 105 1
378 105 1
504 105 1
2951 105 1
966 105 1
2217 105 1
43 105 1
977 105 1
1987 105 1
11 105 1
4165 105 1
4405 105 1
4365 105 1
1214 105 1
1900 105 1
1097 105 1
259 105 1
39 105 1
526 105 1
4965 105 1
2325 105 1
2275 105 1
1 105 1
4861 105 1
4832 105 1
4615 105 1
6 105 1
2306 105 1
201 105 1
27 105 1
1482 105 1
364 105 1
2731 105 1
1855 105 1
164 105 1
3728 105 1
1946 105 1
3072 105 1
868 105 1
4904 105 1
561 105 1
529 105 1
1513 105 1
2582 105 1
766 105 1
45 105 1
168 105 1
72 105 1
14 105 1
165 105 1
4857 105 1
234 105 1
70 105 1
200 105 1
237 105 1
4543 105 1
925 105 1
1494 105 1
4964 105 1
11 105 1
4716 105 1
39 105 1
2024 105 1
2630 105 1
2935 105 1
3000 105 1
2285 105 1
366 105 1
391 105 1
98 105 1
4074 105 1
47 105 1
191 105 1
2538 105 1
662 105 1
2491 105 1
3643 105 1
13 105 1
399 105 1
4171 105 1
2484 105 1
462 105 1
3972 105 1
18 105 1
2098 105 1
701 105 1
761 105 1
4516 105 1
169 105 1
3980 105 1
2130 105 1
280 105 1
94 105 1
847 105 1
2754 105 1
1416 105 1
1571 105 1
3749 105 1
302 105 1
1845 105 1
8 105 1
778 105 1
3487 105 1
437 105 1
588 105 1
4872 105 1
2245 105 1
1432 105 1
3549 105 1
144 105 1
53 105 1
941 105 1
620 105 1
3327 106 1
13 106 1
846 106 1
799 106 1
3712 106 1
462 106 1
303 106 1
3729 106 1
74 106 1
1673 106 1
4226 106 1
1605 106 1
0 106 1
12 106 1
2227 106 1
35 106 1
2390 106 1
405 106 1
22 106 1
399 106 1
3243 106 1
486 106 1
0 106 1
1708 106 1
3703 106 1
685 106 1
219 106 1
168 106 1
1437 106 1
1850 106 1
3351 106 1
741 106 1
2463 106 1
14 106 1
2360 106 1
45 106 1
26 106 1
4222 106 1
2540 106 1
874 106 1
598 106 1
543 106 1
4061 106 1
215 106 1
1198 106 1
271 106 1
0 106 1
405 106 1
0 106 1
554 106 1
98 106 1
535 106 1
0 106 1
1272 106 1
344 106 1
133 106 1
272 106 1
100 106 1
4929 106 1
4685 106 1
4551 106 1
2514 106 1
404 106 1
16 106 1
1280 106 1
3209 106 1
80 106 1
2894 106 1
3808 106 1
841 106 1
3213 106 1
259 106 1
5 106 1
1 106 1
2166 106 1
68 106 1
771 106 1
1490 106 1
107 106 1
1248 106 1
4708 106 1
327 106 1
2479 106 1
1828 106 1
3044 106 1
2877 106 1
167 106 1
1390 106 1
1469 106 1
1271 106 1
1668 106 1
375 106 1
3036 106 1
2 106 1
1045 106 1
3553 106 1
4873 106 1
39 106 1
2685 106 1
1889 106 1
301 106 1
1606 106 1
1527 106 1
324 106 1
1461 106 1
2891 106 1
4612 106 1
631 106 1
1460 106 1
3289 106 1
56 106 1
4281 106 1
2077 106 1
238 106 1
70 106 1
3760 106 1
236 106 1
765 106 1
3422 106 1
305 106 1
335 106 1
3255 106 1
2137 106 1
1339 106 1
3046 106 1
129 106 1
4463 106 1
2029 106 1
774 106 1
3816 106 1
235 106 1
901 106 1
47 106 1
4901 106 1
335 106 1
92 106 1
667 106 1
233 106 1
751 106 1
124 106 1
1776 106 1
448 106 1
955 106 1
12 106 1
225 106 1
444 106 1
3 106 1
2878 106 1
1918 106 1
2884 106 1
12 106 1
2346 106 1
1440 106 1
4680 106 1
3604 106 1
66 106 1
3703 106 1
2722 106 1
1342 106 1
3325 106 1
294 106 1
3460 106 1
2785 106 1
3779 106 1
4873 106 1
4622 106 1
3766 106 1
981 106 1
724 106 1
636 106 1
2288 106 1
1603 106 1
325 106 1
4019 106 1
1541 106 1
1455 106 1
4595 106 1
4568 106 1
3520 106 1
3698 106 1
8 106 1
14 106 1
1128 106 1
4349 106 1
325 106 1
1569 106 1
3023 106 1
377 106 1
246 106 1
274 106 1
1472 106 1
276 106 1
834 106 1
153 106 1
4192 106 1
4598 106 1
4277 106 1
3761 106 1
7 106 1
4943 106 1
416 106 1
2155 106 1
329 106 1
3717 106 1
2246 106 1
143 106 1
1049 106 1
4930 106 1
4016 106 1
23 106 1
1471 106 1
3677 106 1
1524 106 1
3035 106 1
2473 106 1
3934 106 1
1630 106 1
4950 106 1
26 106 1
334 106 1
2211 106 1
2377 106 1
148 106 1
181 106 1
2227 106 1
1458 106 1
1815 106 1
648 106 1
424 106 1
3332 106 1
827 106 1
927 106 1
4264 106 1
510 106 1
2580 106 1
1378 106 1
1763 106 1
3485 106 1
267 106 1
0 106 1
1933 106 1
327 106 1
13 106 1
868 106 1
215 106 1
3637 106 1
1454 106 1
246 106 1
250 106 1
916 106 1
4585 106 1
3975 106 1
236 106 1
1450 106 1
2042 106 1
1550 106 1
1168 106 1
320 106 1
434 106 1
750 106 1
128 106 1
530 106 1
96 106 1
1026 106 1
3165 106 1
750 106 1
3672 106 1
3651 106 1
10 106 1
4397 106 1
1179 106 1
1778 106 1
1070 106 1
26 106 1
4053 106 1
7 106 1
3491 106 1
333 106 1
361 106 1
1357 106 1
2562 106 1
4331 106 1
1058 106 1
1494 106 1
2417 106 1
1022 106 1
2481 106 1
574 106 1
420 106 1
4919 106 1
1695 106 1
631 106 1
1542 106 1
3849 106 1
4342 106 1
873 106 1
3725 106 1
4675 106 1
2908 106 1
2415 106 1
6 106 1
3663 106 1
655 106 1
3920 106 1
1087 106 1
2295 106 1
98 106 1
2177 106 1
531 106 1
3 106 1
1140 106 1
4909 106 1
882 106 1
28 106 1
2114 106 1
7 106 1
274 106 1
243 106 1
2534 106 1
513 106 1
645 106 1
544 106 1
39 106 1
4223 106 1
0 106 1
2272 106 1
201 106 1
2143 106 1
3020 106 1
954 106 1
1066 106 1
13 106 1
3943 106 1
1090 106 1
899 106 1
4398 106 1
775 106 1
2613 106 1
618 106 1
3554 106 1
3383 106 1
3177 106 1
1784 106 1
383 106 1
2538 106 1
2114 107 1
67 107 1
1310 107 1
592 107 1
3236 107 1
2564 107 1
4581 107 1
98 107 1
464 107 1
657 107 1
335 107 1
1132 107 1
277 107 1
227 107 1
584 107 1
1626 107 1
883 107 1
771 107 1
384 107 1
4174 107 1
1393 107 1
1 107 1
1503 107 1
3712 107 1
2317 107 1
217 107 1
2464 107 1
1972 107 1
72 107 1
782 107 1
165 107 1
646 107 1
237 107 1
149 107 1
2477 107 1
4394 107 1
53 107 1
4706 107 1
371 107 1
4914 107 1
685 107 1
3458 107 1
2110 107 1
9 107 1
8 107 1
52 107 1
7 107 1
4623 107 1
960 107 1
3427 107 1
3685 107 1
2868 107 1
918 107 1
1165 107 1
2742 107 1
3125 107 1
2706 107 1
2153 107 1
103 107 1
3803 107 1
299 107 1
4427 107 1
2941 107 1
4216 107 1
168 107 1
770 107 1
273 107 1
2505 107 1
1886 107 1
702 107 1
3561 107 1
3165 107 1
4325 107 1
885 107 1
340 107 1
3 107 1
4003 107 1
210 107 1
63 107 1
4770 107 1
6 107 1
963 107 1
0 107 1
2467 107 1
1380 107 1
1814 107 1
2340 107 1
604 107 1
1668 107 1
29 107 1
445 107 1
54 107 1
865 107 1
653 107 1
1439 107 1
204 107 1
2086 107 1
3370 107 1
4712 107 1
1601 107 1
606 107 1
4605 107 1
752 107 1
4319 107 1
24 107 1
97 107 1
60 107 1
39 107 1
65 107 1
3112 107 1
3603 107 1
275 107 1
861 107 1
2870 107 1
1813 107 1
1112 107 1
1328 107 1
3194 107 1
3683 107 1
4146 107 1
4976 107 1
2238 107 1
237 107 1
671 107 1
1236 107 1
3548 107 1
69 107 1
3392 107 1
57 107 1
1594 107 1
3289 107 1
2356 107 1
2253 107 1
332 107 1
2378 107 1
2374 107 1
3847 107 1
3482 107 1
297 107 1
1133 107 1
3970 107 1
800 107 1
1495 107 1
787 107 1
210 107 1
467 107 1
324 107 1
1076 107 1
96 107 1
238 107 1
1405 107 1
4384 107 1
1686 107 1
584 107 1
1813 107 1
2765 107 1
15 107 1
2309 107 1
2601 107 1
266 107 1
147 107 1
1043 107 1
1541 107 1
2428 107 1
249 107 1
356 107 1
83 107 1
2361 107 1
2800 107 1
2215 107 1
3752 107 1
32 107 1
31 107 1
157 107 1
182 107 1
1615 107 1
205 107 1
241 107 1
30 107 1
1629 107 1
578 107 1
125 107 1
2475 107 1
320 107 1
2532 107 1
2041 107 1
1665 107 1
350 107 1
384 107 1
1014 107 1
8 107 1
1485 107 1
2484 107 1
2089 107 1
4042 107 1
7 107 1
2209 107 1
2096 107 1
3600 107 1
4420 107 1
204 107 1
2024 107 1
2918 107 1
3154 107 1
2945 107 1
1519 107 1
1297 107 1
4577 107 1
2329 107 1
76 107 1
3903 107 1
1167 107 1
67 107 1
1732 107 1
1492 107 1
1040 107 1
2135 107 1
0 107 1
250 107 1
4 107 1
142 107 1
2217 107 1
15 107 1
742 107 1
182 107 1
409 107 1
1751 107 1
100 107 1
3594 107 1
2423 107 1
681 107 1
475 107 1
294 107 1
3085 107 1
1083 107 1
1021 107 1
530 107 1
1696 107 1
78 107 1
3136 107 1
284 107 1
1279 107 1
1439 107 1
44 107 1
1974 107 1
1783 107 1
8 107 1
3226 107 1
521 107 1
3542 107 1
82 107 1
3847 107 1
2671 107 1
780 107 1
2667 107 1
3475 107 1
3450 107 1
443 107 1
14 107 1
1988 107 1
2927 107 1
163 107 1
7 107 1
2667 107 1
3223 107 1
4383 107 1
1087 107 1
938 107 1
1026 107 1
259 107 1
1264 107 1
1523 107 1
748 107 1
1855 107 1
48 107 1
2083 107 1
343 107 1
1409 107 1
621 107 1
1297 107 1
1814 107 1
4613 107 1
1163 107 1
823 107 1
2096 107 1
2340 107 1
2051 107 1
1328 107 1
8 107 1
225 107 1
1325 107 1
194 107 1
1249 107 1
2619 107 1
365 107 1
1917 107 1
39 107 1
224 107 1
1504 107 1
1654 107 1
34 107 1
587 107 1
918 107 1
1635 107 1
95 107 1
22 107 1
491 107 1
163 107 1
26 107 1
1823 107 1
1079 107 1
1178 107 1
1488 107 1
212 107 1
1426 107 1
1488 107 1
1427 107 1
2191 107 1
4006 107 1
0 107 1
216 107 1
2848 107 1
4799 107 1
142 107 1
3478 107 1
3210 107 1
3739 107 1
1 107 1
1396 107 1
262 107 1
1762 107 1
1890 107 1
1464 107 1
1747 107 1
194 107 1
2735 107 1
113 107 1
2341 107 1
3360 107 1
1894 107 1
883 107 1
1551 107 1
1336 107 1
290 107 1
1331 107 1
1584 108 1
1648 108 1
4134 108 1
2334 108 1
1693 108 1
1908 108 1
336 108 1
1034 108 1
276 108 1
4 108 1
4672 108 1
4311 108 1
32 108 1
4486 108 1
355 108 1
494 108 1
54 108 1
109 108 1
714 108 1
1652 108 1
1425 108 1
95 108 1
559 108 1
2035 108 1
2 108 1
3324 108 1
34 108 1
4205 108 1
10 108 1
351 108 1
435 108 1
3488 108 1
4647 108 1
449 108 1
159 108 1
53 108 1
2853 108 1
3921 108 1
75 108 1
1979 108 1
1022 108 1
2328 108 1
6 108 1
64 108 1
4759 108 1
2010 108 1
1205 108 1
89 108 1
358 108 1
3293 108 1
469 108 1
420 108 1
1504 108 1
2559 108 1
519 108 1
1471 108 1
923 108 1
1816 108 1
2244 108 1
1405 108 1
1774 108 1
1102 108 1
71 108 1
1758 108 1
1240 108 1
118 108 1
2 108 1
4320 108 1
1665 108 1
25 108 1
216 108 1
228 108 1
2109 108 1
473 108 1
66 108 1
2379 108 1
27 108 1
750 108 1
550 108 1
505 108 1
0 108 1
479 108 1
2849 108 1
691 108 1
4847 108 1
1726 108 1
3592 108 1
13 108 1
107 108 1
344 108 1
3022 108 1
944 108 1
2013 108 1
1235 108 1
351 108 1
1971 108 1
17 108 1
2 108 1
3662 108 1
148 108 1
608 108 1
1 108 1
0 108 1
318 108 1
2178 108 1
1803 108 1
552 108 1
3568 108 1
1302 108 1
101 108 1
156 108 1
4466 108 1
928 108 1
2289 108 1
4830 108 1
83 108 1
884 108 1
1033 108 1
498 108 1
130 108 1
762 108 1
641 108 1
2197 108 1
4886 108 1
3314 108 1
1845 108 1
63 108 1
2068 108 1
1759 108 1
645 108 1
245 108 1
4144 108 1
2195 108 1
2639 108 1
727 108 1
93 108 1
4611 108 1
1 108 1
29 108 1
2 108 1
547 108 1
261 108 1
101 108 1
974 108 1
3271 108 1
87 108 1
341 108 1
547 108 1
1668 108 1
1304 108 1
946 108 1
1925 108 1
2075 108 1
1946 108 1
88 108 1
4783 108 1
728 108 1
959 108 1
696 108 1
13 108 1
791 108 1
2439 108 1
695 108 1
707 108 1
1022 108 1
473 108 1
4007 108 1
1096 108 1
0 108 1
3351 108 1
165 108 1
800 108 1
632 108 1
346 108 1
4397 108 1
70 108 1
4835 108 1
2225 108 1
2053 108 1
1705 108 1
2780 108 1
3469 108 1
287 108 1
497 108 1
2547 108 1
18 108 1
2165 108 1
336 108 1
4576 108 1
3547 108 1
2486 108 1
370 108 1
2578 108 1
1332 108 1
3683 108 1
1722 108 1
1083 108 1
2838 108 1
798 108 1
1694 108 1
670 108 1
713 108 1
199 108 1
119 108 1
1586 108 1
3494 108 1
1047 108 1
171 108 1
476 108 1
40 108 1
2083 108 1
1867 108 1
1040 108 1
1585 108 1
180 108 1
1730 108 1
33 108 1
76 108 1
426 108 1
688 108 1
261 108 1
777 108 1
169 108 1
2080 108 1
4027 108 1
23 108 1
2456 108 1
157 108 1
1368 108 1
4895 108 1
1879 108 1
397 108 1
1643 108 1
182 108 1
3769 108 1
4152 108 1
3100 108 1
485 108 1
2520 108 1
466 108 1
47 108 1
3895 108 1
1111 108 1
2285 108 1
63 108 1
246 108 1
387 108 1
847 108 1
2116 108 1
3461 108 1
24 108 1
216 108 1
3989 108 1
15 108 1
3598 108 1
2062 108 1
536 108 1
453 108 1
3721 108 1
4750 108 1
1041 108 1
3079 108 1
4287 108 1
2150 108 1
1221 108 1
7 108 1
185 108 1
4871 108 1
724 108 1
332 108 1
2184 108 1
537 108 1
1482 108 1
133 108 1
584 108 1
843 108 1
174 108 1
3866 108 1
4442 108 1
4868 108 1
616 108 1
677 108 1
148 108 1
2289 108 1
433 108 1
382 108 1
912 108 1
2871 108 1
569 108 1
822 108 1
912 108 1
1184 108 1
76 108 1
16 108 1
239 108 1
327 108 1
3815 108 1
349 108 1
1735 108 1
639 108 1
4476 108 1
210 108 1
224 108 1
4287 108 1
326 108 1
2740 108 1
3 108 1
189 108 1
362 108 1
262 108 1
0 108 1
4959 108 1
682 108 1
3365 108 1
3116 108 1
2071 108 1
6 108 1
753 108 1
1673 108 1
1014 108 1
3849 108 1
2527 108 1
3176 108 1
731 108 1
460 108 1
1639 108 1
3904 108 1
0 108 1
602 108 1
2794 108 1
2684 108 1
893 108 1
565 108 1
9 108 1
1970 108 1
1384 108 1
326 108 1
466 108 1
28 108 1
3137 108 1
529 108 1
2047 108 1
105 108 1
2504 108 1
1713 108 1
3936 109 1
1426 109 1
1111 109 1
594 109 1
1484 109 1
3338 109 1
829 109 1
1919 109 1
4508 109 1
2910 109 1
2619 109 1
2094 109 1
1474 109 1
3325 109 1
84 109 1
1399 109 1
4966 109 1
116 109 1
250 109 1
2925 109 1
1789 109 1
577 109 1
2035 109 1
3216 109 1
1708 109 1
2484 109 1
232 109 1
1388 109 1
4838 109 1
3347 109 1
1560 109 1
3448 109 1
461 109 1
2045 109 1
296 109 1
1529 109 1
784 109 1
846 109 1
3486 109 1
13 109 1
18 109 1
3703 109 1
119 109 1
3435 109 1
1208 109 1
4358 109 1
3018 109 1
2121 109 1
619 109 1
161 109 1
1457 109 1
1045 109 1
316 109 1
2873 109 1
220 109 1
321 109 1
18 109 1
2405 109 1
4833 109 1
2184 109 1
3805 109 1
1606 109 1
2217 109 1
4590 109 1
96 109 1
88 109 1
704 109 1
760 109 1
92 109 1
0 109 1
294 109 1
16 109 1
1646 109 1
7 109 1
4916 109 1
1828 109 1
2819 109 1
24 109 1
4717 109 1
2020 109 1
5 109 1
250 109 1
3686 109 1
1930 109 1
2668 109 1
520 109 1
3726 109 1
1305 109 1
666 109 1
640 109 1
3145 109 1
3225 109 1
2927 109 1
577 109 1
809 109 1
1412 109 1
4369 109 1
2009 109 1
1687 109 1
4182 109 1
2640 109 1
297 109 1
2910 109 1
3652 109 1
345 109 1
1499 109 1
94 109 1
345 109 1
3052 109 1
4523 109 1
490 109 1
2302 109 1
3317 109 1
905 109 1
1691 109 1
278 109 1
890 109 1
831 109 1
2008 109 1
2706 109 1
4515 109 1
338 109 1
1272 109 1
4813 109 1
3469 109 1
4856 109 1
11 109 1
1564 109 1
3324 109 1
809 109 1
1215 109 1
317 109 1
902 109 1
3903 109 1
96 109 1
1542 109 1
1121 109 1
262 109 1
1525 109 1
3447 109 1
4839 109 1
1384 109 1
48 109 1
88 109 1
8 109 1
2522 109 1
4021 109 1
4277 109 1
146 109 1
1278 109 1
385 109 1
1473 109 1
472 109 1
3306 109 1
4613 109 1
271 109 1
4714 109 1
990 109 1
2895 109 1
153 109 1
1176 109 1
458 109 1
3669 109 1
793 109 1
3 109 1
309 109 1
39 109 1
350 109 1
28 109 1
4652 109 1
120 109 1
209 109 1
4665 109 1
2018 109 1
2764 109 1
1606 109 1
721 109 1
3430 109 1
4906 109 1
1708 109 1
3 109 1
2867 109 1
105 109 1
68 109 1
4124 109 1
2189 109 1
2416 109 1
4022 109 1
1454 109 1
3994 109 1
1451 109 1
131 109 1
1849 109 1
600 109 1
2388 109 1
3854 109 1
719 109 1
2060 109 1
3376 109 1
2642 109 1
665 109 1
4700 109 1
468 109 1
1141 109 1
3257 109 1
3478 109 1
4370 109 1
114 109 1
687 109 1
2631 109 1
3113 109 1
1444 109 1
2486 109 1
1865 109 1
1616 109 1
45 109 1
281 109 1
3727 109 1
770 109 1
4808 109 1
585 109 1
1160 109 1
3347 109 1
2029 109 1
328 109 1
3304 109 1
205 109 1
240 109 1
1749 109 1
1702 109 1
331 109 1
4010 109 1
4470 109 1
511 109 1
493 109 1
2895 109 1
364 109 1
731 109 1
200 109 1
3994 109 1
1993 109 1
0 109 1
13 109 1
4742 109 1
1663 109 1
108 109 1
1067 109 1
2723 109 1
403 109 1
3688 109 1
2504 109 1
187 109 1
2594 109 1
1597 109 1
482 109 1
619 109 1
3170 109 1
2043 109 1
510 109 1
600 109 1
2492 109 1
134 109 1
66 109 1
108 109 1
4325 109 1
2149 109 1
395 109 1
3906 109 1
2624 109 1
710 109 1
2219 109 1
952 109 1
83 109 1
2206 109 1
1979 109 1
4783 109 1
1411 109 1
1266 109 1
4786 109 1
410 109 1
3596 109 1
1550 109 1
20 109 1
2461 109 1
2896 109 1
2514 109 1
1473 109 1
3792 109 1
82 109 1
2053 109 1
3154 109 1
5 109 1
543 109 1
501 109 1
1067 109 1
5 109 1
1012 109 1
4 109 1
479 109 1
3455 109 1
435 109 1
1688 109 1
2444 109 1
1221 109 1
114 109 1
2672 109 1
1878 109 1
1153 109 1
2969 109 1
3558 109 1
257 109 1
3515 109 1
1893 109 1
1432 109 1
1537 109 1
3133 109 1
2831 109 1
1552 109 1
4883 109 1
4776 109 1
4457 109 1
2287 109 1
781 109 1
37 109 1
61 109 1
1790 109 1
11 109 1
3200 109 1
546 109 1
3329 109 1
232 109 1
4881 109 1
4467 109 1
3687 109 1
0 109 1
439 109 1
27 109 1
3583 109 1
626 109 1
2505 109 1
1575 109 1
477 109 1
1033 109 1
105 109 1
542 109 1
2124 110 1
2548 110 1
358 110 1
127 110 1
968 110 1
729 110 1
3126 110 1
3475 110 1
3533 110 1
2877 110 1
235 110 1
240 110 1
4451 110 1
3815 110 1
2523 110 1
4593 110 1
1291 110 1
1838 110 1
4160 110 1
4078 110 1
4536 110 1
1523 110 1
54 110 1
4651 110 1
2091 110 1
137 110 1
468 110 1
2374 110 1
91 110 1
2503 110 1
845 110 1
3098 110 1
1643 110 1
2803 110 1
4707 110 1
150 110 1
3176 110 1
2273 110 1
44 110 1
3609 110 1
148 110 1
4661 110 1
2279 110 1
1666 110 1
26 110 1
4289 110 1
1756 110 1
692 110 1
7 110 1
137 110 1
187 110 1
2885 110 1
1102 110 1
1829 110 1
1475 110 1
462 110 1
712 110 1
2886 110 1
41 110 1
6 110 1
1762 110 1
1446 110 1
106 110 1
545 110 1
3305 110 1
1255 110 1
4105 110 1
1019 110 1
1367 110 1
2637 110 1
2623 110 1
862 110 1
509 110 1
733 110 1
2465 110 1
446 110 1
2506 110 1
123 110 1
41 110 1
1257 110 1
2496 110 1
15 110 1
945 110 1
900 110 1
2877 110 1
1789 110 1
848 110 1
351 110 1
90 110 1
2 110 1
2086 110 1
3059 110 1
2641 110 1
2248 110 1
1496 110 1
2 110 1
385 110 1
271 110 1
2932 110 1
2138 110 1
133 110 1
845 110 1
884 110 1
3155 110 1
1465 110 1
1025 110 1
74 110 1
4 110 1
1883 110 1
3230 110 1
2 110 1
3485 110 1
123 110 1
2412 110 1
3982 110 1
4322 110 1
2 110 1
4118 110 1
2264 110 1
2078 110 1
2423 110 1
1141 110 1
4466 110 1
2041 110 1
3 110 1
654 110 1
177 110 1
634 110 1
2353 110 1
66 110 1
4773 110 1
121 110 1
1703 110 1
2102 110 1
94 110 1
2714 110 1
1455 110 1
2744 110 1
4144 110 1
6 110 1
4480 110 1
1233 110 1
836 110 1
23 110 1
517 110 1
29 110 1
1769 110 1
1518 110 1
1078 110 1
4126 110 1
1259 110 1
995 110 1
3272 110 1
3186 110 1
0 110 1
3201 110 1
328 110 1
4336 110 1
2532 110 1
2 110 1
0 110 1
122 110 1
160 110 1
4278 110 1
181 110 1
0 110 1
1779 110 1
3997 110 1
3 110 1
2276 110 1
283 110 1
1146 110 1
252 110 1
2116 110 1
1470 110 1
3365 110 1
4 110 1
2170 110 1
142 110 1
2078 110 1
473 110 1
2502 110 1
87 110 1
642 110 1
665 110 1
2311 110 1
4729 110 1
2208 110 1
601 110 1
3503 110 1
2258 110 1
37 110 1
2437 110 1
811 110 1
4656 110 1
4323 110 1
660 110 1
461 110 1
2246 110 1
1191 110 1
625 110 1
56 110 1
172 110 1
4195 110 1
4690 110 1
4713 110 1
0 110 1
3381 110 1
1492 110 1
1830 110 1
565 110 1
91 110 1
1166 110 1
438 110 1
1897 110 1
4194 110 1
200 110 1
1134 110 1
896 110 1
3282 110 1
1327 110 1
1634 110 1
384 110 1
2732 110 1
121 110 1
1600 110 1
2669 110 1
1280 110 1
2696 110 1
4522 110 1
48 110 1
619 110 1
414 110 1
805 110 1
678 110 1
400 110 1
4361 110 1
52 110 1
1791 110 1
700 110 1
1821 110 1
2158 110 1
1869 110 1
4072 110 1
3124 110 1
1166 110 1
1195 110 1
2346 110 1
2682 110 1
801 110 1
1152 110 1
826 110 1
1610 110 1
2 110 1
729 110 1
69 110 1
3181 110 1
3431 110 1
120 110 1
44 110 1
104 110 1
590 110 1
965 110 1
1947 110 1
6 110 1
3646 110 1
4648 110 1
4374 110 1
169 110 1
249 110 1
2202 110 1
1579 110 1
1783 110 1
2749 110 1
63 110 1
1968 110 1
92 110 1
392 110 1
1539 110 1
2150 110 1
2606 110 1
395 110 1
139 110 1
2064 110 1
365 110 1
2684 110 1
614 110 1
3522 110 1
63 110 1
1398 110 1
2148 110 1
761 110 1
3610 110 1
4704 110 1
143 110 1
2288 110 1
197 110 1
218 110 1
723 110 1
1860 110 1
24 110 1
31 110 1
2003 110 1
2277 110 1
209 110 1
4015 110 1
4157 110 1
93 110 1
2219 110 1
2815 110 1
1813 110 1
2018 110 1
2269 110 1
1690 110 1
742 110 1
3235 110 1
4921 110 1
1286 110 1
57 110 1
4534 110 1
1900 110 1
289 110 1
32 110 1
1810 110 1
4378 110 1
2440 110 1
2051 110 1
4717 110 1
55 110 1
1285 110 1
568 110 1
234 110 1
227 110 1
1036 110 1
1510 110 1
2599 110 1
3149 110 1
1 110 1
331 110 1
1767 110 1
170 110 1
4935 110 1
1527 110 1
4623 110 1
1329 110 1
1043 111 1
1253 111 1
1292 111 1
165 111 1
344 111 1
2433 111 1
990 111 1
3034 111 1
220 111 1
2493 111 1
254 111 1
1871 111 1
503 111 1
251 111 1
2718 111 1
710 111 1
2256 111 1
88 111 1
438 111 1
3363 111 1
658 111 1
3926 111 1
1882 111 1
3926 111 1
721 111 1
534 111 1
18 111 1
599 111 1
494 111 1
914 111 1
132 111 1
114 111 1
18 111 1
728 111 1
600 111 1
1255 111 1
431 111 1
968 111 1
1353 111 1
2373 111 1
2 111 1
889 111 1
1685 111 1
1772 111 1
494 111 1
3037 111 1
465 111 1
558 111 1
3077 111 1
262 111 1
3471 111 1
2239 111 1
2284 111 1
803 111 1
4792 111 1
143 111 1
224 111 1
4944 111 1
1730 111 1
2482 111 1
15 111 1
2527 111 1
985 111 1
19 111 1
2559 111 1
1117 111 1
242 111 1
2038 111 1
376 111 1
220 111 1
3431 111 1
4081 111 1
1926 111 1
3582 111 1
523 111 1
2093 111 1
4419 111 1
1590 111 1
699 111 1
4052 111 1
2476 111 1
2564 111 1
3342 111 1
3241 111 1
327 111 1
4027 111 1
103 111 1
4735 111 1
1422 111 1
3188 111 1
233 111 1
1039 111 1
418 111 1
352 111 1
2966 111 1
251 111 1
4530 111 1
4116 111 1
4757 111 1
29 111 1
759 111 1
489 111 1
924 111 1
2417 111 1
70 111 1
2974 111 1
4663 111 1
1559 111 1
1041 111 1
645 111 1
2687 111 1
99 111 1
302 111 1
4016 111 1
1876 111 1
4515 111 1
3845 111 1
2569 111 1
635 111 1
3622 111 1
50 111 1
1863 111 1
2802 111 1
464 111 1
4655 111 1
2660 111 1
1515 111 1
450 111 1
461 111 1
2227 111 1
241 111 1
236 111 1
54 111 1
3383 111 1
4158 111 1
3126 111 1
1100 111 1
129 111 1
123 111 1
948 111 1
2055 111 1
2140 111 1
2947 111 1
1691 111 1
2007 111 1
1447 111 1
2664 111 1
929 111 1
4178 111 1
1808 111 1
407 111 1
14 111 1
3595 111 1
503 111 1
1281 111 1
45 111 1
3993 111 1
4109 111 1
1679 111 1
95 111 1
3011 111 1
252 111 1
4981 111 1
3965 111 1
4782 111 1
1017 111 1
1916 111 1
4382 111 1
482 111 1
4822 111 1
17 111 1
2871 111 1
1707 111 1
116 111 1
2086 111 1
1631 111 1
0 111 1
2283 111 1
559 111 1
31 111 1
313 111 1
615 111 1
248 111 1
1571 111 1
3310 111 1
4302 111 1
1980 111 1
2634 111 1
573 111 1
526 111 1
4227 111 1
1521 111 1
3633 111 1
1258 111 1
2216 111 1
4080 111 1
2371 111 1
27 111 1
373 111 1
151 111 1
851 111 1
46 111 1
871 111 1
2941 111 1
155 111 1
206 111 1
2188 111 1
1009 111 1
2359 111 1
15 111 1
478 111 1
338 111 1
1662 111 1
3090 111 1
72 111 1
3334 111 1
691 111 1
3805 111 1
165 111 1
125 111 1
86 111 1
3250 111 1
125 111 1
388 111 1
12 111 1
3419 111 1
1227 111 1
3377 111 1
3466 111 1
3251 111 1
2584 111 1
3969 111 1
7 111 1
3699 111 1
1925 111 1
922 111 1
349 111 1
85 111 1
1876 111 1
1215 111 1
242 111 1
383 111 1
2387 111 1
1371 111 1
4942 111 1
1228 111 1
456 111 1
17 111 1
741 111 1
17 111 1
54 111 1
3902 111 1
1953 111 1
2119 111 1
3373 111 1
528 111 1
9 111 1
2646 111 1
3391 111 1
2518 111 1
574 111 1
1307 111 1
616 111 1
1403 111 1
344 111 1
40 111 1
86 111 1
4466 111 1
2256 111 1
2318 111 1
1941 111 1
3471 111 1
13 111 1
1957 111 1
1888 111 1
197 111 1
2503 111 1
165 111 1
634 111 1
1 111 1
4265 111 1
2781 111 1
1329 111 1
746 111 1
360 111 1
614 111 1
1819 111 1
4385 111 1
4923 111 1
3898 111 1
1881 111 1
1024 111 1
1434 111 1
790 111 1
514 111 1
3655 111 1
1759 111 1
1980 111 1
4728 111 1
3153 111 1
2764 111 1
2402 111 1
4229 111 1
1366 111 1
42 111 1
2978 111 1
2818 111 1
4484 111 1
223 111 1
1456 111 1
1826 111 1
765 111 1
626 111 1
68 111 1
1264 111 1
3975 111 1
143 111 1
8 111 1
40 111 1
4548 111 1
19 111 1
14 111 1
1452 111 1
1676 111 1
1415 111 1
1130 111 1
4626 111 1
1006 111 1
1884 111 1
2908 111 1
0 111 1
2257 111 1
3903 111 1
104 111 1
1160 111 1
1137 111 1
1269 111 1
343 111 1
2334 111 1
8 111 1
3264 111 1
4342 111 1
3 111 1
2139 111 1
52 111 1
308 112 1
606 112 1
1164 112 1
2978 112 1
2724 112 1
2696 112 1
2896 112 1
24 112 1
1375 112 1
39 112 1
174 112 1
1659 112 1
2734 112 1
343 112 1
9 112 1
4650 112 1
162 112 1
4109 112 1
1707 112 1
1348 112 1
214 112 1
4571 112 1
3740 112 1
2135 112 1
3226 112 1
4257 112 1
1173 112 1
3 112 1
4638 112 1
363 112 1
77 112 1
462 112 1
97 112 1
413 112 1
3307 112 1
957 112 1
861 112 1
3129 112 1
465 112 1
719 112 1
1271 112 1
695 112 1
530 112 1
4 112 1
1400 112 1
2950 112 1
1564 112 1
2513 112 1
140 112 1
37 112 1
616 112 1
627 112 1
235 112 1
10 112 1
4757 112 1
2592 112 1
633 112 1
257 112 1
838 112 1
21 112 1
298 112 1
2639 112 1
0 112 1
2778 112 1
197 112 1
57 112 1
2210 112 1
139 112 1
1498 112 1
4051 112 1
723 112 1
1681 112 1
3531 112 1
87 112 1
728 112 1
803 112 1
3006 112 1
515 112 1
1251 112 1
26 112 1
1472 112 1
2835 112 1
448 112 1
131 112 1
3236 112 1
4887 112 1
175 112 1
1774 112 1
1246 112 1
314 112 1
1839 112 1
1338 112 1
120 112 1
310 112 1
4568 112 1
3049 112 1
2172 112 1
474 112 1
1097 112 1
1194 112 1
729 112 1
2239 112 1
241 112 1
795 112 1
4649 112 1
2 112 1
824 112 1
2829 112 1
1918 112 1
1631 112 1
2 112 1
81 112 1
57 112 1
1502 112 1
726 112 1
1097 112 1
394 112 1
2833 112 1
1111 112 1
20 112 1
3 112 1
1642 112 1
3778 112 1
1304 112 1
331 112 1
3896 112 1
14 112 1
15 112 1
2795 112 1
1155 112 1
536 112 1
4072 112 1
205 112 1
656 112 1
1096 112 1
2271 112 1
2037 112 1
1150 112 1
1990 112 1
1139 112 1
3392 112 1
3575 112 1
748 112 1
1856 112 1
20 112 1
2001 112 1
2736 112 1
25 112 1
2554 112 1
212 112 1
3023 112 1
3158 112 1
600 112 1
1119 112 1
3708 112 1
327 112 1
3835 112 1
498 112 1
3712 112 1
1 112 1
2890 112 1
124 112 1
158 112 1
4674 112 1
726 112 1
4403 112 1
3574 112 1
3205 112 1
4421 112 1
2460 112 1
4186 112 1
924 112 1
4457 112 1
317 112 1
382 112 1
0 112 1
2032 112 1
163 112 1
11 112 1
689 112 1
3334 112 1
277 112 1
1440 112 1
15 112 1
3045 112 1
7 112 1
4604 112 1
399 112 1
3845 112 1
4430 112 1
125 112 1
4953 112 1
59 112 1
553 112 1
3658 112 1
2342 112 1
740 112 1
4083 112 1
4910 112 1
4299 112 1
2085 112 1
339 112 1
0 112 1
32 112 1
347 112 1
456 112 1
2838 112 1
1207 112 1
110 112 1
2012 112 1
621 112 1
795 112 1
705 112 1
1690 112 1
2748 112 1
134 112 1
10 112 1
345 112 1
26 112 1
143 112 1
3094 112 1
5 112 1
1829 112 1
2991 112 1
422 112 1
427 112 1
992 112 1
318 112 1
747 112 1
3837 112 1
865 112 1
572 112 1
2418 112 1
1202 112 1
156 112 1
204 112 1
782 112 1
1541 112 1
50 112 1
2023 112 1
2373 112 1
3755 112 1
2926 112 1
705 112 1
2862 112 1
16 112 1
3930 112 1
182 112 1
232 112 1
637 112 1
2932 112 1
24 112 1
120 112 1
482 112 1
344 112 1
97 112 1
3 112 1
158 112 1
4670 112 1
4209 112 1
1506 112 1
1486 112 1
4717 112 1
178 112 1
1157 112 1
113 112 1
1 112 1
3883 112 1
640 112 1
2340 112 1
1112 112 1
2286 112 1
3282 112 1
3890 112 1
1256 112 1
487 112 1
3463 112 1
2260 112 1
479 112 1
2817 112 1
3700 112 1
1281 112 1
158 112 1
1872 112 1
882 112 1
108 112 1
605 112 1
634 112 1
4041 112 1
4601 112 1
0 112 1
551 112 1
1288 112 1
390 112 1
190 112 1
2903 112 1
493 112 1
1537 112 1
345 112 1
1788 112 1
42 112 1
2 112 1
232 112 1
0 112 1
110 112 1
20 112 1
4425 112 1
530 112 1
291 112 1
460 112 1
3085 112 1
136 112 1
4579 112 1
28 112 1
3044 112 1
701 112 1
2367 112 1
659 112 1
3322 112 1
155 112 1
4961 112 1
3202 112 1
26 112 1
2706 112 1
17 112 1
1740 112 1
1104 112 1
820 112 1
286 112 1
20 112 1
38 112 1
145 112 1
222 112 1
0 112 1
312 112 1
2827 112 1
1003 112 1
4117 112 1
4220 112 1
3008 112 1
129 112 1
2281 112 1
793 112 1
99 112 1
1319 112 1
482 113 1
1378 113 1
4073 113 1
1322 113 1
124 113 1
2663 113 1
3 113 1
4241 113 1
1172 113 1
1015 113 1
24 113 1
1332 113 1
3846 113 1
110 113 1
4487 113 1
1827 113 1
965 113 1
2862 113 1
2907 113 1
2905 113 1
403 113 1
549 113 1
2201 113 1
1725 113 1
1735 113 1
4213 113 1
4754 113 1
708 113 1
1406 113 1
4842 113 1
931 113 1
551 113 1
2063 113 1
2829 113 1
511 113 1
2933 113 1
8 113 1
2595 113 1
4985 113 1
451 113 1
3208 113 1
602 113 1
108 113 1
41 113 1
34 113 1
1029 113 1
1770 113 1
1326 113 1
2695 113 1
731 113 1
2641 113 1
216 113 1
1571 113 1
1732 113 1
137 113 1
155 113 1
3473 113 1
101 113 1
3668 113 1
3511 113 1
2711 113 1
4074 113 1
2205 113 1
1216 113 1
4602 113 1
529 113 1
2692 113 1
226 113 1
1882 113 1
312 113 1
296 113 1
85 113 1
1363 113 1
4746 113 1
1260 113 1
301 113 1
1377 113 1
4856 113 1
2287 113 1
311 113 1
488 113 1
92 113 1
21 113 1
2282 113 1
1648 113 1
1747 113 1
1746 113 1
4089 113 1
3653 113 1
3412 113 1
1188 113 1
673 113 1
9 113 1
865 113 1
143 113 1
4782 113 1
2174 113 1
4140 113 1
3 113 1
1147 113 1
755 113 1
208 113 1
774 113 1
315 113 1
4960 113 1
1638 113 1
440 113 1
408 113 1
914 113 1
3636 113 1
2155 113 1
57 113 1
1591 113 1
476 113 1
1908 113 1
2310 113 1
451 113 1
7 113 1
4322 113 1
693 113 1
5 113 1
640 113 1
2558 113 1
126 113 1
82 113 1
3611 113 1
2182 113 1
101 113 1
4574 113 1
4432 113 1
782 113 1
2070 113 1
934 113 1
4167 113 1
3369 113 1
1059 113 1
3867 113 1
468 113 1
2552 113 1
1665 113 1
1651 113 1
1765 113 1
1240 113 1
2040 113 1
806 113 1
3 113 1
4920 113 1
90 113 1
3386 113 1
441 113 1
1801 113 1
1447 113 1
2411 113 1
86 113 1
3862 113 1
109 113 1
361 113 1
827 113 1
106 113 1
1 113 1
97 113 1
1208 113 1
3138 113 1
1479 113 1
153 113 1
1523 113 1
1115 113 1
1700 113 1
1616 113 1
844 113 1
13 113 1
1022 113 1
125 113 1
4095 113 1
2126 113 1
2310 113 1
2000 113 1
4260 113 1
1923 113 1
2278 113 1
451 113 1
243 113 1
221 113 1
152 113 1
679 113 1
2990 113 1
3994 113 1
1442 113 1
3748 113 1
3 113 1
2430 113 1
4114 113 1
1073 113 1
4612 113 1
3279 113 1
1304 113 1
643 113 1
30 113 1
2 113 1
4109 113 1
125 113 1
4951 113 1
2 113 1
552 113 1
1 113 1
1510 113 1
1648 113 1
1076 113 1
1044 113 1
4026 113 1
1240 113 1
911 113 1
771 113 1
4347 113 1
3069 113 1
1057 113 1
220 113 1
2807 113 1
1233 113 1
1820 113 1
1582 113 1
358 113 1
12 113 1
11 113 1
4776 113 1
4055 113 1
37 113 1
16 113 1
4432 113 1
3524 113 1
599 113 1
2501 113 1
1412 113 1
182 113 1
291 113 1
548 113 1
287 113 1
2682 113 1
0 113 1
3968 113 1
2169 113 1
4363 113 1
276 113 1
3206 113 1
2511 113 1
4849 113 1
3086 113 1
3727 113 1
0 113 1
413 113 1
8 113 1
309 113 1
4363 113 1
2365 113 1
1350 113 1
723 113 1
2149 113 1
3782 113 1
3550 113 1
939 113 1
3382 113 1
7 113 1
904 113 1
34 113 1
1241 113 1
177 113 1
446 113 1
4654 113 1
3543 113 1
1386 113 1
2020 113 1
775 113 1
1504 113 1
1305 113 1
1775 113 1
2865 113 1
3318 113 1
515 113 1
2519 113 1
247 113 1
947 113 1
113 113 1
1148 113 1
3982 113 1
1788 113 1
4036 113 1
890 113 1
3375 113 1
1219 113 1
34 113 1
4623 113 1
4805 113 1
1594 113 1
1473 113 1
231 113 1
1242 113 1
1193 113 1
1965 113 1
856 113 1
4080 113 1
226 113 1
1370 113 1
1667 113 1
1819 113 1
3167 113 1
1025 113 1
10 113 1
2802 113 1
1643 113 1
0 113 1
4862 113 1
3786 113 1
532 113 1
1579 113 1
4760 113 1
1005 113 1
1205 113 1
1656 113 1
3519 113 1
53 113 1
3939 113 1
386 113 1
11 113 1
3895 113 1
1760 113 1
2299 113 1
1639 113 1
4532 113 1
2297 113 1
3199 113 1
4479 113 1
75 113 1
9 113 1
1164 113 1
244 113 1
0 113 1
3 113 1
2626 113 1
85 113 1
1100 113 1
531 113 1
476 113 1
4891 113 1
145 113 1
1102 113 1
883 114 1
27 114 1
154 114 1
3038 114 1
3563 114 1
47 114 1
922 114 1
2318 114 1
3802 114 1
1987 114 1
1883 114 1
69 114 1
1128 114 1
98 114 1
3035 114 1
2623 114 1
113 114 1
2770 114 1
735 114 1
1023 114 1
490 114 1
4548 114 1
3804 114 1
1932 114 1
357 114 1
104 114 1
97 114 1
1246 114 1
1091 114 1
4437 114 1
2 114 1
2207 114 1
1109 114 1
1672 114 1
3852 114 1
188 114 1
4382 114 1
1908 114 1
10 114 1
261 114 1
2250 114 1
498 114 1
2723 114 1
952 114 1
3117 114 1
2062 114 1
123 114 1
41 114 1
928 114 1
1144 114 1
69 114 1
682 114 1
3274 114 1
239 114 1
461 114 1
1916 114 1
3771 114 1
2822 114 1
3559 114 1
2697 114 1
123 114 1
3138 114 1
158 114 1
78 114 1
346 114 1
3302 114 1
1303 114 1
284 114 1
4103 114 1
3786 114 1
486 114 1
3782 114 1
3891 114 1
0 114 1
4493 114 1
1731 114 1
76 114 1
247 114 1
3173 114 1
3864 114 1
1641 114 1
30 114 1
357 114 1
1831 114 1
186 114 1
788 114 1
532 114 1
948 114 1
4739 114 1
4678 114 1
439 114 1
1918 114 1
169 114 1
866 114 1
785 114 1
3793 114 1
409 114 1
317 114 1
1786 114 1
1359 114 1
1774 114 1
3294 114 1
573 114 1
3299 114 1
74 114 1
2124 114 1
1124 114 1
8 114 1
2623 114 1
0 114 1
2325 114 1
2611 114 1
315 114 1
1291 114 1
1537 114 1
61 114 1
1816 114 1
3166 114 1
1714 114 1
265 114 1
0 114 1
660 114 1
796 114 1
815 114 1
2173 114 1
2905 114 1
176 114 1
99 114 1
2538 114 1
445 114 1
1575 114 1
4100 114 1
1288 114 1
4910 114 1
306 114 1
30 114 1
2876 114 1
1024 114 1
194 114 1
458 114 1
381 114 1
4106 114 1
1020 114 1
102 114 1
2816 114 1
4020 114 1
15 114 1
668 114 1
4051 114 1
443 114 1
35 114 1
848 114 1
1445 114 1
445 114 1
49 114 1
4443 114 1
2214 114 1
2520 114 1
2889 114 1
2850 114 1
377 114 1
186 114 1
1089 114 1
4715 114 1
13 114 1
4908 114 1
1637 114 1
3652 114 1
3043 114 1
1904 114 1
23 114 1
2797 114 1
109 114 1
697 114 1
97 114 1
21 114 1
3861 114 1
370 114 1
285 114 1
1183 114 1
1677 114 1
2673 114 1
2304 114 1
3924 114 1
256 114 1
409 114 1
736 114 1
761 114 1
0 114 1
695 114 1
3175 114 1
599 114 1
1542 114 1
242 114 1
360 114 1
3750 114 1
1617 114 1
1033 114 1
975 114 1
1660 114 1
83 114 1
1 114 1
2574 114 1
3420 114 1
1593 114 1
383 114 1
1492 114 1
341 114 1
3685 114 1
967 114 1
3 114 1
1166 114 1
145 114 1
135 114 1
2175 114 1
539 114 1
503 114 1
194 114 1
4754 114 1
1109 114 1
2180 114 1
3 114 1
257 114 1
71 114 1
1038 114 1
4916 114 1
1234 114 1
968 114 1
4018 114 1
2082 114 1
3950 114 1
3739 114 1
490 114 1
18 114 1
298 114 1
607 114 1
2294 114 1
1060 114 1
23 114 1
1698 114 1
1141 114 1
804 114 1
412 114 1
1482 114 1
2311 114 1
1242 114 1
3059 114 1
2953 114 1
4274 114 1
1161 114 1
3008 114 1
2327 114 1
743 114 1
37 114 1
48 114 1
167 114 1
651 114 1
2212 114 1
4968 114 1
2060 114 1
1054 114 1
1239 114 1
1044 114 1
1568 114 1
1420 114 1
3858 114 1
108 114 1
1826 114 1
3590 114 1
406 114 1
1335 114 1
56 114 1
2059 114 1
736 114 1
233 114 1
2120 114 1
4511 114 1
3169 114 1
3867 114 1
1983 114 1
12 114 1
1894 114 1
1519 114 1
3882 114 1
2163 114 1
1383 114 1
3519 114 1
225 114 1
2128 114 1
882 114 1
2473 114 1
11 114 1
2176 114 1
2299 114 1
352 114 1
2988 114 1
414 114 1
4865 114 1
4081 114 1
4393 114 1
1422 114 1
43 114 1
915 114 1
2361 114 1
1413 114 1
582 114 1
2109 114 1
321 114 1
4666 114 1
1493 114 1
2321 114 1
4478 114 1
119 114 1
2866 114 1
1198 114 1
249 114 1
2546 114 1
153 114 1
3 114 1
69 114 1
943 114 1
1082 114 1
1660 114 1
968 114 1
63 114 1
45 114 1
1352 114 1
1227 114 1
3543 114 1
1166 114 1
1630 114 1
3608 114 1
46 114 1
82 114 1
733 114 1
8 114 1
1905 114 1
113 114 1
381 114 1
1818 114 1
4053 114 1
1078 114 1
929 114 1
2009 114 1
49 114 1
749 115 1
1715 115 1
1467 115 1
2647 115 1
4943 115 1
462 115 1
248 115 1
679 115 1
729 115 1
1197 115 1
81 115 1
1510 115 1
4618 115 1
4948 115 1
660 115 1
2146 115 1
3914 115 1
10 115 1
4058 115 1
572 115 1
3380 115 1
247 115 1
1027 115 1
221 115 1
77 115 1
444 115 1
1378 115 1
4413 115 1
285 115 1
3580 115 1
1802 115 1
2528 115 1
112 115 1
109 115 1
440 115 1
47 115 1
3690 115 1
4152 115 1
2516 115 1
1185 115 1
681 115 1
264 115 1
3373 115 1
2475 115 1
4050 115 1
323 115 1
369 115 1
512 115 1
0 115 1
1483 115 1
1982 115 1
272 115 1
1256 115 1
870 115 1
417 115 1
1054 115 1
224 115 1
1282 115 1
931 115 1
653 115 1
2076 115 1
128 115 1
391 115 1
823 115 1
941 115 1
1353 115 1
2202 115 1
11 115 1
8 115 1
1596 115 1
2866 115 1
3970 115 1
3488 115 1
33 115 1
4043 115 1
6 115 1
0 115 1
795 115 1
133 115 1
1696 115 1
3860 115 1
384 115 1
1094 115 1
492 115 1
1785 115 1
58 115 1
3256 115 1
294 115 1
3607 115 1
2199 115 1
4284 115 1
67 115 1
3812 115 1
2118 115 1
222 115 1
208 115 1
1158 115 1
4357 115 1
2651 115 1
344 115 1
667 115 1
176 115 1
4724 115 1
963 115 1
1515 115 1
1959 115 1
622 115 1
191 115 1
1676 115 1
1298 115 1
1201 115 1
632 115 1
18 115 1
2756 115 1
82 115 1
754 115 1
1431 115 1
673 115 1
105 115 1
2565 115 1
2428 115 1
3079 115 1
2209 115 1
346 115 1
54 115 1
4466 115 1
659 115 1
416 115 1
858 115 1
775 115 1
0 115 1
3741 115 1
3651 115 1
959 115 1
46 115 1
4437 115 1
319 115 1
71 115 1
3489 115 1
0 115 1
1472 115 1
421 115 1
120 115 1
4365 115 1
3933 115 1
387 115 1
3818 115 1
558 115 1
4453 115 1
3703 115 1
1172 115 1
792 115 1
767 115 1
133 115 1
2425 115 1
840 115 1
1062 115 1
555 115 1
2060 115 1
3591 115 1
1877 115 1
2520 115 1
584 115 1
245 115 1
1499 115 1
84 115 1
4567 115 1
4073 115 1
67 115 1
4422 115 1
763 115 1
66 115 1
2128 115 1
3152 115 1
3399 115 1
1598 115 1
790 115 1
1 115 1
510 115 1
1126 115 1
1991 115 1
1996 115 1
127 115 1
4197 115 1
2105 115 1
4440 115 1
4146 115 1
1211 115 1
363 115 1
3986 115 1
92 115 1
3446 115 1
3571 115 1
4900 115 1
801 115 1
122 115 1
2982 115 1
250 115 1
966 115 1
1676 115 1
447 115 1
108 115 1
804 115 1
209 115 1
1412 115 1
122 115 1
3724 115 1
135 115 1
4129 115 1
2311 115 1
80 115 1
557 115 1
143 115 1
1529 115 1
458 115 1
1170 115 1
3484 115 1
84 115 1
4801 115 1
4604 115 1
1018 115 1
1456 115 1
3907 115 1
4504 115 1
379 115 1
93 115 1
922 115 1
47 115 1
305 115 1
2913 115 1
2151 115 1
1467 115 1
4484 115 1
371 115 1
150 115 1
76 115 1
531 115 1
2181 115 1
4619 115 1
4269 115 1
254 115 1
430 115 1
1776 115 1
202 115 1
222 115 1
1654 115 1
282 115 1
1451 115 1
18 115 1
736 115 1
127 115 1
2016 115 1
3407 115 1
935 115 1
2210 115 1
600 115 1
3055 115 1
2583 115 1
549 115 1
1830 115 1
4216 115 1
41 115 1
1305 115 1
853 115 1
1832 115 1
3541 115 1
2215 115 1
583 115 1
4454 115 1
259 115 1
460 115 1
3418 115 1
177 115 1
3637 115 1
489 115 1
192 115 1
4861 115 1
661 115 1
4870 115 1
74 115 1
19 115 1
3704 115 1
2448 115 1
69 115 1
492 115 1
376 115 1
2534 115 1
995 115 1
2003 115 1
4451 115 1
4229 115 1
4075 115 1
3447 115 1
160 115 1
4155 115 1
4315 115 1
534 115 1
5 115 1
491 115 1
341 115 1
3749 115 1
3956 115 1
1688 115 1
100 115 1
1299 115 1
3529 115 1
679 115 1
3031 115 1
112 115 1
967 115 1
1000 115 1
4214 115 1
354 115 1
1009 115 1
426 115 1
235 115 1
1245 115 1
1502 115 1
169 115 1
43 115 1
1303 115 1
2552 115 1
3937 115 1
2278 115 1
1522 115 1
3011 115 1
802 115 1
268 115 1
4395 115 1
1336 115 1
4033 115 1
558 115 1
3267 115 1
1120 115 1
96 115 1
198 115 1
1420 115 1
47 115 1
2008 115 1
7 115 1
505 115 1
3561 115 1
1 115 1
339 115 1
3018 115 1
2455 116 1
1881 116 1
1451 116 1
4449 116 1
1500 116 1
1046 116 1
1235 116 1
54 116 1
1350 116 1
394 116 1
3077 116 1
1613 116 1
818 116 1
2432 116 1
2577 116 1
3078 116 1
10 116 1
83 116 1
4 116 1
3322 116 1
700 116 1
39 116 1
705 116 1
637 116 1
27 116 1
1242 116 1
314 116 1
3210 116 1
1986 116 1
1317 116 1
3140 116 1
8 116 1
115 116 1
2134 116 1
3840 116 1
3911 116 1
1563 116 1
3198 116 1
185 116 1
2991 116 1
472 116 1
3345 116 1
2091 116 1
1027 116 1
1435 116 1
2470 116 1
526 116 1
228 116 1
3749 116 1
2240 116 1
4274 116 1
2234 116 1
878 116 1
570 116 1
1572 116 1
2246 116 1
3807 116 1
206 116 1
3126 116 1
4290 116 1
1973 116 1
3083 116 1
125 116 1
2649 116 1
118 116 1
277 116 1
215 116 1
546 116 1
2740 116 1
4735 116 1
885 116 1
1071 116 1
554 116 1
422 116 1
3471 116 1
237 116 1
4593 116 1
1535 116 1
1656 116 1
172 116 1
1145 116 1
53 116 1
1549 116 1
777 116 1
182 116 1
0 116 1
4132 116 1
698 116 1
1674 116 1
3476 116 1
556 116 1
39 116 1
2501 116 1
584 116 1
133 116 1
3235 116 1
464 116 1
2142 116 1
9 116 1
208 116 1
125 116 1
4002 116 1
47 116 1
688 116 1
729 116 1
2958 116 1
609 116 1
3716 116 1
1066 116 1
3983 116 1
4682 116 1
14 116 1
17 116 1
3140 116 1
2199 116 1
18 116 1
245 116 1
686 116 1
2592 116 1
715 116 1
2642 116 1
876 116 1
743 116 1
3468 116 1
663 116 1
2672 116 1
1325 116 1
384 116 1
569 116 1
68 116 1
673 116 1
56 116 1
891 116 1
0 116 1
3973 116 1
2310 116 1
1386 116 1
1051 116 1
2328 116 1
181 116 1
7 116 1
6 116 1
3 116 1
108 116 1
12 116 1
49 116 1
2786 116 1
3774 116 1
2568 116 1
0 116 1
4857 116 1
1983 116 1
7 116 1
2403 116 1
19 116 1
1104 116 1
4347 116 1
3744 116 1
2675 116 1
4856 116 1
350 116 1
2639 116 1
449 116 1
315 116 1
117 116 1
20 116 1
1815 116 1
158 116 1
3483 116 1
964 116 1
161 116 1
152 116 1
761 116 1
3416 116 1
3 116 1
1806 116 1
4804 116 1
3020 116 1
534 116 1
1599 116 1
2672 116 1
4613 116 1
1299 116 1
3734 116 1
4317 116 1
112 116 1
4 116 1
0 116 1
585 116 1
1543 116 1
1148 116 1
13 116 1
3584 116 1
405 116 1
1987 116 1
1297 116 1
1298 116 1
2230 116 1
30 116 1
1696 116 1
28 116 1
1261 116 1
1296 116 1
1321 116 1
452 116 1
1517 116 1
1983 116 1
80 116 1
3 116 1
4165 116 1
53 116 1
94 116 1
23 116 1
355 116 1
217 116 1
4424 116 1
350 116 1
3860 116 1
2777 116 1
4198 116 1
4114 116 1
48 116 1
380 116 1
273 116 1
14 116 1
196 116 1
3368 116 1
14 116 1
2299 116 1
2773 116 1
90 116 1
108 116 1
2318 116 1
2610 116 1
3062 116 1
283 116 1
3063 116 1
2671 116 1
127 116 1
4584 116 1
1482 116 1
83 116 1
4453 116 1
838 116 1
106 116 1
1113 116 1
2913 116 1
1518 116 1
3907 116 1
553 116 1
3096 116 1
2836 116 1
477 116 1
2752 116 1
4173 116 1
491 116 1
38 116 1
322 116 1
2474 116 1
387 116 1
4987 116 1
4520 116 1
4 116 1
1475 116 1
2214 116 1
1709 116 1
4725 116 1
240 116 1
3857 116 1
838 116 1
2289 116 1
2160 116 1
3485 116 1
2012 116 1
1980 116 1
2134 116 1
4616 116 1
4714 116 1
324 116 1
71 116 1
3672 116 1
1940 116 1
321 116 1
1 116 1
1942 116 1
246 116 1
1468 116 1
45 116 1
779 116 1
624 116 1
4487 116 1
459 116 1
32 116 1
1873 116 1
1715 116 1
970 116 1
3329 116 1
47 116 1
105 116 1
1053 116 1
229 116 1
684 116 1
615 116 1
3539 116 1
4524 116 1
42 116 1
170 116 1
399 116 1
3300 116 1
1107 116 1
52 116 1
1057 116 1
1678 116 1
986 116 1
1663 116 1
103 116 1
1370 116 1
2661 116 1
13 116 1
1168 116 1
1170 116 1
1025 116 1
197 116 1
1099 116 1
685 116 1
3823 116 1
4400 116 1
229 116 1
1740 116 1
631 116 1
1333 116 1
0 116 1
4351 116 1
146 116 1
2081 116 1
3097 116 1
58 116 1
1337 116 1
360 116 1
40 116 1
1635 116 1
1887 116 1
1223 116 1
930 116 1
294 116 1
115 117 1
3193 117 1
1060 117 1
1065 117 1
36 117 1
524 117 1
2361 117 1
4212 117 1
357 117 1
3245 117 1
228 117 1
492 117 1
2719 117 1
3814 117 1
2170 117 1
500 117 1
4739 117 1
100 117 1
3236 117 1
68 117 1
3697 117 1
913 117 1
3155 117 1
2381 117 1
382 117 1
151 117 1
847 117 1
2869 117 1
1036 117 1
1242 117 1
3681 117 1
966 117 1
2506 117 1
1820 117 1
228 117 1
17 117 1
1681 117 1
3643 117 1
763 117 1
3910 117 1
4965 117 1
1983 117 1
136 117 1
1593 117 1
4226 117 1
206 117 1
274 117 1
224 117 1
30 117 1
147 117 1
3165 117 1
2030 117 1
159 117 1
683 117 1
2247 117 1
1533 117 1
4758 117 1
143 117 1
531 117 1
1373 117 1
421 117 1
2801 117 1
4478 117 1
2495 117 1
4316 117 1
1808 117 1
2670 117 1
759 117 1
4 117 1
46 117 1
685 117 1
1662 117 1
161 117 1
58 117 1
363 117 1
474 117 1
3409 117 1
172 117 1
5 117 1
473 117 1
4537 117 1
2578 117 1
898 117 1
3319 117 1
86 117 1
43 117 1
4958 117 1
1696 117 1
2241 117 1
348 117 1
848 117 1
3940 117 1
40 117 1
1077 117 1
2026 117 1
2528 117 1
48 117 1
284 117 1
1448 117 1
3506 117 1
701 117 1
1 117 1
6 117 1
1449 117 1
812 117 1
1931 117 1
25 117 1
1418 117 1
3230 117 1
48 117 1
2659 117 1
467 117 1
2019 117 1
1353 117 1
1956 117 1
2 117 1
2197 117 1
1047 117 1
3256 117 1
6 117 1
1052 117 1
4133 117 1
3856 117 1
141 117 1
1771 117 1
3611 117 1
1196 117 1
411 117 1
618 117 1
2950 117 1
119 117 1
4364 117 1
1276 117 1
4588 117 1
2750 117 1
3321 117 1
375 117 1
701 117 1
1579 117 1
671 117 1
318 117 1
2516 117 1
603 117 1
58 117 1
1029 117 1
1996 117 1
872 117 1
1368 117 1
2063 117 1
370 117 1
1919 117 1
52 117 1
314 117 1
5 117 1
3530 117 1
4708 117 1
570 117 1
1337 117 1
1092 117 1
2854 117 1
3863 117 1
3110 117 1
3270 117 1
789 117 1
1255 117 1
2808 117 1
446 117 1
98 117 1
2752 117 1
4252 117 1
287 117 1
4013 117 1
3798 117 1
3883 117 1
728 117 1
412 117 1
3460 117 1
5 117 1
427 117 1
572 117 1
1032 117 1
459 117 1
992 117 1
35 117 1
4238 117 1
4049 117 1
536 117 1
2576 117 1
1557 117 1
119 117 1
2764 117 1
189 117 1
330 117 1
1628 117 1
4464 117 1
386 117 1
40 117 1
3 117 1
3973 117 1
2858 117 1
17 117 1
81 117 1
2644 117 1
4287 117 1
1035 117 1
55 117 1
595 117 1
4980 117 1
3583 117 1
1311 117 1
2747 117 1
3887 117 1
1758 117 1
4567 117 1
2879 117 1
2108 117 1
4156 117 1
134 117 1
14 117 1
7 117 1
539 117 1
1796 117 1
29 117 1
2345 117 1
2675 117 1
3601 117 1
2 117 1
3902 117 1
563 117 1
836 117 1
178 117 1
720 117 1
1448 117 1
4058 117 1
1221 117 1
1850 117 1
2230 117 1
229 117 1
1208 117 1
24 117 1
1758 117 1
3 117 1
3065 117 1
0 117 1
3521 117 1
819 117 1
2558 117 1
1739 117 1
663 117 1
2016 117 1
305 117 1
3937 117 1
1674 117 1
3850 117 1
1229 117 1
274 117 1
2590 117 1
3730 117 1
3506 117 1
85 117 1
575 117 1
3154 117 1
1122 117 1
431 117 1
316 117 1
415 117 1
3756 117 1
900 117 1
35 117 1
500 117 1
3874 117 1
285 117 1
3458 117 1
3752 117 1
2816 117 1
4835 117 1
4718 117 1
1189 117 1
66 117 1
3677 117 1
1350 117 1
38 117 1
3977 117 1
2167 117 1
838 117 1
246 117 1
4181 117 1
437 117 1
3917 117 1
1291 117 1
106 117 1
0 117 1
28 117 1
3591 117 1
3741 117 1
29 117 1
125 117 1
2067 117 1
407 117 1
1358 117 1
2922 117 1
300 117 1
855 117 1
3190 117 1
2257 117 1
252 117 1
627 117 1
706 117 1
1542 117 1
3771 117 1
3238 117 1
263 117 1
3342 117 1
0 117 1
387 117 1
3775 117 1
7 117 1
1626 117 1
0 117 1
3066 117 1
4407 117 1
1782 117 1
3208 117 1
382 117 1
2755 117 1
191 117 1
452 117 1
1679 117 1
402 117 1
1173 117 1
4598 117 1
2077 117 1
4525 117 1
4112 117 1
1993 117 1
97 117 1
793 117 1
3848 117 1
450 117 1
573 117 1
163 117 1
1767 117 1
1500 117 1
1337 117 1
209 117 1
2908 118 1
3376 118 1
4356 118 1
4 118 1
4522 118 1
27 118 1
4501 118 1
1746 118 1
2811 118 1
2375 118 1
1598 118 1
1351 118 1
130 118 1
4655 118 1
1651 118 1
3318 118 1
2707 118 1
1266 118 1
20 118 1
232 118 1
3537 118 1
3318 118 1
2092 118 1
360 118 1
2883 118 1
339 118 1
2984 118 1
1887 118 1
1400 118 1
4253 118 1
2039 118 1
520 118 1
3519 118 1
1539 118 1
3520 118 1
2090 118 1
1332 118 1
64 118 1
3494 118 1
325 118 1
38 118 1
70 118 1
4211 118 1
1968 118 1
563 118 1
627 118 1
4119 118 1
620 118 1
7 118 1
803 118 1
1523 118 1
78 118 1
0 118 1
1245 118 1
2507 118 1
64 118 1
1429 118 1
1393 118 1
2083 118 1
1086 118 1
374 118 1
2546 118 1
20 118 1
0 118 1
4232 118 1
605 118 1
4438 118 1
3220 118 1
0 118 1
4607 118 1
289 118 1
2587 118 1
4700 118 1
4714 118 1
3001 118 1
3709 118 1
4641 118 1
4684 118 1
215 118 1
1442 118 1
155 118 1
2006 118 1
858 118 1
30 118 1
3692 118 1
4214 118 1
4096 118 1
4834 118 1
3 118 1
9 118 1
1122 118 1
1200 118 1
3782 118 1
4713 118 1
277 118 1
2107 118 1
3462 118 1
553 118 1
204 118 1
992 118 1
4134 118 1
22 118 1
1831 118 1
10 118 1
1981 118 1
1772 118 1
3105 118 1
257 118 1
1735 118 1
134 118 1
479 118 1
22 118 1
2205 118 1
959 118 1
2162 118 1
457 118 1
207 118 1
7 118 1
1189 118 1
2671 118 1
6 118 1
908 118 1
970 118 1
2304 118 1
1427 118 1
4062 118 1
2545 118 1
413 118 1
15 118 1
739 118 1
3052 118 1
4771 118 1
608 118 1
22 118 1
1388 118 1
3241 118 1
5 118 1
60 118 1
2352 118 1
6 118 1
2510 118 1
4140 118 1
4066 118 1
3006 118 1
2367 118 1
758 118 1
688 118 1
91 118 1
3223 118 1
628 118 1
1310 118 1
653 118 1
2496 118 1
81 118 1
1104 118 1
1020 118 1
4783 118 1
804 118 1
2692 118 1
2389 118 1
3665 118 1
526 118 1
560 118 1
231 118 1
373 118 1
0 118 1
1759 118 1
14 118 1
673 118 1
10 118 1
207 118 1
2126 118 1
160 118 1
4606 118 1
1403 118 1
3127 118 1
4013 118 1
427 118 1
4121 118 1
795 118 1
3685 118 1
1035 118 1
3703 118 1
247 118 1
681 118 1
3526 118 1
3044 118 1
11 118 1
1638 118 1
4361 118 1
72 118 1
106 118 1
47 118 1
564 118 1
1885 118 1
4057 118 1
3017 118 1
628 118 1
603 118 1
160 118 1
96 118 1
1498 118 1
1625 118 1
4 118 1
3381 118 1
1104 118 1
561 118 1
674 118 1
2213 118 1
48 118 1
1261 118 1
649 118 1
1921 118 1
2323 118 1
3768 118 1
879 118 1
15 118 1
156 118 1
360 118 1
200 118 1
0 118 1
24 118 1
3994 118 1
19 118 1
709 118 1
3467 118 1
729 118 1
350 118 1
746 118 1
3006 118 1
967 118 1
1031 118 1
972 118 1
11 118 1
3875 118 1
3259 118 1
3781 118 1
857 118 1
2611 118 1
2084 118 1
964 118 1
3952 118 1
0 118 1
223 118 1
160 118 1
141 118 1
4274 118 1
42 118 1
759 118 1
348 118 1
2813 118 1
499 118 1
1098 118 1
466 118 1
2768 118 1
3493 118 1
3095 118 1
1290 118 1
17 118 1
869 118 1
3501 118 1
5 118 1
1807 118 1
0 118 1
567 118 1
2847 118 1
3599 118 1
3475 118 1
403 118 1
3210 118 1
167 118 1
273 118 1
823 118 1
4916 118 1
2242 118 1
131 118 1
317 118 1
287 118 1
4052 118 1
4616 118 1
1996 118 1
312 118 1
135 118 1
879 118 1
428 118 1
3786 118 1
1828 118 1
501 118 1
4844 118 1
3582 118 1
77 118 1
136 118 1
63 118 1
4055 118 1
3796 118 1
1899 118 1
377 118 1
145 118 1
1321 118 1
1600 118 1
771 118 1
673 118 1
2582 118 1
2977 118 1
205 118 1
4295 118 1
674 118 1
4943 118 1
749 118 1
4973 118 1
31 118 1
777 118 1
1205 118 1
4467 118 1
4469 118 1
552 118 1
1258 118 1
152 118 1
271 118 1
883 118 1
53 118 1
2148 118 1
30 118 1
2429 118 1
4121 118 1
603 118 1
1 118 1
8 118 1
1011 118 1
2609 118 1
2046 118 1
3803 118 1
1822 118 1
2727 118 1
2373 118 1
1911 118 1
4920 118 1
703 118 1
998 118 1
4771 118 1
68 118 1
896 118 1
260 118 1
99 118 1
143 118 1
2384 119 1
533 119 1
1282 119 1
3506 119 1
14 119 1
55 119 1
4327 119 1
356 119 1
37 119 1
274 119 1
103 119 1
64 119 1
171 119 1
116 119 1
1697 119 1
4702 119 1
388 119 1
369 119 1
1091 119 1
738 119 1
4987 119 1
2249 119 1
2250 119 1
369 119 1
1774 119 1
4663 119 1
3263 119 1
526 119 1
335 119 1
145 119 1
3832 119 1
2897 119 1
3486 119 1
17 119 1
2873 119 1
3606 119 1
88 119 1
2039 119 1
52 119 1
2041 119 1
1106 119 1
942 119 1
88 119 1
301 119 1
2018 119 1
72 119 1
3725 119 1
132 119 1
423 119 1
71 119 1
4899 119 1
2396 119 1
4075 119 1
1117 119 1
83 119 1
4181 119 1
183 119 1
4301 119 1
1523 119 1
1733 119 1
2691 119 1
1654 119 1
1849 119 1
561 119 1
1339 119 1
4582 119 1
2312 119 1
1393 119 1
3911 119 1
2612 119 1
4502 119 1
4 119 1
75 119 1
4479 119 1
109 119 1
3110 119 1
731 119 1
432 119 1
1767 119 1
4623 119 1
883 119 1
1430 119 1
3946 119 1
2701 119 1
4662 119 1
812 119 1
2339 119 1
63 119 1
1069 119 1
1652 119 1
3141 119 1
2867 119 1
3891 119 1
653 119 1
1417 119 1
0 119 1
34 119 1
2357 119 1
3554 119 1
3221 119 1
2499 119 1
152 119 1
748 119 1
1310 119 1
1948 119 1
2621 119 1
1234 119 1
685 119 1
3863 119 1
810 119 1
765 119 1
26 119 1
3733 119 1
304 119 1
1553 119 1
34 119 1
2365 119 1
1327 119 1
3089 119 1
1517 119 1
941 119 1
9 119 1
1818 119 1
2467 119 1
90 119 1
290 119 1
260 119 1
157 119 1
847 119 1
419 119 1
3351 119 1
857 119 1
4492 119 1
1897 119 1
2920 119 1
391 119 1
3004 119 1
2666 119 1
4702 119 1
57 119 1
3569 119 1
2 119 1
1109 119 1
2704 119 1
7 119 1
1280 119 1
2225 119 1
2798 119 1
138 119 1
4161 119 1
621 119 1
3864 119 1
614 119 1
874 119 1
2113 119 1
2763 119 1
4221 119 1
4799 119 1
916 119 1
3774 119 1
2794 119 1
2872 119 1
2055 119 1
1423 119 1
1485 119 1
4150 119 1
1351 119 1
4856 119 1
2179 119 1
4061 119 1
3904 119 1
1095 119 1
4790 119 1
220 119 1
4697 119 1
229 119 1
4767 119 1
1149 119 1
2138 119 1
2480 119 1
2955 119 1
42 119 1
256 119 1
4167 119 1
2729 119 1
3648 119 1
313 119 1
1503 119 1
135 119 1
5 119 1
114 119 1
388 119 1
3555 119 1
1955 119 1
509 119 1
609 119 1
44 119 1
529 119 1
904 119 1
4649 119 1
2200 119 1
4458 119 1
32 119 1
3320 119 1
3110 119 1
808 119 1
1605 119 1
2949 119 1
4498 119 1
282 119 1
3623 119 1
1951 119 1
67 119 1
25 119 1
2000 119 1
4731 119 1
85 119 1
1956 119 1
1566 119 1
106 119 1
1316 119 1
492 119 1
3875 119 1
1654 119 1
2989 119 1
3628 119 1
312 119 1
759 119 1
33 119 1
242 119 1
508 119 1
3586 119 1
2313 119 1
773 119 1
542 119 1
971 119 1
3959 119 1
278 119 1
2069 119 1
2295 119 1
810 119 1
66 119 1
4481 119 1
138 119 1
493 119 1
258 119 1
1236 119 1
2923 119 1
2540 119 1
625 119 1
157 119 1
484 119 1
2012 119 1
1534 119 1
2878 119 1
3874 119 1
3254 119 1
33 119 1
592 119 1
2221 119 1
3890 119 1
277 119 1
106 119 1
3309 119 1
3398 119 1
137 119 1
1773 119 1
26 119 1
1589 119 1
2799 119 1
9 119 1
992 119 1
1328 119 1
2290 119 1
1924 119 1
0 119 1
4767 119 1
740 119 1
26 119 1
4050 119 1
42 119 1
765 119 1
10 119 1
2 119 1
1580 119 1
650 119 1
668 119 1
3561 119 1
19 119 1
780 119 1
164 119 1
1443 119 1
213 119 1
436 119 1
1931 119 1
459 119 1
2354 119 1
563 119 1
188 119 1
2103 119 1
155 119 1
3863 119 1
529 119 1
258 119 1
139 119 1
1019 119 1
1335 119 1
3163 119 1
693 119 1
889 119 1
3514 119 1
62 119 1
671 119 1
2835 119 1
2803 119 1
76 119 1
437 119 1
1750 119 1
176 119 1
1772 119 1
3029 119 1
329 119 1
3041 119 1
1 119 1
132 119 1
695 119 1
3533 119 1
1185 119 1
1602 119 1
3020 119 1
49 119 1
204 119 1
4813 119 1
1673 119 1
2539 119 1
1571 119 1
1124 119 1
631 119 1
4054 119 1
937 119 1
690 119 1
219 119 1
25 119 1
550 119 1
2053 119 1
1700 120 1
2580 120 1
1363 120 1
3044 120 1
1700 120 1
1854 120 1
2 120 1
1121 120 1
3230 120 1
329 120 1
841 120 1
4 120 1
101 120 1
1589 120 1
824 120 1
247 120 1
396 120 1
511 120 1
935 120 1
671 120 1
2845 120 1
793 120 1
4094 120 1
2318 120 1
3892 120 1
1957 120 1
1657 120 1
2130 120 1
1610 120 1
0 120 1
3852 120 1
387 120 1
2967 120 1
526 120 1
3432 120 1
1129 120 1
443 120 1
3050 120 1
44 120 1
547 120 1
3783 120 1
2622 120 1
47 120 1
490 120 1
157 120 1
2185 120 1
4316 120 1
1263 120 1
1011 120 1
4708 120 1
141 120 1
723 120 1
3131 120 1
16 120 1
2494 120 1
1049 120 1
1018 120 1
2166 120 1
5 120 1
4006 120 1
13 120 1
2799 120 1
32 120 1
4010 120 1
327 120 1
2556 120 1
5 120 1
3188 120 1
2642 120 1
4687 120 1
1411 120 1
3668 120 1
43 120 1
4545 120 1
1621 120 1
2080 120 1
1743 120 1
1966 120 1
17 120 1
177 120 1
1045 120 1
86 120 1
91 120 1
891 120 1
1223 120 1
48 120 1
4709 120 1
1976 120 1
980 120 1
1756 120 1
686 120 1
452 120 1
2532 120 1
4225 120 1
3272 120 1
1832 120 1
1236 120 1
2960 120 1
2488 120 1
4533 120 1
1172 120 1
125 120 1
2592 120 1
40 120 1
680 120 1
3640 120 1
2461 120 1
98 120 1
985 120 1
688 120 1
34 120 1
3015 120 1
3726 120 1
1285 120 1
66 120 1
1763 120 1
3359 120 1
1612 120 1
1113 120 1
2536 120 1
395 120 1
2743 120 1
2442 120 1
266 120 1
2163 120 1
4 120 1
1800 120 1
360 120 1
761 120 1
111 120 1
4320 120 1
15 120 1
3796 120 1
2424 120 1
4022 120 1
4201 120 1
4 120 1
159 120 1
4462 120 1
3181 120 1
0 120 1
907 120 1
197 120 1
4560 120 1
6 120 1
297 120 1
628 120 1
212 120 1
120 120 1
2327 120 1
859 120 1
838 120 1
1974 120 1
104 120 1
3167 120 1
2421 120 1
446 120 1
864 120 1
215 120 1
6 120 1
1822 120 1
29 120 1
29 120 1
3877 120 1
4777 120 1
2448 120 1
4297 120 1
1288 120 1
445 120 1
1260 120 1
3913 120 1
902 120 1
4282 120 1
182 120 1
123 120 1
2 120 1
155 120 1
772 120 1
3224 120 1
519 120 1
3558 120 1
1075 120 1
4250 120 1
513 120 1
403 120 1
2451 120 1
0 120 1
45 120 1
372 120 1
2822 120 1
2100 120 1
1703 120 1
1111 120 1
141 120 1
2201 120 1
407 120 1
10 120 1
51 120 1
1819 120 1
696 120 1
784 120 1
4931 120 1
1027 120 1
21 120 1
3814 120 1
1341 120 1
1427 120 1
19 120 1
6 120 1
4669 120 1
2330 120 1
2221 120 1
2243 120 1
1473 120 1
83 120 1
22 120 1
321 120 1
2401 120 1
2088 120 1
1547 120 1
754 120 1
3130 120 1
0 120 1
4243 120 1
375 120 1
552 120 1
3200 120 1
615 120 1
187 120 1
3341 120 1
3701 120 1
209 120 1
27 120 1
0 120 1
3608 120 1
2068 120 1
2416 120 1
1368 120 1
2857 120 1
3769 120 1
1 120 1
13 120 1
3526 120 1
3149 120 1
231 120 1
73 120 1
122 120 1
4923 120 1
1240 120 1
2522 120 1
2268 120 1
0 120 1
1229 120 1
4621 120 1
139 120 1
3549 120 1
1820 120 1
1086 120 1
888 120 1
4 120 1
1651 120 1
1677 120 1
1 120 1
1212 120 1
1086 120 1
2234 120 1
722 120 1
2035 120 1
2070 120 1
1871 120 1
3060 120 1
839 120 1
0 120 1
155 120 1
1767 120 1
3318 120 1
2662 120 1
505 120 1
2535 120 1
2949 120 1
76 120 1
1917 120 1
3969 120 1
59 120 1
847 120 1
1396 120 1
2472 120 1
2455 120 1
5 120 1
2204 120 1
1481 120 1
117 120 1
179 120 1
4270 120 1
539 120 1
325 120 1
2440 120 1
4 120 1
1406 120 1
215 120 1
454 120 1
25 120 1
97 120 1
633 120 1
110 120 1
2656 120 1
60 120 1
2037 120 1
86 120 1
11 120 1
1987 120 1
3913 120 1
63 120 1
304 120 1
614 120 1
776 120 1
643 120 1
3824 120 1
3722 120 1
1278 120 1
260 120 1
1840 120 1
607 120 1
260 120 1
1715 120 1
73 120 1
1794 120 1
2285 120 1
1188 120 1
103 120 1
416 120 1
364 120 1
1798 120 1
1158 120 1
115 120 1
1559 120 1
1431 120 1
3165 120 1
69 120 1
4585 120 1
1777 120 1
3559 120 1
4528 120 1
1941 120 1
4519 120 1
3613 121 1
343 121 1
4 121 1
3121 121 1
414 121 1
37 121 1
4533 121 1
1888 121 1
189 121 1
3404 121 1
261 121 1
2790 121 1
2330 121 1
2359 121 1
2186 121 1
2351 121 1
20 121 1
861 121 1
3960 121 1
39 121 1
574 121 1
48 121 1
292 121 1
3833 121 1
73 121 1
1591 121 1
153 121 1
4329 121 1
2280 121 1
0 121 1
22 121 1
3167 121 1
3122 121 1
625 121 1
586 121 1
1678 121 1
162 121 1
37 121 1
3999 121 1
354 121 1
70 121 1
1175 121 1
37 121 1
2856 121 1
305 121 1
683 121 1
4419 121 1
3837 121 1
3399 121 1
4035 121 1
2403 121 1
300 121 1
3957 121 1
1939 121 1
1670 121 1
2504 121 1
563 121 1
2232 121 1
3687 121 1
72 121 1
1610 121 1
753 121 1
476 121 1
6 121 1
364 121 1
778 121 1
399 121 1
82 121 1
4610 121 1
659 121 1
2039 121 1
1225 121 1
1043 121 1
3817 121 1
4970 121 1
836 121 1
3863 121 1
774 121 1
368 121 1
3242 121 1
4180 121 1
251 121 1
88 121 1
2486 121 1
348 121 1
173 121 1
2427 121 1
395 121 1
51 121 1
1073 121 1
500 121 1
2032 121 1
2702 121 1
589 121 1
418 121 1
2343 121 1
3668 121 1
32 121 1
1193 121 1
0 121 1
4702 121 1
110 121 1
1444 121 1
3993 121 1
2780 121 1
211 121 1
67 121 1
436 121 1
278 121 1
760 121 1
88 121 1
861 121 1
2556 121 1
346 121 1
2923 121 1
2647 121 1
1583 121 1
1101 121 1
1183 121 1
4277 121 1
4851 121 1
3612 121 1
261 121 1
2677 121 1
1001 121 1
3484 121 1
2787 121 1
1906 121 1
49 121 1
6 121 1
1341 121 1
2493 121 1
4393 121 1
3864 121 1
1164 121 1
2849 121 1
2618 121 1
4507 121 1
223 121 1
2122 121 1
4670 121 1
712 121 1
245 121 1
0 121 1
77 121 1
4369 121 1
97 121 1
4700 121 1
2 121 1
1416 121 1
2842 121 1
731 121 1
296 121 1
1296 121 1
8 121 1
626 121 1
289 121 1
3223 121 1
691 121 1
24 121 1
288 121 1
367 121 1
4285 121 1
6 121 1
4755 121 1
995 121 1
4400 121 1
140 121 1
1231 121 1
1905 121 1
2168 121 1
625 121 1
1251 121 1
432 121 1
591 121 1
1993 121 1
912 121 1
3886 121 1
4717 121 1
1198 121 1
1615 121 1
1163 121 1
757 121 1
4153 121 1
922 121 1
1989 121 1
90 121 1
1801 121 1
970 121 1
673 121 1
4 121 1
543 121 1
445 121 1
3340 121 1
428 121 1
1348 121 1
266 121 1
1715 121 1
49 121 1
4417 121 1
1404 121 1
1586 121 1
58 121 1
233 121 1
386 121 1
484 121 1
3334 121 1
168 121 1
4211 121 1
4457 121 1
833 121 1
597 121 1
1456 121 1
1059 121 1
475 121 1
2404 121 1
4292 121 1
464 121 1
1487 121 1
724 121 1
147 121 1
2211 121 1
2598 121 1
160 121 1
1490 121 1
0 121 1
43 121 1
4651 121 1
1306 121 1
2928 121 1
3512 121 1
1586 121 1
4823 121 1
3226 121 1
394 121 1
2723 121 1
349 121 1
3167 121 1
393 121 1
126 121 1
1406 121 1
201 121 1
2439 121 1
61 121 1
4668 121 1
803 121 1
3519 121 1
1959 121 1
2419 121 1
212 121 1
1238 121 1
284 121 1
2177 121 1
45 121 1
3933 121 1
0 121 1
2366 121 1
18 121 1
1714 121 1
472 121 1
1141 121 1
33 121 1
4 121 1
249 121 1
1145 121 1
141 121 1
156 121 1
230 121 1
3317 121 1
61 121 1
1914 121 1
534 121 1
0 121 1
824 121 1
3167 121 1
197 121 1
4501 121 1
3074 121 1
14 121 1
109 121 1
4331 121 1
1392 121 1
2401 121 1
1948 121 1
926 121 1
153 121 1
4745 121 1
692 121 1
13 121 1
626 121 1
87 121 1
762 121 1
687 121 1
2 121 1
607 121 1
1484 121 1
491 121 1
26 121 1
1561 121 1
542 121 1
4016 121 1
1243 121 1
3728 121 1
433 121 1
4852 121 1
2072 121 1
2191 121 1
143 121 1
330 121 1
1792 121 1
2099 121 1
0 121 1
4270 121 1
2072 121 1
4909 121 1
248 121 1
2158 121 1
1813 121 1
226 121 1
2134 121 1
492 121 1
1127 121 1
63 121 1
1784 121 1
1526 121 1
2615 121 1
34 121 1
247 121 1
635 121 1
25 121 1
808 121 1
427 121 1
9 121 1
1432 121 1
1703 121 1
3102 121 1
489 121 1
693 121 1
9 121 1
157 121 1
828 121 1
144 121 1
3007 121 1
554 121 1
209 121 1
345 122 1
252 122 1
840 122 1
70 122 1
27 122 1
4329 122 1
189 122 1
1785 122 1
2562 122 1
14 122 1
420 122 1
563 122 1
2210 122 1
320 122 1
989 122 1
2514 122 1
181 122 1
3772 122 1
45 122 1
2205 122 1
389 122 1
220 122 1
72 122 1
3684 122 1
1328 122 1
1273 122 1
1815 122 1
1688 122 1
1456 122 1
1878 122 1
800 122 1
567 122 1
2081 122 1
3045 122 1
131 122 1
3942 122 1
1267 122 1
2566 122 1
2099 122 1
4183 122 1
705 122 1
549 122 1
3482 122 1
781 122 1
1679 122 1
694 122 1
2074 122 1
821 122 1
1442 122 1
132 122 1
1053 122 1
483 122 1
159 122 1
2351 122 1
728 122 1
2530 122 1
201 122 1
96 122 1
240 122 1
4165 122 1
1174 122 1
119 122 1
2047 122 1
34 122 1
4897 122 1
10 122 1
502 122 1
3219 122 1
3013 122 1
1754 122 1
1120 122 1
4668 122 1
227 122 1
122 122 1
150 122 1
703 122 1
19 122 1
1431 122 1
636 122 1
4 122 1
2346 122 1
1201 122 1
888 122 1
131 122 1
3317 122 1
4519 122 1
60 122 1
1616 122 1
1794 122 1
870 122 1
337 122 1
3861 122 1
4829 122 1
1639 122 1
207 122 1
2965 122 1
1982 122 1
538 122 1
1651 122 1
241 122 1
364 122 1
2670 122 1
202 122 1
235 122 1
2621 122 1
1998 122 1
3945 122 1
2762 122 1
118 122 1
4534 122 1
1 122 1
796 122 1
1507 122 1
597 122 1
2 122 1
1053 122 1
36 122 1
4872 122 1
1371 122 1
686 122 1
2038 122 1
1497 122 1
201 122 1
2416 122 1
806 122 1
94 122 1
2358 122 1
2434 122 1
221 122 1
1 122 1
200 122 1
358 122 1
458 122 1
543 122 1
313 122 1
245 122 1
2252 122 1
367 122 1
1311 122 1
3 122 1
1982 122 1
2052 122 1
1881 122 1
2349 122 1
3892 122 1
5 122 1
2215 122 1
193 122 1
193 122 1
655 122 1
3974 122 1
983 122 1
951 122 1
4553 122 1
146 122 1
2086 122 1
2887 122 1
1878 122 1
1162 122 1
771 122 1
58 122 1
9 122 1
47 122 1
47 122 1
235 122 1
118 122 1
1485 122 1
0 122 1
3865 122 1
65 122 1
4188 122 1
3413 122 1
19 122 1
4188 122 1
2964 122 1
2321 122 1
5 122 1
20 122 1
163 122 1
3979 122 1
1322 122 1
221 122 1
400 122 1
4459 122 1
4041 122 1
2356 122 1
694 122 1
5 122 1
10 122 1
1774 122 1
309 122 1
2134 122 1
1087 122 1
240 122 1
261 122 1
2581 122 1
3 122 1
508 122 1
189 122 1
311 122 1
143 122 1
3 122 1
97 122 1
53 122 1
38 122 1
1761 122 1
99 122 1
3813 122 1
3341 122 1
4194 122 1
634 122 1
1827 122 1
1280 122 1
2457 122 1
2 122 1
2970 122 1
1892 122 1
23 122 1
4258 122 1
3028 122 1
1781 122 1
762 122 1
2965 122 1
61 122 1
282 122 1
1626 122 1
1151 122 1
1502 122 1
4385 122 1
337 122 1
178 122 1
61 122 1
100 122 1
71 122 1
536 122 1
2980 122 1
79 122 1
5 122 1
67 122 1
3218 122 1
1638 122 1
2149 122 1
3882 122 1
932 122 1
1920 122 1
1590 122 1
2970 122 1
1742 122 1
965 122 1
87 122 1
396 122 1
514 122 1
2881 122 1
479 122 1
3943 122 1
0 122 1
323 122 1
2164 122 1
962 122 1
3561 122 1
1 122 1
537 122 1
296 122 1
2210 122 1
2997 122 1
755 122 1
453 122 1
2102 122 1
592 122 1
851 122 1
4035 122 1
4227 122 1
1375 122 1
4223 122 1
1435 122 1
2300 122 1
4700 122 1
1371 122 1
29 122 1
1172 122 1
2094 122 1
105 122 1
621 122 1
21 122 1
1589 122 1
1195 122 1
722 122 1
1660 122 1
2423 122 1
3737 122 1
14 122 1
2 122 1
2317 122 1
228 122 1
86 122 1
1496 122 1
3733 122 1
3449 122 1
1162 122 1
1867 122 1
802 122 1
748 122 1
340 122 1
143 122 1
4815 122 1
1753 122 1
95 122 1
815 122 1
688 122 1
881 122 1
3183 122 1
1421 122 1
0 122 1
270 122 1
1674 122 1
17 122 1
2846 122 1
659 122 1
758 122 1
114 122 1
289 122 1
1372 122 1
210 122 1
4261 122 1
9 122 1
3567 122 1
425 122 1
1948 122 1
4901 122 1
1092 122 1
1716 122 1
619 122 1
3157 122 1
374 122 1
77 122 1
47 122 1
7 122 1
230 122 1
1721 122 1
32 122 1
1371 122 1
2424 122 1
1244 122 1
2792 122 1
3846 122 1
178 123 1
279 123 1
1246 123 1
4701 123 1
1094 123 1
1315 123 1
3879 123 1
415 123 1
307 123 1
2064 123 1
90 123 1
1729 123 1
2736 123 1
421 123 1
4250 123 1
13 123 1
2044 123 1
109 123 1
1770 123 1
2104 123 1
187 123 1
44 123 1
174 123 1
4186 123 1
7 123 1
0 123 1
0 123 1
702 123 1
537 123 1
932 123 1
1300 123 1
0 123 1
197 123 1
2423 123 1
155 123 1
3078 123 1
944 123 1
4433 123 1
415 123 1
1376 123 1
0 123 1
3057 123 1
2893 123 1
2153 123 1
25 123 1
2720 123 1
1144 123 1
69 123 1
4810 123 1
54 123 1
1218 123 1
4194 123 1
412 123 1
998 123 1
1666 123 1
743 123 1
2938 123 1
2058 123 1
4330 123 1
3023 123 1
3085 123 1
672 123 1
0 123 1
1216 123 1
47 123 1
7 123 1
4256 123 1
307 123 1
2755 123 1
1849 123 1
4211 123 1
1013 123 1
999 123 1
802 123 1
1439 123 1
9 123 1
1222 123 1
45 123 1
3195 123 1
24 123 1
1926 123 1
3182 123 1
4468 123 1
145 123 1
279 123 1
0 123 1
2417 123 1
3015 123 1
3422 123 1
4174 123 1
3528 123 1
2034 123 1
178 123 1
1610 123 1
3020 123 1
365 123 1
562 123 1
81 123 1
386 123 1
120 123 1
1582 123 1
3617 123 1
104 123 1
4533 123 1
3022 123 1
1968 123 1
2773 123 1
448 123 1
786 123 1
234 123 1
1883 123 1
2499 123 1
2452 123 1
415 123 1
4398 123 1
3286 123 1
1833 123 1
58 123 1
2036 123 1
2280 123 1
3282 123 1
16 123 1
1710 123 1
28 123 1
278 123 1
3364 123 1
79 123 1
1628 123 1
3101 123 1
408 123 1
1933 123 1
0 123 1
163 123 1
2119 123 1
3718 123 1
59 123 1
2201 123 1
514 123 1
613 123 1
855 123 1
1184 123 1
928 123 1
743 123 1
972 123 1
2795 123 1
65 123 1
4191 123 1
4600 123 1
2986 123 1
41 123 1
122 123 1
510 123 1
4046 123 1
2248 123 1
3431 123 1
1961 123 1
38 123 1
1370 123 1
146 123 1
2696 123 1
814 123 1
66 123 1
608 123 1
96 123 1
6 123 1
781 123 1
21 123 1
78 123 1
4965 123 1
699 123 1
847 123 1
1032 123 1
2950 123 1
4439 123 1
4583 123 1
3802 123 1
99 123 1
4165 123 1
2630 123 1
211 123 1
0 123 1
3518 123 1
731 123 1
25 123 1
2802 123 1
2089 123 1
2226 123 1
2128 123 1
798 123 1
4791 123 1
4536 123 1
4659 123 1
3464 123 1
37 123 1
919 123 1
558 123 1
4653 123 1
65 123 1
692 123 1
13 123 1
540 123 1
3983 123 1
2 123 1
765 123 1
2641 123 1
3140 123 1
131 123 1
250 123 1
1049 123 1
266 123 1
2219 123 1
4957 123 1
3366 123 1
3862 123 1
3236 123 1
27 123 1
1171 123 1
1710 123 1
675 123 1
3190 123 1
132 123 1
345 123 1
1250 123 1
3647 123 1
168 123 1
680 123 1
133 123 1
2597 123 1
1997 123 1
230 123 1
171 123 1
1700 123 1
3 123 1
2232 123 1
2319 123 1
570 123 1
1497 123 1
3640 123 1
4883 123 1
573 123 1
125 123 1
4099 123 1
4510 123 1
3083 123 1
544 123 1
8 123 1
1854 123 1
1504 123 1
735 123 1
31 123 1
4426 123 1
2604 123 1
19 123 1
67 123 1
257 123 1
780 123 1
2796 123 1
1896 123 1
549 123 1
43 123 1
1933 123 1
136 123 1
1912 123 1
3493 123 1
41 123 1
3017 123 1
1933 123 1
316 123 1
3705 123 1
1250 123 1
3073 123 1
734 123 1
3416 123 1
2111 123 1
11 123 1
1884 123 1
1430 123 1
3295 123 1
1431 123 1
1929 123 1
14 123 1
3905 123 1
452 123 1
12 123 1
605 123 1
3707 123 1
28 123 1
662 123 1
3411 123 1
1267 123 1
4458 123 1
1640 123 1
4967 123 1
1 123 1
2880 123 1
1981 123 1
949 123 1
1806 123 1
3307 123 1
2464 123 1
1114 123 1
2420 123 1
1179 123 1
257 123 1
913 123 1
2291 123 1
3719 123 1
2804 123 1
1766 123 1
195 123 1
236 123 1
2038 123 1
1001 123 1
480 123 1
4898 123 1
2093 123 1
1439 123 1
1937 123 1
4712 123 1
575 123 1
534 123 1
1289 123 1
1254 123 1
1108 123 1
2294 123 1
2816 123 1
2 123 1
178 123 1
1692 123 1
2838 123 1
1841 123 1
841 123 1
581 123 1
4589 123 1
998 123 1
1467 123 1
3686 123 1
1732 123 1
3743 123 1
779 123 1
3935 123 1
447 123 1
2335 123 1
2914 123 1
2663 123 1
768 124 1
1250 124 1
15 124 1
200 124 1
9 124 1
4189 124 1
1789 124 1
2125 124 1
35 124 1
63 124 1
15 124 1
4011 124 1
1613 124 1
3763 124 1
962 124 1
4768 124 1
0 124 1
4192 124 1
80 124 1
142 124 1
1905 124 1
397 124 1
540 124 1
1531 124 1
3379 124 1
1334 124 1
1 124 1
558 124 1
225 124 1
2263 124 1
299 124 1
2941 124 1
136 124 1
1556 124 1
318 124 1
512 124 1
3651 124 1
1387 124 1
161 124 1
2241 124 1
1142 124 1
256 124 1
1793 124 1
4378 124 1
1151 124 1
133 124 1
963 124 1
2642 124 1
184 124 1
460 124 1
444 124 1
1223 124 1
3733 124 1
2180 124 1
2801 124 1
3907 124 1
1334 124 1
2716 124 1
602 124 1
2307 124 1
177 124 1
121 124 1
2105 124 1
1974 124 1
12 124 1
562 124 1
66 124 1
1920 124 1
1701 124 1
3119 124 1
2915 124 1
22 124 1
2558 124 1
990 124 1
144 124 1
1211 124 1
2376 124 1
4485 124 1
1727 124 1
1412 124 1
2139 124 1
1321 124 1
2516 124 1
4743 124 1
394 124 1
1982 124 1
329 124 1
4371 124 1
53 124 1
2024 124 1
3278 124 1
1770 124 1
2649 124 1
84 124 1
2880 124 1
2750 124 1
4340 124 1
3452 124 1
1510 124 1
4 124 1
4727 124 1
62 124 1
3909 124 1
2977 124 1
371 124 1
4063 124 1
4333 124 1
564 124 1
1890 124 1
214 124 1
891 124 1
3084 124 1
4475 124 1
980 124 1
4880 124 1
2143 124 1
2291 124 1
216 124 1
1448 124 1
2267 124 1
2149 124 1
204 124 1
2272 124 1
318 124 1
743 124 1
339 124 1
184 124 1
570 124 1
475 124 1
20 124 1
3180 124 1
2434 124 1
980 124 1
3173 124 1
690 124 1
1965 124 1
2084 124 1
2815 124 1
1692 124 1
3772 124 1
175 124 1
3123 124 1
677 124 1
1534 124 1
577 124 1
2829 124 1
170 124 1
1131 124 1
734 124 1
4950 124 1
3649 124 1
216 124 1
871 124 1
376 124 1
4409 124 1
3487 124 1
59 124 1
3030 124 1
2336 124 1
648 124 1
1 124 1
534 124 1
2646 124 1
2000 124 1
4967 124 1
7 124 1
1683 124 1
1317 124 1
8 124 1
808 124 1
118 124 1
412 124 1
3313 124 1
4399 124 1
3721 124 1
717 124 1
1339 124 1
4741 124 1
3371 124 1
608 124 1
2388 124 1
11 124 1
788 124 1
499 124 1
2602 124 1
4882 124 1
1421 124 1
208 124 1
1433 124 1
422 124 1
44 124 1
238 124 1
3323 124 1
154 124 1
4618 124 1
973 124 1
3728 124 1
1239 124 1
217 124 1
768 124 1
4567 124 1
2448 124 1
4787 124 1
24 124 1
413 124 1
1020 124 1
31 124 1
3142 124 1
1027 124 1
69 124 1
2177 124 1
2 124 1
4444 124 1
3018 124 1
429 124 1
4921 124 1
47 124 1
2985 124 1
17 124 1
1492 124 1
3635 124 1
54 124 1
3134 124 1
1231 124 1
2566 124 1
2425 124 1
2192 124 1
219 124 1
1466 124 1
3265 124 1
998 124 1
943 124 1
2349 124 1
353 124 1
4882 124 1
2690 124 1
508 124 1
1374 124 1
4152 124 1
568 124 1
2053 124 1
73 124 1
3606 124 1
485 124 1
1211 124 1
6 124 1
3767 124 1
4879 124 1
918 124 1
215 124 1
1891 124 1
744 124 1
4290 124 1
2586 124 1
232 124 1
4567 124 1
2100 124 1
3024 124 1
4190 124 1
1536 124 1
633 124 1
202 124 1
2474 124 1
631 124 1
4281 124 1
60 124 1
2385 124 1
1140 124 1
3232 124 1
1110 124 1
3947 124 1
2778 124 1
3270 124 1
1358 124 1
1761 124 1
3856 124 1
640 124 1
1749 124 1
0 124 1
1103 124 1
2809 124 1
118 124 1
4305 124 1
21 124 1
4205 124 1
6 124 1
1951 124 1
1205 124 1
1353 124 1
21 124 1
2286 124 1
849 124 1
2150 124 1
461 124 1
254 124 1
1296 124 1
1365 124 1
2259 124 1
3369 124 1
1710 124 1
1695 124 1
2476 124 1
148 124 1
3171 124 1
186 124 1
2511 124 1
3783 124 1
2517 124 1
797 124 1
986 124 1
1233 124 1
1506 124 1
3515 124 1
2832 124 1
1352 124 1
302 124 1
321 124 1
10 124 1
2 124 1
502 124 1
1030 124 1
3933 124 1
3287 124 1
1483 124 1
75 124 1
489 124 1
1820 124 1
28 124 1
817 124 1
3959 124 1
1021 124 1
1042 124 1
5 124 1
298 124 1
14 124 1
1 124 1
2330 124 1
113 124 1
1165 124 1
2019 124 1
4271 124 1
2685 124 1
3958 124 1
33 124 1
1055 124 1
37 125 1
363 125 1
1102 125 1
3060 125 1
1419 125 1
245 125 1
2122 125 1
4863 125 1
181 125 1
142 125 1
4221 125 1
2414 125 1
3655 125 1
4893 125 1
156 125 1
2124 125 1
164 125 1
275 125 1
2936 125 1
799 125 1
4514 125 1
3695 125 1
2327 125 1
1465 125 1
866 125 1
29 125 1
335 125 1
1425 125 1
3902 125 1
969 125 1
54 125 1
3350 125 1
3419 125 1
2357 125 1
4469 125 1
2864 125 1
1734 125 1
4732 125 1
1068 125 1
2265 125 1
888 125 1
737 125 1
158 125 1
1044 125 1
134 125 1
4648 125 1
3226 125 1
1246 125 1
307 125 1
103 125 1
631 125 1
4190 125 1
1262 125 1
1793 125 1
1349 125 1
789 125 1
4573 125 1
464 125 1
262 125 1
566 125 1
460 125 1
2538 125 1
43 125 1
974 125 1
1099 125 1
1 125 1
337 125 1
2277 125 1
1628 125 1
201 125 1
210 125 1
26 125 1
1885 125 1
19 125 1
377 125 1
4759 125 1
1938 125 1
0 125 1
166 125 1
2645 125 1
447 125 1
1165 125 1
3089 125 1
23 125 1
6 125 1
215 125 1
2333 125 1
0 125 1
4704 125 1
615 125 1
2490 125 1
7 125 1
2714 125 1
3411 125 1
2556 125 1
334 125 1
478 125 1
311 125 1
1445 125 1
2468 125 1
4130 125 1
275 125 1
3474 125 1
312 125 1
325 125 1
2658 125 1
1955 125 1
1151 125 1
509 125 1
3464 125 1
23 125 1
4515 125 1
0 125 1
3840 125 1
87 125 1
3244 125 1
3130 125 1
486 125 1
263 125 1
1577 125 1
13 125 1
275 125 1
2729 125 1
1211 125 1
3411 125 1
3235 125 1
3414 125 1
4367 125 1
901 125 1
385 125 1
352 125 1
0 125 1
47 125 1
3475 125 1
3071 125 1
4314 125 1
1877 125 1
2856 125 1
3649 125 1
1089 125 1
1326 125 1
444 125 1
1152 125 1
2240 125 1
846 125 1
1371 125 1
1228 125 1
4295 125 1
3 125 1
159 125 1
3313 125 1
293 125 1
2821 125 1
197 125 1
2741 125 1
606 125 1
69 125 1
214 125 1
4561 125 1
573 125 1
1828 125 1
28 125 1
1575 125 1
474 125 1
75 125 1
42 125 1
1453 125 1
2144 125 1
4512 125 1
3812 125 1
981 125 1
7 125 1
736 125 1
49 125 1
47 125 1
984 125 1
1451 125 1
400 125 1
662 125 1
1207 125 1
409 125 1
428 125 1
218 125 1
263 125 1
4 125 1
1716 125 1
1113 125 1
631 125 1
3931 125 1
1336 125 1
7 125 1
4342 125 1
140 125 1
4705 125 1
1537 125 1
1978 125 1
101 125 1
49 125 1
1312 125 1
27 125 1
3669 125 1
10 125 1
3579 125 1
199 125 1
559 125 1
562 125 1
4142 125 1
632 125 1
1610 125 1
2950 125 1
4894 125 1
2761 125 1
0 125 1
868 125 1
3035 125 1
2094 125 1
721 125 1
2477 125 1
608 125 1
4148 125 1
3308 125 1
1350 125 1
2149 125 1
3887 125 1
3182 125 1
2586 125 1
472 125 1
823 125 1
671 125 1
1749 125 1
887 125 1
4005 125 1
900 125 1
83 125 1
225 125 1
4110 125 1
2858 125 1
279 125 1
2857 125 1
1971 125 1
336 125 1
1640 125 1
222 125 1
125 125 1
1745 125 1
2039 125 1
647 125 1
168 125 1
3153 125 1
302 125 1
2745 125 1
2432 125 1
966 125 1
1503 125 1
5 125 1
3257 125 1
1485 125 1
132 125 1
2981 125 1
3033 125 1
1793 125 1
39 125 1
1930 125 1
1841 125 1
1323 125 1
96 125 1
535 125 1
32 125 1
3573 125 1
70 125 1
469 125 1
40 125 1
4916 125 1
1787 125 1
3414 125 1
1475 125 1
41 125 1
0 125 1
2642 125 1
502 125 1
22 125 1
378 125 1
2124 125 1
440 125 1
2409 125 1
3552 125 1
32 125 1
1559 125 1
191 125 1
455 125 1
131 125 1
1588 125 1
56 125 1
156 125 1
2000 125 1
2329 125 1
1216 125 1
489 125 1
13 125 1
373 125 1
904 125 1
6 125 1
1964 125 1
1791 125 1
792 125 1
4200 125 1
45 125 1
51 125 1
7 125 1
151 125 1
4719 125 1
76 125 1
393 125 1
4549 125 1
174 125 1
128 125 1
185 125 1
1639 125 1
546 125 1
4633 125 1
702 125 1
619 125 1
791 125 1
1264 125 1
232 125 1
1687 125 1
3651 125 1
411 125 1
4540 125 1
132 125 1
48 125 1
457 125 1
598 125 1
1549 125 1
4296 125 1
4047 125 1
213 125 1
704 125 1
1388 125 1
19 125 1
1322 125 1
182 125 1
878 125 1
0 125 1
201 125 1
26 126 1
3397 126 1
3013 126 1
3340 126 1
2652 126 1
1236 126 1
468 126 1
958 126 1
2525 126 1
791 126 1
1168 126 1
10 126 1
1318 126 1
442 126 1
3892 126 1
4263 126 1
715 126 1
1571 126 1
3735 126 1
479 126 1
26 126 1
914 126 1
1055 126 1
4691 126 1
454 126 1
1562 126 1
3960 126 1
126 126 1
2521 126 1
4458 126 1
1707 126 1
745 126 1
307 126 1
1313 126 1
1160 126 1
24 126 1
4528 126 1
2507 126 1
35 126 1
4459 126 1
4802 126 1
48 126 1
357 126 1
1344 126 1
326 126 1
2077 126 1
151 126 1
240 126 1
2 126 1
834 126 1
1079 126 1
2664 126 1
1282 126 1
299 126 1
377 126 1
2420 126 1
4477 126 1
373 126 1
725 126 1
418 126 1
70 126 1
0 126 1
344 126 1
1370 126 1
4655 126 1
3996 126 1
158 126 1
186 126 1
428 126 1
1486 126 1
2158 126 1
812 126 1
602 126 1
230 126 1
3579 126 1
703 126 1
4579 126 1
1732 126 1
3896 126 1
825 126 1
3099 126 1
2065 126 1
583 126 1
39 126 1
774 126 1
3243 126 1
922 126 1
1427 126 1
460 126 1
4352 126 1
2119 126 1
468 126 1
1333 126 1
205 126 1
58 126 1
4422 126 1
389 126 1
131 126 1
1019 126 1
221 126 1
3363 126 1
120 126 1
4605 126 1
3947 126 1
45 126 1
4096 126 1
321 126 1
3749 126 1
1648 126 1
3907 126 1
799 126 1
121 126 1
251 126 1
253 126 1
4288 126 1
1639 126 1
2460 126 1
1120 126 1
348 126 1
19 126 1
2445 126 1
130 126 1
1394 126 1
4711 126 1
3275 126 1
276 126 1
847 126 1
2472 126 1
1321 126 1
4095 126 1
889 126 1
1275 126 1
1500 126 1
1079 126 1
3347 126 1
3037 126 1
3 126 1
1929 126 1
1749 126 1
2042 126 1
655 126 1
4053 126 1
685 126 1
1921 126 1
1092 126 1
3675 126 1
815 126 1
477 126 1
4075 126 1
151 126 1
2305 126 1
3224 126 1
1631 126 1
1768 126 1
1920 126 1
2425 126 1
24 126 1
3017 126 1
1632 126 1
2549 126 1
3590 126 1
2067 126 1
661 126 1
842 126 1
4 126 1
196 126 1
4391 126 1
246 126 1
40 126 1
3913 126 1
2129 126 1
1607 126 1
2610 126 1
242 126 1
412 126 1
654 126 1
1819 126 1
1 126 1
33 126 1
1835 126 1
3143 126 1
1703 126 1
3555 126 1
1213 126 1
1275 126 1
1242 126 1
145 126 1
245 126 1
661 126 1
219 126 1
2786 126 1
1699 126 1
1687 126 1
1631 126 1
4269 126 1
69 126 1
33 126 1
2403 126 1
1184 126 1
4616 126 1
336 126 1
1055 126 1
1053 126 1
2640 126 1
1059 126 1
51 126 1
319 126 1
2009 126 1
3867 126 1
1947 126 1
2905 126 1
62 126 1
3575 126 1
314 126 1
1986 126 1
639 126 1
2526 126 1
1467 126 1
3435 126 1
1067 126 1
3170 126 1
21 126 1
617 126 1
4333 126 1
3555 126 1
336 126 1
927 126 1
666 126 1
4 126 1
0 126 1
251 126 1
187 126 1
3385 126 1
756 126 1
4895 126 1
180 126 1
4719 126 1
2455 126 1
1188 126 1
0 126 1
93 126 1
1356 126 1
18 126 1
154 126 1
1567 126 1
910 126 1
312 126 1
1456 126 1
231 126 1
145 126 1
1572 126 1
213 126 1
693 126 1
352 126 1
2084 126 1
67 126 1
507 126 1
3942 126 1
13 126 1
134 126 1
129 126 1
2722 126 1
317 126 1
3882 126 1
271 126 1
28 126 1
121 126 1
918 126 1
69 126 1
3224 126 1
937 126 1
1480 126 1
2763 126 1
901 126 1
459 126 1
270 126 1
2308 126 1
4581 126 1
1988 126 1
2611 126 1
818 126 1
298 126 1
467 126 1
168 126 1
1318 126 1
77 126 1
4819 126 1
258 126 1
2845 126 1
2388 126 1
474 126 1
13 126 1
2225 126 1
54 126 1
2068 126 1
3333 126 1
4308 126 1
847 126 1
4931 126 1
1900 126 1
1107 126 1
35 126 1
3823 126 1
1241 126 1
3122 126 1
3032 126 1
209 126 1
34 126 1
2946 126 1
2608 126 1
1196 126 1
1753 126 1
72 126 1
3277 126 1
912 126 1
3361 126 1
358 126 1
4286 126 1
4617 126 1
4344 126 1
25 126 1
208 126 1
0 126 1
488 126 1
375 126 1
4 126 1
4985 126 1
1104 126 1
1357 126 1
3892 126 1
293 126 1
1642 126 1
2617 126 1
371 126 1
1701 126 1
1065 126 1
12 126 1
3449 126 1
133 126 1
2356 126 1
28 126 1
3756 126 1
864 126 1
4113 126 1
1583 126 1
4018 127 1
185 127 1
3768 127 1
3321 127 1
54 127 1
1651 127 1
1206 127 1
360 127 1
376 127 1
1251 127 1
697 127 1
865 127 1
1 127 1
310 127 1
4145 127 1
93 127 1
4290 127 1
50 127 1
1847 127 1
115 127 1
44 127 1
0 127 1
65 127 1
339 127 1
191 127 1
700 127 1
393 127 1
159 127 1
4532 127 1
472 127 1
2265 127 1
421 127 1
500 127 1
2803 127 1
16 127 1
2494 127 1
56 127 1
53 127 1
3897 127 1
2481 127 1
2627 127 1
46 127 1
1439 127 1
3087 127 1
612 127 1
748 127 1
665 127 1
111 127 1
577 127 1
699 127 1
577 127 1
2843 127 1
248 127 1
914 127 1
535 127 1
1045 127 1
11 127 1
3981 127 1
1557 127 1
83 127 1
2396 127 1
20 127 1
3 127 1
4066 127 1
1265 127 1
1446 127 1
3176 127 1
2474 127 1
1759 127 1
2019 127 1
510 127 1
4274 127 1
1364 127 1
1273 127 1
793 127 1
205 127 1
2413 127 1
3866 127 1
1147 127 1
294 127 1
2787 127 1
86 127 1
3290 127 1
1836 127 1
311 127 1
1367 127 1
1580 127 1
977 127 1
3259 127 1
1614 127 1
980 127 1
9 127 1
137 127 1
863 127 1
3710 127 1
409 127 1
296 127 1
2303 127 1
2550 127 1
13 127 1
1420 127 1
4374 127 1
4135 127 1
1388 127 1
4631 127 1
1614 127 1
4641 127 1
1210 127 1
2681 127 1
3375 127 1
4414 127 1
1185 127 1
3663 127 1
2645 127 1
294 127 1
1900 127 1
798 127 1
333 127 1
0 127 1
302 127 1
800 127 1
810 127 1
3915 127 1
4757 127 1
188 127 1
192 127 1
4842 127 1
1044 127 1
2322 127 1
214 127 1
354 127 1
3509 127 1
3589 127 1
3794 127 1
1240 127 1
554 127 1
3101 127 1
595 127 1
4912 127 1
1413 127 1
2131 127 1
717 127 1
51 127 1
4150 127 1
1143 127 1
2479 127 1
408 127 1
235 127 1
4982 127 1
4511 127 1
1899 127 1
1122 127 1
1015 127 1
1626 127 1
1738 127 1
4961 127 1
136 127 1
1093 127 1
1183 127 1
866 127 1
3455 127 1
3775 127 1
25 127 1
83 127 1
1626 127 1
284 127 1
2434 127 1
2974 127 1
3186 127 1
42 127 1
1676 127 1
1822 127 1
29 127 1
4538 127 1
1277 127 1
18 127 1
4678 127 1
230 127 1
726 127 1
4964 127 1
1768 127 1
2089 127 1
1297 127 1
4394 127 1
2828 127 1
2348 127 1
4013 127 1
1536 127 1
2978 127 1
965 127 1
790 127 1
1492 127 1
13 127 1
970 127 1
946 127 1
1145 127 1
2201 127 1
1383 127 1
2192 127 1
1979 127 1
2469 127 1
431 127 1
5 127 1
0 127 1
81 127 1
268 127 1
2347 127 1
14 127 1
2417 127 1
800 127 1
35 127 1
2930 127 1
2119 127 1
0 127 1
780 127 1
8 127 1
604 127 1
678 127 1
89 127 1
387 127 1
1642 127 1
662 127 1
535 127 1
2127 127 1
1457 127 1
3469 127 1
1905 127 1
38 127 1
99 127 1
232 127 1
565 127 1
1696 127 1
18 127 1
897 127 1
45 127 1
44 127 1
317 127 1
3051 127 1
2894 127 1
1918 127 1
101 127 1
1019 127 1
6 127 1
656 127 1
32 127 1
1023 127 1
690 127 1
427 127 1
392 127 1
115 127 1
1974 127 1
1143 127 1
1602 127 1
3653 127 1
1174 127 1
4721 127 1
1999 127 1
673 127 1
4795 127 1
9 127 1
218 127 1
2210 127 1
1723 127 1
2055 127 1
380 127 1
472 127 1
1194 127 1
60 127 1
2957 127 1
4303 127 1
475 127 1
2581 127 1
668 127 1
349 127 1
4188 127 1
430 127 1
1360 127 1
0 127 1
2107 127 1
1396 127 1
605 127 1
4260 127 1
2753 127 1
125 127 1
3788 127 1
4719 127 1
3525 127 1
3370 127 1
3611 127 1
531 127 1
4402 127 1
2112 127 1
563 127 1
4115 127 1
627 127 1
42 127 1
1754 127 1
2325 127 1
34 127 1
123 127 1
1724 127 1
3383 127 1
2528 127 1
4467 127 1
896 127 1
638 127 1
1866 127 1
111 127 1
73 127 1
4782 127 1
14 127 1
105 127 1
17 127 1
4248 127 1
3990 127 1
24 127 1
1368 127 1
2912 127 1
752 127 1
602 127 1
1 127 1
2743 127 1
36 127 1
2806 127 1
1002 127 1
896 127 1
2309 127 1
1595 127 1
1455 127 1
3055 127 1
3713 127 1
4211 127 1
1361 127 1
718 127 1
2959 127 1
162 127 1
761 127 1
1458 127 1
2125 127 1
796 127 1
724 127 1
2808 127 1
326 127 1
1167 127 1
935 127 1
4196 128 1
392 128 1
3295 128 1
584 128 1
2101 128 1
1372 128 1
861 128 1
619 128 1
3001 128 1
3727 128 1
2045 128 1
329 128 1
538 128 1
2056 128 1
4566 128 1
5 128 1
983 128 1
565 128 1
2348 128 1
198 128 1
2205 128 1
1893 128 1
609 128 1
1862 128 1
510 128 1
0 128 1
530 128 1
345 128 1
512 128 1
738 128 1
136 128 1
126 128 1
2439 128 1
8 128 1
2584 128 1
135 128 1
3488 128 1
4433 128 1
1220 128 1
4370 128 1
19 128 1
693 128 1
91 128 1
989 128 1
1044 128 1
957 128 1
2406 128 1
3053 128 1
4670 128 1
1807 128 1
29 128 1
4709 128 1
2103 128 1
1745 128 1
593 128 1
175 128 1
3667 128 1
2282 128 1
934 128 1
3762 128 1
4455 128 1
3441 128 1
320 128 1
1612 128 1
2244 128 1
210 128 1
2938 128 1
1451 128 1
0 128 1
529 128 1
3643 128 1
3088 128 1
4692 128 1
2123 128 1
2256 128 1
4246 128 1
1119 128 1
1002 128 1
1327 128 1
849 128 1
3117 128 1
1712 128 1
58 128 1
2331 128 1
80 128 1
110 128 1
0 128 1
682 128 1
1550 128 1
109 128 1
2002 128 1
1894 128 1
340 128 1
3 128 1
4696 128 1
4892 128 1
827 128 1
4375 128 1
3218 128 1
3497 128 1
1231 128 1
1900 128 1
1748 128 1
1212 128 1
3067 128 1
1696 128 1
1867 128 1
2239 128 1
3965 128 1
1237 128 1
1223 128 1
1465 128 1
1324 128 1
777 128 1
1704 128 1
153 128 1
1964 128 1
163 128 1
1093 128 1
9 128 1
478 128 1
3564 128 1
3922 128 1
36 128 1
4649 128 1
189 128 1
583 128 1
4338 128 1
642 128 1
170 128 1
1610 128 1
1745 128 1
1116 128 1
422 128 1
4368 128 1
96 128 1
4217 128 1
1 128 1
4506 128 1
304 128 1
37 128 1
1487 128 1
1908 128 1
202 128 1
3744 128 1
1723 128 1
584 128 1
1633 128 1
1421 128 1
2882 128 1
1907 128 1
4982 128 1
2 128 1
739 128 1
127 128 1
4522 128 1
3464 128 1
3590 128 1
4202 128 1
9 128 1
3510 128 1
1640 128 1
6 128 1
1424 128 1
1015 128 1
456 128 1
2152 128 1
1193 128 1
667 128 1
843 128 1
3 128 1
3187 128 1
87 128 1
2139 128 1
246 128 1
2954 128 1
2907 128 1
692 128 1
9 128 1
4812 128 1
1233 128 1
3022 128 1
501 128 1
3499 128 1
2978 128 1
2169 128 1
323 128 1
1532 128 1
3263 128 1
2336 128 1
600 128 1
69 128 1
1297 128 1
3262 128 1
1550 128 1
4582 128 1
3977 128 1
112 128 1
359 128 1
458 128 1
4660 128 1
4188 128 1
1392 128 1
56 128 1
2 128 1
140 128 1
599 128 1
504 128 1
371 128 1
6 128 1
227 128 1
499 128 1
9 128 1
2505 128 1
677 128 1
2177 128 1
15 128 1
3883 128 1
1306 128 1
6 128 1
183 128 1
771 128 1
253 128 1
1672 128 1
14 128 1
1087 128 1
862 128 1
94 128 1
1230 128 1
11 128 1
3902 128 1
1173 128 1
2159 128 1
2995 128 1
794 128 1
3501 128 1
143 128 1
280 128 1
541 128 1
0 128 1
3417 128 1
2869 128 1
915 128 1
926 128 1
3752 128 1
1245 128 1
1199 128 1
4297 128 1
506 128 1
7 128 1
177 128 1
1297 128 1
2094 128 1
4051 128 1
65 128 1
1792 128 1
15 128 1
441 128 1
967 128 1
3458 128 1
2620 128 1
4276 128 1
45 128 1
2693 128 1
3741 128 1
4326 128 1
2510 128 1
124 128 1
1390 128 1
441 128 1
1882 128 1
694 128 1
127 128 1
1625 128 1
1552 128 1
835 128 1
4082 128 1
1391 128 1
16 128 1
1033 128 1
2721 128 1
473 128 1
1319 128 1
44 128 1
1007 128 1
373 128 1
1670 128 1
3804 128 1
1392 128 1
1287 128 1
4641 128 1
2640 128 1
1804 128 1
460 128 1
1018 128 1
3382 128 1
77 128 1
798 128 1
674 128 1
3422 128 1
4510 128 1
17 128 1
4454 128 1
3884 128 1
708 128 1
1031 128 1
1353 128 1
17 128 1
0 128 1
15 128 1
1133 128 1
3243 128 1
674 128 1
1205 128 1
598 128 1
1512 128 1
2186 128 1
2995 128 1
3430 128 1
4160 128 1
2553 128 1
4367 128 1
1062 128 1
1233 128 1
2162 128 1
1724 128 1
1614 128 1
3 128 1
119 128 1
3896 128 1
1020 128 1
2355 128 1
2826 128 1
1210 128 1
476 128 1
3869 128 1
1404 128 1
1735 128 1
3028 128 1
2569 128 1
1 128 1
31 128 1
4718 128 1
609 128 1
2131 128 1
847 129 1
3027 129 1
17 129 1
11 129 1
3358 129 1
111 129 1
897 129 1
1643 129 1
225 129 1
1861 129 1
4463 129 1
255 129 1
2738 129 1
671 129 1
1253 129 1
3388 129 1
851 129 1
1731 129 1
11 129 1
319 129 1
1041 129 1
248 129 1
3175 129 1
57 129 1
2674 129 1
2702 129 1
3878 129 1
4964 129 1
3356 129 1
1212 129 1
851 129 1
1733 129 1
2117 129 1
1620 129 1
4187 129 1
761 129 1
1670 129 1
1004 129 1
1484 129 1
591 129 1
44 129 1
361 129 1
414 129 1
2540 129 1
3203 129 1
2463 129 1
186 129 1
1902 129 1
40 129 1
2450 129 1
1284 129 1
1980 129 1
9 129 1
1889 129 1
304 129 1
134 129 1
31 129 1
2956 129 1
713 129 1
763 129 1
3750 129 1
1142 129 1
1698 129 1
1432 129 1
128 129 1
1631 129 1
1543 129 1
226 129 1
2299 129 1
138 129 1
1692 129 1
1 129 1
1510 129 1
376 129 1
1308 129 1
114 129 1
2273 129 1
1074 129 1
1187 129 1
1664 129 1
2729 129 1
1232 129 1
1771 129 1
2949 129 1
2029 129 1
4353 129 1
2426 129 1
4331 129 1
801 129 1
837 129 1
4292 129 1
3277 129 1
3652 129 1
329 129 1
1060 129 1
1821 129 1
80 129 1
726 129 1
0 129 1
1611 129 1
494 129 1
86 129 1
4401 129 1
3610 129 1
609 129 1
2756 129 1
1266 129 1
4630 129 1
3279 129 1
2321 129 1
127 129 1
2699 129 1
0 129 1
2 129 1
4305 129 1
159 129 1
879 129 1
830 129 1
1857 129 1
4915 129 1
3267 129 1
66 129 1
175 129 1
2649 129 1
34 129 1
154 129 1
0 129 1
2844 129 1
899 129 1
4801 129 1
1702 129 1
1417 129 1
4098 129 1
1311 129 1
836 129 1
4181 129 1
3106 129 1
1637 129 1
216 129 1
3842 129 1
4555 129 1
199 129 1
4517 129 1
60 129 1
2056 129 1
1516 129 1
1455 129 1
1827 129 1
1462 129 1
4290 129 1
51 129 1
2378 129 1
317 129 1
717 129 1
1513 129 1
86 129 1
4059 129 1
4 129 1
173 129 1
181 129 1
608 129 1
1182 129 1
1211 129 1
295 129 1
3821 129 1
4545 129 1
2092 129 1
2708 129 1
1279 129 1
3670 129 1
86 129 1
3119 129 1
10 129 1
54 129 1
4295 129 1
1245 129 1
1246 129 1
226 129 1
2331 129 1
4010 129 1
768 129 1
4574 129 1
1396 129 1
1957 129 1
2027 129 1
3924 129 1
3078 129 1
2157 129 1
983 129 1
818 129 1
1654 129 1
3 129 1
1239 129 1
27 129 1
648 129 1
943 129 1
230 129 1
805 129 1
1220 129 1
854 129 1
13 129 1
666 129 1
1720 129 1
157 129 1
854 129 1
4131 129 1
325 129 1
1052 129 1
312 129 1
4141 129 1
3306 129 1
2004 129 1
705 129 1
295 129 1
80 129 1
852 129 1
4 129 1
466 129 1
353 129 1
3 129 1
460 129 1
4871 129 1
747 129 1
2581 129 1
27 129 1
3067 129 1
2439 129 1
101 129 1
4473 129 1
58 129 1
22 129 1
0 129 1
931 129 1
1134 129 1
1336 129 1
4158 129 1
119 129 1
1463 129 1
2840 129 1
1004 129 1
3356 129 1
4219 129 1
1870 129 1
4224 129 1
95 129 1
486 129 1
3631 129 1
3854 129 1
332 129 1
927 129 1
4026 129 1
1957 129 1
187 129 1
4595 129 1
913 129 1
3216 129 1
3058 129 1
156 129 1
2015 129 1
24 129 1
362 129 1
413 129 1
161 129 1
1315 129 1
3734 129 1
2515 129 1
11 129 1
4548 129 1
1031 129 1
2118 129 1
144 129 1
1566 129 1
78 129 1
662 129 1
2287 129 1
19 129 1
463 129 1
3119 129 1
3664 129 1
2568 129 1
2284 129 1
2077 129 1
3161 129 1
45 129 1
2126 129 1
1216 129 1
459 129 1
469 129 1
666 129 1
2961 129 1
836 129 1
243 129 1
4416 129 1
2120 129 1
49 129 1
27 129 1
4610 129 1
674 129 1
758 129 1
492 129 1
4300 129 1
221 129 1
609 129 1
2074 129 1
4813 129 1
4370 129 1
2702 129 1
1090 129 1
3069 129 1
0 129 1
1043 129 1
4774 129 1
2257 129 1
3902 129 1
1672 129 1
763 129 1
1989 129 1
776 129 1
277 129 1
1009 129 1
13 129 1
2461 129 1
4456 129 1
3393 129 1
202 129 1
2844 129 1
4702 129 1
1371 129 1
178 129 1
1308 129 1
2628 129 1
4291 129 1
245 129 1
2503 129 1
4620 129 1
24 129 1
1345 129 1
58 129 1
990 129 1
1408 129 1
576 129 1
1183 129 1
273 129 1
306 129 1
1999 129 1
77 130 1
1237 130 1
522 130 1
967 130 1
494 130 1
395 130 1
138 130 1
1543 130 1
0 130 1
179 130 1
383 130 1
2541 130 1
3963 130 1
4983 130 1
101 130 1
184 130 1
246 130 1
3606 130 1
790 130 1
3022 130 1
493 130 1
573 130 1
782 130 1
4758 130 1
12 130 1
1151 130 1
1090 130 1
2531 130 1
105 130 1
4789 130 1
1081 130 1
2614 130 1
480 130 1
894 130 1
369 130 1
3434 130 1
4841 130 1
47 130 1
6 130 1
981 130 1
8 130 1
968 130 1
964 130 1
4761 130 1
0 130 1
413 130 1
2357 130 1
255 130 1
722 130 1
3867 130 1
4715 130 1
454 130 1
818 130 1
1482 130 1
857 130 1
3280 130 1
74 130 1
861 130 1
4208 130 1
308 130 1
2013 130 1
1873 130 1
644 130 1
1116 130 1
325 130 1
27 130 1
512 130 1
1218 130 1
4314 130 1
1504 130 1
867 130 1
1571 130 1
4955 130 1
621 130 1
3691 130 1
4862 130 1
2412 130 1
776 130 1
55 130 1
3962 130 1
4551 130 1
4686 130 1
2342 130 1
1649 130 1
17 130 1
3763 130 1
4040 130 1
836 130 1
80 130 1
0 130 1
1185 130 1
334 130 1
920 130 1
2572 130 1
798 130 1
2908 130 1
12 130 1
687 130 1
2986 130 1
2202 130 1
339 130 1
975 130 1
2016 130 1
2718 130 1
526 130 1
3090 130 1
4261 130 1
4923 130 1
3965 130 1
4726 130 1
3631 130 1
2105 130 1
2622 130 1
90 130 1
3 130 1
130 130 1
4373 130 1
1042 130 1
193 130 1
2831 130 1
574 130 1
2994 130 1
3897 130 1
2944 130 1
3542 130 1
1362 130 1
1090 130 1
3161 130 1
935 130 1
3139 130 1
484 130 1
860 130 1
4763 130 1
133 130 1
1494 130 1
1144 130 1
674 130 1
2343 130 1
2139 130 1
2114 130 1
0 130 1
1411 130 1
155 130 1
873 130 1
96 130 1
1916 130 1
121 130 1
1241 130 1
509 130 1
9 130 1
2051 130 1
3306 130 1
20 130 1
4508 130 1
1338 130 1
2076 130 1
1173 130 1
4451 130 1
2370 130 1
0 130 1
209 130 1
169 130 1
2468 130 1
31 130 1
1190 130 1
119 130 1
1012 130 1
59 130 1
33 130 1
1820 130 1
1868 130 1
1702 130 1
2804 130 1
856 130 1
454 130 1
3662 130 1
2010 130 1
226 130 1
238 130 1
1839 130 1
1760 130 1
309 130 1
1767 130 1
6 130 1
4073 130 1
2876 130 1
4556 130 1
4044 130 1
672 130 1
2100 130 1
2670 130 1
2 130 1
3711 130 1
1154 130 1
6 130 1
2171 130 1
2975 130 1
50 130 1
884 130 1
18 130 1
331 130 1
2246 130 1
502 130 1
4255 130 1
1778 130 1
4191 130 1
4804 130 1
651 130 1
1249 130 1
2107 130 1
3173 130 1
824 130 1
2729 130 1
1610 130 1
2514 130 1
584 130 1
4608 130 1
3556 130 1
1671 130 1
3 130 1
478 130 1
1596 130 1
2748 130 1
1655 130 1
837 130 1
4152 130 1
4241 130 1
3588 130 1
50 130 1
1401 130 1
4635 130 1
2457 130 1
464 130 1
869 130 1
2050 130 1
352 130 1
2283 130 1
26 130 1
1438 130 1
1758 130 1
3 130 1
977 130 1
4887 130 1
1305 130 1
3095 130 1
2476 130 1
292 130 1
1917 130 1
817 130 1
3895 130 1
51 130 1
191 130 1
727 130 1
4132 130 1
4401 130 1
1 130 1
2272 130 1
220 130 1
164 130 1
110 130 1
41 130 1
4303 130 1
837 130 1
3762 130 1
426 130 1
3558 130 1
757 130 1
41 130 1
592 130 1
194 130 1
1191 130 1
4525 130 1
4277 130 1
306 130 1
1127 130 1
730 130 1
599 130 1
4434 130 1
144 130 1
1329 130 1
2312 130 1
1321 130 1
38 130 1
530 130 1
371 130 1
1333 130 1
1056 130 1
17 130 1
1935 130 1
2714 130 1
1869 130 1
4469 130 1
0 130 1
1200 130 1
972 130 1
2440 130 1
155 130 1
1515 130 1
2251 130 1
946 130 1
3929 130 1
2339 130 1
1243 130 1
4938 130 1
894 130 1
3534 130 1
30 130 1
3889 130 1
3155 130 1
3549 130 1
2322 130 1
1047 130 1
5 130 1
4599 130 1
701 130 1
2988 130 1
286 130 1
12 130 1
486 130 1
149 130 1
3824 130 1
6 130 1
609 130 1
170 130 1
1517 130 1
1254 130 1
4306 130 1
2600 130 1
2 130 1
4274 130 1
1362 130 1
4986 130 1
153 130 1
21 130 1
1597 130 1
5 130 1
2844 130 1
1472 130 1
3197 130 1
4373 130 1
847 130 1
3350 130 1
2259 130 1
76 130 1
2254 130 1
1508 131 1
566 131 1
1999 131 1
617 131 1
437 131 1
114 131 1
2736 131 1
1982 131 1
245 131 1
307 131 1
1933 131 1
2134 131 1
4148 131 1
4892 131 1
4658 131 1
0 131 1
37 131 1
71 131 1
246 131 1
2507 131 1
4617 131 1
222 131 1
122 131 1
2931 131 1
2485 131 1
1430 131 1
1258 131 1
445 131 1
1664 131 1
4020 131 1
544 131 1
2338 131 1
2096 131 1
2431 131 1
23 131 1
12 131 1
61 131 1
4049 131 1
227 131 1
608 131 1
4261 131 1
56 131 1
813 131 1
4240 131 1
3100 131 1
782 131 1
140 131 1
2185 131 1
1434 131 1
4657 131 1
3206 131 1
2201 131 1
235 131 1
4543 131 1
4257 131 1
969 131 1
416 131 1
1054 131 1
1229 131 1
1202 131 1
2564 131 1
2973 131 1
727 131 1
1 131 1
2658 131 1
461 131 1
3950 131 1
184 131 1
4238 131 1
3029 131 1
3079 131 1
29 131 1
1259 131 1
9 131 1
2323 131 1
3571 131 1
2765 131 1
4943 131 1
1 131 1
4637 131 1
1618 131 1
902 131 1
1899 131 1
253 131 1
4517 131 1
1487 131 1
542 131 1
2238 131 1
281 131 1
527 131 1
471 131 1
2468 131 1
2098 131 1
2714 131 1
94 131 1
652 131 1
2020 131 1
53 131 1
858 131 1
614 131 1
2048 131 1
880 131 1
5 131 1
4060 131 1
666 131 1
4637 131 1
19 131 1
859 131 1
121 131 1
4 131 1
2381 131 1
3733 131 1
605 131 1
4325 131 1
212 131 1
454 131 1
591 131 1
37 131 1
1898 131 1
3876 131 1
1020 131 1
1429 131 1
0 131 1
574 131 1
210 131 1
53 131 1
312 131 1
1477 131 1
2853 131 1
1976 131 1
39 131 1
246 131 1
30 131 1
1911 131 1
70 131 1
1621 131 1
510 131 1
4384 131 1
29 131 1
2046 131 1
2291 131 1
2166 131 1
4429 131 1
333 131 1
1009 131 1
41 131 1
11 131 1
2759 131 1
1221 131 1
4802 131 1
57 131 1
575 131 1
1260 131 1
4059 131 1
597 131 1
3269 131 1
144 131 1
62 131 1
3327 131 1
693 131 1
6 131 1
129 131 1
2790 131 1
136 131 1
2175 131 1
407 131 1
513 131 1
16 131 1
2403 131 1
3123 131 1
1836 131 1
4572 131 1
425 131 1
2501 131 1
1736 131 1
157 131 1
4443 131 1
736 131 1
688 131 1
102 131 1
4544 131 1
2197 131 1
1195 131 1
468 131 1
1758 131 1
4259 131 1
3596 131 1
2184 131 1
833 131 1
3735 131 1
616 131 1
3 131 1
422 131 1
4287 131 1
1468 131 1
3070 131 1
453 131 1
286 131 1
3019 131 1
3810 131 1
1693 131 1
661 131 1
149 131 1
335 131 1
1285 131 1
924 131 1
755 131 1
3729 131 1
2358 131 1
1182 131 1
1732 131 1
4535 131 1
720 131 1
4938 131 1
28 131 1
3899 131 1
599 131 1
410 131 1
4121 131 1
132 131 1
1684 131 1
2593 131 1
63 131 1
13 131 1
1900 131 1
727 131 1
2915 131 1
4487 131 1
756 131 1
8 131 1
1483 131 1
1240 131 1
4780 131 1
280 131 1
10 131 1
567 131 1
1905 131 1
524 131 1
3539 131 1
60 131 1
150 131 1
4754 131 1
49 131 1
1068 131 1
944 131 1
581 131 1
659 131 1
558 131 1
2062 131 1
361 131 1
639 131 1
1391 131 1
1468 131 1
1699 131 1
95 131 1
134 131 1
463 131 1
1679 131 1
1146 131 1
2327 131 1
3 131 1
226 131 1
517 131 1
3269 131 1
3485 131 1
3241 131 1
2377 131 1
4789 131 1
682 131 1
2581 131 1
1255 131 1
3841 131 1
1767 131 1
3694 131 1
2016 131 1
3515 131 1
3644 131 1
72 131 1
4072 131 1
72 131 1
4685 131 1
72 131 1
293 131 1
2148 131 1
848 131 1
3139 131 1
690 131 1
827 131 1
0 131 1
3652 131 1
4434 131 1
520 131 1
494 131 1
1698 131 1
0 131 1
959 131 1
987 131 1
3 131 1
230 131 1
3385 131 1
19 131 1
1811 131 1
1268 131 1
850 131 1
6 131 1
592 131 1
2969 131 1
1298 131 1
3770 131 1
532 131 1
3566 131 1
4982 131 1
2279 131 1
3145 131 1
888 131 1
3739 131 1
859 131 1
207 131 1
142 131 1
3218 131 1
2563 131 1
96 131 1
4200 131 1
5 131 1
244 131 1
739 131 1
2646 131 1
2886 131 1
141 131 1
68 131 1
492 131 1
620 131 1
3491 131 1
2304 131 1
73 131 1
855 131 1
4958 131 1
12 131 1
749 131 1
854 131 1
1078 131 1
1229 131 1
215 131 1
4040 131 1
227 131 1
278 132 1
1535 132 1
2250 132 1
831 132 1
3479 132 1
2134 132 1
1197 132 1
193 132 1
3091 132 1
3044 132 1
10 132 1
4000 132 1
1297 132 1
29 132 1
47 132 1
1602 132 1
2232 132 1
2530 132 1
3384 132 1
2472 132 1
985 132 1
89 132 1
2331 132 1
1 132 1
2223 132 1
3984 132 1
881 132 1
825 132 1
41 132 1
2943 132 1
184 132 1
52 132 1
4052 132 1
284 132 1
1673 132 1
712 132 1
53 132 1
2550 132 1
1525 132 1
728 132 1
2040 132 1
834 132 1
488 132 1
812 132 1
4156 132 1
769 132 1
1396 132 1
1754 132 1
0 132 1
4685 132 1
2267 132 1
223 132 1
2994 132 1
2037 132 1
687 132 1
15 132 1
952 132 1
3836 132 1
294 132 1
2679 132 1
3903 132 1
120 132 1
416 132 1
1253 132 1
422 132 1
572 132 1
1521 132 1
853 132 1
106 132 1
0 132 1
709 132 1
635 132 1
3587 132 1
337 132 1
273 132 1
1110 132 1
5 132 1
830 132 1
3438 132 1
4045 132 1
526 132 1
2870 132 1
2076 132 1
1392 132 1
1374 132 1
2285 132 1
615 132 1
859 132 1
2108 132 1
138 132 1
1821 132 1
143 132 1
3328 132 1
1669 132 1
3079 132 1
1 132 1
101 132 1
1 132 1
1207 132 1
1515 132 1
17 132 1
2194 132 1
466 132 1
175 132 1
4520 132 1
15 132 1
2849 132 1
716 132 1
217 132 1
2340 132 1
239 132 1
2898 132 1
1281 132 1
2667 132 1
2506 132 1
2249 132 1
1215 132 1
3413 132 1
1644 132 1
391 132 1
2522 132 1
3338 132 1
1446 132 1
1307 132 1
2580 132 1
3899 132 1
2024 132 1
104 132 1
2242 132 1
3422 132 1
596 132 1
445 132 1
4176 132 1
241 132 1
2137 132 1
443 132 1
2383 132 1
266 132 1
1048 132 1
2030 132 1
2671 132 1
4587 132 1
2953 132 1
1828 132 1
1500 132 1
896 132 1
67 132 1
6 132 1
2215 132 1
377 132 1
2646 132 1
38 132 1
1451 132 1
154 132 1
206 132 1
1149 132 1
728 132 1
3216 132 1
1943 132 1
26 132 1
60 132 1
1030 132 1
63 132 1
882 132 1
1140 132 1
0 132 1
888 132 1
1814 132 1
4824 132 1
1057 132 1
2954 132 1
4754 132 1
70 132 1
3215 132 1
4079 132 1
4463 132 1
2009 132 1
906 132 1
3239 132 1
610 132 1
649 132 1
692 132 1
536 132 1
194 132 1
48 132 1
1883 132 1
3386 132 1
7 132 1
4438 132 1
3431 132 1
2627 132 1
2027 132 1
2129 132 1
2661 132 1
2911 132 1
196 132 1
3855 132 1
2305 132 1
1351 132 1
4145 132 1
4581 132 1
355 132 1
1589 132 1
2311 132 1
3186 132 1
951 132 1
1858 132 1
127 132 1
153 132 1
163 132 1
4524 132 1
600 132 1
14 132 1
0 132 1
170 132 1
108 132 1
544 132 1
4268 132 1
2875 132 1
752 132 1
3 132 1
2571 132 1
3052 132 1
1987 132 1
2298 132 1
99 132 1
331 132 1
125 132 1
1205 132 1
60 132 1
73 132 1
1093 132 1
27 132 1
3248 132 1
2162 132 1
1055 132 1
274 132 1
2786 132 1
1562 132 1
3544 132 1
1759 132 1
1909 132 1
2314 132 1
1829 132 1
273 132 1
168 132 1
33 132 1
3482 132 1
48 132 1
1328 132 1
2076 132 1
792 132 1
4816 132 1
3565 132 1
47 132 1
846 132 1
2328 132 1
3172 132 1
387 132 1
273 132 1
322 132 1
3860 132 1
1724 132 1
196 132 1
3303 132 1
4336 132 1
208 132 1
3364 132 1
3361 132 1
308 132 1
2612 132 1
218 132 1
2836 132 1
250 132 1
2239 132 1
310 132 1
1287 132 1
1076 132 1
2238 132 1
72 132 1
3581 132 1
495 132 1
1568 132 1
2544 132 1
609 132 1
10 132 1
4443 132 1
109 132 1
490 132 1
24 132 1
2944 132 1
7 132 1
1563 132 1
1900 132 1
3058 132 1
2126 132 1
4622 132 1
0 132 1
4426 132 1
890 132 1
2516 132 1
1082 132 1
3776 132 1
4733 132 1
1016 132 1
886 132 1
3239 132 1
900 132 1
4788 132 1
1050 132 1
3153 132 1
16 132 1
272 132 1
1478 132 1
2978 132 1
2618 132 1
4973 132 1
3318 132 1
2458 132 1
1914 132 1
3907 132 1
3154 132 1
2680 132 1
474 132 1
967 132 1
58 132 1
1641 132 1
1458 132 1
1683 132 1
56 132 1
3499 132 1
2109 132 1
502 132 1
22 132 1
3957 132 1
1089 132 1
303 132 1
710 132 1
169 132 1
2373 132 1
2415 132 1
2548 132 1
459 132 1
286 132 1
480 132 1
166 133 1
612 133 1
787 133 1
1663 133 1
1964 133 1
161 133 1
4522 133 1
35 133 1
3731 133 1
10 133 1
857 133 1
3690 133 1
162 133 1
527 133 1
3490 133 1
79 133 1
1034 133 1
2421 133 1
3061 133 1
9 133 1
1832 133 1
46 133 1
89 133 1
2935 133 1
4613 133 1
4125 133 1
334 133 1
371 133 1
3628 133 1
472 133 1
282 133 1
232 133 1
3 133 1
364 133 1
21 133 1
4235 133 1
0 133 1
84 133 1
4 133 1
0 133 1
910 133 1
176 133 1
3373 133 1
19 133 1
2570 133 1
53 133 1
457 133 1
2057 133 1
3228 133 1
733 133 1
871 133 1
2510 133 1
1432 133 1
3780 133 1
20 133 1
44 133 1
528 133 1
2616 133 1
262 133 1
2221 133 1
60 133 1
2155 133 1
394 133 1
1699 133 1
1 133 1
3459 133 1
1797 133 1
971 133 1
1473 133 1
2567 133 1
3099 133 1
31 133 1
3942 133 1
398 133 1
63 133 1
1940 133 1
41 133 1
301 133 1
67 133 1
317 133 1
997 133 1
4111 133 1
2968 133 1
21 133 1
2 133 1
83 133 1
2546 133 1
205 133 1
187 133 1
1271 133 1
1646 133 1
1756 133 1
3384 133 1
1893 133 1
3764 133 1
966 133 1
177 133 1
18 133 1
4124 133 1
11 133 1
1504 133 1
605 133 1
3494 133 1
1840 133 1
4 133 1
4019 133 1
4556 133 1
3967 133 1
1894 133 1
4080 133 1
1018 133 1
1855 133 1
584 133 1
2515 133 1
450 133 1
541 133 1
672 133 1
3010 133 1
322 133 1
1339 133 1
2569 133 1
4827 133 1
224 133 1
3460 133 1
1823 133 1
2848 133 1
815 133 1
2402 133 1
4331 133 1
300 133 1
2941 133 1
3050 133 1
1057 133 1
223 133 1
1794 133 1
4988 133 1
2790 133 1
1766 133 1
116 133 1
18 133 1
3827 133 1
1008 133 1
1720 133 1
732 133 1
3311 133 1
0 133 1
19 133 1
632 133 1
4728 133 1
423 133 1
938 133 1
3332 133 1
159 133 1
119 133 1
145 133 1
736 133 1
77 133 1
3865 133 1
3431 133 1
1383 133 1
474 133 1
3 133 1
3325 133 1
56 133 1
1824 133 1
396 133 1
218 133 1
149 133 1
1786 133 1
4298 133 1
2661 133 1
465 133 1
23 133 1
2250 133 1
361 133 1
3540 133 1
3741 133 1
4211 133 1
475 133 1
447 133 1
2029 133 1
2483 133 1
858 133 1
2871 133 1
303 133 1
2670 133 1
1486 133 1
2422 133 1
639 133 1
4426 133 1
3884 133 1
1658 133 1
2782 133 1
24 133 1
2342 133 1
1962 133 1
3504 133 1
949 133 1
369 133 1
4833 133 1
1159 133 1
348 133 1
4517 133 1
3681 133 1
467 133 1
1349 133 1
966 133 1
2422 133 1
1833 133 1
1657 133 1
3402 133 1
4746 133 1
3830 133 1
3247 133 1
3498 133 1
117 133 1
345 133 1
318 133 1
343 133 1
9 133 1
3552 133 1
223 133 1
3437 133 1
0 133 1
1969 133 1
109 133 1
179 133 1
329 133 1
2947 133 1
78 133 1
26 133 1
1423 133 1
2094 133 1
10 133 1
3321 133 1
1456 133 1
1263 133 1
37 133 1
688 133 1
622 133 1
1428 133 1
2007 133 1
33 133 1
875 133 1
14 133 1
3167 133 1
1206 133 1
1269 133 1
1076 133 1
2228 133 1
1477 133 1
1880 133 1
2410 133 1
2901 133 1
4956 133 1
3298 133 1
4164 133 1
371 133 1
4499 133 1
237 133 1
1065 133 1
24 133 1
4370 133 1
4431 133 1
1110 133 1
1 133 1
76 133 1
1064 133 1
1965 133 1
3029 133 1
325 133 1
2023 133 1
2345 133 1
3188 133 1
4693 133 1
2881 133 1
2358 133 1
602 133 1
118 133 1
4549 133 1
1009 133 1
323 133 1
2582 133 1
3915 133 1
1083 133 1
835 133 1
3343 133 1
149 133 1
10 133 1
2072 133 1
999 133 1
2045 133 1
2987 133 1
254 133 1
3324 133 1
385 133 1
28 133 1
1735 133 1
50 133 1
3456 133 1
2 133 1
1234 133 1
1836 133 1
849 133 1
3558 133 1
467 133 1
4598 133 1
3661 133 1
320 133 1
900 133 1
122 133 1
3276 133 1
2009 133 1
2995 133 1
4532 133 1
47 133 1
3 133 1
1890 133 1
162 133 1
4167 133 1
313 133 1
2122 133 1
2460 133 1
4670 133 1
2367 133 1
2608 133 1
3928 133 1
1134 133 1
4719 133 1
4245 133 1
4276 133 1
1057 133 1
2017 133 1
234 133 1
1787 133 1
880 133 1
0 133 1
2206 133 1
1925 133 1
256 133 1
4721 133 1
59 133 1
0 133 1
2767 133 1
170 133 1
1146 134 1
2444 134 1
1362 134 1
183 134 1
907 134 1
4611 134 1
34 134 1
4328 134 1
674 134 1
3161 134 1
568 134 1
117 134 1
64 134 1
3821 134 1
58 134 1
1 134 1
4051 134 1
418 134 1
1222 134 1
38 134 1
379 134 1
3787 134 1
4516 134 1
1285 134 1
3526 134 1
253 134 1
660 134 1
34 134 1
969 134 1
2651 134 1
3810 134 1
906 134 1
59 134 1
1340 134 1
49 134 1
3999 134 1
3838 134 1
939 134 1
123 134 1
207 134 1
4257 134 1
2374 134 1
572 134 1
470 134 1
4834 134 1
4922 134 1
2649 134 1
193 134 1
177 134 1
4778 134 1
321 134 1
8 134 1
156 134 1
280 134 1
704 134 1
2384 134 1
634 134 1
3442 134 1
3322 134 1
545 134 1
117 134 1
4454 134 1
1038 134 1
2481 134 1
977 134 1
3045 134 1
2730 134 1
1908 134 1
1479 134 1
685 134 1
628 134 1
2730 134 1
3233 134 1
401 134 1
4449 134 1
4325 134 1
4581 134 1
2814 134 1
50 134 1
68 134 1
970 134 1
2251 134 1
0 134 1
267 134 1
141 134 1
4196 134 1
70 134 1
2470 134 1
1827 134 1
102 134 1
1110 134 1
1180 134 1
3042 134 1
41 134 1
3120 134 1
3982 134 1
3 134 1
2697 134 1
1788 134 1
347 134 1
3520 134 1
4296 134 1
115 134 1
3591 134 1
2027 134 1
322 134 1
2 134 1
1137 134 1
1301 134 1
1200 134 1
640 134 1
3259 134 1
4252 134 1
2297 134 1
2168 134 1
695 134 1
78 134 1
3926 134 1
2878 134 1
2148 134 1
131 134 1
4294 134 1
1234 134 1
3603 134 1
1734 134 1
1779 134 1
1030 134 1
22 134 1
4379 134 1
25 134 1
74 134 1
7 134 1
2371 134 1
4369 134 1
1328 134 1
34 134 1
3492 134 1
4842 134 1
541 134 1
4721 134 1
1670 134 1
2955 134 1
22 134 1
48 134 1
726 134 1
1226 134 1
127 134 1
4844 134 1
4050 134 1
1784 134 1
707 134 1
3371 134 1
4420 134 1
4491 134 1
159 134 1
1681 134 1
598 134 1
2350 134 1
160 134 1
2 134 1
2671 134 1
2109 134 1
14 134 1
787 134 1
2588 134 1
4036 134 1
868 134 1
925 134 1
775 134 1
4766 134 1
1664 134 1
2022 134 1
603 134 1
10 134 1
419 134 1
1848 134 1
1957 134 1
383 134 1
3413 134 1
2559 134 1
104 134 1
72 134 1
234 134 1
1270 134 1
1113 134 1
91 134 1
2288 134 1
1370 134 1
6 134 1
167 134 1
3931 134 1
4318 134 1
1179 134 1
53 134 1
669 134 1
5 134 1
1434 134 1
394 134 1
1227 134 1
3846 134 1
573 134 1
127 134 1
3705 134 1
1495 134 1
3659 134 1
2972 134 1
1 134 1
40 134 1
344 134 1
1700 134 1
3 134 1
4558 134 1
636 134 1
4968 134 1
1384 134 1
3097 134 1
3332 134 1
3801 134 1
545 134 1
4612 134 1
445 134 1
185 134 1
2594 134 1
1095 134 1
4446 134 1
195 134 1
32 134 1
1541 134 1
29 134 1
3959 134 1
1201 134 1
689 134 1
4 134 1
643 134 1
2023 134 1
1775 134 1
3207 134 1
294 134 1
342 134 1
378 134 1
2926 134 1
2903 134 1
530 134 1
775 134 1
1931 134 1
165 134 1
3642 134 1
2175 134 1
144 134 1
511 134 1
353 134 1
3069 134 1
242 134 1
4738 134 1
626 134 1
1705 134 1
546 134 1
3899 134 1
919 134 1
762 134 1
478 134 1
241 134 1
0 134 1
537 134 1
2181 134 1
7 134 1
2143 134 1
3189 134 1
2815 134 1
3152 134 1
32 134 1
3350 134 1
1836 134 1
1015 134 1
2947 134 1
691 134 1
4948 134 1
942 134 1
2017 134 1
1124 134 1
4301 134 1
1656 134 1
2041 134 1
167 134 1
88 134 1
2993 134 1
779 134 1
2359 134 1
500 134 1
2482 134 1
293 134 1
346 134 1
1232 134 1
1967 134 1
4555 134 1
3004 134 1
3450 134 1
11 134 1
3384 134 1
2355 134 1
91 134 1
1395 134 1
259 134 1
19 134 1
1402 134 1
549 134 1
1304 134 1
2928 134 1
1813 134 1
265 134 1
112 134 1
155 134 1
4640 134 1
3537 134 1
1765 134 1
3124 134 1
2093 134 1
794 134 1
43 134 1
2463 134 1
2107 134 1
1 134 1
111 134 1
3333 134 1
81 134 1
56 134 1
1222 134 1
2917 134 1
97 134 1
200 134 1
2681 134 1
83 134 1
3814 134 1
1204 134 1
56 134 1
863 134 1
1341 134 1
3101 134 1
43 134 1
598 134 1
401 134 1
1082 134 1
221 134 1
546 134 1
314 134 1
442 135 1
3595 135 1
1176 135 1
538 135 1
185 135 1
578 135 1
235 135 1
1292 135 1
4459 135 1
121 135 1
728 135 1
434 135 1
178 135 1
1443 135 1
3728 135 1
1015 135 1
984 135 1
1028 135 1
1695 135 1
3165 135 1
79 135 1
4 135 1
243 135 1
2651 135 1
1392 135 1
2926 135 1
1511 135 1
170 135 1
623 135 1
727 135 1
6 135 1
753 135 1
2 135 1
3 135 1
209 135 1
1097 135 1
693 135 1
169 135 1
2717 135 1
752 135 1
3305 135 1
333 135 1
3192 135 1
2180 135 1
124 135 1
25 135 1
178 135 1
3012 135 1
4150 135 1
453 135 1
788 135 1
1320 135 1
1524 135 1
2 135 1
3958 135 1
861 135 1
47 135 1
743 135 1
10 135 1
886 135 1
55 135 1
65 135 1
2496 135 1
911 135 1
76 135 1
1152 135 1
929 135 1
1100 135 1
1040 135 1
4662 135 1
613 135 1
790 135 1
4100 135 1
85 135 1
2805 135 1
2171 135 1
755 135 1
1958 135 1
5 135 1
2007 135 1
860 135 1
2238 135 1
982 135 1
2880 135 1
3579 135 1
3319 135 1
275 135 1
4237 135 1
656 135 1
1370 135 1
46 135 1
663 135 1
3179 135 1
1130 135 1
111 135 1
1 135 1
4223 135 1
3554 135 1
184 135 1
1742 135 1
3328 135 1
698 135 1
741 135 1
49 135 1
1830 135 1
117 135 1
496 135 1
717 135 1
2491 135 1
18 135 1
1328 135 1
1751 135 1
4530 135 1
111 135 1
437 135 1
68 135 1
118 135 1
1105 135 1
3476 135 1
6 135 1
3697 135 1
2877 135 1
2 135 1
2415 135 1
11 135 1
1425 135 1
935 135 1
108 135 1
2182 135 1
1866 135 1
1062 135 1
3725 135 1
170 135 1
2901 135 1
2704 135 1
2105 135 1
3420 135 1
3908 135 1
115 135 1
4593 135 1
2076 135 1
1929 135 1
65 135 1
4591 135 1
781 135 1
437 135 1
4208 135 1
4793 135 1
356 135 1
472 135 1
9 135 1
77 135 1
775 135 1
1745 135 1
1598 135 1
3521 135 1
99 135 1
66 135 1
82 135 1
2511 135 1
3973 135 1
4560 135 1
1826 135 1
1930 135 1
555 135 1
1102 135 1
82 135 1
2 135 1
641 135 1
3685 135 1
472 135 1
1336 135 1
1051 135 1
47 135 1
3734 135 1
168 135 1
3346 135 1
1794 135 1
49 135 1
1216 135 1
1696 135 1
1925 135 1
4941 135 1
2070 135 1
969 135 1
3790 135 1
178 135 1
1174 135 1
2064 135 1
561 135 1
773 135 1
4128 135 1
724 135 1
1974 135 1
477 135 1
3517 135 1
740 135 1
1836 135 1
925 135 1
1814 135 1
3371 135 1
88 135 1
3691 135 1
508 135 1
832 135 1
2 135 1
129 135 1
292 135 1
2065 135 1
1293 135 1
1371 135 1
5 135 1
771 135 1
2516 135 1
200 135 1
1605 135 1
715 135 1
270 135 1
4234 135 1
1310 135 1
585 135 1
3535 135 1
2270 135 1
269 135 1
3061 135 1
3180 135 1
2500 135 1
2097 135 1
634 135 1
294 135 1
2102 135 1
1752 135 1
2757 135 1
2803 135 1
4930 135 1
2763 135 1
218 135 1
2125 135 1
4972 135 1
208 135 1
2911 135 1
7 135 1
2752 135 1
1605 135 1
10 135 1
2273 135 1
4 135 1
697 135 1
4790 135 1
243 135 1
2398 135 1
1171 135 1
0 135 1
294 135 1
3581 135 1
68 135 1
2179 135 1
2952 135 1
767 135 1
1762 135 1
1066 135 1
108 135 1
245 135 1
23 135 1
41 135 1
3260 135 1
0 135 1
765 135 1
9 135 1
3796 135 1
668 135 1
1099 135 1
1506 135 1
7 135 1
263 135 1
435 135 1
364 135 1
261 135 1
3657 135 1
2084 135 1
765 135 1
1660 135 1
389 135 1
863 135 1
3165 135 1
4786 135 1
501 135 1
4064 135 1
4226 135 1
430 135 1
1578 135 1
948 135 1
0 135 1
3614 135 1
118 135 1
4787 135 1
648 135 1
1024 135 1
2879 135 1
14 135 1
781 135 1
3387 135 1
613 135 1
212 135 1
943 135 1
2595 135 1
1965 135 1
994 135 1
4721 135 1
81 135 1
2931 135 1
0 135 1
250 135 1
1523 135 1
2185 135 1
4824 135 1
1442 135 1
3368 135 1
1734 135 1
765 135 1
580 135 1
99 135 1
110 135 1
540 135 1
854 135 1
4744 135 1
303 135 1
1982 135 1
1736 135 1
3197 135 1
2867 135 1
2619 135 1
1522 135 1
126 135 1
122 135 1
319 135 1
3319 135 1
3170 135 1
2343 135 1
1466 135 1
19 135 1
398 135 1
4454 135 1
4772 135 1
506 135 1
5 136 1
1418 136 1
379 136 1
2 136 1
2060 136 1
808 136 1
2505 136 1
4783 136 1
1165 136 1
2873 136 1
2427 136 1
898 136 1
160 136 1
32 136 1
1155 136 1
4705 136 1
1 136 1
2408 136 1
2517 136 1
1008 136 1
87 136 1
1362 136 1
32 136 1
73 136 1
2557 136 1
531 136 1
973 136 1
181 136 1
491 136 1
8 136 1
3335 136 1
3371 136 1
882 136 1
516 136 1
599 136 1
1098 136 1
370 136 1
836 136 1
2938 136 1
34 136 1
539 136 1
433 136 1
4272 136 1
4849 136 1
48 136 1
106 136 1
428 136 1
1189 136 1
3595 136 1
222 136 1
519 136 1
120 136 1
3444 136 1
136 136 1
1899 136 1
3826 136 1
66 136 1
0 136 1
31 136 1
4403 136 1
1708 136 1
4547 136 1
276 136 1
2601 136 1
1718 136 1
464 136 1
440 136 1
141 136 1
2530 136 1
1468 136 1
4396 136 1
1765 136 1
2 136 1
1760 136 1
656 136 1
207 136 1
1346 136 1
4439 136 1
4180 136 1
3548 136 1
98 136 1
170 136 1
2708 136 1
2610 136 1
377 136 1
79 136 1
4080 136 1
3935 136 1
3387 136 1
3993 136 1
11 136 1
3225 136 1
3448 136 1
3017 136 1
4623 136 1
1 136 1
44 136 1
1697 136 1
24 136 1
4026 136 1
7 136 1
122 136 1
26 136 1
19 136 1
2001 136 1
4782 136 1
490 136 1
1323 136 1
38 136 1
2779 136 1
2761 136 1
326 136 1
650 136 1
1184 136 1
534 136 1
89 136 1
4560 136 1
4133 136 1
372 136 1
1018 136 1
2594 136 1
513 136 1
3710 136 1
167 136 1
804 136 1
3130 136 1
1564 136 1
264 136 1
71 136 1
4332 136 1
111 136 1
294 136 1
426 136 1
4292 136 1
16 136 1
2085 136 1
4051 136 1
2644 136 1
243 136 1
45 136 1
3417 136 1
2834 136 1
2320 136 1
1195 136 1
4028 136 1
835 136 1
670 136 1
3489 136 1
2250 136 1
2092 136 1
4 136 1
3734 136 1
3385 136 1
2009 136 1
25 136 1
1342 136 1
1337 136 1
4944 136 1
2419 136 1
2401 136 1
637 136 1
3053 136 1
1580 136 1
605 136 1
393 136 1
637 136 1
408 136 1
1093 136 1
86 136 1
1576 136 1
118 136 1
2528 136 1
664 136 1
127 136 1
327 136 1
2172 136 1
3861 136 1
58 136 1
105 136 1
453 136 1
1261 136 1
2290 136 1
220 136 1
2814 136 1
1351 136 1
4611 136 1
3353 136 1
93 136 1
231 136 1
1454 136 1
535 136 1
4230 136 1
4868 136 1
360 136 1
4056 136 1
76 136 1
47 136 1
1174 136 1
1144 136 1
438 136 1
4861 136 1
1250 136 1
3818 136 1
80 136 1
40 136 1
4955 136 1
139 136 1
3801 136 1
4292 136 1
737 136 1
2792 136 1
4703 136 1
1921 136 1
777 136 1
3196 136 1
242 136 1
1804 136 1
55 136 1
1022 136 1
4413 136 1
114 136 1
21 136 1
3217 136 1
900 136 1
645 136 1
1400 136 1
2304 136 1
1742 136 1
3216 136 1
1426 136 1
2504 136 1
1730 136 1
48 136 1
1670 136 1
92 136 1
614 136 1
921 136 1
484 136 1
38 136 1
4562 136 1
1468 136 1
3747 136 1
4067 136 1
332 136 1
4567 136 1
115 136 1
1744 136 1
1229 136 1
644 136 1
1792 136 1
53 136 1
752 136 1
55 136 1
4007 136 1
1539 136 1
1156 136 1
790 136 1
3293 136 1
671 136 1
4157 136 1
2134 136 1
9 136 1
569 136 1
465 136 1
1811 136 1
4048 136 1
347 136 1
957 136 1
1544 136 1
1053 136 1
1487 136 1
1434 136 1
84 136 1
2326 136 1
2 136 1
1743 136 1
423 136 1
1025 136 1
1774 136 1
2446 136 1
699 136 1
3509 136 1
2302 136 1
1416 136 1
4033 136 1
725 136 1
3533 136 1
969 136 1
134 136 1
2075 136 1
55 136 1
920 136 1
1692 136 1
937 136 1
4233 136 1
741 136 1
38 136 1
295 136 1
3369 136 1
123 136 1
519 136 1
3183 136 1
1214 136 1
1133 136 1
4880 136 1
192 136 1
4104 136 1
805 136 1
35 136 1
1907 136 1
460 136 1
1577 136 1
3585 136 1
3416 136 1
836 136 1
504 136 1
2514 136 1
182 136 1
4539 136 1
848 136 1
1400 136 1
4455 136 1
4113 136 1
1158 136 1
311 136 1
6 136 1
4240 136 1
4367 136 1
1530 136 1
687 136 1
823 136 1
194 136 1
3863 136 1
3342 136 1
41 136 1
578 136 1
284 136 1
11 136 1
4736 136 1
32 136 1
3817 136 1
3458 136 1
1701 136 1
1086 136 1
685 136 1
4263 137 1
4495 137 1
68 137 1
96 137 1
1586 137 1
629 137 1
1543 137 1
145 137 1
4192 137 1
3188 137 1
970 137 1
3113 137 1
1351 137 1
3372 137 1
486 137 1
0 137 1
659 137 1
643 137 1
481 137 1
2927 137 1
1167 137 1
4639 137 1
1068 137 1
881 137 1
2384 137 1
3449 137 1
4257 137 1
962 137 1
2906 137 1
2797 137 1
1732 137 1
206 137 1
362 137 1
2453 137 1
225 137 1
8 137 1
3230 137 1
3465 137 1
2359 137 1
1196 137 1
4223 137 1
3034 137 1
251 137 1
43 137 1
8 137 1
1683 137 1
115 137 1
4210 137 1
4958 137 1
55 137 1
412 137 1
2105 137 1
375 137 1
834 137 1
193 137 1
4126 137 1
1272 137 1
640 137 1
4475 137 1
60 137 1
2947 137 1
1414 137 1
794 137 1
1219 137 1
3534 137 1
7 137 1
2551 137 1
212 137 1
2245 137 1
231 137 1
510 137 1
4589 137 1
1191 137 1
718 137 1
3901 137 1
232 137 1
377 137 1
3164 137 1
4687 137 1
2820 137 1
3163 137 1
2752 137 1
1546 137 1
1188 137 1
3481 137 1
2362 137 1
4733 137 1
1954 137 1
1858 137 1
1519 137 1
4984 137 1
684 137 1
3696 137 1
1761 137 1
2415 137 1
1845 137 1
4214 137 1
1348 137 1
245 137 1
3 137 1
680 137 1
969 137 1
801 137 1
2330 137 1
3403 137 1
376 137 1
20 137 1
100 137 1
821 137 1
96 137 1
352 137 1
3305 137 1
3059 137 1
975 137 1
2202 137 1
181 137 1
70 137 1
1036 137 1
3728 137 1
28 137 1
4639 137 1
3974 137 1
3326 137 1
828 137 1
276 137 1
3197 137 1
74 137 1
1093 137 1
4573 137 1
3020 137 1
635 137 1
3812 137 1
3587 137 1
4371 137 1
148 137 1
2052 137 1
4780 137 1
411 137 1
3103 137 1
2379 137 1
4670 137 1
1332 137 1
1907 137 1
992 137 1
49 137 1
43 137 1
32 137 1
435 137 1
4764 137 1
3397 137 1
1571 137 1
109 137 1
4942 137 1
526 137 1
910 137 1
81 137 1
684 137 1
4780 137 1
459 137 1
87 137 1
2795 137 1
4 137 1
1507 137 1
2260 137 1
522 137 1
4398 137 1
1288 137 1
1228 137 1
472 137 1
2806 137 1
391 137 1
18 137 1
27 137 1
2938 137 1
2161 137 1
0 137 1
21 137 1
3893 137 1
41 137 1
321 137 1
3 137 1
324 137 1
37 137 1
769 137 1
4391 137 1
373 137 1
192 137 1
232 137 1
1110 137 1
1280 137 1
35 137 1
4207 137 1
813 137 1
969 137 1
1354 137 1
135 137 1
4960 137 1
3390 137 1
2374 137 1
3477 137 1
4532 137 1
4184 137 1
419 137 1
3 137 1
4292 137 1
3649 137 1
299 137 1
4077 137 1
132 137 1
4 137 1
3977 137 1
1582 137 1
314 137 1
3176 137 1
958 137 1
1159 137 1
686 137 1
3873 137 1
235 137 1
2880 137 1
1513 137 1
2153 137 1
1320 137 1
745 137 1
1987 137 1
4780 137 1
306 137 1
3102 137 1
32 137 1
757 137 1
6 137 1
3172 137 1
553 137 1
2125 137 1
313 137 1
21 137 1
3619 137 1
95 137 1
1972 137 1
3364 137 1
3927 137 1
2325 137 1
380 137 1
4553 137 1
2530 137 1
977 137 1
106 137 1
2192 137 1
4474 137 1
186 137 1
35 137 1
2000 137 1
3861 137 1
275 137 1
4078 137 1
4394 137 1
955 137 1
2001 137 1
1784 137 1
4246 137 1
876 137 1
3106 137 1
2572 137 1
1328 137 1
1349 137 1
3364 137 1
636 137 1
3045 137 1
203 137 1
23 137 1
595 137 1
4192 137 1
1284 137 1
424 137 1
1049 137 1
34 137 1
50 137 1
380 137 1
2809 137 1
750 137 1
48 137 1
865 137 1
226 137 1
851 137 1
3693 137 1
2071 137 1
1221 137 1
3696 137 1
897 137 1
0 137 1
46 137 1
69 137 1
4047 137 1
1244 137 1
2599 137 1
3 137 1
3305 137 1
3926 137 1
8 137 1
346 137 1
812 137 1
940 137 1
9 137 1
399 137 1
4776 137 1
3294 137 1
0 137 1
107 137 1
3997 137 1
3708 137 1
1900 137 1
3803 137 1
4527 137 1
308 137 1
3 137 1
438 137 1
2138 137 1
338 137 1
138 137 1
1601 137 1
215 137 1
2152 137 1
124 137 1
18 137 1
2607 137 1
23 137 1
225 137 1
1891 137 1
0 137 1
2779 137 1
907 137 1
2243 137 1
885 137 1
145 137 1
54 137 1
440 137 1
176 137 1
4178 137 1
142 137 1
3892 137 1
1034 137 1
2155 137 1
1313 137 1
2473 137 1
1116 137 1
1989 138 1
610 138 1
206 138 1
861 138 1
3605 138 1
3006 138 1
0 138 1
380 138 1
1135 138 1
809 138 1
745 138 1
2322 138 1
529 138 1
96 138 1
2426 138 1
3773 138 1
4540 138 1
4325 138 1
1097 138 1
883 138 1
8 138 1
223 138 1
634 138 1
151 138 1
253 138 1
3313 138 1
829 138 1
1795 138 1
860 138 1
1007 138 1
713 138 1
1377 138 1
4957 138 1
722 138 1
306 138 1
292 138 1
4458 138 1
14 138 1
1064 138 1
4004 138 1
106 138 1
365 138 1
345 138 1
11 138 1
768 138 1
1146 138 1
4448 138 1
254 138 1
3832 138 1
1930 138 1
1589 138 1
1646 138 1
49 138 1
410 138 1
1872 138 1
2151 138 1
1674 138 1
43 138 1
621 138 1
127 138 1
1192 138 1
3769 138 1
1487 138 1
328 138 1
1958 138 1
666 138 1
235 138 1
55 138 1
434 138 1
3500 138 1
466 138 1
636 138 1
2903 138 1
1499 138 1
1260 138 1
1844 138 1
825 138 1
515 138 1
598 138 1
1106 138 1
3196 138 1
1048 138 1
2889 138 1
4142 138 1
3194 138 1
2 138 1
139 138 1
1526 138 1
1039 138 1
383 138 1
3724 138 1
4191 138 1
3776 138 1
63 138 1
91 138 1
2983 138 1
2991 138 1
2054 138 1
148 138 1
3931 138 1
814 138 1
3197 138 1
1886 138 1
1992 138 1
212 138 1
2770 138 1
1174 138 1
83 138 1
1197 138 1
505 138 1
1662 138 1
1985 138 1
2261 138 1
175 138 1
760 138 1
2217 138 1
2352 138 1
9 138 1
666 138 1
2209 138 1
380 138 1
1908 138 1
4522 138 1
1663 138 1
4769 138 1
32 138 1
1823 138 1
2178 138 1
3381 138 1
2014 138 1
130 138 1
886 138 1
4670 138 1
8 138 1
3746 138 1
44 138 1
1422 138 1
384 138 1
9 138 1
1961 138 1
2741 138 1
2396 138 1
763 138 1
4619 138 1
2830 138 1
1046 138 1
4474 138 1
1560 138 1
585 138 1
4478 138 1
1206 138 1
609 138 1
1156 138 1
4609 138 1
1241 138 1
2440 138 1
2338 138 1
2653 138 1
593 138 1
159 138 1
2211 138 1
1448 138 1
1734 138 1
27 138 1
656 138 1
4125 138 1
3213 138 1
8 138 1
2183 138 1
400 138 1
1231 138 1
1700 138 1
615 138 1
3534 138 1
1185 138 1
2365 138 1
1118 138 1
3875 138 1
43 138 1
4405 138 1
63 138 1
15 138 1
2722 138 1
1926 138 1
3060 138 1
72 138 1
55 138 1
4265 138 1
209 138 1
1325 138 1
4165 138 1
67 138 1
1461 138 1
1251 138 1
3417 138 1
4414 138 1
28 138 1
4860 138 1
4781 138 1
2739 138 1
2233 138 1
2245 138 1
1721 138 1
4090 138 1
251 138 1
121 138 1
2342 138 1
34 138 1
1024 138 1
2957 138 1
4 138 1
3842 138 1
9 138 1
129 138 1
370 138 1
4097 138 1
3374 138 1
157 138 1
1 138 1
1609 138 1
661 138 1
1389 138 1
3755 138 1
994 138 1
261 138 1
70 138 1
135 138 1
2808 138 1
1149 138 1
3084 138 1
62 138 1
2893 138 1
4025 138 1
71 138 1
1159 138 1
2420 138 1
1153 138 1
2082 138 1
1077 138 1
3776 138 1
522 138 1
1616 138 1
286 138 1
130 138 1
600 138 1
99 138 1
3240 138 1
3171 138 1
3777 138 1
29 138 1
1222 138 1
3124 138 1
734 138 1
387 138 1
340 138 1
0 138 1
1667 138 1
1675 138 1
1280 138 1
176 138 1
3383 138 1
1105 138 1
1637 138 1
2204 138 1
69 138 1
4362 138 1
572 138 1
379 138 1
1451 138 1
109 138 1
9 138 1
272 138 1
702 138 1
3856 138 1
322 138 1
637 138 1
2372 138 1
2821 138 1
3489 138 1
1230 138 1
3124 138 1
1019 138 1
56 138 1
149 138 1
2193 138 1
932 138 1
466 138 1
1676 138 1
13 138 1
1069 138 1
764 138 1
4287 138 1
1891 138 1
235 138 1
3208 138 1
2189 138 1
163 138 1
1 138 1
560 138 1
2431 138 1
274 138 1
1045 138 1
4952 138 1
566 138 1
200 138 1
1909 138 1
1000 138 1
2426 138 1
1274 138 1
3094 138 1
1159 138 1
445 138 1
4052 138 1
196 138 1
4101 138 1
4055 138 1
8 138 1
4658 138 1
606 138 1
3708 138 1
150 138 1
880 138 1
189 138 1
85 138 1
645 138 1
3618 138 1
1477 138 1
719 138 1
420 138 1
30 138 1
1745 138 1
2999 138 1
1471 138 1
2565 138 1
607 138 1
111 138 1
2972 138 1
125 138 1
11 138 1
807 138 1
2095 138 1
409 138 1
324 138 1
2045 138 1
2485 138 1
4958 139 1
815 139 1
1548 139 1
324 139 1
16 139 1
222 139 1
4711 139 1
3228 139 1
2177 139 1
1868 139 1
2313 139 1
6 139 1
1714 139 1
244 139 1
3464 139 1
284 139 1
1176 139 1
1749 139 1
25 139 1
483 139 1
1110 139 1
2124 139 1
869 139 1
1 139 1
1611 139 1
863 139 1
645 139 1
608 139 1
28 139 1
293 139 1
499 139 1
1506 139 1
158 139 1
489 139 1
2263 139 1
4410 139 1
4954 139 1
2444 139 1
85 139 1
960 139 1
532 139 1
567 139 1
1065 139 1
148 139 1
706 139 1
1582 139 1
0 139 1
3835 139 1
4437 139 1
317 139 1
3027 139 1
3146 139 1
2884 139 1
1891 139 1
767 139 1
1129 139 1
3512 139 1
424 139 1
2496 139 1
3345 139 1
1538 139 1
3386 139 1
1 139 1
13 139 1
1574 139 1
40 139 1
390 139 1
4665 139 1
4980 139 1
1953 139 1
1473 139 1
250 139 1
4065 139 1
4807 139 1
10 139 1
1103 139 1
4912 139 1
46 139 1
248 139 1
461 139 1
3039 139 1
856 139 1
1051 139 1
4180 139 1
1559 139 1
33 139 1
567 139 1
144 139 1
1136 139 1
894 139 1
3476 139 1
1289 139 1
1138 139 1
3655 139 1
2869 139 1
3370 139 1
1672 139 1
198 139 1
3151 139 1
2 139 1
4024 139 1
3278 139 1
5 139 1
164 139 1
2213 139 1
3 139 1
1403 139 1
830 139 1
4693 139 1
3942 139 1
47 139 1
363 139 1
787 139 1
696 139 1
2516 139 1
1392 139 1
111 139 1
2413 139 1
1821 139 1
2976 139 1
833 139 1
795 139 1
296 139 1
4680 139 1
1584 139 1
4136 139 1
3 139 1
1007 139 1
4954 139 1
3975 139 1
2809 139 1
125 139 1
4690 139 1
759 139 1
4531 139 1
1139 139 1
197 139 1
259 139 1
545 139 1
1744 139 1
1237 139 1
870 139 1
1243 139 1
3147 139 1
321 139 1
3669 139 1
1230 139 1
2762 139 1
4475 139 1
112 139 1
4819 139 1
123 139 1
3452 139 1
4141 139 1
854 139 1
792 139 1
2594 139 1
260 139 1
262 139 1
2444 139 1
1397 139 1
2558 139 1
1826 139 1
2010 139 1
1679 139 1
540 139 1
185 139 1
1945 139 1
168 139 1
4125 139 1
94 139 1
467 139 1
4922 139 1
33 139 1
2564 139 1
1327 139 1
3837 139 1
1531 139 1
4 139 1
4499 139 1
107 139 1
3991 139 1
2479 139 1
92 139 1
3482 139 1
247 139 1
6 139 1
1643 139 1
4127 139 1
493 139 1
3405 139 1
148 139 1
1764 139 1
94 139 1
2087 139 1
144 139 1
787 139 1
0 139 1
971 139 1
4109 139 1
4705 139 1
3046 139 1
3663 139 1
4327 139 1
2348 139 1
18 139 1
1 139 1
1370 139 1
901 139 1
4910 139 1
1530 139 1
1362 139 1
4042 139 1
2804 139 1
158 139 1
2058 139 1
393 139 1
35 139 1
2992 139 1
222 139 1
4444 139 1
256 139 1
347 139 1
2977 139 1
3554 139 1
2227 139 1
4028 139 1
1044 139 1
167 139 1
154 139 1
4025 139 1
81 139 1
774 139 1
3790 139 1
1712 139 1
703 139 1
932 139 1
114 139 1
1732 139 1
1 139 1
3432 139 1
22 139 1
3293 139 1
852 139 1
2072 139 1
4589 139 1
2324 139 1
3906 139 1
215 139 1
168 139 1
1068 139 1
4075 139 1
288 139 1
2775 139 1
2859 139 1
672 139 1
1345 139 1
4662 139 1
408 139 1
964 139 1
2016 139 1
252 139 1
4785 139 1
275 139 1
969 139 1
503 139 1
106 139 1
4094 139 1
90 139 1
43 139 1
3741 139 1
85 139 1
48 139 1
4439 139 1
2790 139 1
251 139 1
179 139 1
3733 139 1
3010 139 1
1249 139 1
2052 139 1
1089 139 1
2 139 1
4544 139 1
360 139 1
1307 139 1
3243 139 1
885 139 1
961 139 1
2189 139 1
494 139 1
2397 139 1
3460 139 1
59 139 1
2983 139 1
1679 139 1
2042 139 1
191 139 1
1964 139 1
2 139 1
1575 139 1
167 139 1
4918 139 1
44 139 1
2 139 1
2399 139 1
1043 139 1
2760 139 1
1567 139 1
1351 139 1
922 139 1
4610 139 1
1308 139 1
3233 139 1
1540 139 1
3352 139 1
889 139 1
1510 139 1
3094 139 1
2752 139 1
1075 139 1
1303 139 1
54 139 1
1099 139 1
4545 139 1
97 139 1
724 139 1
116 139 1
268 139 1
3541 139 1
813 139 1
2881 139 1
661 139 1
290 139 1
1886 139 1
1523 139 1
2241 139 1
878 139 1
43 139 1
4890 139 1
1709 139 1
34 139 1
1235 139 1
173 139 1
681 139 1
2208 140 1
271 140 1
2072 140 1
4816 140 1
1141 140 1
1219 140 1
836 140 1
2132 140 1
4600 140 1
1345 140 1
3679 140 1
22 140 1
3751 140 1
3535 140 1
93 140 1
4775 140 1
1297 140 1
1580 140 1
1787 140 1
2983 140 1
1927 140 1
12 140 1
4726 140 1
1270 140 1
3 140 1
2441 140 1
1471 140 1
669 140 1
427 140 1
2357 140 1
3876 140 1
4471 140 1
0 140 1
71 140 1
3 140 1
2991 140 1
750 140 1
176 140 1
2246 140 1
1390 140 1
64 140 1
1351 140 1
613 140 1
16 140 1
2367 140 1
501 140 1
1520 140 1
1175 140 1
4502 140 1
186 140 1
218 140 1
4538 140 1
3255 140 1
328 140 1
4 140 1
89 140 1
4969 140 1
3464 140 1
1064 140 1
356 140 1
1441 140 1
111 140 1
37 140 1
66 140 1
1037 140 1
436 140 1
2733 140 1
3448 140 1
592 140 1
369 140 1
1911 140 1
684 140 1
1409 140 1
3422 140 1
1623 140 1
3564 140 1
3582 140 1
4543 140 1
444 140 1
285 140 1
2717 140 1
116 140 1
2778 140 1
116 140 1
3651 140 1
3378 140 1
284 140 1
14 140 1
1396 140 1
3038 140 1
4348 140 1
3257 140 1
528 140 1
4373 140 1
382 140 1
29 140 1
1857 140 1
3632 140 1
1783 140 1
4366 140 1
10 140 1
996 140 1
3908 140 1
1486 140 1
1392 140 1
279 140 1
3200 140 1
1112 140 1
57 140 1
1489 140 1
3617 140 1
2371 140 1
581 140 1
646 140 1
1191 140 1
2219 140 1
11 140 1
3175 140 1
808 140 1
3154 140 1
2129 140 1
122 140 1
709 140 1
250 140 1
2631 140 1
1527 140 1
1346 140 1
1873 140 1
409 140 1
1327 140 1
991 140 1
972 140 1
1798 140 1
2872 140 1
2139 140 1
1422 140 1
3063 140 1
6 140 1
636 140 1
40 140 1
24 140 1
4876 140 1
2325 140 1
224 140 1
3671 140 1
1772 140 1
973 140 1
265 140 1
147 140 1
3815 140 1
3687 140 1
3061 140 1
4280 140 1
2916 140 1
2946 140 1
1004 140 1
4931 140 1
877 140 1
2184 140 1
2242 140 1
54 140 1
157 140 1
4711 140 1
2098 140 1
48 140 1
0 140 1
89 140 1
1 140 1
1674 140 1
611 140 1
1415 140 1
4699 140 1
67 140 1
3309 140 1
1380 140 1
3728 140 1
706 140 1
12 140 1
4035 140 1
248 140 1
297 140 1
2482 140 1
142 140 1
3960 140 1
2344 140 1
1418 140 1
3058 140 1
67 140 1
1329 140 1
2360 140 1
134 140 1
4922 140 1
1016 140 1
1413 140 1
2480 140 1
225 140 1
1713 140 1
4716 140 1
871 140 1
838 140 1
16 140 1
1104 140 1
2 140 1
3065 140 1
2557 140 1
2306 140 1
207 140 1
4046 140 1
1164 140 1
2169 140 1
3554 140 1
832 140 1
4762 140 1
6 140 1
3600 140 1
23 140 1
127 140 1
26 140 1
1711 140 1
1497 140 1
4973 140 1
1184 140 1
78 140 1
3839 140 1
71 140 1
1483 140 1
213 140 1
51 140 1
585 140 1
3188 140 1
1878 140 1
4490 140 1
7 140 1
3816 140 1
2719 140 1
213 140 1
242 140 1
1801 140 1
951 140 1
2534 140 1
4568 140 1
3221 140 1
171 140 1
2336 140 1
73 140 1
1248 140 1
541 140 1
0 140 1
2641 140 1
3655 140 1
4202 140 1
1413 140 1
1873 140 1
36 140 1
692 140 1
404 140 1
2701 140 1
934 140 1
4948 140 1
98 140 1
4519 140 1
4822 140 1
732 140 1
114 140 1
624 140 1
1744 140 1
3805 140 1
493 140 1
142 140 1
65 140 1
8 140 1
381 140 1
482 140 1
1329 140 1
87 140 1
3461 140 1
4983 140 1
44 140 1
3781 140 1
2708 140 1
879 140 1
991 140 1
4392 140 1
2264 140 1
292 140 1
3069 140 1
2103 140 1
125 140 1
1053 140 1
261 140 1
138 140 1
0 140 1
2082 140 1
4566 140 1
5 140 1
2266 140 1
2114 140 1
2878 140 1
923 140 1
628 140 1
10 140 1
209 140 1
34 140 1
519 140 1
3364 140 1
1078 140 1
1804 140 1
25 140 1
1434 140 1
1875 140 1
3709 140 1
1311 140 1
4583 140 1
3449 140 1
573 140 1
3486 140 1
2210 140 1
2576 140 1
2620 140 1
106 140 1
78 140 1
615 140 1
3149 140 1
2881 140 1
4638 140 1
290 140 1
20 140 1
2508 140 1
990 140 1
4943 140 1
979 140 1
716 140 1
1680 140 1
1337 140 1
2606 140 1
1272 140 1
1176 140 1
2191 140 1
802 140 1
4671 140 1
2984 140 1
265 140 1
271 140 1
4339 140 1
615 140 1
1378 141 1
3605 141 1
1197 141 1
1421 141 1
1427 141 1
3441 141 1
1711 141 1
1041 141 1
2930 141 1
478 141 1
24 141 1
2586 141 1
979 141 1
1092 141 1
72 141 1
4058 141 1
49 141 1
19 141 1
1818 141 1
1655 141 1
3141 141 1
233 141 1
2293 141 1
4717 141 1
158 141 1
484 141 1
237 141 1
1799 141 1
139 141 1
2178 141 1
3750 141 1
42 141 1
25 141 1
208 141 1
21 141 1
513 141 1
162 141 1
57 141 1
308 141 1
294 141 1
2883 141 1
3067 141 1
40 141 1
3205 141 1
698 141 1
4582 141 1
205 141 1
6 141 1
4275 141 1
41 141 1
3437 141 1
26 141 1
3027 141 1
3834 141 1
3609 141 1
147 141 1
1055 141 1
1 141 1
3713 141 1
394 141 1
82 141 1
1287 141 1
438 141 1
3874 141 1
9 141 1
2032 141 1
2167 141 1
864 141 1
2712 141 1
4553 141 1
1882 141 1
3931 141 1
2591 141 1
142 141 1
271 141 1
448 141 1
2183 141 1
36 141 1
244 141 1
4519 141 1
2916 141 1
1455 141 1
1354 141 1
969 141 1
2508 141 1
3531 141 1
0 141 1
190 141 1
344 141 1
1098 141 1
867 141 1
2 141 1
2196 141 1
1104 141 1
66 141 1
1011 141 1
501 141 1
3877 141 1
114 141 1
91 141 1
3161 141 1
4923 141 1
349 141 1
347 141 1
715 141 1
1474 141 1
2941 141 1
3919 141 1
61 141 1
197 141 1
408 141 1
1924 141 1
917 141 1
5 141 1
1526 141 1
4275 141 1
17 141 1
649 141 1
925 141 1
1697 141 1
142 141 1
220 141 1
776 141 1
131 141 1
4659 141 1
211 141 1
2642 141 1
749 141 1
4075 141 1
97 141 1
2968 141 1
889 141 1
0 141 1
193 141 1
82 141 1
404 141 1
4713 141 1
425 141 1
1832 141 1
2799 141 1
358 141 1
3878 141 1
0 141 1
110 141 1
144 141 1
2676 141 1
749 141 1
12 141 1
4513 141 1
246 141 1
1149 141 1
1181 141 1
12 141 1
3200 141 1
1104 141 1
1304 141 1
258 141 1
2650 141 1
1547 141 1
1624 141 1
3009 141 1
1986 141 1
95 141 1
2668 141 1
923 141 1
215 141 1
981 141 1
45 141 1
855 141 1
0 141 1
4960 141 1
624 141 1
2487 141 1
2328 141 1
4460 141 1
3699 141 1
2733 141 1
1 141 1
2089 141 1
4180 141 1
12 141 1
19 141 1
448 141 1
3117 141 1
4379 141 1
436 141 1
0 141 1
1847 141 1
671 141 1
1 141 1
37 141 1
3616 141 1
1549 141 1
1493 141 1
3344 141 1
60 141 1
1595 141 1
574 141 1
3 141 1
1733 141 1
2659 141 1
2090 141 1
981 141 1
157 141 1
3710 141 1
2234 141 1
194 141 1
3049 141 1
3145 141 1
4907 141 1
2628 141 1
2276 141 1
2647 141 1
2670 141 1
576 141 1
10 141 1
1647 141 1
3799 141 1
1887 141 1
0 141 1
4640 141 1
1678 141 1
4707 141 1
2332 141 1
3124 141 1
93 141 1
2202 141 1
1318 141 1
102 141 1
46 141 1
4290 141 1
344 141 1
96 141 1
4 141 1
4019 141 1
480 141 1
2383 141 1
244 141 1
21 141 1
434 141 1
417 141 1
4830 141 1
179 141 1
457 141 1
0 141 1
479 141 1
51 141 1
1421 141 1
227 141 1
1082 141 1
17 141 1
2407 141 1
161 141 1
2640 141 1
1291 141 1
3736 141 1
540 141 1
3 141 1
3032 141 1
1960 141 1
167 141 1
805 141 1
8 141 1
2863 141 1
3828 141 1
1561 141 1
2036 141 1
2580 141 1
1482 141 1
327 141 1
44 141 1
2370 141 1
957 141 1
1820 141 1
3 141 1
279 141 1
1 141 1
4921 141 1
3901 141 1
294 141 1
3787 141 1
1364 141 1
396 141 1
641 141 1
1995 141 1
1591 141 1
0 141 1
879 141 1
1049 141 1
640 141 1
4026 141 1
3244 141 1
1591 141 1
336 141 1
1908 141 1
686 141 1
985 141 1
1558 141 1
4439 141 1
961 141 1
3506 141 1
1837 141 1
0 141 1
3312 141 1
2778 141 1
2428 141 1
707 141 1
348 141 1
566 141 1
1449 141 1
473 141 1
3739 141 1
2019 141 1
1015 141 1
4128 141 1
4371 141 1
1691 141 1
394 141 1
495 141 1
3673 141 1
2882 141 1
148 141 1
2601 141 1
4663 141 1
3452 141 1
3917 141 1
2620 141 1
1729 141 1
652 141 1
1832 141 1
2109 141 1
1608 141 1
3289 141 1
3365 141 1
2496 141 1
1060 141 1
333 141 1
1258 141 1
244 141 1
378 141 1
275 141 1
108 141 1
4013 141 1
2 141 1
2632 141 1
3868 142 1
3240 142 1
1928 142 1
2265 142 1
3504 142 1
151 142 1
4033 142 1
1612 142 1
2685 142 1
4873 142 1
1701 142 1
1422 142 1
552 142 1
665 142 1
4899 142 1
151 142 1
959 142 1
231 142 1
2982 142 1
27 142 1
389 142 1
1968 142 1
1881 142 1
4508 142 1
1256 142 1
9 142 1
350 142 1
91 142 1
9 142 1
3160 142 1
2091 142 1
1192 142 1
1534 142 1
538 142 1
328 142 1
325 142 1
1712 142 1
580 142 1
1526 142 1
27 142 1
46 142 1
3485 142 1
2555 142 1
1052 142 1
1542 142 1
5 142 1
69 142 1
0 142 1
286 142 1
1446 142 1
4556 142 1
2188 142 1
4939 142 1
4816 142 1
3558 142 1
1395 142 1
56 142 1
2522 142 1
86 142 1
1914 142 1
2267 142 1
527 142 1
13 142 1
779 142 1
14 142 1
1581 142 1
37 142 1
920 142 1
4252 142 1
4538 142 1
594 142 1
2096 142 1
1081 142 1
4502 142 1
23 142 1
4274 142 1
3702 142 1
12 142 1
3624 142 1
3484 142 1
4521 142 1
1476 142 1
3160 142 1
55 142 1
1531 142 1
4129 142 1
313 142 1
78 142 1
2573 142 1
4774 142 1
7 142 1
1 142 1
3548 142 1
1840 142 1
155 142 1
2485 142 1
4942 142 1
528 142 1
3170 142 1
1269 142 1
3042 142 1
1424 142 1
516 142 1
2575 142 1
1620 142 1
284 142 1
21 142 1
3724 142 1
1861 142 1
2833 142 1
3746 142 1
7 142 1
2849 142 1
253 142 1
1337 142 1
108 142 1
2518 142 1
895 142 1
2019 142 1
0 142 1
4947 142 1
2431 142 1
19 142 1
1547 142 1
1398 142 1
900 142 1
614 142 1
4497 142 1
2853 142 1
211 142 1
3129 142 1
389 142 1
288 142 1
283 142 1
4 142 1
1070 142 1
4240 142 1
22 142 1
359 142 1
295 142 1
1194 142 1
1014 142 1
4359 142 1
100 142 1
1946 142 1
2826 142 1
34 142 1
94 142 1
130 142 1
202 142 1
317 142 1
77 142 1
434 142 1
1056 142 1
1711 142 1
621 142 1
840 142 1
1754 142 1
14 142 1
114 142 1
772 142 1
1918 142 1
90 142 1
4249 142 1
280 142 1
3630 142 1
115 142 1
3033 142 1
2225 142 1
617 142 1
498 142 1
3114 142 1
1462 142 1
2 142 1
3704 142 1
2477 142 1
6 142 1
205 142 1
2091 142 1
3217 142 1
94 142 1
2453 142 1
2354 142 1
322 142 1
267 142 1
1074 142 1
592 142 1
1559 142 1
4277 142 1
4340 142 1
1683 142 1
4751 142 1
177 142 1
50 142 1
4710 142 1
89 142 1
137 142 1
252 142 1
2624 142 1
1092 142 1
50 142 1
1047 142 1
2562 142 1
253 142 1
4799 142 1
1465 142 1
7 142 1
2567 142 1
1855 142 1
1669 142 1
3505 142 1
148 142 1
1303 142 1
845 142 1
2568 142 1
4054 142 1
746 142 1
4970 142 1
384 142 1
3853 142 1
935 142 1
257 142 1
1044 142 1
1094 142 1
3339 142 1
1958 142 1
1 142 1
4291 142 1
1686 142 1
3618 142 1
3114 142 1
2007 142 1
81 142 1
407 142 1
4620 142 1
141 142 1
353 142 1
2316 142 1
66 142 1
415 142 1
2708 142 1
3143 142 1
1239 142 1
198 142 1
2095 142 1
1317 142 1
2825 142 1
145 142 1
22 142 1
3296 142 1
2939 142 1
3359 142 1
292 142 1
2890 142 1
2100 142 1
1545 142 1
2312 142 1
4131 142 1
615 142 1
2952 142 1
276 142 1
0 142 1
1720 142 1
655 142 1
1913 142 1
3120 142 1
1208 142 1
2176 142 1
1357 142 1
2225 142 1
2840 142 1
257 142 1
341 142 1
1275 142 1
1209 142 1
676 142 1
3577 142 1
955 142 1
223 142 1
1106 142 1
661 142 1
1934 142 1
2981 142 1
1046 142 1
2574 142 1
4978 142 1
336 142 1
832 142 1
649 142 1
53 142 1
3425 142 1
3094 142 1
617 142 1
2935 142 1
170 142 1
1067 142 1
208 142 1
2913 142 1
2687 142 1
2116 142 1
314 142 1
2269 142 1
3937 142 1
4 142 1
122 142 1
3266 142 1
0 142 1
60 142 1
519 142 1
2419 142 1
4976 142 1
21 142 1
4232 142 1
4313 142 1
0 142 1
122 142 1
1734 142 1
374 142 1
3363 142 1
4519 142 1
605 142 1
1431 142 1
2 142 1
996 142 1
3842 142 1
2653 142 1
2 142 1
3618 142 1
4810 142 1
4503 142 1
454 142 1
923 142 1
2621 142 1
335 142 1
2621 142 1
4706 142 1
1974 142 1
3039 142 1
2208 142 1
65 142 1
2181 142 1
144 142 1
1197 142 1
2328 142 1
974 142 1
837 143 1
292 143 1
3661 143 1
1940 143 1
3820 143 1
20 143 1
15 143 1
422 143 1
4974 143 1
294 143 1
2317 143 1
224 143 1
116 143 1
317 143 1
2647 143 1
4267 143 1
991 143 1
3 143 1
85 143 1
676 143 1
1502 143 1
2199 143 1
0 143 1
5 143 1
309 143 1
278 143 1
567 143 1
189 143 1
905 143 1
2562 143 1
4613 143 1
103 143 1
872 143 1
2014 143 1
3104 143 1
1424 143 1
2750 143 1
707 143 1
2949 143 1
1890 143 1
1952 143 1
2682 143 1
4451 143 1
2344 143 1
4428 143 1
78 143 1
4612 143 1
218 143 1
249 143 1
300 143 1
698 143 1
1168 143 1
64 143 1
2 143 1
109 143 1
3059 143 1
8 143 1
3119 143 1
1242 143 1
240 143 1
4070 143 1
4786 143 1
3263 143 1
4303 143 1
1407 143 1
282 143 1
3473 143 1
3231 143 1
2701 143 1
1949 143 1
1830 143 1
16 143 1
1991 143 1
513 143 1
40 143 1
3986 143 1
135 143 1
1226 143 1
3278 143 1
4815 143 1
2604 143 1
114 143 1
2804 143 1
4084 143 1
569 143 1
31 143 1
104 143 1
851 143 1
2996 143 1
2514 143 1
386 143 1
4602 143 1
1409 143 1
4806 143 1
2922 143 1
3015 143 1
4139 143 1
3408 143 1
31 143 1
1873 143 1
2831 143 1
1876 143 1
68 143 1
4587 143 1
1758 143 1
1905 143 1
2844 143 1
3620 143 1
4615 143 1
0 143 1
4440 143 1
3359 143 1
319 143 1
2463 143 1
1707 143 1
656 143 1
572 143 1
4318 143 1
549 143 1
1994 143 1
461 143 1
269 143 1
711 143 1
2857 143 1
2543 143 1
2486 143 1
2 143 1
3366 143 1
3613 143 1
707 143 1
961 143 1
133 143 1
63 143 1
2938 143 1
4939 143 1
1321 143 1
672 143 1
2687 143 1
90 143 1
1980 143 1
178 143 1
171 143 1
0 143 1
0 143 1
672 143 1
597 143 1
4462 143 1
1342 143 1
3361 143 1
791 143 1
2601 143 1
508 143 1
157 143 1
612 143 1
977 143 1
626 143 1
1209 143 1
502 143 1
4095 143 1
1134 143 1
1660 143 1
2064 143 1
1477 143 1
4818 143 1
905 143 1
500 143 1
4934 143 1
3723 143 1
1115 143 1
943 143 1
1610 143 1
4748 143 1
2 143 1
4254 143 1
128 143 1
1174 143 1
2894 143 1
128 143 1
3 143 1
107 143 1
844 143 1
35 143 1
6 143 1
257 143 1
1 143 1
288 143 1
2758 143 1
4591 143 1
544 143 1
512 143 1
4938 143 1
141 143 1
2151 143 1
25 143 1
981 143 1
3914 143 1
3964 143 1
145 143 1
2409 143 1
393 143 1
1480 143 1
3806 143 1
59 143 1
3709 143 1
1604 143 1
177 143 1
215 143 1
3215 143 1
2985 143 1
603 143 1
1884 143 1
756 143 1
379 143 1
1567 143 1
3694 143 1
139 143 1
267 143 1
261 143 1
2724 143 1
2962 143 1
175 143 1
983 143 1
4287 143 1
3749 143 1
3464 143 1
607 143 1
93 143 1
1 143 1
273 143 1
2735 143 1
2893 143 1
2161 143 1
179 143 1
3969 143 1
474 143 1
1282 143 1
1905 143 1
215 143 1
1210 143 1
1576 143 1
1206 143 1
3971 143 1
2959 143 1
2615 143 1
90 143 1
446 143 1
1211 143 1
303 143 1
881 143 1
3396 143 1
2933 143 1
3852 143 1
2881 143 1
4785 143 1
262 143 1
53 143 1
2824 143 1
2089 143 1
1491 143 1
1155 143 1
540 143 1
501 143 1
3408 143 1
98 143 1
4988 143 1
2580 143 1
48 143 1
4378 143 1
0 143 1
487 143 1
2450 143 1
137 143 1
315 143 1
994 143 1
4954 143 1
97 143 1
762 143 1
895 143 1
3889 143 1
2108 143 1
3912 143 1
767 143 1
1920 143 1
677 143 1
0 143 1
69 143 1
39 143 1
80 143 1
14 143 1
3806 143 1
3130 143 1
170 143 1
2180 143 1
2789 143 1
849 143 1
4393 143 1
2848 143 1
526 143 1
2247 143 1
3383 143 1
776 143 1
99 143 1
705 143 1
3268 143 1
457 143 1
625 143 1
4975 143 1
3655 143 1
40 143 1
3932 143 1
555 143 1
0 143 1
862 143 1
1861 143 1
1285 143 1
0 143 1
1657 143 1
1118 143 1
0 143 1
940 143 1
661 143 1
207 143 1
690 143 1
120 143 1
710 143 1
4097 143 1
1572 143 1
1213 143 1
107 143 1
660 143 1
2183 143 1
3364 143 1
17 143 1
746 143 1
284 143 1
72 143 1
60 143 1
2445 143 1
420 143 1
137 143 1
1276 143 1
261 143 1
15 143 1
13 143 1
3714 143 1
886 144 1
2687 144 1
320 144 1
4357 144 1
3120 144 1
9 144 1
2194 144 1
776 144 1
57 144 1
2654 144 1
2996 144 1
3823 144 1
1584 144 1
270 144 1
4648 144 1
2362 144 1
1144 144 1
1 144 1
697 144 1
395 144 1
2290 144 1
310 144 1
1879 144 1
1954 144 1
3458 144 1
9 144 1
205 144 1
46 144 1
2124 144 1
282 144 1
4704 144 1
166 144 1
1969 144 1
6 144 1
324 144 1
3229 144 1
654 144 1
454 144 1
171 144 1
4077 144 1
740 144 1
153 144 1
3910 144 1
1135 144 1
1296 144 1
4866 144 1
194 144 1
1295 144 1
393 144 1
436 144 1
1585 144 1
1581 144 1
49 144 1
1588 144 1
1950 144 1
324 144 1
3740 144 1
49 144 1
567 144 1
707 144 1
3359 144 1
2664 144 1
2618 144 1
455 144 1
4989 144 1
3495 144 1
3295 144 1
0 144 1
4448 144 1
2926 144 1
2358 144 1
3103 144 1
3891 144 1
4317 144 1
309 144 1
477 144 1
69 144 1
2793 144 1
4710 144 1
150 144 1
4 144 1
1865 144 1
1879 144 1
43 144 1
771 144 1
3044 144 1
241 144 1
2724 144 1
846 144 1
2031 144 1
211 144 1
53 144 1
965 144 1
373 144 1
1179 144 1
165 144 1
23 144 1
2811 144 1
0 144 1
4096 144 1
1441 144 1
1044 144 1
4785 144 1
559 144 1
11 144 1
621 144 1
0 144 1
4511 144 1
323 144 1
411 144 1
4918 144 1
953 144 1
807 144 1
1615 144 1
3717 144 1
3408 144 1
84 144 1
225 144 1
770 144 1
928 144 1
3491 144 1
0 144 1
4471 144 1
2431 144 1
144 144 1
130 144 1
2466 144 1
1336 144 1
100 144 1
4124 144 1
324 144 1
3238 144 1
612 144 1
4077 144 1
4140 144 1
4577 144 1
1211 144 1
2365 144 1
178 144 1
1431 144 1
130 144 1
73 144 1
3469 144 1
3311 144 1
260 144 1
1827 144 1
2830 144 1
6 144 1
3612 144 1
2864 144 1
1109 144 1
184 144 1
3092 144 1
168 144 1
2395 144 1
2178 144 1
262 144 1
510 144 1
4300 144 1
976 144 1
22 144 1
2678 144 1
4184 144 1
561 144 1
976 144 1
4001 144 1
3909 144 1
3746 144 1
450 144 1
2136 144 1
2138 144 1
81 144 1
42 144 1
94 144 1
1 144 1
1663 144 1
4254 144 1
3397 144 1
1195 144 1
0 144 1
11 144 1
1551 144 1
1028 144 1
4374 144 1
223 144 1
642 144 1
4984 144 1
1884 144 1
0 144 1
1631 144 1
193 144 1
765 144 1
2140 144 1
991 144 1
1929 144 1
25 144 1
1328 144 1
792 144 1
3531 144 1
1122 144 1
3470 144 1
4 144 1
3193 144 1
301 144 1
924 144 1
5 144 1
0 144 1
3956 144 1
50 144 1
450 144 1
518 144 1
820 144 1
158 144 1
1363 144 1
1744 144 1
138 144 1
296 144 1
954 144 1
8 144 1
1737 144 1
340 144 1
2550 144 1
4311 144 1
609 144 1
683 144 1
4049 144 1
951 144 1
1780 144 1
190 144 1
526 144 1
100 144 1
3870 144 1
3143 144 1
93 144 1
0 144 1
588 144 1
420 144 1
1664 144 1
1993 144 1
386 144 1
2501 144 1
218 144 1
172 144 1
4935 144 1
660 144 1
3703 144 1
3430 144 1
4023 144 1
3745 144 1
337 144 1
4704 144 1
1752 144 1
1778 144 1
70 144 1
1471 144 1
1486 144 1
2570 144 1
3312 144 1
23 144 1
124 144 1
493 144 1
73 144 1
1870 144 1
1466 144 1
286 144 1
1421 144 1
107 144 1
6 144 1
600 144 1
4527 144 1
23 144 1
214 144 1
1972 144 1
2387 144 1
161 144 1
682 144 1
923 144 1
3053 144 1
4863 144 1
29 144 1
224 144 1
364 144 1
543 144 1
19 144 1
1957 144 1
1089 144 1
2074 144 1
2238 144 1
2784 144 1
3598 144 1
306 144 1
1703 144 1
206 144 1
1742 144 1
2475 144 1
512 144 1
3413 144 1
3765 144 1
562 144 1
2003 144 1
462 144 1
845 144 1
2427 144 1
214 144 1
51 144 1
19 144 1
4376 144 1
1074 144 1
3770 144 1
43 144 1
3019 144 1
2119 144 1
4781 144 1
1162 144 1
2611 144 1
773 144 1
183 144 1
44 144 1
2359 144 1
2104 144 1
3660 144 1
177 144 1
3470 144 1
3848 144 1
466 144 1
1523 144 1
231 144 1
75 144 1
3031 144 1
1096 144 1
3758 144 1
470 144 1
2460 144 1
447 144 1
3230 144 1
4966 144 1
157 144 1
3934 144 1
4514 144 1
69 144 1
793 144 1
3364 144 1
768 144 1
153 144 1
920 144 1
3 145 1
1297 145 1
3388 145 1
492 145 1
0 145 1
383 145 1
1072 145 1
4653 145 1
1218 145 1
1462 145 1
440 145 1
313 145 1
221 145 1
3762 145 1
2000 145 1
94 145 1
1147 145 1
765 145 1
4 145 1
0 145 1
4180 145 1
4834 145 1
430 145 1
1505 145 1
1349 145 1
675 145 1
137 145 1
2623 145 1
4696 145 1
2097 145 1
3469 145 1
67 145 1
1197 145 1
1776 145 1
49 145 1
3770 145 1
4078 145 1
4354 145 1
1276 145 1
1972 145 1
0 145 1
4886 145 1
1449 145 1
4 145 1
0 145 1
4008 145 1
804 145 1
587 145 1
3367 145 1
1701 145 1
1375 145 1
604 145 1
770 145 1
1006 145 1
56 145 1
1577 145 1
3878 145 1
2349 145 1
23 145 1
2018 145 1
133 145 1
1537 145 1
897 145 1
16 145 1
73 145 1
820 145 1
343 145 1
417 145 1
2029 145 1
282 145 1
2114 145 1
991 145 1
618 145 1
839 145 1
1 145 1
71 145 1
196 145 1
4112 145 1
4591 145 1
1023 145 1
167 145 1
1402 145 1
1073 145 1
1989 145 1
1871 145 1
1559 145 1
2301 145 1
4186 145 1
1304 145 1
1224 145 1
3827 145 1
310 145 1
2301 145 1
3293 145 1
4281 145 1
700 145 1
2843 145 1
80 145 1
110 145 1
181 145 1
1434 145 1
2113 145 1
1164 145 1
317 145 1
1004 145 1
2048 145 1
3743 145 1
121 145 1
40 145 1
2186 145 1
4404 145 1
4498 145 1
66 145 1
4327 145 1
1395 145 1
2102 145 1
134 145 1
471 145 1
4471 145 1
1604 145 1
1384 145 1
2981 145 1
894 145 1
3212 145 1
1209 145 1
11 145 1
458 145 1
4309 145 1
719 145 1
35 145 1
2183 145 1
927 145 1
13 145 1
541 145 1
218 145 1
4 145 1
2673 145 1
165 145 1
3222 145 1
1923 145 1
391 145 1
324 145 1
959 145 1
8 145 1
400 145 1
312 145 1
1864 145 1
166 145 1
1 145 1
39 145 1
503 145 1
10 145 1
1037 145 1
205 145 1
482 145 1
4234 145 1
4496 145 1
2795 145 1
2601 145 1
589 145 1
0 145 1
2884 145 1
665 145 1
143 145 1
1974 145 1
1697 145 1
2126 145 1
222 145 1
53 145 1
3668 145 1
3452 145 1
107 145 1
934 145 1
1638 145 1
768 145 1
393 145 1
3995 145 1
22 145 1
4256 145 1
328 145 1
8 145 1
164 145 1
3488 145 1
2269 145 1
4347 145 1
288 145 1
178 145 1
995 145 1
19 145 1
5 145 1
339 145 1
3998 145 1
1826 145 1
1279 145 1
1509 145 1
139 145 1
2390 145 1
0 145 1
170 145 1
3589 145 1
267 145 1
3870 145 1
294 145 1
17 145 1
657 145 1
3862 145 1
4716 145 1
503 145 1
1452 145 1
451 145 1
205 145 1
1271 145 1
19 145 1
2285 145 1
2033 145 1
4362 145 1
1668 145 1
3989 145 1
3556 145 1
1171 145 1
3625 145 1
65 145 1
5 145 1
552 145 1
2324 145 1
115 145 1
176 145 1
4521 145 1
126 145 1
1571 145 1
196 145 1
837 145 1
2425 145 1
4549 145 1
2273 145 1
2449 145 1
94 145 1
1950 145 1
1079 145 1
4210 145 1
3104 145 1
2283 145 1
3531 145 1
1681 145 1
539 145 1
3297 145 1
818 145 1
700 145 1
133 145 1
245 145 1
948 145 1
789 145 1
820 145 1
346 145 1
4888 145 1
3797 145 1
136 145 1
162 145 1
1 145 1
13 145 1
39 145 1
2637 145 1
302 145 1
2955 145 1
3165 145 1
1171 145 1
1411 145 1
3656 145 1
1804 145 1
3198 145 1
917 145 1
4 145 1
519 145 1
217 145 1
754 145 1
4796 145 1
4637 145 1
1967 145 1
241 145 1
2866 145 1
2094 145 1
1406 145 1
4231 145 1
4759 145 1
4866 145 1
1250 145 1
3585 145 1
820 145 1
2447 145 1
803 145 1
1244 145 1
2469 145 1
14 145 1
4467 145 1
1120 145 1
1314 145 1
143 145 1
606 145 1
197 145 1
1044 145 1
293 145 1
2695 145 1
55 145 1
4420 145 1
101 145 1
19 145 1
1678 145 1
4569 145 1
4323 145 1
4196 145 1
15 145 1
863 145 1
26 145 1
841 145 1
97 145 1
361 145 1
1952 145 1
2 145 1
3 145 1
1536 145 1
4077 145 1
1337 145 1
112 145 1
853 145 1
560 145 1
281 145 1
4189 145 1
3356 145 1
461 145 1
4 145 1
1656 145 1
109 145 1
1395 145 1
3689 145 1
4184 145 1
2760 145 1
3891 145 1
4136 145 1
1059 145 1
641 145 1
822 145 1
744 145 1
183 145 1
776 145 1
47 145 1
957 146 1
3301 146 1
1015 146 1
3042 146 1
476 146 1
733 146 1
344 146 1
2090 146 1
336 146 1
2423 146 1
2750 146 1
1169 146 1
543 146 1
1701 146 1
113 146 1
545 146 1
525 146 1
4512 146 1
2648 146 1
32 146 1
39 146 1
869 146 1
196 146 1
3662 146 1
3168 146 1
25 146 1
3471 146 1
669 146 1
853 146 1
1264 146 1
3622 146 1
1699 146 1
484 146 1
844 146 1
84 146 1
615 146 1
1739 146 1
598 146 1
1009 146 1
2304 146 1
1316 146 1
7 146 1
12 146 1
1774 146 1
1760 146 1
1247 146 1
1191 146 1
0 146 1
702 146 1
900 146 1
3371 146 1
3455 146 1
122 146 1
2825 146 1
1776 146 1
326 146 1
1572 146 1
2444 146 1
120 146 1
419 146 1
4637 146 1
20 146 1
2044 146 1
4697 146 1
652 146 1
108 146 1
1283 146 1
930 146 1
1288 146 1
3816 146 1
3556 146 1
685 146 1
3777 146 1
2774 146 1
2069 146 1
4756 146 1
693 146 1
500 146 1
483 146 1
22 146 1
1452 146 1
2015 146 1
3018 146 1
615 146 1
4383 146 1
1 146 1
32 146 1
155 146 1
4324 146 1
4146 146 1
1178 146 1
1910 146 1
340 146 1
0 146 1
1714 146 1
3701 146 1
671 146 1
3063 146 1
4523 146 1
4488 146 1
3721 146 1
3 146 1
1520 146 1
2516 146 1
1050 146 1
4214 146 1
427 146 1
235 146 1
1020 146 1
2183 146 1
1421 146 1
2867 146 1
1537 146 1
2394 146 1
455 146 1
631 146 1
1925 146 1
52 146 1
1221 146 1
4692 146 1
2967 146 1
1113 146 1
1082 146 1
1211 146 1
608 146 1
775 146 1
2125 146 1
4586 146 1
106 146 1
404 146 1
1772 146 1
668 146 1
1488 146 1
1488 146 1
67 146 1
4170 146 1
505 146 1
1163 146 1
159 146 1
3712 146 1
872 146 1
1661 146 1
412 146 1
3651 146 1
619 146 1
4932 146 1
243 146 1
367 146 1
3254 146 1
1115 146 1
1405 146 1
1276 146 1
4907 146 1
3786 146 1
4163 146 1
355 146 1
2302 146 1
2271 146 1
195 146 1
590 146 1
2824 146 1
3150 146 1
10 146 1
450 146 1
1396 146 1
73 146 1
2431 146 1
1856 146 1
824 146 1
590 146 1
2778 146 1
1106 146 1
1916 146 1
3371 146 1
1815 146 1
154 146 1
29 146 1
1550 146 1
2016 146 1
493 146 1
1089 146 1
1 146 1
45 146 1
3334 146 1
4089 146 1
4255 146 1
3063 146 1
1348 146 1
80 146 1
564 146 1
4417 146 1
1475 146 1
3272 146 1
1977 146 1
487 146 1
502 146 1
3800 146 1
739 146 1
2624 146 1
2670 146 1
1786 146 1
1136 146 1
2459 146 1
1612 146 1
3388 146 1
4049 146 1
3023 146 1
129 146 1
315 146 1
1255 146 1
52 146 1
1800 146 1
503 146 1
1060 146 1
1610 146 1
3210 146 1
1374 146 1
1389 146 1
1155 146 1
641 146 1
3892 146 1
55 146 1
87 146 1
802 146 1
4202 146 1
285 146 1
854 146 1
2511 146 1
1023 146 1
0 146 1
4346 146 1
2204 146 1
1098 146 1
2426 146 1
1 146 1
2662 146 1
1712 146 1
738 146 1
4950 146 1
794 146 1
3520 146 1
221 146 1
5 146 1
2508 146 1
404 146 1
2701 146 1
1999 146 1
4093 146 1
225 146 1
436 146 1
2803 146 1
33 146 1
2279 146 1
255 146 1
396 146 1
3427 146 1
15 146 1
1805 146 1
150 146 1
3907 146 1
4416 146 1
23 146 1
503 146 1
1029 146 1
1576 146 1
3239 146 1
4896 146 1
1498 146 1
4491 146 1
1738 146 1
347 146 1
417 146 1
421 146 1
296 146 1
241 146 1
3701 146 1
2693 146 1
2081 146 1
283 146 1
4825 146 1
4248 146 1
1791 146 1
3907 146 1
1382 146 1
685 146 1
2421 146 1
240 146 1
1563 146 1
2151 146 1
28 146 1
3914 146 1
109 146 1
340 146 1
1407 146 1
3323 146 1
8 146 1
63 146 1
115 146 1
493 146 1
0 146 1
2223 146 1
540 146 1
1 146 1
806 146 1
3304 146 1
1079 146 1
4026 146 1
2079 146 1
4547 146 1
570 146 1
4853 146 1
1577 146 1
319 146 1
1505 146 1
2488 146 1
195 146 1
1950 146 1
860 146 1
954 146 1
764 146 1
732 146 1
2694 146 1
9 146 1
112 146 1
2143 146 1
3 146 1
109 146 1
3694 146 1
19 146 1
967 146 1
632 146 1
4852 146 1
30 146 1
1374 146 1
1979 146 1
3503 146 1
489 146 1
1630 146 1
1661 146 1
2245 146 1
170 146 1
533 146 1
3737 146 1
8 146 1
0 146 1
8 147 1
4417 147 1
2486 147 1
38 147 1
4923 147 1
161 147 1
1289 147 1
2994 147 1
205 147 1
4468 147 1
616 147 1
500 147 1
4615 147 1
0 147 1
4 147 1
4787 147 1
1003 147 1
797 147 1
1257 147 1
12 147 1
2107 147 1
1484 147 1
3593 147 1
33 147 1
3148 147 1
797 147 1
4207 147 1
531 147 1
2228 147 1
57 147 1
3331 147 1
135 147 1
1213 147 1
3827 147 1
89 147 1
4344 147 1
40 147 1
3 147 1
707 147 1
476 147 1
4457 147 1
2323 147 1
83 147 1
2656 147 1
1 147 1
108 147 1
2 147 1
128 147 1
403 147 1
73 147 1
4020 147 1
2060 147 1
777 147 1
2946 147 1
2948 147 1
1018 147 1
118 147 1
4920 147 1
1884 147 1
26 147 1
1813 147 1
2772 147 1
68 147 1
898 147 1
228 147 1
3182 147 1
1455 147 1
1000 147 1
2394 147 1
2204 147 1
4146 147 1
18 147 1
845 147 1
2392 147 1
4487 147 1
2715 147 1
909 147 1
4073 147 1
547 147 1
0 147 1
3 147 1
804 147 1
630 147 1
3354 147 1
559 147 1
4097 147 1
880 147 1
819 147 1
4247 147 1
1455 147 1
1252 147 1
128 147 1
188 147 1
4895 147 1
4782 147 1
212 147 1
1061 147 1
2261 147 1
391 147 1
2917 147 1
579 147 1
2824 147 1
646 147 1
4928 147 1
3471 147 1
1049 147 1
2609 147 1
4893 147 1
0 147 1
4284 147 1
2697 147 1
200 147 1
2490 147 1
94 147 1
2472 147 1
4169 147 1
112 147 1
4064 147 1
14 147 1
1178 147 1
3216 147 1
560 147 1
20 147 1
238 147 1
489 147 1
3621 147 1
134 147 1
0 147 1
2404 147 1
2575 147 1
276 147 1
4518 147 1
4593 147 1
773 147 1
465 147 1
4978 147 1
4031 147 1
3880 147 1
0 147 1
0 147 1
169 147 1
4780 147 1
4197 147 1
893 147 1
15 147 1
601 147 1
891 147 1
11 147 1
0 147 1
3472 147 1
1291 147 1
3105 147 1
234 147 1
191 147 1
461 147 1
1283 147 1
2103 147 1
4183 147 1
1723 147 1
41 147 1
111 147 1
1018 147 1
2508 147 1
254 147 1
174 147 1
977 147 1
2201 147 1
2106 147 1
22 147 1
1731 147 1
764 147 1
2908 147 1
176 147 1
2711 147 1
1459 147 1
2865 147 1
2088 147 1
597 147 1
2959 147 1
4139 147 1
1416 147 1
3683 147 1
2002 147 1
42 147 1
4815 147 1
526 147 1
2756 147 1
183 147 1
1247 147 1
4699 147 1
2364 147 1
2028 147 1
947 147 1
3489 147 1
28 147 1
4647 147 1
55 147 1
50 147 1
3489 147 1
3809 147 1
1939 147 1
1196 147 1
2185 147 1
142 147 1
522 147 1
4483 147 1
0 147 1
486 147 1
2453 147 1
1739 147 1
1899 147 1
776 147 1
1 147 1
230 147 1
40 147 1
1136 147 1
905 147 1
3744 147 1
3411 147 1
2071 147 1
1864 147 1
319 147 1
2949 147 1
3288 147 1
304 147 1
170 147 1
1416 147 1
1835 147 1
53 147 1
2939 147 1
3130 147 1
22 147 1
4267 147 1
3966 147 1
408 147 1
2902 147 1
2106 147 1
1251 147 1
182 147 1
915 147 1
397 147 1
3751 147 1
4057 147 1
3521 147 1
3288 147 1
1601 147 1
4123 147 1
2094 147 1
319 147 1
4156 147 1
809 147 1
612 147 1
1207 147 1
2693 147 1
128 147 1
10 147 1
2548 147 1
3999 147 1
1529 147 1
25 147 1
2164 147 1
1335 147 1
3031 147 1
414 147 1
2814 147 1
571 147 1
2775 147 1
825 147 1
21 147 1
904 147 1
1100 147 1
70 147 1
188 147 1
518 147 1
25 147 1
57 147 1
533 147 1
2694 147 1
1890 147 1
2523 147 1
32 147 1
614 147 1
1376 147 1
54 147 1
353 147 1
172 147 1
347 147 1
0 147 1
4070 147 1
12 147 1
841 147 1
3152 147 1
174 147 1
1338 147 1
3839 147 1
426 147 1
936 147 1
122 147 1
4592 147 1
1823 147 1
1730 147 1
3369 147 1
1404 147 1
32 147 1
4816 147 1
75 147 1
2125 147 1
4049 147 1
1426 147 1
171 147 1
6 147 1
491 147 1
2764 147 1
936 147 1
1825 147 1
1088 147 1
2591 147 1
1427 147 1
3 147 1
593 147 1
3985 147 1
1575 147 1
2955 147 1
2983 147 1
3023 147 1
177 147 1
4088 147 1
4184 147 1
1497 147 1
1827 147 1
164 147 1
34 147 1
101 147 1
699 147 1
416 147 1
2684 147 1
3943 147 1
4643 147 1
1100 147 1
617 147 1
1503 147 1
1083 147 1
341 147 1
3282 147 1
353 147 1
713 148 1
1 148 1
3459 148 1
225 148 1
1394 148 1
82 148 1
2946 148 1
34 148 1
263 148 1
196 148 1
173 148 1
1560 148 1
3200 148 1
1134 148 1
117 148 1
88 148 1
4182 148 1
5 148 1
226 148 1
2028 148 1
5 148 1
4210 148 1
59 148 1
2616 148 1
2523 148 1
61 148 1
2242 148 1
46 148 1
776 148 1
6 148 1
4089 148 1
154 148 1
129 148 1
2766 148 1
229 148 1
3335 148 1
2012 148 1
1188 148 1
79 148 1
1659 148 1
2997 148 1
3918 148 1
509 148 1
4260 148 1
1099 148 1
5 148 1
3003 148 1
3060 148 1
4077 148 1
230 148 1
2445 148 1
1335 148 1
4029 148 1
202 148 1
108 148 1
1007 148 1
2769 148 1
2546 148 1
4941 148 1
1766 148 1
2967 148 1
4428 148 1
1092 148 1
2495 148 1
2221 148 1
810 148 1
4024 148 1
4295 148 1
15 148 1
119 148 1
1392 148 1
283 148 1
1776 148 1
2573 148 1
334 148 1
1310 148 1
1412 148 1
4155 148 1
2865 148 1
2833 148 1
2126 148 1
536 148 1
3138 148 1
1568 148 1
4069 148 1
1766 148 1
3060 148 1
1760 148 1
47 148 1
188 148 1
4005 148 1
3439 148 1
985 148 1
3704 148 1
4819 148 1
227 148 1
3902 148 1
2313 148 1
2031 148 1
258 148 1
75 148 1
1721 148 1
1135 148 1
101 148 1
448 148 1
2823 148 1
3417 148 1
1640 148 1
228 148 1
3072 148 1
479 148 1
3401 148 1
804 148 1
1690 148 1
641 148 1
37 148 1
398 148 1
1613 148 1
801 148 1
28 148 1
4854 148 1
234 148 1
1527 148 1
86 148 1
4051 148 1
3376 148 1
784 148 1
202 148 1
1979 148 1
4304 148 1
4521 148 1
2834 148 1
1612 148 1
3150 148 1
1892 148 1
4064 148 1
1482 148 1
1413 148 1
2319 148 1
1390 148 1
71 148 1
164 148 1
242 148 1
2350 148 1
2077 148 1
155 148 1
515 148 1
2721 148 1
521 148 1
3450 148 1
131 148 1
1779 148 1
604 148 1
2489 148 1
1276 148 1
997 148 1
19 148 1
4922 148 1
222 148 1
496 148 1
1006 148 1
3814 148 1
2981 148 1
397 148 1
4423 148 1
781 148 1
2403 148 1
7 148 1
2228 148 1
4647 148 1
4362 148 1
877 148 1
3241 148 1
1489 148 1
78 148 1
3085 148 1
1534 148 1
618 148 1
1087 148 1
2 148 1
4809 148 1
171 148 1
181 148 1
700 148 1
1132 148 1
1886 148 1
3194 148 1
30 148 1
27 148 1
3151 148 1
349 148 1
223 148 1
1372 148 1
1 148 1
1496 148 1
2545 148 1
4555 148 1
4904 148 1
495 148 1
2995 148 1
4179 148 1
2878 148 1
273 148 1
15 148 1
2773 148 1
3385 148 1
726 148 1
3999 148 1
2252 148 1
1121 148 1
3803 148 1
4067 148 1
299 148 1
402 148 1
19 148 1
1185 148 1
3578 148 1
4518 148 1
3245 148 1
3462 148 1
4070 148 1
2028 148 1
404 148 1
1110 148 1
1217 148 1
2544 148 1
632 148 1
269 148 1
855 148 1
135 148 1
2509 148 1
3999 148 1
2084 148 1
2895 148 1
1794 148 1
939 148 1
132 148 1
301 148 1
3333 148 1
7 148 1
3254 148 1
2008 148 1
1032 148 1
3446 148 1
6 148 1
171 148 1
998 148 1
1932 148 1
34 148 1
56 148 1
159 148 1
2382 148 1
1582 148 1
90 148 1
2265 148 1
4171 148 1
41 148 1
1395 148 1
146 148 1
67 148 1
1580 148 1
491 148 1
2377 148 1
936 148 1
344 148 1
13 148 1
29 148 1
3754 148 1
875 148 1
85 148 1
4093 148 1
1824 148 1
509 148 1
1776 148 1
2478 148 1
60 148 1
10 148 1
479 148 1
4815 148 1
3726 148 1
140 148 1
1695 148 1
2174 148 1
246 148 1
283 148 1
2975 148 1
492 148 1
68 148 1
490 148 1
629 148 1
876 148 1
2958 148 1
1444 148 1
2098 148 1
4744 148 1
2949 148 1
297 148 1
4018 148 1
0 148 1
3237 148 1
18 148 1
2319 148 1
4209 148 1
4111 148 1
34 148 1
4798 148 1
1811 148 1
1381 148 1
4757 148 1
1150 148 1
786 148 1
1748 148 1
1165 148 1
3583 148 1
4369 148 1
25 148 1
3670 148 1
1920 148 1
2510 148 1
240 148 1
158 148 1
63 148 1
4904 148 1
4210 148 1
1492 148 1
3651 148 1
167 148 1
2674 148 1
4772 148 1
2670 148 1
3311 148 1
20 148 1
4754 148 1
301 148 1
197 148 1
4758 148 1
2538 148 1
595 148 1
565 148 1
45 148 1
904 148 1
3010 148 1
49 148 1
2457 148 1
2841 148 1
3003 149 1
2067 149 1
2918 149 1
1793 149 1
3365 149 1
4727 149 1
2065 149 1
3098 149 1
282 149 1
1609 149 1
2134 149 1
2979 149 1
3506 149 1
4006 149 1
675 149 1
2501 149 1
5 149 1
42 149 1
10 149 1
1614 149 1
84 149 1
3444 149 1
490 149 1
11 149 1
216 149 1
861 149 1
3167 149 1
8 149 1
4104 149 1
3588 149 1
342 149 1
2473 149 1
22 149 1
205 149 1
1284 149 1
218 149 1
247 149 1
3043 149 1
1589 149 1
504 149 1
781 149 1
150 149 1
3058 149 1
3916 149 1
245 149 1
1457 149 1
0 149 1
1225 149 1
40 149 1
4390 149 1
401 149 1
2431 149 1
81 149 1
1010 149 1
2442 149 1
702 149 1
2059 149 1
991 149 1
2774 149 1
73 149 1
1659 149 1
162 149 1
3217 149 1
3570 149 1
354 149 1
8 149 1
9 149 1
886 149 1
846 149 1
50 149 1
4913 149 1
3862 149 1
4686 149 1
4112 149 1
1748 149 1
1049 149 1
4103 149 1
531 149 1
5 149 1
4133 149 1
22 149 1
1732 149 1
1008 149 1
1202 149 1
1184 149 1
3549 149 1
4226 149 1
901 149 1
1976 149 1
2316 149 1
2732 149 1
4080 149 1
3442 149 1
2259 149 1
4274 149 1
1 149 1
182 149 1
2002 149 1
1609 149 1
9 149 1
1153 149 1
1677 149 1
410 149 1
1368 149 1
122 149 1
3229 149 1
213 149 1
288 149 1
2451 149 1
1036 149 1
101 149 1
4268 149 1
1698 149 1
7 149 1
18 149 1
3295 149 1
0 149 1
4922 149 1
1929 149 1
22 149 1
975 149 1
820 149 1
3686 149 1
2540 149 1
966 149 1
5 149 1
4 149 1
4147 149 1
4551 149 1
806 149 1
423 149 1
468 149 1
54 149 1
1973 149 1
59 149 1
323 149 1
3970 149 1
1423 149 1
1748 149 1
279 149 1
157 149 1
1313 149 1
695 149 1
332 149 1
261 149 1
1990 149 1
2056 149 1
22 149 1
2490 149 1
3303 149 1
2891 149 1
174 149 1
451 149 1
2484 149 1
146 149 1
4365 149 1
3424 149 1
313 149 1
2193 149 1
875 149 1
1272 149 1
19 149 1
253 149 1
2396 149 1
2632 149 1
2933 149 1
1377 149 1
2924 149 1
2546 149 1
2205 149 1
3541 149 1
1464 149 1
396 149 1
4321 149 1
4355 149 1
4665 149 1
548 149 1
1383 149 1
1146 149 1
2 149 1
658 149 1
3691 149 1
939 149 1
182 149 1
87 149 1
1600 149 1
939 149 1
228 149 1
3679 149 1
901 149 1
1312 149 1
4368 149 1
316 149 1
932 149 1
3506 149 1
3279 149 1
3006 149 1
58 149 1
101 149 1
590 149 1
3019 149 1
1633 149 1
618 149 1
1143 149 1
1866 149 1
481 149 1
215 149 1
1974 149 1
1754 149 1
633 149 1
4315 149 1
1942 149 1
336 149 1
810 149 1
4028 149 1
1092 149 1
583 149 1
304 149 1
1271 149 1
4746 149 1
1830 149 1
3361 149 1
2889 149 1
1226 149 1
34 149 1
4905 149 1
4303 149 1
334 149 1
2 149 1
731 149 1
2174 149 1
601 149 1
3068 149 1
2683 149 1
1160 149 1
211 149 1
2999 149 1
2517 149 1
4637 149 1
454 149 1
1111 149 1
3641 149 1
1604 149 1
2949 149 1
304 149 1
2352 149 1
1253 149 1
3067 149 1
5 149 1
2480 149 1
808 149 1
2439 149 1
3258 149 1
4316 149 1
1571 149 1
276 149 1
800 149 1
197 149 1
326 149 1
2947 149 1
4647 149 1
2619 149 1
229 149 1
185 149 1
573 149 1
3422 149 1
2190 149 1
3962 149 1
2628 149 1
4615 149 1
3478 149 1
2784 149 1
3915 149 1
4488 149 1
4540 149 1
97 149 1
445 149 1
438 149 1
4126 149 1
4872 149 1
1407 149 1
3941 149 1
4212 149 1
4065 149 1
4900 149 1
1726 149 1
2152 149 1
2043 149 1
309 149 1
1737 149 1
1752 149 1
20 149 1
2005 149 1
3137 149 1
8 149 1
268 149 1
3779 149 1
1008 149 1
1077 149 1
781 149 1
109 149 1
4896 149 1
515 149 1
1119 149 1
2281 149 1
68 149 1
2328 149 1
33 149 1
6 149 1
307 149 1
791 149 1
862 149 1
1666 149 1
1959 149 1
3541 149 1
90 149 1
3583 149 1
586 149 1
190 149 1
333 149 1
4725 149 1
3200 149 1
439 149 1
28 149 1
253 149 1
1765 149 1
571 149 1
2072 149 1
1791 149 1
27 149 1
2930 149 1
4164 149 1
1743 149 1
566 149 1
2664 149 1
187 149 1
3345 149 1
184 149 1
1193 149 1
4 149 1
108 149 1
928 149 1
25 149 1
51 149 1
573 149 1
3439 150 1
423 150 1
151 150 1
1605 150 1
375 150 1
3482 150 1
729 150 1
23 150 1
919 150 1
2435 150 1
4613 150 1
4559 150 1
2068 150 1
150 150 1
275 150 1
4828 150 1
398 150 1
131 150 1
6 150 1
1650 150 1
4062 150 1
715 150 1
3821 150 1
2299 150 1
398 150 1
2689 150 1
3758 150 1
248 150 1
2566 150 1
757 150 1
370 150 1
199 150 1
51 150 1
785 150 1
533 150 1
1017 150 1
890 150 1
1652 150 1
74 150 1
68 150 1
363 150 1
641 150 1
4397 150 1
2143 150 1
4485 150 1
469 150 1
3213 150 1
185 150 1
4050 150 1
655 150 1
42 150 1
763 150 1
21 150 1
3400 150 1
1831 150 1
3707 150 1
223 150 1
2639 150 1
1977 150 1
492 150 1
1180 150 1
2547 150 1
230 150 1
2023 150 1
2211 150 1
0 150 1
2736 150 1
2652 150 1
3059 150 1
901 150 1
929 150 1
11 150 1
1045 150 1
1017 150 1
2653 150 1
1683 150 1
2489 150 1
169 150 1
1309 150 1
747 150 1
4749 150 1
855 150 1
505 150 1
3814 150 1
4957 150 1
3028 150 1
0 150 1
490 150 1
1273 150 1
4239 150 1
3118 150 1
785 150 1
285 150 1
323 150 1
4160 150 1
3767 150 1
3199 150 1
2195 150 1
1739 150 1
1170 150 1
3384 150 1
1973 150 1
2759 150 1
3775 150 1
570 150 1
460 150 1
150 150 1
2364 150 1
74 150 1
4640 150 1
1656 150 1
2004 150 1
934 150 1
372 150 1
413 150 1
3711 150 1
1105 150 1
1868 150 1
3192 150 1
2694 150 1
1308 150 1
1856 150 1
57 150 1
182 150 1
2761 150 1
3410 150 1
1142 150 1
646 150 1
772 150 1
2923 150 1
2913 150 1
75 150 1
1093 150 1
3828 150 1
398 150 1
1050 150 1
1783 150 1
1479 150 1
578 150 1
4601 150 1
4916 150 1
2485 150 1
848 150 1
1587 150 1
712 150 1
199 150 1
1673 150 1
3801 150 1
10 150 1
1805 150 1
69 150 1
1647 150 1
19 150 1
53 150 1
483 150 1
102 150 1
16 150 1
4656 150 1
1885 150 1
824 150 1
1529 150 1
3498 150 1
3113 150 1
2360 150 1
2930 150 1
306 150 1
610 150 1
23 150 1
2468 150 1
344 150 1
420 150 1
3961 150 1
1303 150 1
0 150 1
2815 150 1
121 150 1
844 150 1
230 150 1
2684 150 1
3537 150 1
1315 150 1
2989 150 1
4229 150 1
162 150 1
4750 150 1
4506 150 1
800 150 1
471 150 1
886 150 1
17 150 1
170 150 1
3672 150 1
3459 150 1
47 150 1
867 150 1
60 150 1
3477 150 1
229 150 1
2114 150 1
1016 150 1
4739 150 1
29 150 1
3999 150 1
3904 150 1
3492 150 1
1515 150 1
955 150 1
3763 150 1
3757 150 1
1634 150 1
1642 150 1
54 150 1
3029 150 1
883 150 1
4468 150 1
3614 150 1
7 150 1
0 150 1
90 150 1
3628 150 1
2103 150 1
55 150 1
9 150 1
1490 150 1
1928 150 1
2527 150 1
1155 150 1
1356 150 1
2555 150 1
2185 150 1
879 150 1
365 150 1
4325 150 1
2181 150 1
596 150 1
2802 150 1
2047 150 1
2592 150 1
4442 150 1
3103 150 1
2381 150 1
1434 150 1
4098 150 1
1166 150 1
15 150 1
1570 150 1
2941 150 1
2497 150 1
497 150 1
1447 150 1
2 150 1
2811 150 1
298 150 1
2018 150 1
124 150 1
0 150 1
2241 150 1
1025 150 1
328 150 1
2016 150 1
792 150 1
4448 150 1
96 150 1
212 150 1
2187 150 1
637 150 1
304 150 1
310 150 1
61 150 1
3213 150 1
780 150 1
1912 150 1
2851 150 1
1739 150 1
136 150 1
1782 150 1
405 150 1
4096 150 1
4867 150 1
3410 150 1
622 150 1
2177 150 1
1042 150 1
600 150 1
1169 150 1
4647 150 1
2070 150 1
7 150 1
1569 150 1
1704 150 1
69 150 1
3912 150 1
4856 150 1
686 150 1
2080 150 1
1828 150 1
3921 150 1
1323 150 1
565 150 1
2182 150 1
1839 150 1
1659 150 1
1099 150 1
2983 150 1
80 150 1
2488 150 1
2 150 1
3157 150 1
1340 150 1
344 150 1
4145 150 1
2020 150 1
166 150 1
262 150 1
2915 150 1
3760 150 1
386 150 1
861 150 1
3059 150 1
202 150 1
47 150 1
982 150 1
3263 150 1
4 150 1
2393 150 1
28 150 1
3009 150 1
1094 150 1
0 150 1
271 150 1
450 150 1
3131 150 1
2481 150 1
1514 150 1
64 150 1
1555 150 1
3164 150 1
3681 150 1
2726 150 1
2955 150 1
1775 150 1
1024 150 1
18 150 1
261 150 1
4889 150 1
1277 151 1
327 151 1
361 151 1
4838 151 1
24 151 1
0 151 1
1847 151 1
1749 151 1
3 151 1
652 151 1
1102 151 1
130 151 1
4804 151 1
1804 151 1
3673 151 1
1947 151 1
1481 151 1
1083 151 1
1893 151 1
158 151 1
631 151 1
152 151 1
3265 151 1
4197 151 1
1897 151 1
1245 151 1
3558 151 1
601 151 1
4450 151 1
2933 151 1
3063 151 1
973 151 1
2327 151 1
1142 151 1
4391 151 1
1882 151 1
72 151 1
259 151 1
43 151 1
48 151 1
1813 151 1
2708 151 1
1093 151 1
378 151 1
1086 151 1
2664 151 1
2112 151 1
582 151 1
4278 151 1
2938 151 1
4860 151 1
170 151 1
18 151 1
2297 151 1
2248 151 1
690 151 1
734 151 1
3823 151 1
2306 151 1
3873 151 1
2924 151 1
1942 151 1
0 151 1
53 151 1
2882 151 1
7 151 1
54 151 1
3956 151 1
523 151 1
1826 151 1
46 151 1
91 151 1
679 151 1
2678 151 1
4177 151 1
2149 151 1
1692 151 1
272 151 1
424 151 1
3250 151 1
137 151 1
583 151 1
401 151 1
1573 151 1
997 151 1
354 151 1
206 151 1
1097 151 1
2456 151 1
555 151 1
65 151 1
117 151 1
1603 151 1
2002 151 1
4178 151 1
625 151 1
208 151 1
321 151 1
62 151 1
393 151 1
2591 151 1
2566 151 1
2416 151 1
1197 151 1
606 151 1
1788 151 1
0 151 1
562 151 1
713 151 1
1999 151 1
266 151 1
2334 151 1
2645 151 1
1 151 1
30 151 1
2416 151 1
8 151 1
2933 151 1
2360 151 1
1187 151 1
21 151 1
1368 151 1
162 151 1
3428 151 1
4281 151 1
1597 151 1
733 151 1
1826 151 1
4526 151 1
900 151 1
882 151 1
3913 151 1
339 151 1
2451 151 1
3718 151 1
1124 151 1
264 151 1
95 151 1
4471 151 1
99 151 1
4612 151 1
2786 151 1
2842 151 1
2922 151 1
2771 151 1
839 151 1
378 151 1
1748 151 1
2862 151 1
2208 151 1
268 151 1
1497 151 1
3968 151 1
164 151 1
1912 151 1
1523 151 1
0 151 1
3361 151 1
3315 151 1
3370 151 1
1460 151 1
1493 151 1
73 151 1
94 151 1
137 151 1
114 151 1
7 151 1
19 151 1
4782 151 1
805 151 1
2912 151 1
2769 151 1
1025 151 1
1121 151 1
2714 151 1
532 151 1
0 151 1
773 151 1
623 151 1
2061 151 1
501 151 1
1501 151 1
4688 151 1
11 151 1
448 151 1
670 151 1
1355 151 1
1388 151 1
638 151 1
13 151 1
2846 151 1
366 151 1
2347 151 1
802 151 1
2749 151 1
2670 151 1
1778 151 1
343 151 1
67 151 1
4429 151 1
1040 151 1
488 151 1
1870 151 1
6 151 1
3160 151 1
875 151 1
2038 151 1
556 151 1
4512 151 1
285 151 1
42 151 1
4291 151 1
1644 151 1
4918 151 1
446 151 1
951 151 1
332 151 1
350 151 1
2216 151 1
209 151 1
0 151 1
6 151 1
161 151 1
1808 151 1
164 151 1
1705 151 1
2368 151 1
3960 151 1
445 151 1
1239 151 1
228 151 1
30 151 1
50 151 1
606 151 1
4555 151 1
2840 151 1
1340 151 1
2764 151 1
1889 151 1
4163 151 1
110 151 1
10 151 1
2588 151 1
1 151 1
4792 151 1
3258 151 1
192 151 1
2590 151 1
52 151 1
4787 151 1
957 151 1
395 151 1
29 151 1
603 151 1
2310 151 1
2611 151 1
274 151 1
1887 151 1
1064 151 1
1315 151 1
803 151 1
3332 151 1
100 151 1
834 151 1
22 151 1
304 151 1
3992 151 1
2915 151 1
2996 151 1
0 151 1
19 151 1
187 151 1
2599 151 1
2561 151 1
465 151 1
536 151 1
3100 151 1
3441 151 1
753 151 1
1051 151 1
2912 151 1
1163 151 1
3917 151 1
2621 151 1
0 151 1
43 151 1
833 151 1
40 151 1
377 151 1
2917 151 1
4207 151 1
4449 151 1
1909 151 1
1636 151 1
1226 151 1
815 151 1
2406 151 1
3179 151 1
3069 151 1
421 151 1
1 151 1
1682 151 1
4215 151 1
462 151 1
388 151 1
260 151 1
2935 151 1
1700 151 1
1707 151 1
14 151 1
1093 151 1
2641 151 1
2790 151 1
72 151 1
88 151 1
207 151 1
845 151 1
2261 151 1
620 151 1
2930 151 1
304 151 1
265 151 1
1426 151 1
15 151 1
285 151 1
984 151 1
1979 151 1
1 151 1
2616 151 1
4797 151 1
1244 151 1
3322 151 1
976 151 1
3331 151 1
2275 151 1
4980 151 1
63 151 1
413 151 1
1 151 1
41 151 1
1373 151 1
1004 151 1
1239 151 1
84 151 1
3398 151 1
138 152 1
4909 152 1
719 152 1
4785 152 1
3322 152 1
283 152 1
2174 152 1
1339 152 1
4324 152 1
975 152 1
33 152 1
1291 152 1
2843 152 1
497 152 1
1489 152 1
2205 152 1
327 152 1
1319 152 1
65 152 1
2512 152 1
12 152 1
99 152 1
63 152 1
2683 152 1
4848 152 1
370 152 1
239 152 1
1165 152 1
3748 152 1
4693 152 1
2713 152 1
1194 152 1
4789 152 1
3 152 1
1942 152 1
1032 152 1
3022 152 1
8 152 1
1312 152 1
3095 152 1
4527 152 1
4111 152 1
3651 152 1
3866 152 1
2282 152 1
0 152 1
1166 152 1
4114 152 1
1865 152 1
1866 152 1
3138 152 1
989 152 1
79 152 1
895 152 1
2188 152 1
986 152 1
198 152 1
817 152 1
3179 152 1
843 152 1
786 152 1
1027 152 1
859 152 1
119 152 1
3121 152 1
0 152 1
3960 152 1
13 152 1
4095 152 1
205 152 1
3051 152 1
1062 152 1
2283 152 1
237 152 1
3222 152 1
3481 152 1
2510 152 1
2705 152 1
1073 152 1
1422 152 1
432 152 1
126 152 1
4843 152 1
3175 152 1
4082 152 1
317 152 1
2053 152 1
2096 152 1
289 152 1
3243 152 1
1845 152 1
480 152 1
1665 152 1
44 152 1
396 152 1
144 152 1
2486 152 1
852 152 1
388 152 1
807 152 1
2715 152 1
23 152 1
1303 152 1
105 152 1
30 152 1
1054 152 1
4237 152 1
2168 152 1
211 152 1
4049 152 1
4047 152 1
420 152 1
187 152 1
45 152 1
1705 152 1
2196 152 1
527 152 1
13 152 1
742 152 1
1216 152 1
1341 152 1
4214 152 1
20 152 1
247 152 1
234 152 1
1621 152 1
1228 152 1
1614 152 1
628 152 1
4289 152 1
1207 152 1
4419 152 1
4482 152 1
1032 152 1
4867 152 1
30 152 1
1281 152 1
2960 152 1
4561 152 1
743 152 1
1828 152 1
1052 152 1
3188 152 1
118 152 1
76 152 1
2655 152 1
2254 152 1
1662 152 1
678 152 1
239 152 1
1724 152 1
306 152 1
3236 152 1
2068 152 1
302 152 1
2087 152 1
4042 152 1
0 152 1
366 152 1
82 152 1
2593 152 1
230 152 1
2008 152 1
3223 152 1
49 152 1
1664 152 1
4283 152 1
4878 152 1
3527 152 1
119 152 1
3659 152 1
274 152 1
410 152 1
1669 152 1
2454 152 1
45 152 1
449 152 1
645 152 1
371 152 1
3122 152 1
401 152 1
276 152 1
2648 152 1
3651 152 1
74 152 1
72 152 1
3909 152 1
1370 152 1
3127 152 1
709 152 1
6 152 1
4565 152 1
808 152 1
4067 152 1
4 152 1
394 152 1
3848 152 1
68 152 1
0 152 1
1190 152 1
4898 152 1
4146 152 1
83 152 1
736 152 1
628 152 1
1287 152 1
4025 152 1
728 152 1
3586 152 1
1502 152 1
455 152 1
3366 152 1
9 152 1
3953 152 1
1152 152 1
843 152 1
2741 152 1
775 152 1
746 152 1
1805 152 1
8 152 1
0 152 1
3 152 1
10 152 1
31 152 1
1729 152 1
3602 152 1
34 152 1
600 152 1
357 152 1
923 152 1
2009 152 1
3055 152 1
380 152 1
6 152 1
43 152 1
1390 152 1
1797 152 1
3058 152 1
4426 152 1
2343 152 1
1507 152 1
3885 152 1
958 152 1
150 152 1
1965 152 1
873 152 1
1078 152 1
4858 152 1
1279 152 1
141 152 1
3945 152 1
4856 152 1
164 152 1
1003 152 1
179 152 1
185 152 1
1494 152 1
631 152 1
2328 152 1
1878 152 1
1134 152 1
208 152 1
553 152 1
416 152 1
4295 152 1
1023 152 1
2582 152 1
1728 152 1
3233 152 1
3360 152 1
487 152 1
115 152 1
3490 152 1
306 152 1
1166 152 1
516 152 1
628 152 1
467 152 1
4400 152 1
4602 152 1
130 152 1
16 152 1
661 152 1
637 152 1
1469 152 1
312 152 1
39 152 1
302 152 1
346 152 1
781 152 1
1 152 1
2715 152 1
1801 152 1
901 152 1
2627 152 1
1120 152 1
4019 152 1
581 152 1
5 152 1
4596 152 1
754 152 1
3945 152 1
281 152 1
29 152 1
724 152 1
166 152 1
216 152 1
663 152 1
56 152 1
3007 152 1
1691 152 1
562 152 1
196 152 1
743 152 1
4335 152 1
613 152 1
1115 152 1
492 152 1
2819 152 1
541 152 1
346 152 1
58 152 1
4005 152 1
153 152 1
3375 152 1
405 152 1
3497 152 1
222 152 1
3024 152 1
159 152 1
2146 152 1
4 152 1
523 152 1
136 152 1
294 152 1
154 152 1
21 152 1
1527 152 1
619 152 1
750 152 1
1126 152 1
2715 152 1
458 152 1
1526 152 1
781 153 1
6 153 1
4084 153 1
4757 153 1
2514 153 1
1729 153 1
4396 153 1
4063 153 1
3097 153 1
2010 153 1
2651 153 1
967 153 1
1544 153 1
55 153 1
490 153 1
401 153 1
2571 153 1
821 153 1
1468 153 1
1991 153 1
83 153 1
2052 153 1
908 153 1
2808 153 1
768 153 1
3223 153 1
549 153 1
955 153 1
1338 153 1
807 153 1
1422 153 1
261 153 1
698 153 1
2570 153 1
2313 153 1
3998 153 1
4760 153 1
4422 153 1
2528 153 1
1628 153 1
236 153 1
4890 153 1
4944 153 1
2783 153 1
2256 153 1
1203 153 1
4217 153 1
0 153 1
993 153 1
3264 153 1
0 153 1
4273 153 1
1231 153 1
592 153 1
857 153 1
1931 153 1
4807 153 1
4966 153 1
2172 153 1
2545 153 1
2866 153 1
417 153 1
3317 153 1
4021 153 1
1124 153 1
280 153 1
1446 153 1
875 153 1
824 153 1
473 153 1
555 153 1
2137 153 1
293 153 1
975 153 1
1087 153 1
4825 153 1
1262 153 1
1580 153 1
1185 153 1
4356 153 1
3100 153 1
1649 153 1
2771 153 1
0 153 1
331 153 1
3829 153 1
1550 153 1
652 153 1
3408 153 1
3286 153 1
235 153 1
3914 153 1
4753 153 1
4967 153 1
989 153 1
0 153 1
1825 153 1
4584 153 1
876 153 1
1135 153 1
1243 153 1
14 153 1
511 153 1
26 153 1
3507 153 1
82 153 1
359 153 1
4384 153 1
4939 153 1
4943 153 1
923 153 1
3531 153 1
4392 153 1
20 153 1
1499 153 1
2071 153 1
167 153 1
124 153 1
70 153 1
4214 153 1
545 153 1
229 153 1
4802 153 1
1832 153 1
2365 153 1
3314 153 1
3310 153 1
912 153 1
7 153 1
3540 153 1
71 153 1
308 153 1
175 153 1
4712 153 1
94 153 1
344 153 1
494 153 1
72 153 1
127 153 1
77 153 1
3624 153 1
2695 153 1
2363 153 1
1250 153 1
0 153 1
561 153 1
3053 153 1
469 153 1
629 153 1
4123 153 1
2096 153 1
75 153 1
4535 153 1
122 153 1
3068 153 1
784 153 1
2107 153 1
128 153 1
1415 153 1
35 153 1
2961 153 1
1279 153 1
4225 153 1
30 153 1
2639 153 1
350 153 1
1804 153 1
1182 153 1
1683 153 1
19 153 1
2989 153 1
4176 153 1
2543 153 1
4101 153 1
3716 153 1
4908 153 1
4896 153 1
41 153 1
204 153 1
2506 153 1
35 153 1
3660 153 1
759 153 1
287 153 1
177 153 1
1809 153 1
115 153 1
1589 153 1
5 153 1
1462 153 1
1035 153 1
439 153 1
0 153 1
3275 153 1
3151 153 1
339 153 1
1248 153 1
363 153 1
55 153 1
0 153 1
4152 153 1
748 153 1
1894 153 1
3140 153 1
2178 153 1
699 153 1
474 153 1
3035 153 1
3544 153 1
2951 153 1
4692 153 1
2075 153 1
3452 153 1
206 153 1
1 153 1
1613 153 1
2882 153 1
3477 153 1
2907 153 1
2414 153 1
4020 153 1
12 153 1
296 153 1
522 153 1
2366 153 1
23 153 1
328 153 1
4344 153 1
2038 153 1
185 153 1
1312 153 1
378 153 1
77 153 1
285 153 1
1876 153 1
668 153 1
4793 153 1
1019 153 1
888 153 1
3490 153 1
3635 153 1
201 153 1
2097 153 1
0 153 1
3642 153 1
46 153 1
2288 153 1
3434 153 1
603 153 1
3664 153 1
1 153 1
2074 153 1
178 153 1
476 153 1
134 153 1
1110 153 1
1902 153 1
438 153 1
3015 153 1
601 153 1
274 153 1
3598 153 1
1448 153 1
1839 153 1
434 153 1
54 153 1
919 153 1
501 153 1
651 153 1
1547 153 1
1827 153 1
1366 153 1
2299 153 1
3588 153 1
1391 153 1
576 153 1
2289 153 1
4746 153 1
1741 153 1
2069 153 1
59 153 1
2711 153 1
3725 153 1
56 153 1
949 153 1
31 153 1
2133 153 1
1199 153 1
3001 153 1
655 153 1
2246 153 1
4628 153 1
1983 153 1
506 153 1
735 153 1
28 153 1
807 153 1
601 153 1
2557 153 1
128 153 1
110 153 1
4182 153 1
4007 153 1
1087 153 1
2871 153 1
104 153 1
535 153 1
2142 153 1
65 153 1
491 153 1
606 153 1
3857 153 1
4621 153 1
3456 153 1
4154 153 1
821 153 1
99 153 1
2662 153 1
3221 153 1
2399 153 1
4153 153 1
618 153 1
3649 153 1
2169 153 1
781 153 1
1218 153 1
24 153 1
4363 153 1
14 153 1
3989 153 1
1413 153 1
1074 153 1
7 153 1
1370 153 1
299 153 1
2526 153 1
4351 153 1
4864 153 1
1826 153 1
2714 153 1
765 153 1
763 153 1
203 153 1
3090 153 1
2 153 1
66 154 1
52 154 1
1548 154 1
3271 154 1
3116 154 1
1752 154 1
1500 154 1
62 154 1
1093 154 1
152 154 1
8 154 1
55 154 1
415 154 1
3783 154 1
4200 154 1
1799 154 1
5 154 1
13 154 1
0 154 1
1304 154 1
3 154 1
1112 154 1
1224 154 1
14 154 1
3701 154 1
548 154 1
3467 154 1
150 154 1
827 154 1
178 154 1
3618 154 1
3450 154 1
1625 154 1
46 154 1
20 154 1
1046 154 1
247 154 1
4049 154 1
4537 154 1
2959 154 1
114 154 1
1940 154 1
547 154 1
2196 154 1
2181 154 1
1321 154 1
3356 154 1
92 154 1
4240 154 1
1634 154 1
4246 154 1
574 154 1
2333 154 1
78 154 1
773 154 1
4335 154 1
1904 154 1
945 154 1
456 154 1
2813 154 1
35 154 1
142 154 1
154 154 1
440 154 1
3203 154 1
4746 154 1
4521 154 1
2380 154 1
4918 154 1
144 154 1
3487 154 1
4 154 1
721 154 1
3460 154 1
1375 154 1
1559 154 1
4345 154 1
3348 154 1
412 154 1
687 154 1
2779 154 1
24 154 1
485 154 1
2673 154 1
92 154 1
3016 154 1
55 154 1
2609 154 1
2663 154 1
2266 154 1
5 154 1
1887 154 1
133 154 1
2701 154 1
1268 154 1
4304 154 1
14 154 1
973 154 1
361 154 1
4606 154 1
3987 154 1
4545 154 1
2648 154 1
1133 154 1
1360 154 1
928 154 1
1639 154 1
192 154 1
102 154 1
1885 154 1
106 154 1
624 154 1
747 154 1
1250 154 1
3956 154 1
3959 154 1
2824 154 1
227 154 1
1106 154 1
1717 154 1
134 154 1
257 154 1
4571 154 1
4660 154 1
808 154 1
2283 154 1
298 154 1
1903 154 1
1655 154 1
10 154 1
1012 154 1
32 154 1
1364 154 1
2797 154 1
785 154 1
4326 154 1
4982 154 1
3045 154 1
261 154 1
1896 154 1
3215 154 1
1362 154 1
1334 154 1
697 154 1
1444 154 1
708 154 1
629 154 1
2049 154 1
83 154 1
6 154 1
43 154 1
116 154 1
219 154 1
117 154 1
1 154 1
563 154 1
2855 154 1
44 154 1
398 154 1
882 154 1
1108 154 1
2 154 1
423 154 1
3593 154 1
2410 154 1
53 154 1
14 154 1
331 154 1
760 154 1
590 154 1
0 154 1
1694 154 1
56 154 1
0 154 1
2521 154 1
166 154 1
655 154 1
1466 154 1
2219 154 1
1931 154 1
155 154 1
1841 154 1
4777 154 1
4627 154 1
1789 154 1
428 154 1
2586 154 1
2039 154 1
751 154 1
3188 154 1
3817 154 1
14 154 1
707 154 1
1440 154 1
15 154 1
361 154 1
30 154 1
1354 154 1
19 154 1
4 154 1
399 154 1
2545 154 1
2511 154 1
339 154 1
1713 154 1
3505 154 1
3925 154 1
1211 154 1
2446 154 1
56 154 1
477 154 1
394 154 1
439 154 1
233 154 1
246 154 1
260 154 1
1468 154 1
4201 154 1
172 154 1
4439 154 1
80 154 1
2349 154 1
3518 154 1
2120 154 1
2209 154 1
574 154 1
2333 154 1
4316 154 1
1887 154 1
1900 154 1
4576 154 1
2142 154 1
4858 154 1
1139 154 1
1969 154 1
540 154 1
787 154 1
126 154 1
4453 154 1
1573 154 1
973 154 1
93 154 1
8 154 1
3872 154 1
1526 154 1
124 154 1
0 154 1
118 154 1
288 154 1
997 154 1
1313 154 1
4441 154 1
2790 154 1
86 154 1
3085 154 1
831 154 1
2596 154 1
16 154 1
6 154 1
238 154 1
2 154 1
2076 154 1
132 154 1
0 154 1
2212 154 1
695 154 1
3440 154 1
2397 154 1
2957 154 1
3508 154 1
9 154 1
930 154 1
1736 154 1
916 154 1
1910 154 1
3614 154 1
654 154 1
85 154 1
945 154 1
868 154 1
3587 154 1
1973 154 1
104 154 1
591 154 1
141 154 1
813 154 1
1576 154 1
2575 154 1
4235 154 1
3967 154 1
1049 154 1
2956 154 1
3214 154 1
1739 154 1
2254 154 1
4516 154 1
237 154 1
1260 154 1
2969 154 1
734 154 1
2813 154 1
421 154 1
2801 154 1
3576 154 1
4116 154 1
2837 154 1
731 154 1
8 154 1
751 154 1
918 154 1
1415 154 1
24 154 1
97 154 1
1849 154 1
4313 154 1
2757 154 1
3014 154 1
3040 154 1
164 154 1
916 154 1
984 154 1
3256 154 1
3576 154 1
76 154 1
773 154 1
22 154 1
13 154 1
159 154 1
6 154 1
33 154 1
223 154 1
2442 154 1
154 154 1
2868 154 1
1529 154 1
73 154 1
422 154 1
3210 154 1
53 154 1
185 154 1
809 154 1
1840 154 1
121 154 1
2050 154 1
1974 154 1
1157 155 1
4328 155 1
648 155 1
2143 155 1
0 155 1
2730 155 1
1069 155 1
605 155 1
5 155 1
740 155 1
3296 155 1
4421 155 1
4 155 1
4878 155 1
0 155 1
3 155 1
4660 155 1
433 155 1
595 155 1
4502 155 1
840 155 1
2 155 1
2639 155 1
76 155 1
4791 155 1
1265 155 1
654 155 1
2763 155 1
3353 155 1
729 155 1
3368 155 1
403 155 1
111 155 1
116 155 1
4953 155 1
1884 155 1
3486 155 1
1567 155 1
2031 155 1
2543 155 1
56 155 1
270 155 1
2996 155 1
2970 155 1
113 155 1
36 155 1
1115 155 1
743 155 1
14 155 1
1140 155 1
1653 155 1
13 155 1
3559 155 1
473 155 1
59 155 1
433 155 1
314 155 1
2221 155 1
872 155 1
2504 155 1
1766 155 1
1920 155 1
2507 155 1
1667 155 1
2669 155 1
2167 155 1
2458 155 1
3789 155 1
4118 155 1
1960 155 1
1283 155 1
837 155 1
394 155 1
3062 155 1
4407 155 1
236 155 1
3151 155 1
2054 155 1
4817 155 1
2091 155 1
1047 155 1
3223 155 1
128 155 1
4407 155 1
1061 155 1
2243 155 1
1709 155 1
842 155 1
3095 155 1
2044 155 1
3887 155 1
2464 155 1
7 155 1
1919 155 1
1400 155 1
2 155 1
2398 155 1
4197 155 1
1991 155 1
3351 155 1
4459 155 1
19 155 1
150 155 1
1188 155 1
0 155 1
1683 155 1
613 155 1
3815 155 1
110 155 1
4118 155 1
2302 155 1
172 155 1
763 155 1
4263 155 1
178 155 1
41 155 1
74 155 1
73 155 1
124 155 1
3223 155 1
1456 155 1
36 155 1
2675 155 1
3019 155 1
274 155 1
132 155 1
4038 155 1
67 155 1
573 155 1
2509 155 1
4981 155 1
4261 155 1
32 155 1
44 155 1
1489 155 1
3126 155 1
4983 155 1
4806 155 1
18 155 1
1370 155 1
217 155 1
3852 155 1
471 155 1
4602 155 1
2633 155 1
1671 155 1
511 155 1
964 155 1
4636 155 1
4031 155 1
4983 155 1
197 155 1
4894 155 1
22 155 1
2 155 1
9 155 1
4146 155 1
1962 155 1
281 155 1
201 155 1
4466 155 1
2258 155 1
3198 155 1
1023 155 1
2899 155 1
1369 155 1
673 155 1
4269 155 1
4422 155 1
406 155 1
4905 155 1
71 155 1
4004 155 1
43 155 1
31 155 1
4 155 1
120 155 1
44 155 1
1821 155 1
2382 155 1
3100 155 1
41 155 1
1394 155 1
3874 155 1
0 155 1
1633 155 1
1170 155 1
754 155 1
991 155 1
4017 155 1
1322 155 1
4657 155 1
328 155 1
3795 155 1
4427 155 1
4724 155 1
3601 155 1
3035 155 1
1228 155 1
185 155 1
1227 155 1
3874 155 1
0 155 1
621 155 1
3976 155 1
1631 155 1
96 155 1
675 155 1
49 155 1
101 155 1
396 155 1
7 155 1
1670 155 1
540 155 1
1560 155 1
405 155 1
1547 155 1
3706 155 1
275 155 1
60 155 1
1119 155 1
3825 155 1
3873 155 1
17 155 1
3290 155 1
0 155 1
129 155 1
1224 155 1
4943 155 1
3023 155 1
3889 155 1
1097 155 1
2739 155 1
2786 155 1
1311 155 1
2378 155 1
2071 155 1
3563 155 1
4955 155 1
2148 155 1
3221 155 1
573 155 1
292 155 1
288 155 1
3531 155 1
103 155 1
4547 155 1
1077 155 1
97 155 1
4435 155 1
283 155 1
485 155 1
1944 155 1
1572 155 1
1208 155 1
445 155 1
1693 155 1
5 155 1
2251 155 1
2326 155 1
4419 155 1
1750 155 1
470 155 1
1127 155 1
321 155 1
4300 155 1
2970 155 1
3841 155 1
955 155 1
593 155 1
420 155 1
542 155 1
4687 155 1
55 155 1
4035 155 1
4039 155 1
6 155 1
4830 155 1
1262 155 1
2020 155 1
3910 155 1
4275 155 1
4738 155 1
4209 155 1
1530 155 1
699 155 1
36 155 1
3848 155 1
73 155 1
2101 155 1
540 155 1
1596 155 1
714 155 1
1083 155 1
2449 155 1
33 155 1
194 155 1
0 155 1
1098 155 1
2230 155 1
144 155 1
845 155 1
1465 155 1
53 155 1
429 155 1
115 155 1
0 155 1
1970 155 1
4815 155 1
3195 155 1
3721 155 1
2507 155 1
102 155 1
1880 155 1
764 155 1
3927 155 1
310 155 1
3 155 1
736 155 1
1743 155 1
118 155 1
51 155 1
1681 155 1
70 155 1
30 155 1
588 155 1
331 155 1
1093 155 1
1975 155 1
4248 155 1
152 155 1
2448 155 1
37 155 1
1964 155 1
108 155 1
4985 155 1
484 155 1
75 155 1
4560 155 1
18 155 1
100 155 1
305 155 1
3026 155 1
539 155 1
216 155 1
1986 156 1
4547 156 1
4596 156 1
2442 156 1
706 156 1
4067 156 1
1004 156 1
1900 156 1
2532 156 1
111 156 1
1468 156 1
4060 156 1
4035 156 1
2880 156 1
3527 156 1
223 156 1
1829 156 1
3175 156 1
206 156 1
217 156 1
418 156 1
71 156 1
1174 156 1
0 156 1
1755 156 1
3368 156 1
1 156 1
227 156 1
3236 156 1
95 156 1
4160 156 1
123 156 1
1457 156 1
1286 156 1
62 156 1
844 156 1
4574 156 1
289 156 1
1438 156 1
2216 156 1
6 156 1
40 156 1
1136 156 1
3036 156 1
469 156 1
2665 156 1
4148 156 1
2692 156 1
1 156 1
312 156 1
3747 156 1
646 156 1
29 156 1
362 156 1
5 156 1
134 156 1
10 156 1
17 156 1
0 156 1
2789 156 1
2835 156 1
12 156 1
1218 156 1
3257 156 1
1871 156 1
1074 156 1
3415 156 1
283 156 1
345 156 1
4626 156 1
655 156 1
1854 156 1
958 156 1
2839 156 1
116 156 1
1963 156 1
4704 156 1
2511 156 1
179 156 1
4903 156 1
780 156 1
19 156 1
0 156 1
3060 156 1
1078 156 1
1955 156 1
1696 156 1
0 156 1
113 156 1
502 156 1
42 156 1
4205 156 1
1402 156 1
524 156 1
1943 156 1
1840 156 1
128 156 1
510 156 1
1301 156 1
2389 156 1
1338 156 1
2149 156 1
1345 156 1
3191 156 1
2141 156 1
1844 156 1
2966 156 1
45 156 1
1046 156 1
232 156 1
191 156 1
698 156 1
176 156 1
1036 156 1
2783 156 1
53 156 1
1101 156 1
397 156 1
1009 156 1
2959 156 1
318 156 1
1560 156 1
410 156 1
2625 156 1
186 156 1
2431 156 1
3776 156 1
415 156 1
99 156 1
3690 156 1
3397 156 1
974 156 1
4228 156 1
1019 156 1
3912 156 1
1537 156 1
1018 156 1
64 156 1
1006 156 1
254 156 1
1638 156 1
4406 156 1
3775 156 1
2785 156 1
2 156 1
4175 156 1
4098 156 1
2937 156 1
6 156 1
197 156 1
808 156 1
322 156 1
1406 156 1
1213 156 1
2301 156 1
306 156 1
200 156 1
2632 156 1
4043 156 1
2874 156 1
536 156 1
1007 156 1
601 156 1
1233 156 1
1945 156 1
510 156 1
1528 156 1
2603 156 1
190 156 1
46 156 1
2705 156 1
547 156 1
1775 156 1
1055 156 1
102 156 1
3102 156 1
4489 156 1
533 156 1
41 156 1
2869 156 1
2401 156 1
4273 156 1
38 156 1
108 156 1
4870 156 1
381 156 1
2800 156 1
1192 156 1
4559 156 1
3146 156 1
76 156 1
1871 156 1
754 156 1
2994 156 1
1477 156 1
4553 156 1
1882 156 1
2714 156 1
2116 156 1
2933 156 1
14 156 1
479 156 1
62 156 1
397 156 1
4784 156 1
4492 156 1
1237 156 1
424 156 1
157 156 1
576 156 1
4946 156 1
3674 156 1
335 156 1
5 156 1
32 156 1
2895 156 1
1690 156 1
580 156 1
229 156 1
4763 156 1
3953 156 1
219 156 1
1315 156 1
3369 156 1
252 156 1
502 156 1
34 156 1
1316 156 1
773 156 1
1288 156 1
470 156 1
3026 156 1
2802 156 1
2 156 1
4024 156 1
2985 156 1
673 156 1
2167 156 1
291 156 1
1921 156 1
649 156 1
957 156 1
881 156 1
3915 156 1
3734 156 1
3888 156 1
3039 156 1
452 156 1
319 156 1
499 156 1
350 156 1
1942 156 1
582 156 1
467 156 1
2173 156 1
3896 156 1
2277 156 1
4294 156 1
4077 156 1
589 156 1
1557 156 1
772 156 1
2578 156 1
1145 156 1
172 156 1
657 156 1
4203 156 1
11 156 1
1940 156 1
2520 156 1
22 156 1
1924 156 1
141 156 1
1697 156 1
4402 156 1
1448 156 1
2298 156 1
4699 156 1
34 156 1
32 156 1
3666 156 1
17 156 1
3470 156 1
1539 156 1
1780 156 1
380 156 1
401 156 1
109 156 1
879 156 1
9 156 1
4603 156 1
2655 156 1
4808 156 1
309 156 1
54 156 1
227 156 1
551 156 1
1667 156 1
16 156 1
4983 156 1
1793 156 1
3229 156 1
1787 156 1
1138 156 1
1820 156 1
1540 156 1
320 156 1
3862 156 1
1859 156 1
946 156 1
1193 156 1
1546 156 1
1823 156 1
3180 156 1
342 156 1
43 156 1
3087 156 1
1912 156 1
513 156 1
1869 156 1
1448 156 1
1630 156 1
4436 156 1
1060 156 1
1647 156 1
909 156 1
30 156 1
496 156 1
711 156 1
3933 156 1
250 156 1
0 156 1
1028 156 1
134 156 1
2248 156 1
2204 156 1
0 156 1
787 156 1
26 156 1
501 156 1
5 156 1
166 156 1
102 156 1
865 156 1
1586 156 1
23 157 1
2512 157 1
319 157 1
64 157 1
3239 157 1
4944 157 1
4153 157 1
52 157 1
967 157 1
3528 157 1
2297 157 1
1376 157 1
637 157 1
323 157 1
1415 157 1
954 157 1
163 157 1
3703 157 1
3681 157 1
1171 157 1
2401 157 1
4 157 1
629 157 1
1686 157 1
1408 157 1
156 157 1
1255 157 1
19 157 1
3011 157 1
384 157 1
3108 157 1
1225 157 1
4402 157 1
245 157 1
562 157 1
1 157 1
1085 157 1
1088 157 1
1711 157 1
63 157 1
0 157 1
99 157 1
2163 157 1
287 157 1
888 157 1
81 157 1
1371 157 1
21 157 1
4427 157 1
149 157 1
714 157 1
1878 157 1
108 157 1
1274 157 1
1849 157 1
2892 157 1
158 157 1
2194 157 1
2356 157 1
4892 157 1
597 157 1
1699 157 1
1416 157 1
1610 157 1
995 157 1
4897 157 1
1674 157 1
3155 157 1
188 157 1
525 157 1
450 157 1
880 157 1
1190 157 1
68 157 1
204 157 1
6 157 1
1082 157 1
1406 157 1
2069 157 1
3369 157 1
1987 157 1
4374 157 1
4891 157 1
53 157 1
832 157 1
35 157 1
1391 157 1
214 157 1
39 157 1
285 157 1
1815 157 1
2213 157 1
1837 157 1
582 157 1
3382 157 1
3851 157 1
1178 157 1
3606 157 1
1646 157 1
3099 157 1
4896 157 1
15 157 1
1318 157 1
1166 157 1
3225 157 1
2876 157 1
492 157 1
767 157 1
4270 157 1
160 157 1
995 157 1
4512 157 1
939 157 1
988 157 1
1945 157 1
979 157 1
131 157 1
2523 157 1
3520 157 1
82 157 1
308 157 1
2948 157 1
4306 157 1
1855 157 1
221 157 1
4735 157 1
2979 157 1
1108 157 1
1032 157 1
2581 157 1
1467 157 1
2763 157 1
2656 157 1
1374 157 1
3121 157 1
2899 157 1
2637 157 1
93 157 1
3479 157 1
3960 157 1
1194 157 1
731 157 1
15 157 1
0 157 1
258 157 1
1411 157 1
3280 157 1
3208 157 1
4276 157 1
543 157 1
404 157 1
2926 157 1
4284 157 1
759 157 1
4535 157 1
3232 157 1
500 157 1
3154 157 1
413 157 1
1993 157 1
111 157 1
2732 157 1
867 157 1
1758 157 1
731 157 1
2021 157 1
1981 157 1
0 157 1
44 157 1
4678 157 1
159 157 1
1484 157 1
361 157 1
3934 157 1
3349 157 1
446 157 1
3619 157 1
4908 157 1
1162 157 1
59 157 1
2469 157 1
1503 157 1
498 157 1
2433 157 1
2088 157 1
3809 157 1
566 157 1
812 157 1
778 157 1
305 157 1
1071 157 1
1619 157 1
253 157 1
2086 157 1
719 157 1
2355 157 1
252 157 1
1912 157 1
553 157 1
6 157 1
273 157 1
4268 157 1
1187 157 1
4473 157 1
963 157 1
2311 157 1
4934 157 1
3469 157 1
322 157 1
70 157 1
1076 157 1
1466 157 1
844 157 1
156 157 1
3838 157 1
3004 157 1
1632 157 1
3380 157 1
2122 157 1
394 157 1
273 157 1
35 157 1
172 157 1
2862 157 1
1696 157 1
4084 157 1
2358 157 1
31 157 1
323 157 1
1228 157 1
590 157 1
3518 157 1
1479 157 1
3662 157 1
2140 157 1
3591 157 1
2653 157 1
1943 157 1
4009 157 1
2160 157 1
177 157 1
2358 157 1
346 157 1
3822 157 1
1383 157 1
8 157 1
4630 157 1
1046 157 1
435 157 1
3902 157 1
6 157 1
1797 157 1
2201 157 1
165 157 1
196 157 1
307 157 1
3096 157 1
1814 157 1
2263 157 1
397 157 1
415 157 1
3945 157 1
627 157 1
279 157 1
4927 157 1
2330 157 1
812 157 1
3500 157 1
132 157 1
765 157 1
175 157 1
97 157 1
38 157 1
9 157 1
91 157 1
30 157 1
2954 157 1
2715 157 1
0 157 1
859 157 1
2865 157 1
2959 157 1
346 157 1
4183 157 1
426 157 1
4837 157 1
2814 157 1
3748 157 1
3765 157 1
4788 157 1
88 157 1
2728 157 1
154 157 1
3960 157 1
1418 157 1
1385 157 1
1580 157 1
1378 157 1
3509 157 1
0 157 1
2087 157 1
4766 157 1
3999 157 1
1612 157 1
56 157 1
545 157 1
4137 157 1
1355 157 1
2134 157 1
16 157 1
3611 157 1
3321 157 1
88 157 1
1463 157 1
1591 157 1
1989 157 1
534 157 1
4109 157 1
94 157 1
913 157 1
118 157 1
4759 157 1
1371 157 1
2736 157 1
1383 157 1
3542 157 1
1365 157 1
714 157 1
4162 157 1
222 157 1
3166 157 1
178 157 1
2415 157 1
460 157 1
329 157 1
3405 157 1
4401 157 1
4668 157 1
823 157 1
2550 157 1
2071 157 1
3292 157 1
2023 157 1
75 157 1
0 157 1
2703 158 1
59 158 1
6 158 1
37 158 1
20 158 1
1508 158 1
3762 158 1
4234 158 1
533 158 1
3292 158 1
582 158 1
3977 158 1
359 158 1
528 158 1
90 158 1
183 158 1
4179 158 1
11 158 1
3441 158 1
384 158 1
305 158 1
2831 158 1
108 158 1
1580 158 1
2215 158 1
1455 158 1
3629 158 1
2166 158 1
25 158 1
2355 158 1
1482 158 1
111 158 1
585 158 1
545 158 1
3312 158 1
974 158 1
244 158 1
1066 158 1
2023 158 1
2618 158 1
3990 158 1
4301 158 1
494 158 1
3615 158 1
3322 158 1
2006 158 1
4634 158 1
4102 158 1
4299 158 1
1951 158 1
1248 158 1
3707 158 1
324 158 1
4393 158 1
428 158 1
1576 158 1
1181 158 1
6 158 1
3315 158 1
567 158 1
595 158 1
3568 158 1
3806 158 1
4 158 1
2747 158 1
4778 158 1
3783 158 1
155 158 1
959 158 1
327 158 1
1195 158 1
540 158 1
313 158 1
822 158 1
838 158 1
3307 158 1
3483 158 1
391 158 1
1246 158 1
0 158 1
187 158 1
1475 158 1
113 158 1
3251 158 1
23 158 1
3541 158 1
4491 158 1
3299 158 1
2575 158 1
4448 158 1
4606 158 1
250 158 1
846 158 1
3632 158 1
11 158 1
4241 158 1
4116 158 1
1057 158 1
2364 158 1
1856 158 1
2211 158 1
184 158 1
11 158 1
3014 158 1
89 158 1
3570 158 1
2218 158 1
2895 158 1
910 158 1
1027 158 1
30 158 1
576 158 1
3328 158 1
12 158 1
1757 158 1
711 158 1
3602 158 1
130 158 1
4642 158 1
1984 158 1
2040 158 1
316 158 1
2261 158 1
59 158 1
37 158 1
2570 158 1
2648 158 1
4617 158 1
697 158 1
2168 158 1
1095 158 1
3606 158 1
1 158 1
3923 158 1
3064 158 1
218 158 1
3098 158 1
178 158 1
3319 158 1
4865 158 1
424 158 1
3539 158 1
664 158 1
869 158 1
364 158 1
1 158 1
204 158 1
618 158 1
2758 158 1
76 158 1
2264 158 1
119 158 1
115 158 1
692 158 1
3654 158 1
508 158 1
813 158 1
350 158 1
3241 158 1
15 158 1
2697 158 1
76 158 1
208 158 1
0 158 1
4348 158 1
1741 158 1
4846 158 1
0 158 1
1558 158 1
2699 158 1
3075 158 1
3834 158 1
1622 158 1
87 158 1
727 158 1
1157 158 1
825 158 1
1452 158 1
555 158 1
39 158 1
501 158 1
3298 158 1
126 158 1
1103 158 1
1736 158 1
3276 158 1
78 158 1
1760 158 1
3454 158 1
3035 158 1
1121 158 1
911 158 1
130 158 1
1771 158 1
1756 158 1
1487 158 1
4559 158 1
3359 158 1
2787 158 1
154 158 1
780 158 1
4480 158 1
768 158 1
68 158 1
1547 158 1
3120 158 1
3022 158 1
3274 158 1
2035 158 1
3799 158 1
319 158 1
51 158 1
14 158 1
1731 158 1
17 158 1
1540 158 1
2578 158 1
2487 158 1
2523 158 1
0 158 1
1742 158 1
21 158 1
442 158 1
10 158 1
960 158 1
3553 158 1
1103 158 1
2462 158 1
3121 158 1
699 158 1
16 158 1
412 158 1
1178 158 1
936 158 1
4077 158 1
3 158 1
3005 158 1
1133 158 1
938 158 1
915 158 1
4904 158 1
3095 158 1
1134 158 1
757 158 1
36 158 1
1409 158 1
7 158 1
1027 158 1
3860 158 1
4764 158 1
4787 158 1
2251 158 1
839 158 1
395 158 1
2820 158 1
1515 158 1
420 158 1
54 158 1
6 158 1
12 158 1
4667 158 1
499 158 1
3601 158 1
172 158 1
6 158 1
854 158 1
852 158 1
857 158 1
678 158 1
4494 158 1
3239 158 1
3499 158 1
2988 158 1
4575 158 1
33 158 1
164 158 1
78 158 1
2089 158 1
3817 158 1
511 158 1
14 158 1
1759 158 1
400 158 1
16 158 1
1865 158 1
1136 158 1
1572 158 1
4607 158 1
2678 158 1
26 158 1
4416 158 1
1967 158 1
3524 158 1
4008 158 1
1581 158 1
247 158 1
2706 158 1
3818 158 1
2098 158 1
1779 158 1
270 158 1
4982 158 1
353 158 1
220 158 1
1942 158 1
999 158 1
481 158 1
1359 158 1
3674 158 1
70 158 1
1087 158 1
1980 158 1
282 158 1
1907 158 1
3488 158 1
2120 158 1
2028 158 1
1906 158 1
3863 158 1
4677 158 1
1084 158 1
2112 158 1
3430 158 1
4621 158 1
45 158 1
1398 158 1
239 158 1
1736 158 1
1272 158 1
2633 158 1
4711 158 1
208 158 1
610 158 1
1227 158 1
3756 158 1
2930 158 1
159 158 1
135 158 1
3923 158 1
44 158 1
2534 158 1
2487 158 1
1118 158 1
3086 158 1
2875 158 1
159 159 1
1028 159 1
798 159 1
1095 159 1
337 159 1
2312 159 1
1053 159 1
703 159 1
12 159 1
1787 159 1
877 159 1
2416 159 1
0 159 1
3 159 1
3606 159 1
569 159 1
15 159 1
4558 159 1
353 159 1
2294 159 1
3116 159 1
1053 159 1
2558 159 1
36 159 1
775 159 1
537 159 1
331 159 1
701 159 1
1334 159 1
3970 159 1
435 159 1
1375 159 1
608 159 1
1668 159 1
0 159 1
804 159 1
311 159 1
500 159 1
213 159 1
30 159 1
186 159 1
353 159 1
797 159 1
4108 159 1
362 159 1
2521 159 1
66 159 1
4022 159 1
2586 159 1
3427 159 1
4111 159 1
872 159 1
3582 159 1
3741 159 1
4778 159 1
611 159 1
1826 159 1
354 159 1
1894 159 1
2439 159 1
1129 159 1
2660 159 1
91 159 1
542 159 1
1776 159 1
1854 159 1
587 159 1
575 159 1
4871 159 1
445 159 1
54 159 1
39 159 1
1363 159 1
2764 159 1
428 159 1
961 159 1
773 159 1
2027 159 1
14 159 1
4063 159 1
136 159 1
2845 159 1
4310 159 1
530 159 1
4803 159 1
263 159 1
818 159 1
340 159 1
242 159 1
201 159 1
293 159 1
3690 159 1
4599 159 1
166 159 1
4343 159 1
4 159 1
779 159 1
3396 159 1
624 159 1
2946 159 1
1836 159 1
2310 159 1
367 159 1
521 159 1
0 159 1
2169 159 1
8 159 1
253 159 1
525 159 1
293 159 1
499 159 1
890 159 1
3408 159 1
375 159 1
83 159 1
735 159 1
824 159 1
2035 159 1
96 159 1
0 159 1
3219 159 1
3981 159 1
2775 159 1
1822 159 1
278 159 1
2800 159 1
50 159 1
3512 159 1
1279 159 1
805 159 1
2422 159 1
1310 159 1
919 159 1
27 159 1
3558 159 1
782 159 1
622 159 1
1114 159 1
384 159 1
21 159 1
244 159 1
2159 159 1
4293 159 1
1479 159 1
170 159 1
537 159 1
1941 159 1
2998 159 1
1373 159 1
21 159 1
919 159 1
2363 159 1
3198 159 1
2105 159 1
951 159 1
167 159 1
3710 159 1
180 159 1
192 159 1
2328 159 1
1014 159 1
1430 159 1
4013 159 1
3191 159 1
1411 159 1
2626 159 1
2246 159 1
4 159 1
4152 159 1
1985 159 1
2477 159 1
40 159 1
326 159 1
807 159 1
3651 159 1
324 159 1
190 159 1
520 159 1
427 159 1
1786 159 1
2505 159 1
1698 159 1
7 159 1
180 159 1
4457 159 1
3637 159 1
3104 159 1
4672 159 1
476 159 1
1942 159 1
3310 159 1
1477 159 1
4696 159 1
1047 159 1
297 159 1
504 159 1
425 159 1
2937 159 1
183 159 1
125 159 1
1556 159 1
306 159 1
4064 159 1
64 159 1
3097 159 1
1592 159 1
284 159 1
263 159 1
323 159 1
298 159 1
2028 159 1
4719 159 1
3267 159 1
992 159 1
985 159 1
525 159 1
1300 159 1
756 159 1
100 159 1
1674 159 1
479 159 1
94 159 1
445 159 1
440 159 1
18 159 1
6 159 1
10 159 1
719 159 1
340 159 1
541 159 1
3589 159 1
4678 159 1
3253 159 1
306 159 1
585 159 1
920 159 1
3271 159 1
1007 159 1
862 159 1
16 159 1
1635 159 1
3092 159 1
919 159 1
752 159 1
57 159 1
1798 159 1
912 159 1
3365 159 1
2599 159 1
3234 159 1
7 159 1
53 159 1
682 159 1
2078 159 1
1063 159 1
35 159 1
543 159 1
3993 159 1
0 159 1
2417 159 1
298 159 1
3259 159 1
4960 159 1
2212 159 1
1422 159 1
0 159 1
902 159 1
1007 159 1
782 159 1
2662 159 1
46 159 1
596 159 1
2599 159 1
1279 159 1
128 159 1
7 159 1
115 159 1
1378 159 1
306 159 1
64 159 1
949 159 1
1629 159 1
451 159 1
3597 159 1
3216 159 1
19 159 1
4137 159 1
64 159 1
218 159 1
3 159 1
541 159 1
127 159 1
1436 159 1
2606 159 1
1909 159 1
126 159 1
301 159 1
1396 159 1
182 159 1
2448 159 1
634 159 1
92 159 1
727 159 1
947 159 1
259 159 1
567 159 1
950 159 1
554 159 1
976 159 1
73 159 1
33 159 1
279 159 1
1035 159 1
2793 159 1
3210 159 1
1887 159 1
3285 159 1
2636 159 1
695 159 1
14 159 1
1920 159 1
749 159 1
2691 159 1
1440 159 1
108 159 1
2474 159 1
320 159 1
3462 159 1
258 159 1
0 159 1
249 159 1
0 159 1
2597 159 1
800 159 1
340 159 1
1354 159 1
1687 159 1
713 159 1
1079 159 1
1523 159 1
373 159 1
2872 159 1
489 159 1
639 159 1
3145 159 1
4228 160 1
4216 160 1
23 160 1
34 160 1
193 160 1
79 160 1
42 160 1
4341 160 1
1324 160 1
4859 160 1
1086 160 1
873 160 1
527 160 1
1393 160 1
446 160 1
1905 160 1
4538 160 1
2604 160 1
244 160 1
3800 160 1
157 160 1
4211 160 1
3603 160 1
345 160 1
1261 160 1
1496 160 1
140 160 1
3731 160 1
262 160 1
89 160 1
965 160 1
280 160 1
381 160 1
2100 160 1
1418 160 1
2400 160 1
445 160 1
45 160 1
1098 160 1
2129 160 1
196 160 1
3372 160 1
1 160 1
29 160 1
1041 160 1
3394 160 1
4157 160 1
2571 160 1
1347 160 1
4078 160 1
2939 160 1
1 160 1
796 160 1
2649 160 1
3595 160 1
312 160 1
433 160 1
1052 160 1
1892 160 1
974 160 1
812 160 1
14 160 1
988 160 1
3094 160 1
1640 160 1
336 160 1
602 160 1
6 160 1
1866 160 1
4639 160 1
307 160 1
4047 160 1
1444 160 1
831 160 1
3701 160 1
1466 160 1
1133 160 1
606 160 1
2099 160 1
2204 160 1
4837 160 1
3898 160 1
1198 160 1
81 160 1
4352 160 1
501 160 1
896 160 1
4709 160 1
63 160 1
4153 160 1
142 160 1
4136 160 1
179 160 1
3042 160 1
3352 160 1
4747 160 1
181 160 1
4440 160 1
872 160 1
2241 160 1
568 160 1
363 160 1
33 160 1
765 160 1
534 160 1
1084 160 1
4889 160 1
3532 160 1
1067 160 1
1523 160 1
4196 160 1
105 160 1
976 160 1
1793 160 1
4327 160 1
2711 160 1
770 160 1
277 160 1
796 160 1
1613 160 1
1744 160 1
1537 160 1
1938 160 1
2682 160 1
559 160 1
397 160 1
2853 160 1
862 160 1
4265 160 1
1454 160 1
4438 160 1
462 160 1
8 160 1
0 160 1
2366 160 1
4068 160 1
2569 160 1
415 160 1
2450 160 1
616 160 1
2512 160 1
1465 160 1
544 160 1
4724 160 1
1579 160 1
901 160 1
724 160 1
2739 160 1
2 160 1
910 160 1
2900 160 1
1541 160 1
3645 160 1
12 160 1
2425 160 1
315 160 1
730 160 1
21 160 1
2183 160 1
2098 160 1
4897 160 1
1235 160 1
1306 160 1
631 160 1
323 160 1
3174 160 1
52 160 1
89 160 1
82 160 1
2875 160 1
144 160 1
420 160 1
380 160 1
1747 160 1
3694 160 1
27 160 1
550 160 1
3917 160 1
625 160 1
474 160 1
3366 160 1
298 160 1
969 160 1
4338 160 1
1366 160 1
1112 160 1
2095 160 1
984 160 1
3544 160 1
425 160 1
266 160 1
0 160 1
3063 160 1
160 160 1
2143 160 1
1302 160 1
3273 160 1
3694 160 1
3399 160 1
1892 160 1
2625 160 1
3362 160 1
2142 160 1
0 160 1
108 160 1
887 160 1
197 160 1
1187 160 1
3233 160 1
3884 160 1
4681 160 1
2332 160 1
2902 160 1
3337 160 1
123 160 1
252 160 1
445 160 1
3635 160 1
2452 160 1
4358 160 1
784 160 1
1878 160 1
2975 160 1
2525 160 1
14 160 1
3083 160 1
2384 160 1
174 160 1
3982 160 1
17 160 1
4366 160 1
3850 160 1
263 160 1
298 160 1
4576 160 1
2614 160 1
3635 160 1
1223 160 1
1662 160 1
278 160 1
0 160 1
4204 160 1
1934 160 1
0 160 1
1500 160 1
1442 160 1
152 160 1
897 160 1
3927 160 1
3484 160 1
4223 160 1
271 160 1
110 160 1
4929 160 1
3139 160 1
3594 160 1
4834 160 1
1557 160 1
2467 160 1
1726 160 1
3 160 1
389 160 1
0 160 1
0 160 1
1714 160 1
3861 160 1
4681 160 1
224 160 1
350 160 1
903 160 1
1985 160 1
450 160 1
195 160 1
143 160 1
1038 160 1
3356 160 1
423 160 1
2052 160 1
4371 160 1
47 160 1
518 160 1
1823 160 1
20 160 1
2911 160 1
308 160 1
2262 160 1
1089 160 1
2 160 1
816 160 1
35 160 1
3011 160 1
1634 160 1
3952 160 1
926 160 1
269 160 1
4241 160 1
57 160 1
443 160 1
22 160 1
381 160 1
2876 160 1
51 160 1
749 160 1
2905 160 1
392 160 1
1927 160 1
2862 160 1
82 160 1
808 160 1
2464 160 1
805 160 1
654 160 1
171 160 1
3169 160 1
1532 160 1
1998 160 1
10 160 1
147 160 1
12 160 1
604 160 1
1422 160 1
399 160 1
0 160 1
577 160 1
3698 160 1
114 160 1
203 160 1
1196 160 1
385 160 1
1948 160 1
38 160 1
1244 160 1
1129 160 1
794 160 1
692 160 1
2821 160 1
109 160 1
1853 160 1
1689 160 1
426 160 1
3070 160 1
972 160 1
144 160 1
2039 160 1
309 160 1
2495 161 1
1759 161 1
445 161 1
3870 161 1
80 161 1
179 161 1
144 161 1
508 161 1
3129 161 1
3926 161 1
348 161 1
4226 161 1
0 161 1
2505 161 1
595 161 1
1378 161 1
863 161 1
2403 161 1
3741 161 1
4750 161 1
518 161 1
843 161 1
1412 161 1
4583 161 1
1853 161 1
1384 161 1
1726 161 1
467 161 1
3085 161 1
2096 161 1
911 161 1
3272 161 1
1771 161 1
1558 161 1
4349 161 1
183 161 1
269 161 1
286 161 1
0 161 1
4659 161 1
276 161 1
1173 161 1
68 161 1
3856 161 1
2992 161 1
2015 161 1
1563 161 1
4425 161 1
855 161 1
1466 161 1
2280 161 1
1213 161 1
2454 161 1
198 161 1
3103 161 1
26 161 1
4538 161 1
3224 161 1
1447 161 1
124 161 1
32 161 1
4096 161 1
497 161 1
0 161 1
468 161 1
332 161 1
13 161 1
1843 161 1
3382 161 1
2120 161 1
1914 161 1
328 161 1
480 161 1
968 161 1
3302 161 1
1015 161 1
679 161 1
902 161 1
545 161 1
203 161 1
827 161 1
488 161 1
1926 161 1
3230 161 1
267 161 1
3448 161 1
2655 161 1
204 161 1
393 161 1
4092 161 1
1519 161 1
1846 161 1
171 161 1
3777 161 1
1520 161 1
34 161 1
3663 161 1
32 161 1
3317 161 1
549 161 1
3071 161 1
21 161 1
344 161 1
20 161 1
2663 161 1
1056 161 1
1208 161 1
0 161 1
13 161 1
2327 161 1
1997 161 1
323 161 1
1137 161 1
3066 161 1
3673 161 1
84 161 1
3600 161 1
4395 161 1
0 161 1
138 161 1
917 161 1
4921 161 1
703 161 1
2 161 1
118 161 1
1376 161 1
1480 161 1
247 161 1
2398 161 1
3 161 1
2087 161 1
783 161 1
3181 161 1
264 161 1
399 161 1
1258 161 1
405 161 1
3066 161 1
428 161 1
167 161 1
2 161 1
4816 161 1
774 161 1
53 161 1
3696 161 1
2745 161 1
4482 161 1
1980 161 1
583 161 1
3993 161 1
2190 161 1
714 161 1
4951 161 1
2442 161 1
286 161 1
1804 161 1
82 161 1
189 161 1
2001 161 1
3896 161 1
3104 161 1
4282 161 1
2259 161 1
601 161 1
240 161 1
78 161 1
445 161 1
269 161 1
1578 161 1
3760 161 1
2133 161 1
811 161 1
26 161 1
1796 161 1
510 161 1
1312 161 1
4871 161 1
2700 161 1
1747 161 1
4981 161 1
4380 161 1
1404 161 1
742 161 1
172 161 1
631 161 1
45 161 1
2657 161 1
2863 161 1
1 161 1
20 161 1
43 161 1
1797 161 1
2776 161 1
4844 161 1
4572 161 1
3708 161 1
3097 161 1
95 161 1
81 161 1
584 161 1
169 161 1
4502 161 1
863 161 1
3568 161 1
2978 161 1
2435 161 1
656 161 1
2100 161 1
2387 161 1
2013 161 1
1756 161 1
2096 161 1
3707 161 1
4609 161 1
258 161 1
4948 161 1
2829 161 1
4914 161 1
287 161 1
4508 161 1
1698 161 1
4605 161 1
1697 161 1
1920 161 1
524 161 1
4417 161 1
834 161 1
83 161 1
3094 161 1
858 161 1
477 161 1
2701 161 1
439 161 1
0 161 1
186 161 1
3888 161 1
1179 161 1
4316 161 1
3793 161 1
1685 161 1
1170 161 1
539 161 1
4058 161 1
2339 161 1
3650 161 1
527 161 1
1204 161 1
7 161 1
158 161 1
3103 161 1
4482 161 1
3084 161 1
87 161 1
896 161 1
1453 161 1
708 161 1
1729 161 1
2724 161 1
4407 161 1
48 161 1
2041 161 1
114 161 1
826 161 1
862 161 1
3187 161 1
2218 161 1
1143 161 1
28 161 1
72 161 1
527 161 1
1836 161 1
921 161 1
6 161 1
1154 161 1
128 161 1
95 161 1
1659 161 1
2089 161 1
13 161 1
1467 161 1
1174 161 1
4607 161 1
2433 161 1
3842 161 1
3509 161 1
4662 161 1
289 161 1
1929 161 1
1 161 1
1471 161 1
60 161 1
691 161 1
420 161 1
2584 161 1
430 161 1
2860 161 1
263 161 1
70 161 1
471 161 1
943 161 1
3293 161 1
552 161 1
786 161 1
290 161 1
3778 161 1
542 161 1
767 161 1
176 161 1
3 161 1
4764 161 1
2492 161 1
612 161 1
88 161 1
1006 161 1
374 161 1
3999 161 1
63 161 1
1324 161 1
2124 161 1
3211 161 1
3734 161 1
275 161 1
77 161 1
3 161 1
4218 161 1
1539 161 1
732 161 1
2 161 1
1307 161 1
2880 161 1
209 161 1
37 161 1
780 161 1
3060 161 1
1414 161 1
245 161 1
9 161 1
4 161 1
4204 161 1
2693 161 1
13 161 1
1286 161 1
714 161 1
1186 161 1
2978 161 1
579 162 1
4449 162 1
2334 162 1
773 162 1
999 162 1
3423 162 1
161 162 1
188 162 1
1044 162 1
256 162 1
2550 162 1
861 162 1
200 162 1
2857 162 1
3659 162 1
2556 162 1
1532 162 1
315 162 1
1778 162 1
3277 162 1
1718 162 1
70 162 1
631 162 1
2163 162 1
464 162 1
1611 162 1
1456 162 1
3852 162 1
2251 162 1
2 162 1
1 162 1
1243 162 1
3395 162 1
2045 162 1
3119 162 1
2371 162 1
4395 162 1
424 162 1
544 162 1
2344 162 1
1890 162 1
2201 162 1
2 162 1
547 162 1
45 162 1
1448 162 1
299 162 1
1969 162 1
1089 162 1
4013 162 1
0 162 1
581 162 1
272 162 1
4220 162 1
2011 162 1
671 162 1
619 162 1
2741 162 1
353 162 1
2892 162 1
252 162 1
719 162 1
2837 162 1
66 162 1
410 162 1
3996 162 1
431 162 1
512 162 1
464 162 1
1042 162 1
913 162 1
3807 162 1
827 162 1
528 162 1
187 162 1
750 162 1
4322 162 1
1306 162 1
4431 162 1
1783 162 1
1629 162 1
3635 162 1
3481 162 1
4824 162 1
392 162 1
3927 162 1
558 162 1
486 162 1
3207 162 1
1750 162 1
4179 162 1
3 162 1
3130 162 1
60 162 1
3077 162 1
1256 162 1
1 162 1
683 162 1
1669 162 1
1566 162 1
0 162 1
46 162 1
4651 162 1
1865 162 1
12 162 1
600 162 1
0 162 1
2326 162 1
1862 162 1
1539 162 1
4009 162 1
473 162 1
288 162 1
128 162 1
1295 162 1
2722 162 1
489 162 1
1872 162 1
4139 162 1
98 162 1
695 162 1
4239 162 1
4285 162 1
6 162 1
250 162 1
4412 162 1
367 162 1
143 162 1
925 162 1
3025 162 1
3558 162 1
54 162 1
3291 162 1
930 162 1
853 162 1
4722 162 1
1236 162 1
175 162 1
592 162 1
2326 162 1
2804 162 1
768 162 1
784 162 1
3506 162 1
1567 162 1
4623 162 1
1000 162 1
743 162 1
3437 162 1
3029 162 1
156 162 1
4276 162 1
16 162 1
381 162 1
2458 162 1
4415 162 1
1829 162 1
3709 162 1
698 162 1
246 162 1
1279 162 1
2163 162 1
3714 162 1
1176 162 1
3575 162 1
1356 162 1
1385 162 1
4068 162 1
3417 162 1
261 162 1
4936 162 1
3550 162 1
3750 162 1
861 162 1
3118 162 1
4123 162 1
1829 162 1
914 162 1
21 162 1
2379 162 1
4294 162 1
2253 162 1
1402 162 1
55 162 1
1988 162 1
1206 162 1
127 162 1
67 162 1
1676 162 1
154 162 1
4895 162 1
1577 162 1
4414 162 1
223 162 1
3043 162 1
70 162 1
1318 162 1
1334 162 1
654 162 1
9 162 1
3690 162 1
1597 162 1
203 162 1
456 162 1
12 162 1
4903 162 1
4422 162 1
3909 162 1
4706 162 1
4356 162 1
883 162 1
192 162 1
2191 162 1
2935 162 1
3949 162 1
782 162 1
2946 162 1
79 162 1
685 162 1
4511 162 1
103 162 1
4633 162 1
1502 162 1
152 162 1
4136 162 1
1721 162 1
297 162 1
1556 162 1
4706 162 1
2537 162 1
1846 162 1
6 162 1
44 162 1
1276 162 1
3965 162 1
1475 162 1
318 162 1
2091 162 1
544 162 1
307 162 1
1 162 1
1460 162 1
6 162 1
2869 162 1
198 162 1
3244 162 1
415 162 1
2746 162 1
4175 162 1
1831 162 1
1530 162 1
805 162 1
1164 162 1
809 162 1
29 162 1
1894 162 1
1480 162 1
67 162 1
3817 162 1
840 162 1
2776 162 1
318 162 1
4416 162 1
142 162 1
123 162 1
2 162 1
1768 162 1
246 162 1
86 162 1
494 162 1
4934 162 1
1395 162 1
676 162 1
1778 162 1
2069 162 1
162 162 1
2347 162 1
3074 162 1
1773 162 1
112 162 1
3330 162 1
1387 162 1
1371 162 1
1726 162 1
738 162 1
186 162 1
19 162 1
662 162 1
2588 162 1
361 162 1
4000 162 1
2251 162 1
625 162 1
3825 162 1
3 162 1
4974 162 1
1092 162 1
3690 162 1
161 162 1
104 162 1
1109 162 1
181 162 1
2980 162 1
23 162 1
6 162 1
2397 162 1
1606 162 1
2953 162 1
891 162 1
1951 162 1
395 162 1
183 162 1
2621 162 1
277 162 1
2564 162 1
231 162 1
22 162 1
60 162 1
310 162 1
229 162 1
1150 162 1
831 162 1
1037 162 1
1638 162 1
542 162 1
3531 162 1
4843 162 1
671 162 1
3055 162 1
1635 162 1
2885 162 1
1156 162 1
816 162 1
1259 162 1
161 162 1
2943 162 1
1979 162 1
1584 162 1
3922 162 1
293 162 1
124 162 1
162 162 1
0 162 1
2304 162 1
234 162 1
39 163 1
3062 163 1
401 163 1
19 163 1
2205 163 1
654 163 1
2869 163 1
2 163 1
102 163 1
1132 163 1
4793 163 1
4163 163 1
96 163 1
1087 163 1
395 163 1
1020 163 1
3 163 1
2087 163 1
169 163 1
292 163 1
1179 163 1
2710 163 1
2236 163 1
1383 163 1
1631 163 1
4318 163 1
1286 163 1
526 163 1
1165 163 1
992 163 1
1480 163 1
4221 163 1
2825 163 1
2437 163 1
3176 163 1
265 163 1
2376 163 1
13 163 1
23 163 1
997 163 1
181 163 1
1239 163 1
4081 163 1
1899 163 1
731 163 1
1116 163 1
120 163 1
2394 163 1
720 163 1
3480 163 1
2047 163 1
372 163 1
20 163 1
2459 163 1
3312 163 1
4189 163 1
290 163 1
3136 163 1
132 163 1
40 163 1
2110 163 1
1810 163 1
1302 163 1
3472 163 1
2403 163 1
4462 163 1
2499 163 1
1797 163 1
1514 163 1
1592 163 1
22 163 1
1154 163 1
2695 163 1
610 163 1
2048 163 1
2249 163 1
1070 163 1
813 163 1
2193 163 1
87 163 1
4366 163 1
31 163 1
4733 163 1
1546 163 1
4345 163 1
1074 163 1
750 163 1
3418 163 1
92 163 1
3347 163 1
1432 163 1
1192 163 1
867 163 1
614 163 1
2691 163 1
2476 163 1
2876 163 1
3905 163 1
1784 163 1
2420 163 1
956 163 1
1775 163 1
2439 163 1
248 163 1
799 163 1
238 163 1
4297 163 1
593 163 1
3138 163 1
16 163 1
1357 163 1
604 163 1
109 163 1
510 163 1
4233 163 1
582 163 1
170 163 1
123 163 1
13 163 1
1048 163 1
180 163 1
949 163 1
291 163 1
4962 163 1
1934 163 1
2437 163 1
186 163 1
527 163 1
21 163 1
126 163 1
81 163 1
2878 163 1
66 163 1
1743 163 1
988 163 1
3652 163 1
38 163 1
1239 163 1
66 163 1
45 163 1
4270 163 1
2071 163 1
0 163 1
106 163 1
1618 163 1
3714 163 1
2776 163 1
65 163 1
457 163 1
2292 163 1
142 163 1
4511 163 1
13 163 1
2494 163 1
57 163 1
257 163 1
13 163 1
2503 163 1
805 163 1
1944 163 1
18 163 1
3709 163 1
946 163 1
1375 163 1
4071 163 1
154 163 1
1966 163 1
739 163 1
1696 163 1
2870 163 1
455 163 1
306 163 1
928 163 1
1248 163 1
1206 163 1
180 163 1
576 163 1
2881 163 1
409 163 1
1591 163 1
1253 163 1
271 163 1
506 163 1
0 163 1
26 163 1
2329 163 1
0 163 1
9 163 1
2576 163 1
3801 163 1
0 163 1
943 163 1
3914 163 1
639 163 1
4 163 1
1808 163 1
3 163 1
363 163 1
836 163 1
4672 163 1
1749 163 1
293 163 1
969 163 1
1808 163 1
180 163 1
964 163 1
633 163 1
4511 163 1
672 163 1
801 163 1
2397 163 1
4297 163 1
1316 163 1
13 163 1
4527 163 1
2 163 1
3558 163 1
1538 163 1
266 163 1
1491 163 1
93 163 1
4526 163 1
2025 163 1
1335 163 1
175 163 1
2 163 1
251 163 1
69 163 1
341 163 1
70 163 1
572 163 1
1200 163 1
2502 163 1
2488 163 1
4905 163 1
2133 163 1
18 163 1
29 163 1
1655 163 1
4198 163 1
1045 163 1
2731 163 1
3863 163 1
846 163 1
4152 163 1
92 163 1
1512 163 1
865 163 1
2853 163 1
2457 163 1
490 163 1
1 163 1
13 163 1
2942 163 1
80 163 1
177 163 1
567 163 1
589 163 1
1639 163 1
1735 163 1
3852 163 1
1257 163 1
4439 163 1
1984 163 1
1650 163 1
10 163 1
4379 163 1
609 163 1
2395 163 1
284 163 1
3149 163 1
4279 163 1
1700 163 1
287 163 1
1784 163 1
4790 163 1
1698 163 1
264 163 1
217 163 1
1302 163 1
4034 163 1
1305 163 1
87 163 1
1900 163 1
3925 163 1
111 163 1
694 163 1
4923 163 1
5 163 1
39 163 1
379 163 1
3340 163 1
9 163 1
0 163 1
1770 163 1
1589 163 1
210 163 1
1484 163 1
3082 163 1
8 163 1
140 163 1
3472 163 1
188 163 1
28 163 1
1604 163 1
846 163 1
858 163 1
604 163 1
1160 163 1
4932 163 1
3428 163 1
3475 163 1
2812 163 1
8 163 1
2291 163 1
2 163 1
3722 163 1
4559 163 1
1478 163 1
2514 163 1
4243 163 1
3246 163 1
201 163 1
4417 163 1
4663 163 1
11 163 1
150 163 1
2135 163 1
2959 163 1
1116 163 1
3 163 1
183 163 1
4192 163 1
1716 163 1
1995 163 1
473 163 1
3432 163 1
21 163 1
2498 163 1
4893 163 1
902 163 1
4834 163 1
1468 163 1
227 163 1
385 163 1
1100 164 1
0 164 1
390 164 1
316 164 1
2369 164 1
4428 164 1
969 164 1
3850 164 1
226 164 1
3592 164 1
2722 164 1
1157 164 1
72 164 1
169 164 1
1 164 1
4 164 1
215 164 1
1632 164 1
781 164 1
100 164 1
2985 164 1
3839 164 1
2001 164 1
2456 164 1
1573 164 1
541 164 1
150 164 1
81 164 1
2202 164 1
2316 164 1
4467 164 1
413 164 1
3482 164 1
2468 164 1
3988 164 1
2953 164 1
4260 164 1
58 164 1
935 164 1
746 164 1
428 164 1
212 164 1
1815 164 1
229 164 1
1346 164 1
1089 164 1
2168 164 1
10 164 1
3026 164 1
292 164 1
2428 164 1
126 164 1
3147 164 1
1024 164 1
321 164 1
23 164 1
280 164 1
229 164 1
3223 164 1
38 164 1
160 164 1
2023 164 1
25 164 1
1063 164 1
0 164 1
922 164 1
436 164 1
2223 164 1
1963 164 1
894 164 1
253 164 1
173 164 1
1263 164 1
45 164 1
3065 164 1
2204 164 1
16 164 1
2331 164 1
4670 164 1
3821 164 1
3960 164 1
3907 164 1
1851 164 1
24 164 1
3852 164 1
1566 164 1
1325 164 1
3580 164 1
874 164 1
218 164 1
1569 164 1
1733 164 1
2183 164 1
759 164 1
1670 164 1
201 164 1
192 164 1
2203 164 1
936 164 1
11 164 1
3315 164 1
88 164 1
3613 164 1
914 164 1
71 164 1
4363 164 1
41 164 1
2647 164 1
3385 164 1
4782 164 1
2932 164 1
107 164 1
2597 164 1
4551 164 1
1298 164 1
199 164 1
48 164 1
0 164 1
8 164 1
262 164 1
2589 164 1
3417 164 1
4022 164 1
696 164 1
0 164 1
3524 164 1
862 164 1
4576 164 1
1580 164 1
4 164 1
1206 164 1
4697 164 1
3959 164 1
1986 164 1
1591 164 1
397 164 1
321 164 1
2773 164 1
7 164 1
193 164 1
791 164 1
740 164 1
4810 164 1
3256 164 1
505 164 1
2371 164 1
4208 164 1
4387 164 1
1802 164 1
126 164 1
837 164 1
2970 164 1
284 164 1
424 164 1
844 164 1
4602 164 1
4306 164 1
108 164 1
2925 164 1
3824 164 1
87 164 1
3939 164 1
3869 164 1
115 164 1
4668 164 1
870 164 1
3196 164 1
1937 164 1
3205 164 1
169 164 1
4604 164 1
3033 164 1
1053 164 1
951 164 1
451 164 1
2597 164 1
1863 164 1
2832 164 1
465 164 1
903 164 1
1095 164 1
49 164 1
2746 164 1
1227 164 1
3002 164 1
437 164 1
4087 164 1
259 164 1
1761 164 1
1222 164 1
883 164 1
2694 164 1
505 164 1
4784 164 1
1992 164 1
211 164 1
203 164 1
699 164 1
230 164 1
202 164 1
3741 164 1
56 164 1
3090 164 1
30 164 1
2695 164 1
847 164 1
909 164 1
4416 164 1
99 164 1
2581 164 1
1391 164 1
1816 164 1
1501 164 1
1439 164 1
2913 164 1
260 164 1
210 164 1
341 164 1
4138 164 1
78 164 1
3031 164 1
11 164 1
3717 164 1
0 164 1
3561 164 1
1330 164 1
416 164 1
2253 164 1
4851 164 1
2571 164 1
68 164 1
1251 164 1
1337 164 1
1358 164 1
4877 164 1
255 164 1
1947 164 1
3229 164 1
73 164 1
112 164 1
235 164 1
859 164 1
771 164 1
12 164 1
71 164 1
1693 164 1
188 164 1
142 164 1
287 164 1
324 164 1
565 164 1
2072 164 1
571 164 1
2235 164 1
1132 164 1
2384 164 1
72 164 1
1421 164 1
271 164 1
203 164 1
25 164 1
1232 164 1
925 164 1
797 164 1
2277 164 1
773 164 1
999 164 1
1344 164 1
586 164 1
3923 164 1
95 164 1
2468 164 1
1910 164 1
25 164 1
4980 164 1
4127 164 1
1495 164 1
1110 164 1
1210 164 1
4872 164 1
1867 164 1
1552 164 1
39 164 1
2641 164 1
745 164 1
1020 164 1
2220 164 1
246 164 1
884 164 1
1497 164 1
17 164 1
3094 164 1
3596 164 1
386 164 1
527 164 1
2989 164 1
13 164 1
4419 164 1
365 164 1
512 164 1
1283 164 1
285 164 1
4528 164 1
491 164 1
1994 164 1
1962 164 1
1029 164 1
4213 164 1
1343 164 1
1486 164 1
4155 164 1
4590 164 1
39 164 1
140 164 1
1524 164 1
49 164 1
534 164 1
24 164 1
2665 164 1
548 164 1
3978 164 1
7 164 1
99 164 1
8 164 1
479 164 1
2290 164 1
4033 164 1
1373 164 1
3568 164 1
83 164 1
1325 164 1
3628 164 1
267 164 1
187 164 1
3604 164 1
1969 164 1
19 164 1
2439 164 1
3848 164 1
1020 164 1
2977 164 1
588 164 1
3451 164 1
248 164 1
3654 164 1
174 165 1
81 165 1
2200 165 1
356 165 1
4968 165 1
3801 165 1
580 165 1
4553 165 1
406 165 1
294 165 1
2141 165 1
830 165 1
3722 165 1
3966 165 1
2332 165 1
746 165 1
4914 165 1
1477 165 1
992 165 1
3964 165 1
746 165 1
5 165 1
4895 165 1
700 165 1
41 165 1
100 165 1
1968 165 1
71 165 1
3479 165 1
476 165 1
216 165 1
188 165 1
422 165 1
821 165 1
246 165 1
2574 165 1
2597 165 1
889 165 1
48 165 1
784 165 1
41 165 1
1224 165 1
85 165 1
4087 165 1
0 165 1
2737 165 1
3401 165 1
137 165 1
362 165 1
683 165 1
1263 165 1
6 165 1
669 165 1
503 165 1
1116 165 1
2241 165 1
588 165 1
462 165 1
2125 165 1
496 165 1
2594 165 1
4413 165 1
170 165 1
2779 165 1
430 165 1
371 165 1
171 165 1
859 165 1
901 165 1
4165 165 1
1028 165 1
2746 165 1
42 165 1
169 165 1
3474 165 1
941 165 1
1164 165 1
2756 165 1
723 165 1
4724 165 1
3001 165 1
1595 165 1
401 165 1
3379 165 1
24 165 1
1050 165 1
2328 165 1
1698 165 1
184 165 1
850 165 1
654 165 1
4231 165 1
841 165 1
426 165 1
979 165 1
7 165 1
1674 165 1
3645 165 1
385 165 1
4980 165 1
3232 165 1
809 165 1
0 165 1
159 165 1
749 165 1
0 165 1
4905 165 1
3211 165 1
3823 165 1
2857 165 1
2977 165 1
2817 165 1
4557 165 1
2704 165 1
212 165 1
5 165 1
174 165 1
736 165 1
79 165 1
2628 165 1
3012 165 1
131 165 1
563 165 1
2689 165 1
84 165 1
285 165 1
30 165 1
557 165 1
32 165 1
2333 165 1
3816 165 1
3372 165 1
4297 165 1
4139 165 1
410 165 1
546 165 1
1605 165 1
3198 165 1
4804 165 1
832 165 1
0 165 1
342 165 1
2891 165 1
844 165 1
3718 165 1
2076 165 1
3936 165 1
1755 165 1
356 165 1
737 165 1
184 165 1
4289 165 1
105 165 1
457 165 1
3194 165 1
4125 165 1
7 165 1
489 165 1
4297 165 1
493 165 1
1638 165 1
2178 165 1
191 165 1
56 165 1
426 165 1
295 165 1
35 165 1
2231 165 1
17 165 1
2013 165 1
4468 165 1
302 165 1
1749 165 1
1108 165 1
1545 165 1
3160 165 1
223 165 1
9 165 1
1061 165 1
78 165 1
1573 165 1
1994 165 1
828 165 1
2936 165 1
4645 165 1
1953 165 1
290 165 1
4 165 1
2726 165 1
3574 165 1
2320 165 1
633 165 1
510 165 1
1 165 1
4476 165 1
474 165 1
2422 165 1
1298 165 1
19 165 1
2209 165 1
395 165 1
33 165 1
3585 165 1
3101 165 1
1758 165 1
2982 165 1
875 165 1
819 165 1
25 165 1
289 165 1
4841 165 1
1635 165 1
2171 165 1
3981 165 1
4090 165 1
583 165 1
2832 165 1
185 165 1
3218 165 1
3909 165 1
0 165 1
4196 165 1
420 165 1
2190 165 1
20 165 1
270 165 1
1938 165 1
4031 165 1
2309 165 1
9 165 1
4229 165 1
353 165 1
4663 165 1
1639 165 1
3445 165 1
1889 165 1
197 165 1
56 165 1
3524 165 1
0 165 1
1527 165 1
4825 165 1
2776 165 1
379 165 1
627 165 1
3395 165 1
4442 165 1
641 165 1
500 165 1
367 165 1
1877 165 1
116 165 1
3107 165 1
101 165 1
4958 165 1
1949 165 1
3414 165 1
822 165 1
1843 165 1
1426 165 1
1057 165 1
2 165 1
699 165 1
12 165 1
4213 165 1
859 165 1
678 165 1
185 165 1
75 165 1
4790 165 1
3185 165 1
36 165 1
658 165 1
0 165 1
3638 165 1
765 165 1
4362 165 1
3331 165 1
15 165 1
2073 165 1
4117 165 1
1069 165 1
4050 165 1
3772 165 1
1250 165 1
48 165 1
2096 165 1
955 165 1
18 165 1
311 165 1
1959 165 1
1757 165 1
4954 165 1
2051 165 1
106 165 1
4654 165 1
4265 165 1
4753 165 1
584 165 1
4494 165 1
2981 165 1
1192 165 1
81 165 1
4864 165 1
1 165 1
495 165 1
1317 165 1
3251 165 1
491 165 1
0 165 1
73 165 1
379 165 1
22 165 1
718 165 1
1672 165 1
0 165 1
32 165 1
215 165 1
1249 165 1
2412 165 1
1011 165 1
426 165 1
3099 165 1
1934 165 1
272 165 1
3585 165 1
3949 165 1
4251 165 1
3709 165 1
3901 165 1
1046 165 1
322 165 1
2136 165 1
4546 165 1
455 165 1
3766 165 1
3992 165 1
551 165 1
135 165 1
1785 165 1
502 165 1
4824 165 1
383 165 1
20 165 1
3603 165 1
4084 166 1
572 166 1
437 166 1
1654 166 1
452 166 1
360 166 1
1294 166 1
301 166 1
113 166 1
4188 166 1
610 166 1
831 166 1
2207 166 1
112 166 1
717 166 1
10 166 1
3453 166 1
741 166 1
1188 166 1
1207 166 1
328 166 1
4878 166 1
1247 166 1
562 166 1
780 166 1
1995 166 1
895 166 1
1299 166 1
1585 166 1
1984 166 1
193 166 1
630 166 1
3706 166 1
2333 166 1
77 166 1
0 166 1
2836 166 1
1338 166 1
2669 166 1
3348 166 1
4902 166 1
2195 166 1
3518 166 1
1409 166 1
527 166 1
467 166 1
1973 166 1
401 166 1
1456 166 1
2044 166 1
2754 166 1
2252 166 1
3238 166 1
4203 166 1
96 166 1
1009 166 1
2900 166 1
4358 166 1
312 166 1
1 166 1
1796 166 1
543 166 1
1852 166 1
4519 166 1
1328 166 1
4803 166 1
786 166 1
39 166 1
1931 166 1
4704 166 1
4109 166 1
982 166 1
2135 166 1
3126 166 1
316 166 1
2287 166 1
3142 166 1
513 166 1
3361 166 1
0 166 1
1065 166 1
4769 166 1
0 166 1
1599 166 1
1489 166 1
4781 166 1
4326 166 1
965 166 1
1591 166 1
101 166 1
348 166 1
291 166 1
4402 166 1
1487 166 1
0 166 1
64 166 1
88 166 1
3527 166 1
412 166 1
3450 166 1
17 166 1
614 166 1
3250 166 1
423 166 1
4580 166 1
4707 166 1
16 166 1
521 166 1
1919 166 1
1234 166 1
0 166 1
3335 166 1
82 166 1
381 166 1
1542 166 1
2659 166 1
2321 166 1
3 166 1
2757 166 1
2252 166 1
1436 166 1
0 166 1
1710 166 1
19 166 1
2100 166 1
3183 166 1
4121 166 1
987 166 1
306 166 1
416 166 1
2298 166 1
3290 166 1
2950 166 1
590 166 1
2407 166 1
154 166 1
1114 166 1
4218 166 1
891 166 1
258 166 1
1110 166 1
1734 166 1
199 166 1
2124 166 1
1588 166 1
2029 166 1
3400 166 1
540 166 1
3603 166 1
33 166 1
1732 166 1
2178 166 1
1867 166 1
61 166 1
1164 166 1
1 166 1
123 166 1
172 166 1
1835 166 1
1979 166 1
2785 166 1
3953 166 1
2104 166 1
56 166 1
880 166 1
3674 166 1
134 166 1
3173 166 1
12 166 1
246 166 1
865 166 1
228 166 1
759 166 1
1852 166 1
794 166 1
196 166 1
2782 166 1
751 166 1
35 166 1
1265 166 1
3827 166 1
467 166 1
102 166 1
200 166 1
653 166 1
1688 166 1
2510 166 1
1260 166 1
2297 166 1
3955 166 1
1735 166 1
1535 166 1
195 166 1
777 166 1
290 166 1
1358 166 1
3056 166 1
1749 166 1
368 166 1
34 166 1
2388 166 1
4305 166 1
3900 166 1
4579 166 1
552 166 1
89 166 1
2860 166 1
197 166 1
479 166 1
621 166 1
706 166 1
3 166 1
1604 166 1
810 166 1
4399 166 1
576 166 1
3216 166 1
91 166 1
100 166 1
3439 166 1
800 166 1
407 166 1
2127 166 1
3809 166 1
4525 166 1
53 166 1
3784 166 1
3651 166 1
910 166 1
3 166 1
1727 166 1
303 166 1
221 166 1
3905 166 1
4467 166 1
916 166 1
180 166 1
2294 166 1
1515 166 1
1835 166 1
3801 166 1
4402 166 1
275 166 1
112 166 1
292 166 1
562 166 1
121 166 1
277 166 1
3794 166 1
1620 166 1
58 166 1
3962 166 1
1562 166 1
31 166 1
4453 166 1
2679 166 1
3955 166 1
795 166 1
38 166 1
483 166 1
472 166 1
444 166 1
1835 166 1
17 166 1
3330 166 1
4907 166 1
1177 166 1
1809 166 1
68 166 1
0 166 1
4841 166 1
1950 166 1
14 166 1
466 166 1
43 166 1
2798 166 1
502 166 1
574 166 1
0 166 1
723 166 1
966 166 1
1627 166 1
3360 166 1
2878 166 1
2372 166 1
1522 166 1
874 166 1
1488 166 1
1424 166 1
139 166 1
2528 166 1
1882 166 1
2103 166 1
123 166 1
3810 166 1
4013 166 1
249 166 1
8 166 1
865 166 1
44 166 1
389 166 1
0 166 1
2599 166 1
2842 166 1
1472 166 1
754 166 1
1376 166 1
4739 166 1
4729 166 1
246 166 1
3851 166 1
2490 166 1
1481 166 1
1570 166 1
46 166 1
2647 166 1
479 166 1
4169 166 1
539 166 1
600 166 1
0 166 1
902 166 1
40 166 1
326 166 1
487 166 1
2576 166 1
3063 166 1
1961 166 1
698 166 1
1487 166 1
31 166 1
1311 166 1
57 166 1
1882 166 1
157 166 1
2601 166 1
430 166 1
2901 166 1
411 166 1
4192 166 1
1662 166 1
26 166 1
79 166 1
494 166 1
1022 166 1
3112 167 1
4086 167 1
387 167 1
376 167 1
2779 167 1
174 167 1
893 167 1
1762 167 1
1592 167 1
1270 167 1
56 167 1
2780 167 1
3940 167 1
2901 167 1
426 167 1
437 167 1
212 167 1
1239 167 1
236 167 1
84 167 1
3269 167 1
743 167 1
1745 167 1
3860 167 1
1779 167 1
625 167 1
1020 167 1
1040 167 1
2995 167 1
1693 167 1
1292 167 1
257 167 1
984 167 1
1952 167 1
2009 167 1
53 167 1
4120 167 1
2026 167 1
4260 167 1
4583 167 1
925 167 1
44 167 1
2314 167 1
8 167 1
3298 167 1
0 167 1
1197 167 1
350 167 1
0 167 1
2028 167 1
4281 167 1
1599 167 1
206 167 1
825 167 1
1571 167 1
1191 167 1
348 167 1
3488 167 1
498 167 1
4 167 1
450 167 1
313 167 1
299 167 1
2438 167 1
1865 167 1
1595 167 1
683 167 1
2787 167 1
442 167 1
106 167 1
1882 167 1
4061 167 1
2144 167 1
308 167 1
3697 167 1
38 167 1
1145 167 1
1272 167 1
1687 167 1
239 167 1
22 167 1
1068 167 1
2590 167 1
606 167 1
1653 167 1
1625 167 1
2032 167 1
2066 167 1
1276 167 1
4712 167 1
4775 167 1
2205 167 1
2205 167 1
2938 167 1
160 167 1
344 167 1
2463 167 1
650 167 1
2102 167 1
2195 167 1
666 167 1
3515 167 1
1675 167 1
2360 167 1
1009 167 1
900 167 1
1796 167 1
3032 167 1
660 167 1
591 167 1
148 167 1
284 167 1
1238 167 1
2381 167 1
1200 167 1
909 167 1
160 167 1
1096 167 1
368 167 1
1114 167 1
1375 167 1
4311 167 1
185 167 1
4 167 1
422 167 1
1968 167 1
3403 167 1
750 167 1
1423 167 1
2535 167 1
1518 167 1
3552 167 1
2661 167 1
294 167 1
461 167 1
3288 167 1
2693 167 1
2237 167 1
520 167 1
1903 167 1
109 167 1
4187 167 1
379 167 1
2648 167 1
4944 167 1
2368 167 1
800 167 1
705 167 1
4809 167 1
5 167 1
569 167 1
1462 167 1
1121 167 1
1723 167 1
2280 167 1
1 167 1
459 167 1
3306 167 1
2631 167 1
2362 167 1
1142 167 1
3559 167 1
3163 167 1
2248 167 1
1206 167 1
999 167 1
4038 167 1
4450 167 1
263 167 1
1250 167 1
3390 167 1
3799 167 1
10 167 1
151 167 1
1708 167 1
14 167 1
471 167 1
211 167 1
103 167 1
1674 167 1
777 167 1
136 167 1
116 167 1
1616 167 1
414 167 1
17 167 1
1819 167 1
2506 167 1
664 167 1
1539 167 1
3198 167 1
11 167 1
616 167 1
356 167 1
34 167 1
1198 167 1
1311 167 1
649 167 1
194 167 1
4633 167 1
107 167 1
1772 167 1
3344 167 1
3294 167 1
20 167 1
3519 167 1
2447 167 1
1447 167 1
53 167 1
3307 167 1
2327 167 1
441 167 1
4579 167 1
2568 167 1
3327 167 1
3923 167 1
128 167 1
4402 167 1
1747 167 1
285 167 1
1171 167 1
2390 167 1
3624 167 1
333 167 1
420 167 1
2216 167 1
886 167 1
2938 167 1
2561 167 1
2199 167 1
15 167 1
57 167 1
63 167 1
68 167 1
233 167 1
2760 167 1
3401 167 1
0 167 1
966 167 1
1916 167 1
8 167 1
1693 167 1
49 167 1
3238 167 1
35 167 1
3882 167 1
3311 167 1
52 167 1
461 167 1
972 167 1
110 167 1
484 167 1
108 167 1
4280 167 1
122 167 1
10 167 1
4733 167 1
1577 167 1
4365 167 1
4042 167 1
2677 167 1
54 167 1
108 167 1
550 167 1
4526 167 1
158 167 1
880 167 1
2428 167 1
1923 167 1
704 167 1
2902 167 1
3468 167 1
188 167 1
235 167 1
1240 167 1
4988 167 1
0 167 1
3547 167 1
1792 167 1
1 167 1
3597 167 1
1352 167 1
3318 167 1
3 167 1
1461 167 1
221 167 1
3444 167 1
604 167 1
116 167 1
4746 167 1
3930 167 1
642 167 1
1243 167 1
3378 167 1
1281 167 1
4607 167 1
2552 167 1
2121 167 1
1299 167 1
1240 167 1
2727 167 1
17 167 1
4252 167 1
2094 167 1
4462 167 1
702 167 1
482 167 1
1692 167 1
1426 167 1
228 167 1
898 167 1
2759 167 1
884 167 1
2926 167 1
48 167 1
4557 167 1
1143 167 1
3407 167 1
1364 167 1
961 167 1
778 167 1
226 167 1
4565 167 1
4384 167 1
516 167 1
1222 167 1
220 167 1
262 167 1
4781 167 1
1314 167 1
954 167 1
4592 167 1
98 167 1
11 167 1
22 167 1
1256 167 1
4768 167 1
1104 167 1
2877 167 1
82 167 1
1571 167 1
530 167 1
3450 167 1
973 167 1
596 167 1
3011 168 1
2402 168 1
1595 168 1
2650 168 1
52 168 1
13 168 1
1013 168 1
1167 168 1
2452 168 1
1439 168 1
1114 168 1
1978 168 1
1232 168 1
1129 168 1
4300 168 1
3311 168 1
2358 168 1
3695 168 1
3799 168 1
175 168 1
133 168 1
2610 168 1
3218 168 1
3825 168 1
8 168 1
484 168 1
420 168 1
1752 168 1
2988 168 1
0 168 1
3445 168 1
4046 168 1
360 168 1
888 168 1
107 168 1
2801 168 1
665 168 1
210 168 1
3064 168 1
3096 168 1
88 168 1
3261 168 1
3473 168 1
3450 168 1
992 168 1
99 168 1
724 168 1
4105 168 1
1715 168 1
205 168 1
2477 168 1
966 168 1
559 168 1
3414 168 1
2060 168 1
1867 168 1
2274 168 1
821 168 1
4118 168 1
1975 168 1
3732 168 1
2858 168 1
3386 168 1
2985 168 1
3130 168 1
116 168 1
146 168 1
104 168 1
3962 168 1
546 168 1
2890 168 1
23 168 1
212 168 1
103 168 1
82 168 1
1401 168 1
289 168 1
4177 168 1
926 168 1
2410 168 1
87 168 1
236 168 1
358 168 1
386 168 1
4692 168 1
3971 168 1
3346 168 1
2277 168 1
39 168 1
1462 168 1
16 168 1
4067 168 1
1024 168 1
44 168 1
3130 168 1
139 168 1
804 168 1
306 168 1
3342 168 1
369 168 1
777 168 1
266 168 1
4490 168 1
1042 168 1
4727 168 1
229 168 1
3399 168 1
98 168 1
686 168 1
730 168 1
4529 168 1
569 168 1
3390 168 1
318 168 1
970 168 1
0 168 1
1824 168 1
1054 168 1
4145 168 1
3292 168 1
479 168 1
3740 168 1
1468 168 1
660 168 1
260 168 1
2766 168 1
2858 168 1
1332 168 1
5 168 1
4238 168 1
2204 168 1
1876 168 1
1039 168 1
2304 168 1
241 168 1
3792 168 1
1218 168 1
478 168 1
3053 168 1
264 168 1
105 168 1
133 168 1
1528 168 1
1897 168 1
404 168 1
3734 168 1
4734 168 1
1026 168 1
239 168 1
847 168 1
421 168 1
712 168 1
2 168 1
4875 168 1
39 168 1
3848 168 1
214 168 1
2081 168 1
2559 168 1
4639 168 1
438 168 1
4700 168 1
4904 168 1
227 168 1
3546 168 1
2470 168 1
3670 168 1
240 168 1
1260 168 1
4397 168 1
192 168 1
3813 168 1
8 168 1
3817 168 1
2891 168 1
2692 168 1
58 168 1
4834 168 1
3755 168 1
545 168 1
192 168 1
2 168 1
306 168 1
2260 168 1
4457 168 1
422 168 1
2062 168 1
246 168 1
156 168 1
1590 168 1
2238 168 1
784 168 1
500 168 1
1367 168 1
3477 168 1
4333 168 1
3860 168 1
3137 168 1
1622 168 1
95 168 1
585 168 1
3097 168 1
639 168 1
675 168 1
657 168 1
3401 168 1
607 168 1
77 168 1
2686 168 1
3502 168 1
1710 168 1
982 168 1
2427 168 1
2764 168 1
1617 168 1
4255 168 1
4556 168 1
1644 168 1
1186 168 1
2354 168 1
531 168 1
443 168 1
1835 168 1
1937 168 1
24 168 1
446 168 1
3230 168 1
2418 168 1
372 168 1
1276 168 1
4407 168 1
3277 168 1
845 168 1
3500 168 1
498 168 1
53 168 1
2808 168 1
4987 168 1
14 168 1
4943 168 1
746 168 1
252 168 1
114 168 1
2141 168 1
1068 168 1
607 168 1
3394 168 1
266 168 1
2078 168 1
1525 168 1
4215 168 1
3924 168 1
450 168 1
214 168 1
169 168 1
3905 168 1
1150 168 1
1908 168 1
4635 168 1
1978 168 1
1376 168 1
2046 168 1
47 168 1
3660 168 1
3735 168 1
1107 168 1
397 168 1
13 168 1
180 168 1
328 168 1
1400 168 1
36 168 1
493 168 1
1595 168 1
861 168 1
150 168 1
1801 168 1
1546 168 1
1281 168 1
441 168 1
4692 168 1
705 168 1
49 168 1
67 168 1
1 168 1
3323 168 1
1252 168 1
475 168 1
2735 168 1
3130 168 1
962 168 1
1080 168 1
933 168 1
2973 168 1
4859 168 1
177 168 1
1296 168 1
2062 168 1
2132 168 1
3649 168 1
377 168 1
3296 168 1
4032 168 1
2471 168 1
208 168 1
971 168 1
2544 168 1
23 168 1
4486 168 1
2279 168 1
65 168 1
36 168 1
17 168 1
3859 168 1
235 168 1
3667 168 1
1136 168 1
148 168 1
1162 168 1
701 168 1
3025 168 1
7 168 1
1141 168 1
2722 168 1
1248 168 1
311 168 1
4662 168 1
717 168 1
4461 168 1
2005 168 1
697 168 1
87 168 1
3045 168 1
2969 168 1
2318 168 1
342 168 1
476 168 1
1355 168 1
1253 168 1
4466 168 1
2079 168 1
4634 168 1
4030 168 1
2112 168 1
1598 168 1
2498 169 1
0 169 1
2704 169 1
3168 169 1
331 169 1
2431 169 1
989 169 1
2866 169 1
4692 169 1
3430 169 1
4486 169 1
2123 169 1
769 169 1
1661 169 1
3390 169 1
403 169 1
2436 169 1
2376 169 1
723 169 1
4687 169 1
222 169 1
836 169 1
2846 169 1
1965 169 1
2026 169 1
941 169 1
32 169 1
33 169 1
1742 169 1
322 169 1
1590 169 1
2336 169 1
3834 169 1
2252 169 1
1151 169 1
181 169 1
1588 169 1
49 169 1
2268 169 1
4921 169 1
0 169 1
1776 169 1
4162 169 1
3807 169 1
3226 169 1
650 169 1
998 169 1
390 169 1
47 169 1
4799 169 1
20 169 1
17 169 1
3615 169 1
4843 169 1
4550 169 1
737 169 1
1702 169 1
1506 169 1
2073 169 1
96 169 1
3707 169 1
4428 169 1
8 169 1
743 169 1
350 169 1
342 169 1
3506 169 1
3225 169 1
33 169 1
3765 169 1
198 169 1
281 169 1
319 169 1
529 169 1
820 169 1
706 169 1
101 169 1
4784 169 1
4789 169 1
4561 169 1
2769 169 1
3308 169 1
1415 169 1
2421 169 1
91 169 1
4166 169 1
1292 169 1
116 169 1
1400 169 1
526 169 1
164 169 1
248 169 1
390 169 1
2678 169 1
621 169 1
2462 169 1
152 169 1
179 169 1
3952 169 1
60 169 1
4042 169 1
1945 169 1
2367 169 1
1204 169 1
8 169 1
2732 169 1
3153 169 1
3272 169 1
2772 169 1
522 169 1
3 169 1
950 169 1
293 169 1
558 169 1
56 169 1
1611 169 1
4441 169 1
485 169 1
3475 169 1
348 169 1
293 169 1
4520 169 1
763 169 1
2127 169 1
1474 169 1
512 169 1
1185 169 1
206 169 1
2152 169 1
233 169 1
3 169 1
807 169 1
1010 169 1
1520 169 1
1960 169 1
1499 169 1
209 169 1
2297 169 1
2970 169 1
1689 169 1
1855 169 1
847 169 1
4477 169 1
23 169 1
520 169 1
2064 169 1
2004 169 1
871 169 1
246 169 1
0 169 1
972 169 1
4604 169 1
4703 169 1
23 169 1
1946 169 1
148 169 1
1128 169 1
3996 169 1
210 169 1
991 169 1
3381 169 1
2903 169 1
1641 169 1
583 169 1
389 169 1
1250 169 1
592 169 1
57 169 1
1042 169 1
1585 169 1
838 169 1
156 169 1
1660 169 1
2071 169 1
1054 169 1
4151 169 1
26 169 1
2354 169 1
4806 169 1
88 169 1
2114 169 1
2987 169 1
3710 169 1
151 169 1
903 169 1
3029 169 1
67 169 1
762 169 1
13 169 1
307 169 1
668 169 1
2750 169 1
103 169 1
526 169 1
118 169 1
3662 169 1
1660 169 1
115 169 1
4939 169 1
95 169 1
3694 169 1
973 169 1
358 169 1
4920 169 1
2437 169 1
3855 169 1
32 169 1
1369 169 1
204 169 1
28 169 1
1564 169 1
4483 169 1
2606 169 1
1083 169 1
3739 169 1
3473 169 1
824 169 1
4520 169 1
2425 169 1
1749 169 1
15 169 1
4172 169 1
506 169 1
2893 169 1
3399 169 1
868 169 1
2186 169 1
1 169 1
1655 169 1
476 169 1
3566 169 1
4391 169 1
265 169 1
291 169 1
492 169 1
1160 169 1
200 169 1
3346 169 1
240 169 1
3878 169 1
92 169 1
879 169 1
1340 169 1
3844 169 1
1164 169 1
2103 169 1
649 169 1
971 169 1
1570 169 1
2162 169 1
3119 169 1
3812 169 1
1748 169 1
221 169 1
459 169 1
1236 169 1
1198 169 1
1305 169 1
4763 169 1
4486 169 1
1261 169 1
3679 169 1
1246 169 1
305 169 1
1021 169 1
433 169 1
694 169 1
815 169 1
2207 169 1
454 169 1
4683 169 1
173 169 1
3694 169 1
1662 169 1
4984 169 1
1674 169 1
124 169 1
279 169 1
1167 169 1
266 169 1
3405 169 1
1113 169 1
4315 169 1
2455 169 1
2868 169 1
934 169 1
1012 169 1
3442 169 1
959 169 1
2519 169 1
918 169 1
2652 169 1
453 169 1
1821 169 1
1262 169 1
3027 169 1
1662 169 1
352 169 1
2554 169 1
3332 169 1
462 169 1
25 169 1
2950 169 1
51 169 1
3358 169 1
819 169 1
2545 169 1
37 169 1
117 169 1
97 169 1
1713 169 1
86 169 1
1389 169 1
155 169 1
151 169 1
545 169 1
4363 169 1
3582 169 1
1387 169 1
3016 169 1
503 169 1
1690 169 1
100 169 1
53 169 1
2931 169 1
1166 169 1
1021 169 1
3271 169 1
4097 169 1
3360 169 1
201 169 1
3055 169 1
1797 169 1
3998 169 1
4930 169 1
4331 169 1
2981 169 1
1222 169 1
2872 169 1
493 169 1
2959 169 1
1502 169 1
196 169 1
4139 169 1
715 169 1
4546 170 1
418 170 1
14 170 1
120 170 1
3 170 1
70 170 1
227 170 1
2500 170 1
2356 170 1
2380 170 1
789 170 1
2485 170 1
1658 170 1
155 170 1
1333 170 1
207 170 1
1064 170 1
459 170 1
563 170 1
3014 170 1
4018 170 1
224 170 1
2597 170 1
118 170 1
1918 170 1
121 170 1
4803 170 1
1110 170 1
2 170 1
1737 170 1
61 170 1
1532 170 1
629 170 1
1087 170 1
4278 170 1
966 170 1
4680 170 1
41 170 1
3128 170 1
2500 170 1
209 170 1
1390 170 1
1842 170 1
277 170 1
254 170 1
859 170 1
802 170 1
3280 170 1
811 170 1
139 170 1
710 170 1
4498 170 1
1538 170 1
384 170 1
734 170 1
19 170 1
4284 170 1
4034 170 1
3814 170 1
526 170 1
552 170 1
306 170 1
929 170 1
1161 170 1
51 170 1
238 170 1
2583 170 1
588 170 1
439 170 1
2146 170 1
484 170 1
486 170 1
694 170 1
2595 170 1
319 170 1
2161 170 1
18 170 1
1038 170 1
71 170 1
3093 170 1
263 170 1
59 170 1
4721 170 1
65 170 1
40 170 1
252 170 1
2595 170 1
2325 170 1
3537 170 1
799 170 1
1409 170 1
1640 170 1
879 170 1
1281 170 1
66 170 1
1359 170 1
246 170 1
1658 170 1
10 170 1
2077 170 1
934 170 1
124 170 1
4988 170 1
1481 170 1
814 170 1
3822 170 1
280 170 1
451 170 1
41 170 1
32 170 1
307 170 1
1662 170 1
2000 170 1
118 170 1
1257 170 1
14 170 1
796 170 1
2704 170 1
1 170 1
3374 170 1
50 170 1
717 170 1
0 170 1
1456 170 1
1497 170 1
1392 170 1
501 170 1
337 170 1
937 170 1
3096 170 1
3387 170 1
75 170 1
4814 170 1
1109 170 1
54 170 1
61 170 1
1051 170 1
1 170 1
1851 170 1
4178 170 1
1553 170 1
480 170 1
1121 170 1
257 170 1
3479 170 1
880 170 1
798 170 1
757 170 1
3578 170 1
3000 170 1
1432 170 1
1201 170 1
2844 170 1
42 170 1
1 170 1
457 170 1
700 170 1
4737 170 1
672 170 1
3045 170 1
3565 170 1
65 170 1
68 170 1
2470 170 1
2378 170 1
1532 170 1
2188 170 1
3252 170 1
4060 170 1
261 170 1
738 170 1
3305 170 1
9 170 1
1515 170 1
360 170 1
2795 170 1
3617 170 1
1759 170 1
134 170 1
791 170 1
819 170 1
894 170 1
564 170 1
61 170 1
834 170 1
3603 170 1
1832 170 1
1960 170 1
1338 170 1
535 170 1
2857 170 1
470 170 1
958 170 1
243 170 1
610 170 1
960 170 1
1522 170 1
3791 170 1
293 170 1
3914 170 1
869 170 1
2334 170 1
1126 170 1
2985 170 1
2587 170 1
45 170 1
1609 170 1
1054 170 1
4554 170 1
3967 170 1
1474 170 1
0 170 1
3696 170 1
572 170 1
2753 170 1
487 170 1
527 170 1
4463 170 1
2391 170 1
28 170 1
501 170 1
650 170 1
3803 170 1
245 170 1
153 170 1
672 170 1
283 170 1
1081 170 1
3991 170 1
3661 170 1
677 170 1
4534 170 1
705 170 1
3421 170 1
1241 170 1
837 170 1
1 170 1
1593 170 1
2072 170 1
425 170 1
3323 170 1
0 170 1
7 170 1
352 170 1
3393 170 1
892 170 1
4523 170 1
23 170 1
2678 170 1
1029 170 1
4440 170 1
2795 170 1
1884 170 1
567 170 1
1914 170 1
4752 170 1
758 170 1
1062 170 1
9 170 1
1902 170 1
2858 170 1
1462 170 1
821 170 1
104 170 1
1316 170 1
4131 170 1
3568 170 1
0 170 1
3705 170 1
363 170 1
943 170 1
840 170 1
194 170 1
1700 170 1
1587 170 1
1364 170 1
494 170 1
2099 170 1
4543 170 1
2061 170 1
839 170 1
3783 170 1
186 170 1
0 170 1
73 170 1
3940 170 1
3945 170 1
132 170 1
400 170 1
4428 170 1
1178 170 1
3785 170 1
1779 170 1
10 170 1
1124 170 1
424 170 1
709 170 1
3493 170 1
882 170 1
3545 170 1
31 170 1
77 170 1
750 170 1
182 170 1
1019 170 1
64 170 1
152 170 1
1084 170 1
68 170 1
459 170 1
1526 170 1
528 170 1
6 170 1
715 170 1
1096 170 1
4691 170 1
2234 170 1
1282 170 1
727 170 1
49 170 1
95 170 1
63 170 1
707 170 1
3204 170 1
19 170 1
613 170 1
433 170 1
3850 170 1
3145 170 1
143 170 1
2503 170 1
3009 170 1
2241 170 1
179 170 1
2065 170 1
720 170 1
2 170 1
94 170 1
544 170 1
630 170 1
578 170 1
46 170 1
540 170 1
3928 170 1
44 170 1
1229 171 1
3024 171 1
41 171 1
3023 171 1
958 171 1
1632 171 1
4043 171 1
3352 171 1
840 171 1
3955 171 1
745 171 1
1781 171 1
484 171 1
2808 171 1
185 171 1
2054 171 1
183 171 1
1798 171 1
3014 171 1
3009 171 1
39 171 1
3428 171 1
216 171 1
1368 171 1
1120 171 1
254 171 1
3600 171 1
1773 171 1
4375 171 1
1326 171 1
3111 171 1
538 171 1
339 171 1
132 171 1
2256 171 1
1432 171 1
602 171 1
303 171 1
1915 171 1
218 171 1
2563 171 1
4589 171 1
3325 171 1
1 171 1
709 171 1
33 171 1
1530 171 1
115 171 1
4 171 1
2721 171 1
1426 171 1
306 171 1
4650 171 1
116 171 1
2064 171 1
1242 171 1
544 171 1
2 171 1
542 171 1
4838 171 1
4520 171 1
4236 171 1
26 171 1
573 171 1
67 171 1
243 171 1
875 171 1
4488 171 1
2440 171 1
1865 171 1
4191 171 1
2659 171 1
1 171 1
4339 171 1
625 171 1
2513 171 1
1073 171 1
4269 171 1
3362 171 1
3688 171 1
2818 171 1
4687 171 1
534 171 1
2841 171 1
1964 171 1
4718 171 1
312 171 1
1579 171 1
1388 171 1
886 171 1
25 171 1
608 171 1
1065 171 1
81 171 1
4657 171 1
814 171 1
2048 171 1
2544 171 1
1923 171 1
463 171 1
3038 171 1
70 171 1
4816 171 1
0 171 1
362 171 1
1956 171 1
1873 171 1
1520 171 1
1058 171 1
4095 171 1
9 171 1
8 171 1
6 171 1
0 171 1
1518 171 1
105 171 1
877 171 1
1464 171 1
1175 171 1
571 171 1
2176 171 1
199 171 1
4982 171 1
960 171 1
216 171 1
120 171 1
340 171 1
2413 171 1
515 171 1
1060 171 1
269 171 1
0 171 1
2358 171 1
279 171 1
2308 171 1
3749 171 1
3155 171 1
2037 171 1
3652 171 1
2249 171 1
92 171 1
1259 171 1
7 171 1
613 171 1
812 171 1
1966 171 1
1978 171 1
1324 171 1
412 171 1
477 171 1
2260 171 1
3980 171 1
208 171 1
165 171 1
554 171 1
893 171 1
3094 171 1
3782 171 1
2169 171 1
226 171 1
0 171 1
869 171 1
951 171 1
376 171 1
108 171 1
3571 171 1
1309 171 1
218 171 1
598 171 1
2042 171 1
264 171 1
4064 171 1
37 171 1
669 171 1
3305 171 1
300 171 1
2930 171 1
124 171 1
1343 171 1
115 171 1
2508 171 1
2449 171 1
1265 171 1
1097 171 1
898 171 1
38 171 1
502 171 1
194 171 1
1289 171 1
447 171 1
653 171 1
393 171 1
3118 171 1
3317 171 1
0 171 1
3063 171 1
635 171 1
0 171 1
106 171 1
24 171 1
336 171 1
2534 171 1
32 171 1
2119 171 1
380 171 1
4586 171 1
1643 171 1
4009 171 1
1878 171 1
726 171 1
59 171 1
341 171 1
4495 171 1
1580 171 1
90 171 1
3766 171 1
2966 171 1
1792 171 1
1223 171 1
541 171 1
5 171 1
2642 171 1
4624 171 1
3268 171 1
139 171 1
19 171 1
3576 171 1
279 171 1
4769 171 1
39 171 1
2709 171 1
43 171 1
99 171 1
1169 171 1
443 171 1
46 171 1
1205 171 1
232 171 1
91 171 1
2959 171 1
660 171 1
4079 171 1
1092 171 1
1573 171 1
1336 171 1
1766 171 1
519 171 1
2084 171 1
1280 171 1
16 171 1
1 171 1
1495 171 1
5 171 1
766 171 1
1709 171 1
1857 171 1
105 171 1
829 171 1
2102 171 1
767 171 1
4216 171 1
810 171 1
3 171 1
9 171 1
4 171 1
974 171 1
3219 171 1
131 171 1
83 171 1
1994 171 1
3287 171 1
4357 171 1
272 171 1
2671 171 1
775 171 1
140 171 1
2798 171 1
7 171 1
982 171 1
1040 171 1
4467 171 1
891 171 1
49 171 1
138 171 1
2493 171 1
0 171 1
2882 171 1
465 171 1
4974 171 1
2876 171 1
419 171 1
302 171 1
2598 171 1
4863 171 1
1730 171 1
4556 171 1
1658 171 1
4125 171 1
357 171 1
859 171 1
143 171 1
1388 171 1
2646 171 1
23 171 1
41 171 1
4562 171 1
2730 171 1
4270 171 1
3895 171 1
10 171 1
415 171 1
620 171 1
129 171 1
349 171 1
2587 171 1
21 171 1
187 171 1
47 171 1
513 171 1
2412 171 1
840 171 1
1609 171 1
2043 171 1
786 171 1
195 171 1
3423 171 1
2047 171 1
1247 171 1
625 171 1
3129 171 1
2640 171 1
608 171 1
597 171 1
1255 171 1
1086 171 1
1974 171 1
711 171 1
440 171 1
515 171 1
1370 171 1
218 171 1
23 171 1
0 171 1
4844 171 1
962 171 1
3461 172 1
1641 172 1
932 172 1
1778 172 1
8 172 1
11 172 1
253 172 1
213 172 1
179 172 1
1453 172 1
3566 172 1
59 172 1
3744 172 1
1020 172 1
3392 172 1
387 172 1
295 172 1
1534 172 1
4211 172 1
99 172 1
952 172 1
63 172 1
3435 172 1
234 172 1
3401 172 1
1728 172 1
139 172 1
673 172 1
3984 172 1
467 172 1
2511 172 1
2927 172 1
1016 172 1
4434 172 1
52 172 1
3380 172 1
4223 172 1
2826 172 1
1529 172 1
18 172 1
730 172 1
136 172 1
737 172 1
2059 172 1
59 172 1
1534 172 1
4427 172 1
856 172 1
175 172 1
2066 172 1
176 172 1
4085 172 1
531 172 1
1019 172 1
3623 172 1
2691 172 1
2409 172 1
3295 172 1
3986 172 1
2726 172 1
1768 172 1
3140 172 1
2490 172 1
42 172 1
276 172 1
2638 172 1
2135 172 1
3050 172 1
2684 172 1
4409 172 1
1051 172 1
4227 172 1
2048 172 1
27 172 1
1457 172 1
2952 172 1
7 172 1
101 172 1
265 172 1
3783 172 1
1860 172 1
1006 172 1
34 172 1
3619 172 1
2605 172 1
3972 172 1
3668 172 1
1947 172 1
97 172 1
20 172 1
13 172 1
1916 172 1
1246 172 1
100 172 1
2788 172 1
985 172 1
1350 172 1
3555 172 1
3116 172 1
250 172 1
4030 172 1
4152 172 1
4036 172 1
36 172 1
2009 172 1
376 172 1
1335 172 1
34 172 1
751 172 1
1534 172 1
3432 172 1
15 172 1
1289 172 1
79 172 1
3217 172 1
279 172 1
807 172 1
2950 172 1
737 172 1
637 172 1
1036 172 1
887 172 1
798 172 1
4436 172 1
2017 172 1
819 172 1
249 172 1
3962 172 1
1362 172 1
196 172 1
1477 172 1
2281 172 1
458 172 1
1034 172 1
2630 172 1
287 172 1
4144 172 1
36 172 1
2364 172 1
6 172 1
1055 172 1
54 172 1
3748 172 1
3370 172 1
981 172 1
3762 172 1
0 172 1
4039 172 1
2797 172 1
2 172 1
563 172 1
782 172 1
771 172 1
3702 172 1
2359 172 1
502 172 1
168 172 1
1495 172 1
1895 172 1
610 172 1
804 172 1
109 172 1
122 172 1
3996 172 1
4114 172 1
2506 172 1
1129 172 1
147 172 1
4126 172 1
195 172 1
61 172 1
1 172 1
2065 172 1
1493 172 1
4131 172 1
3014 172 1
3 172 1
4772 172 1
1300 172 1
4082 172 1
235 172 1
143 172 1
487 172 1
4153 172 1
287 172 1
805 172 1
3319 172 1
1344 172 1
204 172 1
2581 172 1
214 172 1
451 172 1
3378 172 1
3786 172 1
1165 172 1
1929 172 1
4008 172 1
1993 172 1
2805 172 1
4358 172 1
9 172 1
2314 172 1
168 172 1
3 172 1
358 172 1
1318 172 1
530 172 1
3013 172 1
1789 172 1
2 172 1
1680 172 1
4154 172 1
38 172 1
856 172 1
3536 172 1
1527 172 1
41 172 1
2618 172 1
2298 172 1
1630 172 1
1013 172 1
12 172 1
346 172 1
1471 172 1
2128 172 1
1168 172 1
1621 172 1
2078 172 1
3549 172 1
2740 172 1
3320 172 1
160 172 1
910 172 1
2625 172 1
287 172 1
2643 172 1
4506 172 1
69 172 1
157 172 1
3367 172 1
915 172 1
150 172 1
78 172 1
3542 172 1
2896 172 1
431 172 1
1814 172 1
403 172 1
177 172 1
4608 172 1
835 172 1
1399 172 1
12 172 1
686 172 1
1295 172 1
2955 172 1
163 172 1
1676 172 1
268 172 1
312 172 1
3409 172 1
3195 172 1
2185 172 1
2925 172 1
4867 172 1
1385 172 1
3659 172 1
382 172 1
2999 172 1
2 172 1
211 172 1
4031 172 1
194 172 1
160 172 1
1020 172 1
4659 172 1
472 172 1
88 172 1
1477 172 1
1032 172 1
4688 172 1
4798 172 1
4719 172 1
1532 172 1
1078 172 1
114 172 1
1858 172 1
418 172 1
1395 172 1
656 172 1
2838 172 1
381 172 1
1941 172 1
2845 172 1
47 172 1
3380 172 1
1511 172 1
207 172 1
565 172 1
2964 172 1
2901 172 1
221 172 1
2871 172 1
42 172 1
271 172 1
174 172 1
3701 172 1
75 172 1
428 172 1
3891 172 1
1342 172 1
4553 172 1
14 172 1
4350 172 1
2220 172 1
716 172 1
3897 172 1
414 172 1
1168 172 1
1114 172 1
358 172 1
4979 172 1
122 172 1
759 172 1
148 172 1
4951 172 1
2496 172 1
4859 172 1
1712 172 1
649 172 1
2999 172 1
1162 172 1
218 172 1
1078 172 1
2615 172 1
125 172 1
1568 172 1
3988 172 1
4839 172 1
740 172 1
4586 172 1
3343 172 1
1790 172 1
3358 172 1
3732 172 1
273 173 1
532 173 1
2398 173 1
4109 173 1
4592 173 1
2110 173 1
2142 173 1
2966 173 1
767 173 1
387 173 1
3125 173 1
924 173 1
107 173 1
1438 173 1
4798 173 1
2884 173 1
3082 173 1
1486 173 1
4924 173 1
4206 173 1
2568 173 1
4471 173 1
1154 173 1
2673 173 1
3425 173 1
977 173 1
4871 173 1
244 173 1
55 173 1
316 173 1
3337 173 1
481 173 1
2254 173 1
4420 173 1
3172 173 1
1688 173 1
3203 173 1
693 173 1
3141 173 1
1421 173 1
2101 173 1
133 173 1
3934 173 1
2716 173 1
970 173 1
4443 173 1
4059 173 1
122 173 1
4028 173 1
1666 173 1
375 173 1
190 173 1
1824 173 1
2181 173 1
4790 173 1
109 173 1
382 173 1
2589 173 1
2648 173 1
4660 173 1
31 173 1
0 173 1
1651 173 1
3540 173 1
402 173 1
54 173 1
3358 173 1
3150 173 1
1987 173 1
43 173 1
543 173 1
316 173 1
2609 173 1
1823 173 1
2426 173 1
4943 173 1
309 173 1
1602 173 1
32 173 1
506 173 1
1341 173 1
520 173 1
523 173 1
1661 173 1
2737 173 1
99 173 1
185 173 1
2248 173 1
1512 173 1
1449 173 1
3782 173 1
2863 173 1
176 173 1
959 173 1
0 173 1
8 173 1
3969 173 1
4050 173 1
985 173 1
1386 173 1
850 173 1
3148 173 1
690 173 1
529 173 1
3343 173 1
810 173 1
3133 173 1
63 173 1
179 173 1
89 173 1
419 173 1
170 173 1
3407 173 1
791 173 1
597 173 1
137 173 1
324 173 1
570 173 1
4642 173 1
3777 173 1
1087 173 1
464 173 1
4640 173 1
1506 173 1
33 173 1
1676 173 1
501 173 1
39 173 1
3185 173 1
4323 173 1
63 173 1
8 173 1
3322 173 1
1820 173 1
161 173 1
1196 173 1
4142 173 1
1027 173 1
2816 173 1
66 173 1
1958 173 1
4395 173 1
308 173 1
472 173 1
1 173 1
1648 173 1
4633 173 1
647 173 1
3940 173 1
17 173 1
575 173 1
360 173 1
22 173 1
51 173 1
1820 173 1
3861 173 1
3031 173 1
909 173 1
611 173 1
3783 173 1
827 173 1
2669 173 1
2165 173 1
1772 173 1
1 173 1
2630 173 1
224 173 1
510 173 1
43 173 1
1674 173 1
1334 173 1
122 173 1
826 173 1
25 173 1
0 173 1
8 173 1
8 173 1
2584 173 1
698 173 1
669 173 1
1737 173 1
1196 173 1
4713 173 1
4583 173 1
3241 173 1
1568 173 1
4311 173 1
242 173 1
217 173 1
3009 173 1
2011 173 1
4885 173 1
1277 173 1
2144 173 1
1953 173 1
1430 173 1
3041 173 1
3053 173 1
130 173 1
1965 173 1
1847 173 1
206 173 1
277 173 1
211 173 1
1741 173 1
633 173 1
2242 173 1
169 173 1
259 173 1
33 173 1
1645 173 1
809 173 1
4603 173 1
6 173 1
3325 173 1
1553 173 1
881 173 1
2897 173 1
732 173 1
4462 173 1
3036 173 1
2069 173 1
527 173 1
1959 173 1
1144 173 1
4205 173 1
226 173 1
2783 173 1
754 173 1
101 173 1
1499 173 1
3711 173 1
4981 173 1
775 173 1
1474 173 1
2726 173 1
1009 173 1
3553 173 1
2936 173 1
215 173 1
4933 173 1
858 173 1
753 173 1
508 173 1
1127 173 1
1340 173 1
63 173 1
2778 173 1
3801 173 1
3651 173 1
43 173 1
3067 173 1
1635 173 1
4739 173 1
1718 173 1
4057 173 1
1602 173 1
171 173 1
3790 173 1
124 173 1
2671 173 1
253 173 1
317 173 1
1421 173 1
334 173 1
259 173 1
38 173 1
1174 173 1
71 173 1
3369 173 1
2404 173 1
2989 173 1
450 173 1
3499 173 1
0 173 1
759 173 1
567 173 1
2430 173 1
1604 173 1
336 173 1
958 173 1
513 173 1
2126 173 1
1508 173 1
520 173 1
4770 173 1
65 173 1
854 173 1
2852 173 1
424 173 1
1978 173 1
3140 173 1
2243 173 1
790 173 1
3332 173 1
4172 173 1
161 173 1
1045 173 1
262 173 1
82 173 1
3032 173 1
2046 173 1
62 173 1
702 173 1
3079 173 1
2712 173 1
3185 173 1
2278 173 1
1602 173 1
816 173 1
946 173 1
1274 173 1
0 173 1
4489 173 1
447 173 1
2831 173 1
1474 173 1
2371 173 1
2224 173 1
406 173 1
1 173 1
0 173 1
32 173 1
245 173 1
1711 173 1
455 173 1
2283 173 1
326 173 1
4390 173 1
665 173 1
360 173 1
1771 173 1
338 173 1
1822 173 1
509 173 1
2867 173 1
300 173 1
1102 173 1
2422 173 1
2977 173 1
2424 173 1
128 173 1
464 173 1
1477 173 1
1811 173 1
1798 174 1
189 174 1
795 174 1
4492 174 1
469 174 1
4200 174 1
5 174 1
788 174 1
165 174 1
235 174 1
2720 174 1
2747 174 1
3697 174 1
420 174 1
55 174 1
355 174 1
4472 174 1
3918 174 1
119 174 1
30 174 1
2505 174 1
4499 174 1
4124 174 1
827 174 1
3796 174 1
1891 174 1
2194 174 1
249 174 1
1972 174 1
2501 174 1
138 174 1
1849 174 1
27 174 1
3335 174 1
3638 174 1
3636 174 1
472 174 1
3135 174 1
1314 174 1
3267 174 1
3862 174 1
411 174 1
993 174 1
597 174 1
5 174 1
427 174 1
410 174 1
2347 174 1
891 174 1
28 174 1
470 174 1
3222 174 1
212 174 1
4560 174 1
0 174 1
136 174 1
47 174 1
2555 174 1
58 174 1
3452 174 1
2969 174 1
384 174 1
332 174 1
1172 174 1
3457 174 1
4674 174 1
4265 174 1
2434 174 1
3953 174 1
192 174 1
5 174 1
1592 174 1
1482 174 1
1074 174 1
4966 174 1
654 174 1
294 174 1
4416 174 1
164 174 1
4123 174 1
1766 174 1
37 174 1
1635 174 1
4 174 1
912 174 1
892 174 1
2509 174 1
298 174 1
341 174 1
1239 174 1
4980 174 1
2152 174 1
4611 174 1
2227 174 1
299 174 1
2795 174 1
2339 174 1
4 174 1
5 174 1
1679 174 1
4327 174 1
1000 174 1
232 174 1
1470 174 1
884 174 1
13 174 1
1661 174 1
1276 174 1
35 174 1
44 174 1
4936 174 1
477 174 1
9 174 1
3850 174 1
2132 174 1
2401 174 1
358 174 1
1006 174 1
97 174 1
34 174 1
4420 174 1
4896 174 1
4348 174 1
3506 174 1
118 174 1
1334 174 1
2086 174 1
4445 174 1
1910 174 1
111 174 1
2239 174 1
3570 174 1
229 174 1
4744 174 1
688 174 1
459 174 1
19 174 1
2755 174 1
2285 174 1
0 174 1
611 174 1
2239 174 1
586 174 1
2604 174 1
267 174 1
580 174 1
929 174 1
224 174 1
1241 174 1
619 174 1
4964 174 1
69 174 1
1 174 1
2077 174 1
580 174 1
291 174 1
588 174 1
345 174 1
456 174 1
15 174 1
4462 174 1
116 174 1
2606 174 1
75 174 1
298 174 1
1207 174 1
509 174 1
3095 174 1
2421 174 1
59 174 1
126 174 1
1662 174 1
1404 174 1
206 174 1
294 174 1
659 174 1
341 174 1
405 174 1
455 174 1
476 174 1
39 174 1
0 174 1
868 174 1
4185 174 1
3257 174 1
885 174 1
1773 174 1
4534 174 1
1307 174 1
302 174 1
2060 174 1
640 174 1
230 174 1
1576 174 1
4907 174 1
1586 174 1
1157 174 1
312 174 1
3852 174 1
4860 174 1
1171 174 1
188 174 1
962 174 1
278 174 1
42 174 1
4757 174 1
110 174 1
43 174 1
929 174 1
171 174 1
850 174 1
431 174 1
732 174 1
2555 174 1
56 174 1
43 174 1
11 174 1
788 174 1
344 174 1
1931 174 1
4274 174 1
0 174 1
3513 174 1
23 174 1
204 174 1
1814 174 1
4426 174 1
4441 174 1
3511 174 1
601 174 1
3483 174 1
22 174 1
113 174 1
4714 174 1
12 174 1
1981 174 1
4260 174 1
3442 174 1
1423 174 1
628 174 1
1084 174 1
4311 174 1
4533 174 1
4417 174 1
2088 174 1
627 174 1
1673 174 1
1069 174 1
3639 174 1
117 174 1
4218 174 1
4785 174 1
998 174 1
1057 174 1
1946 174 1
3144 174 1
707 174 1
892 174 1
4373 174 1
2636 174 1
3881 174 1
4813 174 1
2463 174 1
18 174 1
789 174 1
302 174 1
95 174 1
86 174 1
2587 174 1
286 174 1
4929 174 1
39 174 1
2 174 1
2404 174 1
536 174 1
2400 174 1
4252 174 1
3627 174 1
773 174 1
3396 174 1
81 174 1
1875 174 1
1398 174 1
1716 174 1
108 174 1
155 174 1
1882 174 1
3474 174 1
13 174 1
4370 174 1
173 174 1
48 174 1
245 174 1
165 174 1
1101 174 1
3955 174 1
4 174 1
1688 174 1
1311 174 1
71 174 1
2315 174 1
1796 174 1
4583 174 1
3831 174 1
4622 174 1
221 174 1
3791 174 1
217 174 1
1021 174 1
1002 174 1
142 174 1
3258 174 1
3181 174 1
2006 174 1
3 174 1
707 174 1
63 174 1
1029 174 1
1207 174 1
1620 174 1
701 174 1
459 174 1
718 174 1
525 174 1
4523 174 1
1699 174 1
4773 174 1
2599 174 1
3560 174 1
3771 174 1
94 174 1
2949 174 1
4073 174 1
2314 174 1
117 174 1
2672 174 1
4626 174 1
1056 174 1
4718 174 1
4733 174 1
1273 174 1
335 174 1
0 174 1
739 174 1
1527 174 1
2263 175 1
317 175 1
1045 175 1
4069 175 1
1362 175 1
396 175 1
2844 175 1
3219 175 1
4365 175 1
210 175 1
812 175 1
1680 175 1
2402 175 1
3239 175 1
30 175 1
119 175 1
1120 175 1
3204 175 1
1123 175 1
4094 175 1
2680 175 1
4806 175 1
49 175 1
1280 175 1
2604 175 1
251 175 1
1171 175 1
2617 175 1
27 175 1
3421 175 1
809 175 1
4100 175 1
1003 175 1
254 175 1
3433 175 1
0 175 1
460 175 1
783 175 1
18 175 1
2393 175 1
120 175 1
3210 175 1
832 175 1
4630 175 1
298 175 1
1124 175 1
176 175 1
418 175 1
1615 175 1
898 175 1
103 175 1
539 175 1
95 175 1
1 175 1
3426 175 1
1267 175 1
0 175 1
1451 175 1
2659 175 1
2321 175 1
4005 175 1
1001 175 1
105 175 1
477 175 1
3197 175 1
788 175 1
1644 175 1
364 175 1
30 175 1
357 175 1
2482 175 1
1522 175 1
109 175 1
802 175 1
2 175 1
3286 175 1
753 175 1
4797 175 1
3559 175 1
304 175 1
3890 175 1
2268 175 1
117 175 1
966 175 1
2668 175 1
3890 175 1
622 175 1
108 175 1
228 175 1
926 175 1
448 175 1
420 175 1
171 175 1
1404 175 1
115 175 1
726 175 1
400 175 1
403 175 1
3619 175 1
2751 175 1
21 175 1
28 175 1
15 175 1
354 175 1
244 175 1
1603 175 1
2886 175 1
2077 175 1
2504 175 1
876 175 1
831 175 1
4445 175 1
2003 175 1
3031 175 1
945 175 1
879 175 1
4784 175 1
2139 175 1
940 175 1
1443 175 1
2384 175 1
2206 175 1
1597 175 1
2119 175 1
369 175 1
1958 175 1
0 175 1
36 175 1
978 175 1
1118 175 1
3625 175 1
4874 175 1
126 175 1
29 175 1
1932 175 1
3291 175 1
328 175 1
257 175 1
1520 175 1
712 175 1
211 175 1
4359 175 1
1249 175 1
4229 175 1
3197 175 1
2724 175 1
2250 175 1
4490 175 1
125 175 1
13 175 1
3263 175 1
193 175 1
8 175 1
813 175 1
715 175 1
24 175 1
3389 175 1
1227 175 1
2576 175 1
788 175 1
2418 175 1
59 175 1
17 175 1
1868 175 1
568 175 1
339 175 1
2897 175 1
2325 175 1
414 175 1
85 175 1
2639 175 1
559 175 1
3249 175 1
377 175 1
583 175 1
1934 175 1
1177 175 1
1978 175 1
3844 175 1
4626 175 1
3176 175 1
1864 175 1
4637 175 1
573 175 1
199 175 1
4361 175 1
1606 175 1
706 175 1
95 175 1
114 175 1
2058 175 1
1934 175 1
154 175 1
4864 175 1
1062 175 1
1440 175 1
1232 175 1
3302 175 1
1152 175 1
4201 175 1
2423 175 1
21 175 1
4758 175 1
1564 175 1
1587 175 1
833 175 1
7 175 1
8 175 1
1631 175 1
1417 175 1
909 175 1
3323 175 1
2355 175 1
658 175 1
116 175 1
37 175 1
247 175 1
4 175 1
4225 175 1
11 175 1
0 175 1
2 175 1
2895 175 1
2784 175 1
2097 175 1
188 175 1
346 175 1
461 175 1
729 175 1
2020 175 1
3344 175 1
7 175 1
553 175 1
1527 175 1
3739 175 1
4633 175 1
1164 175 1
2096 175 1
3487 175 1
4328 175 1
489 175 1
234 175 1
1616 175 1
435 175 1
73 175 1
2110 175 1
4557 175 1
422 175 1
467 175 1
2111 175 1
29 175 1
693 175 1
60 175 1
365 175 1
3414 175 1
1 175 1
1429 175 1
2236 175 1
1022 175 1
2164 175 1
46 175 1
0 175 1
627 175 1
3555 175 1
2058 175 1
513 175 1
681 175 1
616 175 1
3783 175 1
48 175 1
4683 175 1
343 175 1
3 175 1
1357 175 1
1504 175 1
857 175 1
1306 175 1
2033 175 1
166 175 1
1115 175 1
1761 175 1
1730 175 1
3553 175 1
497 175 1
200 175 1
2212 175 1
2794 175 1
4042 175 1
126 175 1
919 175 1
3841 175 1
1998 175 1
150 175 1
82 175 1
109 175 1
912 175 1
1293 175 1
123 175 1
3097 175 1
181 175 1
408 175 1
1111 175 1
349 175 1
271 175 1
1268 175 1
4709 175 1
1388 175 1
353 175 1
287 175 1
436 175 1
1984 175 1
1054 175 1
1293 175 1
4699 175 1
2035 175 1
1208 175 1
1499 175 1
2910 175 1
504 175 1
396 175 1
881 175 1
5 175 1
1091 175 1
81 175 1
584 175 1
2477 175 1
3640 175 1
1938 175 1
527 175 1
929 175 1
184 175 1
4227 175 1
17 175 1
1451 175 1
1144 175 1
1949 175 1
495 175 1
4541 175 1
902 175 1
3038 175 1
144 175 1
411 175 1
699 175 1
434 175 1
609 175 1
1555 176 1
4844 176 1
2187 176 1
3724 176 1
105 176 1
0 176 1
67 176 1
7 176 1
1135 176 1
2236 176 1
3239 176 1
525 176 1
73 176 1
2839 176 1
3261 176 1
1309 176 1
870 176 1
450 176 1
4466 176 1
1288 176 1
3378 176 1
0 176 1
35 176 1
711 176 1
3967 176 1
4974 176 1
940 176 1
704 176 1
1262 176 1
2466 176 1
7 176 1
1227 176 1
79 176 1
268 176 1
3001 176 1
2710 176 1
1562 176 1
108 176 1
3571 176 1
3544 176 1
3708 176 1
2931 176 1
531 176 1
3395 176 1
746 176 1
4380 176 1
189 176 1
2544 176 1
74 176 1
7 176 1
1409 176 1
3383 176 1
478 176 1
484 176 1
1713 176 1
520 176 1
582 176 1
4722 176 1
4839 176 1
394 176 1
1268 176 1
50 176 1
1250 176 1
784 176 1
594 176 1
17 176 1
7 176 1
732 176 1
555 176 1
132 176 1
4659 176 1
35 176 1
3183 176 1
139 176 1
4136 176 1
1255 176 1
3300 176 1
21 176 1
4700 176 1
2063 176 1
678 176 1
3749 176 1
4291 176 1
819 176 1
4549 176 1
99 176 1
397 176 1
617 176 1
421 176 1
3598 176 1
1661 176 1
4101 176 1
1409 176 1
1310 176 1
56 176 1
245 176 1
568 176 1
1420 176 1
2660 176 1
336 176 1
1777 176 1
363 176 1
73 176 1
2746 176 1
4721 176 1
655 176 1
1406 176 1
892 176 1
3436 176 1
817 176 1
1961 176 1
400 176 1
1074 176 1
1555 176 1
16 176 1
29 176 1
4235 176 1
458 176 1
4533 176 1
1618 176 1
1923 176 1
24 176 1
98 176 1
1950 176 1
999 176 1
2034 176 1
382 176 1
35 176 1
506 176 1
1 176 1
1524 176 1
3492 176 1
11 176 1
4854 176 1
3890 176 1
24 176 1
1608 176 1
79 176 1
4046 176 1
63 176 1
4904 176 1
15 176 1
9 176 1
783 176 1
1412 176 1
271 176 1
541 176 1
2143 176 1
922 176 1
0 176 1
327 176 1
173 176 1
1586 176 1
2667 176 1
1294 176 1
2397 176 1
1807 176 1
14 176 1
1847 176 1
26 176 1
1712 176 1
1477 176 1
2214 176 1
6 176 1
517 176 1
2272 176 1
3687 176 1
3287 176 1
1963 176 1
437 176 1
1708 176 1
759 176 1
4839 176 1
1248 176 1
101 176 1
180 176 1
24 176 1
1420 176 1
2154 176 1
2686 176 1
1613 176 1
39 176 1
1032 176 1
3649 176 1
66 176 1
42 176 1
1834 176 1
4 176 1
1776 176 1
4381 176 1
4695 176 1
2440 176 1
956 176 1
772 176 1
2183 176 1
3294 176 1
435 176 1
1966 176 1
2710 176 1
3698 176 1
1636 176 1
1589 176 1
219 176 1
4686 176 1
89 176 1
781 176 1
1727 176 1
373 176 1
2264 176 1
2827 176 1
10 176 1
363 176 1
1583 176 1
853 176 1
4450 176 1
2153 176 1
824 176 1
1691 176 1
3492 176 1
238 176 1
2296 176 1
3156 176 1
2522 176 1
3694 176 1
1477 176 1
1061 176 1
3021 176 1
310 176 1
279 176 1
1320 176 1
215 176 1
249 176 1
2133 176 1
8 176 1
2716 176 1
296 176 1
3376 176 1
479 176 1
1352 176 1
925 176 1
1933 176 1
226 176 1
3242 176 1
464 176 1
107 176 1
2796 176 1
2897 176 1
1836 176 1
67 176 1
338 176 1
180 176 1
1572 176 1
2693 176 1
4278 176 1
2803 176 1
2857 176 1
3975 176 1
4414 176 1
406 176 1
3745 176 1
1 176 1
1427 176 1
160 176 1
1361 176 1
0 176 1
3199 176 1
191 176 1
4049 176 1
3173 176 1
2382 176 1
1298 176 1
81 176 1
3124 176 1
37 176 1
1701 176 1
606 176 1
12 176 1
3615 176 1
3641 176 1
2676 176 1
2216 176 1
2930 176 1
3040 176 1
47 176 1
2657 176 1
2869 176 1
2492 176 1
0 176 1
0 176 1
2583 176 1
2449 176 1
532 176 1
446 176 1
4973 176 1
1146 176 1
4 176 1
1894 176 1
61 176 1
2213 176 1
1766 176 1
3 176 1
2849 176 1
3 176 1
3466 176 1
4271 176 1
334 176 1
179 176 1
253 176 1
4858 176 1
787 176 1
870 176 1
2515 176 1
148 176 1
2410 176 1
2140 176 1
2446 176 1
1050 176 1
3221 176 1
1800 176 1
3605 176 1
6 176 1
2768 176 1
3334 176 1
4513 176 1
2494 176 1
3093 176 1
2214 176 1
203 176 1
104 176 1
1137 176 1
1117 176 1
487 176 1
681 176 1
3353 176 1
2432 176 1
1481 176 1
267 176 1
1114 176 1
772 176 1
1909 176 1
15 176 1
58 176 1
2453 176 1
1464 176 1
2116 176 1
3565 177 1
2366 177 1
2869 177 1
132 177 1
1208 177 1
593 177 1
4764 177 1
3283 177 1
46 177 1
894 177 1
10 177 1
3744 177 1
2698 177 1
291 177 1
11 177 1
420 177 1
12 177 1
4132 177 1
406 177 1
2460 177 1
165 177 1
928 177 1
458 177 1
428 177 1
45 177 1
3997 177 1
3854 177 1
782 177 1
4873 177 1
1 177 1
175 177 1
3700 177 1
1111 177 1
1585 177 1
1265 177 1
0 177 1
765 177 1
1693 177 1
2927 177 1
732 177 1
62 177 1
141 177 1
53 177 1
324 177 1
2565 177 1
3282 177 1
1210 177 1
2233 177 1
1412 177 1
4676 177 1
2476 177 1
1366 177 1
1666 177 1
352 177 1
945 177 1
4873 177 1
2508 177 1
4607 177 1
141 177 1
2148 177 1
646 177 1
142 177 1
3180 177 1
4002 177 1
830 177 1
4181 177 1
398 177 1
517 177 1
2155 177 1
8 177 1
1977 177 1
2520 177 1
2013 177 1
344 177 1
4291 177 1
2 177 1
1293 177 1
0 177 1
4746 177 1
1366 177 1
1229 177 1
2523 177 1
246 177 1
3009 177 1
27 177 1
230 177 1
2781 177 1
4613 177 1
2354 177 1
863 177 1
2524 177 1
230 177 1
1181 177 1
75 177 1
177 177 1
342 177 1
3296 177 1
4873 177 1
0 177 1
2335 177 1
3370 177 1
242 177 1
19 177 1
1260 177 1
748 177 1
496 177 1
1225 177 1
200 177 1
2640 177 1
599 177 1
1321 177 1
3954 177 1
1867 177 1
2306 177 1
407 177 1
4159 177 1
2436 177 1
1908 177 1
46 177 1
4794 177 1
3907 177 1
2655 177 1
75 177 1
1115 177 1
1292 177 1
182 177 1
569 177 1
440 177 1
258 177 1
578 177 1
4949 177 1
357 177 1
3066 177 1
3754 177 1
11 177 1
154 177 1
785 177 1
0 177 1
3700 177 1
160 177 1
1142 177 1
2726 177 1
1043 177 1
2367 177 1
3712 177 1
3859 177 1
4792 177 1
806 177 1
1 177 1
2358 177 1
4486 177 1
1354 177 1
3217 177 1
2288 177 1
974 177 1
1472 177 1
1906 177 1
988 177 1
572 177 1
1854 177 1
2395 177 1
622 177 1
1441 177 1
988 177 1
746 177 1
917 177 1
4157 177 1
746 177 1
1088 177 1
671 177 1
2885 177 1
76 177 1
3051 177 1
4483 177 1
85 177 1
3519 177 1
1627 177 1
20 177 1
79 177 1
66 177 1
700 177 1
459 177 1
1974 177 1
2816 177 1
4447 177 1
69 177 1
895 177 1
1112 177 1
1939 177 1
104 177 1
3295 177 1
4308 177 1
0 177 1
2801 177 1
1074 177 1
97 177 1
397 177 1
1127 177 1
2021 177 1
323 177 1
969 177 1
4179 177 1
179 177 1
3171 177 1
540 177 1
951 177 1
445 177 1
2521 177 1
395 177 1
79 177 1
223 177 1
4007 177 1
340 177 1
1596 177 1
3755 177 1
4814 177 1
390 177 1
1646 177 1
745 177 1
1841 177 1
271 177 1
568 177 1
1380 177 1
12 177 1
1785 177 1
3820 177 1
0 177 1
1518 177 1
2884 177 1
2322 177 1
4119 177 1
3456 177 1
710 177 1
3388 177 1
1764 177 1
116 177 1
32 177 1
261 177 1
0 177 1
345 177 1
2069 177 1
1691 177 1
714 177 1
1469 177 1
1619 177 1
2930 177 1
1873 177 1
1120 177 1
2606 177 1
1066 177 1
1481 177 1
1137 177 1
2864 177 1
1802 177 1
3404 177 1
129 177 1
673 177 1
34 177 1
212 177 1
279 177 1
3551 177 1
1830 177 1
2493 177 1
44 177 1
489 177 1
2777 177 1
2385 177 1
2830 177 1
176 177 1
27 177 1
419 177 1
3230 177 1
4871 177 1
3975 177 1
6 177 1
284 177 1
0 177 1
1181 177 1
4378 177 1
3869 177 1
3084 177 1
4687 177 1
736 177 1
2194 177 1
484 177 1
12 177 1
232 177 1
1697 177 1
10 177 1
4039 177 1
773 177 1
227 177 1
897 177 1
337 177 1
2896 177 1
4498 177 1
47 177 1
1005 177 1
2530 177 1
4419 177 1
3645 177 1
621 177 1
794 177 1
17 177 1
1094 177 1
4396 177 1
2884 177 1
55 177 1
1736 177 1
1685 177 1
1856 177 1
1010 177 1
20 177 1
378 177 1
1266 177 1
1282 177 1
1293 177 1
1571 177 1
545 177 1
2517 177 1
732 177 1
4987 177 1
155 177 1
4487 177 1
993 177 1
4097 177 1
2895 177 1
2759 177 1
181 177 1
521 177 1
1459 177 1
2824 177 1
2527 177 1
58 177 1
324 177 1
10 177 1
1339 177 1
4873 177 1
1624 177 1
475 177 1
21 177 1
358 177 1
9 177 1
1182 177 1
1358 177 1
64 178 1
959 178 1
2589 178 1
12 178 1
4537 178 1
4284 178 1
1563 178 1
2310 178 1
3190 178 1
3764 178 1
51 178 1
0 178 1
141 178 1
145 178 1
3237 178 1
1406 178 1
3298 178 1
342 178 1
1914 178 1
48 178 1
4364 178 1
527 178 1
844 178 1
3 178 1
1123 178 1
132 178 1
4294 178 1
3005 178 1
267 178 1
294 178 1
2004 178 1
125 178 1
4784 178 1
464 178 1
3068 178 1
3566 178 1
680 178 1
861 178 1
0 178 1
2881 178 1
144 178 1
724 178 1
10 178 1
802 178 1
1097 178 1
1426 178 1
682 178 1
445 178 1
1546 178 1
4870 178 1
4 178 1
2102 178 1
3373 178 1
1527 178 1
4910 178 1
3 178 1
4023 178 1
1991 178 1
4324 178 1
4403 178 1
934 178 1
177 178 1
1036 178 1
1509 178 1
119 178 1
993 178 1
473 178 1
289 178 1
1182 178 1
1623 178 1
3 178 1
694 178 1
2606 178 1
408 178 1
4380 178 1
373 178 1
2428 178 1
235 178 1
264 178 1
2117 178 1
16 178 1
941 178 1
982 178 1
4401 178 1
1343 178 1
235 178 1
72 178 1
20 178 1
135 178 1
45 178 1
1899 178 1
4483 178 1
112 178 1
2913 178 1
10 178 1
2970 178 1
710 178 1
539 178 1
1895 178 1
336 178 1
3158 178 1
2367 178 1
3108 178 1
76 178 1
408 178 1
4171 178 1
3818 178 1
3 178 1
4574 178 1
3573 178 1
2897 178 1
1049 178 1
3638 178 1
498 178 1
480 178 1
379 178 1
879 178 1
27 178 1
76 178 1
485 178 1
2735 178 1
32 178 1
2997 178 1
2479 178 1
101 178 1
169 178 1
2682 178 1
1560 178 1
232 178 1
3712 178 1
13 178 1
114 178 1
569 178 1
1314 178 1
12 178 1
3000 178 1
2633 178 1
352 178 1
321 178 1
160 178 1
326 178 1
3441 178 1
1081 178 1
3407 178 1
26 178 1
601 178 1
706 178 1
50 178 1
3054 178 1
582 178 1
51 178 1
901 178 1
812 178 1
20 178 1
673 178 1
160 178 1
4734 178 1
387 178 1
532 178 1
1991 178 1
1993 178 1
376 178 1
2747 178 1
641 178 1
1013 178 1
3768 178 1
0 178 1
899 178 1
1944 178 1
3113 178 1
2089 178 1
3820 178 1
4191 178 1
231 178 1
2999 178 1
3460 178 1
4542 178 1
15 178 1
4615 178 1
1175 178 1
209 178 1
2698 178 1
4145 178 1
77 178 1
414 178 1
867 178 1
521 178 1
42 178 1
1524 178 1
4863 178 1
60 178 1
2216 178 1
688 178 1
2927 178 1
2902 178 1
1709 178 1
1113 178 1
2667 178 1
310 178 1
118 178 1
33 178 1
2105 178 1
4147 178 1
1470 178 1
4385 178 1
4357 178 1
0 178 1
542 178 1
797 178 1
0 178 1
1018 178 1
469 178 1
115 178 1
3565 178 1
2226 178 1
121 178 1
485 178 1
3464 178 1
2225 178 1
926 178 1
524 178 1
1316 178 1
3033 178 1
2879 178 1
1274 178 1
662 178 1
195 178 1
57 178 1
855 178 1
967 178 1
3661 178 1
1865 178 1
4376 178 1
3632 178 1
1642 178 1
1001 178 1
4409 178 1
130 178 1
1493 178 1
522 178 1
3725 178 1
407 178 1
1398 178 1
3969 178 1
928 178 1
233 178 1
3611 178 1
41 178 1
99 178 1
296 178 1
3329 178 1
628 178 1
794 178 1
14 178 1
142 178 1
407 178 1
3501 178 1
1790 178 1
390 178 1
2065 178 1
1997 178 1
4020 178 1
20 178 1
223 178 1
1243 178 1
328 178 1
2779 178 1
572 178 1
836 178 1
407 178 1
1073 178 1
974 178 1
169 178 1
11 178 1
2197 178 1
63 178 1
3251 178 1
4263 178 1
3418 178 1
695 178 1
1579 178 1
2137 178 1
179 178 1
2842 178 1
396 178 1
2549 178 1
2924 178 1
180 178 1
90 178 1
164 178 1
340 178 1
1104 178 1
3701 178 1
3321 178 1
1350 178 1
3129 178 1
1776 178 1
2756 178 1
3026 178 1
417 178 1
1997 178 1
4698 178 1
776 178 1
4420 178 1
1 178 1
3294 178 1
1692 178 1
3449 178 1
3864 178 1
0 178 1
314 178 1
3467 178 1
7 178 1
87 178 1
1800 178 1
206 178 1
2358 178 1
4734 178 1
4856 178 1
130 178 1
269 178 1
13 178 1
1219 178 1
2525 178 1
4096 178 1
480 178 1
3401 178 1
3147 178 1
3468 178 1
61 178 1
3166 178 1
3927 178 1
30 178 1
835 178 1
3690 178 1
824 178 1
383 178 1
4671 178 1
4077 178 1
4846 178 1
962 178 1
958 178 1
3262 178 1
2606 178 1
0 178 1
236 179 1
467 179 1
339 179 1
3397 179 1
5 179 1
3910 179 1
406 179 1
1567 179 1
1147 179 1
16 179 1
213 179 1
2924 179 1
170 179 1
3677 179 1
3316 179 1
140 179 1
142 179 1
1898 179 1
4495 179 1
466 179 1
19 179 1
226 179 1
968 179 1
4926 179 1
597 179 1
140 179 1
986 179 1
2539 179 1
977 179 1
588 179 1
274 179 1
149 179 1
439 179 1
183 179 1
2302 179 1
511 179 1
3196 179 1
2129 179 1
2633 179 1
2300 179 1
30 179 1
4 179 1
1512 179 1
17 179 1
270 179 1
102 179 1
2999 179 1
4284 179 1
3353 179 1
4474 179 1
3299 179 1
922 179 1
2966 179 1
529 179 1
4910 179 1
489 179 1
1663 179 1
1234 179 1
3585 179 1
978 179 1
2145 179 1
1839 179 1
1725 179 1
485 179 1
3216 179 1
208 179 1
25 179 1
3366 179 1
1474 179 1
4956 179 1
8 179 1
2765 179 1
3290 179 1
2939 179 1
946 179 1
48 179 1
335 179 1
1919 179 1
282 179 1
4317 179 1
4032 179 1
3568 179 1
190 179 1
252 179 1
11 179 1
2265 179 1
4409 179 1
2194 179 1
373 179 1
3779 179 1
321 179 1
1762 179 1
3372 179 1
3643 179 1
833 179 1
4518 179 1
2669 179 1
348 179 1
657 179 1
20 179 1
2199 179 1
50 179 1
2686 179 1
2100 179 1
4794 179 1
109 179 1
125 179 1
282 179 1
850 179 1
63 179 1
2858 179 1
1116 179 1
22 179 1
1707 179 1
4913 179 1
3968 179 1
1877 179 1
4786 179 1
14 179 1
11 179 1
539 179 1
1911 179 1
1690 179 1
0 179 1
1807 179 1
3770 179 1
4595 179 1
371 179 1
4407 179 1
69 179 1
535 179 1
143 179 1
1435 179 1
3242 179 1
2888 179 1
2192 179 1
121 179 1
588 179 1
1430 179 1
912 179 1
18 179 1
68 179 1
62 179 1
3746 179 1
305 179 1
308 179 1
66 179 1
976 179 1
475 179 1
3005 179 1
291 179 1
2654 179 1
272 179 1
455 179 1
60 179 1
681 179 1
4375 179 1
918 179 1
12 179 1
118 179 1
847 179 1
47 179 1
4653 179 1
1643 179 1
10 179 1
0 179 1
11 179 1
26 179 1
112 179 1
94 179 1
248 179 1
4383 179 1
32 179 1
2550 179 1
1068 179 1
43 179 1
559 179 1
933 179 1
1509 179 1
984 179 1
3125 179 1
6 179 1
3251 179 1
1586 179 1
3067 179 1
1137 179 1
3098 179 1
37 179 1
2364 179 1
3232 179 1
313 179 1
850 179 1
21 179 1
866 179 1
2594 179 1
2463 179 1
3617 179 1
157 179 1
1372 179 1
3479 179 1
45 179 1
629 179 1
74 179 1
547 179 1
0 179 1
918 179 1
11 179 1
0 179 1
339 179 1
4114 179 1
4973 179 1
1598 179 1
175 179 1
2213 179 1
875 179 1
1049 179 1
1805 179 1
39 179 1
3413 179 1
2265 179 1
3012 179 1
271 179 1
3063 179 1
140 179 1
93 179 1
199 179 1
4944 179 1
2320 179 1
2906 179 1
3949 179 1
3051 179 1
2162 179 1
5 179 1
2476 179 1
842 179 1
12 179 1
2214 179 1
2168 179 1
3436 179 1
1 179 1
3998 179 1
1192 179 1
656 179 1
482 179 1
1111 179 1
2989 179 1
23 179 1
1590 179 1
657 179 1
2832 179 1
3677 179 1
776 179 1
113 179 1
1081 179 1
2608 179 1
1724 179 1
1474 179 1
993 179 1
281 179 1
4641 179 1
1464 179 1
567 179 1
1627 179 1
908 179 1
52 179 1
4750 179 1
2752 179 1
1336 179 1
1996 179 1
1901 179 1
2991 179 1
3328 179 1
2554 179 1
632 179 1
377 179 1
3435 179 1
654 179 1
4045 179 1
0 179 1
4662 179 1
1083 179 1
2779 179 1
161 179 1
441 179 1
409 179 1
1818 179 1
2475 179 1
1246 179 1
557 179 1
1333 179 1
889 179 1
237 179 1
376 179 1
4829 179 1
754 179 1
1557 179 1
3946 179 1
903 179 1
532 179 1
2834 179 1
3752 179 1
85 179 1
210 179 1
3677 179 1
4502 179 1
612 179 1
3102 179 1
1722 179 1
921 179 1
3768 179 1
3709 179 1
1369 179 1
312 179 1
4710 179 1
1856 179 1
1434 179 1
1591 179 1
540 179 1
1520 179 1
78 179 1
4292 179 1
3608 179 1
63 179 1
4281 179 1
4453 179 1
485 179 1
1721 179 1
3474 179 1
723 179 1
1917 179 1
3588 179 1
419 179 1
4313 179 1
717 179 1
24 179 1
1699 179 1
222 179 1
826 179 1
685 179 1
1095 179 1
4420 179 1
5 179 1
3884 179 1
510 179 1
1649 179 1
1971 180 1
1913 180 1
1604 180 1
60 180 1
2159 180 1
614 180 1
128 180 1
2677 180 1
1217 180 1
1318 180 1
829 180 1
1502 180 1
2964 180 1
83 180 1
2074 180 1
468 180 1
110 180 1
3353 180 1
1834 180 1
1172 180 1
622 180 1
4807 180 1
169 180 1
3789 180 1
2565 180 1
1797 180 1
3841 180 1
4739 180 1
3052 180 1
2011 180 1
8 180 1
13 180 1
921 180 1
1167 180 1
2097 180 1
344 180 1
14 180 1
3518 180 1
347 180 1
3804 180 1
69 180 1
3928 180 1
889 180 1
4490 180 1
160 180 1
2882 180 1
3462 180 1
1465 180 1
4907 180 1
84 180 1
3657 180 1
137 180 1
0 180 1
2423 180 1
201 180 1
23 180 1
659 180 1
280 180 1
10 180 1
1115 180 1
4402 180 1
25 180 1
320 180 1
62 180 1
704 180 1
4268 180 1
205 180 1
1279 180 1
380 180 1
2679 180 1
2387 180 1
2460 180 1
3995 180 1
4947 180 1
594 180 1
117 180 1
440 180 1
1477 180 1
4 180 1
417 180 1
51 180 1
2725 180 1
3215 180 1
339 180 1
1678 180 1
3545 180 1
1 180 1
636 180 1
27 180 1
124 180 1
872 180 1
645 180 1
1126 180 1
1158 180 1
2223 180 1
3781 180 1
319 180 1
3786 180 1
1227 180 1
1505 180 1
1240 180 1
48 180 1
86 180 1
734 180 1
334 180 1
2263 180 1
166 180 1
3098 180 1
89 180 1
4226 180 1
570 180 1
1325 180 1
419 180 1
2053 180 1
732 180 1
503 180 1
3501 180 1
201 180 1
1178 180 1
2152 180 1
741 180 1
1656 180 1
3362 180 1
861 180 1
2797 180 1
957 180 1
1212 180 1
5 180 1
595 180 1
3941 180 1
3078 180 1
4353 180 1
872 180 1
1766 180 1
46 180 1
699 180 1
1309 180 1
519 180 1
3694 180 1
4415 180 1
1689 180 1
2449 180 1
2751 180 1
33 180 1
1484 180 1
511 180 1
3600 180 1
1404 180 1
93 180 1
3447 180 1
542 180 1
71 180 1
2014 180 1
2341 180 1
1175 180 1
3767 180 1
2673 180 1
3282 180 1
933 180 1
35 180 1
38 180 1
148 180 1
307 180 1
2318 180 1
1782 180 1
1464 180 1
4443 180 1
166 180 1
4075 180 1
57 180 1
50 180 1
901 180 1
509 180 1
2616 180 1
4 180 1
4317 180 1
3 180 1
1484 180 1
2228 180 1
1561 180 1
633 180 1
25 180 1
4689 180 1
2172 180 1
789 180 1
43 180 1
4782 180 1
249 180 1
2954 180 1
1832 180 1
476 180 1
870 180 1
24 180 1
1634 180 1
4962 180 1
2487 180 1
671 180 1
2055 180 1
2096 180 1
2147 180 1
2864 180 1
2672 180 1
512 180 1
3878 180 1
1374 180 1
103 180 1
312 180 1
129 180 1
2931 180 1
1401 180 1
67 180 1
2038 180 1
4146 180 1
3397 180 1
2025 180 1
595 180 1
1569 180 1
141 180 1
2980 180 1
3347 180 1
1706 180 1
1142 180 1
716 180 1
714 180 1
62 180 1
3909 180 1
4488 180 1
3161 180 1
1111 180 1
3506 180 1
50 180 1
1786 180 1
620 180 1
4211 180 1
164 180 1
2241 180 1
225 180 1
1741 180 1
243 180 1
246 180 1
3140 180 1
1849 180 1
21 180 1
3253 180 1
2134 180 1
5 180 1
1034 180 1
2810 180 1
2195 180 1
2068 180 1
32 180 1
613 180 1
3750 180 1
2432 180 1
279 180 1
266 180 1
472 180 1
4855 180 1
2809 180 1
1018 180 1
151 180 1
4513 180 1
2543 180 1
319 180 1
2231 180 1
4172 180 1
2987 180 1
157 180 1
558 180 1
3793 180 1
4 180 1
731 180 1
2590 180 1
2464 180 1
676 180 1
4750 180 1
1943 180 1
3469 180 1
1138 180 1
144 180 1
150 180 1
2751 180 1
1173 180 1
0 180 1
3940 180 1
2567 180 1
34 180 1
1257 180 1
1478 180 1
2659 180 1
697 180 1
2082 180 1
827 180 1
2633 180 1
3091 180 1
1039 180 1
2787 180 1
2955 180 1
227 180 1
8 180 1
977 180 1
2013 180 1
878 180 1
183 180 1
4544 180 1
2652 180 1
779 180 1
1 180 1
754 180 1
197 180 1
265 180 1
1596 180 1
1249 180 1
16 180 1
170 180 1
4154 180 1
9 180 1
4052 180 1
2298 180 1
748 180 1
526 180 1
1228 180 1
54 180 1
2866 180 1
149 180 1
328 180 1
1923 180 1
324 180 1
597 180 1
1763 180 1
270 180 1
2225 180 1
217 180 1
4798 180 1
157 180 1
55 180 1
567 180 1
4399 180 1
3106 180 1
1056 180 1
4823 180 1
176 180 1
1 180 1
2007 180 1
279 180 1
2409 181 1
1709 181 1
3007 181 1
1034 181 1
2661 181 1
84 181 1
41 181 1
2973 181 1
111 181 1
4064 181 1
1622 181 1
907 181 1
2840 181 1
1893 181 1
24 181 1
2185 181 1
38 181 1
858 181 1
46 181 1
23 181 1
3264 181 1
2635 181 1
1484 181 1
138 181 1
1374 181 1
493 181 1
1921 181 1
188 181 1
61 181 1
1224 181 1
2733 181 1
2372 181 1
1035 181 1
1022 181 1
3829 181 1
2794 181 1
3722 181 1
428 181 1
4396 181 1
1861 181 1
1531 181 1
1149 181 1
0 181 1
141 181 1
590 181 1
393 181 1
2213 181 1
198 181 1
3584 181 1
1957 181 1
2932 181 1
2935 181 1
3979 181 1
925 181 1
49 181 1
1350 181 1
69 181 1
0 181 1
458 181 1
2459 181 1
4319 181 1
4262 181 1
4778 181 1
246 181 1
30 181 1
296 181 1
4135 181 1
2946 181 1
3907 181 1
489 181 1
37 181 1
3343 181 1
199 181 1
1165 181 1
1570 181 1
1208 181 1
1347 181 1
2585 181 1
124 181 1
141 181 1
1455 181 1
489 181 1
453 181 1
3799 181 1
213 181 1
4480 181 1
245 181 1
617 181 1
1237 181 1
1 181 1
149 181 1
963 181 1
49 181 1
3045 181 1
1026 181 1
588 181 1
11 181 1
948 181 1
2244 181 1
414 181 1
2130 181 1
2737 181 1
2360 181 1
0 181 1
18 181 1
1795 181 1
2458 181 1
28 181 1
2826 181 1
16 181 1
1259 181 1
604 181 1
540 181 1
3507 181 1
4563 181 1
657 181 1
4 181 1
646 181 1
11 181 1
619 181 1
878 181 1
4225 181 1
1707 181 1
4111 181 1
1990 181 1
137 181 1
3477 181 1
293 181 1
28 181 1
40 181 1
950 181 1
42 181 1
506 181 1
153 181 1
1306 181 1
3328 181 1
2583 181 1
464 181 1
2213 181 1
3270 181 1
583 181 1
2378 181 1
1015 181 1
1512 181 1
2854 181 1
4100 181 1
0 181 1
692 181 1
19 181 1
277 181 1
4483 181 1
292 181 1
331 181 1
1634 181 1
2427 181 1
54 181 1
2693 181 1
852 181 1
3260 181 1
36 181 1
2634 181 1
47 181 1
593 181 1
330 181 1
252 181 1
90 181 1
30 181 1
986 181 1
3304 181 1
2998 181 1
2280 181 1
1091 181 1
394 181 1
54 181 1
425 181 1
129 181 1
63 181 1
1081 181 1
66 181 1
651 181 1
48 181 1
802 181 1
959 181 1
31 181 1
3090 181 1
3160 181 1
1949 181 1
1000 181 1
2527 181 1
2804 181 1
1137 181 1
516 181 1
2100 181 1
3005 181 1
78 181 1
3585 181 1
3881 181 1
4511 181 1
3568 181 1
801 181 1
45 181 1
2941 181 1
3125 181 1
1453 181 1
3128 181 1
4894 181 1
4565 181 1
1210 181 1
3176 181 1
3534 181 1
2010 181 1
1 181 1
341 181 1
317 181 1
229 181 1
77 181 1
42 181 1
2181 181 1
375 181 1
357 181 1
301 181 1
2092 181 1
4260 181 1
4444 181 1
2711 181 1
93 181 1
3886 181 1
1340 181 1
3167 181 1
4811 181 1
50 181 1
77 181 1
69 181 1
4947 181 1
703 181 1
259 181 1
27 181 1
3123 181 1
15 181 1
2794 181 1
3446 181 1
2080 181 1
314 181 1
4833 181 1
1725 181 1
1416 181 1
2232 181 1
2184 181 1
323 181 1
1000 181 1
4416 181 1
877 181 1
100 181 1
143 181 1
2776 181 1
1407 181 1
2782 181 1
481 181 1
761 181 1
1338 181 1
4628 181 1
24 181 1
862 181 1
33 181 1
1058 181 1
1361 181 1
4902 181 1
46 181 1
72 181 1
2728 181 1
0 181 1
1304 181 1
3458 181 1
751 181 1
656 181 1
2118 181 1
4249 181 1
35 181 1
4943 181 1
2963 181 1
3701 181 1
124 181 1
1254 181 1
475 181 1
4683 181 1
3198 181 1
1463 181 1
1568 181 1
53 181 1
110 181 1
4077 181 1
519 181 1
3119 181 1
13 181 1
4548 181 1
2982 181 1
1742 181 1
2659 181 1
4619 181 1
272 181 1
2802 181 1
2258 181 1
4668 181 1
278 181 1
79 181 1
3193 181 1
60 181 1
2312 181 1
58 181 1
1399 181 1
112 181 1
143 181 1
1235 181 1
1168 181 1
408 181 1
4524 181 1
737 181 1
1458 181 1
37 181 1
23 181 1
2888 181 1
61 181 1
640 181 1
1065 181 1
422 181 1
1830 181 1
1866 181 1
4809 181 1
3074 181 1
505 181 1
946 181 1
3669 181 1
20 181 1
1786 181 1
2659 181 1
624 181 1
741 181 1
2913 181 1
5 181 1
9 181 1
22 181 1
2028 181 1
2348 181 1
1235 181 1
788 181 1
333 182 1
2503 182 1
4857 182 1
4243 182 1
2450 182 1
170 182 1
1001 182 1
3087 182 1
147 182 1
714 182 1
2736 182 1
2728 182 1
152 182 1
469 182 1
4702 182 1
2230 182 1
3517 182 1
4101 182 1
2324 182 1
490 182 1
3502 182 1
3075 182 1
16 182 1
310 182 1
1416 182 1
1981 182 1
4485 182 1
3149 182 1
2920 182 1
1783 182 1
3250 182 1
464 182 1
3460 182 1
21 182 1
538 182 1
2266 182 1
3869 182 1
4216 182 1
1721 182 1
3761 182 1
1218 182 1
760 182 1
4770 182 1
786 182 1
272 182 1
488 182 1
469 182 1
706 182 1
660 182 1
1424 182 1
70 182 1
8 182 1
1233 182 1
1094 182 1
1989 182 1
4390 182 1
42 182 1
1396 182 1
1 182 1
963 182 1
1790 182 1
4018 182 1
17 182 1
2245 182 1
4421 182 1
28 182 1
19 182 1
740 182 1
1023 182 1
1728 182 1
4437 182 1
1541 182 1
1836 182 1
16 182 1
1479 182 1
603 182 1
1620 182 1
2168 182 1
3498 182 1
2 182 1
995 182 1
4439 182 1
3276 182 1
2857 182 1
28 182 1
3816 182 1
2746 182 1
314 182 1
14 182 1
2 182 1
379 182 1
3521 182 1
620 182 1
180 182 1
654 182 1
14 182 1
2262 182 1
14 182 1
3282 182 1
2643 182 1
2196 182 1
457 182 1
3124 182 1
2178 182 1
573 182 1
2676 182 1
3056 182 1
2747 182 1
3112 182 1
271 182 1
258 182 1
324 182 1
4274 182 1
45 182 1
4376 182 1
100 182 1
2327 182 1
949 182 1
4062 182 1
1762 182 1
12 182 1
2077 182 1
725 182 1
701 182 1
3956 182 1
0 182 1
4953 182 1
4193 182 1
2 182 1
49 182 1
816 182 1
1866 182 1
4707 182 1
4466 182 1
381 182 1
140 182 1
113 182 1
1377 182 1
4824 182 1
159 182 1
1128 182 1
1959 182 1
20 182 1
1897 182 1
53 182 1
593 182 1
174 182 1
1623 182 1
4886 182 1
265 182 1
2708 182 1
1835 182 1
2378 182 1
3286 182 1
3219 182 1
1728 182 1
454 182 1
4026 182 1
165 182 1
215 182 1
2031 182 1
915 182 1
1073 182 1
1199 182 1
68 182 1
2244 182 1
3719 182 1
1908 182 1
435 182 1
130 182 1
322 182 1
159 182 1
49 182 1
762 182 1
4911 182 1
4382 182 1
4307 182 1
729 182 1
207 182 1
2252 182 1
4301 182 1
4479 182 1
1475 182 1
991 182 1
1799 182 1
96 182 1
84 182 1
3549 182 1
3768 182 1
283 182 1
4777 182 1
1126 182 1
3075 182 1
1333 182 1
1427 182 1
4405 182 1
637 182 1
490 182 1
3080 182 1
2345 182 1
3674 182 1
477 182 1
2699 182 1
4853 182 1
3913 182 1
2500 182 1
1117 182 1
2870 182 1
4604 182 1
0 182 1
1232 182 1
22 182 1
0 182 1
1 182 1
90 182 1
1320 182 1
668 182 1
258 182 1
344 182 1
287 182 1
4809 182 1
17 182 1
1992 182 1
4082 182 1
3520 182 1
2314 182 1
258 182 1
546 182 1
1 182 1
55 182 1
2081 182 1
3935 182 1
49 182 1
338 182 1
2291 182 1
1580 182 1
2015 182 1
835 182 1
249 182 1
1441 182 1
0 182 1
3572 182 1
3814 182 1
272 182 1
513 182 1
288 182 1
4800 182 1
3148 182 1
2813 182 1
717 182 1
640 182 1
174 182 1
1236 182 1
27 182 1
1187 182 1
3118 182 1
4658 182 1
2700 182 1
1 182 1
4144 182 1
2647 182 1
214 182 1
8 182 1
449 182 1
2199 182 1
3918 182 1
15 182 1
4740 182 1
4190 182 1
4868 182 1
147 182 1
433 182 1
2716 182 1
1010 182 1
1442 182 1
338 182 1
4675 182 1
2048 182 1
1303 182 1
2605 182 1
4707 182 1
2664 182 1
4651 182 1
557 182 1
28 182 1
37 182 1
3727 182 1
3442 182 1
324 182 1
1189 182 1
4968 182 1
3456 182 1
31 182 1
68 182 1
3066 182 1
4020 182 1
842 182 1
3394 182 1
10 182 1
3144 182 1
10 182 1
1555 182 1
936 182 1
61 182 1
4455 182 1
4942 182 1
545 182 1
3516 182 1
494 182 1
1628 182 1
381 182 1
1711 182 1
80 182 1
16 182 1
569 182 1
2012 182 1
356 182 1
3812 182 1
867 182 1
2740 182 1
357 182 1
1641 182 1
2655 182 1
564 182 1
963 182 1
1242 182 1
4325 182 1
440 182 1
3274 182 1
610 182 1
4289 182 1
1752 182 1
3091 182 1
46 182 1
55 182 1
912 182 1
37 182 1
4930 182 1
54 182 1
4355 182 1
376 182 1
1389 182 1
4864 182 1
104 182 1
1050 182 1
314 183 1
2787 183 1
136 183 1
447 183 1
3258 183 1
4790 183 1
1716 183 1
829 183 1
5 183 1
4298 183 1
1043 183 1
628 183 1
1840 183 1
616 183 1
3190 183 1
1871 183 1
1352 183 1
2499 183 1
170 183 1
298 183 1
1198 183 1
959 183 1
271 183 1
1868 183 1
52 183 1
117 183 1
966 183 1
1018 183 1
4332 183 1
1535 183 1
701 183 1
1709 183 1
4184 183 1
25 183 1
2116 183 1
4456 183 1
4644 183 1
3331 183 1
86 183 1
619 183 1
83 183 1
2131 183 1
3395 183 1
134 183 1
716 183 1
4245 183 1
233 183 1
1251 183 1
4486 183 1
3040 183 1
850 183 1
2477 183 1
4075 183 1
589 183 1
72 183 1
0 183 1
3448 183 1
1564 183 1
4524 183 1
555 183 1
317 183 1
1461 183 1
169 183 1
0 183 1
3722 183 1
3 183 1
4395 183 1
83 183 1
4003 183 1
574 183 1
3770 183 1
287 183 1
2575 183 1
2220 183 1
14 183 1
0 183 1
4941 183 1
2218 183 1
1728 183 1
867 183 1
358 183 1
4002 183 1
29 183 1
3710 183 1
0 183 1
3145 183 1
270 183 1
543 183 1
5 183 1
2860 183 1
2428 183 1
2056 183 1
1536 183 1
4887 183 1
14 183 1
270 183 1
1257 183 1
1297 183 1
3830 183 1
1182 183 1
3524 183 1
598 183 1
120 183 1
1496 183 1
53 183 1
110 183 1
295 183 1
9 183 1
4538 183 1
218 183 1
408 183 1
2224 183 1
716 183 1
214 183 1
426 183 1
4 183 1
25 183 1
469 183 1
70 183 1
413 183 1
4594 183 1
3607 183 1
2456 183 1
84 183 1
3429 183 1
494 183 1
835 183 1
444 183 1
2899 183 1
487 183 1
948 183 1
110 183 1
3146 183 1
1039 183 1
162 183 1
2306 183 1
637 183 1
2624 183 1
318 183 1
3431 183 1
2457 183 1
3 183 1
1010 183 1
753 183 1
1044 183 1
773 183 1
953 183 1
616 183 1
4903 183 1
1363 183 1
4630 183 1
3818 183 1
1837 183 1
3572 183 1
2131 183 1
4079 183 1
89 183 1
67 183 1
809 183 1
94 183 1
22 183 1
3394 183 1
3510 183 1
2814 183 1
1459 183 1
2651 183 1
4393 183 1
3686 183 1
958 183 1
256 183 1
4448 183 1
4941 183 1
2875 183 1
127 183 1
2124 183 1
1650 183 1
2048 183 1
2851 183 1
3825 183 1
2296 183 1
151 183 1
220 183 1
355 183 1
590 183 1
768 183 1
897 183 1
82 183 1
1482 183 1
18 183 1
2405 183 1
609 183 1
4909 183 1
4986 183 1
18 183 1
334 183 1
1781 183 1
0 183 1
1578 183 1
1001 183 1
2210 183 1
43 183 1
552 183 1
1539 183 1
356 183 1
1598 183 1
2638 183 1
3455 183 1
4164 183 1
0 183 1
40 183 1
1942 183 1
4173 183 1
668 183 1
894 183 1
3669 183 1
2588 183 1
258 183 1
675 183 1
2399 183 1
1471 183 1
602 183 1
604 183 1
4301 183 1
3914 183 1
2340 183 1
3814 183 1
128 183 1
0 183 1
514 183 1
600 183 1
4423 183 1
128 183 1
434 183 1
1092 183 1
4400 183 1
628 183 1
579 183 1
2724 183 1
598 183 1
874 183 1
1826 183 1
3018 183 1
3000 183 1
2149 183 1
4592 183 1
3432 183 1
4309 183 1
3 183 1
144 183 1
4740 183 1
65 183 1
1112 183 1
588 183 1
68 183 1
129 183 1
518 183 1
2890 183 1
1880 183 1
1361 183 1
0 183 1
3 183 1
145 183 1
4962 183 1
456 183 1
19 183 1
4138 183 1
3223 183 1
425 183 1
1293 183 1
4304 183 1
4266 183 1
224 183 1
359 183 1
122 183 1
1236 183 1
4436 183 1
742 183 1
4465 183 1
4467 183 1
1007 183 1
3928 183 1
2950 183 1
4941 183 1
623 183 1
4423 183 1
70 183 1
4681 183 1
3790 183 1
4884 183 1
4519 183 1
533 183 1
480 183 1
1020 183 1
2037 183 1
2691 183 1
34 183 1
313 183 1
3248 183 1
357 183 1
4199 183 1
334 183 1
3919 183 1
25 183 1
2193 183 1
21 183 1
4703 183 1
1077 183 1
1975 183 1
4879 183 1
1918 183 1
1968 183 1
3261 183 1
1822 183 1
126 183 1
191 183 1
2036 183 1
351 183 1
3276 183 1
2760 183 1
2943 183 1
1836 183 1
2759 183 1
0 183 1
4499 183 1
259 183 1
377 183 1
1793 183 1
1366 183 1
4024 183 1
2315 183 1
365 183 1
87 183 1
99 183 1
3944 183 1
1391 183 1
970 183 1
123 183 1
597 183 1
3034 183 1
1833 183 1
3229 183 1
2982 183 1
2812 183 1
11 183 1
1233 183 1
2738 184 1
2470 184 1
16 184 1
283 184 1
319 184 1
2460 184 1
2835 184 1
592 184 1
2596 184 1
495 184 1
4938 184 1
571 184 1
854 184 1
4415 184 1
4961 184 1
1531 184 1
4255 184 1
1122 184 1
3284 184 1
3655 184 1
241 184 1
3096 184 1
893 184 1
376 184 1
5 184 1
2027 184 1
6 184 1
3691 184 1
305 184 1
89 184 1
193 184 1
3837 184 1
58 184 1
256 184 1
1553 184 1
36 184 1
2599 184 1
1711 184 1
750 184 1
3749 184 1
875 184 1
1417 184 1
1298 184 1
3773 184 1
3992 184 1
4947 184 1
720 184 1
1498 184 1
3573 184 1
292 184 1
106 184 1
691 184 1
3278 184 1
215 184 1
4691 184 1
1723 184 1
1150 184 1
1642 184 1
105 184 1
2319 184 1
18 184 1
33 184 1
655 184 1
814 184 1
647 184 1
257 184 1
277 184 1
48 184 1
86 184 1
783 184 1
107 184 1
50 184 1
4194 184 1
814 184 1
2113 184 1
37 184 1
2895 184 1
3675 184 1
110 184 1
2730 184 1
233 184 1
2228 184 1
3924 184 1
3707 184 1
1996 184 1
2606 184 1
120 184 1
4801 184 1
1236 184 1
165 184 1
0 184 1
1202 184 1
1910 184 1
3961 184 1
3156 184 1
1019 184 1
3318 184 1
3513 184 1
1635 184 1
59 184 1
150 184 1
1741 184 1
66 184 1
1240 184 1
210 184 1
907 184 1
2031 184 1
28 184 1
714 184 1
1154 184 1
2996 184 1
4360 184 1
2230 184 1
400 184 1
583 184 1
1203 184 1
1035 184 1
2112 184 1
4597 184 1
3722 184 1
4955 184 1
133 184 1
217 184 1
4082 184 1
1459 184 1
1 184 1
2104 184 1
3298 184 1
350 184 1
0 184 1
2064 184 1
697 184 1
2868 184 1
3398 184 1
2214 184 1
1648 184 1
8 184 1
779 184 1
2737 184 1
812 184 1
659 184 1
535 184 1
786 184 1
4670 184 1
402 184 1
534 184 1
3405 184 1
4986 184 1
20 184 1
462 184 1
2520 184 1
912 184 1
0 184 1
4648 184 1
1242 184 1
660 184 1
3394 184 1
1865 184 1
2455 184 1
4 184 1
1119 184 1
4703 184 1
2704 184 1
791 184 1
24 184 1
4441 184 1
1467 184 1
1163 184 1
0 184 1
62 184 1
2653 184 1
2191 184 1
2118 184 1
1657 184 1
93 184 1
469 184 1
2388 184 1
181 184 1
4745 184 1
215 184 1
3226 184 1
39 184 1
919 184 1
478 184 1
4924 184 1
407 184 1
4734 184 1
4146 184 1
37 184 1
66 184 1
3154 184 1
4385 184 1
59 184 1
572 184 1
2532 184 1
2473 184 1
800 184 1
289 184 1
2647 184 1
136 184 1
4828 184 1
21 184 1
1410 184 1
4740 184 1
4913 184 1
1379 184 1
4771 184 1
1014 184 1
1 184 1
116 184 1
4414 184 1
2414 184 1
4136 184 1
1735 184 1
2609 184 1
2147 184 1
367 184 1
164 184 1
4331 184 1
2802 184 1
700 184 1
70 184 1
3342 184 1
3046 184 1
4282 184 1
753 184 1
3192 184 1
4984 184 1
4070 184 1
3390 184 1
1505 184 1
812 184 1
548 184 1
3547 184 1
282 184 1
4912 184 1
21 184 1
17 184 1
4372 184 1
388 184 1
3791 184 1
81 184 1
4287 184 1
319 184 1
3 184 1
722 184 1
407 184 1
733 184 1
509 184 1
2361 184 1
4290 184 1
2434 184 1
652 184 1
1000 184 1
1138 184 1
3342 184 1
0 184 1
174 184 1
2292 184 1
158 184 1
1878 184 1
220 184 1
3660 184 1
2849 184 1
2608 184 1
2802 184 1
83 184 1
876 184 1
3627 184 1
1114 184 1
1890 184 1
207 184 1
813 184 1
1068 184 1
4273 184 1
1242 184 1
536 184 1
118 184 1
1918 184 1
1014 184 1
552 184 1
456 184 1
6 184 1
1941 184 1
465 184 1
1787 184 1
4342 184 1
4041 184 1
1503 184 1
170 184 1
1774 184 1
1076 184 1
2918 184 1
2115 184 1
127 184 1
3573 184 1
1045 184 1
2635 184 1
3647 184 1
2542 184 1
1866 184 1
1230 184 1
890 184 1
928 184 1
177 184 1
1694 184 1
3499 184 1
356 184 1
340 184 1
3049 184 1
85 184 1
577 184 1
861 184 1
156 184 1
950 184 1
1412 184 1
176 184 1
1285 184 1
3063 184 1
832 184 1
1373 184 1
2681 184 1
1751 184 1
3277 184 1
4816 184 1
0 184 1
902 184 1
2009 184 1
5 184 1
1585 184 1
3935 184 1
3411 184 1
4348 184 1
59 184 1
1703 184 1
3961 184 1
753 184 1
4636 184 1
520 184 1
484 184 1
4 184 1
2545 184 1
434 184 1
1 184 1
2783 184 1
164 185 1
4491 185 1
1778 185 1
2300 185 1
103 185 1
25 185 1
1290 185 1
103 185 1
35 185 1
524 185 1
3326 185 1
973 185 1
3840 185 1
1551 185 1
4397 185 1
1876 185 1
1131 185 1
1770 185 1
298 185 1
199 185 1
3 185 1
147 185 1
325 185 1
21 185 1
775 185 1
911 185 1
4818 185 1
2448 185 1
496 185 1
3168 185 1
4970 185 1
1500 185 1
808 185 1
613 185 1
520 185 1
725 185 1
763 185 1
52 185 1
70 185 1
258 185 1
644 185 1
577 185 1
1 185 1
1388 185 1
1341 185 1
3210 185 1
4449 185 1
3932 185 1
2459 185 1
4006 185 1
189 185 1
1381 185 1
1039 185 1
436 185 1
1038 185 1
44 185 1
695 185 1
350 185 1
2215 185 1
1070 185 1
334 185 1
327 185 1
2086 185 1
3021 185 1
0 185 1
2406 185 1
545 185 1
2 185 1
2055 185 1
824 185 1
1741 185 1
3123 185 1
2256 185 1
4452 185 1
2045 185 1
2397 185 1
3989 185 1
2432 185 1
75 185 1
406 185 1
430 185 1
2446 185 1
4238 185 1
18 185 1
1329 185 1
285 185 1
3774 185 1
615 185 1
1196 185 1
3039 185 1
2820 185 1
825 185 1
561 185 1
3266 185 1
2313 185 1
2257 185 1
2234 185 1
58 185 1
2861 185 1
568 185 1
3761 185 1
3219 185 1
330 185 1
845 185 1
2445 185 1
3939 185 1
256 185 1
2227 185 1
255 185 1
513 185 1
4235 185 1
420 185 1
58 185 1
1870 185 1
2098 185 1
1538 185 1
290 185 1
651 185 1
25 185 1
112 185 1
1899 185 1
3481 185 1
1903 185 1
1570 185 1
1757 185 1
3652 185 1
2117 185 1
1866 185 1
244 185 1
680 185 1
3781 185 1
3722 185 1
991 185 1
3884 185 1
167 185 1
2468 185 1
44 185 1
431 185 1
2096 185 1
1726 185 1
2015 185 1
917 185 1
69 185 1
3885 185 1
129 185 1
64 185 1
1147 185 1
587 185 1
36 185 1
311 185 1
3189 185 1
9 185 1
299 185 1
2432 185 1
387 185 1
765 185 1
3883 185 1
1368 185 1
3660 185 1
17 185 1
745 185 1
4926 185 1
1835 185 1
774 185 1
1115 185 1
1645 185 1
4615 185 1
5 185 1
1669 185 1
3045 185 1
1437 185 1
1437 185 1
198 185 1
46 185 1
1120 185 1
3599 185 1
1431 185 1
3011 185 1
99 185 1
3316 185 1
1368 185 1
182 185 1
18 185 1
3064 185 1
68 185 1
4149 185 1
162 185 1
17 185 1
820 185 1
3796 185 1
3780 185 1
2174 185 1
3960 185 1
612 185 1
2631 185 1
1 185 1
1213 185 1
3127 185 1
12 185 1
322 185 1
8 185 1
3498 185 1
2711 185 1
218 185 1
2638 185 1
0 185 1
66 185 1
3924 185 1
2374 185 1
861 185 1
36 185 1
56 185 1
3999 185 1
42 185 1
635 185 1
3625 185 1
2 185 1
444 185 1
153 185 1
796 185 1
976 185 1
795 185 1
121 185 1
0 185 1
2925 185 1
41 185 1
205 185 1
14 185 1
262 185 1
2407 185 1
458 185 1
408 185 1
29 185 1
987 185 1
1482 185 1
2446 185 1
376 185 1
2194 185 1
1 185 1
2405 185 1
4071 185 1
4089 185 1
1555 185 1
1667 185 1
3599 185 1
352 185 1
2195 185 1
300 185 1
29 185 1
1730 185 1
1859 185 1
3720 185 1
1685 185 1
4578 185 1
5 185 1
1044 185 1
2071 185 1
2518 185 1
2314 185 1
246 185 1
2663 185 1
494 185 1
2822 185 1
4606 185 1
214 185 1
396 185 1
5 185 1
12 185 1
88 185 1
3275 185 1
442 185 1
12 185 1
1457 185 1
2465 185 1
8 185 1
1044 185 1
3617 185 1
53 185 1
3028 185 1
1524 185 1
3818 185 1
1475 185 1
270 185 1
115 185 1
515 185 1
2143 185 1
76 185 1
5 185 1
4952 185 1
196 185 1
150 185 1
3746 185 1
3167 185 1
4 185 1
610 185 1
1085 185 1
2398 185 1
1283 185 1
183 185 1
2928 185 1
0 185 1
3039 185 1
113 185 1
78 185 1
3025 185 1
194 185 1
1194 185 1
2372 185 1
449 185 1
329 185 1
4308 185 1
137 185 1
215 185 1
1968 185 1
380 185 1
674 185 1
4471 185 1
2025 185 1
191 185 1
1715 185 1
971 185 1
325 185 1
4460 185 1
4333 185 1
935 185 1
313 185 1
4579 185 1
53 185 1
504 185 1
1088 185 1
0 185 1
3936 185 1
587 185 1
73 185 1
2729 185 1
549 185 1
281 185 1
1542 185 1
949 185 1
3222 185 1
4340 185 1
878 185 1
1 185 1
4988 185 1
944 185 1
248 186 1
139 186 1
3550 186 1
3042 186 1
3829 186 1
966 186 1
569 186 1
2715 186 1
4441 186 1
352 186 1
3593 186 1
21 186 1
108 186 1
185 186 1
198 186 1
75 186 1
1527 186 1
933 186 1
1601 186 1
386 186 1
1933 186 1
4 186 1
58 186 1
209 186 1
2529 186 1
25 186 1
2067 186 1
3945 186 1
901 186 1
180 186 1
355 186 1
2825 186 1
1557 186 1
1270 186 1
2956 186 1
2402 186 1
1539 186 1
1223 186 1
181 186 1
2031 186 1
1493 186 1
1295 186 1
227 186 1
560 186 1
2870 186 1
2072 186 1
1582 186 1
4549 186 1
4044 186 1
3867 186 1
4127 186 1
1899 186 1
2455 186 1
326 186 1
4461 186 1
1507 186 1
159 186 1
1007 186 1
7 186 1
623 186 1
1708 186 1
4981 186 1
3625 186 1
2 186 1
124 186 1
3051 186 1
1550 186 1
1116 186 1
2624 186 1
1999 186 1
31 186 1
79 186 1
3510 186 1
19 186 1
672 186 1
100 186 1
337 186 1
515 186 1
113 186 1
223 186 1
1 186 1
2839 186 1
57 186 1
4321 186 1
158 186 1
42 186 1
1624 186 1
2710 186 1
2573 186 1
570 186 1
2356 186 1
2725 186 1
3558 186 1
929 186 1
645 186 1
1499 186 1
2958 186 1
4989 186 1
2408 186 1
4071 186 1
112 186 1
3443 186 1
414 186 1
561 186 1
779 186 1
1858 186 1
243 186 1
304 186 1
2640 186 1
3745 186 1
2091 186 1
765 186 1
3525 186 1
935 186 1
912 186 1
100 186 1
2277 186 1
2986 186 1
267 186 1
1699 186 1
928 186 1
323 186 1
770 186 1
115 186 1
1984 186 1
1268 186 1
3534 186 1
1085 186 1
335 186 1
1001 186 1
647 186 1
295 186 1
0 186 1
24 186 1
2931 186 1
2118 186 1
677 186 1
5 186 1
3003 186 1
942 186 1
3823 186 1
0 186 1
1994 186 1
4239 186 1
2888 186 1
2848 186 1
2827 186 1
4095 186 1
326 186 1
140 186 1
1540 186 1
3558 186 1
3229 186 1
3157 186 1
1037 186 1
1795 186 1
14 186 1
466 186 1
4115 186 1
212 186 1
186 186 1
3577 186 1
73 186 1
22 186 1
1067 186 1
4282 186 1
0 186 1
2977 186 1
526 186 1
1574 186 1
3172 186 1
1266 186 1
840 186 1
24 186 1
1688 186 1
1485 186 1
3288 186 1
2730 186 1
1121 186 1
2 186 1
3984 186 1
1004 186 1
1392 186 1
2040 186 1
3963 186 1
654 186 1
239 186 1
4 186 1
3003 186 1
421 186 1
139 186 1
0 186 1
1199 186 1
338 186 1
2258 186 1
3321 186 1
34 186 1
11 186 1
2817 186 1
1697 186 1
3591 186 1
34 186 1
916 186 1
428 186 1
4143 186 1
305 186 1
614 186 1
337 186 1
1113 186 1
19 186 1
1895 186 1
202 186 1
3441 186 1
1862 186 1
885 186 1
443 186 1
2296 186 1
1019 186 1
2631 186 1
51 186 1
3690 186 1
671 186 1
2950 186 1
1095 186 1
668 186 1
1517 186 1
240 186 1
2388 186 1
2571 186 1
1549 186 1
2663 186 1
1458 186 1
3878 186 1
37 186 1
2568 186 1
1538 186 1
3862 186 1
1759 186 1
3828 186 1
4116 186 1
2240 186 1
4603 186 1
618 186 1
666 186 1
4985 186 1
243 186 1
3935 186 1
3937 186 1
290 186 1
584 186 1
3629 186 1
1607 186 1
487 186 1
16 186 1
184 186 1
538 186 1
657 186 1
366 186 1
2011 186 1
855 186 1
546 186 1
1232 186 1
512 186 1
233 186 1
0 186 1
850 186 1
2590 186 1
1498 186 1
3192 186 1
2031 186 1
387 186 1
1466 186 1
1460 186 1
1713 186 1
181 186 1
447 186 1
1608 186 1
266 186 1
3269 186 1
680 186 1
868 186 1
0 186 1
817 186 1
3517 186 1
4926 186 1
3691 186 1
8 186 1
372 186 1
4015 186 1
1893 186 1
35 186 1
51 186 1
3000 186 1
323 186 1
304 186 1
4696 186 1
108 186 1
8 186 1
2222 186 1
100 186 1
401 186 1
41 186 1
496 186 1
4494 186 1
2702 186 1
0 186 1
498 186 1
518 186 1
74 186 1
218 186 1
1403 186 1
2074 186 1
2103 186 1
971 186 1
2262 186 1
4953 186 1
3442 186 1
3084 186 1
2438 186 1
1738 186 1
407 186 1
1870 186 1
633 186 1
1686 186 1
1146 186 1
4112 186 1
592 186 1
1524 186 1
2805 186 1
903 186 1
2508 186 1
41 186 1
244 186 1
312 186 1
4636 186 1
2288 186 1
1326 186 1
3242 186 1
2194 186 1
566 186 1
878 186 1
787 186 1
0 186 1
2044 186 1
491 186 1
18 187 1
2918 187 1
902 187 1
2148 187 1
1002 187 1
2825 187 1
86 187 1
3407 187 1
149 187 1
299 187 1
4900 187 1
3775 187 1
1132 187 1
1537 187 1
859 187 1
0 187 1
59 187 1
1535 187 1
1168 187 1
23 187 1
1882 187 1
3414 187 1
632 187 1
359 187 1
2964 187 1
3985 187 1
4252 187 1
461 187 1
2288 187 1
613 187 1
4813 187 1
239 187 1
489 187 1
3265 187 1
690 187 1
3892 187 1
4100 187 1
4358 187 1
553 187 1
3997 187 1
2943 187 1
2876 187 1
1951 187 1
39 187 1
2895 187 1
1778 187 1
68 187 1
1121 187 1
551 187 1
1066 187 1
429 187 1
3340 187 1
2564 187 1
4484 187 1
229 187 1
477 187 1
21 187 1
1894 187 1
456 187 1
16 187 1
3824 187 1
536 187 1
4384 187 1
2602 187 1
3553 187 1
1186 187 1
735 187 1
511 187 1
2479 187 1
962 187 1
2349 187 1
3860 187 1
2727 187 1
21 187 1
3044 187 1
416 187 1
590 187 1
1288 187 1
1155 187 1
794 187 1
2104 187 1
2348 187 1
4020 187 1
580 187 1
948 187 1
9 187 1
1751 187 1
681 187 1
2186 187 1
2 187 1
124 187 1
385 187 1
2457 187 1
2541 187 1
1261 187 1
528 187 1
1652 187 1
1763 187 1
89 187 1
3270 187 1
438 187 1
3895 187 1
4726 187 1
1935 187 1
1169 187 1
715 187 1
28 187 1
980 187 1
294 187 1
1837 187 1
282 187 1
1270 187 1
3423 187 1
912 187 1
3749 187 1
90 187 1
1646 187 1
469 187 1
126 187 1
69 187 1
1887 187 1
579 187 1
813 187 1
1357 187 1
396 187 1
300 187 1
75 187 1
2410 187 1
24 187 1
4288 187 1
1057 187 1
1013 187 1
2368 187 1
2709 187 1
2917 187 1
3335 187 1
194 187 1
2858 187 1
2319 187 1
3193 187 1
1376 187 1
61 187 1
4074 187 1
214 187 1
3958 187 1
2482 187 1
147 187 1
3 187 1
1075 187 1
3329 187 1
1349 187 1
112 187 1
3327 187 1
1104 187 1
181 187 1
535 187 1
2456 187 1
1545 187 1
3394 187 1
210 187 1
3 187 1
394 187 1
1434 187 1
2827 187 1
4476 187 1
3801 187 1
4766 187 1
3142 187 1
21 187 1
170 187 1
1177 187 1
600 187 1
2072 187 1
2212 187 1
69 187 1
1800 187 1
4408 187 1
99 187 1
223 187 1
4420 187 1
949 187 1
1420 187 1
17 187 1
1230 187 1
2173 187 1
255 187 1
4339 187 1
4330 187 1
1313 187 1
3229 187 1
813 187 1
3423 187 1
2806 187 1
800 187 1
14 187 1
332 187 1
2998 187 1
1123 187 1
1 187 1
2898 187 1
2389 187 1
837 187 1
67 187 1
128 187 1
4875 187 1
1796 187 1
52 187 1
3163 187 1
2549 187 1
2143 187 1
449 187 1
810 187 1
334 187 1
3171 187 1
300 187 1
3319 187 1
4289 187 1
2659 187 1
2320 187 1
0 187 1
81 187 1
35 187 1
406 187 1
3215 187 1
2949 187 1
377 187 1
3129 187 1
1394 187 1
2187 187 1
986 187 1
1309 187 1
700 187 1
2579 187 1
800 187 1
1228 187 1
1660 187 1
731 187 1
1779 187 1
1561 187 1
390 187 1
1532 187 1
284 187 1
3787 187 1
17 187 1
1157 187 1
2991 187 1
86 187 1
1221 187 1
4 187 1
4167 187 1
1966 187 1
677 187 1
4126 187 1
348 187 1
442 187 1
150 187 1
1556 187 1
892 187 1
1035 187 1
4826 187 1
1555 187 1
108 187 1
993 187 1
44 187 1
1653 187 1
1392 187 1
3629 187 1
1552 187 1
87 187 1
3391 187 1
2488 187 1
9 187 1
1965 187 1
630 187 1
200 187 1
1233 187 1
1533 187 1
3557 187 1
1783 187 1
455 187 1
1630 187 1
2868 187 1
162 187 1
2273 187 1
232 187 1
1506 187 1
1391 187 1
244 187 1
38 187 1
2020 187 1
3330 187 1
3803 187 1
1077 187 1
2019 187 1
89 187 1
950 187 1
3905 187 1
4874 187 1
278 187 1
2421 187 1
4852 187 1
4598 187 1
3240 187 1
1284 187 1
577 187 1
4172 187 1
265 187 1
84 187 1
1078 187 1
3754 187 1
4018 187 1
2015 187 1
3353 187 1
2846 187 1
261 187 1
2266 187 1
2705 187 1
781 187 1
1166 187 1
685 187 1
4403 187 1
1059 187 1
911 187 1
4900 187 1
39 187 1
204 187 1
89 187 1
350 187 1
4801 187 1
126 187 1
3680 187 1
2298 187 1
1416 187 1
192 187 1
1510 187 1
36 187 1
142 187 1
1122 187 1
4159 187 1
4098 187 1
1549 187 1
2031 187 1
1370 187 1
125 187 1
1846 187 1
102 188 1
4187 188 1
1245 188 1
4618 188 1
261 188 1
43 188 1
2682 188 1
901 188 1
1262 188 1
1625 188 1
4603 188 1
3062 188 1
4479 188 1
3394 188 1
6 188 1
55 188 1
3242 188 1
4000 188 1
3326 188 1
3001 188 1
2588 188 1
1954 188 1
2616 188 1
1355 188 1
143 188 1
1377 188 1
18 188 1
1483 188 1
1993 188 1
200 188 1
426 188 1
4047 188 1
0 188 1
2764 188 1
4542 188 1
496 188 1
1688 188 1
46 188 1
17 188 1
542 188 1
80 188 1
4208 188 1
3508 188 1
185 188 1
4853 188 1
4062 188 1
24 188 1
3503 188 1
57 188 1
1471 188 1
2235 188 1
7 188 1
3508 188 1
3587 188 1
315 188 1
4204 188 1
3351 188 1
3846 188 1
3894 188 1
881 188 1
3438 188 1
231 188 1
759 188 1
1558 188 1
2392 188 1
2884 188 1
253 188 1
1487 188 1
112 188 1
121 188 1
4678 188 1
108 188 1
3951 188 1
864 188 1
4533 188 1
123 188 1
5 188 1
494 188 1
178 188 1
839 188 1
464 188 1
1659 188 1
1599 188 1
3895 188 1
3067 188 1
2744 188 1
2045 188 1
1912 188 1
1729 188 1
505 188 1
4740 188 1
741 188 1
201 188 1
2143 188 1
424 188 1
73 188 1
76 188 1
219 188 1
4269 188 1
2966 188 1
2747 188 1
23 188 1
1082 188 1
890 188 1
569 188 1
2307 188 1
4371 188 1
1143 188 1
25 188 1
29 188 1
3764 188 1
782 188 1
843 188 1
234 188 1
2223 188 1
273 188 1
1778 188 1
111 188 1
26 188 1
914 188 1
3744 188 1
1062 188 1
1783 188 1
900 188 1
2276 188 1
607 188 1
53 188 1
647 188 1
2173 188 1
1585 188 1
4643 188 1
3748 188 1
543 188 1
630 188 1
896 188 1
309 188 1
1968 188 1
3939 188 1
1306 188 1
4 188 1
2030 188 1
1725 188 1
79 188 1
8 188 1
3770 188 1
0 188 1
4547 188 1
2 188 1
1117 188 1
186 188 1
1432 188 1
3823 188 1
879 188 1
4608 188 1
4763 188 1
2524 188 1
4343 188 1
2252 188 1
2119 188 1
1585 188 1
4707 188 1
1308 188 1
11 188 1
2711 188 1
3156 188 1
2079 188 1
1113 188 1
1732 188 1
858 188 1
556 188 1
2 188 1
235 188 1
130 188 1
1702 188 1
47 188 1
670 188 1
943 188 1
2209 188 1
2812 188 1
2324 188 1
1125 188 1
1388 188 1
1950 188 1
4339 188 1
447 188 1
3725 188 1
1608 188 1
3760 188 1
130 188 1
4145 188 1
936 188 1
935 188 1
320 188 1
933 188 1
1458 188 1
1812 188 1
32 188 1
2848 188 1
15 188 1
1573 188 1
586 188 1
382 188 1
3852 188 1
226 188 1
750 188 1
63 188 1
3949 188 1
542 188 1
3510 188 1
1 188 1
2777 188 1
133 188 1
396 188 1
955 188 1
4393 188 1
4028 188 1
4256 188 1
43 188 1
2553 188 1
109 188 1
977 188 1
4120 188 1
124 188 1
1718 188 1
1781 188 1
19 188 1
77 188 1
91 188 1
4553 188 1
579 188 1
295 188 1
232 188 1
4730 188 1
2755 188 1
2418 188 1
1554 188 1
76 188 1
250 188 1
5 188 1
3052 188 1
4908 188 1
4320 188 1
2632 188 1
418 188 1
3306 188 1
2100 188 1
2073 188 1
963 188 1
1098 188 1
348 188 1
343 188 1
448 188 1
4605 188 1
1250 188 1
2612 188 1
4354 188 1
1951 188 1
2457 188 1
2067 188 1
880 188 1
876 188 1
2734 188 1
4626 188 1
56 188 1
4834 188 1
282 188 1
3653 188 1
842 188 1
2463 188 1
91 188 1
828 188 1
2493 188 1
1550 188 1
30 188 1
3667 188 1
927 188 1
856 188 1
142 188 1
101 188 1
894 188 1
1384 188 1
2622 188 1
63 188 1
3373 188 1
4901 188 1
1179 188 1
367 188 1
3225 188 1
1331 188 1
788 188 1
697 188 1
1290 188 1
2189 188 1
4264 188 1
2480 188 1
756 188 1
1043 188 1
2638 188 1
18 188 1
4151 188 1
127 188 1
9 188 1
1317 188 1
764 188 1
2178 188 1
3013 188 1
2 188 1
360 188 1
57 188 1
280 188 1
513 188 1
3 188 1
46 188 1
81 188 1
1580 188 1
336 188 1
4463 188 1
1376 188 1
333 188 1
52 188 1
1153 188 1
912 188 1
2911 188 1
4029 188 1
157 188 1
2601 188 1
4406 188 1
2273 188 1
2113 188 1
2 188 1
162 188 1
4214 188 1
2866 188 1
42 188 1
22 188 1
22 188 1
4587 188 1
1135 188 1
1495 188 1
89 188 1
1672 188 1
2996 188 1
559 188 1
4616 188 1
4035 188 1
636 189 1
1383 189 1
1720 189 1
230 189 1
1826 189 1
1810 189 1
52 189 1
4039 189 1
923 189 1
290 189 1
4227 189 1
364 189 1
46 189 1
1569 189 1
4749 189 1
1754 189 1
2838 189 1
1510 189 1
2276 189 1
868 189 1
117 189 1
976 189 1
478 189 1
65 189 1
3503 189 1
21 189 1
3715 189 1
882 189 1
1325 189 1
4450 189 1
207 189 1
646 189 1
872 189 1
29 189 1
2744 189 1
3969 189 1
2477 189 1
1729 189 1
16 189 1
2112 189 1
565 189 1
19 189 1
2490 189 1
3956 189 1
268 189 1
2432 189 1
1104 189 1
1514 189 1
3735 189 1
2886 189 1
2303 189 1
14 189 1
4562 189 1
868 189 1
3432 189 1
3769 189 1
417 189 1
48 189 1
910 189 1
2494 189 1
3856 189 1
444 189 1
60 189 1
4771 189 1
2561 189 1
2295 189 1
585 189 1
4351 189 1
222 189 1
1260 189 1
58 189 1
259 189 1
1403 189 1
1239 189 1
269 189 1
1407 189 1
1899 189 1
507 189 1
3114 189 1
1240 189 1
1195 189 1
1224 189 1
747 189 1
4879 189 1
4352 189 1
152 189 1
2301 189 1
4474 189 1
4242 189 1
326 189 1
1846 189 1
374 189 1
2959 189 1
259 189 1
1257 189 1
3260 189 1
103 189 1
428 189 1
517 189 1
2073 189 1
2302 189 1
2395 189 1
1480 189 1
1376 189 1
1213 189 1
3247 189 1
2402 189 1
3551 189 1
1477 189 1
1662 189 1
2208 189 1
411 189 1
2287 189 1
615 189 1
389 189 1
2758 189 1
173 189 1
0 189 1
507 189 1
738 189 1
34 189 1
630 189 1
462 189 1
963 189 1
4141 189 1
408 189 1
1378 189 1
1093 189 1
736 189 1
39 189 1
75 189 1
1889 189 1
1214 189 1
1788 189 1
328 189 1
2393 189 1
2654 189 1
2572 189 1
389 189 1
446 189 1
1751 189 1
323 189 1
4854 189 1
1404 189 1
4657 189 1
18 189 1
1 189 1
362 189 1
4065 189 1
4064 189 1
1899 189 1
2 189 1
727 189 1
4863 189 1
2770 189 1
6 189 1
3750 189 1
501 189 1
865 189 1
218 189 1
4206 189 1
4510 189 1
2398 189 1
4300 189 1
45 189 1
25 189 1
3025 189 1
3353 189 1
1265 189 1
4592 189 1
176 189 1
2930 189 1
2791 189 1
99 189 1
0 189 1
2757 189 1
4664 189 1
3285 189 1
1323 189 1
593 189 1
2959 189 1
1146 189 1
2814 189 1
104 189 1
1744 189 1
216 189 1
1947 189 1
1682 189 1
99 189 1
4414 189 1
2217 189 1
379 189 1
4473 189 1
1071 189 1
260 189 1
4035 189 1
4172 189 1
1124 189 1
3100 189 1
25 189 1
1569 189 1
697 189 1
257 189 1
43 189 1
49 189 1
4722 189 1
2926 189 1
1274 189 1
2036 189 1
386 189 1
152 189 1
4475 189 1
99 189 1
636 189 1
1540 189 1
1163 189 1
3210 189 1
1998 189 1
4664 189 1
4759 189 1
4624 189 1
273 189 1
4560 189 1
1415 189 1
2066 189 1
4269 189 1
3545 189 1
1400 189 1
301 189 1
56 189 1
1877 189 1
1458 189 1
1392 189 1
3539 189 1
2392 189 1
3399 189 1
866 189 1
482 189 1
1917 189 1
503 189 1
1027 189 1
4790 189 1
492 189 1
1594 189 1
681 189 1
287 189 1
3326 189 1
690 189 1
492 189 1
2430 189 1
554 189 1
4711 189 1
4351 189 1
209 189 1
39 189 1
4812 189 1
1093 189 1
442 189 1
984 189 1
994 189 1
1570 189 1
201 189 1
10 189 1
4348 189 1
373 189 1
1152 189 1
2 189 1
2627 189 1
4381 189 1
210 189 1
182 189 1
328 189 1
285 189 1
3587 189 1
1793 189 1
4406 189 1
4981 189 1
330 189 1
2380 189 1
990 189 1
2175 189 1
3162 189 1
9 189 1
1746 189 1
670 189 1
1455 189 1
3264 189 1
1295 189 1
4273 189 1
3221 189 1
1131 189 1
1379 189 1
1579 189 1
1502 189 1
893 189 1
3510 189 1
161 189 1
3586 189 1
1 189 1
4960 189 1
972 189 1
1152 189 1
3424 189 1
732 189 1
450 189 1
3226 189 1
2032 189 1
2159 189 1
3825 189 1
3985 189 1
458 189 1
9 189 1
722 189 1
1063 189 1
666 189 1
3513 189 1
4233 189 1
224 189 1
852 189 1
2521 189 1
395 189 1
4984 189 1
2309 189 1
1475 189 1
2373 189 1
2074 189 1
340 189 1
46 189 1
567 189 1
1928 189 1
496 189 1
4 189 1
191 189 1
1277 189 1
1 189 1
78 189 1
1509 189 1
1749 189 1
392 189 1
2856 189 1
917 189 1
61 189 1
1617 189 1
43 189 1
2843 189 1
4506 190 1
1881 190 1
4134 190 1
1351 190 1
2713 190 1
2504 190 1
2152 190 1
458 190 1
1790 190 1
2052 190 1
301 190 1
204 190 1
574 190 1
26 190 1
2748 190 1
1614 190 1
1808 190 1
5 190 1
882 190 1
3427 190 1
197 190 1
555 190 1
1283 190 1
2089 190 1
226 190 1
314 190 1
3043 190 1
578 190 1
886 190 1
95 190 1
11 190 1
3 190 1
2742 190 1
761 190 1
261 190 1
1499 190 1
2913 190 1
2908 190 1
380 190 1
766 190 1
2133 190 1
275 190 1
586 190 1
39 190 1
3655 190 1
857 190 1
1401 190 1
4721 190 1
4231 190 1
1698 190 1
2055 190 1
3915 190 1
2287 190 1
118 190 1
1338 190 1
142 190 1
313 190 1
3198 190 1
9 190 1
4827 190 1
569 190 1
4092 190 1
2503 190 1
27 190 1
3373 190 1
827 190 1
317 190 1
6 190 1
1567 190 1
556 190 1
2047 190 1
280 190 1
1157 190 1
1532 190 1
2690 190 1
174 190 1
4786 190 1
3225 190 1
1680 190 1
747 190 1
148 190 1
183 190 1
31 190 1
2452 190 1
1242 190 1
4130 190 1
4229 190 1
22 190 1
1101 190 1
3132 190 1
3315 190 1
2754 190 1
3491 190 1
206 190 1
134 190 1
144 190 1
1986 190 1
3184 190 1
1446 190 1
1152 190 1
69 190 1
98 190 1
68 190 1
81 190 1
3258 190 1
853 190 1
611 190 1
527 190 1
655 190 1
3290 190 1
2874 190 1
3397 190 1
373 190 1
2268 190 1
1228 190 1
873 190 1
4607 190 1
917 190 1
416 190 1
4361 190 1
1741 190 1
4382 190 1
3300 190 1
196 190 1
378 190 1
3611 190 1
2575 190 1
71 190 1
519 190 1
106 190 1
1382 190 1
2928 190 1
35 190 1
143 190 1
64 190 1
568 190 1
1635 190 1
1441 190 1
831 190 1
1 190 1
1499 190 1
182 190 1
4483 190 1
2288 190 1
4146 190 1
548 190 1
2415 190 1
1840 190 1
4623 190 1
3925 190 1
2661 190 1
3463 190 1
2963 190 1
1658 190 1
2032 190 1
3480 190 1
961 190 1
1963 190 1
1916 190 1
1679 190 1
2986 190 1
93 190 1
4211 190 1
4272 190 1
2910 190 1
4446 190 1
590 190 1
2778 190 1
1185 190 1
432 190 1
899 190 1
1211 190 1
3763 190 1
147 190 1
913 190 1
3348 190 1
1339 190 1
1292 190 1
65 190 1
4286 190 1
3785 190 1
3844 190 1
249 190 1
1107 190 1
3441 190 1
2254 190 1
303 190 1
4341 190 1
1602 190 1
3201 190 1
2405 190 1
4525 190 1
2902 190 1
3699 190 1
1568 190 1
1533 190 1
1290 190 1
1134 190 1
187 190 1
2043 190 1
2912 190 1
4639 190 1
2604 190 1
861 190 1
1965 190 1
1837 190 1
333 190 1
2637 190 1
168 190 1
4842 190 1
1312 190 1
1857 190 1
123 190 1
2 190 1
2215 190 1
2470 190 1
3132 190 1
2292 190 1
2630 190 1
1501 190 1
1981 190 1
1375 190 1
604 190 1
4 190 1
240 190 1
1551 190 1
236 190 1
4024 190 1
986 190 1
8 190 1
52 190 1
1630 190 1
2211 190 1
11 190 1
3832 190 1
3568 190 1
1554 190 1
0 190 1
4729 190 1
88 190 1
28 190 1
2675 190 1
2078 190 1
387 190 1
79 190 1
1187 190 1
2678 190 1
660 190 1
2514 190 1
4061 190 1
3238 190 1
721 190 1
102 190 1
193 190 1
2415 190 1
2614 190 1
195 190 1
1885 190 1
2069 190 1
3259 190 1
5 190 1
106 190 1
1311 190 1
514 190 1
381 190 1
723 190 1
1059 190 1
3751 190 1
4 190 1
41 190 1
159 190 1
4663 190 1
258 190 1
0 190 1
340 190 1
344 190 1
3740 190 1
190 190 1
1 190 1
68 190 1
1336 190 1
3723 190 1
2897 190 1
150 190 1
436 190 1
4363 190 1
4986 190 1
195 190 1
340 190 1
0 190 1
306 190 1
1183 190 1
4864 190 1
1737 190 1
500 190 1
4924 190 1
433 190 1
1691 190 1
3187 190 1
88 190 1
2 190 1
3185 190 1
186 190 1
2444 190 1
166 190 1
407 190 1
2203 190 1
4673 190 1
1985 190 1
1322 190 1
1626 190 1
1913 190 1
125 190 1
82 190 1
461 190 1
2971 190 1
4472 190 1
108 190 1
25 190 1
3592 190 1
27 190 1
675 190 1
0 190 1
1619 190 1
37 190 1
3504 190 1
4227 190 1
1405 190 1
405 190 1
1637 190 1
214 190 1
2266 190 1
1272 190 1
5 190 1
193 190 1
2073 190 1
275 190 1
13 190 1
3476 190 1
1062 190 1
809 190 1
4704 190 1
629 190 1
3897 190 1
3114 190 1
685 191 1
283 191 1
287 191 1
227 191 1
1147 191 1
0 191 1
21 191 1
4761 191 1
2478 191 1
2829 191 1
2464 191 1
401 191 1
4397 191 1
144 191 1
4167 191 1
400 191 1
412 191 1
2276 191 1
3752 191 1
19 191 1
4575 191 1
24 191 1
1721 191 1
213 191 1
2803 191 1
339 191 1
3843 191 1
1730 191 1
1149 191 1
1476 191 1
4515 191 1
3 191 1
4762 191 1
40 191 1
362 191 1
2199 191 1
913 191 1
172 191 1
261 191 1
60 191 1
1615 191 1
4142 191 1
427 191 1
217 191 1
351 191 1
57 191 1
1694 191 1
2808 191 1
2695 191 1
3967 191 1
4265 191 1
4067 191 1
898 191 1
2857 191 1
2657 191 1
3611 191 1
1740 191 1
1764 191 1
2444 191 1
4902 191 1
2451 191 1
177 191 1
4830 191 1
112 191 1
275 191 1
4610 191 1
2898 191 1
28 191 1
1206 191 1
882 191 1
865 191 1
45 191 1
327 191 1
2631 191 1
4 191 1
3787 191 1
1602 191 1
68 191 1
4665 191 1
3153 191 1
1038 191 1
1707 191 1
3930 191 1
3211 191 1
2681 191 1
744 191 1
2949 191 1
39 191 1
727 191 1
1744 191 1
1566 191 1
224 191 1
3428 191 1
1407 191 1
357 191 1
103 191 1
1786 191 1
3473 191 1
2010 191 1
891 191 1
845 191 1
3351 191 1
1640 191 1
602 191 1
1417 191 1
612 191 1
828 191 1
448 191 1
4005 191 1
2917 191 1
330 191 1
3429 191 1
58 191 1
3256 191 1
713 191 1
4357 191 1
109 191 1
2870 191 1
738 191 1
1380 191 1
3245 191 1
1486 191 1
338 191 1
116 191 1
1532 191 1
3710 191 1
4909 191 1
1893 191 1
3779 191 1
3359 191 1
5 191 1
3461 191 1
4112 191 1
76 191 1
1291 191 1
1664 191 1
5 191 1
218 191 1
163 191 1
3519 191 1
1462 191 1
2321 191 1
505 191 1
1647 191 1
4250 191 1
2812 191 1
730 191 1
131 191 1
1385 191 1
87 191 1
2746 191 1
3417 191 1
2399 191 1
3746 191 1
423 191 1
1766 191 1
3342 191 1
3588 191 1
6 191 1
1765 191 1
1016 191 1
3590 191 1
4 191 1
356 191 1
213 191 1
2076 191 1
2710 191 1
2836 191 1
910 191 1
4012 191 1
461 191 1
660 191 1
2542 191 1
128 191 1
3288 191 1
718 191 1
1719 191 1
3318 191 1
4962 191 1
1267 191 1
175 191 1
1559 191 1
4674 191 1
525 191 1
119 191 1
4771 191 1
4496 191 1
50 191 1
1777 191 1
519 191 1
680 191 1
3254 191 1
2765 191 1
0 191 1
5 191 1
9 191 1
4258 191 1
533 191 1
4623 191 1
3207 191 1
686 191 1
3500 191 1
4435 191 1
4740 191 1
1182 191 1
1116 191 1
4775 191 1
493 191 1
750 191 1
1620 191 1
6 191 1
3937 191 1
4094 191 1
740 191 1
1041 191 1
2919 191 1
745 191 1
705 191 1
974 191 1
3255 191 1
3103 191 1
1747 191 1
362 191 1
9 191 1
1435 191 1
3374 191 1
1715 191 1
232 191 1
1139 191 1
152 191 1
0 191 1
1870 191 1
58 191 1
848 191 1
371 191 1
2742 191 1
2981 191 1
587 191 1
1321 191 1
2958 191 1
421 191 1
1098 191 1
821 191 1
3283 191 1
1514 191 1
4407 191 1
141 191 1
631 191 1
4664 191 1
63 191 1
3964 191 1
796 191 1
390 191 1
3594 191 1
1380 191 1
66 191 1
3523 191 1
4472 191 1
4591 191 1
2896 191 1
1 191 1
2406 191 1
3638 191 1
1304 191 1
3066 191 1
4276 191 1
229 191 1
1681 191 1
1296 191 1
323 191 1
4252 191 1
260 191 1
180 191 1
1031 191 1
2740 191 1
4444 191 1
407 191 1
221 191 1
1667 191 1
2928 191 1
52 191 1
79 191 1
494 191 1
3891 191 1
3911 191 1
1989 191 1
3 191 1
4933 191 1
2082 191 1
48 191 1
17 191 1
4783 191 1
2714 191 1
622 191 1
1001 191 1
826 191 1
3517 191 1
1672 191 1
86 191 1
997 191 1
873 191 1
213 191 1
740 191 1
2384 191 1
836 191 1
3399 191 1
4575 191 1
4849 191 1
0 191 1
210 191 1
1387 191 1
275 191 1
85 191 1
1981 191 1
1303 191 1
3630 191 1
1871 191 1
9 191 1
1310 191 1
2638 191 1
413 191 1
146 191 1
4348 191 1
68 191 1
1671 191 1
732 191 1
2455 191 1
163 191 1
2408 191 1
787 191 1
158 191 1
3401 191 1
970 191 1
1349 191 1
1629 191 1
3832 191 1
2928 191 1
980 191 1
1792 191 1
3560 191 1
2802 191 1
34 191 1
210 191 1
1416 191 1
432 191 1
1929 192 1
90 192 1
17 192 1
1367 192 1
378 192 1
4428 192 1
1001 192 1
1178 192 1
3614 192 1
1677 192 1
771 192 1
74 192 1
4109 192 1
65 192 1
3532 192 1
3712 192 1
1066 192 1
18 192 1
1580 192 1
11 192 1
405 192 1
2821 192 1
4267 192 1
1058 192 1
1808 192 1
3338 192 1
330 192 1
2276 192 1
1389 192 1
424 192 1
546 192 1
4767 192 1
6 192 1
572 192 1
384 192 1
2191 192 1
1652 192 1
2876 192 1
0 192 1
3119 192 1
19 192 1
1795 192 1
3322 192 1
2379 192 1
2324 192 1
793 192 1
3341 192 1
3121 192 1
208 192 1
4184 192 1
562 192 1
59 192 1
138 192 1
2746 192 1
2667 192 1
3696 192 1
100 192 1
342 192 1
76 192 1
411 192 1
20 192 1
1320 192 1
2729 192 1
1778 192 1
110 192 1
102 192 1
3866 192 1
219 192 1
2028 192 1
0 192 1
961 192 1
2202 192 1
1182 192 1
256 192 1
486 192 1
4549 192 1
2743 192 1
1068 192 1
43 192 1
382 192 1
3309 192 1
6 192 1
77 192 1
867 192 1
14 192 1
100 192 1
4748 192 1
2441 192 1
4965 192 1
3924 192 1
3666 192 1
368 192 1
1829 192 1
3 192 1
551 192 1
4871 192 1
4512 192 1
510 192 1
1415 192 1
1086 192 1
1747 192 1
27 192 1
259 192 1
2175 192 1
3827 192 1
4407 192 1
3360 192 1
71 192 1
3426 192 1
221 192 1
2886 192 1
3938 192 1
1754 192 1
4957 192 1
0 192 1
1035 192 1
4290 192 1
1637 192 1
14 192 1
2095 192 1
1041 192 1
1478 192 1
1207 192 1
14 192 1
1662 192 1
161 192 1
1750 192 1
66 192 1
103 192 1
0 192 1
4877 192 1
61 192 1
597 192 1
4330 192 1
83 192 1
1583 192 1
135 192 1
3588 192 1
2647 192 1
4085 192 1
745 192 1
19 192 1
3308 192 1
308 192 1
1145 192 1
873 192 1
1114 192 1
2406 192 1
1880 192 1
15 192 1
837 192 1
1 192 1
3094 192 1
143 192 1
2602 192 1
169 192 1
177 192 1
567 192 1
55 192 1
766 192 1
1 192 1
3700 192 1
815 192 1
2591 192 1
1488 192 1
2617 192 1
657 192 1
423 192 1
34 192 1
2710 192 1
3313 192 1
296 192 1
2073 192 1
135 192 1
2525 192 1
892 192 1
310 192 1
4331 192 1
1723 192 1
2036 192 1
3255 192 1
1296 192 1
2126 192 1
1324 192 1
1 192 1
544 192 1
3840 192 1
309 192 1
964 192 1
4893 192 1
2736 192 1
3521 192 1
1710 192 1
4172 192 1
548 192 1
162 192 1
207 192 1
4509 192 1
1080 192 1
3 192 1
365 192 1
45 192 1
1077 192 1
2274 192 1
20 192 1
4095 192 1
2925 192 1
2477 192 1
0 192 1
4083 192 1
105 192 1
120 192 1
1185 192 1
4777 192 1
4280 192 1
2346 192 1
205 192 1
3374 192 1
4616 192 1
468 192 1
1580 192 1
766 192 1
1597 192 1
2205 192 1
2406 192 1
3 192 1
4259 192 1
6 192 1
1453 192 1
0 192 1
1363 192 1
8 192 1
3716 192 1
2556 192 1
2041 192 1
272 192 1
3837 192 1
2729 192 1
72 192 1
1619 192 1
215 192 1
70 192 1
1564 192 1
463 192 1
3266 192 1
1245 192 1
1518 192 1
3395 192 1
158 192 1
3031 192 1
3634 192 1
5 192 1
1135 192 1
421 192 1
1129 192 1
3965 192 1
254 192 1
2 192 1
2231 192 1
1512 192 1
213 192 1
3118 192 1
2869 192 1
4492 192 1
2648 192 1
236 192 1
449 192 1
563 192 1
790 192 1
56 192 1
965 192 1
19 192 1
4435 192 1
1912 192 1
3721 192 1
2381 192 1
3054 192 1
3554 192 1
48 192 1
9 192 1
11 192 1
2719 192 1
1588 192 1
2052 192 1
11 192 1
582 192 1
3006 192 1
23 192 1
235 192 1
527 192 1
11 192 1
1003 192 1
1177 192 1
2489 192 1
1015 192 1
3752 192 1
5 192 1
583 192 1
0 192 1
3502 192 1
102 192 1
2867 192 1
4955 192 1
2826 192 1
919 192 1
2277 192 1
1435 192 1
10 192 1
281 192 1
377 192 1
2439 192 1
2773 192 1
2435 192 1
359 192 1
2742 192 1
2263 192 1
263 192 1
1759 192 1
1851 192 1
3119 192 1
3330 192 1
155 192 1
496 192 1
1011 192 1
1 192 1
3893 192 1
2009 192 1
2941 192 1
2592 192 1
4577 192 1
513 192 1
2082 192 1
2588 192 1
1867 192 1
3451 192 1
1376 192 1
556 192 1
262 192 1
3990 192 1
462 192 1
992 192 1
10 192 1
25 192 1
1185 192 1
3567 192 1
2798 193 1
1740 193 1
2213 193 1
410 193 1
1831 193 1
1375 193 1
360 193 1
3654 193 1
181 193 1
260 193 1
98 193 1
736 193 1
3098 193 1
366 193 1
458 193 1
528 193 1
2306 193 1
16 193 1
2196 193 1
3781 193 1
31 193 1
961 193 1
2626 193 1
1322 193 1
541 193 1
4978 193 1
779 193 1
320 193 1
3321 193 1
1273 193 1
2469 193 1
2810 193 1
231 193 1
631 193 1
272 193 1
627 193 1
363 193 1
20 193 1
126 193 1
4341 193 1
2630 193 1
3710 193 1
3531 193 1
27 193 1
42 193 1
1975 193 1
543 193 1
4230 193 1
3019 193 1
870 193 1
2055 193 1
1575 193 1
3915 193 1
4313 193 1
1977 193 1
1961 193 1
553 193 1
3693 193 1
1739 193 1
427 193 1
647 193 1
2314 193 1
3663 193 1
3444 193 1
4548 193 1
3772 193 1
4412 193 1
22 193 1
4766 193 1
1678 193 1
405 193 1
2056 193 1
2158 193 1
769 193 1
555 193 1
4078 193 1
7 193 1
177 193 1
1768 193 1
1139 193 1
2032 193 1
1296 193 1
353 193 1
1897 193 1
4144 193 1
4002 193 1
2730 193 1
0 193 1
1284 193 1
617 193 1
4669 193 1
3887 193 1
1416 193 1
279 193 1
203 193 1
973 193 1
393 193 1
42 193 1
1244 193 1
297 193 1
32 193 1
416 193 1
1641 193 1
2261 193 1
3165 193 1
3905 193 1
1 193 1
11 193 1
1746 193 1
134 193 1
844 193 1
1385 193 1
4826 193 1
53 193 1
464 193 1
1410 193 1
1506 193 1
1957 193 1
576 193 1
1732 193 1
0 193 1
83 193 1
1365 193 1
399 193 1
363 193 1
795 193 1
3914 193 1
4832 193 1
3079 193 1
1677 193 1
3292 193 1
204 193 1
1659 193 1
4587 193 1
4904 193 1
1495 193 1
9 193 1
395 193 1
3301 193 1
74 193 1
12 193 1
549 193 1
3210 193 1
600 193 1
4355 193 1
78 193 1
654 193 1
310 193 1
872 193 1
1513 193 1
2844 193 1
3703 193 1
1668 193 1
4487 193 1
1892 193 1
1839 193 1
334 193 1
3258 193 1
3165 193 1
3625 193 1
519 193 1
2601 193 1
1710 193 1
2898 193 1
4547 193 1
396 193 1
1300 193 1
1 193 1
467 193 1
3657 193 1
735 193 1
165 193 1
33 193 1
1669 193 1
2999 193 1
1366 193 1
4247 193 1
3346 193 1
331 193 1
4187 193 1
3731 193 1
1697 193 1
5 193 1
1162 193 1
0 193 1
168 193 1
3046 193 1
1504 193 1
3360 193 1
456 193 1
1 193 1
1584 193 1
4492 193 1
2400 193 1
2904 193 1
4564 193 1
176 193 1
766 193 1
3810 193 1
44 193 1
878 193 1
4450 193 1
4159 193 1
3366 193 1
2078 193 1
3986 193 1
1861 193 1
1424 193 1
881 193 1
933 193 1
4028 193 1
3141 193 1
2936 193 1
4710 193 1
88 193 1
1030 193 1
1022 193 1
1604 193 1
1117 193 1
1900 193 1
3885 193 1
2049 193 1
82 193 1
3206 193 1
3239 193 1
756 193 1
352 193 1
15 193 1
1713 193 1
22 193 1
2333 193 1
2274 193 1
1320 193 1
4521 193 1
4229 193 1
679 193 1
1554 193 1
3146 193 1
2673 193 1
3702 193 1
250 193 1
873 193 1
4027 193 1
1172 193 1
4356 193 1
3235 193 1
3834 193 1
3173 193 1
2860 193 1
2540 193 1
3077 193 1
124 193 1
2999 193 1
962 193 1
1739 193 1
3914 193 1
2208 193 1
106 193 1
890 193 1
3289 193 1
480 193 1
1796 193 1
1306 193 1
2 193 1
632 193 1
4074 193 1
1261 193 1
647 193 1
1351 193 1
4937 193 1
1844 193 1
1597 193 1
2461 193 1
2182 193 1
1509 193 1
1872 193 1
2753 193 1
1054 193 1
4262 193 1
2399 193 1
4734 193 1
2147 193 1
487 193 1
1854 193 1
7 193 1
4340 193 1
443 193 1
2862 193 1
1036 193 1
3731 193 1
30 193 1
2755 193 1
956 193 1
245 193 1
1897 193 1
0 193 1
1756 193 1
2188 193 1
843 193 1
53 193 1
3811 193 1
2230 193 1
664 193 1
384 193 1
15 193 1
728 193 1
168 193 1
2 193 1
3617 193 1
2783 193 1
1421 193 1
2228 193 1
1827 193 1
2614 193 1
955 193 1
2543 193 1
532 193 1
1319 193 1
4486 193 1
1323 193 1
13 193 1
1675 193 1
3311 193 1
178 193 1
578 193 1
1633 193 1
857 193 1
290 193 1
4150 193 1
787 193 1
1795 193 1
3539 193 1
1364 193 1
61 193 1
0 193 1
1079 193 1
2454 193 1
2549 193 1
2119 193 1
23 193 1
84 193 1
51 193 1
65 193 1
660 193 1
3459 193 1
3643 194 1
1820 194 1
501 194 1
1987 194 1
3916 194 1
178 194 1
12 194 1
465 194 1
1720 194 1
255 194 1
2282 194 1
2722 194 1
4208 194 1
4529 194 1
31 194 1
764 194 1
4164 194 1
131 194 1
4522 194 1
3450 194 1
2548 194 1
4339 194 1
1031 194 1
1203 194 1
1690 194 1
2002 194 1
4100 194 1
5 194 1
3738 194 1
1847 194 1
1235 194 1
336 194 1
342 194 1
984 194 1
1115 194 1
4537 194 1
977 194 1
4791 194 1
672 194 1
919 194 1
649 194 1
789 194 1
2300 194 1
4413 194 1
129 194 1
2886 194 1
69 194 1
1099 194 1
2484 194 1
288 194 1
1016 194 1
1134 194 1
4233 194 1
2141 194 1
2475 194 1
1278 194 1
1735 194 1
3339 194 1
13 194 1
4167 194 1
4582 194 1
660 194 1
2651 194 1
1806 194 1
3213 194 1
748 194 1
2482 194 1
2324 194 1
59 194 1
1472 194 1
795 194 1
695 194 1
607 194 1
1028 194 1
0 194 1
1974 194 1
443 194 1
1255 194 1
4927 194 1
14 194 1
1666 194 1
2080 194 1
1061 194 1
5 194 1
204 194 1
3606 194 1
1507 194 1
31 194 1
0 194 1
1174 194 1
3671 194 1
748 194 1
4195 194 1
703 194 1
3212 194 1
18 194 1
1899 194 1
379 194 1
758 194 1
2144 194 1
64 194 1
4617 194 1
107 194 1
86 194 1
2013 194 1
967 194 1
814 194 1
2112 194 1
4850 194 1
1631 194 1
1373 194 1
2542 194 1
1157 194 1
2075 194 1
2136 194 1
2693 194 1
953 194 1
3231 194 1
888 194 1
1432 194 1
3699 194 1
2405 194 1
4 194 1
2752 194 1
791 194 1
4523 194 1
358 194 1
2592 194 1
1809 194 1
255 194 1
3 194 1
1071 194 1
481 194 1
726 194 1
669 194 1
1981 194 1
282 194 1
103 194 1
192 194 1
53 194 1
7 194 1
131 194 1
21 194 1
2765 194 1
4189 194 1
2592 194 1
1553 194 1
294 194 1
4178 194 1
1380 194 1
3482 194 1
2596 194 1
4800 194 1
4759 194 1
118 194 1
570 194 1
98 194 1
576 194 1
4107 194 1
682 194 1
1460 194 1
1409 194 1
177 194 1
1247 194 1
4574 194 1
1747 194 1
377 194 1
2195 194 1
253 194 1
726 194 1
297 194 1
2476 194 1
1375 194 1
4315 194 1
16 194 1
5 194 1
4940 194 1
59 194 1
1003 194 1
685 194 1
4207 194 1
3822 194 1
3885 194 1
1800 194 1
4121 194 1
124 194 1
977 194 1
1036 194 1
4699 194 1
1571 194 1
395 194 1
1831 194 1
127 194 1
4 194 1
1972 194 1
374 194 1
54 194 1
688 194 1
1673 194 1
511 194 1
490 194 1
1397 194 1
519 194 1
4026 194 1
33 194 1
1219 194 1
3601 194 1
1120 194 1
4040 194 1
11 194 1
997 194 1
578 194 1
2198 194 1
4616 194 1
2159 194 1
2072 194 1
2298 194 1
539 194 1
513 194 1
94 194 1
1632 194 1
244 194 1
323 194 1
3043 194 1
4429 194 1
409 194 1
4302 194 1
0 194 1
916 194 1
1636 194 1
588 194 1
458 194 1
1 194 1
1744 194 1
1019 194 1
4059 194 1
0 194 1
163 194 1
2722 194 1
3652 194 1
142 194 1
236 194 1
2474 194 1
184 194 1
2821 194 1
2459 194 1
274 194 1
26 194 1
3755 194 1
377 194 1
873 194 1
3812 194 1
142 194 1
111 194 1
3246 194 1
1388 194 1
223 194 1
229 194 1
1513 194 1
545 194 1
1600 194 1
1 194 1
2616 194 1
3410 194 1
28 194 1
1938 194 1
3681 194 1
2842 194 1
609 194 1
4576 194 1
2822 194 1
3079 194 1
213 194 1
2376 194 1
89 194 1
0 194 1
75 194 1
6 194 1
4516 194 1
3644 194 1
384 194 1
4770 194 1
3282 194 1
2776 194 1
2064 194 1
1429 194 1
1582 194 1
393 194 1
3991 194 1
27 194 1
4615 194 1
41 194 1
224 194 1
1262 194 1
4650 194 1
2746 194 1
1688 194 1
2031 194 1
723 194 1
3388 194 1
0 194 1
1468 194 1
901 194 1
0 194 1
2429 194 1
4900 194 1
2270 194 1
1056 194 1
2076 194 1
1683 194 1
200 194 1
1741 194 1
1638 194 1
1458 194 1
22 194 1
1285 194 1
720 194 1
1976 194 1
720 194 1
1341 194 1
366 194 1
482 194 1
4065 194 1
2556 194 1
4450 194 1
21 194 1
16 194 1
8 194 1
389 194 1
100 194 1
4301 194 1
385 194 1
1916 194 1
21 194 1
371 194 1
87 194 1
424 194 1
1458 194 1
4861 194 1
771 194 1
617 194 1
174 194 1
840 194 1
421 194 1
3550 194 1
1160 195 1
716 195 1
296 195 1
848 195 1
4079 195 1
225 195 1
2592 195 1
2621 195 1
175 195 1
3 195 1
1265 195 1
657 195 1
1711 195 1
2481 195 1
19 195 1
2569 195 1
3493 195 1
15 195 1
3219 195 1
31 195 1
77 195 1
3369 195 1
4270 195 1
385 195 1
4053 195 1
1929 195 1
3653 195 1
1835 195 1
588 195 1
4531 195 1
577 195 1
204 195 1
4122 195 1
3653 195 1
557 195 1
4688 195 1
2227 195 1
3964 195 1
840 195 1
421 195 1
41 195 1
159 195 1
1576 195 1
1705 195 1
2506 195 1
4128 195 1
476 195 1
2267 195 1
3509 195 1
309 195 1
2114 195 1
2055 195 1
3059 195 1
8 195 1
64 195 1
634 195 1
8 195 1
2938 195 1
4553 195 1
35 195 1
1754 195 1
995 195 1
4920 195 1
3394 195 1
2454 195 1
912 195 1
3369 195 1
47 195 1
373 195 1
2756 195 1
302 195 1
1372 195 1
3730 195 1
0 195 1
2962 195 1
2282 195 1
70 195 1
3001 195 1
168 195 1
3206 195 1
1024 195 1
1144 195 1
1920 195 1
322 195 1
549 195 1
29 195 1
154 195 1
776 195 1
1426 195 1
1584 195 1
1436 195 1
2805 195 1
4523 195 1
4205 195 1
3040 195 1
2179 195 1
4239 195 1
417 195 1
4988 195 1
599 195 1
3733 195 1
1446 195 1
1304 195 1
2672 195 1
1265 195 1
4021 195 1
3527 195 1
3837 195 1
828 195 1
4053 195 1
373 195 1
1543 195 1
8 195 1
2386 195 1
3454 195 1
36 195 1
373 195 1
2797 195 1
732 195 1
23 195 1
3 195 1
2120 195 1
832 195 1
95 195 1
2933 195 1
3132 195 1
1924 195 1
3113 195 1
3896 195 1
1790 195 1
1662 195 1
1029 195 1
4039 195 1
651 195 1
145 195 1
7 195 1
4592 195 1
78 195 1
247 195 1
3225 195 1
4202 195 1
506 195 1
1089 195 1
1858 195 1
13 195 1
997 195 1
4666 195 1
1819 195 1
3373 195 1
2825 195 1
1547 195 1
567 195 1
538 195 1
676 195 1
3887 195 1
327 195 1
126 195 1
403 195 1
35 195 1
2983 195 1
670 195 1
2681 195 1
4203 195 1
161 195 1
2945 195 1
611 195 1
3776 195 1
4277 195 1
1156 195 1
272 195 1
7 195 1
355 195 1
1906 195 1
797 195 1
1762 195 1
949 195 1
549 195 1
4069 195 1
1009 195 1
1027 195 1
2773 195 1
482 195 1
2289 195 1
3377 195 1
14 195 1
1798 195 1
1034 195 1
4973 195 1
1267 195 1
571 195 1
1723 195 1
1703 195 1
613 195 1
986 195 1
1647 195 1
1816 195 1
1695 195 1
4395 195 1
1710 195 1
547 195 1
435 195 1
52 195 1
1553 195 1
4537 195 1
2424 195 1
2013 195 1
320 195 1
3233 195 1
2068 195 1
2 195 1
4966 195 1
1069 195 1
4876 195 1
4068 195 1
3663 195 1
25 195 1
2929 195 1
4119 195 1
3323 195 1
89 195 1
467 195 1
3002 195 1
3093 195 1
961 195 1
4486 195 1
3162 195 1
2014 195 1
1721 195 1
22 195 1
164 195 1
4667 195 1
685 195 1
489 195 1
137 195 1
3157 195 1
923 195 1
4528 195 1
3575 195 1
706 195 1
181 195 1
817 195 1
3635 195 1
1189 195 1
3886 195 1
0 195 1
1339 195 1
3179 195 1
1199 195 1
1775 195 1
2078 195 1
3667 195 1
1853 195 1
1942 195 1
154 195 1
217 195 1
1977 195 1
2035 195 1
3 195 1
93 195 1
1759 195 1
3200 195 1
195 195 1
114 195 1
1810 195 1
1142 195 1
1501 195 1
468 195 1
74 195 1
55 195 1
1799 195 1
2418 195 1
940 195 1
2122 195 1
1537 195 1
751 195 1
4327 195 1
3767 195 1
173 195 1
0 195 1
558 195 1
1083 195 1
2807 195 1
3268 195 1
112 195 1
301 195 1
14 195 1
1085 195 1
1836 195 1
391 195 1
1305 195 1
0 195 1
941 195 1
495 195 1
3822 195 1
4117 195 1
3101 195 1
707 195 1
233 195 1
4784 195 1
3426 195 1
1180 195 1
4933 195 1
25 195 1
762 195 1
1844 195 1
2701 195 1
108 195 1
28 195 1
2951 195 1
297 195 1
529 195 1
624 195 1
393 195 1
1959 195 1
1027 195 1
1526 195 1
3276 195 1
1 195 1
985 195 1
4339 195 1
2059 195 1
3012 195 1
833 195 1
3050 195 1
719 195 1
83 195 1
1017 195 1
72 195 1
332 195 1
1836 195 1
2575 195 1
3895 195 1
2002 195 1
2137 195 1
3245 195 1
58 195 1
1676 195 1
1791 195 1
3893 195 1
17 195 1
2146 195 1
43 195 1
3509 195 1
819 195 1
19 195 1
2176 196 1
126 196 1
3421 196 1
2000 196 1
3334 196 1
204 196 1
422 196 1
1412 196 1
3173 196 1
1517 196 1
1068 196 1
4115 196 1
2828 196 1
3977 196 1
845 196 1
3798 196 1
1442 196 1
296 196 1
12 196 1
3451 196 1
425 196 1
1570 196 1
1329 196 1
813 196 1
264 196 1
2765 196 1
377 196 1
125 196 1
291 196 1
129 196 1
1620 196 1
443 196 1
606 196 1
3418 196 1
3951 196 1
4342 196 1
1983 196 1
126 196 1
4118 196 1
281 196 1
3392 196 1
4941 196 1
3317 196 1
67 196 1
429 196 1
4729 196 1
2114 196 1
3745 196 1
550 196 1
2661 196 1
1800 196 1
4514 196 1
2393 196 1
55 196 1
3659 196 1
1260 196 1
757 196 1
368 196 1
579 196 1
2566 196 1
209 196 1
3933 196 1
2138 196 1
2117 196 1
2182 196 1
609 196 1
4354 196 1
2970 196 1
4577 196 1
222 196 1
148 196 1
394 196 1
2396 196 1
2238 196 1
1636 196 1
270 196 1
2411 196 1
3178 196 1
1338 196 1
4248 196 1
1578 196 1
20 196 1
673 196 1
3598 196 1
617 196 1
3163 196 1
1266 196 1
1932 196 1
507 196 1
4576 196 1
4656 196 1
4350 196 1
1516 196 1
2292 196 1
2176 196 1
4363 196 1
1825 196 1
3046 196 1
898 196 1
3424 196 1
21 196 1
25 196 1
812 196 1
67 196 1
765 196 1
274 196 1
3994 196 1
2315 196 1
1244 196 1
309 196 1
1936 196 1
3984 196 1
20 196 1
3 196 1
8 196 1
1 196 1
1718 196 1
1445 196 1
48 196 1
466 196 1
831 196 1
3639 196 1
19 196 1
4808 196 1
1123 196 1
220 196 1
2775 196 1
2771 196 1
3686 196 1
457 196 1
478 196 1
498 196 1
19 196 1
724 196 1
1736 196 1
209 196 1
2926 196 1
141 196 1
9 196 1
4258 196 1
2497 196 1
381 196 1
7 196 1
3486 196 1
202 196 1
2099 196 1
1040 196 1
1089 196 1
980 196 1
95 196 1
183 196 1
2519 196 1
2020 196 1
53 196 1
2950 196 1
0 196 1
485 196 1
2694 196 1
1339 196 1
182 196 1
2905 196 1
950 196 1
4394 196 1
3112 196 1
17 196 1
3289 196 1
2976 196 1
4253 196 1
1704 196 1
2304 196 1
2554 196 1
167 196 1
446 196 1
0 196 1
3280 196 1
980 196 1
634 196 1
2012 196 1
3698 196 1
2568 196 1
2697 196 1
2591 196 1
85 196 1
38 196 1
682 196 1
4111 196 1
1143 196 1
3657 196 1
1082 196 1
21 196 1
12 196 1
58 196 1
2060 196 1
3813 196 1
546 196 1
4636 196 1
3810 196 1
2104 196 1
381 196 1
800 196 1
98 196 1
92 196 1
2982 196 1
30 196 1
3787 196 1
3508 196 1
2524 196 1
4746 196 1
693 196 1
1728 196 1
154 196 1
655 196 1
1398 196 1
9 196 1
2936 196 1
2329 196 1
1117 196 1
237 196 1
2437 196 1
249 196 1
1531 196 1
3128 196 1
1248 196 1
761 196 1
3325 196 1
570 196 1
1058 196 1
4252 196 1
2916 196 1
2490 196 1
30 196 1
26 196 1
1580 196 1
481 196 1
1841 196 1
2484 196 1
629 196 1
1 196 1
10 196 1
4751 196 1
3175 196 1
329 196 1
856 196 1
141 196 1
2621 196 1
484 196 1
750 196 1
353 196 1
547 196 1
304 196 1
329 196 1
165 196 1
414 196 1
3544 196 1
4714 196 1
322 196 1
65 196 1
9 196 1
1234 196 1
867 196 1
386 196 1
4617 196 1
141 196 1
198 196 1
278 196 1
1333 196 1
2719 196 1
1007 196 1
3022 196 1
224 196 1
86 196 1
444 196 1
524 196 1
3891 196 1
1752 196 1
152 196 1
14 196 1
4922 196 1
2439 196 1
339 196 1
1186 196 1
2959 196 1
96 196 1
1835 196 1
3123 196 1
2184 196 1
474 196 1
601 196 1
12 196 1
2664 196 1
327 196 1
4773 196 1
3304 196 1
2050 196 1
2656 196 1
4669 196 1
2254 196 1
4502 196 1
4197 196 1
301 196 1
1120 196 1
172 196 1
4507 196 1
925 196 1
1021 196 1
11 196 1
72 196 1
100 196 1
4237 196 1
1591 196 1
129 196 1
113 196 1
96 196 1
449 196 1
137 196 1
885 196 1
56 196 1
3580 196 1
1060 196 1
4554 196 1
4532 196 1
1140 196 1
3263 196 1
4779 196 1
3359 196 1
2009 196 1
2417 196 1
866 196 1
547 196 1
4056 196 1
501 196 1
298 196 1
3832 196 1
864 196 1
749 196 1
3672 196 1
1689 196 1
187 196 1
784 196 1
205 196 1
250 196 1
429 196 1
3571 196 1
768 196 1
1036 196 1
227 197 1
2501 197 1
4951 197 1
2308 197 1
1126 197 1
249 197 1
18 197 1
12 197 1
111 197 1
366 197 1
0 197 1
944 197 1
229 197 1
2649 197 1
4354 197 1
147 197 1
2882 197 1
3948 197 1
4152 197 1
379 197 1
736 197 1
1987 197 1
1500 197 1
410 197 1
460 197 1
136 197 1
821 197 1
1244 197 1
2854 197 1
670 197 1
3025 197 1
144 197 1
861 197 1
3956 197 1
1832 197 1
2995 197 1
1777 197 1
1087 197 1
3635 197 1
763 197 1
3104 197 1
420 197 1
66 197 1
9 197 1
0 197 1
38 197 1
5 197 1
1546 197 1
1074 197 1
3102 197 1
4030 197 1
723 197 1
2447 197 1
394 197 1
1058 197 1
4127 197 1
1475 197 1
2125 197 1
1232 197 1
406 197 1
0 197 1
3786 197 1
822 197 1
16 197 1
679 197 1
3672 197 1
71 197 1
980 197 1
120 197 1
4045 197 1
190 197 1
6 197 1
1050 197 1
714 197 1
1077 197 1
3955 197 1
4176 197 1
353 197 1
705 197 1
826 197 1
28 197 1
3564 197 1
78 197 1
543 197 1
460 197 1
22 197 1
3960 197 1
1802 197 1
1162 197 1
610 197 1
1123 197 1
3292 197 1
0 197 1
140 197 1
4441 197 1
64 197 1
1866 197 1
0 197 1
128 197 1
2053 197 1
967 197 1
157 197 1
4636 197 1
1464 197 1
3250 197 1
3526 197 1
30 197 1
286 197 1
3167 197 1
153 197 1
668 197 1
145 197 1
50 197 1
4460 197 1
662 197 1
4551 197 1
2902 197 1
749 197 1
1197 197 1
0 197 1
981 197 1
763 197 1
3219 197 1
902 197 1
32 197 1
3648 197 1
4885 197 1
2953 197 1
1234 197 1
185 197 1
2983 197 1
1826 197 1
1075 197 1
37 197 1
4472 197 1
1902 197 1
1108 197 1
1439 197 1
1320 197 1
80 197 1
85 197 1
1624 197 1
18 197 1
47 197 1
2239 197 1
1392 197 1
441 197 1
9 197 1
4659 197 1
422 197 1
173 197 1
138 197 1
3006 197 1
22 197 1
4059 197 1
34 197 1
3205 197 1
3549 197 1
4555 197 1
3800 197 1
1381 197 1
1519 197 1
4924 197 1
1700 197 1
846 197 1
34 197 1
4567 197 1
4263 197 1
1577 197 1
416 197 1
4612 197 1
2473 197 1
1146 197 1
2284 197 1
4316 197 1
655 197 1
758 197 1
228 197 1
185 197 1
88 197 1
627 197 1
185 197 1
426 197 1
1782 197 1
4945 197 1
3185 197 1
4928 197 1
3470 197 1
62 197 1
202 197 1
4071 197 1
1112 197 1
3369 197 1
3771 197 1
1260 197 1
252 197 1
246 197 1
56 197 1
4555 197 1
4976 197 1
3309 197 1
4358 197 1
3018 197 1
533 197 1
4597 197 1
298 197 1
205 197 1
262 197 1
1409 197 1
3860 197 1
2160 197 1
129 197 1
4797 197 1
539 197 1
1496 197 1
1307 197 1
24 197 1
4274 197 1
3420 197 1
149 197 1
0 197 1
314 197 1
53 197 1
2694 197 1
670 197 1
2018 197 1
1064 197 1
35 197 1
186 197 1
637 197 1
409 197 1
479 197 1
2616 197 1
4955 197 1
1077 197 1
1449 197 1
2544 197 1
3563 197 1
0 197 1
9 197 1
13 197 1
2728 197 1
37 197 1
2988 197 1
1218 197 1
11 197 1
1783 197 1
948 197 1
36 197 1
818 197 1
508 197 1
3912 197 1
70 197 1
1890 197 1
3867 197 1
262 197 1
5 197 1
1104 197 1
879 197 1
2330 197 1
20 197 1
93 197 1
1358 197 1
37 197 1
320 197 1
177 197 1
4303 197 1
2433 197 1
3889 197 1
470 197 1
1101 197 1
1824 197 1
2221 197 1
919 197 1
729 197 1
3496 197 1
3945 197 1
907 197 1
465 197 1
703 197 1
625 197 1
4908 197 1
3561 197 1
1223 197 1
1829 197 1
3050 197 1
2693 197 1
3419 197 1
2417 197 1
53 197 1
3765 197 1
2562 197 1
960 197 1
4765 197 1
147 197 1
184 197 1
367 197 1
538 197 1
2417 197 1
172 197 1
1726 197 1
2760 197 1
1829 197 1
25 197 1
4175 197 1
4080 197 1
4493 197 1
2851 197 1
260 197 1
15 197 1
3127 197 1
2902 197 1
2649 197 1
331 197 1
13 197 1
73 197 1
224 197 1
1818 197 1
1297 197 1
1909 197 1
240 197 1
156 197 1
14 197 1
436 197 1
43 197 1
4327 197 1
933 197 1
175 197 1
81 197 1
329 197 1
4561 197 1
41 197 1
1119 197 1
2586 197 1
3835 197 1
1452 197 1
244 197 1
1131 197 1
385 197 1
4166 197 1
1554 197 1
11 197 1
1516 197 1
62 197 1
4608 197 1
3617 198 1
3534 198 1
355 198 1
2197 198 1
941 198 1
4793 198 1
1479 198 1
318 198 1
2928 198 1
3190 198 1
257 198 1
1624 198 1
2649 198 1
1801 198 1
3511 198 1
1590 198 1
1595 198 1
2443 198 1
1767 198 1
1339 198 1
841 198 1
4966 198 1
100 198 1
3074 198 1
1089 198 1
1193 198 1
2597 198 1
3637 198 1
344 198 1
3316 198 1
2575 198 1
2766 198 1
2651 198 1
121 198 1
198 198 1
937 198 1
859 198 1
731 198 1
1350 198 1
1 198 1
2212 198 1
1491 198 1
1721 198 1
842 198 1
3311 198 1
4136 198 1
306 198 1
1357 198 1
2945 198 1
36 198 1
4389 198 1
3401 198 1
158 198 1
1958 198 1
1340 198 1
678 198 1
3199 198 1
164 198 1
2336 198 1
3429 198 1
72 198 1
4151 198 1
3168 198 1
4007 198 1
4200 198 1
1280 198 1
10 198 1
1178 198 1
592 198 1
2217 198 1
1978 198 1
3608 198 1
3034 198 1
580 198 1
25 198 1
2472 198 1
1589 198 1
336 198 1
726 198 1
311 198 1
1314 198 1
1234 198 1
0 198 1
2965 198 1
198 198 1
1786 198 1
2915 198 1
4372 198 1
3706 198 1
621 198 1
3080 198 1
23 198 1
520 198 1
607 198 1
2056 198 1
77 198 1
2988 198 1
1261 198 1
2519 198 1
220 198 1
1773 198 1
380 198 1
3375 198 1
1860 198 1
4459 198 1
1918 198 1
2829 198 1
4567 198 1
2217 198 1
3879 198 1
3120 198 1
3347 198 1
1692 198 1
1052 198 1
551 198 1
4526 198 1
1056 198 1
49 198 1
315 198 1
4558 198 1
1949 198 1
3435 198 1
4496 198 1
1897 198 1
0 198 1
10 198 1
520 198 1
858 198 1
53 198 1
136 198 1
0 198 1
4286 198 1
2889 198 1
1203 198 1
3400 198 1
0 198 1
1886 198 1
1287 198 1
9 198 1
4938 198 1
75 198 1
2689 198 1
1720 198 1
2340 198 1
109 198 1
1556 198 1
131 198 1
3159 198 1
1041 198 1
358 198 1
666 198 1
1565 198 1
494 198 1
3535 198 1
2918 198 1
451 198 1
1355 198 1
1981 198 1
2443 198 1
1647 198 1
1447 198 1
1466 198 1
430 198 1
1298 198 1
1622 198 1
75 198 1
331 198 1
484 198 1
825 198 1
3877 198 1
3072 198 1
2063 198 1
1135 198 1
82 198 1
4308 198 1
1927 198 1
2415 198 1
341 198 1
2600 198 1
3444 198 1
363 198 1
2250 198 1
1918 198 1
3674 198 1
3317 198 1
45 198 1
1946 198 1
95 198 1
806 198 1
118 198 1
2619 198 1
361 198 1
1066 198 1
2069 198 1
249 198 1
582 198 1
4702 198 1
289 198 1
316 198 1
2241 198 1
812 198 1
408 198 1
2423 198 1
136 198 1
2085 198 1
2201 198 1
2095 198 1
83 198 1
1 198 1
4205 198 1
2529 198 1
34 198 1
934 198 1
3347 198 1
1193 198 1
2766 198 1
0 198 1
2131 198 1
712 198 1
877 198 1
802 198 1
118 198 1
121 198 1
231 198 1
497 198 1
6 198 1
2219 198 1
570 198 1
58 198 1
1088 198 1
1667 198 1
9 198 1
180 198 1
752 198 1
4179 198 1
3298 198 1
3289 198 1
1723 198 1
1942 198 1
1169 198 1
1403 198 1
541 198 1
3829 198 1
3400 198 1
64 198 1
276 198 1
4815 198 1
1310 198 1
2841 198 1
819 198 1
344 198 1
1560 198 1
793 198 1
546 198 1
4489 198 1
1 198 1
0 198 1
2662 198 1
338 198 1
18 198 1
956 198 1
103 198 1
97 198 1
1874 198 1
1220 198 1
4032 198 1
658 198 1
95 198 1
3872 198 1
2270 198 1
919 198 1
3074 198 1
4063 198 1
193 198 1
2800 198 1
4012 198 1
236 198 1
4479 198 1
533 198 1
3388 198 1
1208 198 1
1241 198 1
2742 198 1
516 198 1
4393 198 1
689 198 1
131 198 1
265 198 1
1703 198 1
3216 198 1
2358 198 1
6 198 1
514 198 1
4028 198 1
1780 198 1
1686 198 1
3263 198 1
410 198 1
1393 198 1
74 198 1
80 198 1
2663 198 1
6 198 1
6 198 1
3583 198 1
2262 198 1
683 198 1
129 198 1
4701 198 1
3728 198 1
9 198 1
2667 198 1
2840 198 1
615 198 1
1320 198 1
4368 198 1
809 198 1
696 198 1
210 198 1
4817 198 1
3526 198 1
3933 198 1
7 198 1
2927 198 1
256 198 1
183 198 1
0 198 1
4843 198 1
3437 198 1
64 198 1
296 198 1
592 198 1
522 198 1
658 198 1
1046 198 1
1114 198 1
1443 198 1
3285 198 1
1472 198 1
1732 198 1
579 198 1
3442 198 1
4041 198 1
2654 198 1
44 198 1
2140 199 1
175 199 1
6 199 1
3916 199 1
119 199 1
584 199 1
4237 199 1
3153 199 1
1005 199 1
295 199 1
2039 199 1
82 199 1
841 199 1
2121 199 1
1252 199 1
4037 199 1
4128 199 1
247 199 1
2906 199 1
713 199 1
3074 199 1
622 199 1
99 199 1
2378 199 1
99 199 1
848 199 1
1814 199 1
150 199 1
2697 199 1
932 199 1
0 199 1
3485 199 1
3137 199 1
1370 199 1
815 199 1
2185 199 1
170 199 1
1837 199 1
3000 199 1
4135 199 1
2939 199 1
3927 199 1
4172 199 1
1490 199 1
1787 199 1
33 199 1
63 199 1
134 199 1
1534 199 1
4425 199 1
1957 199 1
1221 199 1
4 199 1
1488 199 1
656 199 1
28 199 1
129 199 1
3978 199 1
1366 199 1
1764 199 1
3433 199 1
322 199 1
4423 199 1
2401 199 1
2440 199 1
1450 199 1
222 199 1
1479 199 1
0 199 1
4772 199 1
4220 199 1
1613 199 1
237 199 1
4855 199 1
131 199 1
2573 199 1
540 199 1
4003 199 1
29 199 1
4405 199 1
420 199 1
2205 199 1
2760 199 1
377 199 1
291 199 1
2650 199 1
809 199 1
2564 199 1
112 199 1
0 199 1
3873 199 1
4796 199 1
1575 199 1
195 199 1
30 199 1
1843 199 1
1253 199 1
518 199 1
1913 199 1
119 199 1
3126 199 1
439 199 1
53 199 1
1606 199 1
2690 199 1
473 199 1
1989 199 1
2522 199 1
1178 199 1
2554 199 1
946 199 1
524 199 1
0 199 1
4517 199 1
160 199 1
370 199 1
1690 199 1
107 199 1
4925 199 1
145 199 1
71 199 1
102 199 1
2793 199 1
2186 199 1
1988 199 1
1 199 1
273 199 1
1025 199 1
183 199 1
2440 199 1
4227 199 1
385 199 1
2001 199 1
1633 199 1
1245 199 1
276 199 1
502 199 1
518 199 1
248 199 1
4281 199 1
4153 199 1
3540 199 1
826 199 1
946 199 1
504 199 1
1257 199 1
69 199 1
2290 199 1
990 199 1
532 199 1
946 199 1
1987 199 1
939 199 1
1638 199 1
973 199 1
349 199 1
1760 199 1
3124 199 1
1307 199 1
1933 199 1
1037 199 1
59 199 1
4206 199 1
12 199 1
689 199 1
4947 199 1
208 199 1
1126 199 1
537 199 1
22 199 1
1972 199 1
4537 199 1
1518 199 1
124 199 1
704 199 1
2704 199 1
1079 199 1
2728 199 1
2972 199 1
4254 199 1
1108 199 1
100 199 1
3589 199 1
200 199 1
1126 199 1
2327 199 1
815 199 1
4491 199 1
3598 199 1
872 199 1
1888 199 1
1642 199 1
815 199 1
1099 199 1
4147 199 1
4013 199 1
807 199 1
4712 199 1
124 199 1
2733 199 1
839 199 1
3101 199 1
1313 199 1
190 199 1
452 199 1
53 199 1
114 199 1
2769 199 1
1 199 1
1975 199 1
1438 199 1
2175 199 1
2186 199 1
319 199 1
274 199 1
2127 199 1
291 199 1
3831 199 1
2820 199 1
4468 199 1
3881 199 1
868 199 1
2916 199 1
113 199 1
3616 199 1
293 199 1
4762 199 1
3091 199 1
1644 199 1
1529 199 1
25 199 1
1658 199 1
19 199 1
440 199 1
992 199 1
264 199 1
2424 199 1
2732 199 1
1671 199 1
1551 199 1
2975 199 1
4305 199 1
1008 199 1
1008 199 1
551 199 1
611 199 1
61 199 1
4 199 1
225 199 1
4947 199 1
108 199 1
37 199 1
6 199 1
1071 199 1
641 199 1
660 199 1
81 199 1
111 199 1
93 199 1
156 199 1
2850 199 1
732 199 1
1879 199 1
139 199 1
48 199 1
1798 199 1
245 199 1
3239 199 1
28 199 1
646 199 1
157 199 1
4766 199 1
809 199 1
1129 199 1
4763 199 1
2172 199 1
186 199 1
2286 199 1
1795 199 1
4763 199 1
339 199 1
3991 199 1
1038 199 1
9 199 1
0 199 1
2157 199 1
1004 199 1
4541 199 1
446 199 1
3544 199 1
1099 199 1
3881 199 1
3993 199 1
593 199 1
116 199 1
18 199 1
767 199 1
2547 199 1
981 199 1
4176 199 1
1360 199 1
4682 199 1
650 199 1
245 199 1
317 199 1
47 199 1
4430 199 1
24 199 1
3099 199 1
2356 199 1
2589 199 1
1377 199 1
4944 199 1
65 199 1
2871 199 1
424 199 1
4592 199 1
3357 199 1
4795 199 1
2935 199 1
2562 199 1
41 199 1
1486 199 1
4749 199 1
53 199 1
2338 199 1
902 199 1
933 199 1
1534 199 1
230 199 1
237 199 1
949 199 1
3024 199 1
3330 199 1
552 199 1
19 199 1
12 199 1
1970 199 1
2665 199 1
144 199 1
1978 199 1
483 199 1
2233 199 1
2204 199 1
1477 199 1
844 200 1
3031 200 1
1649 200 1
4384 200 1
1329 200 1
1196 200 1
4022 200 1
1 200 1
69 200 1
460 200 1
3925 200 1
494 200 1
3573 200 1
2602 200 1
19 200 1
32 200 1
614 200 1
353 200 1
22 200 1
4915 200 1
132 200 1
277 200 1
437 200 1
1544 200 1
347 200 1
4945 200 1
2898 200 1
3294 200 1
428 200 1
1061 200 1
1667 200 1
4795 200 1
327 200 1
728 200 1
81 200 1
3630 200 1
606 200 1
736 200 1
77 200 1
2606 200 1
2304 200 1
85 200 1
1728 200 1
2022 200 1
97 200 1
3438 200 1
122 200 1
2576 200 1
38 200 1
7 200 1
355 200 1
983 200 1
4737 200 1
2696 200 1
2091 200 1
412 200 1
66 200 1
2566 200 1
744 200 1
2 200 1
2904 200 1
1868 200 1
590 200 1
1420 200 1
2881 200 1
2208 200 1
84 200 1
529 200 1
397 200 1
4314 200 1
252 200 1
259 200 1
502 200 1
1332 200 1
4198 200 1
850 200 1
249 200 1
0 200 1
2983 200 1
2248 200 1
2252 200 1
519 200 1
1097 200 1
2652 200 1
3687 200 1
1117 200 1
8 200 1
1385 200 1
688 200 1
1527 200 1
1663 200 1
1840 200 1
391 200 1
988 200 1
184 200 1
2115 200 1
568 200 1
1102 200 1
2533 200 1
1638 200 1
2 200 1
3444 200 1
37 200 1
2789 200 1
204 200 1
3916 200 1
3961 200 1
1567 200 1
3914 200 1
3255 200 1
1965 200 1
4041 200 1
3724 200 1
2270 200 1
2847 200 1
283 200 1
858 200 1
2590 200 1
2756 200 1
2849 200 1
719 200 1
2098 200 1
2455 200 1
7 200 1
171 200 1
1918 200 1
2762 200 1
1675 200 1
223 200 1
2273 200 1
1761 200 1
119 200 1
23 200 1
91 200 1
4548 200 1
71 200 1
90 200 1
2407 200 1
10 200 1
261 200 1
2121 200 1
10 200 1
1147 200 1
2964 200 1
4228 200 1
149 200 1
4872 200 1
1265 200 1
43 200 1
92 200 1
339 200 1
1532 200 1
224 200 1
395 200 1
4082 200 1
2771 200 1
2977 200 1
934 200 1
8 200 1
68 200 1
1600 200 1
259 200 1
24 200 1
110 200 1
1578 200 1
4708 200 1
1316 200 1
40 200 1
151 200 1
101 200 1
1028 200 1
2521 200 1
3163 200 1
4561 200 1
12 200 1
213 200 1
2229 200 1
174 200 1
2687 200 1
65 200 1
0 200 1
4531 200 1
2709 200 1
177 200 1
269 200 1
3818 200 1
954 200 1
1826 200 1
0 200 1
830 200 1
2846 200 1
1682 200 1
2077 200 1
16 200 1
213 200 1
4707 200 1
1636 200 1
4133 200 1
1402 200 1
1411 200 1
3657 200 1
4605 200 1
282 200 1
752 200 1
4184 200 1
3321 200 1
113 200 1
2600 200 1
3019 200 1
2602 200 1
3 200 1
3012 200 1
1844 200 1
3574 200 1
0 200 1
2291 200 1
3204 200 1
4216 200 1
47 200 1
1102 200 1
718 200 1
31 200 1
1182 200 1
1344 200 1
3196 200 1
2429 200 1
4848 200 1
4068 200 1
2639 200 1
1187 200 1
3924 200 1
1683 200 1
19 200 1
1638 200 1
3740 200 1
3490 200 1
138 200 1
230 200 1
499 200 1
3931 200 1
122 200 1
93 200 1
1658 200 1
4523 200 1
3535 200 1
939 200 1
479 200 1
2 200 1
1461 200 1
270 200 1
2404 200 1
10 200 1
183 200 1
4558 200 1
0 200 1
1669 200 1
2020 200 1
1871 200 1
654 200 1
636 200 1
1928 200 1
1295 200 1
260 200 1
3609 200 1
3646 200 1
699 200 1
3116 200 1
76 200 1
1230 200 1
1081 200 1
2568 200 1
70 200 1
304 200 1
329 200 1
4355 200 1
4113 200 1
3393 200 1
4922 200 1
2 200 1
2971 200 1
2790 200 1
1039 200 1
166 200 1
19 200 1
4337 200 1
4918 200 1
592 200 1
3083 200 1
4153 200 1
1700 200 1
112 200 1
274 200 1
113 200 1
4268 200 1
1152 200 1
48 200 1
2810 200 1
825 200 1
4791 200 1
1797 200 1
2210 200 1
4020 200 1
1967 200 1
4704 200 1
3028 200 1
1604 200 1
1907 200 1
1358 200 1
2467 200 1
3845 200 1
2469 200 1
751 200 1
3880 200 1
1866 200 1
0 200 1
1882 200 1
3577 200 1
136 200 1
474 200 1
498 200 1
1566 200 1
2806 200 1
2988 200 1
720 200 1
555 200 1
61 200 1
1048 200 1
178 200 1
2175 200 1
9 200 1
984 200 1
467 200 1
933 200 1
39 200 1
810 200 1
2728 200 1
613 200 1
29 200 1
3438 200 1
2221 200 1
3192 200 1
1920 200 1
1707 200 1
22 200 1
2556 200 1
2503 201 1
1146 201 1
751 201 1
4595 201 1
4129 201 1
825 201 1
864 201 1
1240 201 1
59 201 1
58 201 1
345 201 1
1 201 1
818 201 1
4774 201 1
82 201 1
2188 201 1
4368 201 1
2883 201 1
3042 201 1
4839 201 1
152 201 1
4315 201 1
1145 201 1
443 201 1
3058 201 1
558 201 1
2537 201 1
3097 201 1
453 201 1
2604 201 1
963 201 1
3940 201 1
99 201 1
5 201 1
1 201 1
3887 201 1
3692 201 1
51 201 1
718 201 1
4680 201 1
3077 201 1
4849 201 1
2489 201 1
969 201 1
3888 201 1
390 201 1
2445 201 1
2737 201 1
873 201 1
74 201 1
4281 201 1
38 201 1
469 201 1
3083 201 1
2331 201 1
3824 201 1
165 201 1
1896 201 1
2673 201 1
659 201 1
4298 201 1
86 201 1
102 201 1
3970 201 1
4056 201 1
3340 201 1
1475 201 1
1743 201 1
2129 201 1
2408 201 1
2721 201 1
882 201 1
254 201 1
4050 201 1
4286 201 1
3507 201 1
4128 201 1
3 201 1
2 201 1
3078 201 1
1195 201 1
2795 201 1
702 201 1
4102 201 1
129 201 1
2774 201 1
4854 201 1
979 201 1
686 201 1
3952 201 1
2886 201 1
3389 201 1
314 201 1
801 201 1
35 201 1
4044 201 1
1505 201 1
4190 201 1
1621 201 1
3124 201 1
4945 201 1
144 201 1
578 201 1
2157 201 1
1868 201 1
131 201 1
4 201 1
1212 201 1
1251 201 1
1454 201 1
4722 201 1
751 201 1
620 201 1
67 201 1
2619 201 1
808 201 1
932 201 1
1173 201 1
7 201 1
3816 201 1
484 201 1
135 201 1
617 201 1
581 201 1
479 201 1
637 201 1
171 201 1
3927 201 1
230 201 1
995 201 1
708 201 1
861 201 1
2296 201 1
53 201 1
1632 201 1
4623 201 1
2014 201 1
1064 201 1
27 201 1
811 201 1
93 201 1
2043 201 1
188 201 1
461 201 1
3174 201 1
140 201 1
4574 201 1
85 201 1
432 201 1
1978 201 1
307 201 1
1164 201 1
445 201 1
1716 201 1
2995 201 1
64 201 1
1095 201 1
1323 201 1
1265 201 1
3214 201 1
3171 201 1
505 201 1
3420 201 1
2868 201 1
4904 201 1
883 201 1
27 201 1
1660 201 1
2662 201 1
3500 201 1
1464 201 1
3595 201 1
2356 201 1
4048 201 1
884 201 1
88 201 1
3279 201 1
4298 201 1
713 201 1
4445 201 1
644 201 1
3009 201 1
3880 201 1
132 201 1
3919 201 1
0 201 1
780 201 1
115 201 1
35 201 1
2757 201 1
0 201 1
3754 201 1
3015 201 1
2986 201 1
178 201 1
35 201 1
3249 201 1
834 201 1
490 201 1
635 201 1
266 201 1
258 201 1
26 201 1
2662 201 1
4541 201 1
1097 201 1
120 201 1
713 201 1
421 201 1
3699 201 1
3100 201 1
4130 201 1
448 201 1
3419 201 1
2097 201 1
1677 201 1
2136 201 1
4287 201 1
121 201 1
86 201 1
3574 201 1
685 201 1
66 201 1
455 201 1
4328 201 1
2609 201 1
9 201 1
313 201 1
3652 201 1
3462 201 1
2353 201 1
217 201 1
111 201 1
1372 201 1
941 201 1
4291 201 1
1399 201 1
950 201 1
697 201 1
31 201 1
1741 201 1
3181 201 1
1360 201 1
820 201 1
4004 201 1
3734 201 1
159 201 1
93 201 1
211 201 1
1544 201 1
2635 201 1
2474 201 1
22 201 1
119 201 1
696 201 1
1316 201 1
4323 201 1
2229 201 1
4 201 1
4869 201 1
975 201 1
4441 201 1
2664 201 1
358 201 1
4215 201 1
1180 201 1
0 201 1
907 201 1
4762 201 1
339 201 1
1107 201 1
3494 201 1
43 201 1
41 201 1
3416 201 1
1877 201 1
2654 201 1
5 201 1
1178 201 1
479 201 1
4140 201 1
2105 201 1
36 201 1
731 201 1
254 201 1
18 201 1
1915 201 1
0 201 1
84 201 1
3631 201 1
2689 201 1
199 201 1
1123 201 1
4838 201 1
1932 201 1
1972 201 1
1518 201 1
1927 201 1
4437 201 1
1553 201 1
2451 201 1
2243 201 1
3134 201 1
30 201 1
4502 201 1
694 201 1
57 201 1
1611 201 1
691 201 1
4101 201 1
11 201 1
363 201 1
4894 201 1
2495 201 1
3374 201 1
491 201 1
2390 201 1
1821 201 1
1747 201 1
87 201 1
84 201 1
1829 201 1
4615 201 1
0 201 1
1470 201 1
807 201 1
2333 201 1
84 201 1
3726 201 1
1007 201 1
678 201 1
550 201 1
727 201 1
91 201 1
1368 201 1
33 201 1
595 201 1
3915 201 1
4748 201 1
4739 201 1
1780 201 1
4788 201 1
1507 201 1
2847 201 1
583 201 1
150 202 1
2222 202 1
2026 202 1
256 202 1
2370 202 1
1655 202 1
0 202 1
4481 202 1
619 202 1
4175 202 1
2383 202 1
2517 202 1
1 202 1
4664 202 1
3291 202 1
2505 202 1
3 202 1
4092 202 1
112 202 1
3714 202 1
4381 202 1
24 202 1
4986 202 1
207 202 1
816 202 1
1214 202 1
1264 202 1
1707 202 1
98 202 1
2513 202 1
983 202 1
69 202 1
4112 202 1
965 202 1
93 202 1
395 202 1
30 202 1
3914 202 1
634 202 1
3086 202 1
1345 202 1
1721 202 1
1725 202 1
4 202 1
4654 202 1
237 202 1
137 202 1
4820 202 1
65 202 1
4092 202 1
10 202 1
4590 202 1
683 202 1
4324 202 1
675 202 1
1594 202 1
442 202 1
1420 202 1
860 202 1
3725 202 1
1091 202 1
0 202 1
1119 202 1
31 202 1
880 202 1
894 202 1
1734 202 1
1343 202 1
3008 202 1
2742 202 1
1304 202 1
44 202 1
1052 202 1
1395 202 1
235 202 1
1 202 1
1228 202 1
0 202 1
1441 202 1
681 202 1
4180 202 1
872 202 1
1681 202 1
0 202 1
255 202 1
4461 202 1
2605 202 1
27 202 1
588 202 1
2962 202 1
2548 202 1
744 202 1
915 202 1
1379 202 1
4899 202 1
1535 202 1
4407 202 1
1058 202 1
1659 202 1
274 202 1
292 202 1
3328 202 1
3299 202 1
155 202 1
88 202 1
3632 202 1
517 202 1
30 202 1
3218 202 1
254 202 1
4569 202 1
1560 202 1
0 202 1
980 202 1
569 202 1
553 202 1
41 202 1
1460 202 1
1589 202 1
1804 202 1
3213 202 1
22 202 1
1047 202 1
892 202 1
1954 202 1
30 202 1
11 202 1
525 202 1
114 202 1
0 202 1
3668 202 1
1465 202 1
2624 202 1
1439 202 1
276 202 1
1336 202 1
4621 202 1
4519 202 1
4775 202 1
1721 202 1
3036 202 1
1923 202 1
32 202 1
724 202 1
3341 202 1
3496 202 1
593 202 1
1004 202 1
12 202 1
2418 202 1
213 202 1
2609 202 1
653 202 1
2107 202 1
2386 202 1
1179 202 1
3729 202 1
168 202 1
1315 202 1
4901 202 1
4 202 1
286 202 1
1629 202 1
3869 202 1
2072 202 1
1060 202 1
487 202 1
21 202 1
742 202 1
1684 202 1
45 202 1
4093 202 1
2120 202 1
52 202 1
2070 202 1
2628 202 1
4346 202 1
569 202 1
1713 202 1
1404 202 1
2396 202 1
1676 202 1
157 202 1
2685 202 1
76 202 1
83 202 1
4050 202 1
3091 202 1
1289 202 1
2045 202 1
440 202 1
214 202 1
677 202 1
4687 202 1
935 202 1
551 202 1
341 202 1
37 202 1
1140 202 1
809 202 1
904 202 1
3062 202 1
2130 202 1
4 202 1
1300 202 1
1091 202 1
257 202 1
32 202 1
3562 202 1
958 202 1
1462 202 1
2195 202 1
4538 202 1
66 202 1
390 202 1
1324 202 1
1040 202 1
3668 202 1
1066 202 1
684 202 1
991 202 1
1276 202 1
3195 202 1
3485 202 1
1726 202 1
3803 202 1
8 202 1
2403 202 1
2702 202 1
1245 202 1
4597 202 1
464 202 1
4598 202 1
4263 202 1
228 202 1
352 202 1
3649 202 1
4966 202 1
2747 202 1
3 202 1
7 202 1
78 202 1
3051 202 1
2605 202 1
2584 202 1
125 202 1
3977 202 1
1751 202 1
3381 202 1
4695 202 1
2010 202 1
3585 202 1
3871 202 1
1837 202 1
4731 202 1
794 202 1
2815 202 1
2625 202 1
616 202 1
66 202 1
2802 202 1
833 202 1
3149 202 1
0 202 1
1644 202 1
4379 202 1
1865 202 1
3578 202 1
4564 202 1
0 202 1
7 202 1
891 202 1
104 202 1
1460 202 1
870 202 1
225 202 1
3342 202 1
64 202 1
1447 202 1
3066 202 1
121 202 1
2029 202 1
771 202 1
700 202 1
3240 202 1
72 202 1
3 202 1
1339 202 1
1364 202 1
3463 202 1
1764 202 1
4566 202 1
369 202 1
1941 202 1
4311 202 1
394 202 1
2452 202 1
3666 202 1
56 202 1
621 202 1
36 202 1
1931 202 1
2314 202 1
1467 202 1
756 202 1
34 202 1
4717 202 1
3348 202 1
684 202 1
253 202 1
1403 202 1
1882 202 1
972 202 1
2824 202 1
221 202 1
749 202 1
103 202 1
1862 202 1
290 202 1
646 202 1
947 202 1
64 202 1
3357 202 1
2204 202 1
295 202 1
1455 202 1
112 202 1
1826 202 1
252 202 1
665 202 1
906 202 1
4094 202 1
4569 202 1
385 202 1
510 202 1
450 202 1
4161 202 1
1638 202 1
226 202 1
510 202 1
3827 202 1
1262 202 1
967 202 1
156 202 1
698 202 1
660 203 1
374 203 1
63 203 1
35 203 1
3572 203 1
15 203 1
557 203 1
426 203 1
910 203 1
3591 203 1
3626 203 1
3102 203 1
93 203 1
1680 203 1
1080 203 1
2337 203 1
1198 203 1
1762 203 1
1377 203 1
3803 203 1
257 203 1
195 203 1
252 203 1
1920 203 1
3727 203 1
3040 203 1
2907 203 1
1801 203 1
879 203 1
431 203 1
354 203 1
4383 203 1
136 203 1
454 203 1
2093 203 1
1363 203 1
20 203 1
764 203 1
809 203 1
1579 203 1
4290 203 1
1019 203 1
2260 203 1
1978 203 1
1686 203 1
3243 203 1
601 203 1
2401 203 1
3968 203 1
5 203 1
2555 203 1
836 203 1
390 203 1
1400 203 1
3282 203 1
1 203 1
3849 203 1
579 203 1
1997 203 1
444 203 1
3761 203 1
1627 203 1
1059 203 1
1846 203 1
1390 203 1
3794 203 1
442 203 1
101 203 1
937 203 1
468 203 1
607 203 1
500 203 1
3299 203 1
2286 203 1
11 203 1
3265 203 1
745 203 1
2579 203 1
7 203 1
178 203 1
110 203 1
3850 203 1
4233 203 1
4703 203 1
4556 203 1
309 203 1
3343 203 1
4366 203 1
151 203 1
353 203 1
4189 203 1
1946 203 1
333 203 1
2430 203 1
2591 203 1
1972 203 1
2671 203 1
2108 203 1
443 203 1
2861 203 1
456 203 1
612 203 1
3710 203 1
1977 203 1
709 203 1
951 203 1
10 203 1
2215 203 1
1466 203 1
340 203 1
3891 203 1
2084 203 1
1353 203 1
1440 203 1
1299 203 1
53 203 1
178 203 1
25 203 1
1418 203 1
3156 203 1
3901 203 1
2665 203 1
1564 203 1
2233 203 1
870 203 1
3069 203 1
897 203 1
1040 203 1
3182 203 1
1955 203 1
839 203 1
633 203 1
890 203 1
213 203 1
1094 203 1
1494 203 1
3012 203 1
690 203 1
3215 203 1
93 203 1
3879 203 1
909 203 1
4152 203 1
4571 203 1
442 203 1
47 203 1
4564 203 1
2 203 1
2474 203 1
743 203 1
3662 203 1
1779 203 1
246 203 1
909 203 1
82 203 1
4190 203 1
2228 203 1
232 203 1
63 203 1
1412 203 1
2481 203 1
740 203 1
1260 203 1
4322 203 1
2494 203 1
1796 203 1
326 203 1
3074 203 1
336 203 1
1467 203 1
121 203 1
1856 203 1
2014 203 1
222 203 1
4372 203 1
330 203 1
42 203 1
253 203 1
4203 203 1
1640 203 1
3317 203 1
3443 203 1
3913 203 1
2655 203 1
128 203 1
3599 203 1
1141 203 1
54 203 1
4602 203 1
485 203 1
1919 203 1
2279 203 1
23 203 1
358 203 1
616 203 1
1415 203 1
1 203 1
1474 203 1
1716 203 1
2009 203 1
230 203 1
2310 203 1
2775 203 1
833 203 1
97 203 1
3 203 1
3119 203 1
1568 203 1
545 203 1
40 203 1
4985 203 1
1155 203 1
2446 203 1
957 203 1
3527 203 1
2790 203 1
141 203 1
4729 203 1
3355 203 1
342 203 1
3986 203 1
4541 203 1
0 203 1
1423 203 1
363 203 1
1229 203 1
205 203 1
3851 203 1
619 203 1
0 203 1
1697 203 1
4314 203 1
89 203 1
1047 203 1
92 203 1
55 203 1
813 203 1
3513 203 1
92 203 1
135 203 1
350 203 1
236 203 1
1621 203 1
2693 203 1
1852 203 1
279 203 1
601 203 1
895 203 1
3474 203 1
3263 203 1
4513 203 1
1008 203 1
1550 203 1
4274 203 1
3802 203 1
159 203 1
762 203 1
3130 203 1
931 203 1
2417 203 1
571 203 1
1943 203 1
636 203 1
7 203 1
321 203 1
142 203 1
31 203 1
70 203 1
2454 203 1
2434 203 1
4378 203 1
2283 203 1
1731 203 1
3224 203 1
504 203 1
48 203 1
0 203 1
1 203 1
4421 203 1
4135 203 1
3559 203 1
1425 203 1
4120 203 1
420 203 1
0 203 1
3055 203 1
1273 203 1
1373 203 1
585 203 1
2643 203 1
15 203 1
2399 203 1
1898 203 1
929 203 1
1685 203 1
2914 203 1
1437 203 1
4953 203 1
305 203 1
650 203 1
1020 203 1
167 203 1
380 203 1
554 203 1
3812 203 1
789 203 1
1870 203 1
4228 203 1
2966 203 1
34 203 1
779 203 1
833 203 1
2595 203 1
1151 203 1
1070 203 1
4157 203 1
1729 203 1
2699 203 1
2599 203 1
489 203 1
3286 203 1
711 203 1
105 203 1
3183 203 1
3403 203 1
2688 203 1
774 203 1
3975 203 1
406 203 1
2019 203 1
499 203 1
4748 203 1
472 203 1
3840 203 1
1183 203 1
2205 203 1
1478 203 1
291 203 1
1176 203 1
2602 203 1
3513 203 1
2200 203 1
99 203 1
1477 203 1
3293 203 1
273 204 1
153 204 1
1832 204 1
993 204 1
1647 204 1
4600 204 1
2760 204 1
2214 204 1
74 204 1
370 204 1
134 204 1
2037 204 1
4104 204 1
681 204 1
181 204 1
1135 204 1
1653 204 1
2139 204 1
1163 204 1
3317 204 1
1693 204 1
1799 204 1
1842 204 1
1123 204 1
3029 204 1
2359 204 1
2769 204 1
309 204 1
190 204 1
3724 204 1
4734 204 1
1878 204 1
32 204 1
2248 204 1
1587 204 1
419 204 1
166 204 1
4194 204 1
3139 204 1
290 204 1
458 204 1
1538 204 1
197 204 1
4054 204 1
2779 204 1
239 204 1
816 204 1
125 204 1
518 204 1
176 204 1
2062 204 1
3361 204 1
578 204 1
3401 204 1
254 204 1
731 204 1
71 204 1
2896 204 1
1390 204 1
2834 204 1
643 204 1
1708 204 1
3629 204 1
87 204 1
350 204 1
18 204 1
1959 204 1
1637 204 1
4225 204 1
931 204 1
1623 204 1
2597 204 1
0 204 1
1725 204 1
3360 204 1
821 204 1
30 204 1
3205 204 1
775 204 1
2136 204 1
206 204 1
981 204 1
922 204 1
3530 204 1
3768 204 1
8 204 1
1255 204 1
174 204 1
92 204 1
361 204 1
1168 204 1
3551 204 1
1599 204 1
453 204 1
62 204 1
581 204 1
1233 204 1
654 204 1
527 204 1
4361 204 1
10 204 1
1530 204 1
1017 204 1
132 204 1
102 204 1
1523 204 1
1767 204 1
2602 204 1
2880 204 1
4841 204 1
682 204 1
139 204 1
151 204 1
916 204 1
449 204 1
34 204 1
3177 204 1
1697 204 1
3942 204 1
2657 204 1
190 204 1
62 204 1
99 204 1
1029 204 1
833 204 1
1962 204 1
744 204 1
1242 204 1
10 204 1
646 204 1
1761 204 1
1712 204 1
2364 204 1
621 204 1
1574 204 1
76 204 1
1 204 1
2796 204 1
0 204 1
495 204 1
4650 204 1
359 204 1
144 204 1
699 204 1
1654 204 1
186 204 1
2448 204 1
4622 204 1
1891 204 1
3005 204 1
4094 204 1
19 204 1
536 204 1
1431 204 1
4600 204 1
79 204 1
1019 204 1
4405 204 1
1626 204 1
2159 204 1
4187 204 1
1289 204 1
1491 204 1
1498 204 1
2334 204 1
3041 204 1
1617 204 1
2382 204 1
179 204 1
1568 204 1
169 204 1
3388 204 1
3474 204 1
2119 204 1
632 204 1
0 204 1
3622 204 1
4754 204 1
826 204 1
69 204 1
172 204 1
2818 204 1
3445 204 1
2892 204 1
4635 204 1
294 204 1
566 204 1
1690 204 1
650 204 1
2308 204 1
2512 204 1
1366 204 1
2272 204 1
112 204 1
495 204 1
785 204 1
2105 204 1
161 204 1
2327 204 1
1242 204 1
1383 204 1
33 204 1
35 204 1
365 204 1
4250 204 1
3157 204 1
2462 204 1
1805 204 1
288 204 1
2754 204 1
881 204 1
1827 204 1
592 204 1
327 204 1
2624 204 1
54 204 1
823 204 1
4653 204 1
2614 204 1
2705 204 1
387 204 1
2580 204 1
1192 204 1
1216 204 1
3484 204 1
511 204 1
817 204 1
2442 204 1
1654 204 1
202 204 1
1398 204 1
1183 204 1
3681 204 1
43 204 1
65 204 1
2511 204 1
1662 204 1
1119 204 1
2474 204 1
978 204 1
279 204 1
2714 204 1
3 204 1
1641 204 1
4634 204 1
4730 204 1
464 204 1
134 204 1
233 204 1
394 204 1
19 204 1
2015 204 1
54 204 1
3943 204 1
1956 204 1
323 204 1
2262 204 1
212 204 1
331 204 1
4 204 1
1890 204 1
4564 204 1
1050 204 1
4155 204 1
152 204 1
985 204 1
274 204 1
2059 204 1
2974 204 1
4074 204 1
553 204 1
0 204 1
553 204 1
3848 204 1
193 204 1
2263 204 1
10 204 1
1971 204 1
51 204 1
0 204 1
23 204 1
106 204 1
3515 204 1
1259 204 1
1624 204 1
3201 204 1
1626 204 1
2584 204 1
1752 204 1
4027 204 1
1303 204 1
1480 204 1
3269 204 1
1919 204 1
7 204 1
2086 204 1
101 204 1
4 204 1
1481 204 1
641 204 1
2106 204 1
4392 204 1
774 204 1
1129 204 1
2335 204 1
693 204 1
1111 204 1
332 204 1
3489 204 1
3220 204 1
2762 204 1
79 204 1
854 204 1
50 204 1
1298 204 1
63 204 1
3602 204 1
4506 204 1
1124 204 1
11 204 1
15 204 1
4004 204 1
64 204 1
4008 204 1
3533 204 1
1023 204 1
646 204 1
4024 204 1
2852 204 1
4869 204 1
4595 204 1
170 204 1
3256 204 1
622 204 1
3890 204 1
922 204 1
41 204 1
3753 204 1
410 204 1
2311 204 1
2073 204 1
2415 204 1
2715 204 1
1023 204 1
2008 204 1
359 205 1
1697 205 1
1329 205 1
2455 205 1
214 205 1
2561 205 1
135 205 1
809 205 1
2595 205 1
3282 205 1
1087 205 1
385 205 1
454 205 1
574 205 1
151 205 1
3732 205 1
1632 205 1
3066 205 1
3742 205 1
863 205 1
3531 205 1
2279 205 1
1065 205 1
73 205 1
44 205 1
2815 205 1
6 205 1
45 205 1
121 205 1
3232 205 1
4285 205 1
480 205 1
4189 205 1
1210 205 1
2448 205 1
3 205 1
2058 205 1
77 205 1
4100 205 1
2373 205 1
3984 205 1
802 205 1
1520 205 1
342 205 1
2223 205 1
1778 205 1
579 205 1
4311 205 1
443 205 1
2666 205 1
1198 205 1
641 205 1
1074 205 1
1652 205 1
5 205 1
679 205 1
440 205 1
254 205 1
607 205 1
2682 205 1
4725 205 1
3328 205 1
1382 205 1
1108 205 1
17 205 1
2709 205 1
2149 205 1
4927 205 1
1460 205 1
2971 205 1
2721 205 1
3539 205 1
4487 205 1
343 205 1
3556 205 1
994 205 1
2064 205 1
190 205 1
211 205 1
344 205 1
61 205 1
4058 205 1
2670 205 1
1021 205 1
3746 205 1
3776 205 1
356 205 1
1059 205 1
169 205 1
3392 205 1
1019 205 1
3077 205 1
148 205 1
380 205 1
44 205 1
3158 205 1
314 205 1
949 205 1
1730 205 1
237 205 1
123 205 1
234 205 1
1376 205 1
2402 205 1
3149 205 1
316 205 1
4320 205 1
684 205 1
3672 205 1
0 205 1
277 205 1
3127 205 1
2291 205 1
1487 205 1
2524 205 1
336 205 1
3497 205 1
2771 205 1
2 205 1
371 205 1
954 205 1
68 205 1
509 205 1
1777 205 1
34 205 1
261 205 1
256 205 1
4489 205 1
1237 205 1
534 205 1
8 205 1
1551 205 1
2124 205 1
981 205 1
2137 205 1
1316 205 1
4888 205 1
0 205 1
327 205 1
4441 205 1
4216 205 1
3700 205 1
2471 205 1
495 205 1
1848 205 1
336 205 1
18 205 1
960 205 1
3531 205 1
151 205 1
1947 205 1
1672 205 1
3475 205 1
409 205 1
4511 205 1
375 205 1
488 205 1
1951 205 1
1992 205 1
1181 205 1
445 205 1
4295 205 1
38 205 1
1430 205 1
1553 205 1
4255 205 1
334 205 1
1926 205 1
3295 205 1
2577 205 1
2126 205 1
4464 205 1
2312 205 1
4364 205 1
2268 205 1
549 205 1
2516 205 1
1774 205 1
2372 205 1
2081 205 1
83 205 1
1559 205 1
135 205 1
1697 205 1
90 205 1
297 205 1
92 205 1
3292 205 1
2716 205 1
2871 205 1
1994 205 1
1271 205 1
3027 205 1
802 205 1
2053 205 1
1123 205 1
4211 205 1
1194 205 1
1132 205 1
222 205 1
3378 205 1
2390 205 1
239 205 1
8 205 1
37 205 1
3050 205 1
402 205 1
746 205 1
46 205 1
4544 205 1
406 205 1
41 205 1
4663 205 1
2515 205 1
41 205 1
704 205 1
372 205 1
89 205 1
2578 205 1
582 205 1
2278 205 1
878 205 1
3330 205 1
3769 205 1
1096 205 1
4731 205 1
3215 205 1
3212 205 1
4624 205 1
418 205 1
1933 205 1
3178 205 1
0 205 1
638 205 1
824 205 1
82 205 1
2933 205 1
4769 205 1
4400 205 1
1619 205 1
914 205 1
3518 205 1
1914 205 1
43 205 1
389 205 1
3452 205 1
3947 205 1
1294 205 1
1565 205 1
2463 205 1
1330 205 1
580 205 1
383 205 1
758 205 1
199 205 1
503 205 1
3575 205 1
4692 205 1
509 205 1
1068 205 1
0 205 1
5 205 1
300 205 1
3237 205 1
4506 205 1
442 205 1
4018 205 1
528 205 1
4308 205 1
161 205 1
293 205 1
725 205 1
4414 205 1
1825 205 1
1915 205 1
1 205 1
248 205 1
1093 205 1
60 205 1
86 205 1
4275 205 1
2432 205 1
311 205 1
1870 205 1
57 205 1
2857 205 1
3901 205 1
1883 205 1
3017 205 1
1179 205 1
4651 205 1
739 205 1
222 205 1
589 205 1
2761 205 1
40 205 1
2 205 1
453 205 1
203 205 1
3066 205 1
85 205 1
0 205 1
1002 205 1
3266 205 1
771 205 1
1787 205 1
2871 205 1
4601 205 1
2514 205 1
99 205 1
3 205 1
2803 205 1
1133 205 1
1886 205 1
2072 205 1
2607 205 1
1895 205 1
805 205 1
2163 205 1
3684 205 1
95 205 1
1408 205 1
2795 205 1
11 205 1
3023 205 1
1179 205 1
4974 205 1
13 205 1
365 205 1
3736 205 1
3982 205 1
2680 205 1
82 205 1
8 205 1
360 205 1
3260 205 1
1510 205 1
225 205 1
131 205 1
654 205 1
969 205 1
176 205 1
3010 205 1
19 205 1
550 205 1
2764 206 1
456 206 1
4484 206 1
2700 206 1
4851 206 1
149 206 1
3130 206 1
1351 206 1
1804 206 1
1268 206 1
1043 206 1
3005 206 1
8 206 1
4163 206 1
111 206 1
1497 206 1
3213 206 1
266 206 1
136 206 1
2165 206 1
1446 206 1
2646 206 1
1807 206 1
2592 206 1
480 206 1
3518 206 1
1055 206 1
68 206 1
23 206 1
1295 206 1
33 206 1
4577 206 1
5 206 1
707 206 1
1831 206 1
8 206 1
998 206 1
754 206 1
822 206 1
4154 206 1
4698 206 1
4173 206 1
1183 206 1
239 206 1
1772 206 1
3024 206 1
3002 206 1
25 206 1
1251 206 1
440 206 1
4571 206 1
602 206 1
4733 206 1
2439 206 1
4904 206 1
117 206 1
1733 206 1
2160 206 1
1925 206 1
2520 206 1
113 206 1
2029 206 1
578 206 1
4762 206 1
155 206 1
90 206 1
4890 206 1
613 206 1
143 206 1
618 206 1
1657 206 1
135 206 1
555 206 1
46 206 1
1524 206 1
3639 206 1
2787 206 1
766 206 1
333 206 1
1829 206 1
3106 206 1
2013 206 1
39 206 1
4281 206 1
4712 206 1
2016 206 1
3624 206 1
128 206 1
3279 206 1
83 206 1
3193 206 1
68 206 1
3323 206 1
3186 206 1
2550 206 1
1929 206 1
3852 206 1
0 206 1
1083 206 1
67 206 1
3142 206 1
345 206 1
1559 206 1
26 206 1
786 206 1
13 206 1
191 206 1
2149 206 1
424 206 1
2472 206 1
122 206 1
2 206 1
2172 206 1
1274 206 1
1047 206 1
653 206 1
126 206 1
3232 206 1
4677 206 1
2859 206 1
3 206 1
1 206 1
3344 206 1
4115 206 1
672 206 1
1602 206 1
617 206 1
4522 206 1
168 206 1
1900 206 1
30 206 1
527 206 1
1047 206 1
859 206 1
1418 206 1
1573 206 1
625 206 1
4193 206 1
2714 206 1
3117 206 1
363 206 1
3218 206 1
1783 206 1
3915 206 1
3230 206 1
2303 206 1
335 206 1
493 206 1
391 206 1
6 206 1
3151 206 1
219 206 1
32 206 1
0 206 1
3736 206 1
9 206 1
608 206 1
4470 206 1
1367 206 1
391 206 1
95 206 1
401 206 1
619 206 1
384 206 1
1799 206 1
898 206 1
88 206 1
138 206 1
224 206 1
62 206 1
456 206 1
68 206 1
348 206 1
351 206 1
4714 206 1
690 206 1
1190 206 1
1701 206 1
2777 206 1
18 206 1
3912 206 1
335 206 1
25 206 1
977 206 1
2783 206 1
3596 206 1
196 206 1
1580 206 1
9 206 1
3951 206 1
1933 206 1
4504 206 1
678 206 1
550 206 1
102 206 1
4105 206 1
257 206 1
1288 206 1
85 206 1
39 206 1
346 206 1
3310 206 1
4063 206 1
837 206 1
152 206 1
225 206 1
190 206 1
882 206 1
2018 206 1
4588 206 1
181 206 1
1142 206 1
433 206 1
2 206 1
52 206 1
820 206 1
3388 206 1
900 206 1
1305 206 1
365 206 1
1396 206 1
1608 206 1
921 206 1
2572 206 1
4924 206 1
545 206 1
4215 206 1
0 206 1
37 206 1
1653 206 1
497 206 1
4577 206 1
3855 206 1
1 206 1
379 206 1
3023 206 1
13 206 1
787 206 1
3904 206 1
551 206 1
4643 206 1
849 206 1
44 206 1
972 206 1
2985 206 1
2706 206 1
550 206 1
4700 206 1
3906 206 1
894 206 1
3286 206 1
297 206 1
1618 206 1
10 206 1
226 206 1
319 206 1
2107 206 1
407 206 1
1416 206 1
4183 206 1
689 206 1
71 206 1
3153 206 1
3499 206 1
253 206 1
2116 206 1
1065 206 1
195 206 1
115 206 1
2917 206 1
3348 206 1
578 206 1
343 206 1
3032 206 1
746 206 1
4660 206 1
3306 206 1
2187 206 1
3660 206 1
4306 206 1
2439 206 1
1182 206 1
666 206 1
312 206 1
1151 206 1
2183 206 1
943 206 1
1863 206 1
2305 206 1
3 206 1
3629 206 1
1285 206 1
2576 206 1
1204 206 1
179 206 1
3520 206 1
3969 206 1
212 206 1
4257 206 1
2720 206 1
116 206 1
326 206 1
4827 206 1
3092 206 1
1106 206 1
156 206 1
1710 206 1
31 206 1
8 206 1
824 206 1
685 206 1
254 206 1
989 206 1
1609 206 1
501 206 1
698 206 1
2604 206 1
4 206 1
1884 206 1
0 206 1
365 206 1
523 206 1
3271 206 1
2265 206 1
2554 206 1
28 206 1
4552 206 1
10 206 1
55 206 1
2859 206 1
3379 206 1
28 206 1
819 206 1
1680 206 1
443 206 1
1353 206 1
581 206 1
7 206 1
4328 206 1
536 206 1
520 206 1
3837 206 1
445 206 1
52 206 1
572 206 1
1532 207 1
21 207 1
365 207 1
1347 207 1
4845 207 1
71 207 1
1055 207 1
3372 207 1
224 207 1
2455 207 1
256 207 1
156 207 1
2989 207 1
1104 207 1
161 207 1
430 207 1
1398 207 1
0 207 1
27 207 1
158 207 1
645 207 1
3045 207 1
5 207 1
3180 207 1
3226 207 1
3084 207 1
1365 207 1
3988 207 1
984 207 1
2418 207 1
3835 207 1
3059 207 1
390 207 1
2789 207 1
1445 207 1
343 207 1
3862 207 1
3177 207 1
3548 207 1
1925 207 1
1379 207 1
3180 207 1
780 207 1
2348 207 1
1498 207 1
2340 207 1
3228 207 1
196 207 1
4574 207 1
188 207 1
70 207 1
3440 207 1
912 207 1
2873 207 1
183 207 1
4875 207 1
3039 207 1
855 207 1
3257 207 1
2061 207 1
2428 207 1
3930 207 1
3035 207 1
786 207 1
442 207 1
3718 207 1
350 207 1
1313 207 1
1179 207 1
1543 207 1
3784 207 1
971 207 1
19 207 1
4151 207 1
1513 207 1
567 207 1
1734 207 1
3 207 1
42 207 1
593 207 1
1320 207 1
346 207 1
1398 207 1
578 207 1
2165 207 1
3537 207 1
1346 207 1
394 207 1
33 207 1
1722 207 1
3906 207 1
4813 207 1
149 207 1
3993 207 1
2823 207 1
1927 207 1
1883 207 1
1063 207 1
0 207 1
78 207 1
2873 207 1
0 207 1
3146 207 1
236 207 1
244 207 1
4450 207 1
78 207 1
26 207 1
1882 207 1
84 207 1
3523 207 1
556 207 1
754 207 1
751 207 1
56 207 1
1346 207 1
3273 207 1
2133 207 1
278 207 1
14 207 1
369 207 1
48 207 1
66 207 1
58 207 1
649 207 1
1923 207 1
588 207 1
4765 207 1
2325 207 1
5 207 1
23 207 1
4540 207 1
4492 207 1
290 207 1
2400 207 1
1432 207 1
686 207 1
26 207 1
561 207 1
1651 207 1
24 207 1
1402 207 1
2506 207 1
1285 207 1
697 207 1
320 207 1
3043 207 1
4770 207 1
82 207 1
3291 207 1
48 207 1
0 207 1
709 207 1
3476 207 1
3025 207 1
29 207 1
1975 207 1
334 207 1
1663 207 1
2239 207 1
2988 207 1
1604 207 1
3544 207 1
2227 207 1
4464 207 1
1192 207 1
685 207 1
433 207 1
850 207 1
106 207 1
136 207 1
1511 207 1
13 207 1
4647 207 1
30 207 1
192 207 1
4468 207 1
1039 207 1
2276 207 1
4428 207 1
1308 207 1
15 207 1
2916 207 1
4745 207 1
579 207 1
1825 207 1
280 207 1
2722 207 1
2116 207 1
730 207 1
178 207 1
742 207 1
2734 207 1
206 207 1
216 207 1
1714 207 1
2774 207 1
96 207 1
4677 207 1
15 207 1
2082 207 1
53 207 1
102 207 1
1764 207 1
447 207 1
880 207 1
3124 207 1
8 207 1
613 207 1
1072 207 1
2754 207 1
2874 207 1
0 207 1
96 207 1
198 207 1
1158 207 1
1704 207 1
63 207 1
311 207 1
396 207 1
3152 207 1
10 207 1
352 207 1
0 207 1
0 207 1
84 207 1
4705 207 1
204 207 1
54 207 1
543 207 1
1072 207 1
858 207 1
15 207 1
1379 207 1
590 207 1
4813 207 1
222 207 1
411 207 1
3200 207 1
4470 207 1
151 207 1
1090 207 1
1020 207 1
4151 207 1
1162 207 1
118 207 1
4569 207 1
135 207 1
2485 207 1
494 207 1
153 207 1
249 207 1
1617 207 1
43 207 1
1488 207 1
3885 207 1
34 207 1
232 207 1
288 207 1
6 207 1
2585 207 1
1316 207 1
2862 207 1
620 207 1
1517 207 1
1076 207 1
2643 207 1
4077 207 1
161 207 1
4724 207 1
763 207 1
3098 207 1
419 207 1
2263 207 1
4909 207 1
160 207 1
1658 207 1
2678 207 1
1775 207 1
7 207 1
183 207 1
0 207 1
768 207 1
2383 207 1
456 207 1
3870 207 1
165 207 1
4229 207 1
632 207 1
3684 207 1
32 207 1
2579 207 1
109 207 1
1278 207 1
0 207 1
3783 207 1
418 207 1
339 207 1
3101 207 1
20 207 1
1184 207 1
2731 207 1
3916 207 1
481 207 1
101 207 1
2395 207 1
4586 207 1
2570 207 1
903 207 1
42 207 1
83 207 1
3311 207 1
27 207 1
803 207 1
59 207 1
588 207 1
3037 207 1
414 207 1
70 207 1
3945 207 1
3829 207 1
1 207 1
4518 207 1
2064 207 1
95 207 1
3942 207 1
4520 207 1
208 207 1
1414 207 1
0 207 1
858 207 1
113 207 1
33 207 1
1 207 1
236 207 1
2918 207 1
2592 207 1
1443 207 1
40 207 1
3324 207 1
2726 207 1
3385 207 1
23 207 1
2198 207 1
224 207 1
4715 208 1
4368 208 1
79 208 1
2441 208 1
606 208 1
4773 208 1
2157 208 1
275 208 1
2703 208 1
2382 208 1
4793 208 1
1828 208 1
355 208 1
3819 208 1
3510 208 1
320 208 1
1829 208 1
373 208 1
117 208 1
397 208 1
1717 208 1
629 208 1
63 208 1
42 208 1
3087 208 1
226 208 1
2841 208 1
93 208 1
1471 208 1
1 208 1
71 208 1
426 208 1
0 208 1
299 208 1
1425 208 1
3568 208 1
340 208 1
614 208 1
4 208 1
1930 208 1
2911 208 1
2022 208 1
4830 208 1
1646 208 1
901 208 1
2694 208 1
4729 208 1
7 208 1
770 208 1
1055 208 1
1771 208 1
4134 208 1
8 208 1
291 208 1
1143 208 1
566 208 1
689 208 1
603 208 1
4502 208 1
734 208 1
606 208 1
787 208 1
44 208 1
2699 208 1
2929 208 1
5 208 1
4408 208 1
552 208 1
2747 208 1
1 208 1
132 208 1
1121 208 1
2933 208 1
38 208 1
2204 208 1
2822 208 1
1728 208 1
2629 208 1
73 208 1
493 208 1
702 208 1
531 208 1
2 208 1
111 208 1
482 208 1
2 208 1
504 208 1
37 208 1
441 208 1
3136 208 1
2373 208 1
4017 208 1
39 208 1
970 208 1
1020 208 1
835 208 1
921 208 1
5 208 1
40 208 1
244 208 1
184 208 1
754 208 1
719 208 1
4 208 1
355 208 1
367 208 1
4036 208 1
2453 208 1
2 208 1
1823 208 1
2259 208 1
3976 208 1
50 208 1
326 208 1
14 208 1
1961 208 1
994 208 1
81 208 1
1485 208 1
137 208 1
576 208 1
16 208 1
1110 208 1
4613 208 1
247 208 1
1025 208 1
8 208 1
3561 208 1
4793 208 1
1389 208 1
4806 208 1
1039 208 1
3625 208 1
1300 208 1
2407 208 1
35 208 1
2820 208 1
1917 208 1
4830 208 1
4819 208 1
4836 208 1
688 208 1
343 208 1
772 208 1
595 208 1
3656 208 1
390 208 1
685 208 1
1139 208 1
1139 208 1
4989 208 1
3241 208 1
333 208 1
0 208 1
914 208 1
75 208 1
38 208 1
820 208 1
3864 208 1
3359 208 1
1033 208 1
450 208 1
990 208 1
121 208 1
205 208 1
764 208 1
10 208 1
22 208 1
2982 208 1
2126 208 1
3663 208 1
187 208 1
1179 208 1
1960 208 1
0 208 1
0 208 1
0 208 1
317 208 1
527 208 1
434 208 1
943 208 1
3453 208 1
2785 208 1
527 208 1
42 208 1
4871 208 1
8 208 1
3824 208 1
719 208 1
0 208 1
105 208 1
1541 208 1
2837 208 1
49 208 1
1418 208 1
934 208 1
3342 208 1
364 208 1
2114 208 1
233 208 1
3010 208 1
4523 208 1
1986 208 1
338 208 1
22 208 1
40 208 1
691 208 1
3457 208 1
3290 208 1
2554 208 1
4429 208 1
941 208 1
3528 208 1
1056 208 1
1071 208 1
4260 208 1
4048 208 1
2005 208 1
2927 208 1
1498 208 1
16 208 1
2125 208 1
258 208 1
3053 208 1
3941 208 1
1094 208 1
215 208 1
4289 208 1
419 208 1
2571 208 1
70 208 1
194 208 1
1959 208 1
3722 208 1
3781 208 1
398 208 1
4740 208 1
2742 208 1
4781 208 1
2335 208 1
436 208 1
918 208 1
45 208 1
4725 208 1
1994 208 1
132 208 1
415 208 1
1574 208 1
50 208 1
4710 208 1
3367 208 1
215 208 1
287 208 1
59 208 1
687 208 1
260 208 1
6 208 1
2857 208 1
2642 208 1
82 208 1
1081 208 1
3 208 1
4099 208 1
2043 208 1
1985 208 1
2060 208 1
910 208 1
673 208 1
2063 208 1
3103 208 1
4707 208 1
59 208 1
287 208 1
26 208 1
151 208 1
1098 208 1
542 208 1
4033 208 1
4190 208 1
4877 208 1
3258 208 1
4638 208 1
59 208 1
4205 208 1
135 208 1
2398 208 1
164 208 1
2056 208 1
434 208 1
2562 208 1
251 208 1
445 208 1
1948 208 1
1614 208 1
1481 208 1
138 208 1
0 208 1
1306 208 1
75 208 1
2206 208 1
2049 208 1
1804 208 1
606 208 1
2827 208 1
3987 208 1
10 208 1
3374 208 1
2875 208 1
1698 208 1
336 208 1
3541 208 1
3343 208 1
1204 208 1
0 208 1
2649 208 1
3291 208 1
1334 208 1
0 208 1
367 208 1
1279 208 1
259 208 1
192 208 1
3694 208 1
223 208 1
4144 208 1
2379 208 1
220 208 1
1591 208 1
35 208 1
300 208 1
3910 208 1
2676 208 1
4937 208 1
305 208 1
3004 208 1
1127 208 1
3213 208 1
514 208 1
1422 208 1
2994 208 1
2277 208 1
16 208 1
3556 208 1
4200 208 1
3688 208 1
963 209 1
3308 209 1
1149 209 1
548 209 1
4970 209 1
718 209 1
748 209 1
2495 209 1
2779 209 1
2414 209 1
306 209 1
3189 209 1
2636 209 1
4637 209 1
3974 209 1
4885 209 1
390 209 1
206 209 1
65 209 1
1341 209 1
221 209 1
1563 209 1
7 209 1
3255 209 1
2404 209 1
2526 209 1
3689 209 1
4721 209 1
1193 209 1
78 209 1
2353 209 1
67 209 1
4 209 1
1526 209 1
540 209 1
3646 209 1
554 209 1
1973 209 1
2496 209 1
1760 209 1
130 209 1
0 209 1
643 209 1
81 209 1
3181 209 1
2171 209 1
1143 209 1
3591 209 1
1033 209 1
690 209 1
4 209 1
2967 209 1
921 209 1
222 209 1
2864 209 1
880 209 1
2234 209 1
2561 209 1
1184 209 1
1581 209 1
2951 209 1
374 209 1
1434 209 1
695 209 1
109 209 1
1452 209 1
1046 209 1
3444 209 1
2096 209 1
133 209 1
4596 209 1
2912 209 1
75 209 1
498 209 1
3486 209 1
381 209 1
703 209 1
5 209 1
3476 209 1
3923 209 1
808 209 1
1156 209 1
1480 209 1
3056 209 1
2350 209 1
75 209 1
603 209 1
3967 209 1
849 209 1
1196 209 1
1313 209 1
57 209 1
4446 209 1
312 209 1
516 209 1
1712 209 1
28 209 1
310 209 1
2328 209 1
3020 209 1
1788 209 1
2346 209 1
4238 209 1
58 209 1
195 209 1
140 209 1
32 209 1
36 209 1
1410 209 1
216 209 1
2996 209 1
972 209 1
40 209 1
89 209 1
1088 209 1
2993 209 1
23 209 1
594 209 1
16 209 1
2716 209 1
4386 209 1
48 209 1
2132 209 1
2937 209 1
4699 209 1
1407 209 1
2338 209 1
177 209 1
106 209 1
127 209 1
0 209 1
625 209 1
4312 209 1
4724 209 1
3892 209 1
3629 209 1
1007 209 1
1883 209 1
948 209 1
93 209 1
1106 209 1
27 209 1
32 209 1
556 209 1
194 209 1
304 209 1
1214 209 1
38 209 1
387 209 1
471 209 1
285 209 1
2489 209 1
3572 209 1
2951 209 1
480 209 1
1098 209 1
26 209 1
87 209 1
377 209 1
2259 209 1
3428 209 1
4853 209 1
1245 209 1
9 209 1
1965 209 1
1909 209 1
271 209 1
243 209 1
1696 209 1
4599 209 1
581 209 1
175 209 1
207 209 1
3 209 1
1784 209 1
4691 209 1
3551 209 1
2300 209 1
2648 209 1
3279 209 1
1637 209 1
2069 209 1
2236 209 1
2840 209 1
203 209 1
2280 209 1
2595 209 1
1296 209 1
504 209 1
4475 209 1
4265 209 1
53 209 1
89 209 1
242 209 1
2152 209 1
694 209 1
2082 209 1
1937 209 1
3750 209 1
327 209 1
672 209 1
3980 209 1
860 209 1
13 209 1
4812 209 1
1272 209 1
1285 209 1
1972 209 1
1311 209 1
3179 209 1
2565 209 1
415 209 1
2 209 1
6 209 1
3101 209 1
1472 209 1
3804 209 1
285 209 1
1218 209 1
14 209 1
300 209 1
1206 209 1
1550 209 1
1233 209 1
1873 209 1
4628 209 1
119 209 1
96 209 1
2070 209 1
1721 209 1
3975 209 1
4130 209 1
3645 209 1
234 209 1
1258 209 1
393 209 1
277 209 1
2105 209 1
48 209 1
392 209 1
2411 209 1
3037 209 1
84 209 1
98 209 1
1774 209 1
4286 209 1
756 209 1
252 209 1
226 209 1
1175 209 1
2986 209 1
168 209 1
9 209 1
1530 209 1
2036 209 1
3456 209 1
2699 209 1
489 209 1
3178 209 1
1637 209 1
789 209 1
63 209 1
318 209 1
2871 209 1
39 209 1
45 209 1
120 209 1
4060 209 1
1064 209 1
2364 209 1
4458 209 1
4319 209 1
375 209 1
1353 209 1
78 209 1
470 209 1
3493 209 1
3351 209 1
2856 209 1
690 209 1
3581 209 1
567 209 1
143 209 1
3928 209 1
2 209 1
2623 209 1
1736 209 1
2898 209 1
2622 209 1
7 209 1
2757 209 1
3480 209 1
592 209 1
275 209 1
3667 209 1
4423 209 1
2816 209 1
1 209 1
1969 209 1
4727 209 1
4247 209 1
0 209 1
4066 209 1
989 209 1
1207 209 1
4189 209 1
172 209 1
735 209 1
16 209 1
5 209 1
5 209 1
719 209 1
1363 209 1
2491 209 1
3204 209 1
148 209 1
3767 209 1
3460 209 1
2704 209 1
63 209 1
80 209 1
3671 209 1
760 209 1
55 209 1
1496 209 1
2025 209 1
1 209 1
469 209 1
1496 209 1
1110 209 1
54 209 1
4137 209 1
318 209 1
38 209 1
3809 209 1
510 209 1
1727 209 1
1442 209 1
1190 209 1
243 209 1
56 209 1
13 209 1
6 209 1
1728 209 1
10 209 1
13 210 1
0 210 1
4370 210 1
3354 210 1
2587 210 1
612 210 1
3822 210 1
665 210 1
3604 210 1
3141 210 1
3888 210 1
1285 210 1
471 210 1
26 210 1
2846 210 1
1499 210 1
1046 210 1
20 210 1
1950 210 1
1388 210 1
1163 210 1
949 210 1
2 210 1
665 210 1
1843 210 1
638 210 1
3028 210 1
4470 210 1
2963 210 1
498 210 1
940 210 1
281 210 1
65 210 1
4475 210 1
578 210 1
17 210 1
2948 210 1
502 210 1
34 210 1
352 210 1
1830 210 1
546 210 1
2031 210 1
686 210 1
2529 210 1
4083 210 1
230 210 1
157 210 1
4037 210 1
68 210 1
1185 210 1
1099 210 1
2866 210 1
415 210 1
678 210 1
501 210 1
2186 210 1
2964 210 1
3102 210 1
446 210 1
1758 210 1
1451 210 1
18 210 1
3582 210 1
578 210 1
3275 210 1
1 210 1
601 210 1
1775 210 1
2780 210 1
23 210 1
1725 210 1
4773 210 1
2772 210 1
1112 210 1
294 210 1
2401 210 1
40 210 1
1372 210 1
51 210 1
3207 210 1
1928 210 1
130 210 1
3275 210 1
141 210 1
321 210 1
1276 210 1
2005 210 1
2276 210 1
1088 210 1
37 210 1
547 210 1
199 210 1
3107 210 1
4188 210 1
2129 210 1
4726 210 1
4824 210 1
3899 210 1
48 210 1
107 210 1
1004 210 1
2 210 1
374 210 1
511 210 1
30 210 1
107 210 1
749 210 1
3694 210 1
903 210 1
2326 210 1
399 210 1
598 210 1
2525 210 1
1318 210 1
578 210 1
1383 210 1
2483 210 1
926 210 1
3863 210 1
226 210 1
67 210 1
919 210 1
64 210 1
1866 210 1
339 210 1
298 210 1
1529 210 1
0 210 1
219 210 1
2310 210 1
3711 210 1
3566 210 1
819 210 1
1725 210 1
711 210 1
1256 210 1
1109 210 1
1369 210 1
3615 210 1
477 210 1
1668 210 1
1448 210 1
3087 210 1
748 210 1
4029 210 1
1225 210 1
4664 210 1
1816 210 1
1045 210 1
918 210 1
428 210 1
3228 210 1
3303 210 1
2011 210 1
25 210 1
254 210 1
4514 210 1
3134 210 1
4982 210 1
2674 210 1
29 210 1
3056 210 1
8 210 1
2520 210 1
569 210 1
663 210 1
899 210 1
745 210 1
4581 210 1
4088 210 1
325 210 1
658 210 1
122 210 1
381 210 1
787 210 1
1344 210 1
2 210 1
501 210 1
500 210 1
3643 210 1
2582 210 1
2097 210 1
2885 210 1
223 210 1
17 210 1
471 210 1
3238 210 1
2619 210 1
4175 210 1
939 210 1
19 210 1
743 210 1
1915 210 1
35 210 1
28 210 1
117 210 1
2494 210 1
224 210 1
1284 210 1
3493 210 1
2129 210 1
1898 210 1
2842 210 1
464 210 1
225 210 1
4977 210 1
3861 210 1
4252 210 1
4566 210 1
4015 210 1
1429 210 1
32 210 1
1001 210 1
3901 210 1
221 210 1
779 210 1
12 210 1
4757 210 1
863 210 1
79 210 1
3269 210 1
285 210 1
144 210 1
909 210 1
1609 210 1
812 210 1
4939 210 1
0 210 1
2400 210 1
109 210 1
2182 210 1
257 210 1
2594 210 1
86 210 1
1321 210 1
2599 210 1
1649 210 1
1386 210 1
51 210 1
1101 210 1
986 210 1
35 210 1
354 210 1
634 210 1
1812 210 1
900 210 1
71 210 1
3151 210 1
2866 210 1
4242 210 1
1047 210 1
663 210 1
235 210 1
2144 210 1
1111 210 1
7 210 1
243 210 1
315 210 1
4488 210 1
3318 210 1
1184 210 1
401 210 1
4426 210 1
2967 210 1
1386 210 1
3779 210 1
318 210 1
15 210 1
1287 210 1
225 210 1
645 210 1
4324 210 1
838 210 1
4480 210 1
1603 210 1
125 210 1
192 210 1
1020 210 1
126 210 1
1603 210 1
3684 210 1
1895 210 1
880 210 1
19 210 1
781 210 1
1288 210 1
3307 210 1
4009 210 1
1277 210 1
1109 210 1
25 210 1
71 210 1
286 210 1
50 210 1
2837 210 1
2637 210 1
4544 210 1
150 210 1
4732 210 1
4152 210 1
4674 210 1
1753 210 1
385 210 1
150 210 1
115 210 1
401 210 1
648 210 1
122 210 1
4006 210 1
325 210 1
579 210 1
581 210 1
2668 210 1
286 210 1
4923 210 1
1790 210 1
1550 210 1
4642 210 1
3682 210 1
2757 210 1
195 210 1
81 210 1
3031 210 1
1026 210 1
1612 210 1
1383 210 1
1787 210 1
2502 210 1
3649 210 1
427 210 1
16 210 1
1872 210 1
2862 210 1
3008 210 1
2 210 1
4827 210 1
694 210 1
83 210 1
416 210 1
3246 210 1
3204 210 1
201 210 1
2587 210 1
256 210 1
2664 211 1
20 211 1
1115 211 1
199 211 1
140 211 1
163 211 1
4329 211 1
1442 211 1
363 211 1
1195 211 1
4601 211 1
1841 211 1
1651 211 1
311 211 1
2263 211 1
1120 211 1
3928 211 1
402 211 1
20 211 1
57 211 1
83 211 1
1697 211 1
1660 211 1
786 211 1
582 211 1
159 211 1
2593 211 1
2319 211 1
2054 211 1
3408 211 1
1207 211 1
3618 211 1
1431 211 1
1221 211 1
4474 211 1
1374 211 1
552 211 1
1482 211 1
24 211 1
81 211 1
3023 211 1
382 211 1
463 211 1
4532 211 1
48 211 1
10 211 1
2 211 1
1208 211 1
16 211 1
3215 211 1
2710 211 1
2209 211 1
876 211 1
557 211 1
3658 211 1
305 211 1
3770 211 1
652 211 1
747 211 1
1412 211 1
4113 211 1
3402 211 1
65 211 1
2299 211 1
3920 211 1
2471 211 1
3969 211 1
382 211 1
3834 211 1
2616 211 1
15 211 1
4244 211 1
667 211 1
1127 211 1
244 211 1
3273 211 1
122 211 1
2392 211 1
842 211 1
1930 211 1
716 211 1
941 211 1
663 211 1
3899 211 1
4494 211 1
214 211 1
451 211 1
1479 211 1
381 211 1
1638 211 1
4772 211 1
963 211 1
1331 211 1
4944 211 1
2102 211 1
3785 211 1
478 211 1
908 211 1
3931 211 1
186 211 1
4831 211 1
475 211 1
825 211 1
2613 211 1
153 211 1
1932 211 1
527 211 1
2617 211 1
2195 211 1
3474 211 1
83 211 1
118 211 1
36 211 1
2278 211 1
70 211 1
2691 211 1
3467 211 1
1496 211 1
651 211 1
563 211 1
2508 211 1
2420 211 1
959 211 1
2586 211 1
2959 211 1
1963 211 1
196 211 1
94 211 1
29 211 1
1340 211 1
0 211 1
130 211 1
286 211 1
3583 211 1
720 211 1
2310 211 1
59 211 1
2896 211 1
392 211 1
1921 211 1
1246 211 1
130 211 1
1137 211 1
1263 211 1
20 211 1
2386 211 1
538 211 1
688 211 1
50 211 1
4235 211 1
527 211 1
233 211 1
1107 211 1
3528 211 1
1374 211 1
2166 211 1
311 211 1
3018 211 1
632 211 1
812 211 1
94 211 1
92 211 1
1985 211 1
682 211 1
4059 211 1
4078 211 1
0 211 1
115 211 1
1583 211 1
2098 211 1
2368 211 1
4399 211 1
4881 211 1
2541 211 1
1569 211 1
3405 211 1
1559 211 1
537 211 1
4359 211 1
2939 211 1
1834 211 1
120 211 1
181 211 1
1814 211 1
434 211 1
3955 211 1
3871 211 1
1382 211 1
39 211 1
3333 211 1
2645 211 1
2304 211 1
3389 211 1
983 211 1
1122 211 1
1652 211 1
744 211 1
873 211 1
41 211 1
3704 211 1
774 211 1
1444 211 1
2280 211 1
581 211 1
880 211 1
4316 211 1
2038 211 1
1020 211 1
346 211 1
52 211 1
3243 211 1
2256 211 1
1693 211 1
754 211 1
0 211 1
3723 211 1
1 211 1
3795 211 1
3293 211 1
2030 211 1
565 211 1
663 211 1
404 211 1
92 211 1
2725 211 1
66 211 1
3245 211 1
250 211 1
3167 211 1
4011 211 1
47 211 1
592 211 1
4012 211 1
1844 211 1
3861 211 1
776 211 1
449 211 1
4236 211 1
483 211 1
1640 211 1
1211 211 1
2417 211 1
3889 211 1
731 211 1
62 211 1
2270 211 1
1055 211 1
1457 211 1
224 211 1
4621 211 1
1624 211 1
4311 211 1
868 211 1
379 211 1
1 211 1
35 211 1
762 211 1
5 211 1
3145 211 1
2538 211 1
466 211 1
2682 211 1
2289 211 1
3288 211 1
2325 211 1
2791 211 1
3277 211 1
1386 211 1
931 211 1
2699 211 1
3331 211 1
2121 211 1
444 211 1
481 211 1
4430 211 1
1367 211 1
1322 211 1
2809 211 1
3884 211 1
288 211 1
2277 211 1
115 211 1
3756 211 1
86 211 1
1938 211 1
4745 211 1
1816 211 1
936 211 1
4634 211 1
1620 211 1
165 211 1
130 211 1
1351 211 1
539 211 1
13 211 1
166 211 1
2171 211 1
3869 211 1
3959 211 1
255 211 1
1198 211 1
1923 211 1
1801 211 1
4328 211 1
1161 211 1
3686 211 1
3344 211 1
979 211 1
4271 211 1
456 211 1
3450 211 1
2793 211 1
661 211 1
5 211 1
2374 211 1
2183 211 1
1315 211 1
1196 211 1
91 211 1
3517 211 1
1650 211 1
13 211 1
1347 211 1
15 211 1
133 211 1
2733 211 1
1753 211 1
3307 211 1
2414 211 1
13 211 1
796 211 1
445 211 1
1984 211 1
78 211 1
4132 211 1
4316 211 1
1133 211 1
3 211 1
32 211 1
339 211 1
1342 211 1
4452 211 1
381 211 1
2113 211 1
617 211 1
4435 212 1
3529 212 1
4213 212 1
41 212 1
2982 212 1
1560 212 1
4490 212 1
2496 212 1
106 212 1
604 212 1
3824 212 1
2516 212 1
755 212 1
120 212 1
1307 212 1
1947 212 1
389 212 1
708 212 1
24 212 1
1435 212 1
2404 212 1
328 212 1
449 212 1
2181 212 1
1687 212 1
844 212 1
3427 212 1
782 212 1
4582 212 1
77 212 1
2729 212 1
1948 212 1
91 212 1
18 212 1
4368 212 1
4601 212 1
1604 212 1
3280 212 1
4849 212 1
2743 212 1
319 212 1
4844 212 1
4647 212 1
1140 212 1
665 212 1
1517 212 1
1232 212 1
348 212 1
71 212 1
1252 212 1
3883 212 1
934 212 1
4918 212 1
2103 212 1
2518 212 1
299 212 1
122 212 1
1048 212 1
1111 212 1
3973 212 1
3512 212 1
4635 212 1
4467 212 1
3314 212 1
942 212 1
126 212 1
409 212 1
4152 212 1
2 212 1
4505 212 1
11 212 1
2985 212 1
1332 212 1
1020 212 1
3 212 1
2346 212 1
90 212 1
1171 212 1
832 212 1
5 212 1
1760 212 1
916 212 1
2403 212 1
506 212 1
3199 212 1
20 212 1
4258 212 1
1850 212 1
22 212 1
4920 212 1
4148 212 1
40 212 1
3858 212 1
0 212 1
966 212 1
3618 212 1
17 212 1
1037 212 1
919 212 1
4402 212 1
544 212 1
599 212 1
50 212 1
317 212 1
218 212 1
971 212 1
27 212 1
4328 212 1
4934 212 1
4536 212 1
211 212 1
2784 212 1
4311 212 1
10 212 1
4636 212 1
3523 212 1
2716 212 1
2985 212 1
2345 212 1
1934 212 1
276 212 1
2671 212 1
2856 212 1
369 212 1
4976 212 1
3877 212 1
25 212 1
4939 212 1
1644 212 1
3912 212 1
1181 212 1
859 212 1
918 212 1
4 212 1
1441 212 1
224 212 1
2398 212 1
152 212 1
2542 212 1
974 212 1
167 212 1
3 212 1
256 212 1
2790 212 1
2834 212 1
4229 212 1
1173 212 1
1387 212 1
1 212 1
1339 212 1
2527 212 1
1 212 1
173 212 1
1702 212 1
3807 212 1
4283 212 1
1795 212 1
3439 212 1
847 212 1
4167 212 1
2784 212 1
1943 212 1
118 212 1
427 212 1
4013 212 1
18 212 1
3575 212 1
1006 212 1
5 212 1
3511 212 1
4867 212 1
199 212 1
958 212 1
2467 212 1
4572 212 1
2585 212 1
2784 212 1
166 212 1
4975 212 1
1672 212 1
2 212 1
2115 212 1
3967 212 1
4318 212 1
1844 212 1
2933 212 1
902 212 1
1991 212 1
15 212 1
3782 212 1
2910 212 1
381 212 1
3944 212 1
121 212 1
7 212 1
3449 212 1
2284 212 1
1971 212 1
2692 212 1
9 212 1
2176 212 1
979 212 1
0 212 1
863 212 1
6 212 1
3211 212 1
110 212 1
1163 212 1
3782 212 1
2967 212 1
3247 212 1
1087 212 1
2392 212 1
822 212 1
88 212 1
400 212 1
288 212 1
38 212 1
4955 212 1
3376 212 1
3712 212 1
790 212 1
4540 212 1
3725 212 1
1205 212 1
851 212 1
402 212 1
1644 212 1
3790 212 1
3843 212 1
2064 212 1
1717 212 1
874 212 1
157 212 1
2867 212 1
170 212 1
37 212 1
207 212 1
4573 212 1
3145 212 1
3333 212 1
2158 212 1
3003 212 1
1034 212 1
3855 212 1
240 212 1
2964 212 1
0 212 1
1693 212 1
3194 212 1
471 212 1
1844 212 1
473 212 1
1052 212 1
3110 212 1
1351 212 1
2309 212 1
2549 212 1
4521 212 1
3937 212 1
3960 212 1
2639 212 1
4881 212 1
1548 212 1
3 212 1
2649 212 1
4862 212 1
3928 212 1
14 212 1
1351 212 1
55 212 1
3101 212 1
0 212 1
4551 212 1
106 212 1
6 212 1
3254 212 1
327 212 1
1669 212 1
3193 212 1
3299 212 1
252 212 1
1145 212 1
11 212 1
23 212 1
3075 212 1
303 212 1
2240 212 1
2154 212 1
1305 212 1
198 212 1
22 212 1
31 212 1
2 212 1
3818 212 1
3575 212 1
2516 212 1
1295 212 1
2457 212 1
2473 212 1
3520 212 1
2340 212 1
3494 212 1
4367 212 1
786 212 1
2329 212 1
2691 212 1
1679 212 1
610 212 1
161 212 1
1824 212 1
4340 212 1
2194 212 1
1542 212 1
3479 212 1
2971 212 1
3916 212 1
2304 212 1
213 212 1
1042 212 1
55 212 1
4691 212 1
1270 212 1
1635 212 1
3498 212 1
2222 212 1
136 212 1
1520 212 1
128 212 1
2394 212 1
4123 212 1
3334 212 1
4014 212 1
890 212 1
3935 212 1
2753 212 1
2825 212 1
1734 212 1
3815 212 1
2613 212 1
2103 212 1
4921 212 1
1697 212 1
14 212 1
1771 212 1
1085 213 1
3298 213 1
1978 213 1
3 213 1
18 213 1
50 213 1
2874 213 1
2523 213 1
143 213 1
143 213 1
10 213 1
4088 213 1
1614 213 1
657 213 1
4074 213 1
576 213 1
341 213 1
2931 213 1
4223 213 1
907 213 1
3873 213 1
191 213 1
1354 213 1
385 213 1
369 213 1
279 213 1
1495 213 1
28 213 1
1301 213 1
1552 213 1
1185 213 1
2370 213 1
1577 213 1
993 213 1
4288 213 1
498 213 1
2725 213 1
3130 213 1
2458 213 1
877 213 1
122 213 1
17 213 1
26 213 1
2080 213 1
4657 213 1
79 213 1
1307 213 1
2510 213 1
579 213 1
733 213 1
4352 213 1
3761 213 1
7 213 1
116 213 1
32 213 1
793 213 1
23 213 1
2441 213 1
3922 213 1
3937 213 1
937 213 1
968 213 1
829 213 1
2834 213 1
98 213 1
1725 213 1
4788 213 1
3154 213 1
3819 213 1
429 213 1
19 213 1
894 213 1
865 213 1
3086 213 1
225 213 1
4913 213 1
1800 213 1
576 213 1
1135 213 1
442 213 1
133 213 1
1761 213 1
965 213 1
14 213 1
1661 213 1
4333 213 1
797 213 1
1610 213 1
3 213 1
763 213 1
534 213 1
25 213 1
1 213 1
4196 213 1
50 213 1
294 213 1
4138 213 1
4463 213 1
4536 213 1
2692 213 1
3145 213 1
2302 213 1
2351 213 1
2433 213 1
779 213 1
3651 213 1
4776 213 1
1957 213 1
3864 213 1
100 213 1
1192 213 1
3886 213 1
1232 213 1
175 213 1
633 213 1
449 213 1
557 213 1
172 213 1
4002 213 1
1243 213 1
2429 213 1
3908 213 1
1077 213 1
2344 213 1
2706 213 1
198 213 1
1763 213 1
1585 213 1
117 213 1
2581 213 1
81 213 1
738 213 1
167 213 1
103 213 1
1116 213 1
51 213 1
387 213 1
3428 213 1
2158 213 1
6 213 1
3125 213 1
1752 213 1
19 213 1
1874 213 1
680 213 1
3965 213 1
264 213 1
1263 213 1
241 213 1
5 213 1
3833 213 1
743 213 1
24 213 1
290 213 1
601 213 1
3966 213 1
1453 213 1
4783 213 1
4237 213 1
1 213 1
3311 213 1
642 213 1
3146 213 1
1716 213 1
289 213 1
853 213 1
118 213 1
1789 213 1
128 213 1
4987 213 1
3071 213 1
640 213 1
581 213 1
341 213 1
55 213 1
377 213 1
18 213 1
3409 213 1
1582 213 1
813 213 1
2530 213 1
194 213 1
4572 213 1
902 213 1
3168 213 1
26 213 1
925 213 1
453 213 1
4794 213 1
1176 213 1
518 213 1
73 213 1
2122 213 1
1794 213 1
443 213 1
2148 213 1
570 213 1
43 213 1
203 213 1
10 213 1
1666 213 1
91 213 1
179 213 1
2484 213 1
1701 213 1
2370 213 1
1958 213 1
57 213 1
3775 213 1
2921 213 1
628 213 1
0 213 1
31 213 1
458 213 1
956 213 1
801 213 1
386 213 1
26 213 1
4517 213 1
102 213 1
2151 213 1
2017 213 1
3463 213 1
3284 213 1
4417 213 1
304 213 1
165 213 1
3459 213 1
28 213 1
4967 213 1
2233 213 1
3276 213 1
358 213 1
134 213 1
1613 213 1
1654 213 1
2913 213 1
11 213 1
1677 213 1
1632 213 1
0 213 1
32 213 1
3074 213 1
242 213 1
0 213 1
2011 213 1
4731 213 1
1598 213 1
914 213 1
258 213 1
3199 213 1
2720 213 1
357 213 1
4602 213 1
2613 213 1
2035 213 1
3236 213 1
564 213 1
0 213 1
1970 213 1
4727 213 1
3244 213 1
4300 213 1
3119 213 1
1547 213 1
457 213 1
1507 213 1
160 213 1
20 213 1
1749 213 1
6 213 1
506 213 1
3912 213 1
4171 213 1
468 213 1
1522 213 1
691 213 1
3570 213 1
379 213 1
1012 213 1
3343 213 1
850 213 1
1375 213 1
4062 213 1
907 213 1
1413 213 1
0 213 1
2866 213 1
4440 213 1
1809 213 1
46 213 1
1510 213 1
2610 213 1
102 213 1
2143 213 1
114 213 1
3798 213 1
348 213 1
449 213 1
2012 213 1
807 213 1
212 213 1
4001 213 1
2880 213 1
172 213 1
4512 213 1
4309 213 1
278 213 1
2675 213 1
2003 213 1
138 213 1
4877 213 1
460 213 1
2128 213 1
3050 213 1
2648 213 1
1577 213 1
190 213 1
1232 213 1
1903 213 1
2903 213 1
996 213 1
619 213 1
155 213 1
2551 213 1
302 213 1
2014 213 1
1 213 1
60 213 1
0 213 1
1182 213 1
2578 213 1
573 213 1
2802 213 1
4285 213 1
459 213 1
1149 213 1
1793 213 1
2014 213 1
467 213 1
4725 213 1
4 213 1
132 213 1
903 213 1
4087 213 1
4325 214 1
1389 214 1
373 214 1
962 214 1
230 214 1
435 214 1
36 214 1
3984 214 1
4368 214 1
1124 214 1
163 214 1
26 214 1
252 214 1
387 214 1
380 214 1
2940 214 1
702 214 1
448 214 1
2577 214 1
10 214 1
4493 214 1
2250 214 1
572 214 1
2052 214 1
690 214 1
268 214 1
497 214 1
3662 214 1
1040 214 1
3123 214 1
3536 214 1
917 214 1
597 214 1
3058 214 1
229 214 1
255 214 1
2913 214 1
251 214 1
3376 214 1
801 214 1
110 214 1
18 214 1
4952 214 1
4887 214 1
254 214 1
96 214 1
1564 214 1
9 214 1
276 214 1
3391 214 1
3100 214 1
4867 214 1
4508 214 1
487 214 1
728 214 1
3557 214 1
129 214 1
3112 214 1
1116 214 1
12 214 1
769 214 1
0 214 1
1997 214 1
631 214 1
4759 214 1
408 214 1
1225 214 1
1208 214 1
238 214 1
9 214 1
1031 214 1
1023 214 1
1543 214 1
3571 214 1
2642 214 1
2298 214 1
4409 214 1
518 214 1
116 214 1
4798 214 1
8 214 1
1112 214 1
106 214 1
3442 214 1
2848 214 1
499 214 1
2973 214 1
1953 214 1
2197 214 1
187 214 1
209 214 1
192 214 1
2290 214 1
1087 214 1
197 214 1
31 214 1
1304 214 1
22 214 1
4437 214 1
386 214 1
2562 214 1
3785 214 1
3987 214 1
1059 214 1
4864 214 1
722 214 1
556 214 1
1086 214 1
262 214 1
503 214 1
278 214 1
4319 214 1
516 214 1
4188 214 1
983 214 1
783 214 1
50 214 1
1894 214 1
490 214 1
1764 214 1
340 214 1
3752 214 1
53 214 1
162 214 1
4866 214 1
4803 214 1
4378 214 1
329 214 1
1482 214 1
3171 214 1
4733 214 1
707 214 1
889 214 1
2089 214 1
0 214 1
3727 214 1
141 214 1
233 214 1
5 214 1
4907 214 1
2942 214 1
1665 214 1
312 214 1
492 214 1
2 214 1
43 214 1
17 214 1
628 214 1
98 214 1
1582 214 1
4082 214 1
4568 214 1
223 214 1
706 214 1
3306 214 1
2006 214 1
305 214 1
491 214 1
2577 214 1
1595 214 1
1379 214 1
145 214 1
566 214 1
3673 214 1
423 214 1
291 214 1
1334 214 1
77 214 1
2267 214 1
2298 214 1
246 214 1
2321 214 1
1453 214 1
2111 214 1
2840 214 1
764 214 1
3987 214 1
50 214 1
197 214 1
76 214 1
3404 214 1
2551 214 1
77 214 1
1 214 1
790 214 1
915 214 1
483 214 1
3082 214 1
52 214 1
4143 214 1
3479 214 1
1848 214 1
1993 214 1
1304 214 1
1571 214 1
984 214 1
484 214 1
29 214 1
3050 214 1
6 214 1
6 214 1
4762 214 1
803 214 1
4972 214 1
368 214 1
3038 214 1
3328 214 1
30 214 1
3374 214 1
2453 214 1
1311 214 1
4742 214 1
9 214 1
1112 214 1
1720 214 1
1563 214 1
1668 214 1
162 214 1
3152 214 1
380 214 1
34 214 1
15 214 1
3884 214 1
4507 214 1
4799 214 1
4050 214 1
3716 214 1
128 214 1
444 214 1
2748 214 1
104 214 1
667 214 1
60 214 1
22 214 1
3372 214 1
4600 214 1
4007 214 1
213 214 1
4819 214 1
1921 214 1
69 214 1
775 214 1
2393 214 1
4350 214 1
1039 214 1
4923 214 1
4104 214 1
2148 214 1
3161 214 1
629 214 1
283 214 1
187 214 1
1882 214 1
923 214 1
1299 214 1
943 214 1
2925 214 1
1502 214 1
3511 214 1
318 214 1
1241 214 1
687 214 1
4426 214 1
897 214 1
753 214 1
2490 214 1
1760 214 1
2136 214 1
616 214 1
2186 214 1
119 214 1
3233 214 1
1755 214 1
2321 214 1
1520 214 1
103 214 1
4296 214 1
3040 214 1
1005 214 1
1612 214 1
1668 214 1
3122 214 1
1095 214 1
3662 214 1
2700 214 1
114 214 1
411 214 1
851 214 1
113 214 1
3576 214 1
3172 214 1
2595 214 1
69 214 1
2003 214 1
2035 214 1
51 214 1
675 214 1
801 214 1
1 214 1
3641 214 1
18 214 1
0 214 1
77 214 1
1756 214 1
2667 214 1
1678 214 1
104 214 1
37 214 1
155 214 1
3015 214 1
2264 214 1
116 214 1
2623 214 1
765 214 1
1976 214 1
2219 214 1
2415 214 1
2868 214 1
1418 214 1
1633 214 1
263 214 1
428 214 1
2988 214 1
2169 214 1
966 214 1
898 214 1
368 214 1
1439 214 1
1952 214 1
844 214 1
514 214 1
2555 214 1
1174 214 1
3545 214 1
2544 214 1
2447 214 1
3046 214 1
4269 214 1
525 214 1
68 214 1
234 214 1
55 214 1
2264 214 1
2101 214 1
3552 214 1
20 215 1
1567 215 1
1870 215 1
2074 215 1
4792 215 1
2253 215 1
4 215 1
2609 215 1
566 215 1
1363 215 1
1919 215 1
29 215 1
651 215 1
8 215 1
1561 215 1
391 215 1
60 215 1
1502 215 1
312 215 1
3027 215 1
747 215 1
1050 215 1
420 215 1
4545 215 1
2337 215 1
2855 215 1
817 215 1
813 215 1
908 215 1
4908 215 1
78 215 1
2711 215 1
874 215 1
212 215 1
4043 215 1
1939 215 1
1285 215 1
2436 215 1
3149 215 1
36 215 1
3371 215 1
2952 215 1
1396 215 1
958 215 1
2977 215 1
49 215 1
4571 215 1
1334 215 1
1333 215 1
1532 215 1
263 215 1
1834 215 1
153 215 1
640 215 1
2684 215 1
954 215 1
1566 215 1
4 215 1
993 215 1
668 215 1
1747 215 1
1405 215 1
89 215 1
304 215 1
2939 215 1
1517 215 1
40 215 1
1257 215 1
691 215 1
1246 215 1
1996 215 1
2419 215 1
3661 215 1
1465 215 1
1587 215 1
3791 215 1
1257 215 1
4028 215 1
2788 215 1
4215 215 1
0 215 1
616 215 1
2801 215 1
1538 215 1
2531 215 1
2220 215 1
1809 215 1
630 215 1
99 215 1
431 215 1
666 215 1
1738 215 1
2642 215 1
3349 215 1
366 215 1
556 215 1
335 215 1
720 215 1
4923 215 1
4878 215 1
185 215 1
409 215 1
61 215 1
361 215 1
2637 215 1
1651 215 1
4370 215 1
124 215 1
4025 215 1
4478 215 1
2081 215 1
489 215 1
7 215 1
865 215 1
2162 215 1
639 215 1
4762 215 1
3823 215 1
172 215 1
1 215 1
199 215 1
101 215 1
4170 215 1
566 215 1
3796 215 1
1785 215 1
2 215 1
2571 215 1
508 215 1
3816 215 1
134 215 1
2402 215 1
2272 215 1
1 215 1
102 215 1
3439 215 1
3341 215 1
477 215 1
3034 215 1
356 215 1
378 215 1
2311 215 1
23 215 1
3029 215 1
1701 215 1
665 215 1
870 215 1
1440 215 1
466 215 1
757 215 1
3303 215 1
458 215 1
6 215 1
239 215 1
1087 215 1
94 215 1
490 215 1
3485 215 1
96 215 1
2035 215 1
226 215 1
19 215 1
2946 215 1
1036 215 1
137 215 1
2344 215 1
2645 215 1
543 215 1
3711 215 1
2571 215 1
18 215 1
1460 215 1
3856 215 1
3229 215 1
2829 215 1
1664 215 1
4098 215 1
1367 215 1
2856 215 1
118 215 1
53 215 1
167 215 1
226 215 1
2281 215 1
22 215 1
291 215 1
3174 215 1
2492 215 1
1223 215 1
2709 215 1
500 215 1
888 215 1
95 215 1
3095 215 1
3273 215 1
3582 215 1
443 215 1
881 215 1
1114 215 1
3087 215 1
971 215 1
5 215 1
470 215 1
36 215 1
6 215 1
1698 215 1
469 215 1
157 215 1
19 215 1
748 215 1
1788 215 1
768 215 1
2545 215 1
4945 215 1
4174 215 1
2016 215 1
844 215 1
252 215 1
2898 215 1
799 215 1
136 215 1
4472 215 1
1418 215 1
3679 215 1
49 215 1
2294 215 1
4176 215 1
1258 215 1
32 215 1
219 215 1
1167 215 1
1656 215 1
1570 215 1
71 215 1
7 215 1
716 215 1
2103 215 1
1202 215 1
415 215 1
24 215 1
4647 215 1
92 215 1
4291 215 1
1574 215 1
1145 215 1
1522 215 1
796 215 1
510 215 1
163 215 1
4464 215 1
348 215 1
4249 215 1
52 215 1
4827 215 1
3868 215 1
49 215 1
3200 215 1
4300 215 1
941 215 1
3641 215 1
2137 215 1
2828 215 1
45 215 1
26 215 1
535 215 1
181 215 1
43 215 1
1783 215 1
3568 215 1
2468 215 1
2353 215 1
306 215 1
2872 215 1
4803 215 1
2867 215 1
243 215 1
1450 215 1
3028 215 1
2194 215 1
1078 215 1
1915 215 1
4064 215 1
353 215 1
387 215 1
2955 215 1
618 215 1
1779 215 1
57 215 1
2601 215 1
1169 215 1
1733 215 1
3843 215 1
2815 215 1
4952 215 1
4038 215 1
1013 215 1
465 215 1
3251 215 1
627 215 1
270 215 1
1 215 1
735 215 1
2399 215 1
286 215 1
256 215 1
4652 215 1
4776 215 1
4127 215 1
366 215 1
4556 215 1
581 215 1
2835 215 1
1 215 1
2334 215 1
938 215 1
3836 215 1
3519 215 1
379 215 1
1922 215 1
759 215 1
4760 215 1
838 215 1
2963 215 1
380 215 1
172 215 1
285 215 1
7 215 1
1727 215 1
3476 215 1
2013 215 1
1866 215 1
2577 215 1
46 215 1
3009 215 1
176 215 1
1692 215 1
449 215 1
1909 215 1
806 215 1
3881 215 1
58 215 1
3 215 1
373 215 1
1041 215 1
627 215 1
5 216 1
3278 216 1
3961 216 1
2526 216 1
2201 216 1
1567 216 1
1669 216 1
286 216 1
248 216 1
2977 216 1
623 216 1
31 216 1
276 216 1
4830 216 1
4095 216 1
339 216 1
2198 216 1
6 216 1
852 216 1
2947 216 1
507 216 1
4742 216 1
341 216 1
4711 216 1
1546 216 1
3898 216 1
2028 216 1
3028 216 1
1865 216 1
297 216 1
204 216 1
106 216 1
232 216 1
4592 216 1
956 216 1
224 216 1
2637 216 1
3603 216 1
4830 216 1
95 216 1
2560 216 1
1611 216 1
95 216 1
4547 216 1
1 216 1
90 216 1
24 216 1
1062 216 1
1326 216 1
3087 216 1
4056 216 1
3117 216 1
757 216 1
912 216 1
2603 216 1
4345 216 1
1605 216 1
1220 216 1
2315 216 1
3263 216 1
1465 216 1
4899 216 1
0 216 1
335 216 1
1266 216 1
870 216 1
4790 216 1
879 216 1
94 216 1
1140 216 1
698 216 1
850 216 1
680 216 1
1923 216 1
264 216 1
3393 216 1
2388 216 1
316 216 1
207 216 1
0 216 1
51 216 1
3963 216 1
15 216 1
161 216 1
3088 216 1
114 216 1
1234 216 1
600 216 1
4815 216 1
2455 216 1
222 216 1
25 216 1
3960 216 1
67 216 1
2987 216 1
1083 216 1
30 216 1
2444 216 1
379 216 1
658 216 1
962 216 1
4223 216 1
1935 216 1
324 216 1
2368 216 1
883 216 1
867 216 1
565 216 1
0 216 1
3081 216 1
35 216 1
2581 216 1
77 216 1
109 216 1
2422 216 1
2664 216 1
262 216 1
1113 216 1
83 216 1
3220 216 1
570 216 1
2955 216 1
2175 216 1
1079 216 1
769 216 1
4473 216 1
2837 216 1
1114 216 1
2294 216 1
1896 216 1
37 216 1
70 216 1
196 216 1
478 216 1
602 216 1
1568 216 1
599 216 1
304 216 1
4823 216 1
37 216 1
419 216 1
2846 216 1
1611 216 1
0 216 1
2603 216 1
4050 216 1
3114 216 1
965 216 1
2990 216 1
717 216 1
7 216 1
1313 216 1
4014 216 1
1763 216 1
224 216 1
43 216 1
4105 216 1
274 216 1
938 216 1
2447 216 1
4954 216 1
1158 216 1
239 216 1
2617 216 1
1948 216 1
1864 216 1
495 216 1
208 216 1
4442 216 1
3047 216 1
2979 216 1
4891 216 1
203 216 1
1064 216 1
2155 216 1
2 216 1
62 216 1
258 216 1
992 216 1
4547 216 1
249 216 1
536 216 1
310 216 1
2293 216 1
4696 216 1
1442 216 1
0 216 1
887 216 1
1835 216 1
449 216 1
26 216 1
1529 216 1
619 216 1
4521 216 1
1612 216 1
1606 216 1
772 216 1
81 216 1
1567 216 1
1 216 1
1075 216 1
4 216 1
162 216 1
3176 216 1
3969 216 1
191 216 1
599 216 1
1109 216 1
402 216 1
437 216 1
6 216 1
432 216 1
441 216 1
2639 216 1
261 216 1
3621 216 1
4580 216 1
4814 216 1
21 216 1
104 216 1
1488 216 1
159 216 1
2110 216 1
3187 216 1
685 216 1
2228 216 1
413 216 1
3317 216 1
40 216 1
11 216 1
134 216 1
126 216 1
1091 216 1
1647 216 1
1006 216 1
1723 216 1
933 216 1
4267 216 1
2722 216 1
6 216 1
3618 216 1
555 216 1
1497 216 1
172 216 1
127 216 1
3412 216 1
386 216 1
257 216 1
177 216 1
403 216 1
3031 216 1
3994 216 1
4674 216 1
1077 216 1
2643 216 1
1 216 1
1048 216 1
2233 216 1
662 216 1
1808 216 1
2754 216 1
3661 216 1
3110 216 1
555 216 1
4940 216 1
168 216 1
418 216 1
402 216 1
2058 216 1
1965 216 1
3527 216 1
211 216 1
4246 216 1
4145 216 1
1408 216 1
1883 216 1
4559 216 1
3316 216 1
898 216 1
288 216 1
2986 216 1
521 216 1
1824 216 1
2073 216 1
118 216 1
1 216 1
886 216 1
1098 216 1
3388 216 1
477 216 1
194 216 1
3414 216 1
2948 216 1
2704 216 1
9 216 1
1142 216 1
3666 216 1
2585 216 1
4732 216 1
1200 216 1
80 216 1
4297 216 1
1562 216 1
210 216 1
1998 216 1
1652 216 1
2686 216 1
187 216 1
2892 216 1
2914 216 1
1954 216 1
667 216 1
151 216 1
279 216 1
3243 216 1
3726 216 1
2391 216 1
1146 216 1
473 216 1
3346 216 1
1579 216 1
1068 216 1
618 216 1
3588 216 1
1517 216 1
245 216 1
104 216 1
1047 216 1
168 216 1
10 216 1
109 216 1
2185 216 1
311 216 1
2458 216 1
3046 216 1
4493 216 1
1123 216 1
9 216 1
927 216 1
1055 216 1
613 216 1
3915 216 1
4097 216 1
3542 216 1
662 216 1
4762 217 1
3786 217 1
2191 217 1
186 217 1
11 217 1
2342 217 1
4 217 1
195 217 1
4654 217 1
2687 217 1
338 217 1
90 217 1
872 217 1
1398 217 1
2398 217 1
2 217 1
67 217 1
11 217 1
1856 217 1
521 217 1
2906 217 1
1660 217 1
70 217 1
271 217 1
2467 217 1
604 217 1
542 217 1
1308 217 1
3323 217 1
4281 217 1
4126 217 1
38 217 1
3340 217 1
1608 217 1
35 217 1
32 217 1
3965 217 1
3201 217 1
3394 217 1
1531 217 1
1479 217 1
673 217 1
4468 217 1
0 217 1
141 217 1
2557 217 1
846 217 1
686 217 1
286 217 1
1160 217 1
92 217 1
1484 217 1
1275 217 1
1495 217 1
1293 217 1
546 217 1
447 217 1
4897 217 1
4461 217 1
1281 217 1
194 217 1
956 217 1
4397 217 1
3094 217 1
76 217 1
53 217 1
3379 217 1
507 217 1
2683 217 1
1649 217 1
4719 217 1
1256 217 1
2290 217 1
766 217 1
4780 217 1
2483 217 1
4092 217 1
1789 217 1
792 217 1
652 217 1
214 217 1
2371 217 1
116 217 1
4371 217 1
4465 217 1
183 217 1
714 217 1
1292 217 1
691 217 1
1589 217 1
106 217 1
2270 217 1
1492 217 1
1435 217 1
1299 217 1
177 217 1
1169 217 1
3181 217 1
684 217 1
801 217 1
1914 217 1
3807 217 1
4049 217 1
2958 217 1
83 217 1
1102 217 1
2344 217 1
1191 217 1
252 217 1
55 217 1
3015 217 1
3177 217 1
2077 217 1
1538 217 1
17 217 1
2780 217 1
3097 217 1
102 217 1
2789 217 1
343 217 1
1463 217 1
310 217 1
3128 217 1
4180 217 1
427 217 1
697 217 1
1532 217 1
142 217 1
1735 217 1
1804 217 1
1798 217 1
18 217 1
2747 217 1
821 217 1
581 217 1
2534 217 1
1683 217 1
3902 217 1
140 217 1
3618 217 1
3352 217 1
520 217 1
195 217 1
2493 217 1
521 217 1
254 217 1
4434 217 1
687 217 1
1388 217 1
99 217 1
205 217 1
1436 217 1
0 217 1
2126 217 1
1754 217 1
293 217 1
930 217 1
840 217 1
322 217 1
4685 217 1
167 217 1
1887 217 1
220 217 1
3375 217 1
1903 217 1
10 217 1
6 217 1
2526 217 1
840 217 1
13 217 1
976 217 1
1255 217 1
400 217 1
1613 217 1
1501 217 1
1371 217 1
1 217 1
4079 217 1
2592 217 1
1106 217 1
4007 217 1
28 217 1
3890 217 1
2114 217 1
2759 217 1
95 217 1
2474 217 1
1795 217 1
34 217 1
2979 217 1
46 217 1
2516 217 1
30 217 1
28 217 1
3779 217 1
70 217 1
4393 217 1
792 217 1
0 217 1
4253 217 1
2001 217 1
106 217 1
24 217 1
540 217 1
2595 217 1
4676 217 1
686 217 1
4727 217 1
19 217 1
820 217 1
2 217 1
349 217 1
214 217 1
1786 217 1
6 217 1
721 217 1
1512 217 1
146 217 1
4700 217 1
300 217 1
2271 217 1
860 217 1
186 217 1
2072 217 1
20 217 1
1778 217 1
602 217 1
398 217 1
3345 217 1
1399 217 1
419 217 1
4528 217 1
187 217 1
1593 217 1
80 217 1
502 217 1
112 217 1
1003 217 1
8 217 1
294 217 1
89 217 1
2588 217 1
486 217 1
144 217 1
1866 217 1
4248 217 1
572 217 1
96 217 1
3876 217 1
882 217 1
483 217 1
4606 217 1
3330 217 1
4569 217 1
699 217 1
6 217 1
2085 217 1
4864 217 1
1517 217 1
66 217 1
597 217 1
1111 217 1
482 217 1
686 217 1
3061 217 1
1228 217 1
723 217 1
435 217 1
2728 217 1
2777 217 1
1113 217 1
39 217 1
4658 217 1
3589 217 1
963 217 1
143 217 1
4009 217 1
180 217 1
3940 217 1
50 217 1
978 217 1
1791 217 1
1401 217 1
559 217 1
2040 217 1
2727 217 1
2595 217 1
374 217 1
1278 217 1
1615 217 1
2918 217 1
1343 217 1
43 217 1
2481 217 1
2741 217 1
4138 217 1
493 217 1
3495 217 1
287 217 1
147 217 1
68 217 1
2988 217 1
14 217 1
3264 217 1
117 217 1
313 217 1
3265 217 1
4101 217 1
3683 217 1
1696 217 1
193 217 1
1295 217 1
1393 217 1
4979 217 1
227 217 1
1600 217 1
1371 217 1
868 217 1
63 217 1
3754 217 1
191 217 1
1496 217 1
1333 217 1
432 217 1
4062 217 1
2533 217 1
1189 217 1
2845 217 1
76 217 1
3144 217 1
1617 217 1
1595 217 1
32 217 1
99 217 1
33 217 1
612 217 1
4343 217 1
4040 217 1
98 217 1
1474 217 1
2065 217 1
552 217 1
2585 217 1
2777 217 1
1095 217 1
2030 218 1
1562 218 1
1266 218 1
27 218 1
874 218 1
73 218 1
599 218 1
2472 218 1
563 218 1
1443 218 1
3164 218 1
1816 218 1
975 218 1
808 218 1
51 218 1
106 218 1
161 218 1
992 218 1
2802 218 1
128 218 1
2567 218 1
2417 218 1
2559 218 1
4084 218 1
96 218 1
945 218 1
4840 218 1
1392 218 1
1061 218 1
2145 218 1
2260 218 1
1516 218 1
1622 218 1
231 218 1
4537 218 1
336 218 1
4009 218 1
1233 218 1
25 218 1
385 218 1
1626 218 1
436 218 1
563 218 1
819 218 1
590 218 1
528 218 1
4201 218 1
3848 218 1
1354 218 1
946 218 1
865 218 1
1223 218 1
1235 218 1
34 218 1
312 218 1
3264 218 1
1412 218 1
3289 218 1
2935 218 1
698 218 1
4676 218 1
745 218 1
2226 218 1
850 218 1
2305 218 1
2827 218 1
968 218 1
2891 218 1
4819 218 1
4089 218 1
40 218 1
1247 218 1
12 218 1
1943 218 1
476 218 1
870 218 1
2307 218 1
0 218 1
32 218 1
1040 218 1
3074 218 1
4156 218 1
1325 218 1
1025 218 1
1565 218 1
1 218 1
622 218 1
50 218 1
3851 218 1
2912 218 1
2112 218 1
4230 218 1
457 218 1
353 218 1
10 218 1
717 218 1
4493 218 1
3018 218 1
2418 218 1
3930 218 1
360 218 1
128 218 1
548 218 1
5 218 1
1699 218 1
1942 218 1
1572 218 1
425 218 1
3147 218 1
30 218 1
1207 218 1
1312 218 1
267 218 1
2041 218 1
3818 218 1
3897 218 1
2215 218 1
53 218 1
1310 218 1
1602 218 1
250 218 1
42 218 1
1849 218 1
4017 218 1
4466 218 1
3057 218 1
237 218 1
1702 218 1
618 218 1
9 218 1
898 218 1
1068 218 1
123 218 1
3580 218 1
304 218 1
1883 218 1
4414 218 1
2164 218 1
1090 218 1
3247 218 1
3381 218 1
1412 218 1
828 218 1
68 218 1
301 218 1
63 218 1
1392 218 1
1670 218 1
4325 218 1
3924 218 1
518 218 1
2295 218 1
250 218 1
2440 218 1
716 218 1
1216 218 1
442 218 1
3287 218 1
1396 218 1
594 218 1
698 218 1
2232 218 1
1406 218 1
3207 218 1
667 218 1
42 218 1
95 218 1
244 218 1
844 218 1
1862 218 1
98 218 1
2929 218 1
1044 218 1
2208 218 1
1052 218 1
153 218 1
499 218 1
3340 218 1
3346 218 1
2527 218 1
3145 218 1
1949 218 1
2361 218 1
895 218 1
2297 218 1
886 218 1
229 218 1
4033 218 1
2428 218 1
639 218 1
1525 218 1
385 218 1
721 218 1
3243 218 1
635 218 1
2019 218 1
2182 218 1
4800 218 1
1858 218 1
1011 218 1
4944 218 1
4988 218 1
397 218 1
577 218 1
467 218 1
513 218 1
1935 218 1
3696 218 1
513 218 1
327 218 1
847 218 1
3598 218 1
3650 218 1
772 218 1
395 218 1
638 218 1
14 218 1
354 218 1
2400 218 1
539 218 1
112 218 1
243 218 1
0 218 1
2160 218 1
3453 218 1
329 218 1
4322 218 1
479 218 1
936 218 1
27 218 1
1292 218 1
2138 218 1
4632 218 1
4216 218 1
2114 218 1
200 218 1
4 218 1
3368 218 1
712 218 1
268 218 1
0 218 1
2560 218 1
106 218 1
559 218 1
4950 218 1
119 218 1
9 218 1
37 218 1
3923 218 1
68 218 1
61 218 1
40 218 1
215 218 1
412 218 1
1638 218 1
404 218 1
8 218 1
557 218 1
216 218 1
18 218 1
3907 218 1
212 218 1
785 218 1
4386 218 1
590 218 1
368 218 1
37 218 1
1612 218 1
172 218 1
2986 218 1
4008 218 1
134 218 1
941 218 1
769 218 1
2606 218 1
0 218 1
3296 218 1
1206 218 1
785 218 1
887 218 1
4557 218 1
4118 218 1
336 218 1
3546 218 1
16 218 1
530 218 1
253 218 1
4680 218 1
259 218 1
183 218 1
307 218 1
247 218 1
964 218 1
992 218 1
4096 218 1
2306 218 1
994 218 1
49 218 1
6 218 1
238 218 1
18 218 1
4969 218 1
3625 218 1
303 218 1
1027 218 1
2328 218 1
184 218 1
2290 218 1
4948 218 1
100 218 1
4749 218 1
97 218 1
119 218 1
13 218 1
4473 218 1
1084 218 1
3708 218 1
2462 218 1
1488 218 1
3972 218 1
1758 218 1
212 218 1
68 218 1
659 218 1
204 218 1
56 218 1
420 218 1
3903 218 1
1411 218 1
332 218 1
501 218 1
3964 218 1
4878 218 1
1060 218 1
21 218 1
3820 218 1
1817 218 1
4376 218 1
841 218 1
661 218 1
3868 218 1
1887 218 1
172 218 1
0 218 1
2493 218 1
128 219 1
1939 219 1
2593 219 1
6 219 1
13 219 1
3117 219 1
485 219 1
3670 219 1
3208 219 1
625 219 1
1055 219 1
140 219 1
4506 219 1
3294 219 1
1271 219 1
75 219 1
1202 219 1
63 219 1
605 219 1
9 219 1
71 219 1
901 219 1
1912 219 1
2993 219 1
2633 219 1
2243 219 1
4246 219 1
400 219 1
1021 219 1
199 219 1
400 219 1
1489 219 1
4981 219 1
2922 219 1
2632 219 1
2021 219 1
4352 219 1
3976 219 1
279 219 1
510 219 1
13 219 1
3391 219 1
108 219 1
384 219 1
1378 219 1
205 219 1
1510 219 1
1041 219 1
92 219 1
972 219 1
201 219 1
1660 219 1
519 219 1
3606 219 1
95 219 1
3866 219 1
2008 219 1
1189 219 1
81 219 1
4244 219 1
2624 219 1
236 219 1
346 219 1
766 219 1
84 219 1
1913 219 1
3878 219 1
498 219 1
1260 219 1
657 219 1
3528 219 1
1920 219 1
9 219 1
1744 219 1
1284 219 1
1720 219 1
4312 219 1
3960 219 1
12 219 1
234 219 1
22 219 1
76 219 1
50 219 1
1391 219 1
2263 219 1
10 219 1
4190 219 1
2595 219 1
3337 219 1
27 219 1
425 219 1
1321 219 1
2709 219 1
559 219 1
8 219 1
4486 219 1
2775 219 1
1602 219 1
4783 219 1
4253 219 1
4095 219 1
619 219 1
62 219 1
320 219 1
2087 219 1
2373 219 1
2474 219 1
908 219 1
798 219 1
167 219 1
710 219 1
230 219 1
787 219 1
820 219 1
90 219 1
1100 219 1
2908 219 1
4410 219 1
2172 219 1
208 219 1
4943 219 1
3262 219 1
6 219 1
3459 219 1
2646 219 1
1181 219 1
633 219 1
0 219 1
2427 219 1
3963 219 1
593 219 1
4048 219 1
1400 219 1
413 219 1
1078 219 1
4169 219 1
2498 219 1
605 219 1
4060 219 1
2767 219 1
279 219 1
41 219 1
1800 219 1
3238 219 1
782 219 1
3287 219 1
865 219 1
2562 219 1
2826 219 1
559 219 1
4299 219 1
3142 219 1
2462 219 1
0 219 1
259 219 1
215 219 1
4551 219 1
1669 219 1
3304 219 1
3948 219 1
1952 219 1
377 219 1
392 219 1
449 219 1
331 219 1
2 219 1
1113 219 1
301 219 1
605 219 1
34 219 1
2467 219 1
291 219 1
103 219 1
91 219 1
636 219 1
598 219 1
11 219 1
3628 219 1
4202 219 1
1065 219 1
616 219 1
1468 219 1
2055 219 1
7 219 1
87 219 1
26 219 1
2082 219 1
2955 219 1
2649 219 1
1197 219 1
284 219 1
223 219 1
264 219 1
2 219 1
626 219 1
0 219 1
1038 219 1
1103 219 1
553 219 1
936 219 1
2299 219 1
256 219 1
10 219 1
999 219 1
461 219 1
915 219 1
849 219 1
4550 219 1
4163 219 1
2 219 1
17 219 1
946 219 1
1 219 1
390 219 1
901 219 1
2801 219 1
2 219 1
9 219 1
2414 219 1
72 219 1
1488 219 1
4713 219 1
4388 219 1
1611 219 1
80 219 1
1529 219 1
2736 219 1
2871 219 1
370 219 1
65 219 1
3400 219 1
1508 219 1
2186 219 1
1378 219 1
6 219 1
4260 219 1
13 219 1
2653 219 1
3809 219 1
1383 219 1
849 219 1
1458 219 1
636 219 1
3796 219 1
314 219 1
556 219 1
301 219 1
172 219 1
1128 219 1
2462 219 1
9 219 1
3209 219 1
3730 219 1
7 219 1
932 219 1
1990 219 1
30 219 1
95 219 1
3828 219 1
825 219 1
2436 219 1
1165 219 1
2801 219 1
4113 219 1
1098 219 1
3477 219 1
1 219 1
106 219 1
93 219 1
4495 219 1
21 219 1
1417 219 1
2599 219 1
200 219 1
435 219 1
84 219 1
16 219 1
711 219 1
626 219 1
1828 219 1
60 219 1
435 219 1
273 219 1
4810 219 1
726 219 1
4909 219 1
4733 219 1
1378 219 1
549 219 1
4235 219 1
446 219 1
108 219 1
4104 219 1
2021 219 1
2590 219 1
4326 219 1
2576 219 1
1561 219 1
4363 219 1
413 219 1
2274 219 1
1008 219 1
269 219 1
4094 219 1
20 219 1
1676 219 1
38 219 1
842 219 1
248 219 1
117 219 1
74 219 1
2056 219 1
330 219 1
3726 219 1
435 219 1
2341 219 1
134 219 1
815 219 1
4650 219 1
3106 219 1
971 219 1
119 219 1
3399 219 1
1340 219 1
2145 219 1
85 219 1
1036 219 1
1072 219 1
1828 219 1
3674 219 1
666 219 1
3481 219 1
398 219 1
209 219 1
3197 219 1
2030 219 1
1204 219 1
26 219 1
1720 219 1
987 219 1
892 219 1
2681 219 1
4805 219 1
3068 219 1
167 219 1
230 220 1
179 220 1
3540 220 1
3730 220 1
532 220 1
63 220 1
3054 220 1
1112 220 1
1457 220 1
633 220 1
174 220 1
2616 220 1
2855 220 1
381 220 1
2114 220 1
619 220 1
1480 220 1
1255 220 1
2117 220 1
147 220 1
0 220 1
2260 220 1
1321 220 1
548 220 1
42 220 1
2319 220 1
780 220 1
1481 220 1
115 220 1
3108 220 1
0 220 1
1754 220 1
747 220 1
17 220 1
951 220 1
4942 220 1
500 220 1
4560 220 1
3795 220 1
1316 220 1
721 220 1
4390 220 1
1647 220 1
1609 220 1
2556 220 1
1207 220 1
2911 220 1
4365 220 1
15 220 1
2795 220 1
2589 220 1
724 220 1
4502 220 1
4 220 1
959 220 1
2 220 1
149 220 1
2767 220 1
93 220 1
1735 220 1
553 220 1
2043 220 1
246 220 1
3383 220 1
122 220 1
367 220 1
4214 220 1
2278 220 1
5 220 1
4589 220 1
1083 220 1
1919 220 1
1073 220 1
219 220 1
160 220 1
2586 220 1
1150 220 1
1471 220 1
2784 220 1
1507 220 1
91 220 1
194 220 1
4338 220 1
0 220 1
1370 220 1
0 220 1
840 220 1
858 220 1
3107 220 1
383 220 1
1118 220 1
726 220 1
1632 220 1
23 220 1
25 220 1
2941 220 1
1664 220 1
2137 220 1
1908 220 1
3385 220 1
3980 220 1
87 220 1
428 220 1
1786 220 1
4068 220 1
703 220 1
639 220 1
2572 220 1
454 220 1
992 220 1
39 220 1
415 220 1
773 220 1
1070 220 1
3421 220 1
4978 220 1
433 220 1
718 220 1
2195 220 1
3229 220 1
2593 220 1
3665 220 1
1749 220 1
3796 220 1
4680 220 1
2693 220 1
1269 220 1
3902 220 1
2950 220 1
4022 220 1
1062 220 1
3141 220 1
2626 220 1
2758 220 1
2590 220 1
1947 220 1
91 220 1
664 220 1
4483 220 1
48 220 1
4719 220 1
638 220 1
492 220 1
1394 220 1
1717 220 1
19 220 1
4691 220 1
3118 220 1
1190 220 1
823 220 1
4797 220 1
693 220 1
132 220 1
1189 220 1
1548 220 1
1411 220 1
3269 220 1
3623 220 1
255 220 1
987 220 1
1914 220 1
4 220 1
1321 220 1
1303 220 1
1975 220 1
595 220 1
2192 220 1
190 220 1
2829 220 1
1121 220 1
81 220 1
1608 220 1
101 220 1
2 220 1
2920 220 1
2710 220 1
4571 220 1
406 220 1
3906 220 1
1151 220 1
1147 220 1
0 220 1
1324 220 1
3364 220 1
424 220 1
3884 220 1
2920 220 1
2058 220 1
395 220 1
477 220 1
2525 220 1
2715 220 1
2167 220 1
1181 220 1
2631 220 1
1083 220 1
1257 220 1
4844 220 1
3726 220 1
2614 220 1
214 220 1
71 220 1
85 220 1
47 220 1
1642 220 1
3225 220 1
4446 220 1
86 220 1
2374 220 1
2441 220 1
852 220 1
1277 220 1
932 220 1
801 220 1
6 220 1
1595 220 1
471 220 1
6 220 1
757 220 1
336 220 1
47 220 1
3847 220 1
2062 220 1
1030 220 1
1494 220 1
1729 220 1
1799 220 1
3461 220 1
632 220 1
1588 220 1
4751 220 1
3908 220 1
962 220 1
3877 220 1
1253 220 1
221 220 1
29 220 1
3902 220 1
709 220 1
3024 220 1
4313 220 1
9 220 1
3652 220 1
3844 220 1
26 220 1
33 220 1
4866 220 1
430 220 1
3432 220 1
633 220 1
751 220 1
221 220 1
606 220 1
944 220 1
584 220 1
1509 220 1
4291 220 1
145 220 1
4062 220 1
56 220 1
2492 220 1
300 220 1
4782 220 1
3909 220 1
886 220 1
24 220 1
2146 220 1
497 220 1
1280 220 1
3362 220 1
200 220 1
4721 220 1
1145 220 1
4512 220 1
815 220 1
812 220 1
466 220 1
959 220 1
4159 220 1
267 220 1
847 220 1
2074 220 1
4867 220 1
1730 220 1
254 220 1
2122 220 1
87 220 1
1021 220 1
2929 220 1
3142 220 1
2447 220 1
278 220 1
170 220 1
15 220 1
1867 220 1
3896 220 1
635 220 1
3325 220 1
803 220 1
3139 220 1
73 220 1
3788 220 1
121 220 1
1194 220 1
2418 220 1
29 220 1
3566 220 1
568 220 1
2591 220 1
239 220 1
4326 220 1
115 220 1
2074 220 1
2160 220 1
3143 220 1
3876 220 1
1283 220 1
151 220 1
122 220 1
641 220 1
119 220 1
120 220 1
2063 220 1
1934 220 1
3179 220 1
4855 220 1
4972 220 1
1082 220 1
915 220 1
2161 220 1
775 220 1
487 220 1
4849 220 1
0 220 1
3734 220 1
62 220 1
133 220 1
83 220 1
1790 220 1
1807 220 1
838 220 1
4307 220 1
3197 220 1
4484 220 1
2830 220 1
3915 221 1
7 221 1
2720 221 1
1090 221 1
1962 221 1
1639 221 1
69 221 1
27 221 1
2291 221 1
4392 221 1
13 221 1
2963 221 1
25 221 1
925 221 1
2781 221 1
4272 221 1
105 221 1
312 221 1
441 221 1
4947 221 1
679 221 1
1967 221 1
2834 221 1
597 221 1
2405 221 1
2162 221 1
1074 221 1
4227 221 1
2658 221 1
2249 221 1
5 221 1
2638 221 1
91 221 1
4009 221 1
2275 221 1
2119 221 1
57 221 1
2546 221 1
4580 221 1
1038 221 1
1193 221 1
579 221 1
2612 221 1
139 221 1
4773 221 1
558 221 1
3608 221 1
1360 221 1
2798 221 1
1731 221 1
24 221 1
403 221 1
1470 221 1
275 221 1
4444 221 1
3622 221 1
3506 221 1
1420 221 1
1088 221 1
64 221 1
2762 221 1
1482 221 1
1360 221 1
523 221 1
1911 221 1
1400 221 1
2858 221 1
1856 221 1
3030 221 1
0 221 1
441 221 1
1084 221 1
462 221 1
4763 221 1
3947 221 1
19 221 1
25 221 1
621 221 1
504 221 1
976 221 1
3977 221 1
1360 221 1
449 221 1
947 221 1
32 221 1
3210 221 1
81 221 1
3940 221 1
1366 221 1
400 221 1
1648 221 1
25 221 1
371 221 1
3310 221 1
340 221 1
4024 221 1
493 221 1
450 221 1
0 221 1
264 221 1
10 221 1
4113 221 1
2304 221 1
1778 221 1
963 221 1
414 221 1
58 221 1
1412 221 1
32 221 1
245 221 1
4346 221 1
203 221 1
2429 221 1
4645 221 1
2201 221 1
405 221 1
357 221 1
2016 221 1
2945 221 1
123 221 1
67 221 1
1869 221 1
1400 221 1
326 221 1
0 221 1
1562 221 1
113 221 1
3428 221 1
4479 221 1
2165 221 1
657 221 1
3419 221 1
2760 221 1
6 221 1
4802 221 1
3613 221 1
1678 221 1
191 221 1
4961 221 1
4008 221 1
1280 221 1
1555 221 1
3321 221 1
198 221 1
627 221 1
2220 221 1
30 221 1
855 221 1
687 221 1
1043 221 1
208 221 1
4933 221 1
208 221 1
4988 221 1
0 221 1
4841 221 1
2266 221 1
3203 221 1
4887 221 1
1131 221 1
1020 221 1
645 221 1
4404 221 1
1112 221 1
4722 221 1
141 221 1
926 221 1
206 221 1
4614 221 1
189 221 1
4611 221 1
757 221 1
197 221 1
2755 221 1
1799 221 1
0 221 1
1694 221 1
4482 221 1
442 221 1
4033 221 1
2936 221 1
1 221 1
2623 221 1
852 221 1
900 221 1
571 221 1
784 221 1
399 221 1
2831 221 1
1239 221 1
2895 221 1
2642 221 1
1204 221 1
7 221 1
2884 221 1
958 221 1
1543 221 1
41 221 1
33 221 1
975 221 1
1285 221 1
2446 221 1
1785 221 1
1949 221 1
2066 221 1
3362 221 1
0 221 1
3688 221 1
559 221 1
1258 221 1
951 221 1
1275 221 1
4328 221 1
44 221 1
908 221 1
3859 221 1
4393 221 1
3595 221 1
646 221 1
2401 221 1
1771 221 1
1939 221 1
1067 221 1
300 221 1
44 221 1
491 221 1
3653 221 1
833 221 1
1413 221 1
2957 221 1
4157 221 1
2013 221 1
76 221 1
803 221 1
4772 221 1
271 221 1
0 221 1
1605 221 1
3 221 1
3847 221 1
893 221 1
438 221 1
379 221 1
2812 221 1
54 221 1
4277 221 1
1167 221 1
3871 221 1
4741 221 1
87 221 1
1242 221 1
2080 221 1
40 221 1
4 221 1
605 221 1
14 221 1
23 221 1
945 221 1
2214 221 1
633 221 1
2065 221 1
18 221 1
4709 221 1
4448 221 1
885 221 1
465 221 1
1187 221 1
3306 221 1
1050 221 1
1988 221 1
2352 221 1
743 221 1
3290 221 1
23 221 1
4626 221 1
3825 221 1
1042 221 1
1371 221 1
20 221 1
4459 221 1
1633 221 1
2449 221 1
4145 221 1
126 221 1
1553 221 1
10 221 1
643 221 1
1225 221 1
2534 221 1
2776 221 1
450 221 1
3250 221 1
656 221 1
2732 221 1
2654 221 1
4421 221 1
361 221 1
11 221 1
7 221 1
132 221 1
1066 221 1
142 221 1
2108 221 1
711 221 1
33 221 1
3443 221 1
3943 221 1
2072 221 1
830 221 1
350 221 1
229 221 1
2454 221 1
3575 221 1
444 221 1
3940 221 1
255 221 1
2537 221 1
249 221 1
4039 221 1
2038 221 1
430 221 1
1645 221 1
3051 221 1
4011 221 1
1677 221 1
2813 221 1
718 221 1
2017 221 1
2839 221 1
1357 221 1
486 221 1
3551 221 1
370 221 1
424 221 1
1654 221 1
4972 221 1
3751 221 1
3868 221 1
2395 221 1
4873 221 1
1734 221 1
903 221 1
453 221 1
353 221 1
2920 221 1
2988 222 1
1659 222 1
2644 222 1
130 222 1
152 222 1
1138 222 1
866 222 1
1827 222 1
4491 222 1
1359 222 1
2309 222 1
0 222 1
1122 222 1
4054 222 1
2069 222 1
2623 222 1
247 222 1
40 222 1
630 222 1
1078 222 1
2205 222 1
2811 222 1
4133 222 1
1947 222 1
1723 222 1
4989 222 1
522 222 1
343 222 1
2298 222 1
476 222 1
4851 222 1
4734 222 1
826 222 1
109 222 1
874 222 1
902 222 1
53 222 1
497 222 1
1649 222 1
3264 222 1
3764 222 1
136 222 1
4172 222 1
600 222 1
3708 222 1
1905 222 1
3624 222 1
1385 222 1
135 222 1
230 222 1
599 222 1
748 222 1
103 222 1
149 222 1
3848 222 1
3643 222 1
151 222 1
686 222 1
555 222 1
2827 222 1
1602 222 1
2474 222 1
4031 222 1
1015 222 1
1200 222 1
4470 222 1
288 222 1
246 222 1
1154 222 1
1568 222 1
1276 222 1
31 222 1
1495 222 1
3543 222 1
939 222 1
473 222 1
101 222 1
29 222 1
576 222 1
1948 222 1
1911 222 1
902 222 1
4247 222 1
952 222 1
3403 222 1
4280 222 1
252 222 1
4804 222 1
96 222 1
3215 222 1
2685 222 1
112 222 1
938 222 1
4414 222 1
4031 222 1
831 222 1
3913 222 1
3616 222 1
1599 222 1
4683 222 1
519 222 1
3599 222 1
3482 222 1
4795 222 1
4 222 1
1796 222 1
3665 222 1
215 222 1
17 222 1
4447 222 1
1154 222 1
15 222 1
10 222 1
372 222 1
464 222 1
132 222 1
963 222 1
1310 222 1
784 222 1
2141 222 1
3550 222 1
716 222 1
712 222 1
3347 222 1
80 222 1
1348 222 1
2535 222 1
578 222 1
3005 222 1
495 222 1
263 222 1
15 222 1
2532 222 1
2337 222 1
685 222 1
471 222 1
2329 222 1
774 222 1
2196 222 1
7 222 1
1008 222 1
4544 222 1
3556 222 1
493 222 1
2462 222 1
1878 222 1
8 222 1
325 222 1
2766 222 1
381 222 1
618 222 1
994 222 1
1408 222 1
1975 222 1
1435 222 1
1424 222 1
810 222 1
1847 222 1
427 222 1
1037 222 1
740 222 1
1776 222 1
2376 222 1
3555 222 1
3034 222 1
4706 222 1
1722 222 1
3481 222 1
1755 222 1
2531 222 1
4470 222 1
42 222 1
3543 222 1
1624 222 1
2051 222 1
3693 222 1
4740 222 1
4376 222 1
460 222 1
4634 222 1
241 222 1
134 222 1
1120 222 1
1383 222 1
2528 222 1
2293 222 1
0 222 1
727 222 1
4962 222 1
2901 222 1
4171 222 1
4554 222 1
2048 222 1
4316 222 1
286 222 1
333 222 1
4251 222 1
666 222 1
1075 222 1
103 222 1
1637 222 1
3489 222 1
2910 222 1
289 222 1
187 222 1
4 222 1
163 222 1
949 222 1
1135 222 1
4849 222 1
2791 222 1
578 222 1
3794 222 1
1448 222 1
2740 222 1
905 222 1
108 222 1
4981 222 1
2379 222 1
3151 222 1
3532 222 1
1611 222 1
4419 222 1
535 222 1
2570 222 1
268 222 1
1580 222 1
121 222 1
187 222 1
4500 222 1
642 222 1
3529 222 1
4841 222 1
2871 222 1
4 222 1
4498 222 1
3056 222 1
2558 222 1
2694 222 1
1735 222 1
84 222 1
1781 222 1
890 222 1
1865 222 1
1728 222 1
90 222 1
0 222 1
202 222 1
3137 222 1
2916 222 1
4266 222 1
1031 222 1
116 222 1
3639 222 1
212 222 1
2573 222 1
1300 222 1
16 222 1
3 222 1
3803 222 1
80 222 1
327 222 1
133 222 1
1318 222 1
510 222 1
128 222 1
169 222 1
3540 222 1
1401 222 1
713 222 1
994 222 1
241 222 1
2338 222 1
2561 222 1
1579 222 1
3488 222 1
2779 222 1
2709 222 1
1576 222 1
2452 222 1
102 222 1
240 222 1
4046 222 1
1248 222 1
124 222 1
4295 222 1
1362 222 1
1839 222 1
976 222 1
1086 222 1
3203 222 1
1267 222 1
1891 222 1
3545 222 1
1010 222 1
1823 222 1
1491 222 1
1546 222 1
760 222 1
4045 222 1
1356 222 1
1893 222 1
2069 222 1
4359 222 1
194 222 1
214 222 1
646 222 1
4752 222 1
2082 222 1
239 222 1
1590 222 1
3 222 1
16 222 1
2568 222 1
274 222 1
182 222 1
1839 222 1
104 222 1
3500 222 1
3280 222 1
1984 222 1
3615 222 1
1088 222 1
2863 222 1
65 222 1
2811 222 1
1389 222 1
476 222 1
3694 222 1
4517 222 1
1057 222 1
165 222 1
0 222 1
510 222 1
779 222 1
674 222 1
1086 222 1
183 222 1
940 222 1
157 222 1
1416 222 1
1132 222 1
3674 222 1
677 222 1
3095 222 1
25 223 1
117 223 1
59 223 1
55 223 1
4062 223 1
199 223 1
1819 223 1
1749 223 1
504 223 1
3686 223 1
2907 223 1
1374 223 1
2127 223 1
830 223 1
476 223 1
2800 223 1
3573 223 1
291 223 1
141 223 1
2961 223 1
3055 223 1
80 223 1
1376 223 1
3970 223 1
350 223 1
4201 223 1
839 223 1
282 223 1
6 223 1
67 223 1
281 223 1
1071 223 1
3253 223 1
864 223 1
719 223 1
2568 223 1
2010 223 1
4119 223 1
147 223 1
1940 223 1
3224 223 1
248 223 1
2489 223 1
1884 223 1
4435 223 1
4305 223 1
4221 223 1
150 223 1
2279 223 1
1422 223 1
4948 223 1
1220 223 1
15 223 1
2613 223 1
3866 223 1
586 223 1
518 223 1
3436 223 1
54 223 1
961 223 1
15 223 1
1486 223 1
351 223 1
3229 223 1
1045 223 1
665 223 1
2229 223 1
1259 223 1
136 223 1
3349 223 1
94 223 1
2485 223 1
3766 223 1
4794 223 1
620 223 1
278 223 1
558 223 1
158 223 1
1251 223 1
420 223 1
365 223 1
39 223 1
2165 223 1
3771 223 1
461 223 1
4664 223 1
410 223 1
3969 223 1
2242 223 1
2069 223 1
852 223 1
1102 223 1
1075 223 1
1264 223 1
1007 223 1
2454 223 1
2193 223 1
2966 223 1
1975 223 1
2616 223 1
950 223 1
98 223 1
913 223 1
4005 223 1
678 223 1
3388 223 1
1834 223 1
2796 223 1
1169 223 1
2309 223 1
4400 223 1
942 223 1
3515 223 1
1969 223 1
176 223 1
1550 223 1
3670 223 1
4859 223 1
2167 223 1
419 223 1
541 223 1
3388 223 1
94 223 1
1655 223 1
4592 223 1
896 223 1
2080 223 1
234 223 1
627 223 1
4861 223 1
890 223 1
1927 223 1
895 223 1
3165 223 1
512 223 1
1707 223 1
415 223 1
3783 223 1
1450 223 1
889 223 1
29 223 1
107 223 1
1089 223 1
1227 223 1
696 223 1
1517 223 1
10 223 1
45 223 1
658 223 1
437 223 1
3618 223 1
160 223 1
77 223 1
3601 223 1
1759 223 1
3444 223 1
1494 223 1
1255 223 1
741 223 1
399 223 1
0 223 1
3823 223 1
1282 223 1
1162 223 1
1995 223 1
206 223 1
3161 223 1
183 223 1
2329 223 1
2316 223 1
1757 223 1
4921 223 1
603 223 1
153 223 1
1 223 1
468 223 1
2289 223 1
637 223 1
322 223 1
2464 223 1
1984 223 1
308 223 1
82 223 1
151 223 1
831 223 1
719 223 1
2639 223 1
41 223 1
2833 223 1
1377 223 1
1343 223 1
3510 223 1
4523 223 1
2311 223 1
26 223 1
389 223 1
129 223 1
778 223 1
15 223 1
1948 223 1
64 223 1
2983 223 1
2438 223 1
1271 223 1
4160 223 1
173 223 1
1162 223 1
3746 223 1
1105 223 1
1274 223 1
1756 223 1
899 223 1
1766 223 1
443 223 1
2265 223 1
529 223 1
771 223 1
3541 223 1
213 223 1
2678 223 1
3023 223 1
4186 223 1
4698 223 1
23 223 1
400 223 1
194 223 1
3750 223 1
411 223 1
4718 223 1
5 223 1
353 223 1
822 223 1
1841 223 1
834 223 1
3850 223 1
344 223 1
235 223 1
530 223 1
2851 223 1
308 223 1
4749 223 1
4343 223 1
771 223 1
1003 223 1
285 223 1
4279 223 1
1046 223 1
142 223 1
460 223 1
138 223 1
910 223 1
3249 223 1
289 223 1
546 223 1
701 223 1
153 223 1
3916 223 1
113 223 1
77 223 1
3455 223 1
3866 223 1
1305 223 1
124 223 1
662 223 1
56 223 1
1304 223 1
1001 223 1
1638 223 1
91 223 1
1389 223 1
4270 223 1
62 223 1
256 223 1
458 223 1
721 223 1
5 223 1
48 223 1
3283 223 1
231 223 1
4410 223 1
48 223 1
1883 223 1
602 223 1
323 223 1
133 223 1
854 223 1
988 223 1
482 223 1
2418 223 1
323 223 1
690 223 1
0 223 1
473 223 1
392 223 1
4604 223 1
560 223 1
2106 223 1
897 223 1
1992 223 1
2326 223 1
5 223 1
89 223 1
1409 223 1
1389 223 1
834 223 1
896 223 1
459 223 1
140 223 1
3859 223 1
1097 223 1
132 223 1
10 223 1
2297 223 1
2397 223 1
1878 223 1
3852 223 1
1834 223 1
369 223 1
466 223 1
2861 223 1
1310 223 1
5 223 1
3536 223 1
1365 223 1
970 223 1
1731 223 1
2631 223 1
157 223 1
1649 223 1
334 223 1
225 223 1
183 223 1
2139 223 1
799 223 1
2428 223 1
6 223 1
1473 223 1
390 223 1
1038 223 1
801 223 1
608 223 1
3835 223 1
861 223 1
1497 223 1
4977 223 1
460 224 1
1990 224 1
1 224 1
82 224 1
27 224 1
3211 224 1
300 224 1
3158 224 1
3836 224 1
546 224 1
483 224 1
839 224 1
4355 224 1
4580 224 1
1248 224 1
4924 224 1
2048 224 1
3980 224 1
4438 224 1
2772 224 1
736 224 1
82 224 1
1101 224 1
169 224 1
1477 224 1
3556 224 1
1249 224 1
4282 224 1
803 224 1
662 224 1
2873 224 1
118 224 1
2855 224 1
121 224 1
684 224 1
3883 224 1
1497 224 1
4862 224 1
1032 224 1
15 224 1
685 224 1
234 224 1
515 224 1
781 224 1
3 224 1
572 224 1
1776 224 1
69 224 1
222 224 1
292 224 1
188 224 1
470 224 1
1890 224 1
1096 224 1
994 224 1
714 224 1
10 224 1
4678 224 1
1922 224 1
549 224 1
124 224 1
4774 224 1
3587 224 1
1591 224 1
39 224 1
643 224 1
1945 224 1
2254 224 1
638 224 1
1490 224 1
4045 224 1
54 224 1
908 224 1
2710 224 1
1236 224 1
1572 224 1
1513 224 1
574 224 1
8 224 1
1266 224 1
66 224 1
4937 224 1
2614 224 1
144 224 1
2387 224 1
1760 224 1
837 224 1
781 224 1
14 224 1
118 224 1
1734 224 1
2694 224 1
3003 224 1
1642 224 1
37 224 1
364 224 1
3 224 1
934 224 1
3378 224 1
231 224 1
735 224 1
4459 224 1
18 224 1
10 224 1
133 224 1
3376 224 1
1783 224 1
460 224 1
2718 224 1
1807 224 1
2439 224 1
2733 224 1
3149 224 1
689 224 1
561 224 1
1024 224 1
32 224 1
1200 224 1
4239 224 1
1558 224 1
66 224 1
1120 224 1
42 224 1
1100 224 1
1351 224 1
135 224 1
1033 224 1
600 224 1
133 224 1
2106 224 1
10 224 1
2302 224 1
2376 224 1
390 224 1
29 224 1
1990 224 1
8 224 1
4839 224 1
1506 224 1
243 224 1
2265 224 1
1125 224 1
4796 224 1
1121 224 1
558 224 1
501 224 1
1676 224 1
3074 224 1
1401 224 1
1101 224 1
3309 224 1
1312 224 1
1544 224 1
2461 224 1
13 224 1
2618 224 1
1207 224 1
2173 224 1
145 224 1
2656 224 1
2645 224 1
1566 224 1
8 224 1
2826 224 1
3329 224 1
1118 224 1
3239 224 1
116 224 1
609 224 1
2854 224 1
2186 224 1
1137 224 1
261 224 1
1471 224 1
1577 224 1
291 224 1
3298 224 1
1084 224 1
2162 224 1
2128 224 1
4 224 1
3177 224 1
553 224 1
4647 224 1
799 224 1
3601 224 1
918 224 1
23 224 1
4398 224 1
2034 224 1
262 224 1
1481 224 1
775 224 1
1573 224 1
1353 224 1
118 224 1
289 224 1
4507 224 1
1777 224 1
4843 224 1
3720 224 1
3734 224 1
4223 224 1
2622 224 1
2325 224 1
2163 224 1
1751 224 1
1726 224 1
1088 224 1
2868 224 1
50 224 1
1793 224 1
223 224 1
3675 224 1
4729 224 1
599 224 1
6 224 1
380 224 1
980 224 1
3411 224 1
633 224 1
5 224 1
3140 224 1
676 224 1
4862 224 1
2570 224 1
4121 224 1
35 224 1
26 224 1
4636 224 1
663 224 1
516 224 1
4658 224 1
2065 224 1
1401 224 1
16 224 1
706 224 1
4123 224 1
230 224 1
3751 224 1
2444 224 1
3993 224 1
644 224 1
4326 224 1
1280 224 1
172 224 1
674 224 1
716 224 1
336 224 1
2 224 1
9 224 1
1858 224 1
3982 224 1
633 224 1
916 224 1
3655 224 1
4232 224 1
865 224 1
199 224 1
63 224 1
3400 224 1
3025 224 1
575 224 1
20 224 1
283 224 1
4618 224 1
3699 224 1
25 224 1
71 224 1
4626 224 1
609 224 1
793 224 1
30 224 1
367 224 1
210 224 1
1266 224 1
555 224 1
3768 224 1
276 224 1
465 224 1
3452 224 1
284 224 1
89 224 1
24 224 1
209 224 1
7 224 1
1813 224 1
4328 224 1
221 224 1
4096 224 1
10 224 1
4611 224 1
3517 224 1
988 224 1
388 224 1
121 224 1
1417 224 1
3757 224 1
0 224 1
4110 224 1
1108 224 1
980 224 1
4983 224 1
3651 224 1
276 224 1
787 224 1
1065 224 1
730 224 1
1137 224 1
1537 224 1
1751 224 1
28 224 1
116 224 1
538 224 1
2418 224 1
1310 224 1
1258 224 1
943 224 1
1856 224 1
7 224 1
2394 224 1
1668 224 1
242 224 1
2704 224 1
4561 224 1
3845 224 1
1347 224 1
951 224 1
120 224 1
1428 224 1
4700 224 1
717 224 1
772 224 1
2889 224 1
29 224 1
1 224 1
7 224 1
2314 224 1
3283 224 1
2421 224 1
8 224 1
418 224 1
289 224 1
57 224 1
3553 224 1
1215 225 1
144 225 1
363 225 1
345 225 1
418 225 1
664 225 1
1712 225 1
228 225 1
4808 225 1
401 225 1
246 225 1
836 225 1
342 225 1
160 225 1
3644 225 1
3882 225 1
6 225 1
1235 225 1
2038 225 1
0 225 1
56 225 1
2401 225 1
743 225 1
1 225 1
394 225 1
251 225 1
22 225 1
13 225 1
526 225 1
3002 225 1
2139 225 1
110 225 1
31 225 1
34 225 1
225 225 1
711 225 1
2230 225 1
1 225 1
245 225 1
1235 225 1
82 225 1
22 225 1
3217 225 1
2801 225 1
808 225 1
1955 225 1
2381 225 1
2255 225 1
2244 225 1
16 225 1
790 225 1
1414 225 1
686 225 1
518 225 1
1322 225 1
898 225 1
232 225 1
261 225 1
112 225 1
3 225 1
1988 225 1
1819 225 1
3978 225 1
47 225 1
275 225 1
3836 225 1
235 225 1
1182 225 1
1018 225 1
3 225 1
0 225 1
1556 225 1
313 225 1
10 225 1
2818 225 1
1707 225 1
382 225 1
4504 225 1
1992 225 1
2937 225 1
4237 225 1
4342 225 1
4206 225 1
4184 225 1
2496 225 1
4828 225 1
4378 225 1
2743 225 1
2030 225 1
1077 225 1
170 225 1
1446 225 1
445 225 1
259 225 1
1548 225 1
1669 225 1
731 225 1
194 225 1
2345 225 1
1336 225 1
4543 225 1
764 225 1
360 225 1
11 225 1
2267 225 1
2909 225 1
4530 225 1
891 225 1
189 225 1
52 225 1
3414 225 1
4151 225 1
3159 225 1
74 225 1
472 225 1
4718 225 1
4940 225 1
2 225 1
203 225 1
152 225 1
154 225 1
688 225 1
1399 225 1
1512 225 1
1294 225 1
1100 225 1
159 225 1
402 225 1
2363 225 1
4681 225 1
3073 225 1
4683 225 1
4860 225 1
912 225 1
1878 225 1
3791 225 1
1191 225 1
1152 225 1
1259 225 1
1016 225 1
61 225 1
1004 225 1
819 225 1
1300 225 1
4959 225 1
1082 225 1
4460 225 1
1264 225 1
1484 225 1
213 225 1
3 225 1
4866 225 1
2741 225 1
73 225 1
104 225 1
531 225 1
807 225 1
0 225 1
191 225 1
2124 225 1
846 225 1
1309 225 1
1235 225 1
747 225 1
560 225 1
395 225 1
1511 225 1
1126 225 1
4202 225 1
23 225 1
864 225 1
4878 225 1
3714 225 1
268 225 1
57 225 1
3642 225 1
780 225 1
625 225 1
4691 225 1
10 225 1
1540 225 1
2143 225 1
21 225 1
3274 225 1
1442 225 1
2322 225 1
4123 225 1
644 225 1
1994 225 1
877 225 1
3584 225 1
4879 225 1
4 225 1
931 225 1
2176 225 1
1301 225 1
313 225 1
3444 225 1
2262 225 1
162 225 1
4829 225 1
1209 225 1
3850 225 1
3271 225 1
60 225 1
313 225 1
122 225 1
7 225 1
3630 225 1
4269 225 1
1523 225 1
145 225 1
43 225 1
2590 225 1
846 225 1
4852 225 1
471 225 1
4849 225 1
416 225 1
461 225 1
3205 225 1
1452 225 1
2761 225 1
448 225 1
3013 225 1
4906 225 1
889 225 1
585 225 1
1687 225 1
1208 225 1
715 225 1
2178 225 1
3664 225 1
2880 225 1
48 225 1
2786 225 1
263 225 1
1726 225 1
22 225 1
3593 225 1
214 225 1
4148 225 1
1069 225 1
75 225 1
1 225 1
1162 225 1
3643 225 1
2627 225 1
3152 225 1
3423 225 1
409 225 1
4719 225 1
3087 225 1
1632 225 1
112 225 1
3509 225 1
375 225 1
1389 225 1
1397 225 1
1278 225 1
1379 225 1
1275 225 1
1663 225 1
4113 225 1
220 225 1
4 225 1
1566 225 1
1504 225 1
651 225 1
2923 225 1
582 225 1
381 225 1
3172 225 1
129 225 1
2401 225 1
270 225 1
1331 225 1
130 225 1
4781 225 1
498 225 1
4135 225 1
2308 225 1
3 225 1
1238 225 1
3859 225 1
1195 225 1
231 225 1
3653 225 1
2998 225 1
3911 225 1
194 225 1
2598 225 1
1246 225 1
2804 225 1
502 225 1
4814 225 1
742 225 1
2205 225 1
17 225 1
4423 225 1
5 225 1
3647 225 1
1005 225 1
2412 225 1
4549 225 1
17 225 1
116 225 1
4856 225 1
1865 225 1
1653 225 1
581 225 1
855 225 1
2921 225 1
216 225 1
1165 225 1
229 225 1
3933 225 1
1 225 1
4602 225 1
990 225 1
3641 225 1
22 225 1
0 225 1
416 225 1
678 225 1
3427 225 1
1124 225 1
4639 225 1
704 225 1
1164 225 1
2049 225 1
2207 225 1
3058 225 1
250 225 1
2925 225 1
772 225 1
1134 225 1
3950 225 1
1366 225 1
440 225 1
822 225 1
50 225 1
4333 225 1
296 225 1
1438 225 1
3698 226 1
123 226 1
2047 226 1
2477 226 1
2449 226 1
2363 226 1
1636 226 1
160 226 1
1696 226 1
1501 226 1
4231 226 1
1711 226 1
68 226 1
2612 226 1
254 226 1
2162 226 1
1480 226 1
3841 226 1
62 226 1
27 226 1
43 226 1
2712 226 1
9 226 1
37 226 1
498 226 1
4916 226 1
23 226 1
2518 226 1
10 226 1
0 226 1
2391 226 1
316 226 1
68 226 1
1770 226 1
969 226 1
2720 226 1
4895 226 1
474 226 1
2068 226 1
1298 226 1
2856 226 1
811 226 1
7 226 1
3412 226 1
1438 226 1
4513 226 1
4769 226 1
5 226 1
3601 226 1
433 226 1
2675 226 1
696 226 1
1479 226 1
1045 226 1
3392 226 1
183 226 1
0 226 1
2911 226 1
8 226 1
234 226 1
3422 226 1
160 226 1
744 226 1
149 226 1
406 226 1
865 226 1
315 226 1
352 226 1
342 226 1
2558 226 1
1170 226 1
3389 226 1
4293 226 1
3216 226 1
47 226 1
228 226 1
4938 226 1
863 226 1
0 226 1
3219 226 1
2552 226 1
3 226 1
102 226 1
3508 226 1
378 226 1
24 226 1
3641 226 1
103 226 1
526 226 1
18 226 1
2880 226 1
847 226 1
3984 226 1
489 226 1
80 226 1
2220 226 1
4794 226 1
3745 226 1
45 226 1
2173 226 1
1260 226 1
2159 226 1
2784 226 1
2520 226 1
586 226 1
1440 226 1
766 226 1
3320 226 1
3504 226 1
327 226 1
1750 226 1
2245 226 1
3635 226 1
912 226 1
1341 226 1
350 226 1
1040 226 1
468 226 1
1377 226 1
1040 226 1
1958 226 1
3148 226 1
3435 226 1
1366 226 1
761 226 1
1084 226 1
894 226 1
3503 226 1
1163 226 1
3823 226 1
3927 226 1
384 226 1
83 226 1
327 226 1
4438 226 1
4172 226 1
1206 226 1
2716 226 1
4350 226 1
3897 226 1
1021 226 1
94 226 1
1545 226 1
903 226 1
2190 226 1
1058 226 1
3168 226 1
4811 226 1
809 226 1
1045 226 1
0 226 1
2913 226 1
3736 226 1
3021 226 1
1684 226 1
3102 226 1
1153 226 1
452 226 1
1120 226 1
982 226 1
4213 226 1
1913 226 1
418 226 1
1319 226 1
47 226 1
2653 226 1
2796 226 1
1427 226 1
60 226 1
1256 226 1
3408 226 1
583 226 1
152 226 1
991 226 1
1144 226 1
532 226 1
983 226 1
3121 226 1
2047 226 1
47 226 1
2468 226 1
3207 226 1
1 226 1
294 226 1
1721 226 1
2753 226 1
1452 226 1
6 226 1
166 226 1
4900 226 1
4674 226 1
4233 226 1
2592 226 1
813 226 1
474 226 1
641 226 1
70 226 1
1507 226 1
2211 226 1
194 226 1
4804 226 1
1378 226 1
145 226 1
4396 226 1
416 226 1
18 226 1
4984 226 1
1054 226 1
4340 226 1
372 226 1
3637 226 1
2467 226 1
276 226 1
153 226 1
780 226 1
72 226 1
208 226 1
682 226 1
285 226 1
875 226 1
4101 226 1
740 226 1
400 226 1
191 226 1
3259 226 1
1635 226 1
2485 226 1
39 226 1
3544 226 1
0 226 1
1059 226 1
653 226 1
695 226 1
1521 226 1
3338 226 1
318 226 1
2748 226 1
204 226 1
396 226 1
3649 226 1
4825 226 1
813 226 1
3418 226 1
338 226 1
374 226 1
1444 226 1
1981 226 1
189 226 1
3441 226 1
3465 226 1
1654 226 1
4740 226 1
1160 226 1
2160 226 1
10 226 1
983 226 1
3331 226 1
3842 226 1
839 226 1
2929 226 1
3142 226 1
4978 226 1
1073 226 1
1136 226 1
1537 226 1
2 226 1
359 226 1
1651 226 1
2969 226 1
2828 226 1
3101 226 1
853 226 1
441 226 1
717 226 1
3043 226 1
499 226 1
671 226 1
4437 226 1
4728 226 1
102 226 1
4237 226 1
2663 226 1
3191 226 1
2635 226 1
1479 226 1
4497 226 1
164 226 1
4254 226 1
3801 226 1
943 226 1
1732 226 1
4916 226 1
4426 226 1
1224 226 1
2627 226 1
1241 226 1
867 226 1
75 226 1
2786 226 1
620 226 1
8 226 1
551 226 1
255 226 1
804 226 1
4252 226 1
3385 226 1
4831 226 1
2693 226 1
4115 226 1
4717 226 1
97 226 1
1952 226 1
0 226 1
2690 226 1
3532 226 1
2175 226 1
1069 226 1
2 226 1
1017 226 1
488 226 1
3019 226 1
3836 226 1
1928 226 1
852 226 1
1578 226 1
835 226 1
2082 226 1
2642 226 1
4822 226 1
4563 226 1
3331 226 1
583 226 1
4398 226 1
1364 226 1
4 226 1
261 226 1
3 226 1
4565 226 1
133 226 1
453 226 1
2232 226 1
1029 226 1
13 226 1
1130 226 1
340 226 1
2998 227 1
145 227 1
1216 227 1
3689 227 1
2884 227 1
976 227 1
2458 227 1
1475 227 1
213 227 1
85 227 1
4413 227 1
290 227 1
4427 227 1
3035 227 1
2059 227 1
272 227 1
926 227 1
69 227 1
2756 227 1
2846 227 1
1697 227 1
161 227 1
341 227 1
256 227 1
457 227 1
4851 227 1
3757 227 1
2093 227 1
2073 227 1
441 227 1
4982 227 1
4434 227 1
57 227 1
3479 227 1
11 227 1
4795 227 1
4542 227 1
2872 227 1
3656 227 1
204 227 1
636 227 1
1901 227 1
353 227 1
2832 227 1
4103 227 1
43 227 1
2131 227 1
624 227 1
256 227 1
2585 227 1
898 227 1
1631 227 1
2020 227 1
216 227 1
23 227 1
2500 227 1
2476 227 1
1373 227 1
137 227 1
4504 227 1
35 227 1
412 227 1
3751 227 1
2408 227 1
1825 227 1
4904 227 1
3 227 1
3445 227 1
242 227 1
110 227 1
4181 227 1
1057 227 1
201 227 1
2385 227 1
1296 227 1
638 227 1
526 227 1
1084 227 1
1069 227 1
47 227 1
714 227 1
4551 227 1
2121 227 1
4352 227 1
4665 227 1
2475 227 1
4350 227 1
349 227 1
2396 227 1
85 227 1
98 227 1
433 227 1
46 227 1
601 227 1
589 227 1
2281 227 1
2990 227 1
4941 227 1
0 227 1
74 227 1
309 227 1
121 227 1
2978 227 1
4255 227 1
1071 227 1
953 227 1
132 227 1
2116 227 1
175 227 1
470 227 1
789 227 1
101 227 1
3422 227 1
3887 227 1
1559 227 1
3895 227 1
2901 227 1
4189 227 1
1056 227 1
1670 227 1
3151 227 1
1404 227 1
2018 227 1
336 227 1
811 227 1
205 227 1
45 227 1
310 227 1
612 227 1
620 227 1
2535 227 1
221 227 1
3808 227 1
3745 227 1
331 227 1
1294 227 1
3908 227 1
1740 227 1
3030 227 1
2186 227 1
2983 227 1
4593 227 1
86 227 1
205 227 1
186 227 1
3884 227 1
4850 227 1
2695 227 1
0 227 1
4560 227 1
2271 227 1
3522 227 1
179 227 1
116 227 1
623 227 1
2221 227 1
3387 227 1
1705 227 1
4 227 1
2414 227 1
1515 227 1
3933 227 1
74 227 1
2354 227 1
3769 227 1
91 227 1
8 227 1
2407 227 1
2853 227 1
53 227 1
0 227 1
2262 227 1
3 227 1
646 227 1
1995 227 1
2956 227 1
4068 227 1
246 227 1
1037 227 1
319 227 1
89 227 1
760 227 1
129 227 1
2409 227 1
101 227 1
4738 227 1
119 227 1
5 227 1
2885 227 1
6 227 1
3651 227 1
2711 227 1
1562 227 1
4574 227 1
528 227 1
165 227 1
4236 227 1
4837 227 1
3779 227 1
2719 227 1
468 227 1
3833 227 1
191 227 1
76 227 1
28 227 1
111 227 1
2265 227 1
2088 227 1
692 227 1
577 227 1
1018 227 1
3106 227 1
2574 227 1
877 227 1
2169 227 1
50 227 1
78 227 1
2583 227 1
423 227 1
3512 227 1
3973 227 1
2 227 1
843 227 1
908 227 1
219 227 1
2619 227 1
2838 227 1
2820 227 1
148 227 1
1666 227 1
1999 227 1
717 227 1
375 227 1
716 227 1
55 227 1
195 227 1
4621 227 1
3323 227 1
234 227 1
4705 227 1
547 227 1
89 227 1
975 227 1
1213 227 1
234 227 1
3200 227 1
111 227 1
2666 227 1
4899 227 1
3765 227 1
2801 227 1
361 227 1
1426 227 1
2842 227 1
174 227 1
2 227 1
385 227 1
1041 227 1
707 227 1
926 227 1
1762 227 1
2448 227 1
4724 227 1
28 227 1
63 227 1
261 227 1
1487 227 1
10 227 1
2318 227 1
1567 227 1
49 227 1
1751 227 1
587 227 1
512 227 1
3267 227 1
1674 227 1
4739 227 1
202 227 1
1634 227 1
3975 227 1
2948 227 1
35 227 1
2650 227 1
319 227 1
164 227 1
1428 227 1
3929 227 1
2494 227 1
1752 227 1
803 227 1
0 227 1
4920 227 1
2903 227 1
3888 227 1
2283 227 1
2793 227 1
1309 227 1
1816 227 1
109 227 1
71 227 1
1071 227 1
224 227 1
3786 227 1
2420 227 1
3570 227 1
1334 227 1
56 227 1
302 227 1
507 227 1
225 227 1
21 227 1
4130 227 1
257 227 1
4598 227 1
1379 227 1
3551 227 1
630 227 1
232 227 1
30 227 1
122 227 1
2854 227 1
1769 227 1
889 227 1
2627 227 1
767 227 1
3841 227 1
785 227 1
2474 227 1
275 227 1
4505 227 1
3249 227 1
3309 227 1
324 227 1
3407 227 1
317 227 1
43 227 1
168 227 1
2175 227 1
1391 227 1
1382 227 1
35 227 1
35 227 1
2484 227 1
70 227 1
339 227 1
2132 228 1
22 228 1
4050 228 1
16 228 1
1281 228 1
4347 228 1
4015 228 1
1240 228 1
34 228 1
113 228 1
159 228 1
467 228 1
480 228 1
1 228 1
473 228 1
364 228 1
11 228 1
3477 228 1
3574 228 1
4380 228 1
258 228 1
2402 228 1
312 228 1
813 228 1
165 228 1
50 228 1
2164 228 1
4587 228 1
2242 228 1
2339 228 1
2766 228 1
615 228 1
2103 228 1
390 228 1
1955 228 1
2262 228 1
232 228 1
63 228 1
4482 228 1
736 228 1
1502 228 1
16 228 1
2775 228 1
1282 228 1
3228 228 1
177 228 1
2182 228 1
1709 228 1
1882 228 1
785 228 1
356 228 1
503 228 1
4865 228 1
2546 228 1
2 228 1
2 228 1
281 228 1
1889 228 1
2705 228 1
48 228 1
728 228 1
2225 228 1
279 228 1
1 228 1
212 228 1
29 228 1
937 228 1
1023 228 1
3381 228 1
3148 228 1
44 228 1
334 228 1
582 228 1
2195 228 1
610 228 1
1193 228 1
3594 228 1
3868 228 1
3054 228 1
1595 228 1
785 228 1
264 228 1
1245 228 1
3449 228 1
286 228 1
2203 228 1
1032 228 1
927 228 1
1755 228 1
1560 228 1
4114 228 1
1525 228 1
1481 228 1
22 228 1
1171 228 1
2791 228 1
4712 228 1
1275 228 1
53 228 1
3534 228 1
907 228 1
4284 228 1
1165 228 1
13 228 1
2421 228 1
0 228 1
6 228 1
70 228 1
3275 228 1
1667 228 1
0 228 1
165 228 1
3827 228 1
4709 228 1
1451 228 1
1377 228 1
1545 228 1
1060 228 1
1800 228 1
1677 228 1
1776 228 1
1923 228 1
4726 228 1
40 228 1
4556 228 1
3901 228 1
68 228 1
394 228 1
449 228 1
4512 228 1
563 228 1
4807 228 1
4173 228 1
1823 228 1
869 228 1
1609 228 1
4987 228 1
7 228 1
1573 228 1
0 228 1
519 228 1
63 228 1
3538 228 1
3090 228 1
10 228 1
457 228 1
877 228 1
3 228 1
0 228 1
1283 228 1
59 228 1
1416 228 1
0 228 1
2442 228 1
1252 228 1
352 228 1
1269 228 1
1134 228 1
1403 228 1
3289 228 1
3425 228 1
1102 228 1
4911 228 1
234 228 1
462 228 1
397 228 1
4025 228 1
750 228 1
920 228 1
966 228 1
38 228 1
98 228 1
3307 228 1
487 228 1
1703 228 1
584 228 1
1962 228 1
183 228 1
2473 228 1
3184 228 1
468 228 1
3115 228 1
4 228 1
1107 228 1
286 228 1
4708 228 1
1710 228 1
588 228 1
4025 228 1
245 228 1
1982 228 1
706 228 1
385 228 1
1097 228 1
1511 228 1
4545 228 1
4308 228 1
23 228 1
146 228 1
382 228 1
1940 228 1
1933 228 1
668 228 1
2386 228 1
0 228 1
11 228 1
4496 228 1
368 228 1
2469 228 1
64 228 1
41 228 1
653 228 1
363 228 1
1303 228 1
1990 228 1
40 228 1
2723 228 1
1355 228 1
2127 228 1
3536 228 1
4468 228 1
4857 228 1
328 228 1
590 228 1
187 228 1
1 228 1
677 228 1
321 228 1
2817 228 1
10 228 1
3328 228 1
1501 228 1
3885 228 1
2749 228 1
1461 228 1
2963 228 1
960 228 1
2506 228 1
3663 228 1
1175 228 1
10 228 1
42 228 1
328 228 1
876 228 1
27 228 1
1031 228 1
2957 228 1
3725 228 1
3098 228 1
1965 228 1
14 228 1
681 228 1
3328 228 1
842 228 1
244 228 1
426 228 1
642 228 1
21 228 1
3844 228 1
141 228 1
4039 228 1
333 228 1
1894 228 1
1978 228 1
60 228 1
1729 228 1
4160 228 1
2374 228 1
28 228 1
3917 228 1
4631 228 1
657 228 1
4671 228 1
4134 228 1
0 228 1
2824 228 1
939 228 1
4371 228 1
1900 228 1
160 228 1
2684 228 1
121 228 1
2699 228 1
96 228 1
718 228 1
334 228 1
4133 228 1
528 228 1
1386 228 1
2371 228 1
245 228 1
2148 228 1
87 228 1
1908 228 1
327 228 1
3867 228 1
4383 228 1
3099 228 1
3559 228 1
1413 228 1
74 228 1
3072 228 1
2456 228 1
4940 228 1
4254 228 1
480 228 1
241 228 1
773 228 1
3638 228 1
1663 228 1
312 228 1
273 228 1
477 228 1
0 228 1
2149 228 1
1930 228 1
1732 228 1
1211 228 1
2946 228 1
1323 228 1
21 228 1
98 228 1
2 228 1
884 228 1
4000 228 1
3871 228 1
4089 228 1
3786 228 1
3770 228 1
4697 228 1
1622 228 1
3059 228 1
543 228 1
4306 228 1
11 228 1
1110 228 1
4951 228 1
41 228 1
20 228 1
4291 228 1
0 228 1
2 228 1
770 228 1
934 228 1
63 228 1
974 229 1
1662 229 1
4210 229 1
286 229 1
3966 229 1
594 229 1
178 229 1
534 229 1
1345 229 1
702 229 1
123 229 1
937 229 1
0 229 1
4647 229 1
1433 229 1
102 229 1
1506 229 1
2277 229 1
1214 229 1
1062 229 1
126 229 1
270 229 1
3706 229 1
3282 229 1
543 229 1
1617 229 1
209 229 1
818 229 1
4833 229 1
6 229 1
2969 229 1
419 229 1
2713 229 1
2259 229 1
160 229 1
3006 229 1
541 229 1
14 229 1
1119 229 1
4268 229 1
981 229 1
675 229 1
172 229 1
1346 229 1
4975 229 1
3855 229 1
1119 229 1
86 229 1
3008 229 1
4318 229 1
3238 229 1
457 229 1
109 229 1
277 229 1
251 229 1
30 229 1
4325 229 1
3526 229 1
4298 229 1
229 229 1
266 229 1
118 229 1
97 229 1
1083 229 1
62 229 1
495 229 1
134 229 1
1170 229 1
549 229 1
82 229 1
1548 229 1
1882 229 1
1195 229 1
17 229 1
2997 229 1
191 229 1
118 229 1
508 229 1
3007 229 1
2157 229 1
2870 229 1
2 229 1
898 229 1
369 229 1
1079 229 1
1 229 1
1954 229 1
4625 229 1
2897 229 1
2500 229 1
605 229 1
80 229 1
3410 229 1
6 229 1
939 229 1
1410 229 1
1011 229 1
2181 229 1
415 229 1
382 229 1
2178 229 1
1855 229 1
383 229 1
4571 229 1
138 229 1
3738 229 1
152 229 1
10 229 1
635 229 1
797 229 1
51 229 1
94 229 1
2523 229 1
276 229 1
2288 229 1
2883 229 1
697 229 1
1680 229 1
4809 229 1
153 229 1
0 229 1
1777 229 1
2804 229 1
106 229 1
1806 229 1
754 229 1
415 229 1
6 229 1
150 229 1
329 229 1
3134 229 1
747 229 1
1504 229 1
906 229 1
3641 229 1
512 229 1
2422 229 1
1 229 1
84 229 1
2419 229 1
1544 229 1
3269 229 1
2995 229 1
25 229 1
1093 229 1
4430 229 1
648 229 1
1537 229 1
4909 229 1
1272 229 1
2579 229 1
4551 229 1
26 229 1
1930 229 1
3373 229 1
2211 229 1
263 229 1
43 229 1
8 229 1
3600 229 1
3996 229 1
2754 229 1
1758 229 1
2399 229 1
1028 229 1
1914 229 1
0 229 1
3847 229 1
207 229 1
1864 229 1
916 229 1
3542 229 1
131 229 1
128 229 1
190 229 1
1523 229 1
259 229 1
222 229 1
104 229 1
179 229 1
2686 229 1
38 229 1
3427 229 1
1131 229 1
57 229 1
436 229 1
113 229 1
2525 229 1
283 229 1
132 229 1
11 229 1
2930 229 1
731 229 1
1485 229 1
1456 229 1
0 229 1
204 229 1
4227 229 1
2251 229 1
1702 229 1
65 229 1
2690 229 1
4966 229 1
12 229 1
7 229 1
256 229 1
4370 229 1
3207 229 1
136 229 1
2182 229 1
600 229 1
2982 229 1
2444 229 1
0 229 1
11 229 1
2713 229 1
412 229 1
3558 229 1
44 229 1
1119 229 1
540 229 1
329 229 1
1195 229 1
708 229 1
1939 229 1
2521 229 1
1901 229 1
2385 229 1
2362 229 1
22 229 1
206 229 1
9 229 1
999 229 1
37 229 1
4137 229 1
174 229 1
4410 229 1
84 229 1
2569 229 1
4693 229 1
355 229 1
1322 229 1
3287 229 1
9 229 1
736 229 1
3691 229 1
2781 229 1
1578 229 1
97 229 1
1576 229 1
870 229 1
1358 229 1
44 229 1
1555 229 1
3749 229 1
21 229 1
988 229 1
1242 229 1
44 229 1
1998 229 1
2509 229 1
444 229 1
150 229 1
4183 229 1
683 229 1
1251 229 1
607 229 1
946 229 1
3440 229 1
166 229 1
624 229 1
2403 229 1
1225 229 1
494 229 1
872 229 1
4396 229 1
2507 229 1
135 229 1
155 229 1
2781 229 1
1326 229 1
2387 229 1
1587 229 1
935 229 1
111 229 1
681 229 1
3717 229 1
17 229 1
1697 229 1
66 229 1
1442 229 1
48 229 1
2081 229 1
1955 229 1
2223 229 1
1129 229 1
2552 229 1
4913 229 1
188 229 1
2102 229 1
2001 229 1
3697 229 1
1607 229 1
115 229 1
55 229 1
2454 229 1
21 229 1
501 229 1
404 229 1
24 229 1
33 229 1
2278 229 1
186 229 1
185 229 1
4910 229 1
4891 229 1
1395 229 1
66 229 1
1106 229 1
4316 229 1
3014 229 1
3383 229 1
479 229 1
1478 229 1
1511 229 1
207 229 1
2287 229 1
440 229 1
31 229 1
460 229 1
967 229 1
1670 229 1
7 229 1
228 229 1
2995 229 1
1375 229 1
474 229 1
1192 229 1
218 229 1
3773 229 1
869 229 1
649 229 1
2713 229 1
1273 229 1
2746 229 1
228 230 1
4192 230 1
3157 230 1
464 230 1
2728 230 1
1022 230 1
5 230 1
1256 230 1
3331 230 1
2399 230 1
1145 230 1
492 230 1
82 230 1
755 230 1
119 230 1
2901 230 1
15 230 1
854 230 1
3537 230 1
3849 230 1
422 230 1
868 230 1
349 230 1
3446 230 1
1004 230 1
2749 230 1
2776 230 1
3790 230 1
936 230 1
3889 230 1
2009 230 1
870 230 1
100 230 1
2793 230 1
97 230 1
3202 230 1
4307 230 1
831 230 1
1147 230 1
374 230 1
4259 230 1
1907 230 1
2712 230 1
4081 230 1
175 230 1
72 230 1
5 230 1
1937 230 1
2997 230 1
3524 230 1
522 230 1
3840 230 1
4834 230 1
3197 230 1
173 230 1
4592 230 1
3698 230 1
2722 230 1
2572 230 1
1591 230 1
3956 230 1
4706 230 1
2 230 1
3068 230 1
1215 230 1
2104 230 1
2410 230 1
2389 230 1
286 230 1
50 230 1
4787 230 1
551 230 1
1113 230 1
27 230 1
3303 230 1
802 230 1
1390 230 1
2486 230 1
432 230 1
34 230 1
3229 230 1
1930 230 1
202 230 1
150 230 1
739 230 1
4926 230 1
869 230 1
3700 230 1
322 230 1
6 230 1
2836 230 1
1708 230 1
794 230 1
2731 230 1
314 230 1
1615 230 1
4839 230 1
753 230 1
41 230 1
714 230 1
4541 230 1
1178 230 1
2855 230 1
890 230 1
4552 230 1
2118 230 1
97 230 1
4764 230 1
988 230 1
580 230 1
1949 230 1
77 230 1
4588 230 1
3239 230 1
2487 230 1
1056 230 1
3640 230 1
476 230 1
1365 230 1
421 230 1
192 230 1
1377 230 1
1638 230 1
2323 230 1
4628 230 1
0 230 1
229 230 1
1220 230 1
3388 230 1
4073 230 1
518 230 1
2504 230 1
4011 230 1
2554 230 1
3792 230 1
2347 230 1
0 230 1
1999 230 1
614 230 1
2784 230 1
395 230 1
2781 230 1
1095 230 1
4643 230 1
258 230 1
895 230 1
989 230 1
35 230 1
2621 230 1
1650 230 1
2008 230 1
1 230 1
342 230 1
1164 230 1
419 230 1
961 230 1
1289 230 1
226 230 1
606 230 1
993 230 1
1365 230 1
193 230 1
3394 230 1
1108 230 1
3978 230 1
942 230 1
265 230 1
3701 230 1
682 230 1
4981 230 1
1539 230 1
0 230 1
397 230 1
363 230 1
2291 230 1
3554 230 1
0 230 1
3163 230 1
3761 230 1
2401 230 1
2870 230 1
2925 230 1
32 230 1
311 230 1
53 230 1
1179 230 1
2401 230 1
79 230 1
273 230 1
4779 230 1
844 230 1
3262 230 1
221 230 1
2866 230 1
403 230 1
94 230 1
3327 230 1
668 230 1
2946 230 1
408 230 1
217 230 1
238 230 1
94 230 1
478 230 1
333 230 1
1261 230 1
675 230 1
1556 230 1
100 230 1
3272 230 1
2416 230 1
582 230 1
4440 230 1
143 230 1
2439 230 1
2641 230 1
2076 230 1
3722 230 1
4778 230 1
1597 230 1
2482 230 1
4 230 1
2122 230 1
3679 230 1
1060 230 1
2534 230 1
3432 230 1
1763 230 1
744 230 1
220 230 1
3871 230 1
21 230 1
631 230 1
2811 230 1
1642 230 1
787 230 1
2718 230 1
2072 230 1
2121 230 1
134 230 1
237 230 1
1659 230 1
2379 230 1
1847 230 1
2599 230 1
125 230 1
1836 230 1
649 230 1
2118 230 1
3906 230 1
1286 230 1
4000 230 1
3302 230 1
1453 230 1
4107 230 1
3044 230 1
48 230 1
992 230 1
3094 230 1
2218 230 1
484 230 1
1263 230 1
192 230 1
36 230 1
11 230 1
324 230 1
2017 230 1
610 230 1
722 230 1
171 230 1
4638 230 1
3460 230 1
4038 230 1
1314 230 1
1203 230 1
12 230 1
2330 230 1
169 230 1
2631 230 1
2000 230 1
1525 230 1
1784 230 1
876 230 1
1832 230 1
1907 230 1
783 230 1
10 230 1
2943 230 1
2828 230 1
4100 230 1
2217 230 1
4588 230 1
800 230 1
28 230 1
324 230 1
2419 230 1
40 230 1
1940 230 1
196 230 1
14 230 1
4605 230 1
456 230 1
2343 230 1
4157 230 1
525 230 1
1043 230 1
1032 230 1
482 230 1
4146 230 1
697 230 1
202 230 1
49 230 1
1862 230 1
734 230 1
4989 230 1
2324 230 1
199 230 1
347 230 1
3250 230 1
654 230 1
244 230 1
2913 230 1
195 230 1
378 230 1
3562 230 1
1806 230 1
3073 230 1
3840 230 1
4328 230 1
3309 230 1
64 230 1
1003 230 1
1238 230 1
4130 230 1
4 230 1
59 230 1
1336 230 1
1 230 1
1178 230 1
3541 230 1
3701 230 1
4613 230 1
4722 230 1
495 230 1
1523 230 1
1824 231 1
220 231 1
2643 231 1
1847 231 1
4143 231 1
2088 231 1
1208 231 1
63 231 1
10 231 1
840 231 1
2366 231 1
4008 231 1
4081 231 1
108 231 1
4532 231 1
1183 231 1
200 231 1
3561 231 1
49 231 1
3846 231 1
452 231 1
96 231 1
2072 231 1
2118 231 1
2437 231 1
320 231 1
70 231 1
263 231 1
289 231 1
2030 231 1
3021 231 1
1269 231 1
2312 231 1
3929 231 1
344 231 1
4074 231 1
11 231 1
1132 231 1
682 231 1
301 231 1
2482 231 1
114 231 1
1121 231 1
474 231 1
3607 231 1
2769 231 1
4431 231 1
729 231 1
3554 231 1
20 231 1
2249 231 1
735 231 1
1761 231 1
1844 231 1
2282 231 1
2419 231 1
1743 231 1
3950 231 1
261 231 1
2236 231 1
1780 231 1
230 231 1
40 231 1
665 231 1
4107 231 1
24 231 1
106 231 1
2159 231 1
1337 231 1
106 231 1
1747 231 1
72 231 1
656 231 1
556 231 1
1548 231 1
41 231 1
2188 231 1
3024 231 1
1775 231 1
3834 231 1
38 231 1
77 231 1
3724 231 1
1567 231 1
4513 231 1
789 231 1
139 231 1
4920 231 1
2096 231 1
9 231 1
1975 231 1
2298 231 1
465 231 1
65 231 1
12 231 1
149 231 1
486 231 1
2157 231 1
2485 231 1
27 231 1
557 231 1
4 231 1
2854 231 1
104 231 1
481 231 1
1451 231 1
171 231 1
2133 231 1
621 231 1
2330 231 1
2907 231 1
167 231 1
1 231 1
478 231 1
601 231 1
2885 231 1
4307 231 1
3984 231 1
1015 231 1
4980 231 1
950 231 1
2413 231 1
949 231 1
2023 231 1
2274 231 1
3358 231 1
89 231 1
332 231 1
1648 231 1
2041 231 1
1458 231 1
515 231 1
3222 231 1
4796 231 1
0 231 1
1845 231 1
339 231 1
798 231 1
104 231 1
134 231 1
305 231 1
163 231 1
3118 231 1
3565 231 1
2453 231 1
208 231 1
642 231 1
776 231 1
3148 231 1
4 231 1
3098 231 1
2911 231 1
3789 231 1
1179 231 1
2123 231 1
0 231 1
334 231 1
816 231 1
3125 231 1
815 231 1
149 231 1
1632 231 1
239 231 1
1885 231 1
4290 231 1
33 231 1
4450 231 1
2289 231 1
2186 231 1
1462 231 1
3447 231 1
4159 231 1
168 231 1
1715 231 1
1794 231 1
1074 231 1
139 231 1
4066 231 1
539 231 1
1120 231 1
222 231 1
1408 231 1
776 231 1
2366 231 1
3949 231 1
284 231 1
346 231 1
1810 231 1
466 231 1
0 231 1
158 231 1
106 231 1
120 231 1
4641 231 1
2019 231 1
2893 231 1
56 231 1
2456 231 1
2285 231 1
780 231 1
910 231 1
843 231 1
2548 231 1
4538 231 1
3433 231 1
103 231 1
650 231 1
2072 231 1
73 231 1
4114 231 1
4567 231 1
1042 231 1
136 231 1
2382 231 1
150 231 1
3522 231 1
2361 231 1
198 231 1
2109 231 1
356 231 1
4499 231 1
1453 231 1
19 231 1
3065 231 1
1231 231 1
45 231 1
3958 231 1
271 231 1
2754 231 1
175 231 1
1829 231 1
2383 231 1
812 231 1
4303 231 1
641 231 1
146 231 1
2578 231 1
1272 231 1
540 231 1
4273 231 1
2561 231 1
424 231 1
1144 231 1
1744 231 1
0 231 1
341 231 1
3778 231 1
681 231 1
170 231 1
406 231 1
0 231 1
656 231 1
3326 231 1
921 231 1
1369 231 1
489 231 1
175 231 1
3802 231 1
178 231 1
610 231 1
830 231 1
1906 231 1
1491 231 1
1022 231 1
92 231 1
1145 231 1
1618 231 1
3688 231 1
1808 231 1
48 231 1
1736 231 1
834 231 1
1275 231 1
720 231 1
2626 231 1
2223 231 1
24 231 1
310 231 1
3420 231 1
4133 231 1
4065 231 1
4842 231 1
4809 231 1
550 231 1
790 231 1
2268 231 1
1858 231 1
92 231 1
3224 231 1
2595 231 1
2230 231 1
4879 231 1
286 231 1
474 231 1
194 231 1
4020 231 1
2163 231 1
1305 231 1
61 231 1
1054 231 1
3220 231 1
1810 231 1
376 231 1
1072 231 1
4817 231 1
4599 231 1
143 231 1
3978 231 1
15 231 1
678 231 1
1973 231 1
230 231 1
1941 231 1
2932 231 1
725 231 1
100 231 1
3685 231 1
1793 231 1
418 231 1
2905 231 1
191 231 1
180 231 1
3988 231 1
3817 231 1
2046 231 1
1152 231 1
39 231 1
695 231 1
3433 231 1
3617 231 1
322 231 1
744 231 1
3427 231 1
295 231 1
567 231 1
1255 231 1
820 231 1
340 231 1
31 231 1
785 231 1
822 231 1
2132 231 1
289 231 1
280 231 1
1730 231 1
1765 232 1
913 232 1
3206 232 1
2449 232 1
1253 232 1
4733 232 1
0 232 1
1816 232 1
3628 232 1
1255 232 1
551 232 1
1775 232 1
3099 232 1
2962 232 1
364 232 1
367 232 1
1612 232 1
147 232 1
1036 232 1
605 232 1
4149 232 1
1979 232 1
277 232 1
36 232 1
2599 232 1
3470 232 1
2784 232 1
400 232 1
1288 232 1
431 232 1
4131 232 1
95 232 1
1773 232 1
191 232 1
3526 232 1
626 232 1
4499 232 1
1751 232 1
3437 232 1
4322 232 1
882 232 1
121 232 1
1446 232 1
3024 232 1
1915 232 1
4603 232 1
958 232 1
1323 232 1
4395 232 1
4796 232 1
46 232 1
2139 232 1
4051 232 1
2304 232 1
980 232 1
76 232 1
4370 232 1
2810 232 1
3236 232 1
2894 232 1
2635 232 1
71 232 1
149 232 1
264 232 1
3081 232 1
2098 232 1
4547 232 1
1393 232 1
376 232 1
4607 232 1
870 232 1
325 232 1
720 232 1
4324 232 1
4489 232 1
1640 232 1
0 232 1
2475 232 1
2376 232 1
30 232 1
3766 232 1
3538 232 1
1130 232 1
1315 232 1
357 232 1
139 232 1
3674 232 1
336 232 1
1851 232 1
1675 232 1
331 232 1
2406 232 1
2069 232 1
24 232 1
2256 232 1
565 232 1
2153 232 1
2586 232 1
2869 232 1
1171 232 1
22 232 1
1320 232 1
3256 232 1
12 232 1
288 232 1
207 232 1
111 232 1
1382 232 1
276 232 1
156 232 1
4620 232 1
3145 232 1
594 232 1
4902 232 1
2802 232 1
2495 232 1
134 232 1
3034 232 1
351 232 1
1221 232 1
737 232 1
172 232 1
1195 232 1
4719 232 1
2201 232 1
128 232 1
781 232 1
317 232 1
289 232 1
594 232 1
269 232 1
4944 232 1
1704 232 1
3879 232 1
1330 232 1
416 232 1
0 232 1
449 232 1
1172 232 1
1622 232 1
1012 232 1
764 232 1
152 232 1
3671 232 1
1151 232 1
516 232 1
3219 232 1
2438 232 1
1128 232 1
0 232 1
3381 232 1
30 232 1
1731 232 1
4075 232 1
3760 232 1
3357 232 1
0 232 1
4637 232 1
37 232 1
1408 232 1
3085 232 1
4051 232 1
955 232 1
124 232 1
732 232 1
3324 232 1
744 232 1
2998 232 1
4289 232 1
2288 232 1
2446 232 1
13 232 1
1291 232 1
1708 232 1
2177 232 1
348 232 1
3970 232 1
2736 232 1
4542 232 1
1453 232 1
2994 232 1
7 232 1
278 232 1
2941 232 1
2911 232 1
251 232 1
90 232 1
896 232 1
154 232 1
1558 232 1
58 232 1
12 232 1
499 232 1
307 232 1
3189 232 1
457 232 1
3651 232 1
2588 232 1
876 232 1
50 232 1
1803 232 1
4873 232 1
3846 232 1
3108 232 1
4045 232 1
1798 232 1
289 232 1
4213 232 1
2118 232 1
392 232 1
588 232 1
2721 232 1
4426 232 1
2323 232 1
161 232 1
2901 232 1
284 232 1
266 232 1
2539 232 1
91 232 1
1884 232 1
887 232 1
5 232 1
1263 232 1
3797 232 1
1524 232 1
6 232 1
70 232 1
3522 232 1
2826 232 1
2649 232 1
259 232 1
814 232 1
876 232 1
1976 232 1
3843 232 1
2223 232 1
1227 232 1
4922 232 1
771 232 1
39 232 1
884 232 1
3503 232 1
116 232 1
80 232 1
3832 232 1
872 232 1
107 232 1
1369 232 1
1 232 1
4812 232 1
3231 232 1
54 232 1
593 232 1
2938 232 1
4040 232 1
66 232 1
112 232 1
1766 232 1
4389 232 1
4105 232 1
1476 232 1
1673 232 1
4427 232 1
3584 232 1
183 232 1
54 232 1
1409 232 1
2189 232 1
1580 232 1
2316 232 1
2275 232 1
871 232 1
126 232 1
105 232 1
454 232 1
377 232 1
4379 232 1
484 232 1
2619 232 1
1127 232 1
4219 232 1
3198 232 1
192 232 1
14 232 1
1625 232 1
4884 232 1
343 232 1
4288 232 1
8 232 1
505 232 1
214 232 1
182 232 1
2649 232 1
2504 232 1
857 232 1
1519 232 1
559 232 1
4 232 1
1742 232 1
1420 232 1
249 232 1
2125 232 1
1740 232 1
74 232 1
1198 232 1
34 232 1
198 232 1
90 232 1
3954 232 1
1128 232 1
1150 232 1
4275 232 1
1560 232 1
2433 232 1
512 232 1
755 232 1
1134 232 1
3596 232 1
228 232 1
246 232 1
3033 232 1
4095 232 1
1187 232 1
51 232 1
19 232 1
198 232 1
4120 232 1
2573 232 1
4223 232 1
926 232 1
751 232 1
1100 232 1
1087 232 1
1311 232 1
737 232 1
292 232 1
199 232 1
1023 232 1
1289 232 1
5 232 1
2277 232 1
2026 232 1
3438 232 1
1555 232 1
2273 233 1
1020 233 1
4147 233 1
15 233 1
2465 233 1
4198 233 1
501 233 1
259 233 1
4665 233 1
4374 233 1
958 233 1
4832 233 1
3327 233 1
3771 233 1
741 233 1
1458 233 1
773 233 1
4646 233 1
162 233 1
2156 233 1
82 233 1
193 233 1
142 233 1
1854 233 1
211 233 1
3855 233 1
1476 233 1
868 233 1
783 233 1
11 233 1
477 233 1
215 233 1
3107 233 1
3 233 1
1283 233 1
3294 233 1
3443 233 1
2494 233 1
1093 233 1
1882 233 1
148 233 1
2696 233 1
3633 233 1
1829 233 1
220 233 1
2 233 1
244 233 1
718 233 1
4848 233 1
62 233 1
22 233 1
4188 233 1
3645 233 1
3759 233 1
0 233 1
3495 233 1
12 233 1
354 233 1
864 233 1
3843 233 1
6 233 1
2782 233 1
0 233 1
1330 233 1
2275 233 1
3580 233 1
3186 233 1
631 233 1
974 233 1
0 233 1
1412 233 1
461 233 1
1084 233 1
3000 233 1
3589 233 1
1343 233 1
3378 233 1
1220 233 1
3859 233 1
2604 233 1
152 233 1
990 233 1
1465 233 1
2599 233 1
581 233 1
3487 233 1
141 233 1
10 233 1
1194 233 1
305 233 1
839 233 1
846 233 1
9 233 1
1358 233 1
3655 233 1
325 233 1
385 233 1
4062 233 1
1445 233 1
2586 233 1
479 233 1
2525 233 1
2914 233 1
2369 233 1
51 233 1
1478 233 1
34 233 1
4460 233 1
1891 233 1
1990 233 1
3758 233 1
1593 233 1
1462 233 1
491 233 1
1473 233 1
1207 233 1
352 233 1
967 233 1
2134 233 1
951 233 1
50 233 1
35 233 1
4051 233 1
599 233 1
4361 233 1
1188 233 1
1480 233 1
432 233 1
2292 233 1
4764 233 1
782 233 1
35 233 1
3540 233 1
3013 233 1
210 233 1
1227 233 1
156 233 1
3907 233 1
1819 233 1
2449 233 1
478 233 1
4750 233 1
3676 233 1
2 233 1
4118 233 1
2533 233 1
2890 233 1
3 233 1
0 233 1
783 233 1
2658 233 1
563 233 1
91 233 1
185 233 1
1999 233 1
2052 233 1
3397 233 1
265 233 1
35 233 1
1482 233 1
3 233 1
2424 233 1
1959 233 1
3058 233 1
796 233 1
4092 233 1
406 233 1
734 233 1
4406 233 1
142 233 1
2209 233 1
4513 233 1
794 233 1
2412 233 1
263 233 1
1173 233 1
1254 233 1
0 233 1
841 233 1
580 233 1
1823 233 1
77 233 1
805 233 1
0 233 1
4665 233 1
98 233 1
1823 233 1
4830 233 1
928 233 1
1523 233 1
110 233 1
4766 233 1
1151 233 1
41 233 1
267 233 1
2136 233 1
3789 233 1
96 233 1
1451 233 1
1263 233 1
88 233 1
1423 233 1
4064 233 1
44 233 1
1458 233 1
4002 233 1
532 233 1
197 233 1
1356 233 1
542 233 1
1326 233 1
2165 233 1
257 233 1
922 233 1
744 233 1
3782 233 1
10 233 1
684 233 1
1596 233 1
94 233 1
2824 233 1
3152 233 1
121 233 1
3439 233 1
1262 233 1
366 233 1
2125 233 1
2117 233 1
102 233 1
1767 233 1
58 233 1
1339 233 1
4972 233 1
451 233 1
2105 233 1
2716 233 1
69 233 1
4112 233 1
371 233 1
2101 233 1
17 233 1
637 233 1
2057 233 1
249 233 1
289 233 1
183 233 1
1464 233 1
525 233 1
597 233 1
224 233 1
366 233 1
2609 233 1
183 233 1
53 233 1
1582 233 1
1016 233 1
578 233 1
2436 233 1
327 233 1
46 233 1
4508 233 1
715 233 1
3918 233 1
338 233 1
3646 233 1
1832 233 1
1410 233 1
45 233 1
2335 233 1
33 233 1
4890 233 1
3890 233 1
3620 233 1
3074 233 1
1356 233 1
1 233 1
1443 233 1
4215 233 1
771 233 1
3026 233 1
1552 233 1
401 233 1
4757 233 1
1789 233 1
2968 233 1
1226 233 1
2985 233 1
4813 233 1
4307 233 1
1195 233 1
24 233 1
280 233 1
1225 233 1
2467 233 1
2469 233 1
3830 233 1
47 233 1
4875 233 1
859 233 1
611 233 1
1045 233 1
815 233 1
4766 233 1
3389 233 1
189 233 1
341 233 1
655 233 1
1049 233 1
4481 233 1
1375 233 1
1319 233 1
249 233 1
4069 233 1
2338 233 1
1380 233 1
280 233 1
490 233 1
3867 233 1
300 233 1
126 233 1
2318 233 1
2023 233 1
691 233 1
37 233 1
2 233 1
1603 233 1
2930 233 1
1015 233 1
742 233 1
890 233 1
1092 233 1
452 233 1
376 233 1
3899 233 1
1020 233 1
204 233 1
4374 233 1
394 233 1
4744 233 1
237 233 1
341 233 1
800 233 1
370 233 1
1261 233 1
0 233 1
499 234 1
1291 234 1
9 234 1
414 234 1
697 234 1
4217 234 1
201 234 1
33 234 1
109 234 1
4061 234 1
1774 234 1
1157 234 1
1010 234 1
72 234 1
2123 234 1
4214 234 1
1365 234 1
4282 234 1
2162 234 1
1891 234 1
2942 234 1
140 234 1
4 234 1
636 234 1
1710 234 1
1232 234 1
2615 234 1
4462 234 1
4571 234 1
2753 234 1
196 234 1
603 234 1
126 234 1
13 234 1
948 234 1
963 234 1
1200 234 1
391 234 1
2519 234 1
700 234 1
4242 234 1
731 234 1
3203 234 1
12 234 1
2815 234 1
2741 234 1
728 234 1
3894 234 1
192 234 1
4143 234 1
438 234 1
323 234 1
9 234 1
2591 234 1
4761 234 1
1644 234 1
3 234 1
604 234 1
216 234 1
36 234 1
306 234 1
313 234 1
554 234 1
231 234 1
2162 234 1
399 234 1
866 234 1
1508 234 1
1661 234 1
317 234 1
28 234 1
3379 234 1
277 234 1
993 234 1
2763 234 1
221 234 1
197 234 1
1820 234 1
301 234 1
99 234 1
693 234 1
91 234 1
3601 234 1
33 234 1
759 234 1
41 234 1
1381 234 1
285 234 1
930 234 1
3892 234 1
2842 234 1
1701 234 1
67 234 1
4084 234 1
4464 234 1
2832 234 1
1165 234 1
2619 234 1
1109 234 1
1477 234 1
2585 234 1
10 234 1
3385 234 1
814 234 1
3379 234 1
1877 234 1
4390 234 1
156 234 1
225 234 1
2032 234 1
3335 234 1
429 234 1
1220 234 1
1338 234 1
307 234 1
3753 234 1
2715 234 1
353 234 1
1702 234 1
3406 234 1
883 234 1
1044 234 1
1 234 1
18 234 1
354 234 1
143 234 1
3732 234 1
381 234 1
2665 234 1
2799 234 1
27 234 1
1 234 1
1203 234 1
4154 234 1
1664 234 1
276 234 1
3503 234 1
531 234 1
1169 234 1
1942 234 1
3720 234 1
3379 234 1
2654 234 1
218 234 1
1822 234 1
122 234 1
1785 234 1
5 234 1
3076 234 1
4905 234 1
421 234 1
2795 234 1
2585 234 1
1504 234 1
1513 234 1
4241 234 1
2951 234 1
345 234 1
1519 234 1
936 234 1
2866 234 1
831 234 1
1570 234 1
3371 234 1
2474 234 1
755 234 1
4610 234 1
2830 234 1
3663 234 1
306 234 1
1502 234 1
4934 234 1
7 234 1
2286 234 1
1826 234 1
397 234 1
1418 234 1
437 234 1
187 234 1
1484 234 1
1802 234 1
55 234 1
204 234 1
4387 234 1
575 234 1
530 234 1
3754 234 1
0 234 1
263 234 1
7 234 1
674 234 1
2748 234 1
258 234 1
2816 234 1
3676 234 1
4328 234 1
210 234 1
3811 234 1
3537 234 1
2508 234 1
362 234 1
3305 234 1
2610 234 1
423 234 1
1362 234 1
0 234 1
1211 234 1
3379 234 1
5 234 1
3608 234 1
2319 234 1
216 234 1
2082 234 1
4375 234 1
1883 234 1
205 234 1
4335 234 1
2163 234 1
33 234 1
3788 234 1
3010 234 1
482 234 1
423 234 1
1261 234 1
4579 234 1
3138 234 1
3657 234 1
665 234 1
2981 234 1
1668 234 1
2510 234 1
474 234 1
650 234 1
1380 234 1
4841 234 1
55 234 1
4409 234 1
3762 234 1
9 234 1
1352 234 1
232 234 1
1026 234 1
3167 234 1
288 234 1
3480 234 1
3799 234 1
2275 234 1
1007 234 1
162 234 1
3 234 1
1135 234 1
2320 234 1
299 234 1
1799 234 1
657 234 1
3861 234 1
4866 234 1
1197 234 1
31 234 1
498 234 1
4026 234 1
946 234 1
1949 234 1
3492 234 1
1187 234 1
2100 234 1
680 234 1
82 234 1
1736 234 1
2972 234 1
1099 234 1
461 234 1
3635 234 1
732 234 1
1162 234 1
1231 234 1
2725 234 1
925 234 1
1263 234 1
4156 234 1
2111 234 1
231 234 1
131 234 1
923 234 1
2946 234 1
253 234 1
577 234 1
2692 234 1
1220 234 1
3931 234 1
1497 234 1
208 234 1
3272 234 1
0 234 1
2203 234 1
3424 234 1
2973 234 1
882 234 1
2151 234 1
62 234 1
4786 234 1
2055 234 1
824 234 1
1023 234 1
678 234 1
789 234 1
435 234 1
144 234 1
1300 234 1
441 234 1
675 234 1
0 234 1
2826 234 1
222 234 1
93 234 1
3852 234 1
1364 234 1
4091 234 1
4238 234 1
72 234 1
42 234 1
1384 234 1
3743 234 1
1145 234 1
3721 234 1
547 234 1
2598 234 1
25 234 1
1310 234 1
4503 234 1
4325 234 1
3321 234 1
762 234 1
1527 234 1
2296 234 1
2692 234 1
4388 234 1
3279 234 1
2909 234 1
384 234 1
1925 234 1
2000 234 1
190 234 1
4 234 1
13 234 1
767 235 1
663 235 1
1327 235 1
159 235 1
3590 235 1
3964 235 1
474 235 1
1161 235 1
1482 235 1
35 235 1
2205 235 1
453 235 1
1303 235 1
692 235 1
2772 235 1
2567 235 1
4336 235 1
2316 235 1
3320 235 1
65 235 1
169 235 1
388 235 1
3178 235 1
181 235 1
269 235 1
2369 235 1
4927 235 1
1390 235 1
1602 235 1
237 235 1
3852 235 1
3268 235 1
360 235 1
726 235 1
248 235 1
735 235 1
0 235 1
1400 235 1
2822 235 1
2247 235 1
86 235 1
151 235 1
2823 235 1
570 235 1
428 235 1
2311 235 1
297 235 1
50 235 1
2637 235 1
2807 235 1
572 235 1
2690 235 1
38 235 1
162 235 1
1390 235 1
31 235 1
938 235 1
842 235 1
4571 235 1
4952 235 1
182 235 1
4519 235 1
2551 235 1
1544 235 1
513 235 1
1231 235 1
2206 235 1
2466 235 1
1954 235 1
948 235 1
262 235 1
125 235 1
2920 235 1
184 235 1
1153 235 1
1655 235 1
919 235 1
1275 235 1
8 235 1
210 235 1
3126 235 1
1095 235 1
48 235 1
4937 235 1
1592 235 1
3185 235 1
481 235 1
28 235 1
54 235 1
113 235 1
2191 235 1
3168 235 1
811 235 1
4439 235 1
206 235 1
1448 235 1
1505 235 1
270 235 1
2079 235 1
161 235 1
1662 235 1
2702 235 1
578 235 1
3469 235 1
31 235 1
2278 235 1
83 235 1
545 235 1
433 235 1
2437 235 1
217 235 1
2310 235 1
1731 235 1
4525 235 1
1583 235 1
4388 235 1
1066 235 1
4899 235 1
1114 235 1
0 235 1
3417 235 1
1511 235 1
1995 235 1
270 235 1
1971 235 1
2049 235 1
4275 235 1
2554 235 1
1230 235 1
151 235 1
11 235 1
2824 235 1
3007 235 1
990 235 1
1938 235 1
2791 235 1
564 235 1
4083 235 1
4226 235 1
407 235 1
3765 235 1
386 235 1
2964 235 1
2579 235 1
3135 235 1
738 235 1
2721 235 1
4426 235 1
2824 235 1
4081 235 1
3818 235 1
3772 235 1
81 235 1
1286 235 1
1348 235 1
73 235 1
2598 235 1
3674 235 1
47 235 1
1375 235 1
98 235 1
2229 235 1
2215 235 1
24 235 1
3869 235 1
3798 235 1
330 235 1
0 235 1
288 235 1
13 235 1
1109 235 1
1353 235 1
522 235 1
25 235 1
581 235 1
1172 235 1
2365 235 1
2813 235 1
95 235 1
18 235 1
3684 235 1
2969 235 1
32 235 1
575 235 1
236 235 1
1908 235 1
0 235 1
3775 235 1
2220 235 1
847 235 1
1046 235 1
4688 235 1
1721 235 1
991 235 1
3444 235 1
2100 235 1
2268 235 1
33 235 1
2716 235 1
4828 235 1
1640 235 1
3917 235 1
3 235 1
390 235 1
1 235 1
2580 235 1
2124 235 1
371 235 1
3223 235 1
143 235 1
1684 235 1
1030 235 1
204 235 1
1353 235 1
3877 235 1
2792 235 1
14 235 1
799 235 1
66 235 1
158 235 1
320 235 1
1966 235 1
3 235 1
3769 235 1
2622 235 1
237 235 1
1985 235 1
1875 235 1
104 235 1
0 235 1
3821 235 1
690 235 1
1358 235 1
1547 235 1
4905 235 1
1476 235 1
3099 235 1
2934 235 1
477 235 1
601 235 1
94 235 1
1032 235 1
3404 235 1
362 235 1
741 235 1
167 235 1
348 235 1
467 235 1
3909 235 1
4988 235 1
329 235 1
4803 235 1
671 235 1
1158 235 1
2672 235 1
18 235 1
4102 235 1
3638 235 1
1532 235 1
131 235 1
3208 235 1
330 235 1
2469 235 1
401 235 1
4757 235 1
3007 235 1
93 235 1
3839 235 1
3590 235 1
429 235 1
32 235 1
282 235 1
191 235 1
4820 235 1
3415 235 1
2617 235 1
1030 235 1
21 235 1
4025 235 1
3461 235 1
2255 235 1
2503 235 1
307 235 1
908 235 1
431 235 1
2069 235 1
480 235 1
34 235 1
239 235 1
363 235 1
1262 235 1
361 235 1
3037 235 1
2954 235 1
87 235 1
123 235 1
3928 235 1
555 235 1
302 235 1
2187 235 1
2005 235 1
3908 235 1
473 235 1
4426 235 1
555 235 1
2328 235 1
63 235 1
68 235 1
2122 235 1
462 235 1
2342 235 1
3811 235 1
574 235 1
1256 235 1
852 235 1
1507 235 1
2629 235 1
422 235 1
805 235 1
3169 235 1
1685 235 1
422 235 1
2964 235 1
3837 235 1
1763 235 1
459 235 1
17 235 1
1655 235 1
187 235 1
3786 235 1
282 235 1
23 235 1
3965 235 1
112 235 1
2162 235 1
2289 235 1
3990 235 1
344 235 1
997 235 1
1466 235 1
112 235 1
1703 235 1
219 235 1
1849 235 1
315 235 1
177 236 1
360 236 1
1132 236 1
1913 236 1
4245 236 1
3112 236 1
668 236 1
131 236 1
73 236 1
1889 236 1
1676 236 1
4694 236 1
4713 236 1
1573 236 1
14 236 1
189 236 1
1904 236 1
1275 236 1
3295 236 1
2881 236 1
2484 236 1
3580 236 1
423 236 1
1263 236 1
4987 236 1
219 236 1
244 236 1
527 236 1
19 236 1
0 236 1
1605 236 1
4975 236 1
4 236 1
3478 236 1
2 236 1
2460 236 1
1917 236 1
823 236 1
2802 236 1
21 236 1
169 236 1
49 236 1
180 236 1
319 236 1
104 236 1
97 236 1
169 236 1
1264 236 1
218 236 1
910 236 1
2173 236 1
4300 236 1
4061 236 1
4496 236 1
445 236 1
4578 236 1
3367 236 1
3321 236 1
2567 236 1
2994 236 1
59 236 1
4333 236 1
4383 236 1
151 236 1
233 236 1
771 236 1
581 236 1
53 236 1
11 236 1
36 236 1
2851 236 1
2843 236 1
1184 236 1
23 236 1
4619 236 1
198 236 1
2104 236 1
1289 236 1
2588 236 1
2750 236 1
3481 236 1
1629 236 1
225 236 1
1599 236 1
3714 236 1
261 236 1
777 236 1
1402 236 1
0 236 1
2508 236 1
17 236 1
155 236 1
1246 236 1
3805 236 1
297 236 1
2631 236 1
3572 236 1
4105 236 1
0 236 1
2995 236 1
158 236 1
4 236 1
86 236 1
4 236 1
0 236 1
220 236 1
3589 236 1
1243 236 1
345 236 1
575 236 1
540 236 1
4082 236 1
658 236 1
22 236 1
3917 236 1
4417 236 1
4530 236 1
1439 236 1
3964 236 1
3059 236 1
136 236 1
1677 236 1
1917 236 1
96 236 1
27 236 1
707 236 1
360 236 1
4875 236 1
9 236 1
4409 236 1
1030 236 1
2598 236 1
270 236 1
2480 236 1
4830 236 1
1620 236 1
3278 236 1
329 236 1
4824 236 1
357 236 1
4259 236 1
17 236 1
2159 236 1
2294 236 1
850 236 1
1615 236 1
3222 236 1
2634 236 1
386 236 1
868 236 1
1163 236 1
394 236 1
1181 236 1
2999 236 1
931 236 1
3439 236 1
2669 236 1
2219 236 1
1519 236 1
58 236 1
2862 236 1
4161 236 1
559 236 1
3748 236 1
2743 236 1
1773 236 1
3768 236 1
2384 236 1
2059 236 1
2402 236 1
2 236 1
1515 236 1
1105 236 1
307 236 1
2237 236 1
2267 236 1
2502 236 1
3880 236 1
14 236 1
634 236 1
0 236 1
127 236 1
3620 236 1
32 236 1
138 236 1
3950 236 1
3 236 1
4258 236 1
656 236 1
622 236 1
254 236 1
3881 236 1
2810 236 1
9 236 1
278 236 1
16 236 1
275 236 1
1232 236 1
2348 236 1
131 236 1
44 236 1
2696 236 1
4527 236 1
3963 236 1
78 236 1
3389 236 1
473 236 1
220 236 1
14 236 1
992 236 1
1099 236 1
542 236 1
294 236 1
3710 236 1
300 236 1
908 236 1
3126 236 1
1329 236 1
784 236 1
10 236 1
1244 236 1
3329 236 1
3468 236 1
914 236 1
2018 236 1
4 236 1
1735 236 1
1957 236 1
4502 236 1
1402 236 1
185 236 1
348 236 1
3952 236 1
1193 236 1
3400 236 1
780 236 1
279 236 1
2723 236 1
606 236 1
1241 236 1
4644 236 1
2389 236 1
0 236 1
102 236 1
2103 236 1
4753 236 1
4711 236 1
2386 236 1
4188 236 1
1768 236 1
982 236 1
3583 236 1
4292 236 1
4686 236 1
847 236 1
1522 236 1
334 236 1
938 236 1
203 236 1
3325 236 1
804 236 1
1163 236 1
2166 236 1
41 236 1
50 236 1
1062 236 1
3652 236 1
219 236 1
157 236 1
110 236 1
2191 236 1
2826 236 1
650 236 1
142 236 1
489 236 1
3595 236 1
245 236 1
1991 236 1
400 236 1
2218 236 1
735 236 1
263 236 1
4757 236 1
615 236 1
246 236 1
1083 236 1
51 236 1
2003 236 1
143 236 1
3191 236 1
375 236 1
1355 236 1
29 236 1
3031 236 1
1820 236 1
111 236 1
2153 236 1
0 236 1
3398 236 1
3156 236 1
63 236 1
490 236 1
560 236 1
1124 236 1
3477 236 1
1616 236 1
1306 236 1
1307 236 1
737 236 1
4045 236 1
3 236 1
1737 236 1
1839 236 1
4776 236 1
192 236 1
1164 236 1
2898 236 1
44 236 1
563 236 1
4252 236 1
239 236 1
467 236 1
3384 236 1
1614 236 1
652 236 1
2040 236 1
6 236 1
4188 236 1
1691 236 1
526 236 1
761 236 1
2644 236 1
85 236 1
2278 236 1
3044 236 1
3063 236 1
2798 236 1
4928 236 1
620 236 1
3070 236 1
322 236 1
3061 236 1
1971 236 1
2895 236 1
394 236 1
3890 237 1
301 237 1
3867 237 1
751 237 1
1424 237 1
945 237 1
773 237 1
925 237 1
1018 237 1
22 237 1
273 237 1
2337 237 1
1071 237 1
95 237 1
231 237 1
4481 237 1
2057 237 1
82 237 1
192 237 1
494 237 1
2 237 1
1658 237 1
1408 237 1
1493 237 1
96 237 1
986 237 1
101 237 1
4160 237 1
150 237 1
685 237 1
42 237 1
482 237 1
69 237 1
1207 237 1
2812 237 1
41 237 1
3623 237 1
132 237 1
3146 237 1
3967 237 1
706 237 1
1235 237 1
3686 237 1
2972 237 1
2475 237 1
385 237 1
3812 237 1
3545 237 1
2127 237 1
172 237 1
2945 237 1
2540 237 1
1591 237 1
4223 237 1
4155 237 1
322 237 1
3991 237 1
12 237 1
1517 237 1
2036 237 1
293 237 1
1235 237 1
1840 237 1
875 237 1
27 237 1
439 237 1
3919 237 1
2056 237 1
11 237 1
955 237 1
347 237 1
663 237 1
949 237 1
1781 237 1
1486 237 1
3029 237 1
2494 237 1
4529 237 1
1202 237 1
618 237 1
1225 237 1
1538 237 1
53 237 1
695 237 1
1001 237 1
1072 237 1
3614 237 1
258 237 1
1090 237 1
295 237 1
4295 237 1
1616 237 1
96 237 1
72 237 1
1488 237 1
30 237 1
1029 237 1
2184 237 1
3414 237 1
2172 237 1
498 237 1
209 237 1
4940 237 1
4461 237 1
1865 237 1
2730 237 1
678 237 1
3167 237 1
2884 237 1
4138 237 1
4659 237 1
627 237 1
3284 237 1
1652 237 1
1553 237 1
4589 237 1
623 237 1
360 237 1
240 237 1
1434 237 1
2076 237 1
1925 237 1
1983 237 1
2090 237 1
16 237 1
3585 237 1
717 237 1
1623 237 1
55 237 1
1131 237 1
4437 237 1
3903 237 1
2674 237 1
2872 237 1
2342 237 1
3336 237 1
138 237 1
2438 237 1
3133 237 1
4371 237 1
38 237 1
51 237 1
88 237 1
1143 237 1
1968 237 1
3627 237 1
3434 237 1
2 237 1
40 237 1
1297 237 1
542 237 1
1176 237 1
3802 237 1
1320 237 1
1189 237 1
3589 237 1
3799 237 1
2129 237 1
190 237 1
198 237 1
929 237 1
1610 237 1
2263 237 1
4685 237 1
3135 237 1
1303 237 1
2138 237 1
4524 237 1
173 237 1
2531 237 1
31 237 1
3465 237 1
1923 237 1
4 237 1
42 237 1
1358 237 1
167 237 1
4714 237 1
4041 237 1
2137 237 1
44 237 1
328 237 1
1061 237 1
450 237 1
45 237 1
509 237 1
3792 237 1
2923 237 1
65 237 1
391 237 1
181 237 1
685 237 1
93 237 1
4499 237 1
2904 237 1
0 237 1
4222 237 1
4210 237 1
584 237 1
1204 237 1
4749 237 1
2155 237 1
247 237 1
887 237 1
3729 237 1
4871 237 1
4313 237 1
2090 237 1
664 237 1
1196 237 1
1462 237 1
2827 237 1
8 237 1
568 237 1
3430 237 1
60 237 1
61 237 1
3294 237 1
388 237 1
64 237 1
3215 237 1
1149 237 1
344 237 1
2801 237 1
340 237 1
716 237 1
333 237 1
3201 237 1
809 237 1
496 237 1
3545 237 1
1931 237 1
4503 237 1
597 237 1
2196 237 1
4266 237 1
6 237 1
515 237 1
440 237 1
533 237 1
3032 237 1
63 237 1
1270 237 1
4101 237 1
1762 237 1
2470 237 1
4478 237 1
857 237 1
1388 237 1
31 237 1
287 237 1
2556 237 1
907 237 1
1092 237 1
27 237 1
4587 237 1
719 237 1
279 237 1
264 237 1
2054 237 1
219 237 1
32 237 1
3882 237 1
2728 237 1
3640 237 1
496 237 1
0 237 1
11 237 1
434 237 1
804 237 1
3625 237 1
1272 237 1
4295 237 1
197 237 1
1683 237 1
3615 237 1
2101 237 1
957 237 1
2012 237 1
1046 237 1
1376 237 1
3643 237 1
3461 237 1
2245 237 1
87 237 1
562 237 1
1237 237 1
393 237 1
4294 237 1
2037 237 1
160 237 1
3547 237 1
2 237 1
71 237 1
884 237 1
317 237 1
15 237 1
1521 237 1
4688 237 1
23 237 1
49 237 1
312 237 1
105 237 1
535 237 1
846 237 1
222 237 1
3993 237 1
506 237 1
3123 237 1
401 237 1
3 237 1
999 237 1
1302 237 1
199 237 1
2435 237 1
2571 237 1
1505 237 1
3937 237 1
3966 237 1
59 237 1
3028 237 1
57 237 1
72 237 1
63 237 1
2773 237 1
308 237 1
3882 237 1
192 237 1
589 237 1
1833 237 1
3890 237 1
583 237 1
17 237 1
346 237 1
3234 237 1
1550 237 1
4052 237 1
92 237 1
3597 237 1
2931 237 1
0 237 1
4570 237 1
3852 237 1
1645 237 1
114 237 1
903 238 1
3427 238 1
588 238 1
465 238 1
3303 238 1
101 238 1
3478 238 1
2898 238 1
6 238 1
4157 238 1
1945 238 1
4179 238 1
917 238 1
221 238 1
25 238 1
3631 238 1
2162 238 1
2862 238 1
4703 238 1
22 238 1
1883 238 1
1247 238 1
786 238 1
2111 238 1
733 238 1
10 238 1
2767 238 1
1428 238 1
1495 238 1
3730 238 1
11 238 1
815 238 1
1653 238 1
416 238 1
4629 238 1
3195 238 1
4690 238 1
635 238 1
141 238 1
84 238 1
2913 238 1
1 238 1
422 238 1
4932 238 1
1892 238 1
1370 238 1
703 238 1
996 238 1
3404 238 1
2454 238 1
239 238 1
0 238 1
2379 238 1
0 238 1
1564 238 1
486 238 1
974 238 1
102 238 1
1940 238 1
4571 238 1
2878 238 1
1758 238 1
2584 238 1
2991 238 1
4791 238 1
823 238 1
14 238 1
4989 238 1
1902 238 1
1225 238 1
762 238 1
2405 238 1
941 238 1
1703 238 1
3872 238 1
2312 238 1
1455 238 1
2848 238 1
913 238 1
1657 238 1
2426 238 1
1489 238 1
3084 238 1
2596 238 1
3940 238 1
3730 238 1
613 238 1
886 238 1
51 238 1
2913 238 1
4205 238 1
1768 238 1
872 238 1
2778 238 1
143 238 1
982 238 1
1410 238 1
648 238 1
527 238 1
378 238 1
0 238 1
946 238 1
1177 238 1
673 238 1
4210 238 1
13 238 1
1785 238 1
756 238 1
4084 238 1
1588 238 1
953 238 1
1552 238 1
822 238 1
3940 238 1
445 238 1
2219 238 1
1978 238 1
155 238 1
11 238 1
563 238 1
1823 238 1
2183 238 1
91 238 1
1607 238 1
184 238 1
2854 238 1
2928 238 1
1206 238 1
4587 238 1
728 238 1
1234 238 1
1515 238 1
4964 238 1
1762 238 1
990 238 1
2742 238 1
4951 238 1
4849 238 1
1364 238 1
4 238 1
252 238 1
566 238 1
337 238 1
670 238 1
236 238 1
136 238 1
4938 238 1
103 238 1
1297 238 1
3584 238 1
4859 238 1
0 238 1
14 238 1
2196 238 1
2081 238 1
3317 238 1
3230 238 1
1653 238 1
399 238 1
112 238 1
2574 238 1
571 238 1
116 238 1
426 238 1
3712 238 1
2804 238 1
354 238 1
3325 238 1
50 238 1
839 238 1
197 238 1
166 238 1
1759 238 1
3995 238 1
133 238 1
93 238 1
4166 238 1
831 238 1
3503 238 1
3299 238 1
3487 238 1
2191 238 1
1014 238 1
1858 238 1
2238 238 1
419 238 1
1153 238 1
636 238 1
2754 238 1
26 238 1
19 238 1
3152 238 1
1629 238 1
1299 238 1
230 238 1
450 238 1
482 238 1
3510 238 1
471 238 1
4465 238 1
1176 238 1
2053 238 1
2893 238 1
1 238 1
4709 238 1
2204 238 1
613 238 1
828 238 1
57 238 1
1328 238 1
557 238 1
170 238 1
3670 238 1
4475 238 1
1412 238 1
4458 238 1
822 238 1
444 238 1
2394 238 1
1225 238 1
1043 238 1
1291 238 1
2455 238 1
4963 238 1
73 238 1
1 238 1
4476 238 1
1191 238 1
15 238 1
4541 238 1
3017 238 1
1769 238 1
1184 238 1
1039 238 1
2658 238 1
3113 238 1
3196 238 1
29 238 1
968 238 1
178 238 1
5 238 1
146 238 1
3 238 1
402 238 1
157 238 1
249 238 1
4255 238 1
327 238 1
876 238 1
2590 238 1
2943 238 1
1633 238 1
11 238 1
4717 238 1
227 238 1
1622 238 1
2959 238 1
455 238 1
2624 238 1
2460 238 1
3277 238 1
736 238 1
1178 238 1
8 238 1
200 238 1
1457 238 1
1893 238 1
743 238 1
3871 238 1
2567 238 1
2353 238 1
311 238 1
2175 238 1
2349 238 1
181 238 1
12 238 1
1634 238 1
17 238 1
2417 238 1
123 238 1
2583 238 1
146 238 1
1919 238 1
2411 238 1
662 238 1
984 238 1
1786 238 1
4677 238 1
3900 238 1
795 238 1
2102 238 1
2214 238 1
61 238 1
668 238 1
696 238 1
3966 238 1
284 238 1
2547 238 1
1714 238 1
4329 238 1
4063 238 1
588 238 1
2372 238 1
674 238 1
16 238 1
48 238 1
41 238 1
2154 238 1
155 238 1
2529 238 1
122 238 1
1339 238 1
47 238 1
2682 238 1
373 238 1
3866 238 1
1998 238 1
484 238 1
1233 238 1
1023 238 1
1226 238 1
1652 238 1
2483 238 1
3743 238 1
2989 238 1
20 238 1
108 238 1
60 238 1
4377 238 1
177 238 1
1135 238 1
2258 238 1
2293 238 1
46 238 1
93 238 1
493 238 1
4050 238 1
2976 238 1
2412 238 1
2703 238 1
257 238 1
797 238 1
96 238 1
2358 238 1
19 238 1
4841 239 1
735 239 1
1810 239 1
1467 239 1
474 239 1
1976 239 1
4859 239 1
353 239 1
582 239 1
491 239 1
1176 239 1
1793 239 1
724 239 1
4901 239 1
1420 239 1
117 239 1
640 239 1
2245 239 1
4 239 1
2961 239 1
243 239 1
117 239 1
43 239 1
0 239 1
1088 239 1
1527 239 1
812 239 1
2828 239 1
1348 239 1
1165 239 1
298 239 1
2548 239 1
2799 239 1
1176 239 1
4582 239 1
4329 239 1
2803 239 1
87 239 1
3 239 1
342 239 1
1974 239 1
3 239 1
4534 239 1
274 239 1
1118 239 1
290 239 1
3614 239 1
3059 239 1
2277 239 1
1440 239 1
683 239 1
862 239 1
199 239 1
2389 239 1
1245 239 1
1133 239 1
217 239 1
4642 239 1
2739 239 1
1488 239 1
4374 239 1
4697 239 1
342 239 1
4257 239 1
1 239 1
1415 239 1
4007 239 1
1293 239 1
210 239 1
726 239 1
3679 239 1
1569 239 1
1370 239 1
576 239 1
7 239 1
4033 239 1
1455 239 1
4004 239 1
3544 239 1
67 239 1
2749 239 1
0 239 1
3813 239 1
363 239 1
4280 239 1
175 239 1
0 239 1
243 239 1
52 239 1
22 239 1
3171 239 1
2064 239 1
247 239 1
2730 239 1
1250 239 1
1015 239 1
318 239 1
98 239 1
2440 239 1
249 239 1
1744 239 1
1621 239 1
739 239 1
2153 239 1
2069 239 1
500 239 1
2289 239 1
4124 239 1
699 239 1
435 239 1
178 239 1
1102 239 1
711 239 1
375 239 1
494 239 1
825 239 1
1187 239 1
357 239 1
623 239 1
469 239 1
952 239 1
1406 239 1
3196 239 1
601 239 1
1828 239 1
4293 239 1
3964 239 1
309 239 1
1700 239 1
4000 239 1
288 239 1
142 239 1
1823 239 1
3786 239 1
3423 239 1
819 239 1
1623 239 1
3534 239 1
3755 239 1
2600 239 1
1300 239 1
685 239 1
26 239 1
266 239 1
5 239 1
2824 239 1
2436 239 1
2986 239 1
4100 239 1
2341 239 1
2252 239 1
63 239 1
3758 239 1
4004 239 1
565 239 1
3859 239 1
750 239 1
486 239 1
3361 239 1
480 239 1
3205 239 1
413 239 1
20 239 1
1316 239 1
73 239 1
3146 239 1
390 239 1
1443 239 1
11 239 1
92 239 1
2731 239 1
1163 239 1
5 239 1
829 239 1
658 239 1
28 239 1
4662 239 1
234 239 1
2377 239 1
274 239 1
3833 239 1
4264 239 1
353 239 1
608 239 1
1212 239 1
2331 239 1
4911 239 1
11 239 1
3800 239 1
205 239 1
847 239 1
1499 239 1
185 239 1
1282 239 1
1918 239 1
1000 239 1
550 239 1
4100 239 1
332 239 1
553 239 1
242 239 1
304 239 1
2897 239 1
2054 239 1
4877 239 1
1170 239 1
1012 239 1
1092 239 1
3211 239 1
2681 239 1
1765 239 1
1465 239 1
750 239 1
180 239 1
2028 239 1
48 239 1
1454 239 1
21 239 1
0 239 1
4166 239 1
2533 239 1
646 239 1
4467 239 1
424 239 1
84 239 1
519 239 1
376 239 1
66 239 1
16 239 1
2618 239 1
699 239 1
2200 239 1
4 239 1
1144 239 1
1149 239 1
2979 239 1
31 239 1
1 239 1
534 239 1
4801 239 1
21 239 1
2282 239 1
784 239 1
276 239 1
1499 239 1
546 239 1
2959 239 1
4364 239 1
3018 239 1
250 239 1
4 239 1
2211 239 1
3682 239 1
421 239 1
990 239 1
46 239 1
920 239 1
2274 239 1
1004 239 1
2 239 1
1961 239 1
169 239 1
4443 239 1
1611 239 1
1972 239 1
1528 239 1
250 239 1
2002 239 1
4980 239 1
4934 239 1
2379 239 1
424 239 1
74 239 1
78 239 1
1211 239 1
1115 239 1
2721 239 1
4066 239 1
1049 239 1
153 239 1
1329 239 1
1433 239 1
1483 239 1
386 239 1
333 239 1
94 239 1
3246 239 1
851 239 1
3796 239 1
2963 239 1
2991 239 1
672 239 1
732 239 1
2201 239 1
822 239 1
873 239 1
4721 239 1
4259 239 1
123 239 1
4035 239 1
104 239 1
200 239 1
216 239 1
1436 239 1
7 239 1
4455 239 1
2 239 1
271 239 1
3575 239 1
536 239 1
1073 239 1
1520 239 1
77 239 1
3561 239 1
5 239 1
3329 239 1
1108 239 1
4698 239 1
425 239 1
33 239 1
3771 239 1
4974 239 1
87 239 1
68 239 1
552 239 1
1473 239 1
1553 239 1
1870 239 1
521 239 1
210 239 1
2235 239 1
1526 239 1
657 239 1
1022 239 1
2019 239 1
151 239 1
2782 239 1
1933 239 1
2670 239 1
191 239 1
723 239 1
0 239 1
426 239 1
3318 239 1
3279 239 1
271 240 1
281 240 1
274 240 1
4810 240 1
4359 240 1
611 240 1
1588 240 1
3621 240 1
2240 240 1
978 240 1
807 240 1
1475 240 1
714 240 1
287 240 1
3448 240 1
3957 240 1
10 240 1
984 240 1
162 240 1
700 240 1
3086 240 1
579 240 1
4409 240 1
187 240 1
4960 240 1
454 240 1
2593 240 1
198 240 1
677 240 1
915 240 1
4772 240 1
3187 240 1
1063 240 1
817 240 1
226 240 1
698 240 1
227 240 1
2880 240 1
3158 240 1
1929 240 1
1502 240 1
623 240 1
1608 240 1
3998 240 1
442 240 1
1162 240 1
4957 240 1
58 240 1
50 240 1
2195 240 1
4271 240 1
238 240 1
234 240 1
4207 240 1
3724 240 1
2838 240 1
734 240 1
3279 240 1
4563 240 1
3415 240 1
31 240 1
23 240 1
1677 240 1
4100 240 1
1973 240 1
3914 240 1
1131 240 1
15 240 1
46 240 1
761 240 1
3189 240 1
16 240 1
3019 240 1
1149 240 1
1809 240 1
86 240 1
4324 240 1
159 240 1
4361 240 1
3100 240 1
1966 240 1
2263 240 1
7 240 1
2055 240 1
4014 240 1
927 240 1
183 240 1
381 240 1
44 240 1
273 240 1
139 240 1
1881 240 1
258 240 1
3484 240 1
60 240 1
2709 240 1
2239 240 1
1302 240 1
4408 240 1
40 240 1
58 240 1
2008 240 1
4327 240 1
743 240 1
4643 240 1
1782 240 1
2972 240 1
676 240 1
301 240 1
2309 240 1
47 240 1
94 240 1
7 240 1
317 240 1
4 240 1
2075 240 1
3748 240 1
1886 240 1
1219 240 1
2 240 1
11 240 1
111 240 1
1613 240 1
2993 240 1
11 240 1
248 240 1
1186 240 1
1560 240 1
2259 240 1
2467 240 1
2331 240 1
380 240 1
97 240 1
2895 240 1
630 240 1
4865 240 1
4551 240 1
3 240 1
1122 240 1
4650 240 1
2937 240 1
128 240 1
2253 240 1
8 240 1
6 240 1
2703 240 1
2071 240 1
1841 240 1
3944 240 1
344 240 1
3426 240 1
762 240 1
92 240 1
2746 240 1
1088 240 1
12 240 1
1173 240 1
3271 240 1
1332 240 1
1805 240 1
1 240 1
2585 240 1
80 240 1
3601 240 1
2 240 1
3035 240 1
1614 240 1
696 240 1
1482 240 1
504 240 1
874 240 1
663 240 1
2489 240 1
272 240 1
1248 240 1
476 240 1
497 240 1
177 240 1
1570 240 1
1150 240 1
142 240 1
2544 240 1
4944 240 1
298 240 1
1164 240 1
920 240 1
1947 240 1
84 240 1
817 240 1
4255 240 1
3321 240 1
78 240 1
4361 240 1
4467 240 1
1019 240 1
20 240 1
25 240 1
4274 240 1
425 240 1
921 240 1
4044 240 1
837 240 1
2441 240 1
93 240 1
26 240 1
88 240 1
0 240 1
532 240 1
2384 240 1
3613 240 1
535 240 1
1388 240 1
4245 240 1
3971 240 1
51 240 1
2759 240 1
683 240 1
0 240 1
2093 240 1
767 240 1
3831 240 1
3386 240 1
622 240 1
697 240 1
574 240 1
579 240 1
159 240 1
621 240 1
834 240 1
1870 240 1
31 240 1
175 240 1
3337 240 1
449 240 1
4965 240 1
3061 240 1
97 240 1
4610 240 1
1867 240 1
1450 240 1
1118 240 1
3767 240 1
1015 240 1
4178 240 1
1859 240 1
857 240 1
15 240 1
1624 240 1
859 240 1
4366 240 1
917 240 1
323 240 1
4839 240 1
2489 240 1
2189 240 1
2243 240 1
131 240 1
2809 240 1
1184 240 1
4275 240 1
2380 240 1
1770 240 1
607 240 1
1707 240 1
478 240 1
2262 240 1
22 240 1
0 240 1
53 240 1
1236 240 1
4908 240 1
4267 240 1
2236 240 1
0 240 1
1372 240 1
3840 240 1
4198 240 1
163 240 1
3696 240 1
423 240 1
21 240 1
1297 240 1
3424 240 1
4863 240 1
705 240 1
3 240 1
1385 240 1
3592 240 1
4869 240 1
1171 240 1
4548 240 1
4938 240 1
711 240 1
92 240 1
250 240 1
2042 240 1
1365 240 1
2456 240 1
2109 240 1
235 240 1
2399 240 1
4634 240 1
4655 240 1
713 240 1
7 240 1
364 240 1
1679 240 1
247 240 1
4909 240 1
100 240 1
748 240 1
2252 240 1
264 240 1
1129 240 1
1520 240 1
2789 240 1
3834 240 1
195 240 1
1889 240 1
1894 240 1
35 240 1
628 240 1
4030 240 1
1594 240 1
19 240 1
1830 240 1
2 240 1
1912 240 1
2 240 1
1385 240 1
203 240 1
3324 240 1
1710 240 1
322 240 1
1297 240 1
912 240 1
2792 240 1
733 240 1
39 240 1
3032 240 1
4236 240 1
3965 240 1
1275 240 1
819 240 1
479 240 1
3574 241 1
1070 241 1
2 241 1
72 241 1
983 241 1
2995 241 1
2244 241 1
3978 241 1
168 241 1
2647 241 1
107 241 1
13 241 1
1570 241 1
3814 241 1
266 241 1
441 241 1
893 241 1
528 241 1
1979 241 1
13 241 1
1428 241 1
96 241 1
4165 241 1
156 241 1
3692 241 1
775 241 1
795 241 1
152 241 1
4142 241 1
2251 241 1
1691 241 1
3338 241 1
4403 241 1
3920 241 1
44 241 1
992 241 1
552 241 1
3578 241 1
333 241 1
18 241 1
208 241 1
198 241 1
1681 241 1
733 241 1
2 241 1
4850 241 1
2 241 1
4000 241 1
15 241 1
344 241 1
879 241 1
43 241 1
3385 241 1
1010 241 1
4041 241 1
3315 241 1
366 241 1
2680 241 1
776 241 1
1447 241 1
232 241 1
813 241 1
3064 241 1
4373 241 1
1573 241 1
538 241 1
3042 241 1
861 241 1
15 241 1
170 241 1
4510 241 1
499 241 1
2486 241 1
1358 241 1
3216 241 1
2811 241 1
345 241 1
3461 241 1
1453 241 1
892 241 1
2276 241 1
2915 241 1
27 241 1
263 241 1
1225 241 1
8 241 1
204 241 1
244 241 1
3975 241 1
2687 241 1
148 241 1
164 241 1
3457 241 1
3662 241 1
1062 241 1
3052 241 1
505 241 1
128 241 1
216 241 1
172 241 1
663 241 1
1910 241 1
3673 241 1
3159 241 1
2767 241 1
3950 241 1
469 241 1
740 241 1
831 241 1
11 241 1
29 241 1
4590 241 1
959 241 1
8 241 1
3964 241 1
0 241 1
1384 241 1
4781 241 1
216 241 1
181 241 1
454 241 1
3119 241 1
642 241 1
2068 241 1
4339 241 1
153 241 1
1091 241 1
457 241 1
3828 241 1
804 241 1
165 241 1
78 241 1
3553 241 1
541 241 1
170 241 1
3299 241 1
1587 241 1
2663 241 1
66 241 1
1420 241 1
4878 241 1
3737 241 1
133 241 1
1003 241 1
1572 241 1
4068 241 1
3653 241 1
1143 241 1
403 241 1
799 241 1
27 241 1
2442 241 1
4359 241 1
918 241 1
458 241 1
1661 241 1
1387 241 1
533 241 1
1066 241 1
3399 241 1
4493 241 1
1097 241 1
290 241 1
4410 241 1
3 241 1
2 241 1
480 241 1
6 241 1
2552 241 1
1169 241 1
1476 241 1
490 241 1
111 241 1
508 241 1
9 241 1
262 241 1
216 241 1
2043 241 1
837 241 1
3500 241 1
1947 241 1
4 241 1
3316 241 1
1991 241 1
2169 241 1
2253 241 1
4717 241 1
4659 241 1
1515 241 1
2282 241 1
614 241 1
2370 241 1
679 241 1
2279 241 1
855 241 1
47 241 1
1215 241 1
1020 241 1
101 241 1
1319 241 1
4098 241 1
3357 241 1
3555 241 1
1512 241 1
7 241 1
349 241 1
393 241 1
309 241 1
657 241 1
1241 241 1
680 241 1
775 241 1
4717 241 1
503 241 1
2367 241 1
1546 241 1
710 241 1
770 241 1
996 241 1
49 241 1
4300 241 1
2445 241 1
529 241 1
44 241 1
174 241 1
2358 241 1
3974 241 1
4119 241 1
1 241 1
408 241 1
2557 241 1
4457 241 1
53 241 1
1179 241 1
2728 241 1
3807 241 1
3778 241 1
521 241 1
3516 241 1
3797 241 1
4651 241 1
3976 241 1
649 241 1
1195 241 1
3844 241 1
2923 241 1
3107 241 1
794 241 1
2141 241 1
1622 241 1
3078 241 1
897 241 1
1034 241 1
68 241 1
2519 241 1
1965 241 1
660 241 1
1075 241 1
3927 241 1
4549 241 1
86 241 1
948 241 1
1843 241 1
3139 241 1
2273 241 1
1073 241 1
1205 241 1
15 241 1
2382 241 1
2505 241 1
99 241 1
595 241 1
3270 241 1
1040 241 1
2877 241 1
317 241 1
2824 241 1
3618 241 1
2 241 1
1740 241 1
2003 241 1
1491 241 1
3912 241 1
631 241 1
271 241 1
233 241 1
106 241 1
3 241 1
1250 241 1
276 241 1
2781 241 1
3194 241 1
0 241 1
17 241 1
44 241 1
1033 241 1
1779 241 1
4255 241 1
2652 241 1
1847 241 1
1459 241 1
65 241 1
921 241 1
2397 241 1
1529 241 1
1335 241 1
954 241 1
2649 241 1
520 241 1
24 241 1
392 241 1
2191 241 1
70 241 1
3125 241 1
718 241 1
671 241 1
1482 241 1
5 241 1
1225 241 1
2678 241 1
843 241 1
1733 241 1
3691 241 1
2449 241 1
1501 241 1
295 241 1
372 241 1
401 241 1
1643 241 1
187 241 1
561 241 1
3519 241 1
2790 241 1
3491 241 1
1314 241 1
2127 241 1
1615 241 1
390 241 1
5 241 1
0 241 1
1081 241 1
65 241 1
924 241 1
1244 241 1
3424 241 1
297 242 1
348 242 1
3292 242 1
2339 242 1
651 242 1
3315 242 1
3443 242 1
525 242 1
3824 242 1
129 242 1
1137 242 1
220 242 1
267 242 1
5 242 1
1230 242 1
36 242 1
1431 242 1
462 242 1
3781 242 1
474 242 1
843 242 1
3977 242 1
3992 242 1
3629 242 1
4423 242 1
49 242 1
5 242 1
92 242 1
1 242 1
2324 242 1
4001 242 1
86 242 1
882 242 1
2 242 1
833 242 1
897 242 1
3648 242 1
2142 242 1
4192 242 1
901 242 1
282 242 1
1148 242 1
4396 242 1
24 242 1
3822 242 1
133 242 1
366 242 1
47 242 1
1306 242 1
1 242 1
146 242 1
3863 242 1
2221 242 1
4314 242 1
2859 242 1
2354 242 1
2507 242 1
3743 242 1
53 242 1
1754 242 1
445 242 1
2128 242 1
4673 242 1
0 242 1
4258 242 1
1040 242 1
1578 242 1
799 242 1
587 242 1
209 242 1
2551 242 1
258 242 1
12 242 1
244 242 1
2017 242 1
3923 242 1
2805 242 1
330 242 1
2624 242 1
3503 242 1
2887 242 1
168 242 1
2216 242 1
4655 242 1
3893 242 1
1440 242 1
688 242 1
4273 242 1
107 242 1
673 242 1
4594 242 1
3997 242 1
389 242 1
383 242 1
1625 242 1
3546 242 1
21 242 1
2891 242 1
5 242 1
17 242 1
3010 242 1
2822 242 1
44 242 1
175 242 1
0 242 1
200 242 1
543 242 1
1871 242 1
1483 242 1
1733 242 1
803 242 1
279 242 1
1834 242 1
450 242 1
170 242 1
255 242 1
3 242 1
4259 242 1
886 242 1
293 242 1
2765 242 1
1133 242 1
457 242 1
34 242 1
112 242 1
216 242 1
277 242 1
50 242 1
4518 242 1
442 242 1
2338 242 1
3114 242 1
253 242 1
258 242 1
123 242 1
34 242 1
470 242 1
108 242 1
3627 242 1
515 242 1
1635 242 1
1737 242 1
17 242 1
4288 242 1
3315 242 1
2427 242 1
1939 242 1
3713 242 1
555 242 1
1549 242 1
9 242 1
67 242 1
720 242 1
37 242 1
1519 242 1
4123 242 1
76 242 1
2177 242 1
1824 242 1
1135 242 1
4695 242 1
1464 242 1
84 242 1
2092 242 1
2246 242 1
4097 242 1
1393 242 1
714 242 1
1191 242 1
0 242 1
217 242 1
66 242 1
152 242 1
583 242 1
95 242 1
197 242 1
237 242 1
367 242 1
2991 242 1
3793 242 1
919 242 1
121 242 1
1248 242 1
479 242 1
1056 242 1
4988 242 1
4253 242 1
2076 242 1
3644 242 1
3600 242 1
2777 242 1
2390 242 1
4622 242 1
1601 242 1
1039 242 1
4709 242 1
0 242 1
39 242 1
1918 242 1
1853 242 1
23 242 1
31 242 1
2596 242 1
3260 242 1
2936 242 1
65 242 1
2972 242 1
4923 242 1
4396 242 1
388 242 1
271 242 1
4623 242 1
1246 242 1
2724 242 1
527 242 1
1658 242 1
692 242 1
2291 242 1
1416 242 1
786 242 1
725 242 1
349 242 1
474 242 1
748 242 1
845 242 1
246 242 1
90 242 1
77 242 1
222 242 1
121 242 1
3 242 1
91 242 1
1231 242 1
140 242 1
3266 242 1
22 242 1
18 242 1
1633 242 1
4501 242 1
306 242 1
2162 242 1
28 242 1
0 242 1
784 242 1
1423 242 1
229 242 1
152 242 1
21 242 1
1531 242 1
1856 242 1
15 242 1
6 242 1
569 242 1
970 242 1
2377 242 1
1919 242 1
207 242 1
1703 242 1
1289 242 1
3457 242 1
2 242 1
36 242 1
289 242 1
1024 242 1
1241 242 1
393 242 1
2930 242 1
1249 242 1
1889 242 1
1474 242 1
917 242 1
996 242 1
4676 242 1
1285 242 1
3130 242 1
283 242 1
367 242 1
946 242 1
2521 242 1
3952 242 1
457 242 1
3720 242 1
1386 242 1
2210 242 1
1480 242 1
980 242 1
1894 242 1
2523 242 1
3172 242 1
4144 242 1
3432 242 1
642 242 1
435 242 1
102 242 1
4282 242 1
182 242 1
1708 242 1
8 242 1
1339 242 1
163 242 1
4346 242 1
123 242 1
3175 242 1
2364 242 1
3062 242 1
233 242 1
1968 242 1
703 242 1
4786 242 1
367 242 1
510 242 1
1679 242 1
0 242 1
587 242 1
3856 242 1
3 242 1
747 242 1
3237 242 1
4663 242 1
291 242 1
238 242 1
793 242 1
945 242 1
1523 242 1
1065 242 1
3354 242 1
44 242 1
53 242 1
523 242 1
2203 242 1
3878 242 1
1158 242 1
2700 242 1
1676 242 1
840 242 1
1537 242 1
4915 242 1
1699 242 1
1546 242 1
1602 242 1
15 242 1
2795 242 1
3454 242 1
869 242 1
2428 242 1
1050 243 1
422 243 1
38 243 1
940 243 1
4650 243 1
834 243 1
3383 243 1
4071 243 1
92 243 1
50 243 1
550 243 1
868 243 1
1608 243 1
4217 243 1
88 243 1
1271 243 1
298 243 1
1878 243 1
3188 243 1
1879 243 1
3059 243 1
3010 243 1
4854 243 1
3997 243 1
3618 243 1
2167 243 1
331 243 1
34 243 1
13 243 1
451 243 1
23 243 1
3854 243 1
486 243 1
348 243 1
29 243 1
1082 243 1
673 243 1
446 243 1
0 243 1
4779 243 1
1596 243 1
1093 243 1
2815 243 1
4047 243 1
35 243 1
2326 243 1
51 243 1
2339 243 1
8 243 1
3586 243 1
2734 243 1
77 243 1
1557 243 1
1310 243 1
3057 243 1
236 243 1
1157 243 1
735 243 1
4 243 1
3751 243 1
2127 243 1
311 243 1
4433 243 1
865 243 1
209 243 1
3866 243 1
259 243 1
494 243 1
4547 243 1
3425 243 1
3381 243 1
3949 243 1
2353 243 1
129 243 1
1426 243 1
1702 243 1
887 243 1
1878 243 1
4042 243 1
4588 243 1
2207 243 1
1082 243 1
1291 243 1
365 243 1
2 243 1
417 243 1
147 243 1
4623 243 1
1538 243 1
3747 243 1
882 243 1
27 243 1
694 243 1
1958 243 1
648 243 1
3159 243 1
23 243 1
0 243 1
4083 243 1
2275 243 1
1596 243 1
3887 243 1
3573 243 1
3478 243 1
212 243 1
10 243 1
37 243 1
662 243 1
901 243 1
1254 243 1
4037 243 1
4187 243 1
610 243 1
1498 243 1
304 243 1
2140 243 1
2280 243 1
1567 243 1
934 243 1
304 243 1
83 243 1
1547 243 1
137 243 1
1364 243 1
4761 243 1
3434 243 1
4069 243 1
76 243 1
4723 243 1
2660 243 1
612 243 1
4338 243 1
2011 243 1
0 243 1
2792 243 1
453 243 1
13 243 1
662 243 1
2791 243 1
3826 243 1
4859 243 1
1165 243 1
19 243 1
2370 243 1
241 243 1
396 243 1
560 243 1
41 243 1
751 243 1
380 243 1
750 243 1
222 243 1
2056 243 1
4476 243 1
1504 243 1
476 243 1
2588 243 1
434 243 1
1869 243 1
693 243 1
3631 243 1
602 243 1
726 243 1
29 243 1
217 243 1
2412 243 1
239 243 1
1169 243 1
82 243 1
3330 243 1
489 243 1
41 243 1
4323 243 1
831 243 1
2102 243 1
3264 243 1
175 243 1
3683 243 1
3051 243 1
553 243 1
340 243 1
0 243 1
4738 243 1
3424 243 1
4388 243 1
2285 243 1
2548 243 1
495 243 1
652 243 1
1070 243 1
2120 243 1
1158 243 1
961 243 1
36 243 1
27 243 1
770 243 1
2870 243 1
271 243 1
4030 243 1
430 243 1
832 243 1
3968 243 1
47 243 1
312 243 1
4078 243 1
81 243 1
63 243 1
4619 243 1
1304 243 1
3998 243 1
39 243 1
234 243 1
1236 243 1
2238 243 1
961 243 1
1351 243 1
2709 243 1
1546 243 1
1869 243 1
2401 243 1
3090 243 1
98 243 1
1003 243 1
0 243 1
2597 243 1
26 243 1
90 243 1
140 243 1
419 243 1
1892 243 1
4862 243 1
2388 243 1
782 243 1
591 243 1
0 243 1
0 243 1
3683 243 1
313 243 1
225 243 1
2616 243 1
302 243 1
3208 243 1
2286 243 1
1087 243 1
3 243 1
1049 243 1
1755 243 1
0 243 1
199 243 1
3110 243 1
4834 243 1
101 243 1
4250 243 1
1109 243 1
2662 243 1
868 243 1
4431 243 1
3814 243 1
532 243 1
691 243 1
11 243 1
569 243 1
3579 243 1
3996 243 1
2467 243 1
1713 243 1
4609 243 1
3602 243 1
4535 243 1
4269 243 1
419 243 1
272 243 1
1099 243 1
963 243 1
0 243 1
4036 243 1
4937 243 1
1127 243 1
244 243 1
3549 243 1
596 243 1
507 243 1
3689 243 1
3529 243 1
1631 243 1
4418 243 1
2477 243 1
18 243 1
2008 243 1
2819 243 1
2399 243 1
4908 243 1
2122 243 1
4954 243 1
722 243 1
705 243 1
3096 243 1
1193 243 1
2689 243 1
959 243 1
438 243 1
385 243 1
2040 243 1
69 243 1
677 243 1
1665 243 1
2525 243 1
20 243 1
986 243 1
1876 243 1
2122 243 1
1782 243 1
4699 243 1
371 243 1
1111 243 1
4083 243 1
3427 243 1
2372 243 1
2995 243 1
1040 243 1
1177 243 1
378 243 1
2805 243 1
681 243 1
4398 243 1
37 243 1
1059 243 1
2998 243 1
4740 243 1
1927 243 1
4599 243 1
2290 243 1
917 243 1
11 243 1
602 243 1
190 243 1
4482 243 1
665 243 1
1888 243 1
2475 243 1
323 243 1
2007 243 1
1384 243 1
8 243 1
117 243 1
2727 244 1
3225 244 1
766 244 1
2292 244 1
2030 244 1
4622 244 1
958 244 1
4847 244 1
3062 244 1
23 244 1
3094 244 1
1585 244 1
3214 244 1
1122 244 1
1753 244 1
101 244 1
1418 244 1
1728 244 1
35 244 1
2085 244 1
477 244 1
227 244 1
4444 244 1
923 244 1
4063 244 1
3792 244 1
292 244 1
65 244 1
41 244 1
529 244 1
3567 244 1
2968 244 1
114 244 1
43 244 1
641 244 1
4931 244 1
471 244 1
597 244 1
1499 244 1
413 244 1
202 244 1
765 244 1
318 244 1
1931 244 1
4912 244 1
4533 244 1
3637 244 1
214 244 1
1100 244 1
0 244 1
129 244 1
124 244 1
354 244 1
4812 244 1
2814 244 1
2964 244 1
14 244 1
2170 244 1
4072 244 1
2005 244 1
1043 244 1
2295 244 1
289 244 1
3539 244 1
2597 244 1
1607 244 1
508 244 1
4300 244 1
2403 244 1
424 244 1
3638 244 1
330 244 1
3539 244 1
18 244 1
1234 244 1
4833 244 1
2275 244 1
1822 244 1
743 244 1
1536 244 1
1443 244 1
4502 244 1
2 244 1
198 244 1
2451 244 1
404 244 1
389 244 1
1875 244 1
2382 244 1
1037 244 1
1672 244 1
659 244 1
23 244 1
92 244 1
1104 244 1
167 244 1
4076 244 1
2054 244 1
26 244 1
1060 244 1
2218 244 1
2499 244 1
2775 244 1
3633 244 1
1365 244 1
4586 244 1
118 244 1
3991 244 1
260 244 1
385 244 1
3876 244 1
4210 244 1
3214 244 1
2660 244 1
4396 244 1
2337 244 1
1209 244 1
1488 244 1
552 244 1
1228 244 1
3511 244 1
77 244 1
523 244 1
1340 244 1
919 244 1
255 244 1
1155 244 1
2348 244 1
517 244 1
4602 244 1
2320 244 1
1276 244 1
3836 244 1
2960 244 1
2754 244 1
0 244 1
121 244 1
1608 244 1
3163 244 1
412 244 1
71 244 1
4090 244 1
4975 244 1
455 244 1
2114 244 1
3183 244 1
815 244 1
840 244 1
3993 244 1
3408 244 1
15 244 1
1390 244 1
3442 244 1
289 244 1
4269 244 1
3883 244 1
2915 244 1
4676 244 1
911 244 1
75 244 1
2 244 1
57 244 1
244 244 1
517 244 1
1904 244 1
3791 244 1
142 244 1
2410 244 1
2791 244 1
397 244 1
4876 244 1
3901 244 1
2781 244 1
288 244 1
897 244 1
4194 244 1
787 244 1
14 244 1
225 244 1
0 244 1
4260 244 1
2535 244 1
1269 244 1
1177 244 1
70 244 1
200 244 1
344 244 1
4 244 1
929 244 1
31 244 1
1431 244 1
4027 244 1
4394 244 1
2883 244 1
503 244 1
2146 244 1
2756 244 1
646 244 1
3097 244 1
4005 244 1
85 244 1
251 244 1
611 244 1
138 244 1
277 244 1
169 244 1
3428 244 1
2977 244 1
5 244 1
646 244 1
3982 244 1
6 244 1
461 244 1
1156 244 1
3960 244 1
455 244 1
717 244 1
69 244 1
2 244 1
3240 244 1
68 244 1
4986 244 1
31 244 1
724 244 1
1862 244 1
554 244 1
596 244 1
1290 244 1
77 244 1
642 244 1
2348 244 1
3677 244 1
3356 244 1
2155 244 1
259 244 1
3635 244 1
1787 244 1
1689 244 1
2670 244 1
1967 244 1
1366 244 1
1375 244 1
1844 244 1
129 244 1
4693 244 1
3262 244 1
4136 244 1
507 244 1
1934 244 1
2 244 1
46 244 1
1453 244 1
2866 244 1
328 244 1
1184 244 1
8 244 1
74 244 1
2566 244 1
2708 244 1
318 244 1
3260 244 1
892 244 1
3425 244 1
232 244 1
977 244 1
421 244 1
18 244 1
310 244 1
27 244 1
3206 244 1
1896 244 1
2254 244 1
3132 244 1
2115 244 1
2780 244 1
51 244 1
0 244 1
0 244 1
403 244 1
7 244 1
1787 244 1
786 244 1
16 244 1
2110 244 1
1477 244 1
1 244 1
2354 244 1
3990 244 1
6 244 1
3342 244 1
627 244 1
12 244 1
370 244 1
3630 244 1
951 244 1
5 244 1
1374 244 1
170 244 1
0 244 1
2140 244 1
2360 244 1
178 244 1
1280 244 1
1813 244 1
2585 244 1
1505 244 1
1994 244 1
3005 244 1
0 244 1
3779 244 1
669 244 1
161 244 1
2195 244 1
1347 244 1
471 244 1
1854 244 1
81 244 1
3871 244 1
3459 244 1
1339 244 1
1947 244 1
2056 244 1
1187 244 1
385 244 1
571 244 1
3238 244 1
4768 244 1
1447 244 1
135 244 1
1215 244 1
4 244 1
395 244 1
1598 244 1
3074 244 1
247 244 1
2093 244 1
19 244 1
979 244 1
1686 244 1
1348 244 1
2000 244 1
385 244 1
5 244 1
3102 244 1
1867 244 1
168 245 1
3998 245 1
3507 245 1
1075 245 1
512 245 1
4386 245 1
153 245 1
2705 245 1
884 245 1
429 245 1
4065 245 1
954 245 1
1297 245 1
1682 245 1
35 245 1
72 245 1
385 245 1
2068 245 1
4653 245 1
273 245 1
658 245 1
76 245 1
1760 245 1
373 245 1
4415 245 1
1196 245 1
236 245 1
0 245 1
469 245 1
4427 245 1
37 245 1
1714 245 1
4782 245 1
268 245 1
4608 245 1
22 245 1
2223 245 1
3549 245 1
242 245 1
33 245 1
2330 245 1
3874 245 1
1824 245 1
1534 245 1
1985 245 1
1634 245 1
368 245 1
28 245 1
51 245 1
3955 245 1
2 245 1
2371 245 1
1317 245 1
23 245 1
737 245 1
467 245 1
3731 245 1
4691 245 1
1363 245 1
4965 245 1
1312 245 1
854 245 1
342 245 1
2022 245 1
2107 245 1
3341 245 1
3970 245 1
2452 245 1
565 245 1
4955 245 1
1945 245 1
571 245 1
7 245 1
1923 245 1
1664 245 1
3708 245 1
28 245 1
1890 245 1
241 245 1
39 245 1
256 245 1
255 245 1
21 245 1
133 245 1
194 245 1
3857 245 1
1264 245 1
55 245 1
1778 245 1
3233 245 1
3669 245 1
4871 245 1
3531 245 1
1320 245 1
199 245 1
1392 245 1
31 245 1
1792 245 1
563 245 1
2860 245 1
1 245 1
3276 245 1
286 245 1
231 245 1
1233 245 1
661 245 1
4841 245 1
887 245 1
3522 245 1
2800 245 1
1404 245 1
1961 245 1
1426 245 1
944 245 1
32 245 1
166 245 1
246 245 1
4277 245 1
12 245 1
1322 245 1
2323 245 1
712 245 1
3079 245 1
982 245 1
4220 245 1
4152 245 1
591 245 1
279 245 1
198 245 1
666 245 1
2576 245 1
1873 245 1
3243 245 1
1239 245 1
29 245 1
759 245 1
1754 245 1
8 245 1
904 245 1
612 245 1
332 245 1
132 245 1
190 245 1
2538 245 1
3638 245 1
4371 245 1
909 245 1
3036 245 1
1682 245 1
2673 245 1
2929 245 1
128 245 1
4720 245 1
3537 245 1
2133 245 1
3703 245 1
69 245 1
221 245 1
1325 245 1
2623 245 1
673 245 1
4281 245 1
206 245 1
310 245 1
4335 245 1
239 245 1
371 245 1
1111 245 1
1405 245 1
4705 245 1
479 245 1
3137 245 1
154 245 1
1739 245 1
3188 245 1
47 245 1
927 245 1
172 245 1
642 245 1
291 245 1
630 245 1
239 245 1
2459 245 1
2807 245 1
1265 245 1
2331 245 1
268 245 1
7 245 1
1589 245 1
1696 245 1
387 245 1
4115 245 1
1175 245 1
1218 245 1
2257 245 1
1353 245 1
2466 245 1
2649 245 1
2731 245 1
0 245 1
57 245 1
3446 245 1
474 245 1
1238 245 1
418 245 1
90 245 1
995 245 1
2691 245 1
71 245 1
11 245 1
11 245 1
147 245 1
55 245 1
3621 245 1
4562 245 1
1021 245 1
2509 245 1
13 245 1
2566 245 1
387 245 1
983 245 1
252 245 1
1198 245 1
4030 245 1
1404 245 1
491 245 1
251 245 1
2278 245 1
614 245 1
281 245 1
293 245 1
1042 245 1
2958 245 1
1686 245 1
4039 245 1
442 245 1
4086 245 1
265 245 1
683 245 1
1638 245 1
1900 245 1
3424 245 1
1114 245 1
218 245 1
1927 245 1
108 245 1
3066 245 1
4806 245 1
513 245 1
0 245 1
3296 245 1
184 245 1
13 245 1
2701 245 1
2527 245 1
140 245 1
2794 245 1
4259 245 1
1696 245 1
438 245 1
300 245 1
617 245 1
0 245 1
9 245 1
3734 245 1
7 245 1
729 245 1
2417 245 1
2871 245 1
2043 245 1
807 245 1
90 245 1
4521 245 1
308 245 1
225 245 1
3244 245 1
4250 245 1
1190 245 1
1845 245 1
99 245 1
137 245 1
1222 245 1
836 245 1
3859 245 1
4521 245 1
11 245 1
783 245 1
1248 245 1
4365 245 1
18 245 1
193 245 1
106 245 1
1552 245 1
233 245 1
7 245 1
2383 245 1
3132 245 1
925 245 1
554 245 1
2355 245 1
2221 245 1
3856 245 1
259 245 1
1275 245 1
4253 245 1
4920 245 1
3749 245 1
2669 245 1
1357 245 1
3422 245 1
3720 245 1
3333 245 1
4560 245 1
4938 245 1
360 245 1
4018 245 1
1435 245 1
1635 245 1
8 245 1
90 245 1
4822 245 1
1511 245 1
2022 245 1
1465 245 1
2107 245 1
2545 245 1
1874 245 1
1008 245 1
311 245 1
28 245 1
998 245 1
227 245 1
3 245 1
4327 245 1
1629 245 1
958 245 1
6 245 1
597 245 1
2101 245 1
4541 245 1
353 245 1
1099 245 1
1907 245 1
1786 245 1
48 245 1
