4210 421 64401 10 375000
942 685 572 979 308 203 764 980 344 90 506 571 144 640 901 726 32 447 540 960 204 213 793 962 327 827 949 947 372 532 55 642 894 804 175 649 55 824 473 264 856 973 688 289 778 795 133 96 620 562 666 709 28 325 171 211 235 202 187 698 856 755 274 7 817 796 818 987 735 163 140 903 756 185 459 482 635 882 388 530 810 294 926 246 264 882 609 362 125 210 303 540 800 181 24 209 823 400 823 29 588 187 929 255 508 848 859 591 431 293 599 102 480 472 605 455 996 655 908 992 930 52 95 376 830 522 63 658 637 638 598 595 765 473 259 36 586 534 248 283 89 190 293 53 229 533 683 225 645 886 737 817 903 91 422 290 398 279 254 533 184 205 816 566 572 668 992 311 625 934 105 239 611 385 120 790 68 407 718 167 974 92 551 68 30 282 443 273 295 939 994 281 493 457 613 900 34 476 922 579 920 70 339 906 13 591 652 763 401 836 427 803 853 334 6 708 889 577 800 73 589 611 881 61 738 794 918 650 331 443 674 269 717 530 549 639 201 947 410 349 716 561 358 986 605 198 116 521 906 11 467 288 434 187 567 239 944 632 63 819 765 250 384 378 729 387 238 647 367 922 714 792 918 7 153 636 373 732 380 823 372 717 284 12 838 808 683 203 735 426 687 438 249 478 403 967 64 522 760 737 8 908 868 50 566 839 799 316 68 703 823 517 902 258 618 784 467 451 842 64 835 525 780 769 734 25 963 113 571 191 211 929 839 103 992 68 534 792 227 996 665 209 185 503 78 199 866 477 491 576 840 736 417 616 20 483 594 898 982 810 410 897 499 183 582 524 308 568 832 722 914 980 594 837 252 108 746 468 140 321 717 591 471 927 693 8 559 742 394 964 672 297 988 891 620 715 931 420 521 916 644 443 766 68 619 285 722 90 681 418 388 358 971 888 548 977 996 88 210 878 896 156 808 924 14 364 81 661 121 652 18 786 820 54 342 169 453 591 649 623 263 858 127 368 39 614 983 253 79 715 614 266 871 907 838 731 376 325 152 360 252 427 159 374 569 261 814 792 983 264 223 492 614 714 562 889 248 256 106 375 82 622 835 574 77 266 133 694 235 322 675 279 824 673 538 422 75 756 312 474 488 894 717 201 609 202 31 191 992 2 110 759 457 36 170 205 636 341 843 572 94 749 626 111 308 2 521 938 675 276 225 822 870 286 927 220 478 481 629 850 668 895 958 57 417 592 425 188 279 491 519 1 999 695 400 577 512 342 9 97 538 35 153 843 157 256 494 389 71 610 623 221 300 342 904 74 837 76 170 539 553 115 123 701 170 868 916 999 907 23 947 352 426 725 350 471 720 533 282 507 127 335 386 644 320 66 966 250 686 330 554 286 83 44 839 7 807 68 83 457 576 834 461 712 778 964 13 146 329 515 553 418 425 633 718 124 83 981 541 211 581 490 205 916 75 546 856 457 66 103 90 387 79 830 560 871 404 946 174 740 584 104 567 234 438 297 239 913 666 925 293 326 601 76 48 958 414 547 18 249 692 834 811 964 502 310 317 867 288 289 529 965 21 59 150 44 909 435 81 447 798 652 449 312 624 941 890 886 114 703 953 786 708 690 113 714 427 81 225 4 802 700 669 704 775 363 855 490 458 884 553 574 311 269 589 217 476 681 212 724 860 728 960 10 57 888 308 59 2 652 405 109 40 965 542 236 998 356 918 193 847 602 388 158 16 596 272 336 241 73 221 84 78 571 211 250 762 152 271 532 517 644 377 332 753 4 357 323 493 192 18 526 932 239 690 422 519 440 593 399 253 818 145 557 354 713 936 429 585 286 372 270 698 809 101 569 349 780 499 914 256 668 304 621 346 921 398 241 238 922 387 624 810 866 299 395 727 354 388 800 366 709 822 793 35 356 79 179 276 151 511 988 432 904 744 420 963 472 91 474 445 247 941 969 795 671 835 84 510 177 964 376 14 903 811 693 614 685 823 349 31 893 899 48 907 531 156 716 208 594 95 249 900 469 185 851 523 783 819 183 392 999 477 39 580 41 241 92 926 137 657 948 585 847 102 581 358 119 132 157 879 673 500 513 609 847 475 113 91 147 999 960 960 105 227 997 60 546 280 319 677 452 170 921 262 689 364 327 266 952 612 571 897 671 718 764 851 736 261 183 9 710 120 477 626 107 835 934 682 358 728 1 466 869 845 450 640 142 115 316 764 398 252 832 372 307 616 674 972 406 924 905 768 841 4 703 327 278 971 933 568 730 815 170 221 292 742 738 127 505 309 677 512 968 554 647 997 718 321 378 625 717 405 381 311 774 519 625 211 751 486 761 902 43 399 916 130 675 405 992 922 944 181 253 463 929 315 705 473 494 376 512 278 266 142 871 759 448 143 680 534 490 957 680 524 561 349 719 854 673 531 61 573 547 150 46 362 54 413 700 327 915 48 164 910 511 585 372 9 678 706 265 214 193 565 626 293 841 610 286 353 37 823 901 483 604 458 538 98 808 295 48 923 857 988 763 258 1000 571 112 121 533 144 310 550 663 581 977 639 526 341 636 443 742 777 178 356 790 764 599 446 373 917 142 215 499 991 360 110 67 290 415 352 781 327 937 543 224 635 607 128 169 900 839 472 223 165 875 790 480 455 178 103 116 599 106 972 980 111 347 283 966 54 777 941 332 595 838 28 680 630 934 437 40 880 530 24 563 872 275 657 319 164 904 555 676 284 288 430 645 204 196 443 957 903 543 683 39 335 546 473 768 437 281 67 197 602 635 124 122 338 263 747 812 672 3 317 619 793 385 303 913 813 217 531 78 330 941 509 291 1000 315 952 249 744 331 932 653 292 1000 347 288 991 919 254 804 159 958 617 168 501 298 487 400 17 859 439 739 90 453 995 43 490 805 932 895 458 256 97 993 749 26 663 248 469 840 32 763 754 900 165 45 475 609 387 425 895 449 706 861 405 74 917 974 757 261 658 647 781 30 738 240 926 869 150 34 98 725 803 400 243 806 135 647 703 597 464 709 409 90 269 93 917 795 419 617 773 713 68 640 202 168 616 682 776 191 214 307 823 129 171 161 958 337 844 765 236 788 61 678 316 5 765 896 501 258 468 406 682 414 596 894 445 255 570 524 284 673 469 31 762 180 494 758 544 868 579 146 218 999 831 866 238 158 706 499 984 802 190 110 180 636 480 432 549 849 628 848 342 274 762 393 872 232 399 191 622 539 383 196 423 136 421 634 939 267 593 77 665 987 998 926 74 719 568 75 463 45 104 659 917 3 382 395 838 581 260 401 693 473 324 896 263 163 255 257 525 801 51 740 67 200 17 996 43 220 318 527 198 579 776 154 8 234 420 724 875 312 298 994 826 85 913 565 97 329 433 977 393 107 218 638 824 890 57 941 532 720 432 22 187 180 756 400 58 64 634 95 261 702 865 264 186 166 37 4 759 798 850 438 222 582 589 755 149 170 826 343 885 277 253 980 439 988 300 223 531 476 146 287 406 550 700 994 211 922 747 395 774 532 329 455 416 618 173 290 246 110 150 161 950 364 158 141 246 490 72 25 619 604 130 750 207 796 779 68 706 210 148 757 607 79 203 519 759 351 234 490 24 935 441 347 145 906 61 76 324 390 381 568 33 121 397 823 906 970 154 131 133 946 665 320 69 352 432 139 399 650 641 686 806 533 477 990 150 599 474 472 529 622 696 742 280 352 451 338 191 350 409 227 89 18 905 136 906 197 243 934 969 660 859 899 876 397 761 474 220 221 62 992 75 190 1000 358 857 446 214 388 364 872 820 947 95 123 1000 955 343 352 775 368 37 319 563 321 502 914 863 411 664 412 439 62 696 336 62 110 419 887 965 290 696 821 78 579 504 286 424 711 895 718 194 939 15 585 589 641 70 705 232 529 129 249 501 639 739 897 387 761 788 604 747 928 153 117 382 209 416 58 618 43 487 237 362 535 764 443 231 447 781 133 47 351 172 983 516 384 13 735 285 483 893 482 797 200 234 999 30 617 229 633 140 799 44 68 321 194 980 61 598 102 722 891 882 374 207 417 246 61 522 456 22 608 302 559 143 616 966 506 850 520 699 843 973 225 742 949 845 597 407 703 827 204 893 73 61 341 798 643 68 367 597 724 773 711 19 679 463 293 377 204 154 517 174 464 216 180 244 414 18 71 290 330 602 79 640 338 100 332 318 410 387 831 248 306 505 299 696 257 458 904 832 477 111 678 282 447 480 24 74 132 360 103 956 694 43 238 935 868 935 199 965 799 602 414 978 573 819 584 535 91 243 212 952 482 802 629 87 558 935 757 303 84 918 37 833 551 184 992 679 213 207 535 206 15 427 586 926 920 808 20 572 432 544 488 810 823 792 560 457 387 866 153 14 405 159 234 716 68 39 56 144 362 224 824 516 224 326 780 413 294 882 530 892 739 153 7 773 543 900 320 968 25 47 756 212 426 824 622 948 668 178 791 304 107 537 165 419 325 367 487 409 913 761 14 382 147 782 32 724 517 55 869 180 80 802 801 873 546 78 313 176 99 383 264 660 179 94 586 574 585 655 929 760 450 787 601 798 142 3 431 766 437 180 733 336 358 844 850 577 163 859 719 366 60 625 881 820 586 116 554 516 94 982 68 560 534 844 386 912 732 407 199 803 100 983 132 214 551 376 262 814 975 892 137 82 538 586 239 85 356 858 438 293 207 863 840 841 317 493 593 206 506 610 43 105 259 529 25 799 435 556 495 115 435 642 72 687 336 986 528 760 849 556 899 369 189 10 205 319 187 230 189 902 369 600 165 720 553 371 411 659 531 940 137 447 811 21 532 317 37 948 547 938 124 874 83 467 457 963 952 710 418 602 549 664 566 113 741 874 97 958 166 995 183 691 280 545 429 442 370 558 734 111 359 193 349 491 337 901 34 895 560 921 267 465 770 255 723 509 409 757 904 592 950 157 548 688 497 902 539 600 414 987 301 270 984 140 175 334 783 764 199 543 25 371 63 987 219 296 402 855 971 492 613 727 89 481 668 714 845 887 957 615 776 918 82 515 24 747 294 391 880 134 728 722 457 244 331 962 932 72 875 880 828 680 313 16 723 907 650 91 568 494 34 399 602 484 511 251 384 424 808 393 243 217 673 354 710 85 411 355 114 320 236 710 949 923 952 603 798 64 366 216 679 370 474 509 559 111 356 245 925 512 982 479 217 541 936 556 663 992 736 405 957 961 947 49 974 318 98 458 761 668 750 907 59 242 919 568 573 553 628 554 396 225 321 829 437 203 902 157 593 180 91 55 487 119 183 844 828 421 801 355 280 200 789 953 347 293 937 350 991 713 628 731 164 295 54 909 952 919 87 492 985 804 971 506 130 739 182 651 287 242 265 620 269 278 355 509 113 166 747 616 262 106 823 158 801 853 268 923 673 648 192 509 707 376 725 210 422 600 600 279 950 789 551 306 644 820 121 897 105 634 794 724 20 143 520 657 659 219 140 722 475 367 876 773 279 950 965 46 637 775 441 678 841 421 749 644 265 540 914 1000 921 555 63 727 668 418 2 52 300 661 126 392 645 701 745 817 19 666 898 546 318 783 646 76 864 959 595 581 472 631 952 482 629 211 947 110 585 975 849 178 576 88 220 457 982 259 177 924 431 133 566 776 8 582 547 770 809 487 966 210 188 809 361 859 497 493 622 405 733 606 274 396 644 929 377 482 589 832 79 267 131 397 905 545 748 450 963 993 854 493 819 403 933 920 745 754 415 387 764 522 673 899 892 10 344 966 999 515 548 619 331 109 645 710 509 443 379 370 784 458 751 837 966 416 703 665 21 757 498 890 993 926 222 396 710 257 489 222 891 289 696 447 812 940 634 779 139 714 504 102 173 584 324 367 611 432 244 47 407 825 492 234 437 475 579 377 691 259 14 381 77 539 590 329 610 67 667 253 63 75 970 815 698 559 855 822 289 627 10 263 693 345 297 457 841 666 120 212 412 847 390 981 560 522 340 676 705 195 145 536 528 970 70 997 569 329 626 351 809 444 378 955 906 872 646 811 904 927 994 766 33 933 676 475 342 392 5 789 156 275 643 540 283 365 961 892 829 847 256 218 894 620 825 486 921 206 873 707 22 272 138 661 473 971 109 856 104 946 382 44 42 73 820 910 762 431 64 868 494 413 259 971 216 310 655 918 137 152 756 619 138 505 400 149 560 275 775 267 801 712 664 673 663 17 177 81 404 960 496 431 164 977 321 741 660 976 989 954 554 947 635 857 761 968 16 501 830 677 142 793 81 163 746 224 148 63 31 663 997 853 576 750 493 468 492 265 933 993 607 400 568 724 353 737 290 325 248 733 256 372 462 977 416 639 619 888 151 358 949 466 507 328 758 226 796 315 510 465 819 41 187 759 803 147 345 41 667 435 976 946 901 917 937 174 1 200 561 540 648 946 38 972 42 207 148 593 52 421 204 86 165 682 377 826 323 28 292 155 374 519 1000 204 828 167 932 244 838 588 815 959 42 284 931 177 200 352 220 420 974 47 7 625 871 384 481 467 388 244 276 332 464 168 804 422 467 920 413 377 502 385 806 443 157 9 492 397 999 804 414 4 967 5 500 277 811 235 625 804 471 162 437 893 958 611 927 59 954 784 203 831 404 13 216 554 574 816 745 595 944 966 222 623 175 159 726 596 897 203 367 30 961 647 572 912 550 891 407 6 440 511 227 882 78 564 860 658 661 139 710 412 191 584 35 820 736 351 830 75 372 597 525 643 631 277 68 303 380 754 71 762 304 416 692 279 531 733 189 871 388 352 202 575 66 200 54 759 426 683 734 236 426 535 915 808 418 9 392 129 85 135 448 892 69 208 415 536 101 131 377 978 737 391 817 215 225 77 245 448 924 848 865 155 974 192 5 412 414 263 129 433 175 837 148 296 108 494 874 707 602 670 89 674 453 194 509 823 187 269 232 753 569 357 474 528 199 969 339 808 493 927 953 780 270 8 884 238 367 514 709 429 802 367 998 508 968 741 91 770 309 100 698 126 111 929 406 501 762 885 219 978 784 771 715 930 704 314 494 514 94 270 134 410 851 838 1000 696 117 933 757 209 211 138 89 318 410 373 887 344 536 574 424 448 109 579 116 508 760 95 893 62 296 289 676 982 821 482 793 573 26 528 249 94 420 661 419 96 70 136 312 782 703 431 972 78 909 562 191 696 643 256 663 74 718 390 581 536 776 831 153 241 935 939 419 198 43 400 466 325 193 11 654 925 341 852 975 302 66 474 714 479 255 543 57 446 337 370 884 902 544 493 782 955 977 437 801 333 639 117 307 378 249 621 169 675 28 718 805 310 168 410 267 996 799 423 622 298 872 65 845 755 382 735 823 190 475 834 134 113 772 794 313 85 429 479 594 245 210 877 963 415 45 79 340 431 241 134 658 981 351 175 545 9 10 912 971 225 850 674 407 767 432 342 77 513 866 699 912 476 51 674 819 720 213 875 215 931 751 952 509 352 34 239 452 845 581 906 166 268 885 331 371 239 634 83 729 105 351 994 195 701 844 63 596 802 386 877 775 470 697 237 890 209 732 55 285 570 843 984 371 258 894 667 716 121 649 570 949 896 856 248 594 293 105 641 469 287 579 544 162 839 284 414 449 320 579 687 781 798 412 916 170 364 858 575 230 301 245 622 348 274 567 609 572 173 1 779 591 668 509 965 254 54 244 820 422 959 937 847 239 615 939 485 267 379 852 193 144 36 143 214 504 671 649 220 467 785 511 860 2 754 578 54 343 561 700 236 181 349 132 329 468 665 329 948 361 401 52 647 544 740 20 705 748 130 399 966 536 702 115 889 714 952 209 193 408 196 966 692 131 724 904 173 782 582 692 713 961 461 61 477 212 210 384 514 622 712 669 390 402 614 508 961 738 506 263 217 140 259 480 737 711 119 62 288 32 404 226 55 180 849 852 353 176 349 181 409 145 647 763 154 617 878 410 633 877 726 439 70 39 794 838 826 822 505 548 560 994 850 833 510 335 745 501 927 149 894 270 311 472 807 503 627 401 221 817 363 277 514 471 134 847 672 90 879 722 737 93 109 484 28 75 435 484 177 3 118 267 239 779 90 701 427 37 37 547 350 428 210 623 469 675 680 141 42 477 655 295 265 94 400 443 19 11 389 262 92 217 170 879 764 26 530 583 86 110 109 770 706 749 400 560 202 646 402 757 716 252 229 645 516 327 700 854 417 536 560 277 975 597 919 849 43 720 78 755 603 634 324 563 756 538 26 760 110 699 319 420 736 186 3 448 592 354 930 273 729 250 772 389 59 909 757 156 892 355 177 554 328 431 610 250 816 140 303 857 449 699 128 388 552 397 493 773 873 59 929 552 391 940 131 118 137 537 569 236 728 83 516 621 112 847 702 424 571 774 914 201 329 623 384 973 749 900 864 554 921 787 235 740 595 772 888 512 80 826 573 462 573 938 244 452 215 660 495 104 529 690 781 999 669 438 145 61 699 158 763 205 140 768 376 280 954 673 759 667 593 56 55 567 958 824 352 909 28 980 187 941 218 4 77 305 445 252 125 383 753 446 702 840 97 299 256 906 357 210 102 97 161 572 102 38 339 798 434 243 367 692 623 280 554 140 921 603 792 159 51 453 456 505 983 619 506 382 397 510 98 254 44 353 84 623 281 281 61 547 971 641 724 175 863 34 895 342 401 980 59 181 539 517 921 314 324 42 531 983 655 945 281 941 574 159 451 534 542 827 164 33 128 529 929 139 38 874 958 561 287 619 990 568 218 979 213 313 904 927 39 356 289 253 481 466 295 155 187 231 131 636 701 169 604 219 759 800 979 411 741 555 563 93 374 269 831 438 745 42 27 190 973 796 751 198 978 498 995 573 402 959 863 448 198 273 908 470 639 43 75 299 925 780 637 298 255 538 343 243 17 520 957 857 180 830 226 655 403 962 193 322 780 523 891 900 966 104 204 937 330 254 620 99 733 775 87 125 496 963 914 817 256 276 136 922 510 204 653 741 437 524 580 285 355 630 678 294 414 620 36 708 384 280 187 649 206 951 874 89 457 416 809 311 735 816 782 119 96 135 181 725 196 504 107 461 590 777 586 406 977 665 746 238 470 94 490 407 632 394 607 788 833 391 549 631 584 762 620 607 1 919 55 852 297 241 339 627 274 504 988 578 675 102 58 37 365 305 977 574 447 478 636 544 167 377 18 508 175 932 570 808 519 427 13 853 605 598 639 745 342 822 178 967 604 82 146 954 80 997 214 795 709 66 572 78 281 696 183 516 762 536 457 670 702 120 875 575 793 268 890 897 890 100 107 823 961 519 142 805 85 909 952 536 341 115 134 371 864 723 504 689 140 5 8 465 737 301 559 389 786 604 547 540 445 643 436 658 872 138 831 336 768 94 220 119 620 635 8 438 946 802 183 996 647 356 861 173 272 367 687 701 941 538 216 459 737 518 137 116 951 542 166 572 761 346 69 810 306 149 507 217
92 5
9 8
8 19
4 7
6 18
1 21
1235 5
9 111
1 67
3 47
4 38
0 42
2144 5
9 96
4 81
1 18
5 76
6 33
971 5
2 127
4 133
5 77
9 48
7 111
968 5
3 114
7 48
9 110
8 26
5 40
3133 5
2 92
9 34
8 9
6 92
7 39
1765 5
4 17
9 62
1 110
8 74
0 108
3698 5
5 128
0 66
6 28
1 60
8 93
1755 5
6 59
5 62
7 106
3 123
9 13
1822 5
9 116
5 27
2 90
0 27
1 121
340 5
7 56
1 31
2 43
3 21
9 28
25 5
0 4
4 6
6 4
3 2
8 6
3892 5
7 73
4 88
3 124
6 102
1 46
284 5
0 44
3 33
8 6
1 55
6 10
2410 5
5 5
1 93
3 94
6 61
2 63
3602 5
6 61
5 93
4 38
8 76
2 97
2720 5
4 85
0 35
8 55
1 99
7 85
3607 5
8 127
1 35
0 5
6 131
4 68
943 5
4 91
1 57
6 84
9 130
3 52
231 5
6 21
1 33
2 39
9 9
4 40
2213 5
2 42
6 121
3 58
9 12
4 73
2473 5
6 127
1 52
7 73
5 10
9 57
2993 5
6 115
8 19
4 8
3 87
5 49
2220 5
7 112
2 8
1 119
8 41
4 126
2455 5
7 135
4 55
9 45
0 66
8 1
2831 5
6 20
5 134
8 113
7 81
0 71
346 5
7 53
5 83
0 45
6 68
8 4
2992 5
6 75
3 133
9 121
1 28
8 73
1038 5
7 95
1 122
2 85
6 76
5 134
1711 5
9 24
6 76
0 66
4 102
8 81
3063 5
6 29
3 110
4 90
1 126
5 116
237 5
0 44
3 44
2 31
1 33
4 5
35 5
9 2
6 1
1 8
0 9
8 4
867 5
4 126
1 31
6 71
2 75
0 6
1778 5
5 119
1 10
9 12
4 102
8 48
1247 5
4 101
1 111
6 91
0 27
8 19
2683 5
8 53
4 97
6 76
1 117
0 49
3225 5
3 42
4 56
2 85
7 20
6 90
3456 5
2 79
1 104
0 17
6 40
9 76
1841 5
7 77
8 78
2 92
0 112
6 109
3176 5
4 24
9 118
2 131
8 34
5 18
1124 5
6 10
1 130
8 35
0 89
4 66
3658 5
8 53
9 108
7 79
0 90
4 73
1148 5
5 93
8 4
9 107
2 76
1 128
2978 5
6 97
8 61
9 112
0 27
2 104
507 5
0 40
1 81
2 59
5 90
7 131
2867 5
8 24
0 35
5 41
6 23
4 43
3451 5
9 54
6 133
4 44
2 83
3 99
3440 5
4 44
8 122
1 27
3 4
2 132
3742 5
1 128
7 80
6 134
2 103
8 112
3745 5
0 27
3 50
6 9
4 96
9 68
3573 5
5 83
2 30
4 54
3 111
7 106
572 5
8 85
0 115
2 17
7 35
3 39
3901 5
8 42
0 23
5 21
1 26
4 4
764 5
2 8
3 36
7 122
5 79
9 123
204 5
2 15
1 4
7 51
3 54
4 5
3851 5
1 17
8 92
0 127
3 28
9 64
3765 5
2 1
7 65
5 37
8 7
6 58
142 5
5 30
4 31
3 29
7 27
0 26
1702 5
4 78
0 96
5 128
6 124
9 79
2665 5
8 49
2 117
5 127
0 33
7 52
1838 5
7 79
5 121
2 126
6 71
4 53
2643 5
7 16
9 50
5 5
3 46
2 102
3629 5
9 100
0 100
4 111
5 82
7 14
3462 5
1 111
0 134
5 15
6 102
8 92
1893 5
1 134
0 66
6 120
7 127
4 3
1711 5
4 127
0 119
5 82
8 18
9 112
149 5
6 12
3 17
5 23
0 10
7 22
439 5
3 21
8 31
6 101
5 10
0 18
3363 5
5 24
2 58
3 54
8 8
9 110
1879 5
4 80
3 58
5 58
8 65
0 119
690 5
1 56
3 10
0 35
9 136
4 39
1366 5
1 99
0 82
7 100
6 91
2 78
152 5
4 17
0 9
2 24
7 3
9 3
358 5
2 47
6 30
3 78
9 94
8 26
3566 5
3 130
4 42
2 71
5 36
6 33
689 5
9 124
2 23
4 4
7 68
1 134
2317 5
4 59
2 64
6 135
9 31
3 2
751 5
1 63
5 123
8 67
3 50
2 18
788 5
7 20
8 70
9 1
2 4
1 13
2271 5
9 36
4 34
5 49
8 6
3 120
3706 5
7 44
6 105
2 50
4 112
1 85
2556 5
8 124
2 76
9 15
5 133
4 30
1442 5
9 39
3 98
5 114
2 45
6 73
882 5
2 119
4 24
9 80
3 109
8 125
289 5
1 8
4 59
0 35
8 29
5 68
2238 5
4 86
1 100
8 136
6 95
7 108
925 5
7 12
8 71
2 5
3 112
9 91
3523 5
5 122
8 80
7 129
6 121
9 47
1301 5
6 66
4 78
3 10
1 12
0 72
388 5
8 101
0 44
9 83
4 88
5 90
3823 5
1 66
7 135
2 125
5 17
0 48
2600 5
7 41
0 97
8 8
3 91
6 95
2180 5
0 26
8 68
6 119
3 37
2 64
3744 5
7 78
8 129
2 38
5 54
9 30
2964 5
2 52
9 39
7 66
4 4
1 6
2411 5
3 118
5 80
9 27
6 6
2 45
1416 5
1 55
0 64
9 115
2 110
5 106
1497 5
1 37
4 90
6 95
3 121
2 25
3156 5
1 49
4 119
6 75
5 73
0 61
2022 5
6 65
2 77
5 84
8 77
3 130
1837 5
8 108
5 125
3 95
6 38
2 33
1348 5
3 15
7 103
0 54
6 27
8 129
1734 5
5 3
4 83
9 71
6 31
3 122
678 5
3 129
2 61
5 130
8 27
1 95
1783 5
2 74
1 86
9 118
5 48
3 28
810 5
9 26
1 132
8 7
5 29
6 67
2595 5
0 85
1 53
5 34
8 62
7 126
2924 5
5 44
9 20
2 64
3 87
0 82
3350 5
1 81
9 70
7 17
3 70
6 88
663 5
5 47
2 97
7 122
1 8
0 105
2635 5
8 135
6 62
1 21
5 63
7 113
999 5
9 93
1 72
6 71
2 129
7 93
1518 5
3 110
4 124
8 46
0 48
1 3
3589 5
9 42
7 28
0 45
8 37
5 65
1814 5
8 126
4 23
3 39
6 33
1 40
2726 5
6 113
1 98
8 74
4 9
5 92
2735 5
5 83
4 47
3 55
2 47
6 11
1371 5
6 64
5 15
8 4
0 35
7 21
1264 5
3 132
2 74
6 87
9 134
1 130
337 5
5 1
1 2
3 70
9 60
6 54
2359 5
2 56
5 117
6 101
4 22
3 9
471 5
9 76
1 7
4 95
2 39
3 27
2040 5
9 22
4 136
1 34
7 56
8 103
103 5
6 15
0 9
4 2
9 2
2 2
626 5
0 106
5 34
6 57
1 80
7 36
2959 5
6 40
8 77
4 27
0 25
2 107
446 5
9 16
4 45
2 14
0 92
6 21
1776 5
9 90
0 66
6 128
7 52
8 63
3740 5
9 13
4 71
0 28
7 129
3 25
3958 5
8 125
2 107
3 98
1 66
6 30
47 5
4 10
6 13
2 11
9 7
0 7
2202 5
9 69
6 112
4 21
0 44
1 55
3002 5
5 129
0 126
8 77
3 66
7 94
1914 5
2 132
4 89
6 3
9 61
0 129
448 5
2 89
8 38
6 9
5 6
7 115
2390 5
6 8
1 111
2 106
9 44
3 26
2681 5
8 52
7 45
1 31
2 39
3 83
2042 5
8 2
3 63
2 55
4 34
6 64
2834 5
0 71
7 122
4 24
9 82
1 124
223 5
8 47
1 38
6 27
4 19
0 47
1457 5
5 40
2 97
3 10
0 40
6 86
3134 5
3 86
9 99
4 68
7 98
1 111
1348 5
7 30
1 12
3 42
4 102
2 74
1797 5
0 10
4 98
1 66
5 89
8 99
930 5
2 23
5 53
0 2
3 109
6 63
3349 5
2 59
3 73
0 97
1 101
5 3
1126 5
6 60
9 59
0 5
5 2
2 14
654 5
8 10
2 54
7 91
1 9
3 130
1242 5
3 31
7 16
1 117
6 45
2 39
3189 5
3 106
1 35
6 60
7 33
9 9
2314 5
0 49
4 21
2 118
9 38
1 93
1957 5
0 126
3 117
4 42
6 1
8 35
3056 5
1 13
4 115
3 60
6 82
2 12
2800 5
4 36
1 27
2 74
5 31
7 57
2538 5
3 130
8 85
5 99
0 85
6 69
3553 5
7 29
5 133
8 82
3 103
9 128
1153 5
5 97
9 39
4 75
6 132
0 95
2530 5
8 88
5 130
4 50
2 48
1 73
1976 5
5 10
8 120
0 90
9 68
3 106
3588 5
6 65
4 86
5 59
8 95
2 116
1429 5
8 103
6 68
4 114
5 31
7 86
1871 5
7 65
8 55
4 82
5 107
6 104
3438 5
9 8
8 128
0 11
1 41
4 108
1726 5
6 92
7 112
3 43
9 77
0 136
282 5
0 57
3 74
4 45
1 66
8 32
3613 5
1 25
5 100
3 82
2 35
4 33
2092 5
8 95
4 35
2 85
3 44
7 43
3364 5
4 1
3 111
0 82
2 104
8 63
3578 5
3 104
8 31
0 3
1 123
6 73
829 5
8 74
4 34
9 60
5 7
2 22
2954 5
3 20
9 45
6 101
7 83
8 129
1707 5
5 92
7 65
4 51
8 71
2 134
1764 5
2 17
4 135
7 71
8 102
5 63
3397 5
9 108
4 21
6 18
2 8
0 66
805 5
7 74
5 34
2 108
3 93
4 51
1432 5
4 120
0 88
8 63
6 19
9 108
2903 5
6 40
1 17
8 84
9 17
3 103
2960 5
1 105
6 127
3 69
0 71
7 61
180 5
0 21
9 18
8 3
4 22
2 6
1072 5
2 70
5 115
9 79
7 73
1 27
2770 5
5 12
2 4
4 103
8 74
6 36
2504 5
9 115
2 2
0 62
6 59
7 103
3387 5
4 54
1 13
5 125
3 43
9 8
1910 5
8 23
6 132
5 57
1 81
4 79
3218 5
9 51
6 5
8 69
4 45
5 111
2182 5
7 60
6 43
8 36
9 3
4 55
3115 5
2 81
9 116
0 21
3 12
8 26
3176 5
5 63
4 126
0 59
9 7
7 124
3758 5
0 111
1 38
2 22
9 116
3 17
3880 5
1 133
5 32
3 42
2 49
8 83
3627 5
6 29
3 122
0 93
5 9
1 107
1101 5
2 106
9 62
5 52
3 63
7 92
2926 5
6 77
0 122
1 88
3 65
4 131
1985 5
7 75
4 93
8 95
1 135
9 26
1934 5
7 76
8 98
9 11
1 90
3 36
1608 5
0 102
2 102
5 37
8 59
7 15
3937 5
9 115
0 74
2 9
6 57
3 124
3388 5
2 53
1 125
8 92
9 44
5 16
360 5
8 75
3 19
4 93
7 74
6 54
3210 5
9 35
6 130
4 33
5 7
0 79
1355 5
9 110
8 65
6 93
3 56
2 72
912 5
3 45
2 34
5 69
4 17
7 103
86 5
3 16
5 2
9 14
7 1
1 17
2042 5
4 81
6 62
3 80
7 115
5 26
3944 5
0 64
9 5
8 107
2 66
6 76
2272 5
7 106
9 37
4 53
2 125
0 50
3758 5
0 55
2 117
9 45
7 123
4 136
2967 5
5 38
0 21
9 74
7 136
1 15
2478 5
5 35
8 79
7 96
2 93
4 21
2590 5
6 37
2 119
0 124
9 83
7 107
3322 5
7 89
8 122
6 129
3 27
9 88
2317 5
1 2
2 7
9 88
8 105
4 34
973 5
4 35
7 49
1 133
3 19
9 63
2410 5
7 77
0 51
5 80
3 63
4 122
1320 5
5 106
4 98
3 33
9 4
7 92
3760 5
8 39
7 60
5 17
1 87
3 121
3788 5
0 74
8 108
5 97
1 85
4 71
1329 5
1 108
2 54
7 69
8 92
3 7
545 5
3 118
1 63
8 14
9 11
4 77
3853 5
3 109
4 59
9 67
2 66
1 122
2752 5
9 136
1 51
0 61
8 22
2 36
2630 5
2 81
7 46
4 33
6 21
8 127
1243 5
8 49
5 114
9 105
7 116
0 89
1255 5
8 90
2 84
6 123
1 51
4 87
2451 5
0 15
3 109
7 124
5 13
9 36
2147 5
3 95
0 117
6 113
5 16
9 32
1387 5
0 105
6 31
3 20
2 34
8 97
213 5
9 50
4 47
2 17
6 25
3 16
3538 5
0 92
1 83
6 96
4 108
8 80
845 5
1 96
3 17
4 114
9 108
0 76
3232 5
4 7
7 115
2 79
9 33
5 81
351 5
2 67
9 24
7 92
5 35
0 9
709 5
0 33
6 54
7 114
3 63
5 1
1434 5
8 12
0 112
2 21
6 115
7 24
205 5
4 36
9 35
3 17
2 18
7 7
162 5
4 17
2 34
8 26
6 26
9 44
1865 5
4 111
8 39
6 82
0 37
1 112
2191 5
6 21
5 31
8 5
3 65
7 118
9 5
4 2
7 1
1 3
9 3
2 1
8 5
3 2
1 3
2 1
6 3
5 2
3079 5
6 25
0 127
3 57
4 50
8 131
580 5
1 112
5 119
2 3
4 132
3 32
93 5
1 25
4 25
9 6
8 15
0 18
471 5
6 112
3 99
5 27
1 26
7 11
831 5
6 52
5 2
4 125
7 46
1 106
1591 5
7 46
6 42
0 2
8 63
9 51
763 5
0 30
5 39
8 121
9 50
2 24
1450 5
4 6
1 73
3 66
5 42
6 128
3183 5
5 94
1 123
2 60
6 28
4 38
3749 5
1 98
3 61
6 65
2 14
0 102
2633 5
1 12
0 136
3 41
9 1
5 68
1098 5
2 32
8 118
9 28
4 7
5 65
2657 5
2 57
4 87
3 109
9 48
1 116
2077 5
1 29
8 6
0 6
9 12
5 34
2509 5
0 6
1 77
6 85
9 25
5 45
3993 5
8 93
0 99
3 57
7 21
2 23
372 5
0 6
6 9
9 50
3 74
5 40
3617 5
4 66
7 126
5 107
8 92
6 25
3641 5
0 90
3 5
2 56
6 53
9 73
164 5
4 29
9 1
6 22
3 17
8 27
3153 5
7 55
1 18
9 36
3 48
4 60
3214 5
2 111
5 33
8 82
1 38
7 116
3027 5
5 53
3 43
6 133
0 91
2 56
3344 5
1 118
6 136
5 122
2 108
0 16
1821 5
5 123
4 27
3 60
7 3
6 39
2509 5
9 131
5 89
4 47
7 62
2 59
3344 5
4 98
6 1
8 30
9 40
7 134
1290 5
1 80
4 78
2 123
3 56
0 122
2426 5
3 32
7 63
8 41
9 48
6 50
2503 5
6 106
2 11
5 134
0 91
8 15
2330 5
3 42
0 23
5 28
7 80
8 135
483 5
2 73
3 115
6 2
0 99
7 35
2356 5
5 32
6 55
9 114
4 32
0 2
1937 5
2 110
0 101
5 103
8 40
6 41
521 5
2 70
6 90
5 60
7 90
9 48
3010 5
6 108
2 123
0 9
1 119
3 88
3827 5
2 44
3 74
4 41
7 25
9 10
995 5
5 105
0 122
6 14
2 54
1 110
3003 5
5 126
7 117
8 7
6 13
2 19
3939 5
5 97
3 80
4 125
8 62
0 61
687 5
6 108
7 15
2 100
5 121
8 42
2234 5
1 131
4 121
3 43
6 106
5 57
2664 5
1 12
0 26
8 111
2 117
7 3
3302 5
1 67
6 61
4 2
5 62
2 95
2869 5
5 125
3 45
2 100
1 22
4 133
138 5
6 16
1 23
9 3
2 36
4 20
3164 5
7 49
2 95
6 20
0 78
5 105
1000 5
7 67
1 58
9 13
3 11
4 57
1196 5
7 132
8 92
4 82
0 38
2 136
3854 5
0 72
9 32
4 91
2 129
1 15
2500 5
1 89
4 90
7 1
6 36
5 84
1135 5
5 40
2 12
7 72
9 22
6 90
3061 5
1 135
0 91
8 125
4 70
7 109
2945 5
4 79
0 121
8 3
5 110
6 65
1854 5
1 41
2 99
5 110
7 93
0 79
1953 5
6 54
1 69
3 28
7 110
0 96
3828 5
0 68
6 136
7 127
2 1
4 105
2005 5
4 28
0 19
1 29
3 105
5 26
3299 5
9 20
7 44
1 74
4 73
8 2
1689 5
0 122
7 83
4 84
5 45
8 39
3676 5
8 31
4 9
9 34
7 46
1 44
2578 5
3 116
5 34
6 46
2 118
7 57
1615 5
1 32
3 127
7 74
0 67
6 75
681 5
6 22
2 83
8 45
0 122
4 116
1616 5
0 112
9 126
3 96
5 118
4 24
2944 5
8 18
1 16
5 40
6 22
7 11
289 5
7 70
1 27
6 11
9 41
2 37
3639 5
2 111
0 7
6 135
4 97
5 68
3005 5
2 25
7 4
0 125
5 31
4 7
3915 5
8 40
3 60
7 39
4 121
1 19
3383 5
8 32
4 102
9 115
5 46
3 14
1431 5
3 109
6 40
9 37
2 63
8 59
550 5
8 126
6 32
9 68
0 132
4 45
3112 5
3 42
2 18
8 70
9 105
1 121
3232 5
9 136
5 56
2 31
7 60
4 6
2667 5
2 110
9 109
6 126
8 135
0 66
1352 5
3 123
2 130
1 89
4 84
6 58
621 5
2 112
1 38
5 92
4 81
3 134
709 5
2 96
3 96
5 38
9 39
6 15
1695 5
3 40
7 126
2 18
6 114
9 18
611 5
4 94
0 98
3 98
8 32
6 80
2335 5
9 129
2 92
0 55
4 95
1 86
995 5
3 78
9 64
7 8
2 67
0 63
319 5
9 45
6 37
0 54
5 78
7 74
1515 5
1 30
2 103
4 73
6 67
3 41
1216 5
9 68
8 69
3 63
2 18
7 26
2559 5
9 117
1 84
3 3
0 17
7 56
3853 5
5 30
4 61
8 41
0 127
1 21
2471 5
7 12
4 15
3 69
2 59
0 69
1571 5
1 83
8 116
7 117
6 39
9 98
2975 5
4 54
9 57
2 55
5 131
6 135
1692 5
2 30
3 44
8 100
7 122
1 113
3528 5
8 135
2 53
7 19
6 99
1 107
2668 5
2 1
0 37
3 93
5 98
6 114
2670 5
2 29
9 68
4 75
1 95
3 102
451 5
6 91
9 74
5 49
1 15
0 13
2965 5
1 133
4 25
8 103
5 121
0 88
1382 5
1 83
4 125
3 16
9 85
5 13
3207 5
4 71
7 23
1 124
9 68
2 128
662 5
3 108
1 112
5 7
8 57
7 70
2005 5
1 32
6 36
0 14
5 8
2 133
798 5
3 41
2 42
7 87
0 122
1 79
3439 5
6 93
9 51
5 5
2 60
4 37
3660 5
2 11
3 30
9 107
8 73
0 56
2410 5
4 95
5 24
1 20
3 135
7 88
3388 5
4 20
7 28
9 66
3 119
1 92
3268 5
6 72
5 90
9 21
8 78
7 119
3301 5
5 38
3 116
8 88
4 44
1 54
453 5
2 28
6 47
5 79
9 84
1 109
957 5
1 73
4 82
7 72
9 89
8 98
2813 5
7 9
0 66
5 73
4 117
6 136
1796 5
4 29
9 35
6 117
5 46
2 7
714 5
5 73
9 125
0 122
8 6
1 19
455 5
1 74
2 79
5 69
3 114
4 78
2456 5
3 114
7 35
1 86
0 91
2 45
3783 5
4 75
0 52
2 50
1 102
5 41
3491 5
8 8
1 66
5 52
2 95
0 57
724 5
7 16
9 47
6 89
2 104
0 43
3131 5
6 26
4 93
7 119
3 42
8 95
3783 5
6 27
8 79
3 49
4 16
9 2
3607 5
5 97
2 55
8 36
3 45
6 130
274 5
9 52
8 19
2 24
4 15
1 57
1674 5
4 119
0 60
1 35
2 93
5 105
2086 5
7 26
1 4
9 111
5 90
0 106
1728 5
3 128
5 12
4 40
0 86
6 111
1616 5
1 68
7 115
5 5
8 20
9 122
1502 5
9 82
6 27
7 35
0 87
8 116
39 5
2 11
3 5
1 4
6 2
4 9
349 5
0 56
9 4
5 21
4 78
3 17
3219 5
2 21
3 102
6 30
9 105
1 22
2448 5
6 63
8 120
2 106
7 25
3 81
3313 5
7 24
3 99
6 68
1 89
0 37
2736 5
7 97
2 15
0 21
4 122
6 48
377 5
7 29
2 15
3 74
8 19
4 75
1315 5
2 67
7 76
3 21
9 112
0 103
2487 5
0 3
2 106
4 18
8 123
7 48
468 5
0 34
4 21
8 103
5 92
6 101
502 5
9 94
5 107
0 89
3 102
4 36
3190 5
7 77
0 61
4 11
1 70
3 77
817 5
9 113
1 11
3 27
6 126
4 25
1327 5
8 124
3 10
2 44
0 90
7 135
2557 5
7 88
4 80
1 92
6 108
3 13
996 5
4 74
7 66
1 123
3 135
5 15
496 5
9 18
2 64
7 1
4 106
1 64
3401 5
1 133
9 11
2 37
0 99
4 5
1433 5
1 5
4 6
6 42
9 134
8 74
745 5
2 51
8 89
1 91
6 40
7 28
2069 5
0 8
1 36
8 62
6 19
2 96
1023 5
5 46
4 123
0 61
9 120
2 58
1495 5
9 46
3 95
8 100
5 123
7 48
1384 5
3 38
1 136
0 132
5 14
6 132
2957 5
1 89
7 88
8 99
4 114
2 74
3718 5
5 44
3 44
8 132
0 67
7 82
2807 5
3 73
6 61
0 93
4 17
8 78
844 5
8 71
6 67
7 52
4 80
1 23
2190 5
1 2
5 124
8 1
2 110
9 105
413 5
9 42
1 1
0 68
8 4
3 108
2368 5
2 11
6 49
3 79
9 125
1 104
1746 5
9 130
4 26
3 119
2 19
8 10
929 5
1 43
3 100
0 16
5 120
7 82
1143 5
3 71
9 20
6 11
8 68
0 114
3827 5
3 15
2 49
9 52
7 90
4 58
3659 5
3 8
7 19
9 133
2 108
8 102
3913 5
6 84
3 35
7 116
0 3
2 3
2981 5
2 77
4 73
8 97
1 20
6 127
2555 5
3 134
2 9
8 34
4 103
7 100
3556 5
2 97
9 3
1 72
4 13
6 32
1632 5
1 58
6 66
5 86
4 83
9 16
1950 5
8 49
9 82
7 2
0 97
1 58
3068 5
2 79
6 49
5 134
3 66
4 80
111 5
9 17
2 1
4 24
3 29
7 28
727 5
8 34
1 73
3 8
0 44
5 84
2537 5
8 104
4 126
3 108
2 134
0 17
3454 5
4 26
9 65
6 98
5 45
7 127
937 5
4 89
9 14
3 104
8 69
1 65
2246 5
0 134
4 110
6 40
5 64
9 35
2729 5
5 136
2 129
9 94
1 25
0 14
2390 5
1 53
8 124
9 33
7 92
6 26
1459 5
4 63
5 119
3 63
7 116
1 60
2171 5
0 89
7 21
6 110
3 123
8 8
209 0 1
102 0 1
200 0 1
318 0 1
2219 0 1
39 0 1
3882 0 1
2733 0 1
255 0 1
102 0 1
105 0 1
42 0 1
1047 0 1
3046 0 1
2133 0 1
92 0 1
1723 0 1
2784 0 1
2745 0 1
2547 0 1
1956 0 1
3 0 1
1039 0 1
232 0 1
1897 0 1
773 0 1
725 0 1
15 0 1
0 0 1
1701 0 1
3176 0 1
103 0 1
3501 0 1
2952 0 1
1541 0 1
2037 0 1
2487 0 1
184 0 1
2748 0 1
4122 0 1
2968 0 1
67 0 1
4047 0 1
815 0 1
3508 0 1
1158 0 1
7 0 1
3172 0 1
1653 0 1
18 0 1
2010 0 1
3845 0 1
977 0 1
53 0 1
2560 0 1
1435 0 1
1767 0 1
3959 0 1
1088 0 1
2514 0 1
601 0 1
2361 0 1
3281 0 1
1168 0 1
3427 0 1
136 0 1
1250 0 1
3055 0 1
362 0 1
1123 0 1
155 0 1
3175 0 1
1760 0 1
50 0 1
0 0 1
389 0 1
127 0 1
4170 0 1
3950 0 1
1988 0 1
622 0 1
39 0 1
3908 0 1
1628 0 1
96 0 1
2242 0 1
56 0 1
1373 0 1
804 0 1
4028 0 1
2008 0 1
103 0 1
1263 0 1
183 0 1
1097 0 1
2 0 1
575 0 1
1577 0 1
3250 0 1
333 0 1
1071 0 1
16 0 1
2812 0 1
1271 0 1
218 0 1
2435 0 1
2263 0 1
3538 0 1
1703 0 1
1006 0 1
544 0 1
1725 0 1
41 0 1
280 0 1
1195 0 1
211 0 1
52 0 1
3466 0 1
17 0 1
1702 0 1
233 0 1
1348 0 1
69 0 1
2074 0 1
55 0 1
492 0 1
1583 0 1
409 0 1
48 0 1
1364 0 1
0 0 1
1658 0 1
2475 0 1
42 0 1
382 0 1
2275 0 1
1985 0 1
2889 0 1
840 0 1
3078 0 1
18 0 1
454 0 1
157 0 1
75 0 1
4128 0 1
528 0 1
0 0 1
2 0 1
2003 0 1
906 0 1
2315 0 1
1918 0 1
1681 0 1
166 1 1
3398 1 1
43 1 1
931 1 1
3529 1 1
832 1 1
1969 1 1
1753 1 1
1771 1 1
16 1 1
2 1 1
1978 1 1
1478 1 1
1506 1 1
1081 1 1
3912 1 1
3260 1 1
60 1 1
561 1 1
378 1 1
164 1 1
512 1 1
1837 1 1
2661 1 1
1955 1 1
88 1 1
2 1 1
1208 1 1
1019 1 1
1085 1 1
3819 1 1
134 1 1
1718 1 1
51 1 1
4201 1 1
938 1 1
689 1 1
2456 1 1
282 1 1
675 1 1
107 1 1
3686 1 1
4196 1 1
196 1 1
105 1 1
443 1 1
3677 1 1
1539 1 1
2620 1 1
1198 1 1
1808 1 1
0 1 1
4140 1 1
885 1 1
3012 1 1
3029 1 1
1504 1 1
3 1 1
1880 1 1
503 1 1
978 1 1
179 1 1
1891 1 1
117 1 1
3531 1 1
1224 1 1
1388 1 1
3210 1 1
1525 1 1
3166 1 1
1949 1 1
1852 1 1
74 1 1
71 1 1
2986 1 1
3658 1 1
1704 1 1
811 1 1
3958 1 1
3067 1 1
2323 1 1
1247 1 1
1442 1 1
787 1 1
335 1 1
3530 1 1
595 1 1
3245 1 1
2350 1 1
2390 1 1
1910 1 1
117 1 1
72 1 1
2514 1 1
231 1 1
3832 1 1
2032 1 1
537 1 1
1111 1 1
5 1 1
931 1 1
2405 1 1
25 1 1
394 1 1
23 1 1
97 1 1
1395 1 1
3444 1 1
2847 1 1
2798 1 1
2322 1 1
1763 1 1
446 1 1
727 1 1
0 1 1
172 1 1
2092 1 1
1516 1 1
541 1 1
125 1 1
3069 1 1
2903 1 1
2480 1 1
3472 1 1
348 1 1
506 1 1
1793 1 1
2441 1 1
3689 1 1
865 1 1
38 1 1
226 1 1
1656 1 1
2270 1 1
13 1 1
77 1 1
3767 1 1
2306 1 1
332 1 1
290 1 1
177 1 1
533 1 1
3530 1 1
41 1 1
538 1 1
2680 1 1
2793 1 1
1214 1 1
714 1 1
2244 1 1
891 1 1
13 1 1
23 1 1
3973 2 1
867 2 1
470 2 1
686 2 1
3316 2 1
1200 2 1
440 2 1
530 2 1
2806 2 1
1760 2 1
1754 2 1
1501 2 1
2379 2 1
1104 2 1
663 2 1
2068 2 1
717 2 1
1418 2 1
0 2 1
1004 2 1
234 2 1
816 2 1
255 2 1
266 2 1
3531 2 1
3269 2 1
168 2 1
1611 2 1
1330 2 1
400 2 1
3855 2 1
1793 2 1
57 2 1
1449 2 1
2134 2 1
578 2 1
1136 2 1
202 2 1
31 2 1
245 2 1
1178 2 1
2873 2 1
3620 2 1
9 2 1
608 2 1
1433 2 1
3225 2 1
1980 2 1
2 2 1
3064 2 1
336 2 1
2075 2 1
428 2 1
2336 2 1
482 2 1
573 2 1
155 2 1
144 2 1
2 2 1
3805 2 1
626 2 1
3637 2 1
879 2 1
3977 2 1
244 2 1
3985 2 1
247 2 1
668 2 1
2959 2 1
1440 2 1
2046 2 1
95 2 1
104 2 1
2107 2 1
194 2 1
1983 2 1
144 2 1
1220 2 1
709 2 1
128 2 1
3130 2 1
773 2 1
3003 2 1
709 2 1
883 2 1
2641 2 1
2069 2 1
3595 2 1
3425 2 1
2291 2 1
64 2 1
3131 2 1
3455 2 1
3572 2 1
1139 2 1
1246 2 1
3340 2 1
3644 2 1
3474 2 1
2910 2 1
2786 2 1
32 2 1
1863 2 1
3134 2 1
2811 2 1
4159 2 1
287 2 1
3494 2 1
3296 2 1
3285 2 1
355 2 1
2330 2 1
308 2 1
1527 2 1
2905 2 1
1520 2 1
548 2 1
552 2 1
15 2 1
74 2 1
1958 2 1
343 2 1
2282 2 1
2146 2 1
156 2 1
728 2 1
577 2 1
1287 2 1
1455 2 1
65 2 1
2485 2 1
291 2 1
1926 2 1
2994 2 1
3957 2 1
265 2 1
2532 2 1
3270 2 1
151 2 1
3606 2 1
1598 2 1
1843 2 1
1887 2 1
46 2 1
1852 2 1
945 2 1
3038 2 1
731 2 1
3130 2 1
2015 2 1
1532 2 1
1508 2 1
1416 2 1
1334 3 1
248 3 1
2549 3 1
2655 3 1
1862 3 1
887 3 1
2627 3 1
3010 3 1
1695 3 1
2326 3 1
2757 3 1
1468 3 1
2109 3 1
3248 3 1
1384 3 1
409 3 1
8 3 1
1927 3 1
2651 3 1
181 3 1
1528 3 1
1766 3 1
4129 3 1
23 3 1
3495 3 1
50 3 1
3839 3 1
3916 3 1
169 3 1
125 3 1
2659 3 1
81 3 1
7 3 1
2935 3 1
908 3 1
2919 3 1
138 3 1
2111 3 1
1257 3 1
90 3 1
766 3 1
58 3 1
126 3 1
2559 3 1
2 3 1
1722 3 1
1268 3 1
3322 3 1
527 3 1
491 3 1
86 3 1
3599 3 1
165 3 1
441 3 1
10 3 1
500 3 1
2980 3 1
478 3 1
2312 3 1
1206 3 1
2062 3 1
3277 3 1
2546 3 1
262 3 1
3955 3 1
363 3 1
3981 3 1
848 3 1
2700 3 1
552 3 1
2597 3 1
3169 3 1
251 3 1
178 3 1
3132 3 1
0 3 1
3740 3 1
3795 3 1
2367 3 1
388 3 1
103 3 1
993 3 1
634 3 1
38 3 1
358 3 1
3990 3 1
21 3 1
1473 3 1
1287 3 1
2183 3 1
416 3 1
3646 3 1
0 3 1
1524 3 1
1214 3 1
1084 3 1
3773 3 1
2932 3 1
2045 3 1
805 3 1
217 3 1
218 3 1
3848 3 1
173 3 1
1924 3 1
2004 3 1
3890 3 1
3310 3 1
48 3 1
368 3 1
1304 3 1
55 3 1
176 3 1
408 3 1
603 3 1
29 3 1
2714 3 1
333 3 1
0 3 1
1665 3 1
2360 3 1
2941 3 1
103 3 1
2114 3 1
126 3 1
1423 3 1
3418 3 1
832 3 1
871 3 1
1159 3 1
16 3 1
15 3 1
1432 3 1
15 3 1
1346 3 1
1898 3 1
3422 3 1
1163 3 1
1414 3 1
1104 3 1
865 3 1
1665 3 1
635 3 1
1517 3 1
47 3 1
579 3 1
3944 3 1
2502 3 1
60 3 1
220 3 1
21 3 1
136 3 1
2332 3 1
3198 4 1
65 4 1
1682 4 1
1665 4 1
11 4 1
2708 4 1
1216 4 1
1395 4 1
1797 4 1
344 4 1
2113 4 1
1290 4 1
378 4 1
2723 4 1
41 4 1
21 4 1
458 4 1
110 4 1
1490 4 1
2553 4 1
2687 4 1
105 4 1
1331 4 1
2415 4 1
2063 4 1
2935 4 1
4066 4 1
1600 4 1
2504 4 1
1531 4 1
13 4 1
1415 4 1
87 4 1
2767 4 1
656 4 1
948 4 1
20 4 1
3263 4 1
11 4 1
2596 4 1
617 4 1
2756 4 1
2178 4 1
2196 4 1
1699 4 1
90 4 1
1140 4 1
2723 4 1
2793 4 1
3522 4 1
266 4 1
3597 4 1
3802 4 1
744 4 1
1690 4 1
1535 4 1
3734 4 1
1394 4 1
715 4 1
345 4 1
75 4 1
2128 4 1
338 4 1
459 4 1
202 4 1
2078 4 1
6 4 1
1629 4 1
187 4 1
3110 4 1
0 4 1
3376 4 1
308 4 1
1930 4 1
335 4 1
8 4 1
498 4 1
702 4 1
937 4 1
4 4 1
73 4 1
120 4 1
3873 4 1
1844 4 1
803 4 1
2524 4 1
640 4 1
1790 4 1
111 4 1
1007 4 1
3279 4 1
291 4 1
1952 4 1
1437 4 1
1546 4 1
3564 4 1
626 4 1
859 4 1
891 4 1
3033 4 1
1136 4 1
308 4 1
1608 4 1
3018 4 1
37 4 1
1030 4 1
31 4 1
390 4 1
1390 4 1
1181 4 1
63 4 1
598 4 1
196 4 1
1843 4 1
382 4 1
780 4 1
2996 4 1
699 4 1
1530 4 1
2084 4 1
2931 4 1
727 4 1
2091 4 1
626 4 1
992 4 1
1402 4 1
482 4 1
1441 4 1
65 4 1
353 4 1
846 4 1
3698 4 1
2592 4 1
164 4 1
1579 4 1
2148 4 1
3895 4 1
1 4 1
2671 4 1
111 4 1
2 4 1
282 4 1
383 4 1
2341 4 1
1000 4 1
1965 4 1
317 4 1
2570 4 1
4017 4 1
3059 4 1
853 4 1
2399 4 1
2928 4 1
125 5 1
1000 5 1
878 5 1
162 5 1
1096 5 1
573 5 1
99 5 1
1419 5 1
52 5 1
4102 5 1
4051 5 1
3857 5 1
927 5 1
3777 5 1
4055 5 1
2672 5 1
2631 5 1
3157 5 1
2800 5 1
465 5 1
1414 5 1
3812 5 1
2336 5 1
2287 5 1
24 5 1
4188 5 1
2574 5 1
2342 5 1
2392 5 1
1657 5 1
753 5 1
2622 5 1
27 5 1
2776 5 1
921 5 1
2915 5 1
0 5 1
97 5 1
3123 5 1
1664 5 1
1014 5 1
394 5 1
921 5 1
4084 5 1
507 5 1
2688 5 1
9 5 1
3160 5 1
1024 5 1
2 5 1
2140 5 1
51 5 1
102 5 1
335 5 1
57 5 1
4176 5 1
585 5 1
212 5 1
902 5 1
59 5 1
479 5 1
236 5 1
2302 5 1
3727 5 1
1791 5 1
2215 5 1
59 5 1
1317 5 1
252 5 1
3953 5 1
2788 5 1
255 5 1
712 5 1
2779 5 1
321 5 1
268 5 1
3446 5 1
2530 5 1
285 5 1
2058 5 1
807 5 1
1321 5 1
1200 5 1
2026 5 1
115 5 1
2244 5 1
2685 5 1
20 5 1
816 5 1
2462 5 1
981 5 1
1850 5 1
2192 5 1
2410 5 1
117 5 1
263 5 1
1100 5 1
3554 5 1
1499 5 1
91 5 1
8 5 1
49 5 1
33 5 1
1396 5 1
3519 5 1
51 5 1
570 5 1
13 5 1
1748 5 1
1388 5 1
506 5 1
38 5 1
156 5 1
883 5 1
139 5 1
3801 5 1
2522 5 1
31 5 1
399 5 1
1197 5 1
5 5 1
1483 5 1
1949 5 1
1567 5 1
692 5 1
2761 5 1
235 5 1
1408 5 1
3127 5 1
550 5 1
840 5 1
581 5 1
4083 5 1
298 5 1
2189 5 1
2190 5 1
98 5 1
115 5 1
76 5 1
1480 5 1
230 5 1
2447 5 1
11 5 1
3442 5 1
3534 5 1
3708 5 1
2535 5 1
2950 5 1
2468 5 1
1503 5 1
244 5 1
3452 5 1
42 5 1
0 6 1
21 6 1
3306 6 1
3999 6 1
2908 6 1
101 6 1
1077 6 1
2719 6 1
1180 6 1
19 6 1
3634 6 1
787 6 1
9 6 1
2512 6 1
3082 6 1
1729 6 1
246 6 1
191 6 1
408 6 1
3658 6 1
2030 6 1
2734 6 1
39 6 1
2884 6 1
4067 6 1
2219 6 1
1452 6 1
2025 6 1
1680 6 1
3158 6 1
401 6 1
4206 6 1
2432 6 1
4 6 1
2733 6 1
503 6 1
2709 6 1
973 6 1
3988 6 1
884 6 1
348 6 1
2028 6 1
1776 6 1
1312 6 1
365 6 1
144 6 1
725 6 1
3335 6 1
1901 6 1
349 6 1
1075 6 1
76 6 1
776 6 1
14 6 1
678 6 1
385 6 1
121 6 1
575 6 1
1198 6 1
1107 6 1
1964 6 1
1136 6 1
108 6 1
1161 6 1
234 6 1
1568 6 1
41 6 1
14 6 1
13 6 1
2977 6 1
2144 6 1
2630 6 1
4126 6 1
1882 6 1
896 6 1
446 6 1
844 6 1
315 6 1
3680 6 1
792 6 1
3903 6 1
3052 6 1
1609 6 1
581 6 1
544 6 1
3857 6 1
381 6 1
1724 6 1
1908 6 1
1016 6 1
2196 6 1
1718 6 1
3873 6 1
3432 6 1
3564 6 1
1205 6 1
303 6 1
1921 6 1
372 6 1
308 6 1
74 6 1
3173 6 1
1134 6 1
1568 6 1
2042 6 1
690 6 1
3377 6 1
1518 6 1
427 6 1
159 6 1
2199 6 1
1538 6 1
1752 6 1
49 6 1
722 6 1
1092 6 1
454 6 1
4125 6 1
2224 6 1
2186 6 1
449 6 1
105 6 1
470 6 1
647 6 1
3565 6 1
125 6 1
3668 6 1
2630 6 1
438 6 1
848 6 1
448 6 1
347 6 1
2189 6 1
3054 6 1
3367 6 1
34 6 1
183 6 1
1727 6 1
618 6 1
57 6 1
92 6 1
162 6 1
24 6 1
361 6 1
1847 6 1
2397 6 1
839 6 1
1045 6 1
62 6 1
506 6 1
921 6 1
479 6 1
1725 6 1
1993 7 1
1827 7 1
1098 7 1
776 7 1
2107 7 1
146 7 1
75 7 1
871 7 1
1395 7 1
1507 7 1
72 7 1
269 7 1
33 7 1
464 7 1
2932 7 1
1232 7 1
3499 7 1
668 7 1
242 7 1
472 7 1
2970 7 1
1785 7 1
162 7 1
292 7 1
1260 7 1
792 7 1
2323 7 1
292 7 1
1090 7 1
1887 7 1
1206 7 1
39 7 1
1 7 1
240 7 1
2894 7 1
393 7 1
1199 7 1
1452 7 1
135 7 1
2128 7 1
2757 7 1
2734 7 1
28 7 1
1 7 1
221 7 1
3071 7 1
2364 7 1
1364 7 1
3717 7 1
2273 7 1
4147 7 1
3596 7 1
21 7 1
1333 7 1
8 7 1
3122 7 1
3432 7 1
284 7 1
108 7 1
1849 7 1
1054 7 1
2348 7 1
1531 7 1
5 7 1
0 7 1
37 7 1
268 7 1
39 7 1
8 7 1
339 7 1
679 7 1
435 7 1
4072 7 1
20 7 1
838 7 1
376 7 1
3109 7 1
45 7 1
416 7 1
3937 7 1
1553 7 1
20 7 1
256 7 1
139 7 1
3020 7 1
1606 7 1
801 7 1
0 7 1
221 7 1
2229 7 1
453 7 1
1113 7 1
631 7 1
324 7 1
1161 7 1
3808 7 1
559 7 1
3630 7 1
1999 7 1
1885 7 1
1231 7 1
324 7 1
875 7 1
1434 7 1
208 7 1
2422 7 1
310 7 1
88 7 1
2154 7 1
199 7 1
872 7 1
360 7 1
507 7 1
3133 7 1
1902 7 1
79 7 1
3740 7 1
1920 7 1
148 7 1
295 7 1
8 7 1
2326 7 1
0 7 1
313 7 1
624 7 1
212 7 1
3879 7 1
887 7 1
2218 7 1
369 7 1
2895 7 1
2576 7 1
1614 7 1
234 7 1
3315 7 1
428 7 1
3043 7 1
3 7 1
3603 7 1
420 7 1
24 7 1
524 7 1
196 7 1
3430 7 1
3 7 1
1839 7 1
2276 7 1
2842 7 1
3151 7 1
3100 7 1
1509 7 1
1531 7 1
1576 7 1
2155 8 1
944 8 1
178 8 1
2555 8 1
13 8 1
3152 8 1
2330 8 1
4012 8 1
603 8 1
4054 8 1
769 8 1
3063 8 1
2651 8 1
1467 8 1
3196 8 1
7 8 1
513 8 1
1375 8 1
924 8 1
873 8 1
537 8 1
780 8 1
1043 8 1
1107 8 1
3503 8 1
2197 8 1
1961 8 1
1 8 1
642 8 1
1656 8 1
656 8 1
1622 8 1
485 8 1
2112 8 1
3024 8 1
2603 8 1
3177 8 1
2963 8 1
153 8 1
1089 8 1
2389 8 1
1 8 1
1 8 1
183 8 1
132 8 1
2645 8 1
2480 8 1
3834 8 1
1305 8 1
4 8 1
1911 8 1
2495 8 1
2052 8 1
2799 8 1
1963 8 1
2916 8 1
4021 8 1
705 8 1
36 8 1
14 8 1
403 8 1
641 8 1
77 8 1
779 8 1
4 8 1
2535 8 1
3865 8 1
1236 8 1
1275 8 1
2902 8 1
112 8 1
972 8 1
3974 8 1
1314 8 1
2275 8 1
55 8 1
798 8 1
3860 8 1
3899 8 1
3255 8 1
593 8 1
3623 8 1
1226 8 1
1429 8 1
1456 8 1
2846 8 1
6 8 1
2323 8 1
1083 8 1
88 8 1
3675 8 1
3214 8 1
700 8 1
1394 8 1
2121 8 1
871 8 1
1284 8 1
1745 8 1
3452 8 1
425 8 1
7 8 1
949 8 1
2386 8 1
89 8 1
3540 8 1
1002 8 1
785 8 1
4171 8 1
2437 8 1
60 8 1
2655 8 1
2898 8 1
1063 8 1
1633 8 1
1723 8 1
498 8 1
1494 8 1
1909 8 1
891 8 1
35 8 1
3198 8 1
2012 8 1
187 8 1
451 8 1
330 8 1
2347 8 1
10 8 1
2353 8 1
20 8 1
4161 8 1
160 8 1
109 8 1
1542 8 1
2698 8 1
4 8 1
750 8 1
3433 8 1
39 8 1
2039 8 1
100 8 1
1456 8 1
246 8 1
1626 8 1
1998 8 1
3054 8 1
483 8 1
1246 8 1
771 8 1
3724 8 1
2078 8 1
2038 8 1
2480 8 1
1952 8 1
1361 9 1
2033 9 1
694 9 1
2201 9 1
2009 9 1
828 9 1
110 9 1
1994 9 1
79 9 1
807 9 1
997 9 1
314 9 1
1596 9 1
55 9 1
3878 9 1
4107 9 1
3080 9 1
3158 9 1
120 9 1
889 9 1
738 9 1
367 9 1
3816 9 1
2309 9 1
1396 9 1
630 9 1
1450 9 1
4026 9 1
1480 9 1
539 9 1
1741 9 1
3408 9 1
1554 9 1
2687 9 1
931 9 1
23 9 1
4097 9 1
268 9 1
54 9 1
2277 9 1
548 9 1
1121 9 1
325 9 1
3201 9 1
279 9 1
3252 9 1
851 9 1
627 9 1
3751 9 1
443 9 1
2279 9 1
22 9 1
21 9 1
3456 9 1
95 9 1
588 9 1
38 9 1
2582 9 1
3884 9 1
252 9 1
397 9 1
1237 9 1
1205 9 1
907 9 1
72 9 1
347 9 1
525 9 1
2636 9 1
1219 9 1
127 9 1
229 9 1
2909 9 1
547 9 1
3954 9 1
265 9 1
588 9 1
562 9 1
176 9 1
0 9 1
2367 9 1
2243 9 1
760 9 1
2924 9 1
694 9 1
830 9 1
2400 9 1
2439 9 1
8 9 1
38 9 1
1954 9 1
476 9 1
338 9 1
914 9 1
3634 9 1
2600 9 1
760 9 1
2456 9 1
60 9 1
353 9 1
1215 9 1
340 9 1
2879 9 1
3879 9 1
2458 9 1
2761 9 1
1087 9 1
3494 9 1
155 9 1
27 9 1
631 9 1
425 9 1
719 9 1
1265 9 1
278 9 1
675 9 1
639 9 1
4182 9 1
20 9 1
3268 9 1
1720 9 1
1947 9 1
226 9 1
2709 9 1
2997 9 1
3173 9 1
3912 9 1
606 9 1
2444 9 1
925 9 1
1362 9 1
874 9 1
625 9 1
660 9 1
826 9 1
3193 9 1
52 9 1
1774 9 1
1245 9 1
1898 9 1
2929 9 1
831 9 1
315 9 1
546 9 1
1924 9 1
11 9 1
639 9 1
494 9 1
1145 9 1
454 9 1
3901 9 1
513 9 1
250 9 1
1405 9 1
760 10 1
38 10 1
884 10 1
342 10 1
3784 10 1
3043 10 1
1693 10 1
28 10 1
2772 10 1
1941 10 1
1516 10 1
1637 10 1
370 10 1
590 10 1
3821 10 1
1252 10 1
80 10 1
1243 10 1
55 10 1
133 10 1
35 10 1
84 10 1
2617 10 1
742 10 1
54 10 1
5 10 1
0 10 1
2934 10 1
3462 10 1
94 10 1
36 10 1
564 10 1
3099 10 1
29 10 1
1337 10 1
1463 10 1
269 10 1
2347 10 1
2629 10 1
1386 10 1
2141 10 1
3326 10 1
448 10 1
571 10 1
17 10 1
4062 10 1
1144 10 1
85 10 1
73 10 1
4205 10 1
1567 10 1
2684 10 1
2615 10 1
1123 10 1
1378 10 1
1340 10 1
1253 10 1
47 10 1
479 10 1
710 10 1
464 10 1
579 10 1
26 10 1
2512 10 1
3592 10 1
230 10 1
2225 10 1
1248 10 1
923 10 1
644 10 1
65 10 1
1475 10 1
819 10 1
2367 10 1
585 10 1
940 10 1
428 10 1
423 10 1
132 10 1
42 10 1
4051 10 1
1819 10 1
823 10 1
1234 10 1
1749 10 1
250 10 1
855 10 1
3495 10 1
2671 10 1
153 10 1
1784 10 1
477 10 1
3674 10 1
3831 10 1
46 10 1
2287 10 1
3223 10 1
0 10 1
380 10 1
189 10 1
3285 10 1
0 10 1
2244 10 1
2 10 1
3479 10 1
785 10 1
1923 10 1
711 10 1
6 10 1
208 10 1
1703 10 1
29 10 1
1643 10 1
805 10 1
9 10 1
346 10 1
3953 10 1
1625 10 1
987 10 1
447 10 1
204 10 1
1057 10 1
1061 10 1
158 10 1
3968 10 1
4137 10 1
441 10 1
2972 10 1
323 10 1
270 10 1
1218 10 1
4041 10 1
32 10 1
94 10 1
939 10 1
37 10 1
2 10 1
869 10 1
293 10 1
160 10 1
2402 10 1
3 10 1
3453 10 1
1991 10 1
654 10 1
24 10 1
136 10 1
6 10 1
1499 10 1
50 10 1
3596 10 1
1283 10 1
3206 10 1
82 11 1
840 11 1
1407 11 1
2038 11 1
1634 11 1
1878 11 1
802 11 1
4201 11 1
3977 11 1
264 11 1
116 11 1
60 11 1
273 11 1
71 11 1
1161 11 1
1779 11 1
90 11 1
28 11 1
2002 11 1
6 11 1
757 11 1
856 11 1
1699 11 1
3448 11 1
2598 11 1
2597 11 1
1949 11 1
3977 11 1
2922 11 1
4173 11 1
3489 11 1
437 11 1
1756 11 1
77 11 1
3152 11 1
1667 11 1
1493 11 1
918 11 1
2874 11 1
1889 11 1
652 11 1
2798 11 1
246 11 1
3 11 1
2913 11 1
1515 11 1
697 11 1
334 11 1
122 11 1
312 11 1
3910 11 1
1061 11 1
10 11 1
303 11 1
34 11 1
1424 11 1
717 11 1
266 11 1
872 11 1
402 11 1
670 11 1
190 11 1
1735 11 1
2583 11 1
1381 11 1
2137 11 1
286 11 1
512 11 1
3601 11 1
30 11 1
225 11 1
206 11 1
12 11 1
2189 11 1
2901 11 1
3759 11 1
123 11 1
2123 11 1
1460 11 1
210 11 1
3141 11 1
1219 11 1
1688 11 1
626 11 1
943 11 1
1416 11 1
475 11 1
3165 11 1
4136 11 1
1412 11 1
3084 11 1
3468 11 1
3831 11 1
1171 11 1
1845 11 1
571 11 1
2028 11 1
43 11 1
286 11 1
1006 11 1
511 11 1
76 11 1
2779 11 1
1610 11 1
1655 11 1
610 11 1
2479 11 1
3813 11 1
4175 11 1
2138 11 1
283 11 1
3330 11 1
2823 11 1
250 11 1
429 11 1
2056 11 1
670 11 1
1333 11 1
2033 11 1
596 11 1
150 11 1
927 11 1
888 11 1
119 11 1
374 11 1
2474 11 1
2465 11 1
560 11 1
2094 11 1
154 11 1
968 11 1
117 11 1
638 11 1
2603 11 1
102 11 1
78 11 1
71 11 1
3149 11 1
1510 11 1
1391 11 1
44 11 1
2381 11 1
1579 11 1
474 11 1
3620 11 1
4004 11 1
2664 11 1
126 11 1
3291 11 1
1461 11 1
15 11 1
41 11 1
1567 11 1
2325 12 1
0 12 1
2535 12 1
124 12 1
327 12 1
3337 12 1
1756 12 1
480 12 1
2633 12 1
277 12 1
2825 12 1
3715 12 1
4090 12 1
462 12 1
453 12 1
1544 12 1
522 12 1
3621 12 1
73 12 1
3684 12 1
4163 12 1
541 12 1
1473 12 1
129 12 1
883 12 1
3145 12 1
268 12 1
2680 12 1
0 12 1
7 12 1
3978 12 1
154 12 1
129 12 1
463 12 1
140 12 1
1140 12 1
246 12 1
936 12 1
26 12 1
1645 12 1
594 12 1
2378 12 1
195 12 1
3920 12 1
2792 12 1
1009 12 1
352 12 1
2858 12 1
5 12 1
327 12 1
3235 12 1
50 12 1
2199 12 1
3107 12 1
2636 12 1
1191 12 1
1329 12 1
1713 12 1
32 12 1
36 12 1
1143 12 1
1719 12 1
187 12 1
4176 12 1
783 12 1
3864 12 1
1510 12 1
1355 12 1
715 12 1
51 12 1
1629 12 1
3328 12 1
29 12 1
3820 12 1
1316 12 1
6 12 1
3391 12 1
331 12 1
33 12 1
2077 12 1
3684 12 1
3838 12 1
1831 12 1
304 12 1
1116 12 1
1091 12 1
1873 12 1
65 12 1
844 12 1
4123 12 1
2303 12 1
1932 12 1
641 12 1
1176 12 1
1953 12 1
863 12 1
2522 12 1
632 12 1
1878 12 1
2591 12 1
65 12 1
106 12 1
3015 12 1
3594 12 1
707 12 1
59 12 1
1303 12 1
235 12 1
3898 12 1
87 12 1
120 12 1
103 12 1
100 12 1
2866 12 1
0 12 1
2416 12 1
170 12 1
2538 12 1
2153 12 1
168 12 1
10 12 1
1510 12 1
239 12 1
4180 12 1
1 12 1
213 12 1
1103 12 1
3527 12 1
4067 12 1
1010 12 1
1468 12 1
935 12 1
4155 12 1
4180 12 1
537 12 1
2084 12 1
2298 12 1
3873 12 1
2342 12 1
1974 12 1
444 12 1
2704 12 1
851 12 1
166 12 1
7 12 1
1764 12 1
341 12 1
3500 12 1
2290 12 1
16 12 1
3106 12 1
3759 12 1
3289 12 1
70 13 1
2885 13 1
990 13 1
3265 13 1
3 13 1
33 13 1
748 13 1
30 13 1
2611 13 1
878 13 1
1485 13 1
1634 13 1
2041 13 1
2314 13 1
393 13 1
1499 13 1
27 13 1
811 13 1
1626 13 1
2100 13 1
2391 13 1
4125 13 1
2626 13 1
3704 13 1
354 13 1
3011 13 1
1394 13 1
3419 13 1
506 13 1
336 13 1
3062 13 1
43 13 1
2127 13 1
1828 13 1
30 13 1
1095 13 1
1586 13 1
1572 13 1
156 13 1
3953 13 1
1789 13 1
3422 13 1
3748 13 1
644 13 1
2373 13 1
3966 13 1
2683 13 1
1932 13 1
3941 13 1
2966 13 1
3956 13 1
2070 13 1
500 13 1
413 13 1
2669 13 1
937 13 1
1086 13 1
2197 13 1
3880 13 1
3394 13 1
1786 13 1
137 13 1
1034 13 1
1737 13 1
23 13 1
0 13 1
12 13 1
908 13 1
14 13 1
4 13 1
1980 13 1
3830 13 1
81 13 1
1295 13 1
727 13 1
19 13 1
2337 13 1
2177 13 1
8 13 1
843 13 1
18 13 1
1628 13 1
1176 13 1
2129 13 1
840 13 1
1883 13 1
4043 13 1
1197 13 1
2619 13 1
3448 13 1
55 13 1
1582 13 1
2909 13 1
2214 13 1
2057 13 1
1889 13 1
367 13 1
1292 13 1
1871 13 1
1988 13 1
25 13 1
3903 13 1
1496 13 1
1024 13 1
1410 13 1
98 13 1
491 13 1
2499 13 1
1592 13 1
353 13 1
1304 13 1
72 13 1
3982 13 1
609 13 1
862 13 1
1241 13 1
2404 13 1
913 13 1
4113 13 1
3161 13 1
1381 13 1
927 13 1
2639 13 1
779 13 1
226 13 1
2258 13 1
123 13 1
904 13 1
3882 13 1
190 13 1
802 13 1
2317 13 1
354 13 1
4 13 1
3855 13 1
224 13 1
1957 13 1
301 13 1
19 13 1
2777 13 1
618 13 1
3468 13 1
1464 13 1
1447 13 1
2243 13 1
4058 13 1
405 13 1
1517 13 1
4087 13 1
984 13 1
4169 13 1
1528 13 1
97 13 1
945 14 1
29 14 1
72 14 1
1306 14 1
1271 14 1
1455 14 1
171 14 1
0 14 1
2668 14 1
226 14 1
36 14 1
1905 14 1
493 14 1
3026 14 1
2584 14 1
966 14 1
1174 14 1
3042 14 1
1826 14 1
1183 14 1
289 14 1
694 14 1
0 14 1
2581 14 1
107 14 1
2397 14 1
27 14 1
110 14 1
386 14 1
1425 14 1
177 14 1
4123 14 1
921 14 1
373 14 1
491 14 1
550 14 1
3335 14 1
3632 14 1
3480 14 1
1089 14 1
32 14 1
1823 14 1
91 14 1
3123 14 1
318 14 1
996 14 1
209 14 1
2889 14 1
172 14 1
19 14 1
2543 14 1
1312 14 1
3036 14 1
3304 14 1
2227 14 1
2570 14 1
534 14 1
2016 14 1
74 14 1
968 14 1
1653 14 1
2449 14 1
1999 14 1
246 14 1
1843 14 1
60 14 1
702 14 1
3852 14 1
14 14 1
1776 14 1
2154 14 1
14 14 1
2043 14 1
1509 14 1
1359 14 1
808 14 1
1051 14 1
2740 14 1
841 14 1
1684 14 1
2986 14 1
26 14 1
357 14 1
1432 14 1
2306 14 1
2486 14 1
236 14 1
2222 14 1
118 14 1
1716 14 1
997 14 1
913 14 1
529 14 1
3559 14 1
683 14 1
56 14 1
3226 14 1
3644 14 1
158 14 1
2416 14 1
3580 14 1
1552 14 1
0 14 1
1290 14 1
1322 14 1
330 14 1
6 14 1
567 14 1
1985 14 1
2291 14 1
3354 14 1
321 14 1
3434 14 1
508 14 1
682 14 1
3189 14 1
1682 14 1
735 14 1
13 14 1
82 14 1
1484 14 1
366 14 1
159 14 1
1176 14 1
46 14 1
61 14 1
1060 14 1
2066 14 1
110 14 1
1735 14 1
1653 14 1
33 14 1
106 14 1
394 14 1
3987 14 1
446 14 1
12 14 1
79 14 1
426 14 1
3126 14 1
41 14 1
3484 14 1
935 14 1
2870 14 1
271 14 1
25 14 1
22 14 1
1126 14 1
2 14 1
2508 14 1
1238 14 1
153 14 1
3133 14 1
1607 15 1
3024 15 1
413 15 1
453 15 1
3177 15 1
1541 15 1
3062 15 1
3300 15 1
4166 15 1
1864 15 1
4020 15 1
32 15 1
453 15 1
1582 15 1
26 15 1
196 15 1
248 15 1
59 15 1
2682 15 1
2241 15 1
14 15 1
2685 15 1
5 15 1
3901 15 1
1244 15 1
52 15 1
1964 15 1
519 15 1
268 15 1
3186 15 1
2343 15 1
4018 15 1
4186 15 1
1477 15 1
19 15 1
507 15 1
397 15 1
766 15 1
2435 15 1
994 15 1
437 15 1
1851 15 1
424 15 1
586 15 1
4082 15 1
674 15 1
2184 15 1
903 15 1
817 15 1
2637 15 1
3493 15 1
904 15 1
3274 15 1
993 15 1
974 15 1
49 15 1
2014 15 1
1128 15 1
2407 15 1
311 15 1
1878 15 1
3661 15 1
2197 15 1
1895 15 1
3476 15 1
1330 15 1
1720 15 1
48 15 1
2748 15 1
2162 15 1
2025 15 1
115 15 1
2503 15 1
2870 15 1
38 15 1
600 15 1
42 15 1
3908 15 1
656 15 1
1603 15 1
1161 15 1
465 15 1
3595 15 1
175 15 1
313 15 1
7 15 1
986 15 1
2836 15 1
2473 15 1
1403 15 1
1 15 1
2109 15 1
3711 15 1
1950 15 1
4072 15 1
1362 15 1
1510 15 1
305 15 1
2645 15 1
237 15 1
120 15 1
256 15 1
463 15 1
3831 15 1
2408 15 1
1557 15 1
374 15 1
4136 15 1
3283 15 1
14 15 1
2115 15 1
2602 15 1
386 15 1
3552 15 1
3635 15 1
3457 15 1
1771 15 1
1872 15 1
1 15 1
3103 15 1
351 15 1
4 15 1
2154 15 1
818 15 1
1152 15 1
3047 15 1
2237 15 1
64 15 1
379 15 1
306 15 1
2676 15 1
3881 15 1
854 15 1
90 15 1
1986 15 1
1559 15 1
1757 15 1
15 15 1
113 15 1
101 15 1
2189 15 1
327 15 1
1562 15 1
1204 15 1
3840 15 1
922 15 1
248 15 1
1182 15 1
2246 15 1
2584 15 1
2252 15 1
2042 15 1
3 15 1
677 16 1
6 16 1
74 16 1
2395 16 1
251 16 1
2400 16 1
1400 16 1
1817 16 1
1603 16 1
411 16 1
2257 16 1
2152 16 1
8 16 1
4201 16 1
365 16 1
2442 16 1
2295 16 1
1148 16 1
2694 16 1
104 16 1
1154 16 1
1936 16 1
30 16 1
2019 16 1
313 16 1
1420 16 1
2230 16 1
245 16 1
86 16 1
4 16 1
613 16 1
2001 16 1
800 16 1
314 16 1
1385 16 1
49 16 1
1658 16 1
2103 16 1
1148 16 1
0 16 1
799 16 1
1098 16 1
21 16 1
1007 16 1
876 16 1
1217 16 1
136 16 1
2038 16 1
1538 16 1
1492 16 1
231 16 1
1099 16 1
0 16 1
2385 16 1
197 16 1
2332 16 1
3814 16 1
687 16 1
3485 16 1
1474 16 1
671 16 1
1266 16 1
3059 16 1
121 16 1
1469 16 1
3085 16 1
818 16 1
6 16 1
133 16 1
1371 16 1
2231 16 1
44 16 1
59 16 1
118 16 1
3118 16 1
2423 16 1
336 16 1
2121 16 1
1084 16 1
347 16 1
1189 16 1
3633 16 1
1071 16 1
0 16 1
304 16 1
346 16 1
1434 16 1
972 16 1
16 16 1
3379 16 1
1936 16 1
605 16 1
4158 16 1
757 16 1
18 16 1
3682 16 1
111 16 1
525 16 1
1391 16 1
26 16 1
289 16 1
1013 16 1
1629 16 1
123 16 1
39 16 1
11 16 1
1377 16 1
1827 16 1
780 16 1
4177 16 1
1055 16 1
3075 16 1
496 16 1
2816 16 1
74 16 1
1601 16 1
3302 16 1
2327 16 1
963 16 1
557 16 1
1301 16 1
2157 16 1
1771 16 1
1843 16 1
1270 16 1
3665 16 1
3505 16 1
3160 16 1
24 16 1
3228 16 1
836 16 1
1694 16 1
53 16 1
63 16 1
1029 16 1
451 16 1
656 16 1
1851 16 1
152 16 1
2386 16 1
979 16 1
1756 16 1
2013 16 1
342 16 1
854 16 1
3475 16 1
979 16 1
1583 16 1
0 16 1
1471 16 1
2123 16 1
2646 16 1
1283 16 1
1714 17 1
3393 17 1
3074 17 1
2383 17 1
1946 17 1
54 17 1
516 17 1
1061 17 1
123 17 1
2787 17 1
21 17 1
98 17 1
1661 17 1
21 17 1
1599 17 1
1267 17 1
4 17 1
582 17 1
0 17 1
2809 17 1
2588 17 1
2204 17 1
1913 17 1
4063 17 1
3059 17 1
1271 17 1
4 17 1
122 17 1
3031 17 1
246 17 1
998 17 1
998 17 1
1079 17 1
3936 17 1
1489 17 1
300 17 1
1470 17 1
825 17 1
68 17 1
505 17 1
3606 17 1
1411 17 1
3168 17 1
4202 17 1
3103 17 1
2912 17 1
96 17 1
714 17 1
1224 17 1
2904 17 1
1125 17 1
4077 17 1
3470 17 1
43 17 1
569 17 1
1260 17 1
56 17 1
215 17 1
3691 17 1
3437 17 1
921 17 1
2 17 1
475 17 1
3669 17 1
237 17 1
392 17 1
3739 17 1
792 17 1
119 17 1
1141 17 1
1656 17 1
47 17 1
8 17 1
106 17 1
200 17 1
3565 17 1
2707 17 1
1155 17 1
517 17 1
17 17 1
4209 17 1
873 17 1
1796 17 1
4133 17 1
3872 17 1
583 17 1
3882 17 1
2 17 1
3798 17 1
2721 17 1
41 17 1
3065 17 1
585 17 1
585 17 1
17 17 1
3082 17 1
1124 17 1
3903 17 1
1754 17 1
2623 17 1
4050 17 1
957 17 1
39 17 1
3183 17 1
981 17 1
179 17 1
523 17 1
393 17 1
73 17 1
21 17 1
261 17 1
1366 17 1
30 17 1
3725 17 1
1850 17 1
2079 17 1
3438 17 1
1809 17 1
1933 17 1
555 17 1
32 17 1
264 17 1
958 17 1
60 17 1
25 17 1
12 17 1
644 17 1
1559 17 1
2412 17 1
1894 17 1
221 17 1
2104 17 1
3344 17 1
1353 17 1
85 17 1
2624 17 1
176 17 1
3642 17 1
1431 17 1
880 17 1
3409 17 1
1417 17 1
47 17 1
1425 17 1
1689 17 1
3145 17 1
1230 17 1
17 17 1
715 17 1
3162 17 1
1752 17 1
20 17 1
2879 17 1
2377 18 1
1247 18 1
3211 18 1
150 18 1
9 18 1
2621 18 1
239 18 1
13 18 1
1994 18 1
2956 18 1
2732 18 1
315 18 1
2890 18 1
3959 18 1
88 18 1
1057 18 1
1623 18 1
541 18 1
2526 18 1
1240 18 1
1139 18 1
2660 18 1
566 18 1
1755 18 1
3943 18 1
4071 18 1
2407 18 1
1005 18 1
189 18 1
1710 18 1
15 18 1
3066 18 1
843 18 1
3080 18 1
1594 18 1
735 18 1
183 18 1
897 18 1
523 18 1
4020 18 1
0 18 1
217 18 1
2440 18 1
3812 18 1
3791 18 1
1830 18 1
2754 18 1
2265 18 1
766 18 1
3777 18 1
3 18 1
85 18 1
52 18 1
32 18 1
1170 18 1
370 18 1
4 18 1
845 18 1
1539 18 1
2053 18 1
3410 18 1
1935 18 1
1343 18 1
3978 18 1
2751 18 1
888 18 1
2358 18 1
3454 18 1
496 18 1
3859 18 1
1133 18 1
54 18 1
1170 18 1
643 18 1
2106 18 1
16 18 1
2846 18 1
28 18 1
1179 18 1
2991 18 1
2323 18 1
79 18 1
2839 18 1
1655 18 1
3669 18 1
1874 18 1
640 18 1
1613 18 1
11 18 1
336 18 1
155 18 1
976 18 1
388 18 1
12 18 1
2006 18 1
786 18 1
0 18 1
857 18 1
2209 18 1
1253 18 1
3337 18 1
200 18 1
105 18 1
1665 18 1
1515 18 1
330 18 1
916 18 1
7 18 1
2061 18 1
3980 18 1
122 18 1
1578 18 1
262 18 1
2429 18 1
80 18 1
98 18 1
4 18 1
1070 18 1
894 18 1
2701 18 1
3194 18 1
314 18 1
0 18 1
2834 18 1
3944 18 1
775 18 1
96 18 1
2233 18 1
705 18 1
479 18 1
60 18 1
74 18 1
457 18 1
2592 18 1
824 18 1
2651 18 1
279 18 1
307 18 1
168 18 1
15 18 1
52 18 1
2022 18 1
459 18 1
3062 18 1
3855 18 1
216 18 1
2079 18 1
2686 18 1
0 18 1
5 18 1
3659 18 1
2 18 1
3163 18 1
2235 19 1
2396 19 1
2511 19 1
426 19 1
115 19 1
81 19 1
901 19 1
3923 19 1
1570 19 1
3385 19 1
71 19 1
2 19 1
228 19 1
1493 19 1
451 19 1
1228 19 1
1189 19 1
253 19 1
7 19 1
501 19 1
85 19 1
1985 19 1
1580 19 1
0 19 1
335 19 1
233 19 1
0 19 1
693 19 1
3647 19 1
42 19 1
5 19 1
2262 19 1
1528 19 1
2116 19 1
78 19 1
810 19 1
364 19 1
3638 19 1
2928 19 1
95 19 1
14 19 1
2887 19 1
1105 19 1
120 19 1
647 19 1
398 19 1
526 19 1
240 19 1
8 19 1
3468 19 1
98 19 1
4119 19 1
2256 19 1
3832 19 1
782 19 1
3336 19 1
2384 19 1
99 19 1
2976 19 1
1133 19 1
3022 19 1
175 19 1
1222 19 1
3254 19 1
2086 19 1
1328 19 1
695 19 1
26 19 1
278 19 1
0 19 1
136 19 1
3031 19 1
1674 19 1
40 19 1
2887 19 1
2877 19 1
558 19 1
2770 19 1
0 19 1
162 19 1
5 19 1
3047 19 1
139 19 1
2 19 1
280 19 1
260 19 1
1424 19 1
2703 19 1
200 19 1
1 19 1
1207 19 1
2888 19 1
352 19 1
83 19 1
288 19 1
56 19 1
2114 19 1
181 19 1
74 19 1
3205 19 1
867 19 1
1174 19 1
2965 19 1
640 19 1
468 19 1
1837 19 1
2120 19 1
4032 19 1
637 19 1
2604 19 1
1757 19 1
1666 19 1
1 19 1
74 19 1
7 19 1
3343 19 1
671 19 1
616 19 1
3341 19 1
0 19 1
961 19 1
3531 19 1
209 19 1
122 19 1
1400 19 1
324 19 1
1730 19 1
1617 19 1
769 19 1
2890 19 1
478 19 1
3159 19 1
2324 19 1
324 19 1
43 19 1
2262 19 1
1919 19 1
2354 19 1
82 19 1
915 19 1
1035 19 1
2139 19 1
2 19 1
2205 19 1
1894 19 1
2997 19 1
324 19 1
195 19 1
0 19 1
4073 19 1
2232 19 1
1218 19 1
479 19 1
1388 20 1
393 20 1
2948 20 1
361 20 1
10 20 1
503 20 1
122 20 1
1110 20 1
719 20 1
2413 20 1
1262 20 1
104 20 1
404 20 1
1427 20 1
2179 20 1
2145 20 1
2083 20 1
0 20 1
2192 20 1
2384 20 1
547 20 1
183 20 1
1677 20 1
3309 20 1
1497 20 1
0 20 1
641 20 1
831 20 1
48 20 1
1157 20 1
548 20 1
120 20 1
3348 20 1
1854 20 1
121 20 1
1372 20 1
2715 20 1
407 20 1
1761 20 1
5 20 1
69 20 1
22 20 1
239 20 1
2636 20 1
3261 20 1
2426 20 1
3489 20 1
221 20 1
1928 20 1
1576 20 1
336 20 1
1674 20 1
2913 20 1
445 20 1
2042 20 1
2700 20 1
338 20 1
2834 20 1
3926 20 1
2979 20 1
561 20 1
627 20 1
4002 20 1
87 20 1
2371 20 1
37 20 1
3271 20 1
3098 20 1
1290 20 1
908 20 1
1734 20 1
1116 20 1
3521 20 1
1016 20 1
371 20 1
4143 20 1
369 20 1
4120 20 1
1337 20 1
2167 20 1
98 20 1
2385 20 1
613 20 1
62 20 1
2489 20 1
1 20 1
3 20 1
456 20 1
0 20 1
228 20 1
2607 20 1
1203 20 1
2917 20 1
2397 20 1
3212 20 1
3132 20 1
2290 20 1
780 20 1
1203 20 1
2633 20 1
3428 20 1
2421 20 1
3831 20 1
50 20 1
2753 20 1
42 20 1
1760 20 1
1359 20 1
1312 20 1
2316 20 1
636 20 1
37 20 1
1259 20 1
1773 20 1
1128 20 1
3086 20 1
372 20 1
1087 20 1
2002 20 1
3226 20 1
1724 20 1
3768 20 1
174 20 1
152 20 1
433 20 1
407 20 1
4111 20 1
3 20 1
190 20 1
1611 20 1
5 20 1
0 20 1
2916 20 1
524 20 1
3701 20 1
2241 20 1
1586 20 1
279 20 1
171 20 1
206 20 1
268 20 1
166 20 1
1094 20 1
2141 20 1
191 20 1
285 20 1
21 20 1
1113 20 1
689 20 1
302 20 1
225 20 1
1625 20 1
319 20 1
901 21 1
2953 21 1
2301 21 1
1735 21 1
691 21 1
80 21 1
2280 21 1
19 21 1
3741 21 1
561 21 1
2932 21 1
666 21 1
414 21 1
40 21 1
70 21 1
3514 21 1
26 21 1
3266 21 1
1602 21 1
3308 21 1
2327 21 1
364 21 1
3771 21 1
1005 21 1
738 21 1
3661 21 1
147 21 1
3748 21 1
898 21 1
1126 21 1
3651 21 1
3046 21 1
1293 21 1
962 21 1
27 21 1
2432 21 1
3451 21 1
1838 21 1
341 21 1
2711 21 1
1129 21 1
552 21 1
616 21 1
2442 21 1
1906 21 1
1088 21 1
1641 21 1
1297 21 1
396 21 1
2034 21 1
36 21 1
208 21 1
1997 21 1
2616 21 1
1580 21 1
123 21 1
4084 21 1
3693 21 1
4184 21 1
155 21 1
775 21 1
401 21 1
239 21 1
503 21 1
259 21 1
1724 21 1
1764 21 1
2100 21 1
23 21 1
499 21 1
4065 21 1
936 21 1
200 21 1
706 21 1
1225 21 1
3583 21 1
2561 21 1
3908 21 1
1164 21 1
852 21 1
29 21 1
1669 21 1
1367 21 1
3441 21 1
669 21 1
67 21 1
580 21 1
2389 21 1
3453 21 1
2354 21 1
1540 21 1
0 21 1
2030 21 1
98 21 1
3410 21 1
7 21 1
1341 21 1
99 21 1
1304 21 1
481 21 1
733 21 1
3588 21 1
41 21 1
3783 21 1
2140 21 1
641 21 1
4 21 1
3321 21 1
699 21 1
736 21 1
3562 21 1
242 21 1
984 21 1
36 21 1
910 21 1
991 21 1
496 21 1
889 21 1
67 21 1
281 21 1
516 21 1
42 21 1
269 21 1
43 21 1
473 21 1
1004 21 1
111 21 1
1470 21 1
2542 21 1
2323 21 1
3458 21 1
1974 21 1
340 21 1
2168 21 1
3402 21 1
13 21 1
1867 21 1
65 21 1
2854 21 1
2387 21 1
2903 21 1
3022 21 1
2522 21 1
106 21 1
775 21 1
46 21 1
4045 21 1
2575 21 1
3883 21 1
1975 21 1
362 21 1
859 21 1
941 21 1
518 22 1
384 22 1
329 22 1
646 22 1
599 22 1
45 22 1
3997 22 1
218 22 1
1 22 1
3425 22 1
3895 22 1
1399 22 1
205 22 1
770 22 1
2272 22 1
214 22 1
893 22 1
186 22 1
1802 22 1
3917 22 1
4 22 1
222 22 1
3618 22 1
1246 22 1
452 22 1
3 22 1
304 22 1
1377 22 1
605 22 1
3220 22 1
788 22 1
378 22 1
1469 22 1
579 22 1
1263 22 1
950 22 1
1570 22 1
2225 22 1
45 22 1
679 22 1
911 22 1
1558 22 1
134 22 1
3 22 1
615 22 1
1195 22 1
2670 22 1
3401 22 1
0 22 1
3206 22 1
3271 22 1
556 22 1
3813 22 1
1725 22 1
808 22 1
938 22 1
1479 22 1
1134 22 1
259 22 1
2142 22 1
1587 22 1
450 22 1
344 22 1
197 22 1
8 22 1
325 22 1
2597 22 1
3356 22 1
75 22 1
3562 22 1
769 22 1
2882 22 1
397 22 1
1892 22 1
38 22 1
3486 22 1
3388 22 1
2793 22 1
2840 22 1
2266 22 1
3220 22 1
1062 22 1
2341 22 1
865 22 1
3090 22 1
1660 22 1
2709 22 1
3385 22 1
378 22 1
3687 22 1
4016 22 1
2485 22 1
3856 22 1
40 22 1
453 22 1
916 22 1
3156 22 1
1534 22 1
2330 22 1
2869 22 1
3605 22 1
872 22 1
3768 22 1
2016 22 1
3904 22 1
1908 22 1
2678 22 1
2255 22 1
3798 22 1
610 22 1
2094 22 1
5 22 1
2013 22 1
1012 22 1
300 22 1
1617 22 1
382 22 1
780 22 1
1851 22 1
496 22 1
598 22 1
3387 22 1
1021 22 1
56 22 1
1168 22 1
43 22 1
1853 22 1
399 22 1
3913 22 1
148 22 1
4015 22 1
885 22 1
1172 22 1
2441 22 1
2799 22 1
2318 22 1
3247 22 1
931 22 1
2712 22 1
26 22 1
2858 22 1
2276 22 1
142 22 1
2578 22 1
3597 22 1
1977 22 1
1762 22 1
2181 22 1
330 22 1
160 22 1
168 22 1
7 22 1
2373 22 1
1617 23 1
1995 23 1
7 23 1
1614 23 1
1301 23 1
290 23 1
83 23 1
27 23 1
0 23 1
1409 23 1
1883 23 1
1927 23 1
311 23 1
1285 23 1
2576 23 1
2172 23 1
1434 23 1
113 23 1
33 23 1
3616 23 1
133 23 1
306 23 1
3146 23 1
431 23 1
487 23 1
0 23 1
3697 23 1
1526 23 1
160 23 1
6 23 1
996 23 1
2773 23 1
387 23 1
3392 23 1
3766 23 1
1268 23 1
2 23 1
3018 23 1
2288 23 1
210 23 1
1678 23 1
4091 23 1
992 23 1
1215 23 1
2017 23 1
471 23 1
118 23 1
1847 23 1
3130 23 1
55 23 1
3619 23 1
3168 23 1
451 23 1
1617 23 1
0 23 1
2623 23 1
847 23 1
2826 23 1
414 23 1
2814 23 1
468 23 1
252 23 1
26 23 1
1078 23 1
769 23 1
1822 23 1
2111 23 1
278 23 1
1218 23 1
1466 23 1
1710 23 1
226 23 1
3507 23 1
3035 23 1
2272 23 1
12 23 1
443 23 1
464 23 1
2604 23 1
2350 23 1
818 23 1
1 23 1
2401 23 1
492 23 1
380 23 1
213 23 1
7 23 1
3728 23 1
881 23 1
214 23 1
22 23 1
2535 23 1
1509 23 1
3265 23 1
3918 23 1
427 23 1
1424 23 1
342 23 1
3559 23 1
2192 23 1
82 23 1
1749 23 1
1222 23 1
1545 23 1
499 23 1
0 23 1
2453 23 1
64 23 1
1271 23 1
2693 23 1
778 23 1
1480 23 1
958 23 1
805 23 1
1289 23 1
903 23 1
594 23 1
4005 23 1
3098 23 1
198 23 1
2758 23 1
1224 23 1
1481 23 1
1037 23 1
1620 23 1
2287 23 1
1193 23 1
496 23 1
1846 23 1
2148 23 1
972 23 1
363 23 1
1169 23 1
3565 23 1
1272 23 1
3374 23 1
169 23 1
288 23 1
2878 23 1
32 23 1
1936 23 1
378 23 1
1211 23 1
2104 23 1
97 23 1
525 23 1
3980 23 1
2842 23 1
868 23 1
701 23 1
3556 23 1
154 23 1
3167 23 1
857 24 1
650 24 1
553 24 1
1966 24 1
2548 24 1
4163 24 1
1596 24 1
2622 24 1
1592 24 1
1 24 1
985 24 1
2031 24 1
2812 24 1
742 24 1
116 24 1
40 24 1
228 24 1
1696 24 1
2546 24 1
708 24 1
862 24 1
1416 24 1
1678 24 1
2368 24 1
3790 24 1
346 24 1
2578 24 1
1370 24 1
432 24 1
2110 24 1
657 24 1
1068 24 1
413 24 1
959 24 1
32 24 1
599 24 1
179 24 1
719 24 1
28 24 1
4096 24 1
531 24 1
4049 24 1
155 24 1
50 24 1
1806 24 1
3439 24 1
215 24 1
800 24 1
814 24 1
2896 24 1
669 24 1
131 24 1
3086 24 1
3892 24 1
195 24 1
2446 24 1
699 24 1
379 24 1
832 24 1
246 24 1
1536 24 1
2109 24 1
1804 24 1
39 24 1
3 24 1
58 24 1
1200 24 1
3462 24 1
42 24 1
1116 24 1
427 24 1
1730 24 1
317 24 1
1500 24 1
90 24 1
3827 24 1
1714 24 1
2246 24 1
4016 24 1
2035 24 1
0 24 1
12 24 1
2067 24 1
926 24 1
106 24 1
4 24 1
3948 24 1
3580 24 1
1065 24 1
3577 24 1
34 24 1
236 24 1
13 24 1
3216 24 1
106 24 1
288 24 1
500 24 1
43 24 1
252 24 1
191 24 1
3598 24 1
3609 24 1
9 24 1
1131 24 1
21 24 1
2804 24 1
910 24 1
17 24 1
1433 24 1
52 24 1
2706 24 1
240 24 1
1624 24 1
1070 24 1
1479 24 1
3967 24 1
109 24 1
1215 24 1
182 24 1
820 24 1
2621 24 1
56 24 1
473 24 1
2995 24 1
733 24 1
806 24 1
714 24 1
58 24 1
1551 24 1
322 24 1
198 24 1
3709 24 1
966 24 1
3715 24 1
2332 24 1
2543 24 1
54 24 1
2683 24 1
572 24 1
3873 24 1
4062 24 1
1418 24 1
4022 24 1
3230 24 1
3334 24 1
1874 24 1
803 24 1
74 24 1
1323 24 1
209 24 1
1946 24 1
892 24 1
855 24 1
120 25 1
20 25 1
1101 25 1
1517 25 1
955 25 1
262 25 1
167 25 1
219 25 1
2275 25 1
3204 25 1
1067 25 1
96 25 1
4039 25 1
326 25 1
2375 25 1
886 25 1
1987 25 1
559 25 1
290 25 1
2662 25 1
1743 25 1
179 25 1
1011 25 1
2122 25 1
2436 25 1
716 25 1
325 25 1
845 25 1
1136 25 1
2358 25 1
3241 25 1
1115 25 1
2984 25 1
3420 25 1
113 25 1
9 25 1
2157 25 1
828 25 1
1337 25 1
2224 25 1
1377 25 1
1423 25 1
556 25 1
2592 25 1
1515 25 1
324 25 1
99 25 1
3562 25 1
2537 25 1
3958 25 1
20 25 1
2796 25 1
4070 25 1
12 25 1
1706 25 1
62 25 1
1299 25 1
449 25 1
3952 25 1
70 25 1
211 25 1
4033 25 1
1216 25 1
234 25 1
1697 25 1
3475 25 1
1688 25 1
246 25 1
3912 25 1
1929 25 1
1371 25 1
3574 25 1
3 25 1
3073 25 1
1487 25 1
987 25 1
2447 25 1
830 25 1
220 25 1
1948 25 1
2283 25 1
1289 25 1
1158 25 1
440 25 1
490 25 1
2470 25 1
74 25 1
1233 25 1
426 25 1
251 25 1
97 25 1
802 25 1
3849 25 1
1622 25 1
455 25 1
146 25 1
534 25 1
2028 25 1
2419 25 1
404 25 1
1882 25 1
787 25 1
157 25 1
167 25 1
0 25 1
3551 25 1
1683 25 1
58 25 1
951 25 1
89 25 1
2114 25 1
3485 25 1
568 25 1
490 25 1
115 25 1
2909 25 1
7 25 1
655 25 1
676 25 1
981 25 1
691 25 1
3062 25 1
350 25 1
536 25 1
876 25 1
36 25 1
487 25 1
1108 25 1
5 25 1
375 25 1
58 25 1
452 25 1
375 25 1
2415 25 1
2607 25 1
650 25 1
3190 25 1
1 25 1
2802 25 1
184 25 1
11 25 1
20 25 1
3712 25 1
3324 25 1
3437 25 1
358 25 1
1113 25 1
767 25 1
353 25 1
2496 25 1
2063 25 1
265 25 1
2887 25 1
3 26 1
467 26 1
3730 26 1
130 26 1
4168 26 1
71 26 1
582 26 1
1889 26 1
1545 26 1
1856 26 1
3194 26 1
1128 26 1
109 26 1
344 26 1
35 26 1
3822 26 1
1599 26 1
73 26 1
727 26 1
1699 26 1
720 26 1
2606 26 1
957 26 1
2007 26 1
1938 26 1
188 26 1
502 26 1
1367 26 1
3479 26 1
838 26 1
116 26 1
4121 26 1
659 26 1
1727 26 1
3523 26 1
523 26 1
587 26 1
1132 26 1
1408 26 1
3114 26 1
2387 26 1
782 26 1
3992 26 1
2177 26 1
3277 26 1
2044 26 1
365 26 1
3594 26 1
1112 26 1
1339 26 1
2726 26 1
740 26 1
2955 26 1
355 26 1
1123 26 1
2045 26 1
138 26 1
4205 26 1
2095 26 1
3739 26 1
2068 26 1
2516 26 1
3840 26 1
282 26 1
266 26 1
295 26 1
968 26 1
38 26 1
447 26 1
15 26 1
206 26 1
43 26 1
3297 26 1
272 26 1
2209 26 1
44 26 1
364 26 1
829 26 1
294 26 1
1858 26 1
86 26 1
4198 26 1
77 26 1
2070 26 1
1009 26 1
1707 26 1
184 26 1
469 26 1
2165 26 1
334 26 1
1122 26 1
623 26 1
2176 26 1
2799 26 1
28 26 1
1402 26 1
993 26 1
269 26 1
1614 26 1
2715 26 1
1757 26 1
3452 26 1
2873 26 1
591 26 1
3195 26 1
1603 26 1
7 26 1
4 26 1
2617 26 1
706 26 1
3737 26 1
2925 26 1
3066 26 1
1181 26 1
2725 26 1
4199 26 1
224 26 1
3773 26 1
2554 26 1
2316 26 1
2010 26 1
521 26 1
1166 26 1
2245 26 1
3943 26 1
2582 26 1
1323 26 1
0 26 1
323 26 1
1043 26 1
20 26 1
3182 26 1
1351 26 1
400 26 1
50 26 1
4120 26 1
1320 26 1
4095 26 1
2 26 1
3928 26 1
683 26 1
3778 26 1
976 26 1
29 26 1
2316 26 1
1882 26 1
1 26 1
857 26 1
2768 26 1
3839 26 1
2076 26 1
3005 26 1
1342 26 1
53 27 1
157 27 1
1921 27 1
315 27 1
1832 27 1
3586 27 1
3970 27 1
3363 27 1
78 27 1
104 27 1
3954 27 1
1128 27 1
100 27 1
1812 27 1
1550 27 1
140 27 1
963 27 1
243 27 1
2674 27 1
2165 27 1
9 27 1
1199 27 1
3942 27 1
546 27 1
3765 27 1
2458 27 1
64 27 1
4073 27 1
167 27 1
1853 27 1
204 27 1
2812 27 1
3061 27 1
3025 27 1
758 27 1
3954 27 1
194 27 1
661 27 1
1302 27 1
2821 27 1
675 27 1
27 27 1
3310 27 1
858 27 1
1073 27 1
261 27 1
65 27 1
2834 27 1
31 27 1
3093 27 1
1853 27 1
2559 27 1
3615 27 1
222 27 1
4119 27 1
2994 27 1
1806 27 1
2020 27 1
4163 27 1
1767 27 1
1182 27 1
421 27 1
3260 27 1
87 27 1
903 27 1
942 27 1
3581 27 1
806 27 1
765 27 1
654 27 1
1199 27 1
1147 27 1
11 27 1
86 27 1
61 27 1
3760 27 1
101 27 1
843 27 1
1879 27 1
418 27 1
2611 27 1
2040 27 1
3981 27 1
358 27 1
450 27 1
952 27 1
28 27 1
33 27 1
2330 27 1
54 27 1
123 27 1
4104 27 1
27 27 1
72 27 1
3726 27 1
1414 27 1
404 27 1
2669 27 1
177 27 1
765 27 1
2815 27 1
26 27 1
580 27 1
616 27 1
2425 27 1
1069 27 1
2000 27 1
1530 27 1
779 27 1
2930 27 1
3582 27 1
3475 27 1
318 27 1
1730 27 1
1522 27 1
2998 27 1
0 27 1
3365 27 1
1118 27 1
1 27 1
1527 27 1
613 27 1
1424 27 1
1910 27 1
99 27 1
2626 27 1
629 27 1
1182 27 1
1283 27 1
854 27 1
1450 27 1
3162 27 1
646 27 1
69 27 1
2414 27 1
1714 27 1
2953 27 1
2788 27 1
2256 27 1
521 27 1
2049 27 1
1447 27 1
1717 27 1
35 27 1
768 27 1
2204 27 1
711 27 1
111 27 1
2796 27 1
3949 27 1
306 27 1
353 27 1
0 27 1
3635 28 1
830 28 1
183 28 1
2053 28 1
2187 28 1
24 28 1
2800 28 1
643 28 1
288 28 1
2894 28 1
431 28 1
844 28 1
1546 28 1
2938 28 1
3308 28 1
176 28 1
719 28 1
940 28 1
465 28 1
988 28 1
3271 28 1
2 28 1
3469 28 1
4102 28 1
430 28 1
2880 28 1
866 28 1
687 28 1
1096 28 1
273 28 1
2204 28 1
8 28 1
2269 28 1
3089 28 1
174 28 1
1759 28 1
2594 28 1
107 28 1
463 28 1
1676 28 1
524 28 1
4099 28 1
3199 28 1
2957 28 1
441 28 1
758 28 1
3040 28 1
260 28 1
3103 28 1
1318 28 1
141 28 1
334 28 1
945 28 1
3623 28 1
547 28 1
4142 28 1
1339 28 1
2549 28 1
2288 28 1
51 28 1
1111 28 1
3 28 1
441 28 1
1343 28 1
3628 28 1
3003 28 1
2495 28 1
324 28 1
626 28 1
1613 28 1
424 28 1
1102 28 1
276 28 1
578 28 1
3922 28 1
0 28 1
1443 28 1
3852 28 1
711 28 1
3620 28 1
1383 28 1
247 28 1
2 28 1
328 28 1
2613 28 1
2286 28 1
0 28 1
3663 28 1
3167 28 1
266 28 1
2474 28 1
1934 28 1
2051 28 1
3478 28 1
4201 28 1
40 28 1
523 28 1
1044 28 1
710 28 1
355 28 1
1650 28 1
1478 28 1
3849 28 1
2219 28 1
901 28 1
2448 28 1
1419 28 1
547 28 1
3567 28 1
3999 28 1
601 28 1
2796 28 1
3254 28 1
336 28 1
1233 28 1
1800 28 1
331 28 1
3779 28 1
1056 28 1
3950 28 1
286 28 1
3940 28 1
3561 28 1
1614 28 1
109 28 1
5 28 1
70 28 1
3076 28 1
606 28 1
288 28 1
2565 28 1
1095 28 1
102 28 1
315 28 1
3052 28 1
2027 28 1
2757 28 1
518 28 1
3896 28 1
1995 28 1
3335 28 1
1036 28 1
2165 28 1
75 28 1
899 28 1
2366 28 1
1792 28 1
70 28 1
1005 28 1
4126 28 1
1531 28 1
1853 28 1
2601 28 1
283 29 1
1497 29 1
1152 29 1
1273 29 1
39 29 1
3966 29 1
3 29 1
434 29 1
1207 29 1
633 29 1
2414 29 1
1244 29 1
2933 29 1
423 29 1
81 29 1
1874 29 1
214 29 1
49 29 1
614 29 1
289 29 1
3570 29 1
3836 29 1
1744 29 1
2 29 1
1937 29 1
899 29 1
444 29 1
2943 29 1
3284 29 1
72 29 1
505 29 1
2225 29 1
3224 29 1
1211 29 1
635 29 1
3749 29 1
1434 29 1
851 29 1
2668 29 1
2157 29 1
173 29 1
7 29 1
105 29 1
549 29 1
111 29 1
214 29 1
31 29 1
639 29 1
2026 29 1
1735 29 1
1195 29 1
410 29 1
47 29 1
3540 29 1
3802 29 1
2434 29 1
1136 29 1
68 29 1
3892 29 1
1590 29 1
137 29 1
1348 29 1
2154 29 1
305 29 1
157 29 1
1900 29 1
4105 29 1
1587 29 1
196 29 1
119 29 1
3537 29 1
2478 29 1
1351 29 1
363 29 1
11 29 1
114 29 1
478 29 1
2965 29 1
883 29 1
3026 29 1
3902 29 1
1235 29 1
2923 29 1
815 29 1
206 29 1
1653 29 1
3079 29 1
215 29 1
2719 29 1
3317 29 1
2519 29 1
1902 29 1
798 29 1
1823 29 1
313 29 1
2045 29 1
985 29 1
3011 29 1
1778 29 1
2125 29 1
859 29 1
3059 29 1
315 29 1
21 29 1
438 29 1
2608 29 1
1400 29 1
443 29 1
938 29 1
1245 29 1
1181 29 1
14 29 1
719 29 1
2466 29 1
5 29 1
3464 29 1
2329 29 1
199 29 1
4034 29 1
2488 29 1
3770 29 1
2821 29 1
2275 29 1
25 29 1
3266 29 1
103 29 1
3558 29 1
4159 29 1
1132 29 1
1243 29 1
4113 29 1
495 29 1
605 29 1
13 29 1
1210 29 1
133 29 1
420 29 1
549 29 1
460 29 1
284 29 1
2479 29 1
542 29 1
3975 29 1
48 29 1
1182 29 1
2880 29 1
0 29 1
1597 29 1
2887 29 1
112 29 1
3956 29 1
755 29 1
326 29 1
2085 30 1
2445 30 1
1898 30 1
2121 30 1
1509 30 1
313 30 1
9 30 1
25 30 1
1548 30 1
144 30 1
449 30 1
564 30 1
2376 30 1
214 30 1
1722 30 1
1934 30 1
1520 30 1
3024 30 1
93 30 1
62 30 1
4037 30 1
701 30 1
601 30 1
4097 30 1
1355 30 1
3699 30 1
1560 30 1
2197 30 1
3408 30 1
1908 30 1
220 30 1
26 30 1
3829 30 1
4141 30 1
1154 30 1
1777 30 1
136 30 1
1867 30 1
1816 30 1
3240 30 1
3491 30 1
3097 30 1
358 30 1
3266 30 1
2722 30 1
1974 30 1
995 30 1
894 30 1
2513 30 1
166 30 1
1842 30 1
966 30 1
3440 30 1
541 30 1
30 30 1
515 30 1
19 30 1
3067 30 1
0 30 1
1214 30 1
15 30 1
1235 30 1
725 30 1
3283 30 1
3468 30 1
2407 30 1
1937 30 1
2289 30 1
369 30 1
2664 30 1
764 30 1
44 30 1
1001 30 1
2177 30 1
3447 30 1
3348 30 1
2032 30 1
1136 30 1
1996 30 1
2392 30 1
2028 30 1
2212 30 1
166 30 1
2340 30 1
697 30 1
1842 30 1
1854 30 1
3157 30 1
3119 30 1
11 30 1
1639 30 1
255 30 1
2227 30 1
2773 30 1
241 30 1
203 30 1
297 30 1
2772 30 1
3435 30 1
2422 30 1
155 30 1
3161 30 1
391 30 1
3528 30 1
33 30 1
2828 30 1
180 30 1
1839 30 1
536 30 1
1916 30 1
56 30 1
2820 30 1
1495 30 1
53 30 1
1665 30 1
764 30 1
2320 30 1
1091 30 1
3665 30 1
74 30 1
2391 30 1
1661 30 1
543 30 1
1948 30 1
1713 30 1
321 30 1
2706 30 1
792 30 1
153 30 1
109 30 1
3591 30 1
4037 30 1
3853 30 1
1473 30 1
37 30 1
31 30 1
1654 30 1
1760 30 1
444 30 1
740 30 1
5 30 1
3246 30 1
3452 30 1
932 30 1
962 30 1
3782 30 1
2273 30 1
2264 30 1
2251 30 1
193 30 1
1183 30 1
3298 30 1
255 30 1
1394 31 1
343 31 1
3134 31 1
2015 31 1
2177 31 1
3063 31 1
2004 31 1
630 31 1
80 31 1
1970 31 1
2891 31 1
2243 31 1
1527 31 1
1757 31 1
2032 31 1
311 31 1
926 31 1
593 31 1
109 31 1
3600 31 1
463 31 1
744 31 1
3992 31 1
554 31 1
3186 31 1
1499 31 1
1830 31 1
1125 31 1
1568 31 1
2652 31 1
1504 31 1
3041 31 1
536 31 1
1855 31 1
539 31 1
1744 31 1
2260 31 1
2499 31 1
3690 31 1
2964 31 1
3259 31 1
646 31 1
899 31 1
152 31 1
29 31 1
268 31 1
0 31 1
168 31 1
55 31 1
1344 31 1
2881 31 1
773 31 1
16 31 1
242 31 1
913 31 1
21 31 1
97 31 1
509 31 1
261 31 1
2156 31 1
5 31 1
1305 31 1
911 31 1
1698 31 1
6 31 1
116 31 1
723 31 1
227 31 1
340 31 1
1598 31 1
2548 31 1
1 31 1
1234 31 1
2073 31 1
478 31 1
74 31 1
127 31 1
590 31 1
393 31 1
572 31 1
210 31 1
27 31 1
171 31 1
703 31 1
3707 31 1
1460 31 1
12 31 1
82 31 1
273 31 1
3953 31 1
1330 31 1
2419 31 1
46 31 1
2856 31 1
749 31 1
748 31 1
225 31 1
615 31 1
44 31 1
997 31 1
3883 31 1
3865 31 1
3878 31 1
1254 31 1
161 31 1
2132 31 1
1831 31 1
3545 31 1
1510 31 1
129 31 1
139 31 1
734 31 1
96 31 1
3917 31 1
1 31 1
486 31 1
398 31 1
81 31 1
1362 31 1
1809 31 1
1000 31 1
101 31 1
3368 31 1
664 31 1
2 31 1
276 31 1
2012 31 1
3876 31 1
238 31 1
72 31 1
2890 31 1
3135 31 1
2667 31 1
1177 31 1
3015 31 1
46 31 1
3961 31 1
1173 31 1
0 31 1
2931 31 1
342 31 1
467 31 1
1221 31 1
84 31 1
3044 31 1
1595 31 1
1279 31 1
3869 31 1
1096 31 1
1079 31 1
45 31 1
2557 31 1
4129 31 1
4091 32 1
3714 32 1
3571 32 1
649 32 1
2655 32 1
574 32 1
1340 32 1
3649 32 1
54 32 1
2112 32 1
51 32 1
1277 32 1
836 32 1
1456 32 1
112 32 1
297 32 1
2032 32 1
1583 32 1
4147 32 1
2671 32 1
437 32 1
3815 32 1
683 32 1
49 32 1
2235 32 1
1 32 1
252 32 1
243 32 1
2836 32 1
63 32 1
1 32 1
1530 32 1
495 32 1
4133 32 1
2602 32 1
3908 32 1
757 32 1
93 32 1
1100 32 1
28 32 1
1064 32 1
1864 32 1
8 32 1
1239 32 1
600 32 1
1242 32 1
845 32 1
1623 32 1
186 32 1
2822 32 1
22 32 1
73 32 1
2161 32 1
2994 32 1
2475 32 1
88 32 1
3435 32 1
288 32 1
1111 32 1
2211 32 1
3276 32 1
2916 32 1
2823 32 1
239 32 1
1502 32 1
641 32 1
3475 32 1
968 32 1
225 32 1
1957 32 1
1140 32 1
1163 32 1
1827 32 1
962 32 1
2530 32 1
1479 32 1
219 32 1
3413 32 1
1311 32 1
213 32 1
3882 32 1
1384 32 1
357 32 1
12 32 1
1604 32 1
117 32 1
113 32 1
2387 32 1
2986 32 1
546 32 1
1145 32 1
701 32 1
1622 32 1
69 32 1
3614 32 1
64 32 1
1286 32 1
744 32 1
1906 32 1
851 32 1
422 32 1
3718 32 1
128 32 1
2797 32 1
2009 32 1
1010 32 1
2701 32 1
1244 32 1
251 32 1
123 32 1
230 32 1
2669 32 1
3856 32 1
313 32 1
2020 32 1
453 32 1
1772 32 1
1418 32 1
158 32 1
867 32 1
1162 32 1
42 32 1
250 32 1
440 32 1
53 32 1
53 32 1
383 32 1
458 32 1
2069 32 1
1705 32 1
158 32 1
180 32 1
2868 32 1
2972 32 1
3105 32 1
305 32 1
1114 32 1
2203 32 1
489 32 1
3736 32 1
7 32 1
69 32 1
1027 32 1
15 32 1
4092 32 1
449 32 1
149 32 1
2940 32 1
831 32 1
1125 32 1
182 32 1
78 32 1
79 32 1
293 33 1
22 33 1
10 33 1
60 33 1
12 33 1
270 33 1
2657 33 1
3909 33 1
1219 33 1
1319 33 1
349 33 1
2446 33 1
7 33 1
18 33 1
817 33 1
3299 33 1
2561 33 1
203 33 1
288 33 1
484 33 1
545 33 1
644 33 1
3271 33 1
70 33 1
839 33 1
96 33 1
2952 33 1
1054 33 1
3441 33 1
2100 33 1
3842 33 1
0 33 1
1501 33 1
1818 33 1
228 33 1
1 33 1
1935 33 1
3976 33 1
108 33 1
1783 33 1
23 33 1
2651 33 1
296 33 1
1812 33 1
1663 33 1
15 33 1
2447 33 1
81 33 1
439 33 1
1215 33 1
421 33 1
1 33 1
514 33 1
800 33 1
2 33 1
4088 33 1
1101 33 1
63 33 1
208 33 1
797 33 1
513 33 1
370 33 1
2149 33 1
832 33 1
3831 33 1
188 33 1
1779 33 1
2494 33 1
132 33 1
6 33 1
129 33 1
762 33 1
836 33 1
112 33 1
77 33 1
3 33 1
120 33 1
659 33 1
1034 33 1
3365 33 1
135 33 1
1718 33 1
3407 33 1
142 33 1
2013 33 1
3134 33 1
3181 33 1
460 33 1
3809 33 1
2929 33 1
193 33 1
1571 33 1
2881 33 1
1323 33 1
1012 33 1
1723 33 1
4200 33 1
1184 33 1
2094 33 1
1792 33 1
2193 33 1
0 33 1
1001 33 1
731 33 1
407 33 1
947 33 1
1752 33 1
3281 33 1
478 33 1
1663 33 1
3367 33 1
61 33 1
3765 33 1
1062 33 1
1345 33 1
336 33 1
3549 33 1
61 33 1
875 33 1
103 33 1
440 33 1
109 33 1
3832 33 1
608 33 1
3460 33 1
758 33 1
50 33 1
79 33 1
681 33 1
564 33 1
3836 33 1
640 33 1
61 33 1
169 33 1
48 33 1
435 33 1
3644 33 1
49 33 1
249 33 1
300 33 1
2947 33 1
1334 33 1
184 33 1
1349 33 1
4 33 1
352 33 1
14 33 1
11 33 1
3179 33 1
2600 33 1
0 33 1
2813 33 1
3590 33 1
3900 34 1
4165 34 1
165 34 1
100 34 1
874 34 1
3075 34 1
1386 34 1
1555 34 1
106 34 1
1162 34 1
277 34 1
879 34 1
562 34 1
2699 34 1
200 34 1
5 34 1
3688 34 1
3977 34 1
1543 34 1
362 34 1
295 34 1
1253 34 1
1307 34 1
953 34 1
36 34 1
552 34 1
3284 34 1
3994 34 1
4 34 1
2 34 1
265 34 1
0 34 1
20 34 1
1497 34 1
2701 34 1
3835 34 1
1179 34 1
1643 34 1
2801 34 1
56 34 1
399 34 1
155 34 1
2674 34 1
1508 34 1
982 34 1
3137 34 1
3180 34 1
2300 34 1
1230 34 1
46 34 1
672 34 1
413 34 1
1939 34 1
3166 34 1
2264 34 1
2494 34 1
720 34 1
2677 34 1
903 34 1
36 34 1
352 34 1
10 34 1
65 34 1
3678 34 1
948 34 1
1403 34 1
214 34 1
2302 34 1
4194 34 1
3383 34 1
3994 34 1
291 34 1
2953 34 1
193 34 1
1740 34 1
275 34 1
804 34 1
408 34 1
555 34 1
974 34 1
463 34 1
566 34 1
1642 34 1
192 34 1
2356 34 1
3247 34 1
2890 34 1
168 34 1
516 34 1
3382 34 1
2818 34 1
348 34 1
1069 34 1
4078 34 1
2841 34 1
131 34 1
1965 34 1
203 34 1
528 34 1
3151 34 1
2448 34 1
593 34 1
438 34 1
3597 34 1
170 34 1
636 34 1
206 34 1
541 34 1
1295 34 1
626 34 1
39 34 1
2142 34 1
3376 34 1
2824 34 1
2823 34 1
1520 34 1
113 34 1
257 34 1
2829 34 1
902 34 1
683 34 1
240 34 1
1977 34 1
570 34 1
3008 34 1
2149 34 1
1376 34 1
1055 34 1
2598 34 1
650 34 1
747 34 1
215 34 1
3047 34 1
3285 34 1
285 34 1
642 34 1
136 34 1
849 34 1
0 34 1
3862 34 1
2762 34 1
398 34 1
824 34 1
1940 34 1
200 34 1
2912 34 1
102 34 1
14 34 1
522 34 1
379 34 1
2087 34 1
190 34 1
4031 34 1
1880 35 1
117 35 1
404 35 1
1395 35 1
40 35 1
1354 35 1
75 35 1
36 35 1
1521 35 1
19 35 1
4024 35 1
195 35 1
1180 35 1
4178 35 1
121 35 1
2606 35 1
1750 35 1
3925 35 1
2514 35 1
261 35 1
0 35 1
2056 35 1
172 35 1
1537 35 1
184 35 1
1072 35 1
976 35 1
1113 35 1
188 35 1
3540 35 1
286 35 1
1301 35 1
766 35 1
379 35 1
99 35 1
3474 35 1
24 35 1
23 35 1
73 35 1
3409 35 1
3456 35 1
123 35 1
627 35 1
224 35 1
611 35 1
678 35 1
3303 35 1
1434 35 1
134 35 1
871 35 1
315 35 1
384 35 1
1567 35 1
1319 35 1
93 35 1
91 35 1
1564 35 1
550 35 1
42 35 1
105 35 1
1206 35 1
939 35 1
10 35 1
4114 35 1
2552 35 1
207 35 1
1225 35 1
1 35 1
21 35 1
1308 35 1
890 35 1
2777 35 1
3374 35 1
1016 35 1
3521 35 1
1536 35 1
485 35 1
1757 35 1
94 35 1
3 35 1
2644 35 1
0 35 1
3982 35 1
2361 35 1
1209 35 1
428 35 1
4045 35 1
1392 35 1
343 35 1
103 35 1
121 35 1
1126 35 1
1650 35 1
2348 35 1
2206 35 1
2139 35 1
2286 35 1
2628 35 1
540 35 1
2989 35 1
2285 35 1
254 35 1
3964 35 1
778 35 1
4099 35 1
2463 35 1
1364 35 1
4 35 1
150 35 1
398 35 1
507 35 1
3501 35 1
702 35 1
4020 35 1
154 35 1
79 35 1
1238 35 1
401 35 1
2010 35 1
116 35 1
165 35 1
1439 35 1
8 35 1
110 35 1
904 35 1
931 35 1
699 35 1
2953 35 1
743 35 1
1854 35 1
3139 35 1
232 35 1
3079 35 1
369 35 1
416 35 1
55 35 1
63 35 1
3375 35 1
2865 35 1
2831 35 1
3289 35 1
903 35 1
3613 35 1
2035 35 1
4154 35 1
47 35 1
394 35 1
408 35 1
48 35 1
758 35 1
369 35 1
2115 35 1
2175 35 1
0 36 1
815 36 1
1131 36 1
1720 36 1
83 36 1
2747 36 1
795 36 1
954 36 1
978 36 1
204 36 1
4116 36 1
1227 36 1
1 36 1
26 36 1
510 36 1
3504 36 1
3946 36 1
1302 36 1
514 36 1
3646 36 1
518 36 1
276 36 1
1382 36 1
138 36 1
103 36 1
1538 36 1
3034 36 1
1639 36 1
817 36 1
244 36 1
2866 36 1
119 36 1
444 36 1
2327 36 1
3213 36 1
1274 36 1
597 36 1
4009 36 1
1130 36 1
1053 36 1
20 36 1
3841 36 1
4055 36 1
3056 36 1
3065 36 1
0 36 1
1410 36 1
3677 36 1
28 36 1
1881 36 1
2565 36 1
186 36 1
224 36 1
2024 36 1
2889 36 1
2658 36 1
2361 36 1
2097 36 1
605 36 1
1 36 1
1146 36 1
564 36 1
3965 36 1
583 36 1
3776 36 1
12 36 1
1500 36 1
2939 36 1
156 36 1
902 36 1
2004 36 1
1168 36 1
16 36 1
3067 36 1
3800 36 1
3775 36 1
2848 36 1
13 36 1
3010 36 1
4001 36 1
270 36 1
2399 36 1
766 36 1
2781 36 1
1206 36 1
77 36 1
1730 36 1
1716 36 1
199 36 1
3608 36 1
67 36 1
1331 36 1
73 36 1
823 36 1
2466 36 1
3372 36 1
1771 36 1
3677 36 1
3847 36 1
2643 36 1
1734 36 1
50 36 1
3627 36 1
3476 36 1
1287 36 1
1675 36 1
1338 36 1
124 36 1
10 36 1
401 36 1
908 36 1
462 36 1
336 36 1
1139 36 1
810 36 1
3110 36 1
1277 36 1
2 36 1
1729 36 1
1700 36 1
1851 36 1
2183 36 1
199 36 1
1411 36 1
1858 36 1
2270 36 1
1760 36 1
780 36 1
3425 36 1
3812 36 1
946 36 1
1821 36 1
4154 36 1
508 36 1
875 36 1
1889 36 1
2129 36 1
3650 36 1
1451 36 1
1768 36 1
4 36 1
3075 36 1
609 36 1
732 36 1
0 36 1
1063 36 1
396 36 1
488 36 1
3454 36 1
586 36 1
145 36 1
0 36 1
618 36 1
2676 37 1
2907 37 1
26 37 1
959 37 1
1208 37 1
1680 37 1
3381 37 1
2661 37 1
458 37 1
61 37 1
604 37 1
3574 37 1
32 37 1
2905 37 1
1689 37 1
2520 37 1
2659 37 1
2381 37 1
200 37 1
3807 37 1
17 37 1
176 37 1
3459 37 1
719 37 1
431 37 1
2370 37 1
213 37 1
3209 37 1
2985 37 1
1188 37 1
2369 37 1
3275 37 1
3427 37 1
487 37 1
3212 37 1
106 37 1
3925 37 1
59 37 1
1674 37 1
369 37 1
614 37 1
998 37 1
1236 37 1
50 37 1
460 37 1
3206 37 1
27 37 1
3553 37 1
0 37 1
3658 37 1
1963 37 1
0 37 1
361 37 1
2924 37 1
1136 37 1
3571 37 1
2838 37 1
2602 37 1
74 37 1
4200 37 1
1022 37 1
384 37 1
2647 37 1
2285 37 1
382 37 1
3338 37 1
3149 37 1
602 37 1
1342 37 1
1888 37 1
721 37 1
164 37 1
165 37 1
236 37 1
1223 37 1
1224 37 1
1551 37 1
862 37 1
3636 37 1
85 37 1
1945 37 1
1806 37 1
260 37 1
2031 37 1
2459 37 1
61 37 1
1575 37 1
1465 37 1
681 37 1
477 37 1
2453 37 1
651 37 1
3044 37 1
2984 37 1
1412 37 1
1373 37 1
188 37 1
836 37 1
3672 37 1
2118 37 1
4098 37 1
11 37 1
3481 37 1
2693 37 1
4050 37 1
1069 37 1
2473 37 1
1922 37 1
720 37 1
1230 37 1
1933 37 1
2342 37 1
2408 37 1
1976 37 1
1119 37 1
2771 37 1
962 37 1
3266 37 1
1883 37 1
1673 37 1
3 37 1
1132 37 1
214 37 1
1052 37 1
77 37 1
3829 37 1
1330 37 1
1942 37 1
3838 37 1
355 37 1
3856 37 1
3618 37 1
827 37 1
154 37 1
141 37 1
103 37 1
1249 37 1
918 37 1
1846 37 1
4200 37 1
1193 37 1
2944 37 1
733 37 1
97 37 1
1024 37 1
1201 37 1
3403 37 1
498 37 1
2198 37 1
392 37 1
179 37 1
2615 37 1
821 37 1
3603 38 1
3265 38 1
2605 38 1
1401 38 1
232 38 1
1613 38 1
847 38 1
2056 38 1
1940 38 1
102 38 1
284 38 1
1065 38 1
1246 38 1
1935 38 1
2543 38 1
2721 38 1
3280 38 1
446 38 1
3444 38 1
2525 38 1
2866 38 1
60 38 1
3499 38 1
1935 38 1
3930 38 1
2551 38 1
523 38 1
0 38 1
403 38 1
3326 38 1
1043 38 1
2480 38 1
84 38 1
2498 38 1
2868 38 1
119 38 1
337 38 1
96 38 1
3228 38 1
4147 38 1
2559 38 1
1 38 1
96 38 1
2063 38 1
3008 38 1
1231 38 1
146 38 1
124 38 1
1094 38 1
97 38 1
1226 38 1
3309 38 1
14 38 1
23 38 1
1497 38 1
89 38 1
685 38 1
1806 38 1
182 38 1
1893 38 1
468 38 1
2193 38 1
210 38 1
1032 38 1
938 38 1
3112 38 1
2904 38 1
1 38 1
32 38 1
3926 38 1
1620 38 1
1578 38 1
1381 38 1
179 38 1
2320 38 1
1 38 1
539 38 1
2363 38 1
5 38 1
1560 38 1
2670 38 1
1270 38 1
1266 38 1
3517 38 1
39 38 1
1252 38 1
1450 38 1
17 38 1
3705 38 1
165 38 1
4147 38 1
6 38 1
284 38 1
1781 38 1
1191 38 1
2323 38 1
1795 38 1
1515 38 1
918 38 1
355 38 1
148 38 1
2867 38 1
71 38 1
18 38 1
3186 38 1
208 38 1
233 38 1
182 38 1
293 38 1
2814 38 1
550 38 1
867 38 1
382 38 1
78 38 1
150 38 1
3083 38 1
101 38 1
0 38 1
119 38 1
20 38 1
582 38 1
801 38 1
118 38 1
1696 38 1
2981 38 1
762 38 1
2201 38 1
1457 38 1
1723 38 1
1737 38 1
2505 38 1
595 38 1
0 38 1
6 38 1
1014 38 1
20 38 1
869 38 1
1263 38 1
746 38 1
409 38 1
3191 38 1
2968 38 1
971 38 1
1322 38 1
1455 38 1
3839 38 1
2422 38 1
2701 38 1
158 38 1
1703 38 1
3405 38 1
29 38 1
80 38 1
106 39 1
55 39 1
3378 39 1
260 39 1
2213 39 1
2525 39 1
60 39 1
2942 39 1
1020 39 1
35 39 1
1380 39 1
3107 39 1
180 39 1
248 39 1
547 39 1
1050 39 1
16 39 1
243 39 1
165 39 1
2228 39 1
1615 39 1
32 39 1
2 39 1
1165 39 1
2342 39 1
3880 39 1
1297 39 1
1558 39 1
2328 39 1
1166 39 1
1951 39 1
2379 39 1
1038 39 1
1320 39 1
449 39 1
2325 39 1
109 39 1
2467 39 1
118 39 1
1707 39 1
401 39 1
1776 39 1
808 39 1
906 39 1
2569 39 1
2066 39 1
2731 39 1
3566 39 1
3045 39 1
2566 39 1
2542 39 1
391 39 1
1266 39 1
158 39 1
312 39 1
316 39 1
263 39 1
1094 39 1
1 39 1
385 39 1
12 39 1
3886 39 1
547 39 1
32 39 1
33 39 1
414 39 1
1945 39 1
2997 39 1
830 39 1
2170 39 1
304 39 1
1039 39 1
3359 39 1
3 39 1
401 39 1
2886 39 1
695 39 1
420 39 1
1960 39 1
3290 39 1
1917 39 1
196 39 1
986 39 1
4030 39 1
2234 39 1
2487 39 1
823 39 1
1536 39 1
2051 39 1
1374 39 1
797 39 1
112 39 1
3091 39 1
1006 39 1
4208 39 1
400 39 1
2551 39 1
713 39 1
3854 39 1
1640 39 1
334 39 1
537 39 1
1211 39 1
32 39 1
1905 39 1
901 39 1
337 39 1
54 39 1
56 39 1
136 39 1
178 39 1
5 39 1
2403 39 1
2075 39 1
3522 39 1
713 39 1
1160 39 1
991 39 1
3590 39 1
2976 39 1
239 39 1
780 39 1
1171 39 1
58 39 1
284 39 1
2052 39 1
3927 39 1
742 39 1
16 39 1
301 39 1
1561 39 1
90 39 1
2328 39 1
2740 39 1
113 39 1
20 39 1
2755 39 1
2321 39 1
971 39 1
1254 39 1
729 39 1
2022 39 1
1625 39 1
3009 39 1
194 39 1
417 39 1
3121 39 1
3855 39 1
2808 39 1
308 39 1
17 39 1
3902 39 1
1729 39 1
257 40 1
1186 40 1
339 40 1
1452 40 1
1408 40 1
1888 40 1
1701 40 1
252 40 1
1413 40 1
2392 40 1
719 40 1
12 40 1
1333 40 1
2945 40 1
4201 40 1
2531 40 1
3623 40 1
2895 40 1
2963 40 1
531 40 1
2832 40 1
362 40 1
1037 40 1
3933 40 1
1350 40 1
35 40 1
2580 40 1
1467 40 1
137 40 1
885 40 1
1749 40 1
183 40 1
505 40 1
240 40 1
235 40 1
854 40 1
134 40 1
3360 40 1
399 40 1
300 40 1
2834 40 1
530 40 1
272 40 1
100 40 1
3 40 1
69 40 1
3661 40 1
3699 40 1
947 40 1
1326 40 1
116 40 1
66 40 1
1090 40 1
467 40 1
85 40 1
793 40 1
3200 40 1
4025 40 1
560 40 1
2727 40 1
3366 40 1
4 40 1
2262 40 1
2437 40 1
964 40 1
351 40 1
1383 40 1
2288 40 1
620 40 1
2750 40 1
2599 40 1
917 40 1
624 40 1
4101 40 1
4 40 1
3279 40 1
946 40 1
2929 40 1
998 40 1
906 40 1
27 40 1
3636 40 1
3686 40 1
2910 40 1
3336 40 1
740 40 1
13 40 1
272 40 1
557 40 1
24 40 1
299 40 1
1296 40 1
3218 40 1
2367 40 1
3263 40 1
1373 40 1
355 40 1
18 40 1
1630 40 1
3614 40 1
217 40 1
0 40 1
3431 40 1
792 40 1
36 40 1
1274 40 1
15 40 1
62 40 1
880 40 1
41 40 1
401 40 1
2736 40 1
37 40 1
1630 40 1
258 40 1
511 40 1
2233 40 1
3436 40 1
1165 40 1
2665 40 1
10 40 1
1125 40 1
100 40 1
3 40 1
322 40 1
3 40 1
3849 40 1
3039 40 1
536 40 1
1330 40 1
3698 40 1
546 40 1
2771 40 1
4 40 1
732 40 1
288 40 1
576 40 1
181 40 1
1433 40 1
3383 40 1
420 40 1
331 40 1
204 40 1
114 40 1
4106 40 1
784 40 1
82 40 1
822 40 1
240 40 1
694 40 1
897 40 1
1543 40 1
1327 40 1
4152 41 1
485 41 1
2858 41 1
612 41 1
378 41 1
56 41 1
186 41 1
1900 41 1
479 41 1
3266 41 1
682 41 1
1317 41 1
82 41 1
1387 41 1
502 41 1
918 41 1
468 41 1
108 41 1
58 41 1
1931 41 1
3127 41 1
143 41 1
332 41 1
748 41 1
501 41 1
1004 41 1
909 41 1
458 41 1
22 41 1
661 41 1
3301 41 1
2785 41 1
269 41 1
1818 41 1
36 41 1
33 41 1
3694 41 1
3638 41 1
558 41 1
1271 41 1
1734 41 1
3490 41 1
2793 41 1
98 41 1
1944 41 1
351 41 1
55 41 1
1610 41 1
1993 41 1
3391 41 1
1401 41 1
4081 41 1
4015 41 1
827 41 1
40 41 1
402 41 1
1250 41 1
1592 41 1
2554 41 1
4144 41 1
1120 41 1
3217 41 1
3260 41 1
330 41 1
1584 41 1
4122 41 1
2502 41 1
917 41 1
298 41 1
718 41 1
1886 41 1
412 41 1
1643 41 1
330 41 1
568 41 1
4047 41 1
0 41 1
2528 41 1
1637 41 1
745 41 1
1666 41 1
2079 41 1
1022 41 1
2940 41 1
10 41 1
729 41 1
2396 41 1
1146 41 1
2055 41 1
2535 41 1
869 41 1
3561 41 1
707 41 1
1824 41 1
131 41 1
3305 41 1
2 41 1
1878 41 1
3941 41 1
49 41 1
312 41 1
3636 41 1
283 41 1
3306 41 1
2993 41 1
3490 41 1
2562 41 1
2081 41 1
927 41 1
511 41 1
3306 41 1
4100 41 1
1077 41 1
3867 41 1
1039 41 1
99 41 1
2629 41 1
40 41 1
1138 41 1
2032 41 1
556 41 1
1217 41 1
3 41 1
3151 41 1
3911 41 1
258 41 1
752 41 1
457 41 1
539 41 1
193 41 1
1516 41 1
3069 41 1
1668 41 1
640 41 1
822 41 1
764 41 1
3511 41 1
906 41 1
343 41 1
1092 41 1
3657 41 1
1784 41 1
2509 41 1
1948 41 1
131 41 1
899 41 1
1681 41 1
875 41 1
2336 41 1
1077 41 1
1641 41 1
1237 41 1
24 41 1
248 42 1
3565 42 1
26 42 1
3912 42 1
1184 42 1
11 42 1
227 42 1
305 42 1
1120 42 1
2701 42 1
726 42 1
816 42 1
484 42 1
407 42 1
2166 42 1
164 42 1
340 42 1
93 42 1
13 42 1
1102 42 1
419 42 1
718 42 1
332 42 1
985 42 1
169 42 1
104 42 1
1304 42 1
600 42 1
4209 42 1
766 42 1
1132 42 1
3029 42 1
1396 42 1
5 42 1
157 42 1
3901 42 1
143 42 1
813 42 1
792 42 1
2609 42 1
37 42 1
3005 42 1
147 42 1
1797 42 1
23 42 1
1172 42 1
610 42 1
4122 42 1
1106 42 1
3686 42 1
0 42 1
2508 42 1
1799 42 1
2852 42 1
2121 42 1
104 42 1
15 42 1
1250 42 1
3444 42 1
766 42 1
622 42 1
4165 42 1
284 42 1
67 42 1
1502 42 1
241 42 1
2210 42 1
3127 42 1
17 42 1
2538 42 1
2520 42 1
636 42 1
1501 42 1
4062 42 1
11 42 1
2710 42 1
2939 42 1
51 42 1
1018 42 1
1067 42 1
6 42 1
9 42 1
2191 42 1
2078 42 1
4206 42 1
3279 42 1
2665 42 1
1197 42 1
97 42 1
4133 42 1
12 42 1
2300 42 1
1798 42 1
730 42 1
1185 42 1
483 42 1
4042 42 1
2012 42 1
1589 42 1
259 42 1
1397 42 1
2190 42 1
1347 42 1
2844 42 1
1622 42 1
929 42 1
3524 42 1
7 42 1
4059 42 1
742 42 1
316 42 1
1590 42 1
350 42 1
755 42 1
319 42 1
2117 42 1
3951 42 1
61 42 1
176 42 1
2886 42 1
9 42 1
3085 42 1
1477 42 1
3072 42 1
443 42 1
1872 42 1
52 42 1
420 42 1
2477 42 1
238 42 1
365 42 1
1387 42 1
3105 42 1
1060 42 1
1201 42 1
2855 42 1
490 42 1
1539 42 1
2504 42 1
1109 42 1
3242 42 1
44 42 1
396 42 1
2335 42 1
2749 42 1
90 42 1
1197 42 1
2611 42 1
1232 42 1
3146 42 1
2870 42 1
6 42 1
3508 42 1
168 43 1
4088 43 1
239 43 1
109 43 1
1196 43 1
3017 43 1
1178 43 1
64 43 1
890 43 1
754 43 1
974 43 1
415 43 1
965 43 1
783 43 1
183 43 1
512 43 1
153 43 1
2777 43 1
1680 43 1
2774 43 1
450 43 1
649 43 1
147 43 1
3567 43 1
132 43 1
200 43 1
1936 43 1
194 43 1
1970 43 1
223 43 1
467 43 1
781 43 1
1462 43 1
504 43 1
3937 43 1
4199 43 1
1125 43 1
114 43 1
416 43 1
905 43 1
1086 43 1
1772 43 1
24 43 1
232 43 1
2564 43 1
501 43 1
40 43 1
935 43 1
966 43 1
860 43 1
145 43 1
69 43 1
73 43 1
139 43 1
1057 43 1
853 43 1
698 43 1
1143 43 1
551 43 1
298 43 1
3173 43 1
1915 43 1
77 43 1
3702 43 1
496 43 1
4045 43 1
485 43 1
24 43 1
19 43 1
1771 43 1
3549 43 1
4 43 1
248 43 1
302 43 1
2807 43 1
246 43 1
3699 43 1
33 43 1
1724 43 1
15 43 1
158 43 1
3481 43 1
1642 43 1
2016 43 1
372 43 1
40 43 1
0 43 1
1147 43 1
122 43 1
1223 43 1
2921 43 1
1452 43 1
1014 43 1
87 43 1
10 43 1
318 43 1
3627 43 1
274 43 1
293 43 1
1064 43 1
2678 43 1
3485 43 1
1748 43 1
2092 43 1
228 43 1
4061 43 1
4024 43 1
361 43 1
1477 43 1
155 43 1
23 43 1
964 43 1
75 43 1
6 43 1
4049 43 1
1710 43 1
484 43 1
2634 43 1
3800 43 1
1655 43 1
632 43 1
435 43 1
2 43 1
3417 43 1
3792 43 1
3118 43 1
207 43 1
762 43 1
2821 43 1
1946 43 1
1820 43 1
1126 43 1
1389 43 1
1363 43 1
1262 43 1
3300 43 1
371 43 1
1792 43 1
1721 43 1
3293 43 1
3847 43 1
1889 43 1
1741 43 1
44 43 1
217 43 1
1657 43 1
30 43 1
121 43 1
3645 43 1
0 43 1
4136 43 1
1429 43 1
2426 43 1
4072 44 1
289 44 1
2604 44 1
3028 44 1
507 44 1
10 44 1
616 44 1
2497 44 1
293 44 1
14 44 1
547 44 1
230 44 1
2457 44 1
931 44 1
0 44 1
945 44 1
96 44 1
434 44 1
565 44 1
3730 44 1
2714 44 1
375 44 1
1990 44 1
585 44 1
687 44 1
1890 44 1
2465 44 1
584 44 1
2782 44 1
1093 44 1
2729 44 1
3408 44 1
11 44 1
2528 44 1
33 44 1
1070 44 1
68 44 1
92 44 1
434 44 1
1078 44 1
1633 44 1
1208 44 1
427 44 1
1350 44 1
2239 44 1
1651 44 1
3819 44 1
1514 44 1
163 44 1
100 44 1
12 44 1
3727 44 1
3650 44 1
667 44 1
1894 44 1
311 44 1
0 44 1
70 44 1
1426 44 1
3507 44 1
1767 44 1
812 44 1
1606 44 1
1676 44 1
2832 44 1
678 44 1
3084 44 1
666 44 1
1526 44 1
2586 44 1
4166 44 1
3073 44 1
1366 44 1
429 44 1
2947 44 1
1092 44 1
210 44 1
3110 44 1
4093 44 1
67 44 1
1706 44 1
1320 44 1
685 44 1
438 44 1
1571 44 1
2891 44 1
1692 44 1
3889 44 1
720 44 1
45 44 1
3566 44 1
2294 44 1
235 44 1
6 44 1
3150 44 1
1535 44 1
2575 44 1
234 44 1
1711 44 1
3860 44 1
8 44 1
116 44 1
2 44 1
245 44 1
266 44 1
1896 44 1
955 44 1
800 44 1
317 44 1
246 44 1
38 44 1
795 44 1
412 44 1
1991 44 1
1882 44 1
2011 44 1
75 44 1
1573 44 1
512 44 1
3260 44 1
38 44 1
2855 44 1
2516 44 1
937 44 1
417 44 1
605 44 1
49 44 1
2607 44 1
18 44 1
1366 44 1
423 44 1
0 44 1
1097 44 1
1098 44 1
2286 44 1
2314 44 1
1328 44 1
1956 44 1
1041 44 1
642 44 1
569 44 1
3213 44 1
3669 44 1
1817 44 1
118 44 1
857 44 1
3812 44 1
31 44 1
1857 44 1
1405 44 1
839 44 1
76 44 1
384 44 1
3614 45 1
1396 45 1
603 45 1
4159 45 1
2462 45 1
264 45 1
209 45 1
376 45 1
2779 45 1
131 45 1
1906 45 1
837 45 1
400 45 1
3623 45 1
535 45 1
826 45 1
4027 45 1
1534 45 1
2263 45 1
272 45 1
3710 45 1
30 45 1
361 45 1
2062 45 1
1129 45 1
570 45 1
2815 45 1
1789 45 1
2677 45 1
911 45 1
750 45 1
1 45 1
3108 45 1
66 45 1
3 45 1
1790 45 1
1543 45 1
3923 45 1
3430 45 1
726 45 1
1699 45 1
137 45 1
3154 45 1
714 45 1
3102 45 1
6 45 1
2349 45 1
304 45 1
293 45 1
1781 45 1
146 45 1
89 45 1
66 45 1
123 45 1
530 45 1
1242 45 1
1593 45 1
2 45 1
1 45 1
135 45 1
113 45 1
122 45 1
21 45 1
530 45 1
3283 45 1
1376 45 1
2468 45 1
2967 45 1
781 45 1
29 45 1
1092 45 1
2823 45 1
780 45 1
1329 45 1
3716 45 1
408 45 1
1097 45 1
284 45 1
2062 45 1
1645 45 1
2225 45 1
3350 45 1
762 45 1
14 45 1
9 45 1
3590 45 1
1255 45 1
1503 45 1
212 45 1
2388 45 1
78 45 1
3332 45 1
41 45 1
1123 45 1
141 45 1
1473 45 1
0 45 1
2581 45 1
279 45 1
4134 45 1
404 45 1
246 45 1
572 45 1
857 45 1
760 45 1
354 45 1
803 45 1
1680 45 1
801 45 1
2993 45 1
0 45 1
42 45 1
2293 45 1
54 45 1
2465 45 1
223 45 1
505 45 1
1860 45 1
135 45 1
115 45 1
2177 45 1
4027 45 1
39 45 1
3469 45 1
5 45 1
1880 45 1
2111 45 1
3664 45 1
143 45 1
14 45 1
244 45 1
1068 45 1
2761 45 1
2450 45 1
2232 45 1
572 45 1
1070 45 1
2764 45 1
169 45 1
2243 45 1
2385 45 1
602 45 1
1043 45 1
197 45 1
411 45 1
1319 45 1
245 45 1
1063 45 1
1177 45 1
1589 45 1
1994 45 1
118 45 1
2819 45 1
1561 46 1
0 46 1
4142 46 1
1810 46 1
1123 46 1
2 46 1
3130 46 1
2906 46 1
343 46 1
1863 46 1
1555 46 1
805 46 1
756 46 1
1564 46 1
1681 46 1
173 46 1
667 46 1
1946 46 1
429 46 1
432 46 1
1485 46 1
505 46 1
14 46 1
243 46 1
1137 46 1
776 46 1
364 46 1
250 46 1
794 46 1
153 46 1
948 46 1
1540 46 1
2959 46 1
3272 46 1
317 46 1
675 46 1
466 46 1
4 46 1
1233 46 1
2259 46 1
0 46 1
1007 46 1
62 46 1
3 46 1
1383 46 1
23 46 1
3736 46 1
3797 46 1
491 46 1
686 46 1
1113 46 1
197 46 1
301 46 1
1030 46 1
1213 46 1
245 46 1
1066 46 1
417 46 1
2268 46 1
11 46 1
4150 46 1
82 46 1
3860 46 1
1766 46 1
3587 46 1
192 46 1
1852 46 1
775 46 1
3598 46 1
1445 46 1
3858 46 1
1737 46 1
1061 46 1
2 46 1
2109 46 1
2326 46 1
948 46 1
24 46 1
794 46 1
202 46 1
1460 46 1
1302 46 1
3465 46 1
4078 46 1
1681 46 1
174 46 1
7 46 1
3962 46 1
110 46 1
113 46 1
1916 46 1
560 46 1
1361 46 1
2918 46 1
303 46 1
2913 46 1
3551 46 1
2601 46 1
471 46 1
1348 46 1
154 46 1
1978 46 1
0 46 1
1794 46 1
3552 46 1
1213 46 1
1166 46 1
1254 46 1
480 46 1
880 46 1
896 46 1
397 46 1
644 46 1
384 46 1
3751 46 1
271 46 1
3385 46 1
1031 46 1
144 46 1
43 46 1
1 46 1
2623 46 1
0 46 1
9 46 1
2461 46 1
1706 46 1
1550 46 1
89 46 1
3624 46 1
230 46 1
2494 46 1
827 46 1
3343 46 1
635 46 1
3018 46 1
2025 46 1
1578 46 1
308 46 1
188 46 1
1435 46 1
3074 46 1
1464 46 1
2550 46 1
3469 46 1
841 46 1
2283 46 1
3219 46 1
27 46 1
1058 46 1
141 46 1
832 46 1
655 46 1
3646 46 1
2233 47 1
191 47 1
1559 47 1
1296 47 1
2110 47 1
1347 47 1
493 47 1
513 47 1
1256 47 1
582 47 1
3334 47 1
23 47 1
4 47 1
3854 47 1
126 47 1
376 47 1
3507 47 1
436 47 1
1189 47 1
714 47 1
3557 47 1
2787 47 1
249 47 1
946 47 1
156 47 1
3760 47 1
2852 47 1
662 47 1
2671 47 1
3645 47 1
1 47 1
3909 47 1
488 47 1
6 47 1
1633 47 1
290 47 1
3529 47 1
2571 47 1
1804 47 1
1042 47 1
4103 47 1
3154 47 1
1793 47 1
1419 47 1
39 47 1
1971 47 1
1008 47 1
1853 47 1
3533 47 1
1516 47 1
561 47 1
1 47 1
1027 47 1
40 47 1
1000 47 1
1652 47 1
843 47 1
1382 47 1
1982 47 1
0 47 1
576 47 1
859 47 1
3401 47 1
160 47 1
652 47 1
1120 47 1
22 47 1
205 47 1
801 47 1
4055 47 1
111 47 1
348 47 1
2415 47 1
1059 47 1
685 47 1
2871 47 1
56 47 1
110 47 1
930 47 1
3468 47 1
3868 47 1
996 47 1
999 47 1
31 47 1
2723 47 1
4073 47 1
3156 47 1
3228 47 1
579 47 1
712 47 1
129 47 1
1943 47 1
3712 47 1
242 47 1
11 47 1
2666 47 1
286 47 1
143 47 1
32 47 1
654 47 1
2543 47 1
613 47 1
2503 47 1
567 47 1
840 47 1
3271 47 1
8 47 1
44 47 1
3013 47 1
2829 47 1
2958 47 1
25 47 1
1233 47 1
336 47 1
3237 47 1
1625 47 1
2044 47 1
3598 47 1
1331 47 1
284 47 1
199 47 1
2965 47 1
46 47 1
3585 47 1
2578 47 1
2699 47 1
689 47 1
1044 47 1
303 47 1
1540 47 1
22 47 1
3789 47 1
1004 47 1
2473 47 1
1765 47 1
898 47 1
3717 47 1
678 47 1
340 47 1
3302 47 1
1709 47 1
1963 47 1
31 47 1
99 47 1
17 47 1
781 47 1
1990 47 1
666 47 1
43 47 1
77 47 1
416 47 1
3621 47 1
706 47 1
497 48 1
2580 48 1
2921 48 1
329 48 1
931 48 1
1 48 1
3470 48 1
1225 48 1
169 48 1
5 48 1
3380 48 1
24 48 1
3130 48 1
646 48 1
3031 48 1
617 48 1
1931 48 1
3828 48 1
267 48 1
447 48 1
2345 48 1
339 48 1
313 48 1
79 48 1
3806 48 1
844 48 1
227 48 1
200 48 1
473 48 1
2728 48 1
2499 48 1
1679 48 1
777 48 1
2 48 1
1907 48 1
609 48 1
2215 48 1
163 48 1
3 48 1
389 48 1
165 48 1
551 48 1
29 48 1
285 48 1
2267 48 1
998 48 1
40 48 1
1014 48 1
2226 48 1
28 48 1
4046 48 1
827 48 1
2931 48 1
2542 48 1
20 48 1
3991 48 1
1280 48 1
1801 48 1
33 48 1
3985 48 1
96 48 1
874 48 1
1245 48 1
2 48 1
14 48 1
1891 48 1
1578 48 1
2083 48 1
2806 48 1
74 48 1
876 48 1
238 48 1
1640 48 1
3490 48 1
758 48 1
1647 48 1
1349 48 1
620 48 1
482 48 1
1971 48 1
243 48 1
5 48 1
462 48 1
50 48 1
714 48 1
2323 48 1
1236 48 1
805 48 1
1062 48 1
297 48 1
370 48 1
13 48 1
2 48 1
1053 48 1
101 48 1
1405 48 1
12 48 1
910 48 1
1149 48 1
1799 48 1
2942 48 1
2349 48 1
383 48 1
48 48 1
2005 48 1
1984 48 1
2340 48 1
3200 48 1
0 48 1
29 48 1
3209 48 1
194 48 1
3212 48 1
844 48 1
3951 48 1
793 48 1
1075 48 1
165 48 1
2373 48 1
100 48 1
4 48 1
3824 48 1
786 48 1
3068 48 1
3204 48 1
973 48 1
3195 48 1
1 48 1
2054 48 1
572 48 1
948 48 1
3400 48 1
770 48 1
1937 48 1
77 48 1
4020 48 1
749 48 1
804 48 1
1827 48 1
3035 48 1
3706 48 1
1155 48 1
39 48 1
284 48 1
375 48 1
970 48 1
1600 48 1
58 48 1
415 48 1
1950 48 1
1232 48 1
2296 48 1
473 48 1
3760 49 1
2907 49 1
16 49 1
3833 49 1
1315 49 1
3752 49 1
163 49 1
379 49 1
901 49 1
1272 49 1
2104 49 1
37 49 1
175 49 1
1766 49 1
2000 49 1
1051 49 1
1573 49 1
3647 49 1
1013 49 1
138 49 1
1 49 1
591 49 1
80 49 1
1036 49 1
3043 49 1
1039 49 1
2309 49 1
2247 49 1
2360 49 1
1449 49 1
3437 49 1
272 49 1
1481 49 1
177 49 1
1772 49 1
73 49 1
169 49 1
216 49 1
3 49 1
3437 49 1
1 49 1
856 49 1
2725 49 1
1915 49 1
1876 49 1
3978 49 1
3717 49 1
1650 49 1
1586 49 1
3576 49 1
592 49 1
1657 49 1
24 49 1
2542 49 1
445 49 1
1053 49 1
1858 49 1
1732 49 1
841 49 1
6 49 1
2423 49 1
29 49 1
2409 49 1
4 49 1
4001 49 1
656 49 1
1635 49 1
3947 49 1
4053 49 1
807 49 1
1238 49 1
284 49 1
1786 49 1
0 49 1
90 49 1
1568 49 1
106 49 1
363 49 1
675 49 1
485 49 1
2270 49 1
1785 49 1
801 49 1
32 49 1
792 49 1
420 49 1
949 49 1
1065 49 1
734 49 1
1060 49 1
1596 49 1
2311 49 1
2770 49 1
1816 49 1
2064 49 1
19 49 1
538 49 1
94 49 1
2835 49 1
552 49 1
161 49 1
316 49 1
73 49 1
235 49 1
303 49 1
3600 49 1
3 49 1
1785 49 1
467 49 1
3613 49 1
3247 49 1
762 49 1
2959 49 1
2139 49 1
49 49 1
665 49 1
1791 49 1
1668 49 1
875 49 1
4139 49 1
471 49 1
698 49 1
1 49 1
1264 49 1
157 49 1
65 49 1
3163 49 1
2858 49 1
2387 49 1
3584 49 1
2968 49 1
2124 49 1
659 49 1
1049 49 1
2208 49 1
1485 49 1
1931 49 1
637 49 1
2571 49 1
113 49 1
338 49 1
558 49 1
117 49 1
535 49 1
33 49 1
614 49 1
3784 49 1
1591 49 1
1541 49 1
0 49 1
819 49 1
299 49 1
1345 49 1
3994 50 1
3361 50 1
89 50 1
767 50 1
2779 50 1
574 50 1
907 50 1
195 50 1
782 50 1
133 50 1
180 50 1
896 50 1
3699 50 1
3326 50 1
152 50 1
1110 50 1
276 50 1
1670 50 1
2631 50 1
164 50 1
2327 50 1
3456 50 1
568 50 1
3857 50 1
2811 50 1
2328 50 1
0 50 1
258 50 1
1205 50 1
2824 50 1
3002 50 1
729 50 1
2692 50 1
2239 50 1
347 50 1
73 50 1
3509 50 1
18 50 1
43 50 1
999 50 1
2437 50 1
531 50 1
708 50 1
1835 50 1
1444 50 1
1758 50 1
3618 50 1
372 50 1
377 50 1
74 50 1
1054 50 1
45 50 1
1018 50 1
2992 50 1
948 50 1
50 50 1
725 50 1
40 50 1
3534 50 1
327 50 1
695 50 1
54 50 1
2237 50 1
3294 50 1
3099 50 1
2634 50 1
251 50 1
1034 50 1
410 50 1
2995 50 1
19 50 1
3446 50 1
3487 50 1
264 50 1
2107 50 1
24 50 1
39 50 1
311 50 1
2296 50 1
1698 50 1
123 50 1
1 50 1
55 50 1
219 50 1
388 50 1
2324 50 1
3743 50 1
1149 50 1
462 50 1
1985 50 1
85 50 1
187 50 1
3707 50 1
2391 50 1
916 50 1
4016 50 1
156 50 1
35 50 1
3214 50 1
22 50 1
2664 50 1
305 50 1
42 50 1
4136 50 1
538 50 1
456 50 1
2473 50 1
4183 50 1
3814 50 1
112 50 1
5 50 1
938 50 1
202 50 1
3567 50 1
6 50 1
829 50 1
2139 50 1
1115 50 1
0 50 1
15 50 1
3351 50 1
165 50 1
29 50 1
2081 50 1
2419 50 1
2322 50 1
2811 50 1
2064 50 1
3931 50 1
228 50 1
251 50 1
17 50 1
2916 50 1
1101 50 1
422 50 1
54 50 1
1599 50 1
1900 50 1
146 50 1
490 50 1
1189 50 1
296 50 1
312 50 1
250 50 1
601 50 1
3982 50 1
2224 50 1
1728 50 1
172 50 1
367 50 1
1862 50 1
2770 50 1
46 50 1
4183 51 1
133 51 1
4078 51 1
846 51 1
3473 51 1
2863 51 1
878 51 1
4172 51 1
264 51 1
3852 51 1
356 51 1
144 51 1
164 51 1
473 51 1
1602 51 1
121 51 1
66 51 1
1737 51 1
3829 51 1
2545 51 1
3759 51 1
862 51 1
42 51 1
3731 51 1
2513 51 1
3719 51 1
300 51 1
331 51 1
13 51 1
25 51 1
1865 51 1
778 51 1
2399 51 1
3190 51 1
3694 51 1
489 51 1
2 51 1
1736 51 1
2337 51 1
641 51 1
367 51 1
9 51 1
3819 51 1
3432 51 1
4184 51 1
3349 51 1
538 51 1
2274 51 1
2576 51 1
1515 51 1
248 51 1
2734 51 1
89 51 1
353 51 1
2633 51 1
1319 51 1
441 51 1
3748 51 1
81 51 1
715 51 1
2627 51 1
805 51 1
3011 51 1
28 51 1
1609 51 1
254 51 1
2934 51 1
386 51 1
3182 51 1
2086 51 1
2738 51 1
1106 51 1
384 51 1
1447 51 1
333 51 1
766 51 1
22 51 1
1754 51 1
57 51 1
113 51 1
1483 51 1
2425 51 1
248 51 1
773 51 1
414 51 1
675 51 1
159 51 1
863 51 1
756 51 1
3 51 1
3361 51 1
82 51 1
3869 51 1
682 51 1
15 51 1
182 51 1
11 51 1
330 51 1
4043 51 1
2068 51 1
667 51 1
55 51 1
584 51 1
358 51 1
2918 51 1
2295 51 1
2538 51 1
2550 51 1
1193 51 1
2050 51 1
1220 51 1
42 51 1
3612 51 1
1119 51 1
74 51 1
1553 51 1
2744 51 1
14 51 1
1293 51 1
868 51 1
1749 51 1
3472 51 1
26 51 1
0 51 1
1315 51 1
43 51 1
795 51 1
16 51 1
23 51 1
257 51 1
75 51 1
3570 51 1
1324 51 1
507 51 1
292 51 1
3419 51 1
1223 51 1
1021 51 1
736 51 1
787 51 1
578 51 1
1234 51 1
0 51 1
1065 51 1
557 51 1
525 51 1
35 51 1
416 51 1
196 51 1
3885 51 1
4039 51 1
3850 51 1
1999 51 1
1976 52 1
2035 52 1
1202 52 1
3131 52 1
2961 52 1
1099 52 1
3036 52 1
526 52 1
700 52 1
184 52 1
633 52 1
476 52 1
67 52 1
3107 52 1
116 52 1
1290 52 1
2068 52 1
378 52 1
668 52 1
1246 52 1
42 52 1
466 52 1
374 52 1
3132 52 1
2823 52 1
396 52 1
1316 52 1
1607 52 1
651 52 1
1462 52 1
7 52 1
775 52 1
3104 52 1
616 52 1
1776 52 1
906 52 1
2480 52 1
45 52 1
111 52 1
1726 52 1
3351 52 1
1849 52 1
249 52 1
2525 52 1
3 52 1
489 52 1
726 52 1
3444 52 1
52 52 1
2721 52 1
155 52 1
2039 52 1
1056 52 1
1828 52 1
1919 52 1
23 52 1
128 52 1
481 52 1
769 52 1
2482 52 1
332 52 1
3455 52 1
240 52 1
167 52 1
998 52 1
1962 52 1
1312 52 1
3865 52 1
4208 52 1
635 52 1
1127 52 1
3 52 1
2854 52 1
17 52 1
3054 52 1
3809 52 1
3454 52 1
956 52 1
188 52 1
984 52 1
613 52 1
90 52 1
4015 52 1
0 52 1
13 52 1
1513 52 1
2984 52 1
2271 52 1
593 52 1
3490 52 1
318 52 1
1788 52 1
59 52 1
1391 52 1
2612 52 1
2903 52 1
60 52 1
3027 52 1
281 52 1
2584 52 1
1921 52 1
41 52 1
0 52 1
2197 52 1
50 52 1
906 52 1
2448 52 1
1264 52 1
667 52 1
2517 52 1
2423 52 1
448 52 1
73 52 1
564 52 1
204 52 1
140 52 1
2 52 1
1318 52 1
80 52 1
1975 52 1
1620 52 1
3801 52 1
22 52 1
2698 52 1
51 52 1
1460 52 1
2719 52 1
2414 52 1
3369 52 1
152 52 1
1226 52 1
2669 52 1
190 52 1
576 52 1
1573 52 1
150 52 1
757 52 1
350 52 1
864 52 1
1676 52 1
1538 52 1
1281 52 1
663 52 1
525 52 1
1727 52 1
13 52 1
1039 52 1
15 52 1
2505 52 1
997 52 1
0 52 1
1219 52 1
9 52 1
203 53 1
1947 53 1
3202 53 1
25 53 1
1344 53 1
398 53 1
605 53 1
2709 53 1
174 53 1
2370 53 1
292 53 1
37 53 1
130 53 1
1 53 1
1879 53 1
3611 53 1
3180 53 1
244 53 1
2858 53 1
129 53 1
2125 53 1
503 53 1
2225 53 1
2626 53 1
198 53 1
1241 53 1
2244 53 1
918 53 1
845 53 1
2823 53 1
3 53 1
3078 53 1
785 53 1
2037 53 1
729 53 1
1000 53 1
1649 53 1
2593 53 1
635 53 1
333 53 1
0 53 1
493 53 1
3950 53 1
2950 53 1
170 53 1
420 53 1
199 53 1
3184 53 1
1963 53 1
1891 53 1
3728 53 1
35 53 1
424 53 1
2952 53 1
4024 53 1
1097 53 1
3682 53 1
425 53 1
2318 53 1
100 53 1
1708 53 1
651 53 1
3493 53 1
2109 53 1
2474 53 1
29 53 1
544 53 1
1124 53 1
809 53 1
7 53 1
1291 53 1
2182 53 1
494 53 1
993 53 1
104 53 1
353 53 1
447 53 1
2750 53 1
1294 53 1
4068 53 1
3257 53 1
3229 53 1
235 53 1
76 53 1
377 53 1
2481 53 1
248 53 1
1521 53 1
1509 53 1
126 53 1
0 53 1
2614 53 1
86 53 1
2044 53 1
2147 53 1
3975 53 1
319 53 1
178 53 1
0 53 1
255 53 1
1746 53 1
3962 53 1
852 53 1
142 53 1
1690 53 1
1847 53 1
1296 53 1
3279 53 1
2687 53 1
1630 53 1
1998 53 1
1856 53 1
2344 53 1
2991 53 1
2995 53 1
3350 53 1
4091 53 1
9 53 1
3965 53 1
1254 53 1
3208 53 1
313 53 1
4117 53 1
1048 53 1
678 53 1
42 53 1
1038 53 1
2831 53 1
2205 53 1
785 53 1
43 53 1
478 53 1
4157 53 1
3007 53 1
684 53 1
3049 53 1
1612 53 1
694 53 1
905 53 1
2797 53 1
1248 53 1
49 53 1
1785 53 1
417 53 1
2910 53 1
1299 53 1
1116 53 1
1340 53 1
2801 53 1
580 53 1
1261 53 1
3392 53 1
2182 53 1
3591 54 1
609 54 1
239 54 1
11 54 1
329 54 1
3999 54 1
3345 54 1
160 54 1
1226 54 1
16 54 1
2996 54 1
1221 54 1
106 54 1
884 54 1
16 54 1
200 54 1
0 54 1
1523 54 1
751 54 1
658 54 1
2511 54 1
10 54 1
613 54 1
16 54 1
1610 54 1
210 54 1
2240 54 1
1830 54 1
3276 54 1
470 54 1
5 54 1
1758 54 1
306 54 1
65 54 1
57 54 1
115 54 1
2072 54 1
1921 54 1
231 54 1
642 54 1
912 54 1
3417 54 1
1271 54 1
1263 54 1
377 54 1
893 54 1
1778 54 1
126 54 1
1875 54 1
59 54 1
300 54 1
699 54 1
607 54 1
468 54 1
54 54 1
2947 54 1
1880 54 1
1150 54 1
3576 54 1
203 54 1
816 54 1
370 54 1
2951 54 1
1745 54 1
881 54 1
418 54 1
981 54 1
1009 54 1
1216 54 1
1019 54 1
2551 54 1
10 54 1
836 54 1
3999 54 1
93 54 1
1566 54 1
184 54 1
4170 54 1
0 54 1
2260 54 1
1418 54 1
446 54 1
287 54 1
974 54 1
646 54 1
3689 54 1
4152 54 1
843 54 1
3419 54 1
1452 54 1
1180 54 1
1448 54 1
834 54 1
2613 54 1
1401 54 1
36 54 1
1490 54 1
245 54 1
1088 54 1
1626 54 1
2029 54 1
3526 54 1
158 54 1
493 54 1
1398 54 1
177 54 1
187 54 1
3003 54 1
1334 54 1
2127 54 1
1002 54 1
2105 54 1
497 54 1
140 54 1
1171 54 1
709 54 1
543 54 1
431 54 1
3365 54 1
1289 54 1
574 54 1
2648 54 1
193 54 1
867 54 1
127 54 1
1481 54 1
142 54 1
40 54 1
502 54 1
255 54 1
1025 54 1
3128 54 1
1369 54 1
39 54 1
764 54 1
1 54 1
3875 54 1
279 54 1
3826 54 1
609 54 1
1761 54 1
2965 54 1
1112 54 1
1393 54 1
2394 54 1
31 54 1
655 54 1
165 54 1
707 54 1
303 54 1
2365 54 1
101 54 1
10 54 1
2221 55 1
3110 55 1
3904 55 1
2136 55 1
101 55 1
3380 55 1
38 55 1
42 55 1
1821 55 1
2356 55 1
90 55 1
1949 55 1
959 55 1
303 55 1
3186 55 1
796 55 1
71 55 1
509 55 1
239 55 1
2247 55 1
3103 55 1
1595 55 1
3764 55 1
17 55 1
2034 55 1
725 55 1
1187 55 1
1846 55 1
2877 55 1
143 55 1
3831 55 1
12 55 1
116 55 1
883 55 1
3976 55 1
1108 55 1
2270 55 1
841 55 1
2621 55 1
990 55 1
1143 55 1
1 55 1
2678 55 1
3566 55 1
621 55 1
368 55 1
674 55 1
0 55 1
2292 55 1
402 55 1
165 55 1
743 55 1
16 55 1
1329 55 1
991 55 1
3764 55 1
393 55 1
113 55 1
1742 55 1
2210 55 1
522 55 1
258 55 1
2606 55 1
2057 55 1
2528 55 1
4084 55 1
3195 55 1
465 55 1
39 55 1
3225 55 1
955 55 1
92 55 1
3370 55 1
3640 55 1
116 55 1
238 55 1
1666 55 1
334 55 1
293 55 1
8 55 1
899 55 1
929 55 1
3812 55 1
824 55 1
937 55 1
2288 55 1
360 55 1
40 55 1
1328 55 1
2951 55 1
1541 55 1
480 55 1
650 55 1
68 55 1
2552 55 1
1896 55 1
408 55 1
90 55 1
4106 55 1
142 55 1
3534 55 1
17 55 1
4193 55 1
557 55 1
1319 55 1
1476 55 1
11 55 1
45 55 1
1098 55 1
2844 55 1
206 55 1
2007 55 1
643 55 1
1073 55 1
1121 55 1
150 55 1
275 55 1
2035 55 1
1018 55 1
3030 55 1
0 55 1
2738 55 1
2082 55 1
833 55 1
340 55 1
9 55 1
60 55 1
450 55 1
552 55 1
2930 55 1
260 55 1
387 55 1
3467 55 1
600 55 1
659 55 1
392 55 1
2497 55 1
2915 55 1
2632 55 1
3334 55 1
1361 55 1
663 55 1
532 55 1
106 55 1
490 55 1
4204 55 1
2646 55 1
123 55 1
151 55 1
3911 55 1
3704 55 1
1348 55 1
887 55 1
1904 56 1
244 56 1
118 56 1
453 56 1
0 56 1
186 56 1
1595 56 1
273 56 1
3772 56 1
527 56 1
493 56 1
49 56 1
420 56 1
2951 56 1
301 56 1
509 56 1
493 56 1
4094 56 1
6 56 1
2045 56 1
4 56 1
137 56 1
929 56 1
139 56 1
442 56 1
13 56 1
1551 56 1
555 56 1
3480 56 1
345 56 1
994 56 1
615 56 1
845 56 1
679 56 1
1308 56 1
3338 56 1
2297 56 1
3945 56 1
1134 56 1
464 56 1
1089 56 1
3385 56 1
3598 56 1
82 56 1
3232 56 1
429 56 1
239 56 1
1556 56 1
3273 56 1
0 56 1
348 56 1
1259 56 1
465 56 1
213 56 1
591 56 1
68 56 1
699 56 1
2592 56 1
2477 56 1
1375 56 1
142 56 1
3249 56 1
77 56 1
441 56 1
39 56 1
968 56 1
1072 56 1
754 56 1
3046 56 1
1695 56 1
1638 56 1
3 56 1
32 56 1
2653 56 1
2259 56 1
756 56 1
46 56 1
0 56 1
87 56 1
1374 56 1
1908 56 1
1360 56 1
1995 56 1
1375 56 1
2286 56 1
0 56 1
69 56 1
3561 56 1
149 56 1
4100 56 1
2214 56 1
149 56 1
98 56 1
773 56 1
2794 56 1
2447 56 1
2315 56 1
2982 56 1
215 56 1
1915 56 1
3820 56 1
805 56 1
2207 56 1
2054 56 1
21 56 1
8 56 1
821 56 1
3540 56 1
642 56 1
456 56 1
1115 56 1
224 56 1
371 56 1
3391 56 1
15 56 1
3127 56 1
77 56 1
92 56 1
1865 56 1
1051 56 1
0 56 1
1870 56 1
3219 56 1
28 56 1
46 56 1
1262 56 1
435 56 1
385 56 1
861 56 1
551 56 1
935 56 1
901 56 1
470 56 1
2255 56 1
205 56 1
27 56 1
3831 56 1
426 56 1
926 56 1
689 56 1
408 56 1
4078 56 1
94 56 1
59 56 1
190 56 1
3550 56 1
1538 56 1
411 56 1
4023 56 1
155 56 1
1899 56 1
1743 56 1
545 56 1
653 57 1
539 57 1
904 57 1
1038 57 1
2765 57 1
1611 57 1
765 57 1
2546 57 1
887 57 1
438 57 1
1093 57 1
9 57 1
1133 57 1
587 57 1
1644 57 1
679 57 1
1892 57 1
1637 57 1
549 57 1
286 57 1
2968 57 1
30 57 1
1318 57 1
60 57 1
1834 57 1
3382 57 1
223 57 1
3623 57 1
2962 57 1
1447 57 1
1956 57 1
49 57 1
3576 57 1
3662 57 1
925 57 1
1289 57 1
1631 57 1
2080 57 1
371 57 1
942 57 1
346 57 1
4118 57 1
1329 57 1
26 57 1
815 57 1
3554 57 1
3396 57 1
2455 57 1
3569 57 1
1650 57 1
3328 57 1
220 57 1
593 57 1
4 57 1
655 57 1
3054 57 1
145 57 1
986 57 1
2269 57 1
1396 57 1
1396 57 1
1952 57 1
804 57 1
1504 57 1
3257 57 1
199 57 1
3412 57 1
1959 57 1
155 57 1
4072 57 1
2120 57 1
2387 57 1
81 57 1
496 57 1
1745 57 1
956 57 1
601 57 1
10 57 1
89 57 1
627 57 1
436 57 1
2550 57 1
93 57 1
182 57 1
876 57 1
258 57 1
53 57 1
2465 57 1
3355 57 1
240 57 1
242 57 1
2102 57 1
3117 57 1
4017 57 1
993 57 1
833 57 1
1392 57 1
6 57 1
1 57 1
162 57 1
344 57 1
0 57 1
736 57 1
405 57 1
561 57 1
1964 57 1
1876 57 1
1152 57 1
831 57 1
3606 57 1
3221 57 1
1426 57 1
2831 57 1
2075 57 1
2968 57 1
2002 57 1
1534 57 1
2984 57 1
1301 57 1
273 57 1
2 57 1
1703 57 1
805 57 1
1683 57 1
132 57 1
125 57 1
250 57 1
222 57 1
166 57 1
3277 57 1
32 57 1
176 57 1
452 57 1
1413 57 1
1539 57 1
1049 57 1
2355 57 1
456 57 1
1494 57 1
90 57 1
1084 57 1
132 57 1
1126 57 1
596 57 1
1070 57 1
2246 57 1
147 57 1
2476 57 1
4053 57 1
1377 57 1
1135 57 1
14 57 1
1063 57 1
1339 58 1
1141 58 1
3 58 1
479 58 1
1920 58 1
3690 58 1
1813 58 1
212 58 1
267 58 1
2242 58 1
2463 58 1
434 58 1
679 58 1
815 58 1
2339 58 1
1355 58 1
1709 58 1
2457 58 1
1357 58 1
3920 58 1
2882 58 1
188 58 1
1819 58 1
2513 58 1
335 58 1
677 58 1
206 58 1
2815 58 1
1361 58 1
1697 58 1
892 58 1
0 58 1
88 58 1
674 58 1
2977 58 1
2251 58 1
3104 58 1
3007 58 1
2154 58 1
2 58 1
1445 58 1
3257 58 1
26 58 1
1910 58 1
969 58 1
3612 58 1
435 58 1
31 58 1
2999 58 1
961 58 1
563 58 1
1144 58 1
3323 58 1
11 58 1
841 58 1
2007 58 1
2585 58 1
2215 58 1
244 58 1
154 58 1
196 58 1
3861 58 1
913 58 1
886 58 1
268 58 1
63 58 1
945 58 1
817 58 1
1937 58 1
811 58 1
803 58 1
530 58 1
363 58 1
155 58 1
626 58 1
2269 58 1
161 58 1
2060 58 1
2872 58 1
4 58 1
37 58 1
2393 58 1
26 58 1
293 58 1
272 58 1
2745 58 1
1982 58 1
1050 58 1
54 58 1
1480 58 1
2108 58 1
589 58 1
3100 58 1
3 58 1
87 58 1
145 58 1
216 58 1
1219 58 1
1645 58 1
519 58 1
292 58 1
3999 58 1
591 58 1
0 58 1
2302 58 1
4 58 1
2794 58 1
2060 58 1
1438 58 1
143 58 1
475 58 1
2612 58 1
2937 58 1
3 58 1
1564 58 1
516 58 1
2669 58 1
909 58 1
2356 58 1
88 58 1
4059 58 1
3773 58 1
139 58 1
120 58 1
3540 58 1
3989 58 1
741 58 1
1988 58 1
1114 58 1
1603 58 1
2507 58 1
74 58 1
1142 58 1
226 58 1
1016 58 1
3510 58 1
1704 58 1
2023 58 1
2560 58 1
367 58 1
894 58 1
2873 58 1
2547 58 1
2597 58 1
1909 58 1
3374 58 1
2637 58 1
1705 58 1
929 58 1
3931 58 1
728 58 1
758 58 1
370 58 1
2539 59 1
0 59 1
2 59 1
2763 59 1
1870 59 1
159 59 1
779 59 1
2387 59 1
2651 59 1
3075 59 1
1195 59 1
2516 59 1
1494 59 1
1467 59 1
2900 59 1
1536 59 1
258 59 1
107 59 1
1882 59 1
384 59 1
510 59 1
2870 59 1
1138 59 1
1923 59 1
4181 59 1
26 59 1
2790 59 1
2014 59 1
673 59 1
1060 59 1
1046 59 1
49 59 1
1960 59 1
103 59 1
216 59 1
1178 59 1
3514 59 1
2606 59 1
53 59 1
207 59 1
2436 59 1
632 59 1
1597 59 1
3622 59 1
1561 59 1
826 59 1
3196 59 1
260 59 1
0 59 1
3250 59 1
1019 59 1
612 59 1
1180 59 1
2173 59 1
3551 59 1
1574 59 1
3632 59 1
3933 59 1
1188 59 1
80 59 1
1839 59 1
862 59 1
3861 59 1
3034 59 1
2330 59 1
1663 59 1
160 59 1
981 59 1
2657 59 1
1522 59 1
2848 59 1
1182 59 1
0 59 1
1410 59 1
773 59 1
1927 59 1
93 59 1
58 59 1
17 59 1
536 59 1
953 59 1
2263 59 1
3066 59 1
1636 59 1
2270 59 1
2160 59 1
758 59 1
1492 59 1
2624 59 1
1958 59 1
48 59 1
720 59 1
294 59 1
1636 59 1
1927 59 1
0 59 1
2843 59 1
2717 59 1
2971 59 1
140 59 1
9 59 1
2404 59 1
906 59 1
3646 59 1
2923 59 1
1 59 1
915 59 1
0 59 1
872 59 1
931 59 1
286 59 1
3102 59 1
620 59 1
2077 59 1
3792 59 1
1 59 1
4031 59 1
2271 59 1
47 59 1
2965 59 1
6 59 1
239 59 1
2876 59 1
131 59 1
286 59 1
74 59 1
2913 59 1
32 59 1
517 59 1
870 59 1
12 59 1
3 59 1
1949 59 1
6 59 1
3434 59 1
1725 59 1
2207 59 1
1782 59 1
3146 59 1
83 59 1
528 59 1
962 59 1
355 59 1
1492 59 1
1857 59 1
903 59 1
2097 59 1
1444 59 1
1303 59 1
4079 59 1
3 59 1
0 59 1
3505 59 1
25 60 1
1395 60 1
3652 60 1
2497 60 1
4194 60 1
1753 60 1
1144 60 1
144 60 1
32 60 1
2933 60 1
88 60 1
1245 60 1
2991 60 1
1853 60 1
139 60 1
939 60 1
1926 60 1
68 60 1
450 60 1
1158 60 1
239 60 1
917 60 1
1231 60 1
354 60 1
2821 60 1
1893 60 1
3102 60 1
3903 60 1
553 60 1
3209 60 1
3509 60 1
2793 60 1
326 60 1
3584 60 1
2215 60 1
3666 60 1
1026 60 1
59 60 1
3553 60 1
303 60 1
1831 60 1
141 60 1
202 60 1
1242 60 1
286 60 1
1298 60 1
270 60 1
2901 60 1
559 60 1
16 60 1
153 60 1
2956 60 1
3107 60 1
487 60 1
1016 60 1
1769 60 1
238 60 1
760 60 1
612 60 1
122 60 1
35 60 1
645 60 1
72 60 1
260 60 1
3195 60 1
3395 60 1
789 60 1
1047 60 1
2873 60 1
1485 60 1
915 60 1
606 60 1
1240 60 1
3930 60 1
967 60 1
10 60 1
2568 60 1
2859 60 1
1633 60 1
2841 60 1
2124 60 1
62 60 1
1836 60 1
469 60 1
4093 60 1
1677 60 1
1836 60 1
3293 60 1
2455 60 1
3703 60 1
1860 60 1
1537 60 1
1259 60 1
13 60 1
159 60 1
3421 60 1
1124 60 1
267 60 1
527 60 1
1936 60 1
1241 60 1
191 60 1
427 60 1
2553 60 1
1230 60 1
54 60 1
2380 60 1
3036 60 1
3598 60 1
2588 60 1
183 60 1
3067 60 1
555 60 1
9 60 1
1664 60 1
2021 60 1
1773 60 1
3328 60 1
4 60 1
902 60 1
94 60 1
12 60 1
3054 60 1
616 60 1
4112 60 1
1440 60 1
410 60 1
6 60 1
3774 60 1
1482 60 1
1053 60 1
2654 60 1
37 60 1
656 60 1
578 60 1
1888 60 1
4136 60 1
3 60 1
2459 60 1
1948 60 1
3171 60 1
2134 60 1
1852 60 1
2648 60 1
215 60 1
3401 60 1
509 60 1
86 60 1
881 60 1
4 60 1
2640 60 1
1405 60 1
8 60 1
1 61 1
3 61 1
3328 61 1
1320 61 1
79 61 1
2028 61 1
0 61 1
1111 61 1
978 61 1
1053 61 1
1376 61 1
3073 61 1
42 61 1
1957 61 1
708 61 1
3168 61 1
3262 61 1
269 61 1
601 61 1
38 61 1
3433 61 1
2605 61 1
3479 61 1
3698 61 1
899 61 1
1226 61 1
6 61 1
0 61 1
1805 61 1
1123 61 1
710 61 1
23 61 1
116 61 1
267 61 1
3601 61 1
129 61 1
943 61 1
77 61 1
207 61 1
797 61 1
31 61 1
141 61 1
2246 61 1
3064 61 1
3892 61 1
508 61 1
936 61 1
2918 61 1
175 61 1
330 61 1
181 61 1
3882 61 1
548 61 1
1332 61 1
14 61 1
1192 61 1
2729 61 1
3619 61 1
1343 61 1
99 61 1
948 61 1
88 61 1
57 61 1
3592 61 1
885 61 1
1223 61 1
449 61 1
470 61 1
621 61 1
28 61 1
2844 61 1
3682 61 1
39 61 1
99 61 1
626 61 1
790 61 1
3361 61 1
2703 61 1
8 61 1
2390 61 1
236 61 1
3198 61 1
1081 61 1
2118 61 1
2088 61 1
3233 61 1
2839 61 1
3 61 1
0 61 1
378 61 1
239 61 1
737 61 1
10 61 1
2375 61 1
1303 61 1
3184 61 1
109 61 1
4091 61 1
3584 61 1
1928 61 1
266 61 1
2381 61 1
2888 61 1
1680 61 1
1757 61 1
1002 61 1
3030 61 1
1949 61 1
4156 61 1
1343 61 1
120 61 1
606 61 1
426 61 1
123 61 1
1179 61 1
3021 61 1
369 61 1
23 61 1
7 61 1
3551 61 1
1213 61 1
8 61 1
3400 61 1
3385 61 1
3218 61 1
0 61 1
43 61 1
1437 61 1
239 61 1
1232 61 1
3646 61 1
1225 61 1
1219 61 1
568 61 1
587 61 1
2428 61 1
1606 61 1
1934 61 1
2638 61 1
4057 61 1
953 61 1
382 61 1
474 61 1
2218 61 1
2910 61 1
1485 61 1
3029 61 1
617 61 1
457 61 1
144 61 1
660 61 1
2724 61 1
222 61 1
2525 62 1
1660 62 1
10 62 1
698 62 1
24 62 1
264 62 1
760 62 1
581 62 1
338 62 1
587 62 1
59 62 1
2573 62 1
2367 62 1
3658 62 1
259 62 1
40 62 1
519 62 1
3421 62 1
245 62 1
1504 62 1
942 62 1
685 62 1
715 62 1
2311 62 1
212 62 1
6 62 1
3172 62 1
3170 62 1
2957 62 1
955 62 1
108 62 1
239 62 1
1225 62 1
1398 62 1
2402 62 1
305 62 1
916 62 1
226 62 1
3212 62 1
4099 62 1
438 62 1
222 62 1
563 62 1
3163 62 1
28 62 1
809 62 1
257 62 1
1103 62 1
229 62 1
1356 62 1
907 62 1
3465 62 1
523 62 1
2930 62 1
20 62 1
225 62 1
342 62 1
4190 62 1
2126 62 1
1805 62 1
3954 62 1
345 62 1
643 62 1
2478 62 1
314 62 1
88 62 1
167 62 1
2997 62 1
2970 62 1
4191 62 1
317 62 1
28 62 1
1102 62 1
34 62 1
1326 62 1
177 62 1
698 62 1
1359 62 1
2755 62 1
969 62 1
2 62 1
910 62 1
717 62 1
1351 62 1
2033 62 1
20 62 1
2307 62 1
326 62 1
2185 62 1
3100 62 1
4063 62 1
1462 62 1
121 62 1
92 62 1
2318 62 1
1708 62 1
1392 62 1
1935 62 1
2415 62 1
940 62 1
2224 62 1
1555 62 1
1026 62 1
2601 62 1
7 62 1
945 62 1
722 62 1
508 62 1
3649 62 1
673 62 1
1287 62 1
794 62 1
85 62 1
546 62 1
601 62 1
8 62 1
692 62 1
36 62 1
406 62 1
11 62 1
268 62 1
2908 62 1
100 62 1
3154 62 1
118 62 1
971 62 1
253 62 1
2523 62 1
2185 62 1
2123 62 1
1646 62 1
1891 62 1
1797 62 1
105 62 1
1320 62 1
3578 62 1
2943 62 1
977 62 1
1426 62 1
988 62 1
3440 62 1
4079 62 1
128 62 1
2313 62 1
940 62 1
2973 62 1
63 62 1
136 62 1
2 62 1
673 62 1
3408 62 1
1120 62 1
3 62 1
197 63 1
63 63 1
2186 63 1
73 63 1
1991 63 1
4 63 1
2901 63 1
194 63 1
4111 63 1
100 63 1
8 63 1
331 63 1
2218 63 1
545 63 1
425 63 1
4109 63 1
61 63 1
2145 63 1
263 63 1
3740 63 1
2694 63 1
553 63 1
2813 63 1
2621 63 1
892 63 1
973 63 1
1608 63 1
182 63 1
850 63 1
593 63 1
2200 63 1
1117 63 1
0 63 1
3393 63 1
1225 63 1
1957 63 1
2047 63 1
639 63 1
528 63 1
640 63 1
3 63 1
2689 63 1
1648 63 1
272 63 1
486 63 1
3612 63 1
1057 63 1
11 63 1
1179 63 1
186 63 1
59 63 1
296 63 1
213 63 1
3904 63 1
2303 63 1
2593 63 1
445 63 1
1098 63 1
2916 63 1
40 63 1
7 63 1
45 63 1
935 63 1
3932 63 1
5 63 1
2505 63 1
620 63 1
1055 63 1
292 63 1
3226 63 1
22 63 1
4127 63 1
2203 63 1
317 63 1
6 63 1
1326 63 1
555 63 1
2627 63 1
515 63 1
81 63 1
244 63 1
273 63 1
1933 63 1
3384 63 1
1203 63 1
545 63 1
1860 63 1
3523 63 1
8 63 1
321 63 1
1777 63 1
3878 63 1
15 63 1
3674 63 1
1592 63 1
212 63 1
457 63 1
1708 63 1
3142 63 1
2079 63 1
95 63 1
1401 63 1
2531 63 1
1969 63 1
1493 63 1
880 63 1
1659 63 1
0 63 1
1390 63 1
3 63 1
601 63 1
3938 63 1
49 63 1
355 63 1
50 63 1
287 63 1
983 63 1
2652 63 1
188 63 1
989 63 1
394 63 1
1642 63 1
3212 63 1
1633 63 1
1180 63 1
13 63 1
46 63 1
2006 63 1
4026 63 1
522 63 1
988 63 1
573 63 1
1848 63 1
2825 63 1
2765 63 1
1524 63 1
3113 63 1
1043 63 1
879 63 1
2769 63 1
2265 63 1
3092 63 1
914 63 1
0 63 1
3907 63 1
28 63 1
3283 63 1
2267 63 1
3851 63 1
993 63 1
49 63 1
193 63 1
158 63 1
15 64 1
56 64 1
2431 64 1
5 64 1
254 64 1
1620 64 1
63 64 1
35 64 1
73 64 1
612 64 1
11 64 1
11 64 1
1277 64 1
0 64 1
1420 64 1
3 64 1
3849 64 1
614 64 1
4205 64 1
3731 64 1
0 64 1
3038 64 1
1532 64 1
595 64 1
2851 64 1
3495 64 1
14 64 1
296 64 1
424 64 1
734 64 1
3674 64 1
1149 64 1
2727 64 1
2633 64 1
42 64 1
578 64 1
460 64 1
265 64 1
544 64 1
574 64 1
211 64 1
2963 64 1
1568 64 1
473 64 1
399 64 1
258 64 1
924 64 1
2504 64 1
2411 64 1
1175 64 1
116 64 1
330 64 1
1621 64 1
273 64 1
1266 64 1
1547 64 1
158 64 1
597 64 1
1342 64 1
758 64 1
1812 64 1
2669 64 1
3798 64 1
347 64 1
973 64 1
2603 64 1
1090 64 1
1489 64 1
200 64 1
2834 64 1
2306 64 1
4115 64 1
3900 64 1
249 64 1
1572 64 1
425 64 1
1215 64 1
606 64 1
2970 64 1
0 64 1
1023 64 1
4090 64 1
3160 64 1
987 64 1
1930 64 1
1505 64 1
96 64 1
9 64 1
279 64 1
1878 64 1
16 64 1
2516 64 1
3522 64 1
78 64 1
1145 64 1
1087 64 1
1110 64 1
8 64 1
3279 64 1
1984 64 1
541 64 1
52 64 1
5 64 1
731 64 1
903 64 1
2933 64 1
973 64 1
1465 64 1
209 64 1
15 64 1
2322 64 1
598 64 1
1986 64 1
482 64 1
3151 64 1
62 64 1
74 64 1
2824 64 1
3842 64 1
58 64 1
715 64 1
304 64 1
146 64 1
338 64 1
441 64 1
1853 64 1
1369 64 1
95 64 1
298 64 1
1595 64 1
3544 64 1
1606 64 1
58 64 1
1163 64 1
104 64 1
2 64 1
832 64 1
925 64 1
361 64 1
551 64 1
124 64 1
1295 64 1
1664 64 1
796 64 1
2375 64 1
769 64 1
2152 64 1
3565 64 1
310 64 1
17 64 1
234 64 1
84 64 1
931 64 1
991 65 1
268 65 1
3048 65 1
3635 65 1
3886 65 1
24 65 1
3375 65 1
1069 65 1
5 65 1
1906 65 1
32 65 1
444 65 1
1604 65 1
76 65 1
660 65 1
1321 65 1
2571 65 1
132 65 1
3887 65 1
154 65 1
515 65 1
3215 65 1
784 65 1
172 65 1
344 65 1
2504 65 1
3147 65 1
175 65 1
3976 65 1
788 65 1
515 65 1
1015 65 1
3329 65 1
598 65 1
749 65 1
272 65 1
4172 65 1
1161 65 1
311 65 1
447 65 1
2919 65 1
1803 65 1
3181 65 1
2160 65 1
698 65 1
0 65 1
1068 65 1
2325 65 1
76 65 1
72 65 1
3127 65 1
497 65 1
50 65 1
40 65 1
827 65 1
9 65 1
1575 65 1
47 65 1
2862 65 1
675 65 1
1207 65 1
186 65 1
21 65 1
1802 65 1
5 65 1
50 65 1
2817 65 1
1260 65 1
562 65 1
1350 65 1
1326 65 1
2980 65 1
56 65 1
1929 65 1
751 65 1
3725 65 1
1038 65 1
828 65 1
2458 65 1
1181 65 1
2025 65 1
498 65 1
2157 65 1
580 65 1
363 65 1
233 65 1
1398 65 1
1038 65 1
0 65 1
288 65 1
3068 65 1
1841 65 1
591 65 1
3579 65 1
3468 65 1
21 65 1
3495 65 1
785 65 1
89 65 1
493 65 1
679 65 1
31 65 1
2305 65 1
2508 65 1
191 65 1
236 65 1
383 65 1
1908 65 1
504 65 1
4168 65 1
1 65 1
3626 65 1
986 65 1
589 65 1
3577 65 1
60 65 1
2900 65 1
1573 65 1
2030 65 1
3997 65 1
130 65 1
445 65 1
2758 65 1
72 65 1
582 65 1
44 65 1
3524 65 1
94 65 1
0 65 1
177 65 1
165 65 1
1758 65 1
2441 65 1
1083 65 1
1685 65 1
594 65 1
3961 65 1
107 65 1
616 65 1
147 65 1
22 65 1
3714 65 1
2233 65 1
36 65 1
2327 65 1
2755 65 1
3484 65 1
3585 65 1
376 65 1
3091 65 1
1100 65 1
106 65 1
1030 65 1
46 66 1
975 66 1
3405 66 1
589 66 1
35 66 1
94 66 1
27 66 1
1869 66 1
437 66 1
3822 66 1
1768 66 1
4143 66 1
506 66 1
1137 66 1
900 66 1
950 66 1
248 66 1
298 66 1
388 66 1
35 66 1
2379 66 1
10 66 1
124 66 1
1263 66 1
412 66 1
1106 66 1
384 66 1
0 66 1
143 66 1
876 66 1
1206 66 1
1743 66 1
73 66 1
3080 66 1
1337 66 1
66 66 1
3 66 1
985 66 1
2309 66 1
0 66 1
1000 66 1
3808 66 1
387 66 1
198 66 1
567 66 1
556 66 1
2531 66 1
1234 66 1
743 66 1
551 66 1
1231 66 1
1003 66 1
472 66 1
1599 66 1
2275 66 1
0 66 1
110 66 1
415 66 1
11 66 1
1927 66 1
615 66 1
92 66 1
1192 66 1
1208 66 1
311 66 1
3431 66 1
3967 66 1
3245 66 1
1830 66 1
70 66 1
2 66 1
1006 66 1
668 66 1
1533 66 1
1484 66 1
52 66 1
3860 66 1
3417 66 1
2279 66 1
218 66 1
3314 66 1
3842 66 1
887 66 1
543 66 1
241 66 1
195 66 1
2289 66 1
1976 66 1
4018 66 1
1842 66 1
672 66 1
512 66 1
2422 66 1
41 66 1
1937 66 1
1731 66 1
577 66 1
2675 66 1
410 66 1
182 66 1
2764 66 1
23 66 1
2505 66 1
1483 66 1
137 66 1
3119 66 1
3746 66 1
37 66 1
1417 66 1
89 66 1
1071 66 1
1295 66 1
737 66 1
680 66 1
2454 66 1
3762 66 1
2859 66 1
1479 66 1
3344 66 1
2935 66 1
785 66 1
1137 66 1
305 66 1
34 66 1
139 66 1
4 66 1
951 66 1
1321 66 1
11 66 1
16 66 1
2312 66 1
34 66 1
74 66 1
650 66 1
1751 66 1
51 66 1
594 66 1
3529 66 1
1061 66 1
279 66 1
3102 66 1
22 66 1
2869 66 1
3437 66 1
1030 66 1
662 66 1
3475 66 1
947 66 1
1316 66 1
684 66 1
1831 66 1
1191 66 1
3338 66 1
424 67 1
1585 67 1
6 67 1
222 67 1
1775 67 1
4134 67 1
455 67 1
1110 67 1
1567 67 1
1002 67 1
3257 67 1
3273 67 1
1214 67 1
2967 67 1
2029 67 1
3735 67 1
1101 67 1
16 67 1
3200 67 1
787 67 1
649 67 1
765 67 1
2911 67 1
812 67 1
231 67 1
1985 67 1
96 67 1
1910 67 1
2273 67 1
3212 67 1
1409 67 1
1 67 1
2927 67 1
1689 67 1
407 67 1
436 67 1
2719 67 1
1407 67 1
1046 67 1
820 67 1
3462 67 1
600 67 1
949 67 1
2826 67 1
230 67 1
3481 67 1
1231 67 1
143 67 1
712 67 1
161 67 1
2285 67 1
2370 67 1
1517 67 1
358 67 1
32 67 1
4194 67 1
669 67 1
2935 67 1
191 67 1
4103 67 1
359 67 1
714 67 1
3632 67 1
1833 67 1
393 67 1
960 67 1
2997 67 1
3199 67 1
288 67 1
3949 67 1
267 67 1
774 67 1
2604 67 1
3 67 1
1615 67 1
1675 67 1
439 67 1
3592 67 1
13 67 1
56 67 1
33 67 1
565 67 1
641 67 1
2566 67 1
44 67 1
480 67 1
1273 67 1
4123 67 1
1843 67 1
841 67 1
192 67 1
3797 67 1
1071 67 1
911 67 1
1948 67 1
966 67 1
20 67 1
1696 67 1
1736 67 1
31 67 1
2886 67 1
486 67 1
1187 67 1
3273 67 1
1856 67 1
127 67 1
1787 67 1
3996 67 1
695 67 1
246 67 1
4166 67 1
680 67 1
1527 67 1
4160 67 1
2904 67 1
15 67 1
3654 67 1
1496 67 1
2140 67 1
89 67 1
2633 67 1
3202 67 1
2307 67 1
638 67 1
3077 67 1
1678 67 1
2569 67 1
2469 67 1
498 67 1
4004 67 1
1162 67 1
3870 67 1
2166 67 1
552 67 1
39 67 1
2902 67 1
620 67 1
2248 67 1
3368 67 1
1 67 1
1454 67 1
734 67 1
779 67 1
1321 67 1
1354 67 1
3 67 1
3915 67 1
1525 67 1
3364 67 1
2418 67 1
4050 67 1
1646 67 1
3387 67 1
409 68 1
279 68 1
0 68 1
1435 68 1
648 68 1
2564 68 1
2908 68 1
418 68 1
3443 68 1
520 68 1
23 68 1
16 68 1
35 68 1
972 68 1
0 68 1
197 68 1
1783 68 1
320 68 1
20 68 1
1 68 1
2095 68 1
3583 68 1
3123 68 1
149 68 1
2161 68 1
2221 68 1
2025 68 1
330 68 1
2985 68 1
2934 68 1
1148 68 1
0 68 1
239 68 1
310 68 1
1392 68 1
1419 68 1
545 68 1
1526 68 1
3317 68 1
3948 68 1
475 68 1
3164 68 1
1681 68 1
677 68 1
540 68 1
2312 68 1
2594 68 1
0 68 1
957 68 1
37 68 1
98 68 1
45 68 1
830 68 1
620 68 1
378 68 1
275 68 1
1576 68 1
1009 68 1
2383 68 1
3907 68 1
250 68 1
651 68 1
1372 68 1
258 68 1
645 68 1
643 68 1
2121 68 1
1298 68 1
2486 68 1
3182 68 1
14 68 1
807 68 1
527 68 1
17 68 1
1604 68 1
1011 68 1
1108 68 1
1145 68 1
4002 68 1
3308 68 1
480 68 1
1328 68 1
2536 68 1
896 68 1
3486 68 1
1406 68 1
1060 68 1
72 68 1
979 68 1
256 68 1
3178 68 1
369 68 1
2810 68 1
134 68 1
242 68 1
10 68 1
2580 68 1
732 68 1
107 68 1
2319 68 1
94 68 1
665 68 1
2353 68 1
485 68 1
4173 68 1
3432 68 1
547 68 1
41 68 1
1151 68 1
824 68 1
2461 68 1
157 68 1
3849 68 1
3358 68 1
1728 68 1
1325 68 1
75 68 1
194 68 1
4119 68 1
3989 68 1
1371 68 1
4199 68 1
32 68 1
1532 68 1
2837 68 1
4056 68 1
1386 68 1
93 68 1
3021 68 1
89 68 1
56 68 1
6 68 1
316 68 1
953 68 1
18 68 1
563 68 1
3715 68 1
3095 68 1
1 68 1
75 68 1
2836 68 1
3435 68 1
901 68 1
174 68 1
2572 68 1
2025 68 1
1 68 1
2905 68 1
728 68 1
512 68 1
1532 68 1
1220 68 1
36 68 1
468 69 1
2006 69 1
972 69 1
1704 69 1
760 69 1
1165 69 1
277 69 1
73 69 1
1580 69 1
3747 69 1
3958 69 1
350 69 1
1099 69 1
106 69 1
2576 69 1
421 69 1
0 69 1
133 69 1
73 69 1
457 69 1
619 69 1
2 69 1
4203 69 1
3141 69 1
81 69 1
163 69 1
84 69 1
1189 69 1
211 69 1
355 69 1
3913 69 1
2743 69 1
679 69 1
4097 69 1
3232 69 1
36 69 1
2035 69 1
1589 69 1
55 69 1
2639 69 1
456 69 1
1206 69 1
648 69 1
3347 69 1
234 69 1
2974 69 1
1329 69 1
198 69 1
1449 69 1
3843 69 1
501 69 1
3310 69 1
3772 69 1
172 69 1
3037 69 1
3148 69 1
0 69 1
344 69 1
359 69 1
1248 69 1
3141 69 1
794 69 1
1448 69 1
623 69 1
4104 69 1
204 69 1
1237 69 1
428 69 1
2108 69 1
530 69 1
243 69 1
471 69 1
90 69 1
63 69 1
174 69 1
4018 69 1
986 69 1
71 69 1
80 69 1
1119 69 1
576 69 1
37 69 1
3020 69 1
84 69 1
551 69 1
3725 69 1
83 69 1
594 69 1
151 69 1
4159 69 1
1839 69 1
114 69 1
453 69 1
606 69 1
1804 69 1
3941 69 1
1944 69 1
1771 69 1
1386 69 1
2417 69 1
2560 69 1
1804 69 1
2825 69 1
217 69 1
159 69 1
0 69 1
3867 69 1
2490 69 1
57 69 1
2289 69 1
937 69 1
275 69 1
686 69 1
1846 69 1
1378 69 1
4087 69 1
3639 69 1
2366 69 1
1168 69 1
2946 69 1
539 69 1
312 69 1
49 69 1
1027 69 1
732 69 1
637 69 1
1370 69 1
3315 69 1
245 69 1
388 69 1
256 69 1
6 69 1
56 69 1
215 69 1
2869 69 1
629 69 1
1589 69 1
2014 69 1
3595 69 1
1377 69 1
1718 69 1
1549 69 1
2059 69 1
2748 69 1
124 69 1
3199 69 1
4145 69 1
2785 69 1
1443 69 1
59 69 1
348 69 1
431 69 1
74 69 1
3918 70 1
1438 70 1
8 70 1
2408 70 1
2436 70 1
1902 70 1
1178 70 1
41 70 1
2342 70 1
267 70 1
875 70 1
23 70 1
376 70 1
40 70 1
151 70 1
2516 70 1
3297 70 1
1320 70 1
239 70 1
0 70 1
901 70 1
1433 70 1
2039 70 1
2292 70 1
2806 70 1
2208 70 1
995 70 1
3912 70 1
2118 70 1
1399 70 1
489 70 1
1167 70 1
1 70 1
2036 70 1
3154 70 1
967 70 1
1846 70 1
1083 70 1
2423 70 1
3240 70 1
714 70 1
644 70 1
3723 70 1
803 70 1
95 70 1
4093 70 1
1 70 1
2702 70 1
652 70 1
534 70 1
779 70 1
1734 70 1
952 70 1
1354 70 1
230 70 1
550 70 1
2465 70 1
267 70 1
2763 70 1
1246 70 1
3424 70 1
2257 70 1
98 70 1
2580 70 1
846 70 1
2 70 1
1716 70 1
2215 70 1
319 70 1
106 70 1
1891 70 1
1223 70 1
669 70 1
52 70 1
433 70 1
2573 70 1
2190 70 1
1000 70 1
1330 70 1
8 70 1
0 70 1
3 70 1
8 70 1
832 70 1
2400 70 1
1839 70 1
0 70 1
1229 70 1
101 70 1
189 70 1
1393 70 1
3237 70 1
77 70 1
1311 70 1
495 70 1
675 70 1
316 70 1
1705 70 1
1945 70 1
3434 70 1
1756 70 1
2 70 1
0 70 1
480 70 1
538 70 1
461 70 1
2862 70 1
68 70 1
3197 70 1
346 70 1
2839 70 1
113 70 1
389 70 1
77 70 1
1137 70 1
1327 70 1
438 70 1
195 70 1
3496 70 1
0 70 1
3486 70 1
3719 70 1
1405 70 1
143 70 1
2052 70 1
391 70 1
1766 70 1
618 70 1
61 70 1
120 70 1
3006 70 1
2563 70 1
21 70 1
755 70 1
3709 70 1
0 70 1
2371 70 1
3399 70 1
3595 70 1
710 70 1
502 70 1
3162 70 1
2353 70 1
52 70 1
3169 70 1
42 70 1
2777 70 1
50 70 1
317 70 1
3535 70 1
196 70 1
149 70 1
1662 70 1
172 71 1
374 71 1
364 71 1
0 71 1
134 71 1
126 71 1
1813 71 1
3034 71 1
2126 71 1
2398 71 1
792 71 1
3562 71 1
1737 71 1
147 71 1
3160 71 1
143 71 1
46 71 1
650 71 1
28 71 1
614 71 1
452 71 1
302 71 1
694 71 1
65 71 1
325 71 1
466 71 1
2871 71 1
346 71 1
1490 71 1
3923 71 1
1697 71 1
2194 71 1
2088 71 1
3435 71 1
673 71 1
1344 71 1
65 71 1
431 71 1
1837 71 1
330 71 1
72 71 1
3293 71 1
1891 71 1
896 71 1
102 71 1
404 71 1
25 71 1
1287 71 1
3513 71 1
3003 71 1
4100 71 1
43 71 1
314 71 1
926 71 1
567 71 1
2077 71 1
169 71 1
270 71 1
1870 71 1
2803 71 1
2167 71 1
1446 71 1
1026 71 1
3913 71 1
269 71 1
240 71 1
81 71 1
2131 71 1
657 71 1
2175 71 1
3 71 1
18 71 1
510 71 1
1733 71 1
1808 71 1
2804 71 1
3349 71 1
4097 71 1
2697 71 1
2310 71 1
1856 71 1
0 71 1
1770 71 1
864 71 1
4171 71 1
2333 71 1
77 71 1
396 71 1
4072 71 1
0 71 1
1669 71 1
3582 71 1
526 71 1
33 71 1
902 71 1
158 71 1
549 71 1
170 71 1
2402 71 1
578 71 1
3 71 1
3834 71 1
1214 71 1
2033 71 1
65 71 1
2299 71 1
3618 71 1
3618 71 1
2828 71 1
1254 71 1
1316 71 1
3250 71 1
669 71 1
333 71 1
135 71 1
1892 71 1
3538 71 1
3789 71 1
2338 71 1
1532 71 1
1275 71 1
296 71 1
2066 71 1
86 71 1
257 71 1
1347 71 1
3157 71 1
1187 71 1
883 71 1
1207 71 1
1742 71 1
2565 71 1
2954 71 1
723 71 1
819 71 1
3093 71 1
679 71 1
109 71 1
2580 71 1
1097 71 1
3681 71 1
978 71 1
248 71 1
960 71 1
498 71 1
365 71 1
88 71 1
1286 71 1
2093 71 1
436 71 1
204 71 1
3207 71 1
1277 71 1
3452 72 1
547 72 1
472 72 1
952 72 1
35 72 1
4 72 1
3385 72 1
2690 72 1
12 72 1
8 72 1
545 72 1
1639 72 1
2805 72 1
330 72 1
3256 72 1
1516 72 1
0 72 1
1183 72 1
2636 72 1
1049 72 1
4165 72 1
2974 72 1
3267 72 1
2152 72 1
49 72 1
3581 72 1
2233 72 1
3976 72 1
24 72 1
2173 72 1
1730 72 1
245 72 1
114 72 1
224 72 1
1174 72 1
60 72 1
0 72 1
467 72 1
389 72 1
1063 72 1
2826 72 1
392 72 1
201 72 1
1183 72 1
1745 72 1
2805 72 1
1976 72 1
3137 72 1
1316 72 1
87 72 1
426 72 1
3951 72 1
2209 72 1
1831 72 1
213 72 1
269 72 1
530 72 1
1407 72 1
3871 72 1
990 72 1
904 72 1
4002 72 1
2488 72 1
0 72 1
1071 72 1
3637 72 1
581 72 1
3295 72 1
3691 72 1
1418 72 1
532 72 1
756 72 1
484 72 1
318 72 1
3674 72 1
1860 72 1
1683 72 1
3178 72 1
4201 72 1
41 72 1
1504 72 1
700 72 1
244 72 1
3548 72 1
3924 72 1
3498 72 1
630 72 1
3184 72 1
812 72 1
0 72 1
1593 72 1
394 72 1
1941 72 1
47 72 1
3791 72 1
2879 72 1
1732 72 1
729 72 1
654 72 1
503 72 1
3084 72 1
3275 72 1
2183 72 1
316 72 1
582 72 1
1723 72 1
68 72 1
1388 72 1
3200 72 1
2800 72 1
30 72 1
3788 72 1
203 72 1
156 72 1
168 72 1
2285 72 1
336 72 1
59 72 1
54 72 1
85 72 1
1469 72 1
1945 72 1
4035 72 1
343 72 1
1772 72 1
2743 72 1
692 72 1
269 72 1
425 72 1
3863 72 1
1071 72 1
2955 72 1
1178 72 1
193 72 1
77 72 1
2294 72 1
165 72 1
1561 72 1
13 72 1
1512 72 1
2618 72 1
1632 72 1
3466 72 1
1650 72 1
134 72 1
187 72 1
1078 72 1
3506 72 1
703 72 1
1370 72 1
154 72 1
245 72 1
855 72 1
2447 73 1
228 73 1
2072 73 1
2254 73 1
406 73 1
22 73 1
1343 73 1
50 73 1
2 73 1
1567 73 1
4049 73 1
371 73 1
3404 73 1
10 73 1
4104 73 1
3636 73 1
1087 73 1
3900 73 1
284 73 1
5 73 1
72 73 1
2160 73 1
976 73 1
3242 73 1
3718 73 1
338 73 1
1706 73 1
259 73 1
1617 73 1
48 73 1
2142 73 1
342 73 1
2836 73 1
1508 73 1
855 73 1
0 73 1
3594 73 1
173 73 1
184 73 1
164 73 1
2400 73 1
2873 73 1
113 73 1
168 73 1
2839 73 1
243 73 1
3310 73 1
1972 73 1
452 73 1
438 73 1
935 73 1
2329 73 1
2629 73 1
697 73 1
1664 73 1
2776 73 1
1099 73 1
17 73 1
3318 73 1
1099 73 1
1633 73 1
1673 73 1
2269 73 1
485 73 1
80 73 1
1488 73 1
397 73 1
3721 73 1
1797 73 1
387 73 1
23 73 1
3 73 1
1804 73 1
792 73 1
3408 73 1
42 73 1
762 73 1
351 73 1
3456 73 1
103 73 1
176 73 1
4087 73 1
174 73 1
32 73 1
50 73 1
82 73 1
2212 73 1
120 73 1
2345 73 1
151 73 1
3963 73 1
2602 73 1
85 73 1
112 73 1
496 73 1
1675 73 1
337 73 1
3539 73 1
74 73 1
1384 73 1
102 73 1
55 73 1
602 73 1
2078 73 1
827 73 1
3 73 1
3152 73 1
1001 73 1
3 73 1
3289 73 1
86 73 1
2935 73 1
4 73 1
1494 73 1
1476 73 1
1370 73 1
2311 73 1
61 73 1
697 73 1
3570 73 1
693 73 1
1284 73 1
106 73 1
3553 73 1
1322 73 1
2633 73 1
13 73 1
4140 73 1
2370 73 1
1805 73 1
1306 73 1
142 73 1
1413 73 1
925 73 1
3587 73 1
2299 73 1
410 73 1
146 73 1
725 73 1
37 73 1
3096 73 1
1594 73 1
2111 73 1
175 73 1
2761 73 1
1 73 1
120 73 1
3535 73 1
3203 73 1
1141 73 1
522 73 1
3302 73 1
393 73 1
3262 74 1
354 74 1
2805 74 1
849 74 1
2812 74 1
94 74 1
684 74 1
1000 74 1
4135 74 1
3997 74 1
635 74 1
2387 74 1
3029 74 1
188 74 1
875 74 1
735 74 1
63 74 1
578 74 1
442 74 1
3289 74 1
726 74 1
117 74 1
1489 74 1
2105 74 1
320 74 1
3092 74 1
3283 74 1
309 74 1
29 74 1
980 74 1
720 74 1
281 74 1
696 74 1
82 74 1
875 74 1
154 74 1
1190 74 1
3781 74 1
390 74 1
64 74 1
667 74 1
3697 74 1
274 74 1
2895 74 1
1735 74 1
3535 74 1
53 74 1
1115 74 1
687 74 1
1377 74 1
1020 74 1
811 74 1
2719 74 1
1009 74 1
1443 74 1
3508 74 1
3310 74 1
3983 74 1
1545 74 1
4020 74 1
483 74 1
114 74 1
1638 74 1
727 74 1
141 74 1
9 74 1
2525 74 1
9 74 1
1147 74 1
1362 74 1
785 74 1
3067 74 1
3011 74 1
18 74 1
570 74 1
5 74 1
736 74 1
2522 74 1
1 74 1
66 74 1
2128 74 1
590 74 1
161 74 1
1334 74 1
1899 74 1
34 74 1
3780 74 1
530 74 1
396 74 1
41 74 1
355 74 1
2163 74 1
2180 74 1
3029 74 1
474 74 1
3904 74 1
2412 74 1
559 74 1
336 74 1
332 74 1
2179 74 1
1245 74 1
4 74 1
1179 74 1
3137 74 1
512 74 1
15 74 1
1414 74 1
3747 74 1
1421 74 1
4124 74 1
440 74 1
705 74 1
3652 74 1
2651 74 1
187 74 1
873 74 1
9 74 1
1792 74 1
2349 74 1
1418 74 1
1206 74 1
15 74 1
3868 74 1
2120 74 1
477 74 1
2328 74 1
1047 74 1
18 74 1
1379 74 1
2800 74 1
763 74 1
1 74 1
2900 74 1
2974 74 1
469 74 1
24 74 1
2505 74 1
7 74 1
978 74 1
659 74 1
23 74 1
11 74 1
3766 74 1
407 74 1
3325 74 1
1579 74 1
424 74 1
6 74 1
4017 74 1
3821 74 1
71 74 1
129 74 1
1425 75 1
56 75 1
446 75 1
9 75 1
661 75 1
1189 75 1
823 75 1
852 75 1
414 75 1
2165 75 1
149 75 1
5 75 1
2547 75 1
1676 75 1
1009 75 1
3628 75 1
294 75 1
111 75 1
159 75 1
693 75 1
159 75 1
44 75 1
1817 75 1
92 75 1
561 75 1
1313 75 1
2734 75 1
99 75 1
1988 75 1
1025 75 1
3266 75 1
2016 75 1
2192 75 1
3596 75 1
4158 75 1
843 75 1
0 75 1
1370 75 1
814 75 1
3890 75 1
3630 75 1
1241 75 1
1027 75 1
204 75 1
335 75 1
1724 75 1
190 75 1
1453 75 1
144 75 1
2327 75 1
379 75 1
2743 75 1
2746 75 1
1862 75 1
1180 75 1
16 75 1
2990 75 1
1915 75 1
1 75 1
287 75 1
3194 75 1
1451 75 1
9 75 1
1716 75 1
3633 75 1
85 75 1
1794 75 1
1919 75 1
2499 75 1
38 75 1
2955 75 1
624 75 1
842 75 1
3540 75 1
2050 75 1
2094 75 1
3720 75 1
2973 75 1
342 75 1
3408 75 1
4055 75 1
2161 75 1
2634 75 1
11 75 1
1269 75 1
3409 75 1
151 75 1
2652 75 1
3316 75 1
447 75 1
2825 75 1
408 75 1
0 75 1
187 75 1
765 75 1
620 75 1
2101 75 1
2725 75 1
3171 75 1
2474 75 1
1 75 1
1142 75 1
3269 75 1
28 75 1
118 75 1
1574 75 1
2386 75 1
107 75 1
332 75 1
248 75 1
2664 75 1
1257 75 1
2396 75 1
3361 75 1
493 75 1
4026 75 1
946 75 1
345 75 1
3505 75 1
3242 75 1
6 75 1
3856 75 1
310 75 1
174 75 1
191 75 1
1925 75 1
368 75 1
431 75 1
1222 75 1
2060 75 1
3410 75 1
3403 75 1
21 75 1
1269 75 1
2938 75 1
2964 75 1
9 75 1
2103 75 1
904 75 1
711 75 1
309 75 1
4137 75 1
1966 75 1
2515 75 1
996 75 1
2638 75 1
2997 75 1
470 75 1
453 75 1
104 75 1
1142 75 1
3908 75 1
3866 75 1
248 76 1
83 76 1
1467 76 1
3452 76 1
585 76 1
80 76 1
37 76 1
1425 76 1
1774 76 1
847 76 1
674 76 1
894 76 1
2946 76 1
11 76 1
2169 76 1
429 76 1
1630 76 1
2864 76 1
362 76 1
391 76 1
6 76 1
2253 76 1
403 76 1
1686 76 1
138 76 1
4160 76 1
1688 76 1
88 76 1
3491 76 1
3844 76 1
1070 76 1
3205 76 1
1799 76 1
807 76 1
2389 76 1
459 76 1
45 76 1
184 76 1
2206 76 1
971 76 1
1296 76 1
1748 76 1
136 76 1
2536 76 1
914 76 1
1205 76 1
348 76 1
1836 76 1
0 76 1
2709 76 1
92 76 1
155 76 1
2988 76 1
144 76 1
386 76 1
0 76 1
997 76 1
2833 76 1
3 76 1
9 76 1
809 76 1
564 76 1
728 76 1
968 76 1
3616 76 1
675 76 1
2681 76 1
225 76 1
3494 76 1
83 76 1
380 76 1
3270 76 1
282 76 1
3717 76 1
1066 76 1
1882 76 1
24 76 1
282 76 1
631 76 1
345 76 1
1175 76 1
221 76 1
525 76 1
588 76 1
3888 76 1
31 76 1
1250 76 1
117 76 1
11 76 1
2590 76 1
3739 76 1
152 76 1
789 76 1
1256 76 1
84 76 1
1817 76 1
926 76 1
355 76 1
767 76 1
1269 76 1
310 76 1
3128 76 1
175 76 1
156 76 1
174 76 1
906 76 1
2451 76 1
2179 76 1
165 76 1
14 76 1
36 76 1
214 76 1
2873 76 1
100 76 1
87 76 1
64 76 1
2 76 1
1531 76 1
3536 76 1
534 76 1
1 76 1
3437 76 1
2350 76 1
431 76 1
666 76 1
1549 76 1
890 76 1
1316 76 1
349 76 1
3246 76 1
1879 76 1
2624 76 1
1326 76 1
34 76 1
1227 76 1
1379 76 1
158 76 1
100 76 1
1718 76 1
273 76 1
1189 76 1
3879 76 1
2137 76 1
2959 76 1
1110 76 1
1313 76 1
631 76 1
151 76 1
4056 76 1
841 76 1
339 76 1
41 76 1
3503 76 1
24 77 1
694 77 1
1658 77 1
627 77 1
4059 77 1
14 77 1
1692 77 1
59 77 1
1233 77 1
1423 77 1
4162 77 1
0 77 1
3327 77 1
90 77 1
2051 77 1
618 77 1
160 77 1
2657 77 1
3215 77 1
2 77 1
1 77 1
23 77 1
687 77 1
3770 77 1
529 77 1
3555 77 1
62 77 1
2170 77 1
309 77 1
202 77 1
997 77 1
91 77 1
2381 77 1
1579 77 1
32 77 1
506 77 1
1187 77 1
277 77 1
1644 77 1
148 77 1
3662 77 1
154 77 1
2231 77 1
651 77 1
358 77 1
2031 77 1
3429 77 1
2633 77 1
4072 77 1
349 77 1
3622 77 1
1010 77 1
2162 77 1
3222 77 1
1949 77 1
2583 77 1
2681 77 1
646 77 1
3190 77 1
7 77 1
2305 77 1
3105 77 1
551 77 1
4022 77 1
482 77 1
124 77 1
3 77 1
1961 77 1
1405 77 1
2495 77 1
3890 77 1
567 77 1
171 77 1
951 77 1
97 77 1
1698 77 1
2659 77 1
2126 77 1
1328 77 1
253 77 1
1146 77 1
2640 77 1
1 77 1
391 77 1
260 77 1
1533 77 1
0 77 1
90 77 1
7 77 1
0 77 1
2311 77 1
730 77 1
63 77 1
3171 77 1
901 77 1
4064 77 1
885 77 1
3327 77 1
3018 77 1
3491 77 1
55 77 1
3340 77 1
2535 77 1
733 77 1
315 77 1
46 77 1
2582 77 1
237 77 1
449 77 1
4185 77 1
265 77 1
756 77 1
3039 77 1
107 77 1
373 77 1
2138 77 1
341 77 1
1 77 1
88 77 1
829 77 1
1713 77 1
2245 77 1
990 77 1
3918 77 1
198 77 1
50 77 1
110 77 1
556 77 1
2853 77 1
953 77 1
1018 77 1
3562 77 1
1385 77 1
3384 77 1
1608 77 1
3112 77 1
2036 77 1
2565 77 1
764 77 1
3177 77 1
2317 77 1
453 77 1
404 77 1
37 77 1
1259 77 1
92 77 1
3839 77 1
342 77 1
253 77 1
1405 77 1
1131 77 1
2594 77 1
30 77 1
176 78 1
2104 78 1
19 78 1
3322 78 1
2509 78 1
422 78 1
204 78 1
880 78 1
3198 78 1
3030 78 1
3736 78 1
336 78 1
1461 78 1
1198 78 1
4175 78 1
484 78 1
2329 78 1
2975 78 1
118 78 1
53 78 1
3350 78 1
1619 78 1
4202 78 1
2808 78 1
1081 78 1
3634 78 1
16 78 1
9 78 1
555 78 1
1781 78 1
912 78 1
2195 78 1
849 78 1
1398 78 1
1082 78 1
549 78 1
143 78 1
2422 78 1
186 78 1
766 78 1
584 78 1
1567 78 1
739 78 1
1532 78 1
139 78 1
5 78 1
217 78 1
430 78 1
3735 78 1
25 78 1
3882 78 1
160 78 1
739 78 1
202 78 1
3238 78 1
3 78 1
522 78 1
1972 78 1
176 78 1
3309 78 1
32 78 1
1963 78 1
3049 78 1
2449 78 1
1489 78 1
3686 78 1
4029 78 1
1865 78 1
1741 78 1
431 78 1
2382 78 1
35 78 1
2078 78 1
12 78 1
764 78 1
4001 78 1
758 78 1
1457 78 1
3574 78 1
1651 78 1
1471 78 1
3423 78 1
1978 78 1
624 78 1
1767 78 1
825 78 1
350 78 1
36 78 1
392 78 1
219 78 1
592 78 1
1229 78 1
97 78 1
1562 78 1
2272 78 1
30 78 1
18 78 1
62 78 1
158 78 1
707 78 1
3485 78 1
1923 78 1
1973 78 1
766 78 1
379 78 1
53 78 1
2157 78 1
1333 78 1
864 78 1
4191 78 1
118 78 1
2826 78 1
4039 78 1
368 78 1
206 78 1
258 78 1
3530 78 1
244 78 1
914 78 1
2 78 1
2733 78 1
1407 78 1
1596 78 1
2090 78 1
1178 78 1
75 78 1
2122 78 1
635 78 1
396 78 1
1905 78 1
268 78 1
2872 78 1
534 78 1
83 78 1
2 78 1
688 78 1
2555 78 1
1907 78 1
917 78 1
21 78 1
4026 78 1
2432 78 1
1574 78 1
138 78 1
454 78 1
2950 78 1
1813 78 1
5 78 1
4101 78 1
116 78 1
708 78 1
353 78 1
78 78 1
653 79 1
462 79 1
2956 79 1
3600 79 1
4169 79 1
0 79 1
42 79 1
2469 79 1
892 79 1
1401 79 1
185 79 1
192 79 1
238 79 1
2520 79 1
390 79 1
889 79 1
541 79 1
1746 79 1
2385 79 1
2929 79 1
242 79 1
5 79 1
526 79 1
906 79 1
995 79 1
2949 79 1
3883 79 1
1655 79 1
36 79 1
1663 79 1
577 79 1
3721 79 1
2480 79 1
2 79 1
35 79 1
3250 79 1
9 79 1
943 79 1
0 79 1
1030 79 1
82 79 1
1899 79 1
1833 79 1
1909 79 1
3006 79 1
2249 79 1
0 79 1
368 79 1
1528 79 1
851 79 1
1791 79 1
323 79 1
1756 79 1
545 79 1
712 79 1
3255 79 1
2453 79 1
31 79 1
664 79 1
3473 79 1
474 79 1
248 79 1
1299 79 1
12 79 1
2278 79 1
1105 79 1
3271 79 1
241 79 1
1764 79 1
460 79 1
2557 79 1
671 79 1
46 79 1
1657 79 1
1583 79 1
68 79 1
3862 79 1
67 79 1
150 79 1
3563 79 1
3054 79 1
1009 79 1
3329 79 1
870 79 1
888 79 1
10 79 1
2544 79 1
115 79 1
39 79 1
1427 79 1
4094 79 1
122 79 1
627 79 1
1013 79 1
4156 79 1
28 79 1
2850 79 1
3 79 1
349 79 1
2729 79 1
692 79 1
2356 79 1
3247 79 1
4147 79 1
493 79 1
493 79 1
453 79 1
1176 79 1
3951 79 1
2725 79 1
2838 79 1
3476 79 1
1431 79 1
4072 79 1
1497 79 1
4030 79 1
1508 79 1
91 79 1
1812 79 1
193 79 1
839 79 1
874 79 1
1887 79 1
25 79 1
356 79 1
420 79 1
665 79 1
1598 79 1
3601 79 1
1939 79 1
2204 79 1
4149 79 1
2315 79 1
25 79 1
170 79 1
2030 79 1
3422 79 1
405 79 1
1811 79 1
616 79 1
14 79 1
327 79 1
878 79 1
262 79 1
2034 79 1
1575 79 1
1176 79 1
742 79 1
3229 79 1
3221 79 1
29 79 1
3125 79 1
710 79 1
2635 80 1
3026 80 1
1698 80 1
336 80 1
2793 80 1
1095 80 1
1499 80 1
1242 80 1
3728 80 1
3582 80 1
1713 80 1
3118 80 1
42 80 1
4079 80 1
2905 80 1
3 80 1
2563 80 1
237 80 1
1052 80 1
2582 80 1
594 80 1
170 80 1
1756 80 1
428 80 1
1235 80 1
3460 80 1
69 80 1
975 80 1
316 80 1
42 80 1
1120 80 1
298 80 1
1500 80 1
2535 80 1
873 80 1
1987 80 1
33 80 1
1214 80 1
943 80 1
669 80 1
1671 80 1
387 80 1
526 80 1
2171 80 1
233 80 1
4197 80 1
26 80 1
1929 80 1
158 80 1
2663 80 1
3336 80 1
1190 80 1
2921 80 1
3778 80 1
124 80 1
1 80 1
76 80 1
2242 80 1
2562 80 1
216 80 1
169 80 1
2326 80 1
1980 80 1
1172 80 1
159 80 1
2094 80 1
3864 80 1
26 80 1
871 80 1
797 80 1
60 80 1
324 80 1
1660 80 1
2168 80 1
40 80 1
1964 80 1
1715 80 1
225 80 1
4204 80 1
466 80 1
1189 80 1
2125 80 1
3695 80 1
1937 80 1
1071 80 1
835 80 1
3630 80 1
3 80 1
754 80 1
369 80 1
163 80 1
791 80 1
210 80 1
111 80 1
1075 80 1
722 80 1
4106 80 1
1207 80 1
3859 80 1
3337 80 1
6 80 1
576 80 1
2112 80 1
490 80 1
681 80 1
1047 80 1
2796 80 1
674 80 1
844 80 1
3953 80 1
19 80 1
4150 80 1
310 80 1
953 80 1
3623 80 1
1664 80 1
343 80 1
183 80 1
685 80 1
3593 80 1
1541 80 1
19 80 1
26 80 1
150 80 1
2295 80 1
1951 80 1
2394 80 1
478 80 1
1248 80 1
6 80 1
2544 80 1
1965 80 1
23 80 1
1956 80 1
2345 80 1
1840 80 1
533 80 1
1553 80 1
176 80 1
1631 80 1
687 80 1
3277 80 1
2256 80 1
0 80 1
857 80 1
2867 80 1
428 80 1
2723 80 1
528 80 1
548 80 1
34 80 1
202 80 1
9 80 1
2251 81 1
2045 81 1
2226 81 1
2637 81 1
23 81 1
916 81 1
1156 81 1
250 81 1
3332 81 1
61 81 1
1563 81 1
201 81 1
3737 81 1
183 81 1
1888 81 1
1990 81 1
40 81 1
2167 81 1
1769 81 1
523 81 1
250 81 1
4164 81 1
125 81 1
1116 81 1
47 81 1
70 81 1
142 81 1
497 81 1
3711 81 1
1003 81 1
880 81 1
1028 81 1
32 81 1
3488 81 1
1434 81 1
21 81 1
3406 81 1
465 81 1
39 81 1
690 81 1
254 81 1
764 81 1
2759 81 1
3425 81 1
295 81 1
1518 81 1
141 81 1
1730 81 1
4176 81 1
0 81 1
1295 81 1
1426 81 1
282 81 1
2923 81 1
1869 81 1
634 81 1
4122 81 1
1285 81 1
1815 81 1
260 81 1
693 81 1
1189 81 1
2057 81 1
2 81 1
460 81 1
181 81 1
3134 81 1
2084 81 1
514 81 1
7 81 1
136 81 1
73 81 1
2772 81 1
88 81 1
1788 81 1
466 81 1
1013 81 1
763 81 1
1771 81 1
1253 81 1
33 81 1
933 81 1
2835 81 1
4124 81 1
3877 81 1
883 81 1
216 81 1
2349 81 1
1336 81 1
29 81 1
1494 81 1
1796 81 1
2022 81 1
279 81 1
59 81 1
2083 81 1
872 81 1
4 81 1
402 81 1
1565 81 1
1673 81 1
3061 81 1
378 81 1
634 81 1
1489 81 1
646 81 1
3589 81 1
4081 81 1
1093 81 1
3875 81 1
1291 81 1
226 81 1
3542 81 1
1088 81 1
107 81 1
2679 81 1
339 81 1
3294 81 1
4009 81 1
2146 81 1
1038 81 1
192 81 1
100 81 1
95 81 1
280 81 1
375 81 1
2009 81 1
3474 81 1
1 81 1
192 81 1
1255 81 1
3257 81 1
3387 81 1
2762 81 1
2839 81 1
599 81 1
3838 81 1
138 81 1
10 81 1
1554 81 1
3057 81 1
1512 81 1
358 81 1
3421 81 1
451 81 1
4044 81 1
14 81 1
3609 81 1
265 81 1
81 81 1
96 81 1
579 81 1
107 81 1
12 82 1
998 82 1
666 82 1
3338 82 1
12 82 1
461 82 1
968 82 1
2853 82 1
311 82 1
137 82 1
852 82 1
1767 82 1
833 82 1
1132 82 1
1136 82 1
838 82 1
14 82 1
3472 82 1
1110 82 1
2370 82 1
4198 82 1
3679 82 1
2934 82 1
1142 82 1
322 82 1
170 82 1
1179 82 1
3580 82 1
69 82 1
83 82 1
351 82 1
3903 82 1
3208 82 1
1536 82 1
222 82 1
346 82 1
1539 82 1
48 82 1
345 82 1
5 82 1
124 82 1
252 82 1
14 82 1
630 82 1
2814 82 1
3498 82 1
3563 82 1
1952 82 1
433 82 1
158 82 1
2797 82 1
465 82 1
4184 82 1
3814 82 1
268 82 1
1300 82 1
3600 82 1
3355 82 1
910 82 1
2118 82 1
1755 82 1
1645 82 1
331 82 1
81 82 1
3634 82 1
133 82 1
2937 82 1
1060 82 1
14 82 1
1246 82 1
1489 82 1
387 82 1
149 82 1
3202 82 1
120 82 1
0 82 1
478 82 1
2613 82 1
3151 82 1
1909 82 1
604 82 1
1453 82 1
51 82 1
6 82 1
46 82 1
1695 82 1
1628 82 1
2461 82 1
10 82 1
3888 82 1
688 82 1
586 82 1
23 82 1
0 82 1
932 82 1
265 82 1
3047 82 1
2637 82 1
27 82 1
438 82 1
2164 82 1
407 82 1
1 82 1
31 82 1
4155 82 1
3377 82 1
110 82 1
562 82 1
1417 82 1
2236 82 1
2036 82 1
2132 82 1
2295 82 1
1712 82 1
2935 82 1
95 82 1
346 82 1
267 82 1
74 82 1
263 82 1
718 82 1
1280 82 1
1 82 1
95 82 1
1424 82 1
101 82 1
2448 82 1
1873 82 1
76 82 1
1571 82 1
1168 82 1
1047 82 1
3500 82 1
2925 82 1
2691 82 1
730 82 1
1613 82 1
2883 82 1
130 82 1
3848 82 1
922 82 1
243 82 1
2741 82 1
1058 82 1
1409 82 1
0 82 1
1178 82 1
2894 82 1
2655 82 1
2021 82 1
188 82 1
226 82 1
3771 82 1
564 83 1
4 83 1
662 83 1
296 83 1
1518 83 1
2267 83 1
409 83 1
3618 83 1
4125 83 1
1126 83 1
789 83 1
0 83 1
1483 83 1
1827 83 1
3324 83 1
172 83 1
17 83 1
1055 83 1
517 83 1
319 83 1
642 83 1
3138 83 1
3442 83 1
12 83 1
3553 83 1
689 83 1
292 83 1
2 83 1
4172 83 1
957 83 1
10 83 1
758 83 1
2078 83 1
1836 83 1
2119 83 1
0 83 1
776 83 1
101 83 1
2642 83 1
387 83 1
2876 83 1
459 83 1
1284 83 1
727 83 1
3479 83 1
3862 83 1
3527 83 1
12 83 1
3574 83 1
346 83 1
3111 83 1
106 83 1
2227 83 1
3640 83 1
22 83 1
702 83 1
883 83 1
1693 83 1
1770 83 1
1056 83 1
3571 83 1
40 83 1
436 83 1
3444 83 1
30 83 1
549 83 1
2849 83 1
21 83 1
318 83 1
828 83 1
13 83 1
193 83 1
1929 83 1
1316 83 1
1411 83 1
438 83 1
2567 83 1
3310 83 1
428 83 1
773 83 1
38 83 1
3437 83 1
73 83 1
1377 83 1
3701 83 1
2164 83 1
787 83 1
1623 83 1
1050 83 1
2715 83 1
32 83 1
1452 83 1
30 83 1
2768 83 1
1087 83 1
4150 83 1
3806 83 1
2621 83 1
2340 83 1
2651 83 1
102 83 1
1910 83 1
1402 83 1
3063 83 1
0 83 1
173 83 1
146 83 1
976 83 1
1432 83 1
3062 83 1
1348 83 1
1674 83 1
10 83 1
107 83 1
2812 83 1
2205 83 1
25 83 1
2418 83 1
1080 83 1
585 83 1
1940 83 1
500 83 1
57 83 1
1619 83 1
2464 83 1
591 83 1
2321 83 1
1706 83 1
3054 83 1
157 83 1
0 83 1
2211 83 1
4123 83 1
2874 83 1
2998 83 1
581 83 1
1825 83 1
182 83 1
619 83 1
1446 83 1
580 83 1
1391 83 1
2860 83 1
3343 83 1
1 83 1
73 83 1
2879 83 1
115 83 1
314 83 1
1889 83 1
3736 83 1
110 83 1
3091 83 1
20 84 1
3782 84 1
2977 84 1
1329 84 1
1798 84 1
1416 84 1
28 84 1
29 84 1
1156 84 1
3757 84 1
1360 84 1
839 84 1
94 84 1
2127 84 1
2080 84 1
792 84 1
3816 84 1
2717 84 1
225 84 1
1393 84 1
792 84 1
2750 84 1
4193 84 1
953 84 1
81 84 1
740 84 1
34 84 1
698 84 1
3208 84 1
4157 84 1
37 84 1
633 84 1
2073 84 1
4053 84 1
1227 84 1
451 84 1
0 84 1
948 84 1
1032 84 1
3078 84 1
924 84 1
857 84 1
78 84 1
2485 84 1
3779 84 1
8 84 1
1237 84 1
827 84 1
441 84 1
3696 84 1
28 84 1
2336 84 1
3347 84 1
3 84 1
3707 84 1
210 84 1
3726 84 1
2367 84 1
398 84 1
38 84 1
35 84 1
1840 84 1
9 84 1
915 84 1
1836 84 1
27 84 1
3975 84 1
18 84 1
336 84 1
2587 84 1
3221 84 1
1055 84 1
211 84 1
2099 84 1
1264 84 1
1456 84 1
2596 84 1
147 84 1
605 84 1
3766 84 1
1501 84 1
288 84 1
3682 84 1
1045 84 1
2325 84 1
1347 84 1
3657 84 1
316 84 1
508 84 1
2553 84 1
590 84 1
291 84 1
493 84 1
301 84 1
16 84 1
57 84 1
3094 84 1
1739 84 1
29 84 1
745 84 1
20 84 1
3295 84 1
2415 84 1
2960 84 1
1976 84 1
163 84 1
1419 84 1
2556 84 1
1922 84 1
1976 84 1
328 84 1
1141 84 1
351 84 1
3960 84 1
28 84 1
475 84 1
584 84 1
1083 84 1
67 84 1
199 84 1
332 84 1
1266 84 1
2315 84 1
44 84 1
625 84 1
1008 84 1
145 84 1
6 84 1
316 84 1
1203 84 1
2204 84 1
904 84 1
2611 84 1
713 84 1
2157 84 1
16 84 1
680 84 1
263 84 1
1023 84 1
1840 84 1
2814 84 1
4121 84 1
1167 84 1
1002 84 1
148 84 1
3973 84 1
3650 84 1
2019 84 1
1800 84 1
1570 84 1
254 84 1
205 84 1
1096 84 1
607 85 1
27 85 1
2045 85 1
2029 85 1
730 85 1
516 85 1
599 85 1
1717 85 1
1973 85 1
1127 85 1
749 85 1
305 85 1
1701 85 1
1169 85 1
3343 85 1
110 85 1
3768 85 1
4024 85 1
374 85 1
3064 85 1
1869 85 1
2478 85 1
532 85 1
218 85 1
1497 85 1
560 85 1
2300 85 1
2102 85 1
3824 85 1
335 85 1
1033 85 1
1348 85 1
2603 85 1
1 85 1
142 85 1
2140 85 1
1450 85 1
1303 85 1
150 85 1
3353 85 1
3048 85 1
2609 85 1
2060 85 1
1345 85 1
3787 85 1
987 85 1
338 85 1
139 85 1
10 85 1
3965 85 1
75 85 1
1614 85 1
3296 85 1
3598 85 1
2575 85 1
107 85 1
2095 85 1
4066 85 1
3264 85 1
70 85 1
0 85 1
48 85 1
146 85 1
1461 85 1
2391 85 1
241 85 1
956 85 1
1878 85 1
1896 85 1
2481 85 1
2678 85 1
1412 85 1
54 85 1
250 85 1
376 85 1
838 85 1
3400 85 1
1950 85 1
2609 85 1
3184 85 1
4104 85 1
84 85 1
1323 85 1
1202 85 1
135 85 1
1441 85 1
3448 85 1
2007 85 1
274 85 1
447 85 1
142 85 1
1704 85 1
173 85 1
2797 85 1
3305 85 1
576 85 1
342 85 1
1782 85 1
532 85 1
2301 85 1
1001 85 1
3052 85 1
71 85 1
789 85 1
300 85 1
3494 85 1
1470 85 1
1819 85 1
99 85 1
3550 85 1
3 85 1
62 85 1
21 85 1
3276 85 1
990 85 1
3146 85 1
3915 85 1
2130 85 1
622 85 1
1475 85 1
67 85 1
222 85 1
830 85 1
31 85 1
311 85 1
28 85 1
1029 85 1
14 85 1
233 85 1
2457 85 1
85 85 1
1070 85 1
686 85 1
1187 85 1
906 85 1
3171 85 1
3383 85 1
277 85 1
36 85 1
294 85 1
413 85 1
3825 85 1
1352 85 1
2126 85 1
18 85 1
13 85 1
323 85 1
3175 85 1
5 85 1
1238 85 1
2958 85 1
981 85 1
391 85 1
385 86 1
211 86 1
117 86 1
553 86 1
1082 86 1
1829 86 1
2017 86 1
1468 86 1
212 86 1
1557 86 1
852 86 1
1303 86 1
1261 86 1
1851 86 1
3337 86 1
779 86 1
261 86 1
80 86 1
503 86 1
1267 86 1
461 86 1
2104 86 1
346 86 1
417 86 1
898 86 1
3634 86 1
215 86 1
1470 86 1
2217 86 1
4134 86 1
2767 86 1
3329 86 1
3857 86 1
199 86 1
72 86 1
511 86 1
3633 86 1
1947 86 1
162 86 1
891 86 1
1671 86 1
14 86 1
2018 86 1
734 86 1
2003 86 1
124 86 1
1146 86 1
1778 86 1
2140 86 1
774 86 1
135 86 1
998 86 1
3603 86 1
3666 86 1
3187 86 1
387 86 1
1433 86 1
911 86 1
2040 86 1
903 86 1
152 86 1
58 86 1
242 86 1
314 86 1
27 86 1
1964 86 1
125 86 1
321 86 1
655 86 1
1314 86 1
3514 86 1
83 86 1
2239 86 1
66 86 1
1332 86 1
30 86 1
3545 86 1
3026 86 1
701 86 1
73 86 1
291 86 1
653 86 1
166 86 1
1039 86 1
1880 86 1
2153 86 1
1200 86 1
1511 86 1
329 86 1
195 86 1
3366 86 1
341 86 1
2759 86 1
3490 86 1
268 86 1
1267 86 1
96 86 1
2837 86 1
890 86 1
1307 86 1
0 86 1
8 86 1
1896 86 1
3707 86 1
199 86 1
751 86 1
406 86 1
1192 86 1
78 86 1
239 86 1
706 86 1
4073 86 1
3071 86 1
287 86 1
562 86 1
1009 86 1
53 86 1
238 86 1
1720 86 1
862 86 1
3880 86 1
2593 86 1
4179 86 1
1604 86 1
1417 86 1
2972 86 1
410 86 1
3230 86 1
2195 86 1
3822 86 1
80 86 1
719 86 1
1107 86 1
332 86 1
2305 86 1
4048 86 1
33 86 1
47 86 1
1386 86 1
38 86 1
1379 86 1
2419 86 1
1908 86 1
8 86 1
1414 86 1
16 86 1
118 86 1
125 86 1
2416 86 1
107 86 1
2853 86 1
179 86 1
1413 86 1
2209 87 1
341 87 1
3003 87 1
645 87 1
2499 87 1
3331 87 1
831 87 1
2181 87 1
3082 87 1
2559 87 1
1316 87 1
2030 87 1
308 87 1
197 87 1
3870 87 1
3636 87 1
78 87 1
774 87 1
3315 87 1
234 87 1
694 87 1
4017 87 1
208 87 1
1784 87 1
1079 87 1
150 87 1
1580 87 1
41 87 1
0 87 1
477 87 1
3867 87 1
1525 87 1
558 87 1
3431 87 1
454 87 1
4199 87 1
5 87 1
3536 87 1
2591 87 1
210 87 1
2304 87 1
251 87 1
58 87 1
1780 87 1
2391 87 1
4018 87 1
706 87 1
1123 87 1
801 87 1
3870 87 1
3081 87 1
462 87 1
518 87 1
675 87 1
519 87 1
1763 87 1
1076 87 1
1978 87 1
429 87 1
1920 87 1
62 87 1
1558 87 1
2314 87 1
301 87 1
3588 87 1
4092 87 1
8 87 1
433 87 1
206 87 1
91 87 1
495 87 1
521 87 1
1 87 1
1109 87 1
207 87 1
3635 87 1
650 87 1
10 87 1
1 87 1
437 87 1
2784 87 1
3122 87 1
622 87 1
0 87 1
992 87 1
505 87 1
176 87 1
432 87 1
1362 87 1
422 87 1
1269 87 1
11 87 1
574 87 1
1012 87 1
165 87 1
958 87 1
3485 87 1
889 87 1
803 87 1
2936 87 1
674 87 1
769 87 1
1817 87 1
144 87 1
164 87 1
1956 87 1
15 87 1
1874 87 1
3752 87 1
1667 87 1
937 87 1
3235 87 1
1574 87 1
1191 87 1
111 87 1
3157 87 1
264 87 1
2777 87 1
3 87 1
125 87 1
578 87 1
3683 87 1
2087 87 1
207 87 1
103 87 1
142 87 1
224 87 1
193 87 1
3420 87 1
13 87 1
288 87 1
1821 87 1
389 87 1
731 87 1
259 87 1
141 87 1
2306 87 1
1635 87 1
363 87 1
23 87 1
2514 87 1
2428 87 1
522 87 1
4071 87 1
366 87 1
8 87 1
1055 87 1
2922 87 1
3701 87 1
2071 87 1
1344 87 1
877 87 1
2614 87 1
931 88 1
3216 88 1
6 88 1
3440 88 1
217 88 1
3601 88 1
137 88 1
4043 88 1
154 88 1
1076 88 1
1363 88 1
306 88 1
3062 88 1
2103 88 1
85 88 1
2733 88 1
929 88 1
2776 88 1
116 88 1
8 88 1
4130 88 1
3566 88 1
1730 88 1
1530 88 1
845 88 1
2530 88 1
3675 88 1
477 88 1
158 88 1
2829 88 1
299 88 1
18 88 1
2277 88 1
2547 88 1
3273 88 1
1629 88 1
4131 88 1
1373 88 1
276 88 1
899 88 1
82 88 1
1670 88 1
774 88 1
4160 88 1
285 88 1
454 88 1
3322 88 1
3416 88 1
2728 88 1
2773 88 1
318 88 1
244 88 1
3850 88 1
64 88 1
527 88 1
778 88 1
64 88 1
2955 88 1
2849 88 1
34 88 1
2474 88 1
258 88 1
462 88 1
3189 88 1
958 88 1
2441 88 1
71 88 1
3221 88 1
237 88 1
317 88 1
2351 88 1
473 88 1
124 88 1
3868 88 1
3548 88 1
1160 88 1
2122 88 1
516 88 1
861 88 1
2461 88 1
104 88 1
817 88 1
1153 88 1
576 88 1
959 88 1
793 88 1
2448 88 1
1312 88 1
27 88 1
3607 88 1
383 88 1
515 88 1
52 88 1
137 88 1
19 88 1
1155 88 1
2396 88 1
13 88 1
3838 88 1
782 88 1
2215 88 1
305 88 1
4178 88 1
1744 88 1
1809 88 1
38 88 1
844 88 1
0 88 1
6 88 1
140 88 1
1018 88 1
846 88 1
1000 88 1
1522 88 1
995 88 1
3808 88 1
41 88 1
790 88 1
2228 88 1
3953 88 1
1505 88 1
1583 88 1
3509 88 1
2568 88 1
200 88 1
962 88 1
1616 88 1
1886 88 1
1067 88 1
243 88 1
1802 88 1
12 88 1
130 88 1
101 88 1
2473 88 1
1397 88 1
260 88 1
1344 88 1
2583 88 1
2661 88 1
3161 88 1
1104 88 1
675 88 1
918 88 1
3227 88 1
1195 88 1
162 88 1
1244 88 1
77 88 1
1113 88 1
460 88 1
394 88 1
2261 88 1
1 89 1
3079 89 1
1229 89 1
1183 89 1
1971 89 1
9 89 1
2376 89 1
5 89 1
178 89 1
3183 89 1
2389 89 1
1986 89 1
2547 89 1
4055 89 1
1433 89 1
1872 89 1
4054 89 1
584 89 1
94 89 1
695 89 1
277 89 1
722 89 1
3638 89 1
16 89 1
101 89 1
5 89 1
3940 89 1
3292 89 1
125 89 1
1116 89 1
8 89 1
4089 89 1
1676 89 1
2 89 1
3305 89 1
2551 89 1
8 89 1
2638 89 1
3258 89 1
291 89 1
700 89 1
2022 89 1
688 89 1
0 89 1
816 89 1
1649 89 1
1805 89 1
178 89 1
181 89 1
2944 89 1
811 89 1
763 89 1
3100 89 1
233 89 1
158 89 1
2020 89 1
1552 89 1
169 89 1
2194 89 1
1870 89 1
1969 89 1
974 89 1
177 89 1
2016 89 1
2944 89 1
3255 89 1
937 89 1
562 89 1
4022 89 1
982 89 1
171 89 1
3557 89 1
3317 89 1
1312 89 1
1872 89 1
3182 89 1
534 89 1
227 89 1
3329 89 1
308 89 1
320 89 1
1810 89 1
19 89 1
3335 89 1
3494 89 1
79 89 1
2458 89 1
1018 89 1
1108 89 1
0 89 1
114 89 1
242 89 1
1271 89 1
3386 89 1
1151 89 1
4054 89 1
45 89 1
3630 89 1
559 89 1
71 89 1
195 89 1
2745 89 1
798 89 1
714 89 1
2841 89 1
1423 89 1
3349 89 1
1025 89 1
263 89 1
217 89 1
3648 89 1
2847 89 1
3420 89 1
503 89 1
270 89 1
697 89 1
2925 89 1
2561 89 1
1832 89 1
275 89 1
1435 89 1
48 89 1
357 89 1
149 89 1
1970 89 1
367 89 1
490 89 1
295 89 1
3328 89 1
133 89 1
3403 89 1
624 89 1
1710 89 1
39 89 1
3998 89 1
3137 89 1
2248 89 1
6 89 1
3429 89 1
144 89 1
1030 89 1
3730 89 1
384 89 1
2590 89 1
687 89 1
824 89 1
2653 89 1
2348 89 1
234 89 1
2790 89 1
626 89 1
147 89 1
3 89 1
0 90 1
2359 90 1
573 90 1
1781 90 1
3743 90 1
1658 90 1
3084 90 1
2553 90 1
1077 90 1
3956 90 1
293 90 1
2317 90 1
679 90 1
153 90 1
2024 90 1
3888 90 1
2567 90 1
752 90 1
380 90 1
1992 90 1
1913 90 1
1435 90 1
1116 90 1
251 90 1
3158 90 1
2567 90 1
1401 90 1
330 90 1
1553 90 1
0 90 1
3735 90 1
1238 90 1
763 90 1
1425 90 1
320 90 1
2274 90 1
207 90 1
947 90 1
4102 90 1
2215 90 1
1309 90 1
411 90 1
821 90 1
2610 90 1
3448 90 1
0 90 1
3299 90 1
3898 90 1
2728 90 1
4071 90 1
1789 90 1
2913 90 1
78 90 1
676 90 1
1998 90 1
1055 90 1
3678 90 1
1894 90 1
386 90 1
2969 90 1
239 90 1
322 90 1
1467 90 1
1323 90 1
401 90 1
1967 90 1
2094 90 1
12 90 1
859 90 1
112 90 1
191 90 1
102 90 1
3561 90 1
142 90 1
2038 90 1
34 90 1
539 90 1
30 90 1
2754 90 1
3863 90 1
4031 90 1
0 90 1
2802 90 1
1895 90 1
2025 90 1
1854 90 1
1426 90 1
2829 90 1
2709 90 1
364 90 1
1324 90 1
3610 90 1
384 90 1
2962 90 1
2751 90 1
1699 90 1
1235 90 1
3660 90 1
3202 90 1
3573 90 1
1674 90 1
1568 90 1
377 90 1
4066 90 1
3520 90 1
26 90 1
401 90 1
576 90 1
13 90 1
587 90 1
7 90 1
1682 90 1
425 90 1
59 90 1
80 90 1
1273 90 1
22 90 1
3744 90 1
1380 90 1
4044 90 1
3400 90 1
888 90 1
0 90 1
3 90 1
441 90 1
1777 90 1
659 90 1
98 90 1
49 90 1
142 90 1
880 90 1
1839 90 1
244 90 1
1641 90 1
38 90 1
1063 90 1
56 90 1
1116 90 1
1223 90 1
2146 90 1
1845 90 1
1057 90 1
583 90 1
2098 90 1
3932 90 1
1111 90 1
482 90 1
216 90 1
135 90 1
213 90 1
539 90 1
4016 90 1
694 90 1
1460 91 1
260 91 1
1521 91 1
3353 91 1
4165 91 1
659 91 1
718 91 1
836 91 1
881 91 1
1649 91 1
0 91 1
3289 91 1
1201 91 1
3754 91 1
3875 91 1
3 91 1
2775 91 1
3337 91 1
2088 91 1
193 91 1
2069 91 1
801 91 1
194 91 1
179 91 1
1801 91 1
4001 91 1
3005 91 1
1325 91 1
2662 91 1
435 91 1
1544 91 1
262 91 1
92 91 1
127 91 1
128 91 1
2 91 1
266 91 1
2021 91 1
340 91 1
117 91 1
53 91 1
16 91 1
3150 91 1
2815 91 1
0 91 1
742 91 1
5 91 1
37 91 1
109 91 1
1916 91 1
2214 91 1
811 91 1
3570 91 1
1835 91 1
358 91 1
3254 91 1
76 91 1
0 91 1
210 91 1
36 91 1
2794 91 1
27 91 1
101 91 1
425 91 1
16 91 1
3416 91 1
2458 91 1
1255 91 1
1009 91 1
2727 91 1
17 91 1
1181 91 1
4005 91 1
3624 91 1
1141 91 1
3 91 1
333 91 1
2001 91 1
1906 91 1
935 91 1
1204 91 1
310 91 1
1756 91 1
244 91 1
12 91 1
1006 91 1
2265 91 1
29 91 1
3233 91 1
1759 91 1
816 91 1
2671 91 1
1842 91 1
1754 91 1
3145 91 1
3254 91 1
1397 91 1
3859 91 1
252 91 1
2563 91 1
1986 91 1
2323 91 1
2966 91 1
1 91 1
709 91 1
15 91 1
2940 91 1
1323 91 1
2 91 1
1054 91 1
1630 91 1
518 91 1
23 91 1
963 91 1
103 91 1
2819 91 1
3360 91 1
1401 91 1
92 91 1
555 91 1
79 91 1
2836 91 1
276 91 1
2845 91 1
2323 91 1
0 91 1
356 91 1
1800 91 1
237 91 1
2464 91 1
52 91 1
3489 91 1
3190 91 1
1606 91 1
2930 91 1
2092 91 1
49 91 1
1967 91 1
829 91 1
496 91 1
116 91 1
111 91 1
1021 91 1
224 91 1
1016 91 1
1662 91 1
27 91 1
3554 91 1
97 91 1
52 91 1
15 91 1
198 91 1
91 91 1
1229 92 1
33 92 1
1149 92 1
329 92 1
114 92 1
2594 92 1
2790 92 1
15 92 1
833 92 1
1600 92 1
511 92 1
3515 92 1
1856 92 1
2954 92 1
1714 92 1
1010 92 1
343 92 1
3280 92 1
1820 92 1
2160 92 1
693 92 1
4058 92 1
3904 92 1
1093 92 1
1681 92 1
251 92 1
2773 92 1
1779 92 1
320 92 1
1800 92 1
19 92 1
595 92 1
710 92 1
1836 92 1
4111 92 1
210 92 1
4114 92 1
2284 92 1
2620 92 1
313 92 1
2861 92 1
2613 92 1
510 92 1
173 92 1
1763 92 1
2908 92 1
2026 92 1
1 92 1
3783 92 1
995 92 1
2263 92 1
3826 92 1
7 92 1
122 92 1
858 92 1
12 92 1
4 92 1
3581 92 1
1271 92 1
4084 92 1
2945 92 1
1 92 1
52 92 1
391 92 1
241 92 1
321 92 1
3628 92 1
2015 92 1
118 92 1
1829 92 1
718 92 1
1103 92 1
411 92 1
252 92 1
359 92 1
2351 92 1
409 92 1
2225 92 1
23 92 1
159 92 1
1269 92 1
141 92 1
26 92 1
11 92 1
830 92 1
162 92 1
2981 92 1
3601 92 1
114 92 1
1 92 1
10 92 1
234 92 1
442 92 1
380 92 1
505 92 1
1155 92 1
2940 92 1
6 92 1
875 92 1
203 92 1
3794 92 1
616 92 1
141 92 1
3642 92 1
755 92 1
1502 92 1
208 92 1
601 92 1
1018 92 1
2422 92 1
10 92 1
701 92 1
202 92 1
3827 92 1
1483 92 1
3786 92 1
3485 92 1
3500 92 1
537 92 1
163 92 1
671 92 1
564 92 1
1436 92 1
2499 92 1
2651 92 1
798 92 1
3228 92 1
3304 92 1
2363 92 1
3569 92 1
1262 92 1
640 92 1
1030 92 1
1636 92 1
3176 92 1
965 92 1
3275 92 1
2020 92 1
2588 92 1
847 92 1
1267 92 1
4 92 1
1 92 1
877 92 1
3968 92 1
229 92 1
190 92 1
2750 92 1
1039 92 1
2103 92 1
3492 92 1
3417 92 1
180 92 1
2 93 1
1317 93 1
2575 93 1
629 93 1
2872 93 1
6 93 1
3614 93 1
1416 93 1
2157 93 1
124 93 1
698 93 1
699 93 1
11 93 1
141 93 1
2538 93 1
3775 93 1
1057 93 1
262 93 1
1204 93 1
530 93 1
3012 93 1
952 93 1
88 93 1
120 93 1
2611 93 1
2664 93 1
2026 93 1
4161 93 1
86 93 1
1178 93 1
49 93 1
1851 93 1
802 93 1
1474 93 1
3601 93 1
582 93 1
334 93 1
1092 93 1
468 93 1
3800 93 1
191 93 1
319 93 1
2823 93 1
574 93 1
357 93 1
705 93 1
1481 93 1
569 93 1
1155 93 1
49 93 1
344 93 1
1203 93 1
1465 93 1
2028 93 1
1710 93 1
1 93 1
845 93 1
157 93 1
3365 93 1
1191 93 1
1381 93 1
279 93 1
254 93 1
2017 93 1
2260 93 1
3660 93 1
686 93 1
11 93 1
1622 93 1
3932 93 1
1234 93 1
1854 93 1
2149 93 1
2453 93 1
3608 93 1
3593 93 1
1722 93 1
883 93 1
1780 93 1
3880 93 1
2727 93 1
1614 93 1
822 93 1
681 93 1
241 93 1
3833 93 1
121 93 1
1485 93 1
2487 93 1
1411 93 1
130 93 1
446 93 1
1452 93 1
3665 93 1
192 93 1
312 93 1
1299 93 1
44 93 1
1728 93 1
4075 93 1
1720 93 1
1007 93 1
2504 93 1
2637 93 1
434 93 1
3615 93 1
425 93 1
3574 93 1
387 93 1
3105 93 1
943 93 1
10 93 1
1193 93 1
33 93 1
1549 93 1
20 93 1
256 93 1
755 93 1
766 93 1
4118 93 1
3464 93 1
75 93 1
3099 93 1
1136 93 1
118 93 1
3944 93 1
2724 93 1
637 93 1
49 93 1
110 93 1
479 93 1
917 93 1
1290 93 1
2508 93 1
424 93 1
858 93 1
949 93 1
598 93 1
3607 93 1
2091 93 1
925 93 1
14 93 1
29 93 1
1406 93 1
1614 93 1
34 93 1
21 93 1
523 93 1
2666 93 1
282 93 1
2832 93 1
347 93 1
2730 93 1
3562 94 1
2608 94 1
2111 94 1
2 94 1
1984 94 1
932 94 1
3430 94 1
2315 94 1
2196 94 1
3822 94 1
1316 94 1
3202 94 1
2 94 1
1770 94 1
4120 94 1
2072 94 1
2920 94 1
2105 94 1
1358 94 1
3448 94 1
2108 94 1
908 94 1
1605 94 1
2000 94 1
789 94 1
2573 94 1
996 94 1
2879 94 1
291 94 1
64 94 1
1043 94 1
3514 94 1
2572 94 1
472 94 1
3074 94 1
2143 94 1
750 94 1
3868 94 1
825 94 1
3286 94 1
2186 94 1
3112 94 1
2395 94 1
2339 94 1
2497 94 1
157 94 1
1292 94 1
2266 94 1
654 94 1
1229 94 1
0 94 1
159 94 1
680 94 1
113 94 1
3528 94 1
1126 94 1
1209 94 1
4003 94 1
306 94 1
264 94 1
2937 94 1
252 94 1
2144 94 1
2340 94 1
281 94 1
1615 94 1
158 94 1
253 94 1
1892 94 1
507 94 1
169 94 1
61 94 1
130 94 1
2552 94 1
324 94 1
1079 94 1
1553 94 1
680 94 1
3042 94 1
15 94 1
559 94 1
103 94 1
3346 94 1
25 94 1
4201 94 1
3305 94 1
3462 94 1
457 94 1
89 94 1
2134 94 1
240 94 1
34 94 1
4039 94 1
1743 94 1
926 94 1
1832 94 1
16 94 1
1041 94 1
274 94 1
46 94 1
3421 94 1
379 94 1
948 94 1
1928 94 1
770 94 1
557 94 1
3394 94 1
2 94 1
144 94 1
831 94 1
1951 94 1
2740 94 1
168 94 1
1242 94 1
3978 94 1
12 94 1
3773 94 1
3279 94 1
1129 94 1
7 94 1
3412 94 1
592 94 1
1437 94 1
576 94 1
421 94 1
3193 94 1
805 94 1
2345 94 1
2832 94 1
230 94 1
2 94 1
519 94 1
746 94 1
1961 94 1
684 94 1
274 94 1
370 94 1
399 94 1
791 94 1
568 94 1
72 94 1
578 94 1
1866 94 1
12 94 1
287 94 1
5 94 1
818 94 1
1931 94 1
804 94 1
3498 94 1
2867 94 1
129 94 1
3204 94 1
2120 95 1
373 95 1
68 95 1
139 95 1
3433 95 1
211 95 1
409 95 1
1339 95 1
1084 95 1
1161 95 1
341 95 1
490 95 1
9 95 1
115 95 1
603 95 1
375 95 1
587 95 1
496 95 1
39 95 1
29 95 1
3914 95 1
366 95 1
2236 95 1
51 95 1
4090 95 1
270 95 1
3322 95 1
706 95 1
1298 95 1
528 95 1
3305 95 1
1934 95 1
64 95 1
2702 95 1
985 95 1
924 95 1
3812 95 1
438 95 1
960 95 1
857 95 1
384 95 1
962 95 1
4 95 1
2908 95 1
2028 95 1
275 95 1
3923 95 1
127 95 1
2764 95 1
127 95 1
407 95 1
708 95 1
79 95 1
164 95 1
687 95 1
409 95 1
226 95 1
3 95 1
770 95 1
97 95 1
103 95 1
76 95 1
30 95 1
233 95 1
1916 95 1
1320 95 1
1885 95 1
791 95 1
930 95 1
2375 95 1
992 95 1
1 95 1
650 95 1
1537 95 1
3728 95 1
0 95 1
2264 95 1
1992 95 1
3451 95 1
1089 95 1
371 95 1
208 95 1
1114 95 1
2135 95 1
116 95 1
1051 95 1
898 95 1
3326 95 1
414 95 1
1291 95 1
1931 95 1
3042 95 1
92 95 1
182 95 1
3262 95 1
522 95 1
2024 95 1
1 95 1
4138 95 1
3140 95 1
3102 95 1
1647 95 1
529 95 1
182 95 1
64 95 1
2 95 1
3032 95 1
1854 95 1
2872 95 1
3896 95 1
3035 95 1
1 95 1
1379 95 1
587 95 1
785 95 1
1545 95 1
1322 95 1
1352 95 1
1276 95 1
1134 95 1
2876 95 1
633 95 1
2553 95 1
7 95 1
2103 95 1
3396 95 1
449 95 1
1104 95 1
426 95 1
11 95 1
1039 95 1
771 95 1
56 95 1
2149 95 1
170 95 1
837 95 1
67 95 1
19 95 1
2728 95 1
426 95 1
1831 95 1
400 95 1
693 95 1
264 95 1
490 95 1
2543 95 1
140 95 1
562 95 1
2812 95 1
2170 95 1
2379 95 1
344 95 1
1900 95 1
140 96 1
1374 96 1
2806 96 1
2294 96 1
1377 96 1
578 96 1
2265 96 1
0 96 1
1320 96 1
1610 96 1
53 96 1
517 96 1
2973 96 1
2161 96 1
2296 96 1
4 96 1
1347 96 1
6 96 1
43 96 1
740 96 1
2639 96 1
1161 96 1
34 96 1
2 96 1
42 96 1
189 96 1
1322 96 1
148 96 1
1561 96 1
2462 96 1
98 96 1
1062 96 1
434 96 1
2392 96 1
3274 96 1
329 96 1
3342 96 1
700 96 1
385 96 1
1 96 1
118 96 1
699 96 1
269 96 1
3580 96 1
1954 96 1
251 96 1
152 96 1
2777 96 1
474 96 1
2417 96 1
299 96 1
52 96 1
2708 96 1
2799 96 1
323 96 1
1488 96 1
9 96 1
913 96 1
3670 96 1
2212 96 1
2953 96 1
1107 96 1
826 96 1
495 96 1
1428 96 1
2532 96 1
520 96 1
2146 96 1
851 96 1
4107 96 1
1239 96 1
7 96 1
1358 96 1
4165 96 1
0 96 1
2501 96 1
145 96 1
1164 96 1
2433 96 1
826 96 1
942 96 1
2398 96 1
1997 96 1
2011 96 1
331 96 1
3501 96 1
2642 96 1
1372 96 1
661 96 1
2270 96 1
1678 96 1
229 96 1
2389 96 1
967 96 1
456 96 1
3196 96 1
3152 96 1
3360 96 1
417 96 1
597 96 1
3136 96 1
882 96 1
1421 96 1
2168 96 1
1031 96 1
67 96 1
3511 96 1
1865 96 1
282 96 1
2844 96 1
50 96 1
3411 96 1
314 96 1
3249 96 1
3312 96 1
175 96 1
2079 96 1
912 96 1
343 96 1
2032 96 1
2159 96 1
195 96 1
10 96 1
24 96 1
1801 96 1
4110 96 1
748 96 1
167 96 1
796 96 1
84 96 1
209 96 1
15 96 1
38 96 1
1976 96 1
345 96 1
4 96 1
240 96 1
771 96 1
241 96 1
837 96 1
1575 96 1
3540 96 1
1288 96 1
3669 96 1
3116 96 1
292 96 1
5 96 1
2754 96 1
1597 96 1
1126 96 1
76 96 1
453 96 1
1629 96 1
1265 97 1
63 97 1
1653 97 1
1 97 1
2673 97 1
155 97 1
1819 97 1
2271 97 1
632 97 1
4088 97 1
18 97 1
757 97 1
2380 97 1
1586 97 1
140 97 1
2638 97 1
978 97 1
3113 97 1
4108 97 1
3538 97 1
9 97 1
1759 97 1
503 97 1
2404 97 1
3765 97 1
1881 97 1
2818 97 1
4074 97 1
181 97 1
944 97 1
1545 97 1
436 97 1
94 97 1
410 97 1
4170 97 1
2892 97 1
824 97 1
164 97 1
417 97 1
21 97 1
270 97 1
3908 97 1
590 97 1
1268 97 1
480 97 1
130 97 1
1177 97 1
851 97 1
3117 97 1
1034 97 1
3364 97 1
2268 97 1
2846 97 1
3307 97 1
1138 97 1
1632 97 1
2751 97 1
2762 97 1
62 97 1
612 97 1
504 97 1
467 97 1
222 97 1
1096 97 1
1246 97 1
2643 97 1
265 97 1
394 97 1
3661 97 1
1601 97 1
568 97 1
1837 97 1
664 97 1
965 97 1
778 97 1
1751 97 1
904 97 1
3559 97 1
340 97 1
1809 97 1
4182 97 1
1198 97 1
8 97 1
2342 97 1
55 97 1
664 97 1
2 97 1
854 97 1
2603 97 1
1851 97 1
3312 97 1
112 97 1
1642 97 1
2572 97 1
1387 97 1
2032 97 1
320 97 1
773 97 1
3898 97 1
957 97 1
1313 97 1
21 97 1
30 97 1
1498 97 1
240 97 1
2993 97 1
352 97 1
1031 97 1
2004 97 1
3434 97 1
159 97 1
1406 97 1
20 97 1
2250 97 1
3818 97 1
3884 97 1
3530 97 1
949 97 1
1875 97 1
80 97 1
1747 97 1
125 97 1
1483 97 1
21 97 1
0 97 1
1349 97 1
1113 97 1
19 97 1
2722 97 1
2 97 1
1771 97 1
500 97 1
204 97 1
4060 97 1
74 97 1
3775 97 1
910 97 1
47 97 1
1908 97 1
318 97 1
4151 97 1
1052 97 1
52 97 1
649 97 1
3477 97 1
2973 97 1
2980 97 1
17 97 1
0 97 1
3363 97 1
664 97 1
3342 97 1
2032 97 1
265 98 1
2541 98 1
1872 98 1
3555 98 1
602 98 1
3891 98 1
4017 98 1
2507 98 1
862 98 1
194 98 1
124 98 1
1341 98 1
7 98 1
370 98 1
134 98 1
1454 98 1
2704 98 1
1802 98 1
1513 98 1
3 98 1
185 98 1
735 98 1
2913 98 1
902 98 1
787 98 1
222 98 1
696 98 1
3383 98 1
647 98 1
1997 98 1
1052 98 1
338 98 1
204 98 1
319 98 1
373 98 1
561 98 1
286 98 1
161 98 1
82 98 1
3710 98 1
4158 98 1
602 98 1
533 98 1
2460 98 1
788 98 1
5 98 1
3646 98 1
835 98 1
3052 98 1
200 98 1
2793 98 1
2365 98 1
1008 98 1
1198 98 1
812 98 1
451 98 1
541 98 1
968 98 1
80 98 1
3994 98 1
5 98 1
27 98 1
4137 98 1
253 98 1
98 98 1
2254 98 1
927 98 1
165 98 1
1266 98 1
2168 98 1
8 98 1
215 98 1
159 98 1
955 98 1
29 98 1
110 98 1
1773 98 1
1045 98 1
3730 98 1
2135 98 1
88 98 1
3515 98 1
3071 98 1
234 98 1
2865 98 1
240 98 1
642 98 1
0 98 1
2850 98 1
1885 98 1
797 98 1
3173 98 1
56 98 1
176 98 1
1051 98 1
2303 98 1
1571 98 1
4007 98 1
2774 98 1
1128 98 1
291 98 1
695 98 1
1267 98 1
226 98 1
66 98 1
1932 98 1
100 98 1
1186 98 1
13 98 1
494 98 1
3280 98 1
3997 98 1
2748 98 1
50 98 1
0 98 1
582 98 1
1703 98 1
1962 98 1
1181 98 1
786 98 1
1039 98 1
11 98 1
4 98 1
2822 98 1
500 98 1
3971 98 1
2556 98 1
539 98 1
29 98 1
1249 98 1
3498 98 1
1260 98 1
74 98 1
49 98 1
105 98 1
1008 98 1
850 98 1
4092 98 1
13 98 1
59 98 1
500 98 1
227 98 1
329 98 1
0 98 1
50 98 1
1568 98 1
502 98 1
2617 98 1
1818 98 1
2015 98 1
489 98 1
31 98 1
1196 98 1
1278 99 1
931 99 1
1094 99 1
3297 99 1
2834 99 1
4068 99 1
982 99 1
221 99 1
457 99 1
682 99 1
1126 99 1
3579 99 1
2819 99 1
3834 99 1
696 99 1
2014 99 1
1166 99 1
291 99 1
563 99 1
4045 99 1
3765 99 1
2464 99 1
608 99 1
80 99 1
1142 99 1
2573 99 1
198 99 1
3986 99 1
0 99 1
2944 99 1
897 99 1
25 99 1
3519 99 1
3820 99 1
4119 99 1
2969 99 1
4202 99 1
1873 99 1
872 99 1
2366 99 1
3841 99 1
444 99 1
47 99 1
2168 99 1
1588 99 1
783 99 1
1548 99 1
643 99 1
341 99 1
2010 99 1
1601 99 1
57 99 1
105 99 1
2299 99 1
2186 99 1
2440 99 1
2123 99 1
10 99 1
1355 99 1
2172 99 1
1301 99 1
1 99 1
433 99 1
599 99 1
26 99 1
403 99 1
460 99 1
406 99 1
1814 99 1
3799 99 1
274 99 1
3458 99 1
2545 99 1
17 99 1
726 99 1
131 99 1
363 99 1
238 99 1
3017 99 1
3608 99 1
864 99 1
2032 99 1
166 99 1
331 99 1
329 99 1
2441 99 1
2679 99 1
3297 99 1
3618 99 1
47 99 1
2837 99 1
1096 99 1
681 99 1
4 99 1
106 99 1
2355 99 1
3133 99 1
3778 99 1
7 99 1
111 99 1
204 99 1
531 99 1
1125 99 1
3359 99 1
1029 99 1
1773 99 1
4039 99 1
125 99 1
3868 99 1
1227 99 1
3459 99 1
3624 99 1
849 99 1
3874 99 1
3805 99 1
283 99 1
2188 99 1
3225 99 1
997 99 1
132 99 1
3884 99 1
317 99 1
1164 99 1
3118 99 1
967 99 1
751 99 1
701 99 1
2979 99 1
10 99 1
46 99 1
1133 99 1
3696 99 1
75 99 1
38 99 1
138 99 1
3035 99 1
2356 99 1
908 99 1
1024 99 1
3954 99 1
2666 99 1
3635 99 1
2005 99 1
2296 99 1
3639 99 1
2304 99 1
2776 99 1
71 99 1
4189 99 1
1631 99 1
3179 99 1
584 99 1
2308 99 1
2293 100 1
724 100 1
3685 100 1
255 100 1
259 100 1
3 100 1
328 100 1
469 100 1
1834 100 1
2204 100 1
2411 100 1
2622 100 1
2491 100 1
3343 100 1
605 100 1
1422 100 1
3 100 1
72 100 1
558 100 1
339 100 1
4208 100 1
237 100 1
326 100 1
3329 100 1
4 100 1
134 100 1
205 100 1
1058 100 1
2278 100 1
595 100 1
184 100 1
909 100 1
4127 100 1
3029 100 1
4071 100 1
3641 100 1
409 100 1
2433 100 1
1828 100 1
28 100 1
2250 100 1
34 100 1
1248 100 1
63 100 1
1179 100 1
2454 100 1
695 100 1
154 100 1
3773 100 1
511 100 1
2462 100 1
920 100 1
1431 100 1
2697 100 1
783 100 1
683 100 1
1554 100 1
3881 100 1
71 100 1
867 100 1
19 100 1
84 100 1
294 100 1
53 100 1
1241 100 1
1347 100 1
28 100 1
138 100 1
585 100 1
281 100 1
419 100 1
1386 100 1
474 100 1
621 100 1
350 100 1
21 100 1
990 100 1
348 100 1
3065 100 1
823 100 1
127 100 1
70 100 1
81 100 1
2472 100 1
2547 100 1
693 100 1
0 100 1
284 100 1
35 100 1
2832 100 1
200 100 1
682 100 1
1809 100 1
2119 100 1
77 100 1
3159 100 1
1017 100 1
3145 100 1
1235 100 1
32 100 1
0 100 1
1145 100 1
1066 100 1
6 100 1
2101 100 1
3483 100 1
3314 100 1
173 100 1
3322 100 1
79 100 1
178 100 1
1339 100 1
3830 100 1
4011 100 1
240 100 1
16 100 1
1937 100 1
3732 100 1
1831 100 1
2771 100 1
2841 100 1
55 100 1
154 100 1
851 100 1
8 100 1
43 100 1
344 100 1
81 100 1
797 100 1
1475 100 1
3411 100 1
2 100 1
2005 100 1
743 100 1
92 100 1
2514 100 1
3823 100 1
2509 100 1
835 100 1
798 100 1
3454 100 1
1200 100 1
114 100 1
807 100 1
55 100 1
415 100 1
1253 100 1
3420 100 1
170 100 1
3303 100 1
237 100 1
2952 100 1
23 100 1
4079 101 1
2095 101 1
14 101 1
2525 101 1
832 101 1
932 101 1
1653 101 1
1682 101 1
157 101 1
3957 101 1
981 101 1
499 101 1
1560 101 1
2114 101 1
1097 101 1
1006 101 1
7 101 1
3717 101 1
2678 101 1
2089 101 1
31 101 1
213 101 1
181 101 1
3334 101 1
3234 101 1
82 101 1
1542 101 1
1071 101 1
19 101 1
1441 101 1
817 101 1
1159 101 1
3328 101 1
1756 101 1
1327 101 1
2051 101 1
273 101 1
3474 101 1
2418 101 1
3965 101 1
3227 101 1
3770 101 1
2860 101 1
1201 101 1
1457 101 1
881 101 1
152 101 1
3778 101 1
511 101 1
3956 101 1
1344 101 1
4164 101 1
909 101 1
326 101 1
2675 101 1
362 101 1
1015 101 1
481 101 1
15 101 1
1984 101 1
1362 101 1
1181 101 1
726 101 1
4190 101 1
1786 101 1
56 101 1
695 101 1
650 101 1
532 101 1
3305 101 1
311 101 1
3417 101 1
3 101 1
838 101 1
3733 101 1
2280 101 1
3028 101 1
2064 101 1
522 101 1
451 101 1
504 101 1
1217 101 1
2810 101 1
927 101 1
2031 101 1
933 101 1
238 101 1
2154 101 1
3754 101 1
3300 101 1
1554 101 1
614 101 1
1000 101 1
1453 101 1
3945 101 1
39 101 1
4142 101 1
0 101 1
67 101 1
24 101 1
1573 101 1
16 101 1
1131 101 1
237 101 1
117 101 1
3539 101 1
3018 101 1
2 101 1
3194 101 1
3625 101 1
3616 101 1
1626 101 1
882 101 1
862 101 1
531 101 1
1384 101 1
3277 101 1
101 101 1
328 101 1
600 101 1
1737 101 1
3063 101 1
43 101 1
55 101 1
140 101 1
3941 101 1
3193 101 1
1712 101 1
3440 101 1
1484 101 1
555 101 1
2980 101 1
955 101 1
2575 101 1
2133 101 1
1105 101 1
1163 101 1
561 101 1
484 101 1
3212 101 1
4 101 1
277 101 1
3229 101 1
91 101 1
115 101 1
2467 101 1
292 101 1
286 101 1
675 101 1
3067 101 1
1458 101 1
305 101 1
2399 101 1
1458 102 1
721 102 1
3707 102 1
11 102 1
1345 102 1
574 102 1
3683 102 1
1607 102 1
850 102 1
437 102 1
431 102 1
2010 102 1
990 102 1
807 102 1
3219 102 1
1558 102 1
309 102 1
3912 102 1
400 102 1
535 102 1
189 102 1
32 102 1
2147 102 1
2109 102 1
2495 102 1
2762 102 1
322 102 1
169 102 1
3553 102 1
280 102 1
2205 102 1
3496 102 1
4144 102 1
1146 102 1
2678 102 1
956 102 1
3402 102 1
99 102 1
35 102 1
132 102 1
979 102 1
1055 102 1
2991 102 1
2290 102 1
3 102 1
589 102 1
471 102 1
33 102 1
3439 102 1
487 102 1
3155 102 1
3342 102 1
1421 102 1
30 102 1
2915 102 1
1215 102 1
1016 102 1
2767 102 1
58 102 1
126 102 1
3359 102 1
1857 102 1
1545 102 1
249 102 1
21 102 1
37 102 1
110 102 1
758 102 1
108 102 1
3196 102 1
3246 102 1
3563 102 1
1623 102 1
400 102 1
1773 102 1
2100 102 1
12 102 1
260 102 1
1461 102 1
1884 102 1
1698 102 1
3812 102 1
131 102 1
2670 102 1
259 102 1
2913 102 1
1230 102 1
10 102 1
3161 102 1
1432 102 1
27 102 1
2059 102 1
2733 102 1
3494 102 1
2316 102 1
2423 102 1
2921 102 1
160 102 1
110 102 1
1181 102 1
3041 102 1
1079 102 1
852 102 1
1160 102 1
2184 102 1
77 102 1
1093 102 1
215 102 1
3656 102 1
2449 102 1
2317 102 1
47 102 1
2858 102 1
243 102 1
0 102 1
1477 102 1
945 102 1
173 102 1
3854 102 1
15 102 1
674 102 1
1015 102 1
1950 102 1
2104 102 1
709 102 1
713 102 1
0 102 1
1155 102 1
3388 102 1
240 102 1
471 102 1
2743 102 1
177 102 1
0 102 1
71 102 1
2872 102 1
1734 102 1
1108 102 1
359 102 1
254 102 1
3423 102 1
679 102 1
2512 102 1
351 102 1
4 102 1
226 102 1
894 102 1
141 102 1
2151 102 1
807 102 1
799 102 1
2468 102 1
41 102 1
2995 103 1
274 103 1
3693 103 1
3507 103 1
1632 103 1
3379 103 1
44 103 1
1356 103 1
1830 103 1
708 103 1
4 103 1
3202 103 1
18 103 1
1641 103 1
3477 103 1
1065 103 1
506 103 1
2355 103 1
1684 103 1
1 103 1
1 103 1
119 103 1
25 103 1
1554 103 1
87 103 1
2450 103 1
3151 103 1
1512 103 1
3188 103 1
1609 103 1
1631 103 1
1203 103 1
2541 103 1
190 103 1
826 103 1
3991 103 1
2251 103 1
0 103 1
900 103 1
452 103 1
3805 103 1
1000 103 1
3489 103 1
2431 103 1
1583 103 1
1234 103 1
821 103 1
258 103 1
459 103 1
1606 103 1
24 103 1
587 103 1
198 103 1
528 103 1
72 103 1
3094 103 1
453 103 1
315 103 1
39 103 1
467 103 1
1556 103 1
0 103 1
92 103 1
1390 103 1
1454 103 1
150 103 1
1253 103 1
24 103 1
506 103 1
1869 103 1
737 103 1
3221 103 1
78 103 1
1022 103 1
2707 103 1
110 103 1
4181 103 1
1640 103 1
3548 103 1
667 103 1
1244 103 1
1390 103 1
4208 103 1
374 103 1
1308 103 1
608 103 1
735 103 1
107 103 1
3410 103 1
2846 103 1
204 103 1
68 103 1
2356 103 1
938 103 1
593 103 1
1608 103 1
0 103 1
473 103 1
3152 103 1
1548 103 1
56 103 1
548 103 1
1583 103 1
2360 103 1
811 103 1
3720 103 1
3279 103 1
197 103 1
70 103 1
28 103 1
3435 103 1
1282 103 1
2565 103 1
228 103 1
128 103 1
107 103 1
71 103 1
355 103 1
25 103 1
45 103 1
1317 103 1
1578 103 1
1058 103 1
150 103 1
102 103 1
3209 103 1
681 103 1
3133 103 1
7 103 1
105 103 1
20 103 1
2204 103 1
1212 103 1
2807 103 1
1455 103 1
2095 103 1
470 103 1
2987 103 1
1896 103 1
420 103 1
838 103 1
2046 103 1
29 103 1
312 103 1
3958 103 1
629 103 1
2824 103 1
1898 103 1
159 103 1
24 103 1
15 103 1
546 103 1
112 103 1
3300 104 1
374 104 1
354 104 1
398 104 1
352 104 1
1 104 1
3959 104 1
1775 104 1
2782 104 1
124 104 1
1189 104 1
36 104 1
415 104 1
2833 104 1
2252 104 1
1 104 1
2735 104 1
179 104 1
1308 104 1
394 104 1
223 104 1
824 104 1
145 104 1
1330 104 1
4036 104 1
2039 104 1
514 104 1
2615 104 1
141 104 1
4007 104 1
315 104 1
2920 104 1
2127 104 1
0 104 1
1329 104 1
1044 104 1
1793 104 1
5 104 1
7 104 1
1342 104 1
3216 104 1
1853 104 1
125 104 1
3846 104 1
756 104 1
259 104 1
2610 104 1
1333 104 1
0 104 1
1154 104 1
4048 104 1
819 104 1
3174 104 1
1201 104 1
2577 104 1
1943 104 1
21 104 1
1465 104 1
788 104 1
272 104 1
797 104 1
771 104 1
945 104 1
1 104 1
708 104 1
2004 104 1
994 104 1
75 104 1
1003 104 1
6 104 1
406 104 1
79 104 1
2010 104 1
6 104 1
1042 104 1
1726 104 1
376 104 1
2211 104 1
1657 104 1
2188 104 1
2049 104 1
15 104 1
1032 104 1
9 104 1
200 104 1
12 104 1
1892 104 1
995 104 1
293 104 1
3736 104 1
22 104 1
611 104 1
2278 104 1
1553 104 1
3859 104 1
39 104 1
2950 104 1
65 104 1
1036 104 1
358 104 1
125 104 1
2477 104 1
3219 104 1
19 104 1
3844 104 1
260 104 1
1358 104 1
2511 104 1
0 104 1
3779 104 1
1812 104 1
2557 104 1
27 104 1
884 104 1
2222 104 1
3290 104 1
1237 104 1
785 104 1
2122 104 1
462 104 1
4200 104 1
1768 104 1
328 104 1
275 104 1
287 104 1
34 104 1
701 104 1
3549 104 1
185 104 1
2915 104 1
2930 104 1
584 104 1
112 104 1
3071 104 1
2243 104 1
3522 104 1
574 104 1
39 104 1
217 104 1
4079 104 1
64 104 1
506 104 1
8 104 1
3235 104 1
1109 104 1
6 104 1
646 104 1
1279 104 1
1099 104 1
601 104 1
240 104 1
13 104 1
1963 104 1
2226 105 1
2 105 1
671 105 1
37 105 1
3046 105 1
17 105 1
3284 105 1
750 105 1
869 105 1
371 105 1
63 105 1
80 105 1
1088 105 1
741 105 1
319 105 1
1471 105 1
1688 105 1
349 105 1
763 105 1
3842 105 1
0 105 1
1706 105 1
334 105 1
217 105 1
678 105 1
4 105 1
680 105 1
206 105 1
1523 105 1
59 105 1
1982 105 1
93 105 1
0 105 1
212 105 1
651 105 1
840 105 1
14 105 1
421 105 1
2583 105 1
3901 105 1
3285 105 1
718 105 1
553 105 1
684 105 1
2486 105 1
396 105 1
1250 105 1
3303 105 1
3392 105 1
1345 105 1
1181 105 1
4207 105 1
3857 105 1
3565 105 1
3422 105 1
950 105 1
1490 105 1
3105 105 1
548 105 1
1460 105 1
527 105 1
2530 105 1
113 105 1
1566 105 1
1086 105 1
1437 105 1
298 105 1
180 105 1
243 105 1
4016 105 1
2865 105 1
1990 105 1
3120 105 1
3729 105 1
1452 105 1
662 105 1
98 105 1
532 105 1
3637 105 1
2034 105 1
2215 105 1
504 105 1
4147 105 1
344 105 1
45 105 1
595 105 1
834 105 1
874 105 1
545 105 1
3364 105 1
1826 105 1
3367 105 1
3558 105 1
120 105 1
3493 105 1
43 105 1
549 105 1
2510 105 1
2837 105 1
221 105 1
4080 105 1
12 105 1
4147 105 1
2979 105 1
2134 105 1
654 105 1
1737 105 1
2860 105 1
115 105 1
4053 105 1
698 105 1
2429 105 1
2887 105 1
32 105 1
2392 105 1
298 105 1
826 105 1
2458 105 1
3147 105 1
490 105 1
4181 105 1
580 105 1
861 105 1
1003 105 1
1666 105 1
2060 105 1
14 105 1
177 105 1
1171 105 1
147 105 1
3367 105 1
137 105 1
2174 105 1
1563 105 1
69 105 1
350 105 1
993 105 1
1703 105 1
1682 105 1
84 105 1
175 105 1
168 105 1
21 105 1
730 105 1
181 105 1
2736 105 1
4020 105 1
1956 105 1
1481 105 1
5 105 1
3350 105 1
284 105 1
383 105 1
994 106 1
182 106 1
81 106 1
3118 106 1
0 106 1
106 106 1
349 106 1
826 106 1
2523 106 1
1528 106 1
855 106 1
640 106 1
695 106 1
575 106 1
1201 106 1
2 106 1
2517 106 1
68 106 1
1 106 1
299 106 1
1444 106 1
14 106 1
4056 106 1
2639 106 1
6 106 1
216 106 1
236 106 1
5 106 1
3755 106 1
1483 106 1
3500 106 1
1325 106 1
2682 106 1
795 106 1
3810 106 1
1791 106 1
3806 106 1
184 106 1
4013 106 1
674 106 1
2 106 1
365 106 1
1933 106 1
96 106 1
3685 106 1
3062 106 1
3538 106 1
410 106 1
2099 106 1
2433 106 1
452 106 1
330 106 1
215 106 1
578 106 1
2067 106 1
1923 106 1
55 106 1
1 106 1
227 106 1
1961 106 1
393 106 1
400 106 1
319 106 1
2489 106 1
869 106 1
2725 106 1
2050 106 1
445 106 1
358 106 1
3739 106 1
1709 106 1
597 106 1
473 106 1
2648 106 1
1683 106 1
1963 106 1
6 106 1
0 106 1
2945 106 1
10 106 1
1387 106 1
1709 106 1
1223 106 1
2732 106 1
742 106 1
2181 106 1
191 106 1
1957 106 1
137 106 1
957 106 1
1624 106 1
3082 106 1
2567 106 1
229 106 1
9 106 1
1792 106 1
3236 106 1
3858 106 1
4114 106 1
84 106 1
6 106 1
1153 106 1
3110 106 1
2041 106 1
1251 106 1
3101 106 1
2213 106 1
4091 106 1
1327 106 1
314 106 1
4082 106 1
3768 106 1
27 106 1
713 106 1
10 106 1
1 106 1
2210 106 1
704 106 1
3794 106 1
18 106 1
822 106 1
2437 106 1
629 106 1
2481 106 1
2989 106 1
55 106 1
194 106 1
359 106 1
193 106 1
139 106 1
68 106 1
1114 106 1
2924 106 1
3622 106 1
651 106 1
3845 106 1
0 106 1
2786 106 1
458 106 1
1613 106 1
40 106 1
671 106 1
1933 106 1
76 106 1
309 106 1
406 106 1
954 106 1
415 106 1
135 106 1
1967 106 1
2946 106 1
3557 106 1
3087 106 1
2437 107 1
124 107 1
3577 107 1
3679 107 1
185 107 1
1283 107 1
29 107 1
592 107 1
194 107 1
1349 107 1
686 107 1
276 107 1
1207 107 1
1026 107 1
2109 107 1
920 107 1
3352 107 1
1940 107 1
297 107 1
4051 107 1
26 107 1
3873 107 1
1755 107 1
1488 107 1
1823 107 1
954 107 1
0 107 1
408 107 1
6 107 1
1687 107 1
3203 107 1
1168 107 1
102 107 1
1450 107 1
3726 107 1
895 107 1
2421 107 1
574 107 1
3041 107 1
4129 107 1
339 107 1
1048 107 1
3516 107 1
3603 107 1
2392 107 1
813 107 1
2567 107 1
1312 107 1
1406 107 1
389 107 1
7 107 1
3415 107 1
1405 107 1
3208 107 1
32 107 1
393 107 1
3983 107 1
3305 107 1
1642 107 1
1761 107 1
237 107 1
3038 107 1
658 107 1
3309 107 1
3261 107 1
277 107 1
71 107 1
2192 107 1
2111 107 1
1782 107 1
35 107 1
2061 107 1
16 107 1
1033 107 1
32 107 1
449 107 1
0 107 1
3658 107 1
218 107 1
434 107 1
1487 107 1
32 107 1
2232 107 1
2500 107 1
6 107 1
62 107 1
1090 107 1
3701 107 1
2360 107 1
3734 107 1
817 107 1
3339 107 1
3236 107 1
97 107 1
447 107 1
46 107 1
1519 107 1
3702 107 1
45 107 1
448 107 1
0 107 1
469 107 1
256 107 1
1373 107 1
1880 107 1
362 107 1
799 107 1
4144 107 1
682 107 1
324 107 1
2176 107 1
2535 107 1
2264 107 1
53 107 1
1879 107 1
4009 107 1
580 107 1
18 107 1
2500 107 1
1970 107 1
1877 107 1
598 107 1
1087 107 1
2315 107 1
90 107 1
10 107 1
40 107 1
182 107 1
73 107 1
6 107 1
321 107 1
2509 107 1
1392 107 1
428 107 1
1625 107 1
3292 107 1
362 107 1
15 107 1
1194 107 1
145 107 1
2461 107 1
80 107 1
1040 107 1
26 107 1
1 107 1
1082 107 1
876 107 1
29 107 1
602 107 1
255 107 1
1711 107 1
2033 107 1
1131 107 1
3356 108 1
1 108 1
1304 108 1
1781 108 1
648 108 1
2884 108 1
272 108 1
489 108 1
1699 108 1
2051 108 1
807 108 1
899 108 1
619 108 1
40 108 1
197 108 1
617 108 1
62 108 1
96 108 1
366 108 1
1743 108 1
2565 108 1
51 108 1
83 108 1
1936 108 1
576 108 1
1207 108 1
94 108 1
590 108 1
3 108 1
972 108 1
1355 108 1
11 108 1
2711 108 1
3448 108 1
98 108 1
388 108 1
140 108 1
744 108 1
708 108 1
1380 108 1
237 108 1
17 108 1
2572 108 1
2696 108 1
818 108 1
12 108 1
1 108 1
1054 108 1
3608 108 1
20 108 1
453 108 1
1272 108 1
307 108 1
399 108 1
3952 108 1
1407 108 1
388 108 1
137 108 1
455 108 1
41 108 1
780 108 1
36 108 1
1574 108 1
247 108 1
2219 108 1
7 108 1
107 108 1
4068 108 1
611 108 1
101 108 1
2371 108 1
2565 108 1
2410 108 1
3537 108 1
3661 108 1
170 108 1
2741 108 1
687 108 1
593 108 1
308 108 1
433 108 1
1295 108 1
597 108 1
2672 108 1
3354 108 1
3267 108 1
1626 108 1
2579 108 1
1263 108 1
2 108 1
22 108 1
3 108 1
3180 108 1
356 108 1
54 108 1
4173 108 1
3392 108 1
714 108 1
49 108 1
1753 108 1
1558 108 1
74 108 1
580 108 1
398 108 1
136 108 1
2648 108 1
2318 108 1
2464 108 1
188 108 1
0 108 1
190 108 1
1427 108 1
1044 108 1
108 108 1
3349 108 1
877 108 1
374 108 1
3 108 1
1329 108 1
2516 108 1
27 108 1
1203 108 1
1762 108 1
1890 108 1
25 108 1
649 108 1
1305 108 1
148 108 1
404 108 1
209 108 1
0 108 1
1575 108 1
68 108 1
1823 108 1
455 108 1
151 108 1
99 108 1
2903 108 1
1189 108 1
1295 108 1
2768 108 1
884 108 1
2480 108 1
1631 108 1
484 108 1
1079 108 1
184 108 1
1100 108 1
2016 108 1
2214 108 1
8 108 1
655 108 1
2786 108 1
1355 109 1
262 109 1
2107 109 1
76 109 1
1023 109 1
273 109 1
336 109 1
1560 109 1
854 109 1
3492 109 1
2675 109 1
86 109 1
3103 109 1
715 109 1
1391 109 1
341 109 1
200 109 1
2070 109 1
886 109 1
3032 109 1
6 109 1
579 109 1
2482 109 1
318 109 1
3274 109 1
2823 109 1
417 109 1
4201 109 1
346 109 1
87 109 1
11 109 1
994 109 1
1814 109 1
827 109 1
1113 109 1
4134 109 1
100 109 1
678 109 1
2498 109 1
2215 109 1
3867 109 1
613 109 1
95 109 1
2904 109 1
295 109 1
1214 109 1
794 109 1
380 109 1
82 109 1
127 109 1
62 109 1
3 109 1
1267 109 1
813 109 1
2459 109 1
2019 109 1
180 109 1
2824 109 1
626 109 1
303 109 1
34 109 1
2138 109 1
1749 109 1
1679 109 1
2340 109 1
88 109 1
2313 109 1
1288 109 1
430 109 1
3467 109 1
1210 109 1
2400 109 1
181 109 1
3499 109 1
27 109 1
403 109 1
2387 109 1
3166 109 1
17 109 1
159 109 1
0 109 1
314 109 1
2721 109 1
657 109 1
2975 109 1
3491 109 1
0 109 1
3953 109 1
2808 109 1
2596 109 1
135 109 1
445 109 1
3732 109 1
64 109 1
149 109 1
1416 109 1
2154 109 1
176 109 1
1849 109 1
1754 109 1
55 109 1
327 109 1
3983 109 1
1191 109 1
153 109 1
876 109 1
1507 109 1
23 109 1
459 109 1
1822 109 1
149 109 1
3937 109 1
280 109 1
502 109 1
2917 109 1
2913 109 1
1324 109 1
303 109 1
3172 109 1
1966 109 1
914 109 1
3437 109 1
155 109 1
669 109 1
12 109 1
58 109 1
348 109 1
1883 109 1
654 109 1
3703 109 1
20 109 1
999 109 1
9 109 1
1895 109 1
833 109 1
1362 109 1
717 109 1
1401 109 1
0 109 1
1334 109 1
367 109 1
3705 109 1
2598 109 1
1155 109 1
339 109 1
36 109 1
217 109 1
571 109 1
3081 109 1
464 109 1
30 109 1
2966 109 1
1903 109 1
2630 110 1
1371 110 1
70 110 1
2135 110 1
1367 110 1
2271 110 1
2051 110 1
281 110 1
1478 110 1
3174 110 1
1676 110 1
1490 110 1
4 110 1
41 110 1
1420 110 1
3294 110 1
316 110 1
225 110 1
2821 110 1
277 110 1
5 110 1
741 110 1
974 110 1
6 110 1
992 110 1
463 110 1
815 110 1
1837 110 1
559 110 1
813 110 1
501 110 1
49 110 1
700 110 1
3253 110 1
911 110 1
693 110 1
169 110 1
2769 110 1
438 110 1
1653 110 1
348 110 1
1970 110 1
1395 110 1
3682 110 1
2715 110 1
55 110 1
476 110 1
622 110 1
1117 110 1
2261 110 1
1129 110 1
689 110 1
3047 110 1
1133 110 1
658 110 1
1384 110 1
217 110 1
1300 110 1
176 110 1
1129 110 1
489 110 1
2782 110 1
2838 110 1
286 110 1
543 110 1
3530 110 1
273 110 1
2050 110 1
3654 110 1
3179 110 1
1420 110 1
755 110 1
101 110 1
1350 110 1
93 110 1
263 110 1
1671 110 1
2339 110 1
1258 110 1
595 110 1
1717 110 1
6 110 1
11 110 1
2365 110 1
2176 110 1
1281 110 1
0 110 1
1869 110 1
3336 110 1
2780 110 1
327 110 1
1631 110 1
214 110 1
4 110 1
2049 110 1
386 110 1
931 110 1
64 110 1
442 110 1
1424 110 1
95 110 1
1200 110 1
113 110 1
29 110 1
365 110 1
2118 110 1
207 110 1
217 110 1
1319 110 1
2593 110 1
934 110 1
713 110 1
3684 110 1
2677 110 1
273 110 1
3717 110 1
1813 110 1
534 110 1
589 110 1
1217 110 1
36 110 1
526 110 1
122 110 1
19 110 1
2305 110 1
3886 110 1
1 110 1
104 110 1
3417 110 1
3646 110 1
440 110 1
3200 110 1
2502 110 1
3937 110 1
2925 110 1
3551 110 1
1274 110 1
1388 110 1
1762 110 1
4036 110 1
3082 110 1
1070 110 1
789 110 1
3166 110 1
260 110 1
3203 110 1
2398 110 1
16 110 1
2601 110 1
1335 110 1
563 110 1
3200 110 1
468 110 1
2513 111 1
3160 111 1
4 111 1
1290 111 1
3409 111 1
4146 111 1
1946 111 1
1011 111 1
524 111 1
2151 111 1
1804 111 1
1583 111 1
0 111 1
272 111 1
336 111 1
1723 111 1
2925 111 1
352 111 1
1581 111 1
154 111 1
1068 111 1
2726 111 1
266 111 1
553 111 1
63 111 1
2753 111 1
2596 111 1
244 111 1
797 111 1
343 111 1
17 111 1
239 111 1
2723 111 1
2147 111 1
2774 111 1
2567 111 1
447 111 1
3271 111 1
1098 111 1
102 111 1
116 111 1
3183 111 1
673 111 1
104 111 1
1532 111 1
4 111 1
2952 111 1
2801 111 1
157 111 1
3980 111 1
521 111 1
1348 111 1
544 111 1
4193 111 1
1559 111 1
2456 111 1
992 111 1
14 111 1
2594 111 1
1225 111 1
1590 111 1
3226 111 1
3946 111 1
458 111 1
1863 111 1
2521 111 1
3252 111 1
1925 111 1
834 111 1
2858 111 1
882 111 1
4193 111 1
333 111 1
890 111 1
3534 111 1
298 111 1
3181 111 1
0 111 1
3 111 1
2494 111 1
387 111 1
3171 111 1
424 111 1
1445 111 1
562 111 1
2590 111 1
1220 111 1
1443 111 1
3231 111 1
33 111 1
1557 111 1
1476 111 1
550 111 1
235 111 1
3792 111 1
2 111 1
1 111 1
3992 111 1
169 111 1
63 111 1
636 111 1
283 111 1
2428 111 1
147 111 1
1892 111 1
147 111 1
1183 111 1
20 111 1
3263 111 1
3219 111 1
261 111 1
1093 111 1
2892 111 1
1752 111 1
95 111 1
500 111 1
2435 111 1
2176 111 1
2478 111 1
1132 111 1
970 111 1
92 111 1
267 111 1
4009 111 1
0 111 1
2327 111 1
867 111 1
668 111 1
0 111 1
3407 111 1
3207 111 1
565 111 1
1201 111 1
370 111 1
1112 111 1
37 111 1
68 111 1
832 111 1
1745 111 1
104 111 1
3738 111 1
2 111 1
4000 111 1
2379 111 1
797 111 1
43 111 1
37 111 1
1091 111 1
4 111 1
863 111 1
3956 111 1
1879 111 1
25 111 1
691 112 1
2486 112 1
2400 112 1
2565 112 1
835 112 1
2604 112 1
23 112 1
4082 112 1
736 112 1
234 112 1
1664 112 1
258 112 1
1671 112 1
45 112 1
298 112 1
2939 112 1
2596 112 1
3423 112 1
2127 112 1
415 112 1
3934 112 1
2300 112 1
1768 112 1
1635 112 1
1429 112 1
547 112 1
1275 112 1
5 112 1
3585 112 1
3816 112 1
3543 112 1
884 112 1
450 112 1
368 112 1
233 112 1
1104 112 1
2089 112 1
1045 112 1
3481 112 1
1684 112 1
28 112 1
1223 112 1
3469 112 1
3419 112 1
14 112 1
3763 112 1
4198 112 1
2 112 1
403 112 1
2217 112 1
2666 112 1
969 112 1
3642 112 1
319 112 1
1590 112 1
614 112 1
74 112 1
3038 112 1
4000 112 1
2597 112 1
2619 112 1
1201 112 1
33 112 1
1499 112 1
3901 112 1
995 112 1
1771 112 1
241 112 1
1 112 1
4209 112 1
3206 112 1
1302 112 1
1297 112 1
2473 112 1
895 112 1
2437 112 1
204 112 1
2329 112 1
423 112 1
2214 112 1
918 112 1
1260 112 1
63 112 1
1609 112 1
1893 112 1
1982 112 1
4069 112 1
3312 112 1
2183 112 1
3682 112 1
1024 112 1
1241 112 1
750 112 1
1689 112 1
188 112 1
4 112 1
2718 112 1
2365 112 1
1766 112 1
2851 112 1
61 112 1
542 112 1
3345 112 1
1436 112 1
3128 112 1
2316 112 1
969 112 1
387 112 1
217 112 1
779 112 1
339 112 1
2202 112 1
6 112 1
1135 112 1
1687 112 1
987 112 1
2144 112 1
2145 112 1
1722 112 1
659 112 1
2941 112 1
21 112 1
529 112 1
45 112 1
2108 112 1
996 112 1
2064 112 1
792 112 1
4047 112 1
842 112 1
4 112 1
995 112 1
16 112 1
2541 112 1
3016 112 1
2948 112 1
700 112 1
3726 112 1
119 112 1
1044 112 1
2075 112 1
1945 112 1
1065 112 1
15 112 1
1584 112 1
2689 112 1
510 112 1
2303 112 1
2347 112 1
2461 112 1
2783 112 1
67 112 1
1540 112 1
3070 113 1
3423 113 1
65 113 1
742 113 1
3733 113 1
2649 113 1
2539 113 1
958 113 1
289 113 1
1552 113 1
3295 113 1
18 113 1
3 113 1
698 113 1
683 113 1
763 113 1
777 113 1
988 113 1
3383 113 1
0 113 1
1854 113 1
3211 113 1
2243 113 1
2658 113 1
4046 113 1
2666 113 1
3972 113 1
745 113 1
4134 113 1
708 113 1
933 113 1
618 113 1
1 113 1
3973 113 1
621 113 1
2171 113 1
151 113 1
2652 113 1
1671 113 1
1639 113 1
1658 113 1
20 113 1
2342 113 1
917 113 1
653 113 1
1568 113 1
200 113 1
558 113 1
662 113 1
155 113 1
3065 113 1
315 113 1
676 113 1
3074 113 1
2794 113 1
1355 113 1
1263 113 1
3335 113 1
1654 113 1
1097 113 1
99 113 1
2860 113 1
140 113 1
241 113 1
633 113 1
2368 113 1
249 113 1
1352 113 1
1132 113 1
401 113 1
4195 113 1
1215 113 1
684 113 1
868 113 1
2768 113 1
387 113 1
3180 113 1
974 113 1
3073 113 1
2240 113 1
2082 113 1
1994 113 1
727 113 1
2682 113 1
137 113 1
529 113 1
433 113 1
78 113 1
3672 113 1
216 113 1
26 113 1
1019 113 1
3044 113 1
3214 113 1
2868 113 1
2802 113 1
3829 113 1
584 113 1
585 113 1
1963 113 1
39 113 1
104 113 1
2283 113 1
1893 113 1
7 113 1
968 113 1
1426 113 1
2772 113 1
2989 113 1
1036 113 1
1330 113 1
105 113 1
2263 113 1
23 113 1
204 113 1
681 113 1
104 113 1
2504 113 1
3166 113 1
340 113 1
41 113 1
191 113 1
22 113 1
24 113 1
2237 113 1
0 113 1
3688 113 1
120 113 1
3418 113 1
1627 113 1
2691 113 1
93 113 1
6 113 1
1745 113 1
136 113 1
2891 113 1
1698 113 1
13 113 1
4183 113 1
93 113 1
34 113 1
27 113 1
3314 113 1
1513 113 1
19 113 1
1211 113 1
1851 113 1
12 113 1
2572 113 1
132 113 1
4 113 1
467 113 1
816 113 1
539 114 1
1275 114 1
682 114 1
26 114 1
776 114 1
1061 114 1
0 114 1
3174 114 1
1967 114 1
1965 114 1
3498 114 1
435 114 1
1124 114 1
1117 114 1
313 114 1
153 114 1
1074 114 1
108 114 1
24 114 1
808 114 1
1478 114 1
3342 114 1
430 114 1
147 114 1
37 114 1
2837 114 1
464 114 1
1160 114 1
1876 114 1
3367 114 1
409 114 1
3892 114 1
1797 114 1
2199 114 1
352 114 1
1371 114 1
178 114 1
111 114 1
1871 114 1
968 114 1
433 114 1
1662 114 1
351 114 1
4104 114 1
594 114 1
4034 114 1
87 114 1
1078 114 1
643 114 1
351 114 1
42 114 1
2389 114 1
3516 114 1
957 114 1
19 114 1
1284 114 1
3908 114 1
439 114 1
269 114 1
4130 114 1
2219 114 1
3435 114 1
3407 114 1
2286 114 1
713 114 1
1734 114 1
158 114 1
131 114 1
2835 114 1
1283 114 1
249 114 1
2308 114 1
1807 114 1
109 114 1
2796 114 1
2851 114 1
48 114 1
2166 114 1
698 114 1
152 114 1
380 114 1
332 114 1
535 114 1
3078 114 1
1598 114 1
1835 114 1
3869 114 1
10 114 1
1322 114 1
178 114 1
2777 114 1
853 114 1
378 114 1
1201 114 1
297 114 1
306 114 1
3757 114 1
2651 114 1
98 114 1
1593 114 1
2 114 1
2815 114 1
916 114 1
16 114 1
2069 114 1
571 114 1
599 114 1
14 114 1
21 114 1
826 114 1
259 114 1
559 114 1
1310 114 1
1267 114 1
957 114 1
1493 114 1
3446 114 1
369 114 1
764 114 1
1107 114 1
1217 114 1
3785 114 1
3524 114 1
37 114 1
980 114 1
3641 114 1
1947 114 1
50 114 1
147 114 1
435 114 1
275 114 1
1137 114 1
3196 114 1
4068 114 1
305 114 1
3431 114 1
15 114 1
1172 114 1
461 114 1
1248 114 1
2492 114 1
3783 114 1
1888 114 1
3210 114 1
458 114 1
4027 114 1
284 114 1
2777 114 1
918 114 1
67 114 1
229 114 1
2628 114 1
596 114 1
75 115 1
332 115 1
2093 115 1
833 115 1
55 115 1
836 115 1
2923 115 1
1480 115 1
1 115 1
3544 115 1
801 115 1
968 115 1
2226 115 1
10 115 1
15 115 1
3549 115 1
51 115 1
2718 115 1
111 115 1
0 115 1
1550 115 1
901 115 1
3384 115 1
3326 115 1
326 115 1
0 115 1
668 115 1
299 115 1
1461 115 1
20 115 1
2954 115 1
92 115 1
1050 115 1
992 115 1
2530 115 1
27 115 1
3671 115 1
202 115 1
35 115 1
3111 115 1
3799 115 1
3045 115 1
2814 115 1
908 115 1
21 115 1
1060 115 1
979 115 1
374 115 1
118 115 1
104 115 1
3512 115 1
2083 115 1
4042 115 1
408 115 1
1078 115 1
480 115 1
2342 115 1
1 115 1
1330 115 1
3813 115 1
0 115 1
2843 115 1
454 115 1
2645 115 1
222 115 1
3846 115 1
196 115 1
2956 115 1
1103 115 1
0 115 1
3475 115 1
36 115 1
144 115 1
409 115 1
12 115 1
295 115 1
1237 115 1
3214 115 1
382 115 1
421 115 1
1094 115 1
877 115 1
1258 115 1
2832 115 1
317 115 1
591 115 1
1 115 1
992 115 1
596 115 1
1022 115 1
96 115 1
475 115 1
2736 115 1
3818 115 1
0 115 1
3354 115 1
449 115 1
3583 115 1
51 115 1
1774 115 1
844 115 1
3667 115 1
2273 115 1
29 115 1
51 115 1
4114 115 1
1011 115 1
2845 115 1
332 115 1
1118 115 1
308 115 1
1 115 1
2414 115 1
1279 115 1
1651 115 1
329 115 1
59 115 1
2203 115 1
3780 115 1
10 115 1
663 115 1
3163 115 1
3972 115 1
2816 115 1
178 115 1
3458 115 1
2168 115 1
1325 115 1
2009 115 1
2831 115 1
158 115 1
146 115 1
11 115 1
3880 115 1
375 115 1
3479 115 1
684 115 1
21 115 1
8 115 1
2037 115 1
436 115 1
2992 115 1
248 115 1
1617 115 1
148 115 1
4045 115 1
2443 115 1
604 115 1
1324 115 1
108 115 1
284 115 1
3133 115 1
3624 115 1
3519 116 1
1144 116 1
3179 116 1
3465 116 1
44 116 1
2892 116 1
3527 116 1
531 116 1
1079 116 1
299 116 1
1606 116 1
1774 116 1
2499 116 1
12 116 1
3102 116 1
2569 116 1
2947 116 1
540 116 1
2058 116 1
241 116 1
1999 116 1
2066 116 1
891 116 1
291 116 1
643 116 1
1874 116 1
585 116 1
2599 116 1
1998 116 1
122 116 1
1305 116 1
3013 116 1
1646 116 1
958 116 1
394 116 1
803 116 1
2537 116 1
717 116 1
146 116 1
146 116 1
667 116 1
700 116 1
1820 116 1
576 116 1
592 116 1
3310 116 1
65 116 1
2499 116 1
1811 116 1
3 116 1
1923 116 1
0 116 1
0 116 1
3422 116 1
4138 116 1
1880 116 1
2363 116 1
3243 116 1
1389 116 1
2932 116 1
3993 116 1
1245 116 1
100 116 1
3096 116 1
1093 116 1
277 116 1
3439 116 1
3752 116 1
370 116 1
583 116 1
1383 116 1
4010 116 1
2614 116 1
57 116 1
1139 116 1
2808 116 1
9 116 1
90 116 1
341 116 1
2374 116 1
418 116 1
3511 116 1
3509 116 1
1190 116 1
2412 116 1
1175 116 1
1759 116 1
150 116 1
2898 116 1
47 116 1
18 116 1
439 116 1
4093 116 1
1012 116 1
404 116 1
3248 116 1
108 116 1
1804 116 1
161 116 1
53 116 1
1545 116 1
2320 116 1
381 116 1
2766 116 1
4131 116 1
858 116 1
1 116 1
2062 116 1
360 116 1
2042 116 1
2883 116 1
2884 116 1
1037 116 1
1895 116 1
3454 116 1
2389 116 1
3017 116 1
1899 116 1
483 116 1
3949 116 1
1801 116 1
878 116 1
3978 116 1
1054 116 1
3175 116 1
127 116 1
1555 116 1
864 116 1
325 116 1
763 116 1
0 116 1
1808 116 1
3695 116 1
48 116 1
3028 116 1
386 116 1
2048 116 1
1782 116 1
405 116 1
89 116 1
1377 116 1
598 116 1
202 116 1
3599 116 1
185 116 1
1416 116 1
80 116 1
987 116 1
779 116 1
1183 116 1
35 116 1
3 116 1
5 116 1
843 117 1
3757 117 1
4159 117 1
490 117 1
3 117 1
3452 117 1
5 117 1
2251 117 1
935 117 1
3280 117 1
940 117 1
485 117 1
77 117 1
2554 117 1
1849 117 1
1882 117 1
1156 117 1
652 117 1
6 117 1
215 117 1
791 117 1
2203 117 1
2988 117 1
2188 117 1
130 117 1
311 117 1
4188 117 1
123 117 1
632 117 1
1336 117 1
2011 117 1
2018 117 1
3162 117 1
60 117 1
4182 117 1
1253 117 1
224 117 1
326 117 1
1345 117 1
318 117 1
802 117 1
1963 117 1
68 117 1
3580 117 1
1203 117 1
87 117 1
14 117 1
152 117 1
3093 117 1
309 117 1
446 117 1
921 117 1
1885 117 1
137 117 1
898 117 1
102 117 1
210 117 1
16 117 1
943 117 1
1844 117 1
0 117 1
7 117 1
2671 117 1
3352 117 1
1329 117 1
3045 117 1
216 117 1
3644 117 1
2693 117 1
2 117 1
1045 117 1
35 117 1
782 117 1
320 117 1
1 117 1
3173 117 1
1372 117 1
1508 117 1
2016 117 1
322 117 1
207 117 1
2861 117 1
14 117 1
2324 117 1
1197 117 1
126 117 1
2289 117 1
2125 117 1
121 117 1
3946 117 1
2293 117 1
0 117 1
597 117 1
2377 117 1
3533 117 1
97 117 1
350 117 1
384 117 1
2130 117 1
1250 117 1
3258 117 1
396 117 1
221 117 1
1411 117 1
3886 117 1
2494 117 1
4052 117 1
3074 117 1
269 117 1
3661 117 1
3409 117 1
38 117 1
0 117 1
335 117 1
1328 117 1
1237 117 1
1064 117 1
258 117 1
1703 117 1
1126 117 1
2865 117 1
651 117 1
2120 117 1
685 117 1
1340 117 1
3350 117 1
0 117 1
937 117 1
408 117 1
8 117 1
44 117 1
1420 117 1
935 117 1
2674 117 1
9 117 1
110 117 1
392 117 1
2308 117 1
938 117 1
1149 117 1
4018 117 1
212 117 1
1240 117 1
1055 117 1
507 117 1
2348 117 1
38 117 1
346 117 1
3653 117 1
1207 117 1
2455 117 1
3963 117 1
1675 117 1
4068 118 1
2458 118 1
3723 118 1
3632 118 1
625 118 1
90 118 1
600 118 1
688 118 1
708 118 1
646 118 1
2545 118 1
2675 118 1
208 118 1
2143 118 1
2657 118 1
1413 118 1
0 118 1
35 118 1
702 118 1
226 118 1
921 118 1
125 118 1
807 118 1
747 118 1
2940 118 1
279 118 1
254 118 1
800 118 1
3642 118 1
1647 118 1
2404 118 1
1800 118 1
1694 118 1
448 118 1
2260 118 1
119 118 1
2351 118 1
857 118 1
5 118 1
325 118 1
54 118 1
951 118 1
3350 118 1
23 118 1
838 118 1
1355 118 1
1878 118 1
3832 118 1
3649 118 1
292 118 1
656 118 1
2361 118 1
9 118 1
3378 118 1
2233 118 1
1135 118 1
162 118 1
2 118 1
90 118 1
771 118 1
3539 118 1
602 118 1
1707 118 1
1837 118 1
4007 118 1
3368 118 1
2634 118 1
1147 118 1
196 118 1
1755 118 1
970 118 1
1821 118 1
691 118 1
2636 118 1
420 118 1
4114 118 1
3541 118 1
1693 118 1
35 118 1
198 118 1
2102 118 1
261 118 1
3997 118 1
956 118 1
1862 118 1
2098 118 1
4124 118 1
2755 118 1
3880 118 1
706 118 1
526 118 1
184 118 1
1111 118 1
3521 118 1
778 118 1
1404 118 1
3216 118 1
0 118 1
1332 118 1
451 118 1
1332 118 1
50 118 1
139 118 1
3829 118 1
2657 118 1
904 118 1
153 118 1
534 118 1
1623 118 1
957 118 1
1283 118 1
458 118 1
832 118 1
2030 118 1
26 118 1
223 118 1
44 118 1
2910 118 1
850 118 1
667 118 1
1953 118 1
2009 118 1
122 118 1
2599 118 1
1277 118 1
855 118 1
62 118 1
14 118 1
4 118 1
2700 118 1
3965 118 1
10 118 1
73 118 1
269 118 1
296 118 1
3719 118 1
2381 118 1
1152 118 1
2028 118 1
332 118 1
2155 118 1
2697 118 1
38 118 1
3371 118 1
241 118 1
919 118 1
2755 118 1
2412 118 1
6 118 1
1800 118 1
1124 118 1
382 118 1
558 118 1
32 119 1
2968 119 1
928 119 1
3244 119 1
3379 119 1
860 119 1
640 119 1
45 119 1
1843 119 1
772 119 1
2198 119 1
1932 119 1
365 119 1
9 119 1
2159 119 1
45 119 1
2921 119 1
3289 119 1
8 119 1
1309 119 1
1707 119 1
148 119 1
2046 119 1
3557 119 1
1947 119 1
706 119 1
1627 119 1
368 119 1
987 119 1
645 119 1
3122 119 1
2225 119 1
2239 119 1
15 119 1
639 119 1
564 119 1
2 119 1
1258 119 1
3004 119 1
3623 119 1
3073 119 1
81 119 1
2320 119 1
2991 119 1
1 119 1
3867 119 1
3027 119 1
3471 119 1
17 119 1
919 119 1
2544 119 1
65 119 1
2240 119 1
429 119 1
2563 119 1
927 119 1
1398 119 1
1631 119 1
3823 119 1
1907 119 1
2050 119 1
1805 119 1
228 119 1
3541 119 1
1182 119 1
2468 119 1
579 119 1
34 119 1
838 119 1
4103 119 1
1382 119 1
0 119 1
1547 119 1
3858 119 1
3364 119 1
372 119 1
3 119 1
4032 119 1
66 119 1
1 119 1
1699 119 1
152 119 1
88 119 1
645 119 1
2069 119 1
1787 119 1
803 119 1
523 119 1
2670 119 1
5 119 1
1628 119 1
608 119 1
1544 119 1
1685 119 1
543 119 1
3006 119 1
2790 119 1
1443 119 1
2406 119 1
436 119 1
8 119 1
1293 119 1
2181 119 1
2274 119 1
40 119 1
3407 119 1
668 119 1
2329 119 1
21 119 1
615 119 1
2421 119 1
274 119 1
484 119 1
3045 119 1
534 119 1
23 119 1
636 119 1
3869 119 1
1201 119 1
2465 119 1
3249 119 1
3830 119 1
702 119 1
293 119 1
381 119 1
191 119 1
2060 119 1
28 119 1
1407 119 1
1558 119 1
551 119 1
3313 119 1
6 119 1
0 119 1
5 119 1
2997 119 1
216 119 1
1708 119 1
2071 119 1
20 119 1
3256 119 1
1076 119 1
805 119 1
2507 119 1
1307 119 1
22 119 1
872 119 1
296 119 1
56 119 1
885 119 1
456 119 1
24 119 1
3208 119 1
771 120 1
71 120 1
3354 120 1
123 120 1
3292 120 1
130 120 1
1887 120 1
1123 120 1
2044 120 1
2633 120 1
3987 120 1
5 120 1
1892 120 1
1 120 1
1248 120 1
1681 120 1
2193 120 1
600 120 1
100 120 1
2266 120 1
12 120 1
27 120 1
30 120 1
3605 120 1
56 120 1
375 120 1
1084 120 1
1694 120 1
687 120 1
3167 120 1
529 120 1
127 120 1
446 120 1
3 120 1
2201 120 1
2450 120 1
4133 120 1
1068 120 1
2131 120 1
201 120 1
835 120 1
305 120 1
69 120 1
2852 120 1
357 120 1
10 120 1
42 120 1
1304 120 1
437 120 1
17 120 1
620 120 1
119 120 1
1193 120 1
8 120 1
170 120 1
3041 120 1
2833 120 1
982 120 1
3378 120 1
1363 120 1
16 120 1
2698 120 1
2432 120 1
2 120 1
339 120 1
3154 120 1
2200 120 1
871 120 1
134 120 1
2827 120 1
125 120 1
531 120 1
1900 120 1
738 120 1
722 120 1
568 120 1
3698 120 1
463 120 1
12 120 1
22 120 1
265 120 1
2982 120 1
494 120 1
897 120 1
1327 120 1
291 120 1
622 120 1
228 120 1
472 120 1
1091 120 1
44 120 1
180 120 1
2684 120 1
1433 120 1
2607 120 1
1178 120 1
213 120 1
883 120 1
36 120 1
22 120 1
1366 120 1
1972 120 1
50 120 1
1316 120 1
1293 120 1
157 120 1
2919 120 1
3778 120 1
908 120 1
2220 120 1
3154 120 1
1342 120 1
3021 120 1
2788 120 1
2433 120 1
3761 120 1
2802 120 1
2805 120 1
76 120 1
3317 120 1
1171 120 1
930 120 1
12 120 1
3305 120 1
1303 120 1
64 120 1
3791 120 1
105 120 1
1750 120 1
494 120 1
2946 120 1
1325 120 1
226 120 1
1003 120 1
1836 120 1
59 120 1
128 120 1
4 120 1
529 120 1
705 120 1
2165 120 1
114 120 1
0 120 1
1383 120 1
1629 120 1
914 120 1
318 120 1
11 120 1
472 120 1
3314 120 1
1529 120 1
1688 120 1
0 120 1
321 121 1
4052 121 1
2851 121 1
1835 121 1
6 121 1
343 121 1
2372 121 1
100 121 1
3076 121 1
2710 121 1
2738 121 1
690 121 1
3990 121 1
3459 121 1
155 121 1
2566 121 1
1501 121 1
3800 121 1
576 121 1
3984 121 1
20 121 1
12 121 1
27 121 1
682 121 1
458 121 1
526 121 1
972 121 1
772 121 1
3824 121 1
35 121 1
11 121 1
29 121 1
3216 121 1
9 121 1
524 121 1
1657 121 1
337 121 1
2455 121 1
2731 121 1
1997 121 1
3131 121 1
1655 121 1
211 121 1
838 121 1
2996 121 1
198 121 1
1296 121 1
976 121 1
3203 121 1
1468 121 1
3655 121 1
1279 121 1
3820 121 1
2755 121 1
360 121 1
3792 121 1
25 121 1
2876 121 1
1018 121 1
30 121 1
644 121 1
1931 121 1
48 121 1
626 121 1
4119 121 1
201 121 1
18 121 1
44 121 1
231 121 1
50 121 1
744 121 1
729 121 1
3290 121 1
92 121 1
1171 121 1
936 121 1
3826 121 1
1855 121 1
2475 121 1
3906 121 1
351 121 1
1010 121 1
1002 121 1
3325 121 1
1872 121 1
327 121 1
3194 121 1
2387 121 1
915 121 1
2808 121 1
2335 121 1
96 121 1
769 121 1
1876 121 1
3504 121 1
21 121 1
77 121 1
809 121 1
1580 121 1
1804 121 1
1821 121 1
3891 121 1
1009 121 1
2315 121 1
1975 121 1
3381 121 1
3280 121 1
2081 121 1
1086 121 1
1651 121 1
354 121 1
948 121 1
1145 121 1
2405 121 1
1755 121 1
1973 121 1
525 121 1
2882 121 1
433 121 1
3480 121 1
281 121 1
1783 121 1
1384 121 1
1218 121 1
220 121 1
2479 121 1
212 121 1
3996 121 1
269 121 1
48 121 1
25 121 1
3440 121 1
306 121 1
102 121 1
1569 121 1
3065 121 1
2985 121 1
2092 121 1
917 121 1
293 121 1
1157 121 1
262 121 1
3587 121 1
3033 121 1
1995 121 1
2821 121 1
3984 121 1
2374 121 1
1977 121 1
113 121 1
4027 121 1
4016 121 1
585 121 1
1127 122 1
2938 122 1
3940 122 1
2852 122 1
4 122 1
25 122 1
49 122 1
246 122 1
992 122 1
3213 122 1
3131 122 1
2352 122 1
1102 122 1
636 122 1
3124 122 1
942 122 1
249 122 1
52 122 1
3949 122 1
1778 122 1
47 122 1
2683 122 1
4122 122 1
1922 122 1
409 122 1
2007 122 1
2769 122 1
1 122 1
0 122 1
1207 122 1
3423 122 1
315 122 1
835 122 1
1462 122 1
1382 122 1
731 122 1
348 122 1
1741 122 1
45 122 1
4 122 1
2621 122 1
3837 122 1
1012 122 1
2190 122 1
2236 122 1
267 122 1
9 122 1
1209 122 1
2721 122 1
587 122 1
4015 122 1
680 122 1
2220 122 1
1787 122 1
857 122 1
169 122 1
283 122 1
60 122 1
2977 122 1
2898 122 1
140 122 1
657 122 1
627 122 1
4163 122 1
1617 122 1
226 122 1
2732 122 1
3986 122 1
2339 122 1
149 122 1
298 122 1
863 122 1
669 122 1
268 122 1
2032 122 1
2432 122 1
1197 122 1
2740 122 1
2777 122 1
1619 122 1
325 122 1
3975 122 1
3879 122 1
2190 122 1
204 122 1
1424 122 1
2962 122 1
114 122 1
2507 122 1
1936 122 1
1804 122 1
101 122 1
1211 122 1
21 122 1
82 122 1
3502 122 1
2003 122 1
4204 122 1
203 122 1
3369 122 1
2965 122 1
101 122 1
2745 122 1
705 122 1
395 122 1
1 122 1
1339 122 1
67 122 1
20 122 1
13 122 1
4063 122 1
878 122 1
1621 122 1
200 122 1
2423 122 1
528 122 1
0 122 1
638 122 1
2357 122 1
452 122 1
3585 122 1
1056 122 1
21 122 1
2357 122 1
3904 122 1
151 122 1
3780 122 1
112 122 1
983 122 1
1182 122 1
3873 122 1
1594 122 1
3029 122 1
967 122 1
2901 122 1
788 122 1
45 122 1
1010 122 1
3056 122 1
391 122 1
2897 122 1
562 122 1
2 122 1
78 122 1
119 122 1
1759 122 1
1813 122 1
2480 122 1
2679 122 1
814 122 1
0 122 1
419 122 1
202 122 1
3045 123 1
368 123 1
264 123 1
679 123 1
605 123 1
2092 123 1
1453 123 1
2839 123 1
3175 123 1
28 123 1
3234 123 1
2720 123 1
184 123 1
3433 123 1
710 123 1
432 123 1
251 123 1
2761 123 1
2705 123 1
0 123 1
3946 123 1
848 123 1
5 123 1
3838 123 1
853 123 1
476 123 1
1927 123 1
3167 123 1
3183 123 1
3508 123 1
37 123 1
1102 123 1
2921 123 1
724 123 1
1131 123 1
942 123 1
589 123 1
4049 123 1
2755 123 1
1076 123 1
3743 123 1
2372 123 1
3744 123 1
331 123 1
3397 123 1
58 123 1
2278 123 1
2597 123 1
3677 123 1
302 123 1
3770 123 1
3079 123 1
2781 123 1
1 123 1
3206 123 1
1817 123 1
2234 123 1
1559 123 1
840 123 1
1830 123 1
2241 123 1
296 123 1
230 123 1
1927 123 1
1903 123 1
3786 123 1
2703 123 1
1286 123 1
2683 123 1
2681 123 1
1270 123 1
15 123 1
3881 123 1
755 123 1
192 123 1
4 123 1
52 123 1
3491 123 1
2797 123 1
2460 123 1
363 123 1
1597 123 1
366 123 1
1047 123 1
2373 123 1
137 123 1
0 123 1
941 123 1
3191 123 1
3724 123 1
757 123 1
488 123 1
1 123 1
3523 123 1
53 123 1
3 123 1
4093 123 1
4070 123 1
1553 123 1
893 123 1
867 123 1
2307 123 1
734 123 1
192 123 1
194 123 1
1478 123 1
589 123 1
4122 123 1
3069 123 1
354 123 1
455 123 1
210 123 1
422 123 1
0 123 1
584 123 1
2785 123 1
248 123 1
867 123 1
1186 123 1
39 123 1
2031 123 1
864 123 1
2524 123 1
1783 123 1
3148 123 1
3458 123 1
1395 123 1
1911 123 1
2862 123 1
1444 123 1
4199 123 1
2867 123 1
1764 123 1
3893 123 1
1323 123 1
1809 123 1
3042 123 1
2157 123 1
324 123 1
156 123 1
2619 123 1
1742 123 1
655 123 1
2277 123 1
0 123 1
1173 123 1
1818 123 1
3435 123 1
4 123 1
45 123 1
579 123 1
618 123 1
200 123 1
118 124 1
2222 124 1
66 124 1
1 124 1
3656 124 1
214 124 1
948 124 1
159 124 1
3262 124 1
2957 124 1
836 124 1
3263 124 1
598 124 1
1312 124 1
10 124 1
84 124 1
3523 124 1
184 124 1
1486 124 1
3 124 1
508 124 1
198 124 1
151 124 1
3178 124 1
2767 124 1
565 124 1
1132 124 1
160 124 1
423 124 1
12 124 1
79 124 1
714 124 1
1698 124 1
602 124 1
1458 124 1
2882 124 1
4118 124 1
1025 124 1
3052 124 1
19 124 1
478 124 1
26 124 1
341 124 1
764 124 1
10 124 1
4053 124 1
1934 124 1
2708 124 1
1445 124 1
438 124 1
1040 124 1
2499 124 1
169 124 1
676 124 1
131 124 1
3165 124 1
1228 124 1
1045 124 1
495 124 1
3180 124 1
803 124 1
573 124 1
130 124 1
2181 124 1
1648 124 1
3267 124 1
3204 124 1
223 124 1
5 124 1
391 124 1
1732 124 1
1924 124 1
0 124 1
1509 124 1
876 124 1
393 124 1
2022 124 1
4011 124 1
3934 124 1
1561 124 1
28 124 1
1527 124 1
504 124 1
1586 124 1
3240 124 1
315 124 1
1659 124 1
44 124 1
4156 124 1
33 124 1
53 124 1
0 124 1
2414 124 1
2122 124 1
1029 124 1
3254 124 1
289 124 1
2661 124 1
0 124 1
2533 124 1
9 124 1
1181 124 1
924 124 1
3209 124 1
1638 124 1
158 124 1
1655 124 1
15 124 1
197 124 1
2403 124 1
61 124 1
62 124 1
177 124 1
1377 124 1
922 124 1
189 124 1
505 124 1
42 124 1
706 124 1
594 124 1
1112 124 1
384 124 1
144 124 1
349 124 1
3227 124 1
427 124 1
1977 124 1
73 124 1
1249 124 1
3877 124 1
652 124 1
3831 124 1
874 124 1
631 124 1
4 124 1
2846 124 1
1865 124 1
1847 124 1
12 124 1
2941 124 1
1349 124 1
149 124 1
1727 124 1
2042 124 1
8 124 1
3423 124 1
2277 124 1
1699 124 1
4207 124 1
17 124 1
517 124 1
1774 124 1
2636 124 1
1849 125 1
365 125 1
511 125 1
2819 125 1
1607 125 1
1015 125 1
320 125 1
2414 125 1
3369 125 1
2127 125 1
2923 125 1
383 125 1
650 125 1
3576 125 1
3689 125 1
150 125 1
2693 125 1
2979 125 1
3255 125 1
678 125 1
2449 125 1
1423 125 1
474 125 1
2920 125 1
1107 125 1
52 125 1
447 125 1
3 125 1
1981 125 1
10 125 1
167 125 1
1687 125 1
1134 125 1
963 125 1
1062 125 1
2730 125 1
401 125 1
819 125 1
2344 125 1
2603 125 1
218 125 1
2848 125 1
2829 125 1
3662 125 1
38 125 1
780 125 1
1160 125 1
122 125 1
1318 125 1
1810 125 1
653 125 1
2313 125 1
1123 125 1
2 125 1
3700 125 1
1826 125 1
127 125 1
135 125 1
449 125 1
191 125 1
446 125 1
108 125 1
646 125 1
323 125 1
505 125 1
2603 125 1
31 125 1
2135 125 1
10 125 1
712 125 1
649 125 1
2 125 1
344 125 1
3433 125 1
698 125 1
3262 125 1
306 125 1
2195 125 1
581 125 1
1206 125 1
1793 125 1
1773 125 1
3178 125 1
3787 125 1
2640 125 1
501 125 1
154 125 1
1187 125 1
1226 125 1
1211 125 1
1 125 1
3871 125 1
2114 125 1
561 125 1
243 125 1
1426 125 1
2662 125 1
3936 125 1
134 125 1
947 125 1
87 125 1
1348 125 1
3587 125 1
2727 125 1
4061 125 1
3909 125 1
1754 125 1
448 125 1
690 125 1
1507 125 1
2607 125 1
780 125 1
182 125 1
4187 125 1
3607 125 1
70 125 1
1530 125 1
39 125 1
1784 125 1
636 125 1
3164 125 1
401 125 1
144 125 1
1333 125 1
190 125 1
1470 125 1
3534 125 1
359 125 1
2026 125 1
1759 125 1
2158 125 1
20 125 1
65 125 1
4061 125 1
1652 125 1
410 125 1
731 125 1
93 125 1
2150 125 1
2094 125 1
169 125 1
1097 125 1
550 125 1
4 125 1
429 125 1
856 125 1
145 125 1
1925 125 1
946 125 1
3752 125 1
1032 125 1
2094 125 1
3656 125 1
274 126 1
70 126 1
941 126 1
158 126 1
1757 126 1
193 126 1
744 126 1
1244 126 1
0 126 1
859 126 1
1213 126 1
574 126 1
266 126 1
3498 126 1
3461 126 1
2879 126 1
1840 126 1
411 126 1
3 126 1
3057 126 1
29 126 1
1046 126 1
267 126 1
3458 126 1
2013 126 1
833 126 1
95 126 1
2675 126 1
1287 126 1
3556 126 1
125 126 1
293 126 1
231 126 1
568 126 1
184 126 1
2848 126 1
3995 126 1
799 126 1
577 126 1
1348 126 1
4 126 1
3222 126 1
788 126 1
817 126 1
239 126 1
611 126 1
2985 126 1
558 126 1
1850 126 1
3632 126 1
3436 126 1
77 126 1
7 126 1
1353 126 1
517 126 1
3902 126 1
276 126 1
1760 126 1
23 126 1
194 126 1
171 126 1
81 126 1
326 126 1
1660 126 1
1000 126 1
2227 126 1
1528 126 1
2 126 1
3586 126 1
1462 126 1
1918 126 1
919 126 1
25 126 1
33 126 1
2960 126 1
3296 126 1
362 126 1
113 126 1
1306 126 1
405 126 1
133 126 1
2640 126 1
2413 126 1
314 126 1
820 126 1
2108 126 1
1175 126 1
2020 126 1
3810 126 1
1045 126 1
2003 126 1
2788 126 1
1 126 1
899 126 1
1006 126 1
944 126 1
576 126 1
531 126 1
4169 126 1
176 126 1
217 126 1
45 126 1
1015 126 1
2275 126 1
5 126 1
1030 126 1
3624 126 1
2311 126 1
1294 126 1
676 126 1
306 126 1
686 126 1
93 126 1
2591 126 1
1232 126 1
88 126 1
91 126 1
2758 126 1
4114 126 1
302 126 1
29 126 1
4055 126 1
5 126 1
3065 126 1
1754 126 1
867 126 1
598 126 1
422 126 1
623 126 1
415 126 1
2116 126 1
1383 126 1
1089 126 1
3741 126 1
2517 126 1
122 126 1
359 126 1
904 126 1
97 126 1
774 126 1
547 126 1
3412 126 1
569 126 1
1492 126 1
13 126 1
3319 126 1
891 126 1
36 126 1
3337 126 1
60 126 1
141 126 1
9 126 1
1678 126 1
9 127 1
2480 127 1
1108 127 1
505 127 1
1600 127 1
1019 127 1
1328 127 1
2235 127 1
2134 127 1
2426 127 1
1670 127 1
613 127 1
24 127 1
2903 127 1
1007 127 1
228 127 1
3248 127 1
992 127 1
6 127 1
2252 127 1
357 127 1
279 127 1
752 127 1
318 127 1
2210 127 1
447 127 1
1474 127 1
761 127 1
1021 127 1
288 127 1
112 127 1
79 127 1
2283 127 1
2720 127 1
38 127 1
244 127 1
1232 127 1
3325 127 1
214 127 1
1387 127 1
866 127 1
471 127 1
155 127 1
883 127 1
3572 127 1
1135 127 1
177 127 1
3626 127 1
631 127 1
628 127 1
16 127 1
0 127 1
390 127 1
2722 127 1
2395 127 1
644 127 1
0 127 1
348 127 1
1184 127 1
469 127 1
1228 127 1
1335 127 1
622 127 1
563 127 1
14 127 1
1485 127 1
1490 127 1
14 127 1
258 127 1
368 127 1
1337 127 1
4049 127 1
2480 127 1
525 127 1
1278 127 1
326 127 1
4205 127 1
131 127 1
581 127 1
1168 127 1
830 127 1
2063 127 1
848 127 1
4033 127 1
868 127 1
71 127 1
811 127 1
2240 127 1
158 127 1
1804 127 1
3719 127 1
534 127 1
2422 127 1
1020 127 1
3156 127 1
1688 127 1
104 127 1
12 127 1
3137 127 1
3572 127 1
892 127 1
357 127 1
1789 127 1
2477 127 1
40 127 1
3757 127 1
206 127 1
214 127 1
2 127 1
777 127 1
312 127 1
2125 127 1
2 127 1
2435 127 1
2637 127 1
885 127 1
2300 127 1
3801 127 1
510 127 1
2713 127 1
2919 127 1
4 127 1
218 127 1
162 127 1
3168 127 1
238 127 1
936 127 1
542 127 1
16 127 1
201 127 1
1698 127 1
8 127 1
755 127 1
876 127 1
3109 127 1
0 127 1
2845 127 1
1601 127 1
595 127 1
2149 127 1
444 127 1
108 127 1
1199 127 1
399 127 1
1342 127 1
851 127 1
827 127 1
24 127 1
2709 127 1
1067 127 1
63 127 1
917 127 1
2436 127 1
1813 128 1
292 128 1
4082 128 1
3531 128 1
100 128 1
2840 128 1
25 128 1
3189 128 1
2552 128 1
352 128 1
4 128 1
3611 128 1
209 128 1
1122 128 1
3668 128 1
2622 128 1
109 128 1
365 128 1
10 128 1
1776 128 1
1900 128 1
3038 128 1
22 128 1
1557 128 1
285 128 1
358 128 1
3030 128 1
1064 128 1
825 128 1
3341 128 1
643 128 1
34 128 1
41 128 1
209 128 1
1820 128 1
53 128 1
420 128 1
1016 128 1
3299 128 1
180 128 1
1243 128 1
2182 128 1
46 128 1
194 128 1
607 128 1
440 128 1
3498 128 1
2309 128 1
112 128 1
530 128 1
1741 128 1
1597 128 1
3983 128 1
3925 128 1
9 128 1
1917 128 1
924 128 1
35 128 1
267 128 1
2569 128 1
2106 128 1
542 128 1
2815 128 1
2945 128 1
1581 128 1
1115 128 1
2121 128 1
2358 128 1
4140 128 1
1740 128 1
3566 128 1
1523 128 1
3642 128 1
897 128 1
747 128 1
818 128 1
18 128 1
1321 128 1
50 128 1
214 128 1
106 128 1
79 128 1
801 128 1
1849 128 1
3609 128 1
322 128 1
67 128 1
1195 128 1
3719 128 1
239 128 1
147 128 1
3812 128 1
2440 128 1
3628 128 1
2090 128 1
2567 128 1
1571 128 1
0 128 1
1606 128 1
1261 128 1
438 128 1
597 128 1
182 128 1
4197 128 1
952 128 1
244 128 1
2893 128 1
2728 128 1
1131 128 1
3536 128 1
3683 128 1
329 128 1
3524 128 1
513 128 1
529 128 1
2782 128 1
2513 128 1
223 128 1
478 128 1
3774 128 1
811 128 1
1807 128 1
175 128 1
47 128 1
421 128 1
40 128 1
3327 128 1
3922 128 1
1558 128 1
1751 128 1
38 128 1
2119 128 1
17 128 1
519 128 1
75 128 1
1856 128 1
282 128 1
3581 128 1
3652 128 1
151 128 1
1857 128 1
57 128 1
781 128 1
270 128 1
325 128 1
2511 128 1
3468 128 1
380 128 1
481 128 1
250 128 1
23 128 1
816 128 1
261 128 1
3725 129 1
2075 129 1
2660 129 1
15 129 1
867 129 1
3 129 1
2060 129 1
796 129 1
761 129 1
289 129 1
564 129 1
1395 129 1
2597 129 1
2772 129 1
1961 129 1
443 129 1
335 129 1
3550 129 1
5 129 1
125 129 1
274 129 1
356 129 1
3484 129 1
1679 129 1
832 129 1
26 129 1
3388 129 1
2 129 1
136 129 1
2400 129 1
36 129 1
615 129 1
1335 129 1
135 129 1
1657 129 1
1986 129 1
303 129 1
1 129 1
344 129 1
2649 129 1
49 129 1
3445 129 1
22 129 1
788 129 1
28 129 1
201 129 1
1171 129 1
1004 129 1
203 129 1
15 129 1
2074 129 1
822 129 1
301 129 1
3 129 1
3092 129 1
147 129 1
113 129 1
2957 129 1
0 129 1
100 129 1
327 129 1
124 129 1
86 129 1
1776 129 1
1818 129 1
3834 129 1
566 129 1
1837 129 1
3696 129 1
2057 129 1
2826 129 1
0 129 1
38 129 1
75 129 1
559 129 1
10 129 1
482 129 1
1922 129 1
496 129 1
1393 129 1
96 129 1
1 129 1
312 129 1
3503 129 1
2575 129 1
119 129 1
713 129 1
375 129 1
2634 129 1
2293 129 1
4058 129 1
2507 129 1
3390 129 1
3288 129 1
900 129 1
2966 129 1
2996 129 1
814 129 1
139 129 1
277 129 1
2963 129 1
3861 129 1
540 129 1
1791 129 1
1224 129 1
1 129 1
57 129 1
244 129 1
553 129 1
407 129 1
74 129 1
77 129 1
3457 129 1
178 129 1
2504 129 1
8 129 1
1592 129 1
5 129 1
239 129 1
3950 129 1
3740 129 1
3914 129 1
1739 129 1
4012 129 1
2384 129 1
3017 129 1
3726 129 1
4175 129 1
1574 129 1
2814 129 1
3500 129 1
433 129 1
2993 129 1
68 129 1
390 129 1
3828 129 1
134 129 1
581 129 1
2057 129 1
734 129 1
1434 129 1
314 129 1
333 129 1
650 129 1
4017 129 1
146 129 1
680 129 1
710 129 1
1590 129 1
3 129 1
11 129 1
1027 129 1
1981 129 1
2 130 1
1207 130 1
66 130 1
3965 130 1
53 130 1
1694 130 1
1501 130 1
3478 130 1
3014 130 1
1729 130 1
8 130 1
401 130 1
3579 130 1
1972 130 1
2153 130 1
1217 130 1
2620 130 1
2591 130 1
1574 130 1
415 130 1
147 130 1
1297 130 1
77 130 1
3642 130 1
2100 130 1
2057 130 1
958 130 1
1 130 1
3905 130 1
1625 130 1
200 130 1
636 130 1
84 130 1
384 130 1
1680 130 1
3135 130 1
2534 130 1
0 130 1
70 130 1
1392 130 1
1917 130 1
3145 130 1
43 130 1
0 130 1
1 130 1
1353 130 1
1952 130 1
945 130 1
2265 130 1
409 130 1
340 130 1
131 130 1
361 130 1
923 130 1
0 130 1
3868 130 1
1414 130 1
256 130 1
728 130 1
2361 130 1
1116 130 1
431 130 1
331 130 1
460 130 1
881 130 1
1 130 1
270 130 1
777 130 1
1145 130 1
19 130 1
851 130 1
1 130 1
343 130 1
56 130 1
2284 130 1
3432 130 1
1858 130 1
527 130 1
1902 130 1
3719 130 1
4029 130 1
3298 130 1
3135 130 1
1855 130 1
767 130 1
0 130 1
1844 130 1
1123 130 1
1278 130 1
418 130 1
1700 130 1
92 130 1
225 130 1
790 130 1
127 130 1
692 130 1
27 130 1
3125 130 1
409 130 1
51 130 1
137 130 1
3218 130 1
3480 130 1
3716 130 1
3790 130 1
2054 130 1
1275 130 1
1 130 1
946 130 1
224 130 1
73 130 1
526 130 1
25 130 1
1225 130 1
862 130 1
21 130 1
3589 130 1
1918 130 1
2253 130 1
131 130 1
260 130 1
800 130 1
736 130 1
2439 130 1
3833 130 1
284 130 1
3297 130 1
1494 130 1
461 130 1
263 130 1
1768 130 1
2340 130 1
3126 130 1
1192 130 1
136 130 1
102 130 1
171 130 1
2045 130 1
183 130 1
351 130 1
46 130 1
483 130 1
3747 130 1
1831 130 1
2521 130 1
225 130 1
3136 130 1
1527 130 1
3145 130 1
270 130 1
1105 130 1
2321 130 1
3657 130 1
266 131 1
1549 131 1
2283 131 1
113 131 1
771 131 1
1881 131 1
704 131 1
2050 131 1
3198 131 1
598 131 1
502 131 1
315 131 1
1437 131 1
2553 131 1
3718 131 1
3585 131 1
78 131 1
948 131 1
92 131 1
102 131 1
1748 131 1
986 131 1
4154 131 1
1525 131 1
2035 131 1
2960 131 1
3148 131 1
2076 131 1
131 131 1
258 131 1
1342 131 1
7 131 1
71 131 1
128 131 1
1586 131 1
3578 131 1
532 131 1
1106 131 1
1913 131 1
940 131 1
157 131 1
102 131 1
15 131 1
2909 131 1
84 131 1
881 131 1
111 131 1
165 131 1
0 131 1
346 131 1
76 131 1
2350 131 1
441 131 1
767 131 1
1352 131 1
3573 131 1
1684 131 1
239 131 1
624 131 1
2003 131 1
100 131 1
93 131 1
65 131 1
124 131 1
404 131 1
1371 131 1
669 131 1
446 131 1
914 131 1
243 131 1
205 131 1
1994 131 1
13 131 1
1642 131 1
1466 131 1
2471 131 1
2511 131 1
734 131 1
97 131 1
870 131 1
573 131 1
900 131 1
2508 131 1
1714 131 1
4185 131 1
602 131 1
2710 131 1
20 131 1
1261 131 1
219 131 1
2362 131 1
970 131 1
1979 131 1
1197 131 1
1140 131 1
202 131 1
999 131 1
62 131 1
3769 131 1
2488 131 1
260 131 1
837 131 1
2406 131 1
105 131 1
2544 131 1
986 131 1
185 131 1
224 131 1
177 131 1
296 131 1
4183 131 1
2403 131 1
2 131 1
2849 131 1
951 131 1
11 131 1
1624 131 1
148 131 1
604 131 1
41 131 1
1116 131 1
2461 131 1
1760 131 1
246 131 1
26 131 1
2523 131 1
1825 131 1
6 131 1
17 131 1
501 131 1
1184 131 1
2748 131 1
323 131 1
0 131 1
3 131 1
1122 131 1
224 131 1
30 131 1
421 131 1
2672 131 1
1693 131 1
1720 131 1
2909 131 1
1901 131 1
3411 131 1
497 131 1
345 131 1
588 131 1
3013 131 1
2025 131 1
2267 131 1
526 131 1
2414 131 1
1505 132 1
59 132 1
30 132 1
1630 132 1
280 132 1
432 132 1
600 132 1
2287 132 1
359 132 1
1447 132 1
0 132 1
558 132 1
3829 132 1
3013 132 1
2952 132 1
3286 132 1
1024 132 1
1076 132 1
2419 132 1
2859 132 1
673 132 1
1194 132 1
320 132 1
3930 132 1
2607 132 1
3518 132 1
983 132 1
1334 132 1
1237 132 1
1414 132 1
3846 132 1
161 132 1
599 132 1
2977 132 1
8 132 1
576 132 1
4044 132 1
1298 132 1
2388 132 1
3063 132 1
1227 132 1
1972 132 1
1530 132 1
525 132 1
156 132 1
366 132 1
1284 132 1
2468 132 1
2204 132 1
2671 132 1
2775 132 1
1226 132 1
391 132 1
23 132 1
968 132 1
2585 132 1
71 132 1
697 132 1
272 132 1
1783 132 1
1675 132 1
1985 132 1
3 132 1
163 132 1
833 132 1
2650 132 1
164 132 1
39 132 1
2679 132 1
827 132 1
1706 132 1
0 132 1
1804 132 1
431 132 1
2272 132 1
417 132 1
24 132 1
1101 132 1
26 132 1
3849 132 1
2318 132 1
6 132 1
1868 132 1
616 132 1
68 132 1
1334 132 1
2288 132 1
481 132 1
3392 132 1
2194 132 1
2789 132 1
1612 132 1
445 132 1
1997 132 1
953 132 1
208 132 1
3366 132 1
1160 132 1
1151 132 1
656 132 1
18 132 1
316 132 1
1861 132 1
843 132 1
1030 132 1
2057 132 1
3878 132 1
3914 132 1
1760 132 1
49 132 1
283 132 1
21 132 1
999 132 1
2773 132 1
559 132 1
1495 132 1
633 132 1
309 132 1
2958 132 1
2163 132 1
1315 132 1
190 132 1
66 132 1
5 132 1
3380 132 1
2750 132 1
166 132 1
441 132 1
1156 132 1
979 132 1
68 132 1
879 132 1
1346 132 1
1 132 1
2049 132 1
371 132 1
185 132 1
348 132 1
534 132 1
1766 132 1
1011 132 1
2011 132 1
267 132 1
2034 132 1
19 132 1
3505 132 1
857 132 1
2563 132 1
212 132 1
1018 132 1
2667 132 1
2327 132 1
310 132 1
1929 133 1
3052 133 1
144 133 1
2 133 1
3 133 1
787 133 1
4040 133 1
948 133 1
4164 133 1
1912 133 1
8 133 1
445 133 1
730 133 1
245 133 1
3716 133 1
778 133 1
40 133 1
49 133 1
424 133 1
957 133 1
833 133 1
604 133 1
1772 133 1
0 133 1
11 133 1
2050 133 1
2 133 1
4042 133 1
49 133 1
3506 133 1
2153 133 1
2057 133 1
793 133 1
624 133 1
64 133 1
2754 133 1
38 133 1
1162 133 1
915 133 1
1 133 1
3430 133 1
3934 133 1
3803 133 1
1353 133 1
278 133 1
536 133 1
2307 133 1
3607 133 1
1578 133 1
2026 133 1
3916 133 1
523 133 1
379 133 1
21 133 1
62 133 1
2205 133 1
158 133 1
313 133 1
12 133 1
2785 133 1
755 133 1
930 133 1
2807 133 1
3911 133 1
3370 133 1
1 133 1
385 133 1
851 133 1
2719 133 1
985 133 1
232 133 1
3734 133 1
50 133 1
468 133 1
106 133 1
600 133 1
85 133 1
733 133 1
13 133 1
8 133 1
719 133 1
188 133 1
3919 133 1
16 133 1
2794 133 1
257 133 1
365 133 1
1530 133 1
77 133 1
43 133 1
13 133 1
503 133 1
3751 133 1
1459 133 1
1538 133 1
2705 133 1
3456 133 1
3392 133 1
2150 133 1
29 133 1
2598 133 1
3424 133 1
2043 133 1
147 133 1
1956 133 1
3541 133 1
3693 133 1
5 133 1
23 133 1
3133 133 1
4070 133 1
105 133 1
220 133 1
1255 133 1
227 133 1
2807 133 1
1290 133 1
1576 133 1
365 133 1
12 133 1
248 133 1
2836 133 1
2444 133 1
2340 133 1
1282 133 1
3006 133 1
2791 133 1
840 133 1
995 133 1
1951 133 1
3592 133 1
318 133 1
3607 133 1
887 133 1
96 133 1
58 133 1
3267 133 1
3173 133 1
3041 133 1
594 133 1
314 133 1
104 133 1
2727 133 1
992 133 1
638 133 1
2106 133 1
20 133 1
0 133 1
1135 133 1
3111 133 1
1878 133 1
3271 133 1
1411 133 1
716 134 1
0 134 1
2182 134 1
486 134 1
3037 134 1
211 134 1
1088 134 1
423 134 1
1630 134 1
4155 134 1
738 134 1
371 134 1
288 134 1
3833 134 1
1 134 1
6 134 1
2406 134 1
1472 134 1
139 134 1
0 134 1
3532 134 1
3748 134 1
4049 134 1
1465 134 1
815 134 1
3043 134 1
54 134 1
905 134 1
170 134 1
1759 134 1
1472 134 1
1172 134 1
251 134 1
625 134 1
161 134 1
2844 134 1
3208 134 1
22 134 1
1538 134 1
32 134 1
136 134 1
8 134 1
2336 134 1
313 134 1
449 134 1
3957 134 1
2851 134 1
3 134 1
291 134 1
4118 134 1
2336 134 1
175 134 1
1526 134 1
370 134 1
685 134 1
2511 134 1
399 134 1
282 134 1
54 134 1
2915 134 1
469 134 1
2050 134 1
4134 134 1
636 134 1
1417 134 1
0 134 1
773 134 1
3423 134 1
129 134 1
12 134 1
868 134 1
315 134 1
495 134 1
4016 134 1
251 134 1
3149 134 1
66 134 1
4031 134 1
3250 134 1
2804 134 1
589 134 1
132 134 1
3851 134 1
460 134 1
91 134 1
62 134 1
240 134 1
31 134 1
658 134 1
1982 134 1
2787 134 1
923 134 1
3443 134 1
359 134 1
55 134 1
468 134 1
107 134 1
3366 134 1
859 134 1
394 134 1
293 134 1
681 134 1
1 134 1
497 134 1
857 134 1
1081 134 1
3013 134 1
57 134 1
3076 134 1
1546 134 1
2750 134 1
764 134 1
2360 134 1
193 134 1
3443 134 1
20 134 1
313 134 1
126 134 1
40 134 1
96 134 1
542 134 1
3256 134 1
701 134 1
497 134 1
2660 134 1
957 134 1
3775 134 1
3932 134 1
168 134 1
349 134 1
274 134 1
3995 134 1
1 134 1
1493 134 1
132 134 1
97 134 1
2196 134 1
3420 134 1
2125 134 1
1115 134 1
1166 134 1
657 134 1
2 134 1
27 134 1
722 134 1
3699 134 1
237 134 1
3757 134 1
192 134 1
225 134 1
4067 134 1
1376 134 1
3336 134 1
63 135 1
1273 135 1
139 135 1
104 135 1
1005 135 1
3796 135 1
6 135 1
4091 135 1
690 135 1
63 135 1
284 135 1
2635 135 1
3871 135 1
388 135 1
1068 135 1
1807 135 1
3603 135 1
3877 135 1
18 135 1
8 135 1
2383 135 1
265 135 1
3333 135 1
3224 135 1
45 135 1
2892 135 1
1412 135 1
553 135 1
2884 135 1
228 135 1
2322 135 1
1069 135 1
370 135 1
99 135 1
45 135 1
502 135 1
928 135 1
7 135 1
3286 135 1
3202 135 1
3747 135 1
880 135 1
106 135 1
2213 135 1
587 135 1
156 135 1
176 135 1
349 135 1
1888 135 1
507 135 1
1860 135 1
824 135 1
1760 135 1
1241 135 1
65 135 1
843 135 1
13 135 1
1827 135 1
2165 135 1
999 135 1
188 135 1
601 135 1
346 135 1
1773 135 1
0 135 1
3340 135 1
3028 135 1
2255 135 1
1058 135 1
428 135 1
55 135 1
3375 135 1
2850 135 1
3277 135 1
3322 135 1
1673 135 1
681 135 1
1343 135 1
825 135 1
576 135 1
2601 135 1
711 135 1
541 135 1
515 135 1
277 135 1
1274 135 1
3145 135 1
1040 135 1
830 135 1
0 135 1
719 135 1
50 135 1
3706 135 1
3902 135 1
1038 135 1
654 135 1
369 135 1
84 135 1
1047 135 1
10 135 1
2673 135 1
1896 135 1
2747 135 1
3901 135 1
204 135 1
110 135 1
693 135 1
3815 135 1
2845 135 1
252 135 1
2221 135 1
1982 135 1
30 135 1
1719 135 1
1804 135 1
33 135 1
184 135 1
108 135 1
3074 135 1
112 135 1
601 135 1
321 135 1
20 135 1
3199 135 1
4114 135 1
231 135 1
1480 135 1
641 135 1
1159 135 1
2189 135 1
54 135 1
3206 135 1
3136 135 1
1794 135 1
3054 135 1
153 135 1
3370 135 1
2393 135 1
1230 135 1
1372 135 1
2593 135 1
2843 135 1
2175 135 1
0 135 1
1771 135 1
1077 135 1
2359 135 1
3690 135 1
10 135 1
63 135 1
224 135 1
2210 135 1
2475 135 1
2877 136 1
1559 136 1
210 136 1
1362 136 1
113 136 1
116 136 1
3258 136 1
827 136 1
248 136 1
3940 136 1
321 136 1
1262 136 1
1055 136 1
3189 136 1
605 136 1
1448 136 1
2711 136 1
1309 136 1
2658 136 1
1863 136 1
407 136 1
2491 136 1
53 136 1
1808 136 1
808 136 1
284 136 1
732 136 1
1 136 1
1016 136 1
1234 136 1
526 136 1
3299 136 1
19 136 1
1896 136 1
2550 136 1
32 136 1
44 136 1
1957 136 1
3004 136 1
317 136 1
1747 136 1
303 136 1
453 136 1
2085 136 1
1178 136 1
3312 136 1
3560 136 1
86 136 1
468 136 1
3250 136 1
485 136 1
1817 136 1
835 136 1
4 136 1
1074 136 1
6 136 1
3367 136 1
1667 136 1
351 136 1
463 136 1
729 136 1
1199 136 1
1572 136 1
48 136 1
148 136 1
794 136 1
2281 136 1
36 136 1
72 136 1
1996 136 1
367 136 1
1248 136 1
524 136 1
850 136 1
29 136 1
705 136 1
3979 136 1
1655 136 1
2125 136 1
2512 136 1
2877 136 1
268 136 1
233 136 1
1553 136 1
209 136 1
1258 136 1
53 136 1
825 136 1
93 136 1
1457 136 1
287 136 1
1274 136 1
1907 136 1
1032 136 1
1947 136 1
754 136 1
4 136 1
1883 136 1
2087 136 1
3568 136 1
1820 136 1
3704 136 1
2060 136 1
4159 136 1
44 136 1
1339 136 1
2910 136 1
2249 136 1
102 136 1
1718 136 1
230 136 1
1097 136 1
4040 136 1
397 136 1
877 136 1
1844 136 1
1045 136 1
403 136 1
1133 136 1
2179 136 1
1045 136 1
838 136 1
574 136 1
0 136 1
2608 136 1
6 136 1
2664 136 1
1630 136 1
3108 136 1
1536 136 1
951 136 1
414 136 1
1663 136 1
337 136 1
1973 136 1
2527 136 1
466 136 1
2155 136 1
52 136 1
564 136 1
159 136 1
2641 136 1
829 136 1
4159 136 1
402 136 1
2243 136 1
1905 136 1
115 136 1
3611 136 1
10 136 1
2230 136 1
503 136 1
3842 136 1
624 137 1
2677 137 1
4 137 1
3060 137 1
2314 137 1
1559 137 1
1095 137 1
1763 137 1
3201 137 1
3 137 1
106 137 1
216 137 1
585 137 1
129 137 1
196 137 1
869 137 1
2080 137 1
67 137 1
1320 137 1
41 137 1
130 137 1
994 137 1
116 137 1
4 137 1
2037 137 1
2293 137 1
2535 137 1
1686 137 1
28 137 1
435 137 1
1115 137 1
753 137 1
16 137 1
434 137 1
2043 137 1
3 137 1
852 137 1
1743 137 1
3050 137 1
4 137 1
1050 137 1
56 137 1
44 137 1
3729 137 1
346 137 1
823 137 1
2270 137 1
3231 137 1
1279 137 1
791 137 1
893 137 1
1506 137 1
3935 137 1
541 137 1
1127 137 1
590 137 1
1610 137 1
320 137 1
96 137 1
3382 137 1
374 137 1
2926 137 1
109 137 1
327 137 1
0 137 1
674 137 1
3087 137 1
1064 137 1
1400 137 1
3922 137 1
1315 137 1
3485 137 1
118 137 1
1267 137 1
1816 137 1
598 137 1
1293 137 1
698 137 1
2845 137 1
3471 137 1
1342 137 1
69 137 1
3792 137 1
2132 137 1
2298 137 1
846 137 1
21 137 1
58 137 1
61 137 1
3 137 1
644 137 1
685 137 1
2013 137 1
1857 137 1
110 137 1
4 137 1
678 137 1
554 137 1
585 137 1
2371 137 1
20 137 1
0 137 1
801 137 1
785 137 1
1574 137 1
4055 137 1
23 137 1
104 137 1
2308 137 1
85 137 1
3444 137 1
4 137 1
205 137 1
268 137 1
809 137 1
1185 137 1
2541 137 1
2296 137 1
24 137 1
1725 137 1
373 137 1
2672 137 1
2074 137 1
374 137 1
3929 137 1
931 137 1
2127 137 1
3677 137 1
145 137 1
1496 137 1
776 137 1
600 137 1
79 137 1
588 137 1
3105 137 1
3090 137 1
3042 137 1
2480 137 1
2573 137 1
161 137 1
2839 137 1
812 137 1
4189 137 1
1682 137 1
1036 137 1
3362 137 1
249 137 1
732 137 1
3137 137 1
601 137 1
2553 137 1
58 137 1
1103 137 1
2920 138 1
1229 138 1
2660 138 1
1439 138 1
569 138 1
29 138 1
148 138 1
498 138 1
64 138 1
3156 138 1
480 138 1
10 138 1
0 138 1
4 138 1
414 138 1
310 138 1
32 138 1
1673 138 1
2429 138 1
4 138 1
3626 138 1
2073 138 1
1506 138 1
1401 138 1
1207 138 1
1366 138 1
1051 138 1
920 138 1
466 138 1
1603 138 1
832 138 1
1209 138 1
1037 138 1
179 138 1
353 138 1
803 138 1
9 138 1
97 138 1
2120 138 1
1928 138 1
42 138 1
2107 138 1
16 138 1
483 138 1
263 138 1
0 138 1
83 138 1
195 138 1
2849 138 1
2529 138 1
148 138 1
1197 138 1
1692 138 1
2486 138 1
1095 138 1
373 138 1
2321 138 1
2123 138 1
177 138 1
2762 138 1
990 138 1
236 138 1
195 138 1
1355 138 1
250 138 1
2125 138 1
15 138 1
96 138 1
398 138 1
977 138 1
281 138 1
3076 138 1
2210 138 1
1 138 1
655 138 1
2737 138 1
974 138 1
2882 138 1
1202 138 1
1930 138 1
731 138 1
4035 138 1
131 138 1
61 138 1
3028 138 1
2263 138 1
206 138 1
3597 138 1
4108 138 1
1755 138 1
2784 138 1
3932 138 1
3327 138 1
2116 138 1
4010 138 1
470 138 1
2932 138 1
40 138 1
184 138 1
1162 138 1
3229 138 1
1532 138 1
1909 138 1
215 138 1
3079 138 1
648 138 1
2611 138 1
215 138 1
2252 138 1
1286 138 1
207 138 1
97 138 1
269 138 1
2722 138 1
0 138 1
2245 138 1
618 138 1
3519 138 1
120 138 1
247 138 1
128 138 1
2149 138 1
2794 138 1
529 138 1
1332 138 1
34 138 1
557 138 1
1111 138 1
1974 138 1
2995 138 1
113 138 1
1010 138 1
1200 138 1
13 138 1
3 138 1
413 138 1
241 138 1
31 138 1
0 138 1
12 138 1
2984 138 1
39 138 1
1951 138 1
2220 138 1
823 138 1
1957 138 1
606 138 1
3102 138 1
72 138 1
863 138 1
1431 138 1
3899 138 1
2585 138 1
690 139 1
2599 139 1
2 139 1
1318 139 1
785 139 1
1185 139 1
56 139 1
2497 139 1
1078 139 1
1228 139 1
86 139 1
681 139 1
1857 139 1
354 139 1
2443 139 1
459 139 1
131 139 1
697 139 1
1865 139 1
175 139 1
1258 139 1
1410 139 1
2990 139 1
2976 139 1
15 139 1
245 139 1
715 139 1
585 139 1
242 139 1
888 139 1
2855 139 1
1995 139 1
1492 139 1
35 139 1
111 139 1
0 139 1
80 139 1
26 139 1
2825 139 1
105 139 1
1 139 1
804 139 1
1 139 1
4 139 1
590 139 1
2430 139 1
20 139 1
3021 139 1
12 139 1
3511 139 1
1912 139 1
282 139 1
855 139 1
1693 139 1
3452 139 1
19 139 1
979 139 1
3034 139 1
3505 139 1
705 139 1
321 139 1
30 139 1
1365 139 1
1159 139 1
2542 139 1
1038 139 1
2880 139 1
1655 139 1
2512 139 1
88 139 1
789 139 1
31 139 1
2249 139 1
929 139 1
3309 139 1
6 139 1
34 139 1
2289 139 1
31 139 1
538 139 1
369 139 1
553 139 1
642 139 1
308 139 1
3641 139 1
109 139 1
817 139 1
853 139 1
1023 139 1
2134 139 1
1797 139 1
562 139 1
0 139 1
1004 139 1
1364 139 1
245 139 1
859 139 1
481 139 1
1271 139 1
2329 139 1
781 139 1
1649 139 1
1719 139 1
0 139 1
1199 139 1
247 139 1
413 139 1
84 139 1
4068 139 1
6 139 1
3873 139 1
374 139 1
1939 139 1
4125 139 1
25 139 1
470 139 1
705 139 1
317 139 1
262 139 1
1 139 1
2197 139 1
1710 139 1
1969 139 1
853 139 1
1466 139 1
3979 139 1
2781 139 1
661 139 1
653 139 1
3968 139 1
1691 139 1
2877 139 1
3826 139 1
2354 139 1
3883 139 1
1193 139 1
1192 139 1
3731 139 1
2749 139 1
65 139 1
3557 139 1
1094 139 1
1235 139 1
1338 139 1
1210 139 1
646 139 1
610 139 1
3208 139 1
71 139 1
674 139 1
147 139 1
1081 139 1
943 139 1
1489 140 1
6 140 1
9 140 1
950 140 1
1562 140 1
1612 140 1
1387 140 1
3584 140 1
241 140 1
3091 140 1
3776 140 1
2395 140 1
134 140 1
823 140 1
3064 140 1
17 140 1
2146 140 1
4097 140 1
2507 140 1
2875 140 1
727 140 1
2118 140 1
2743 140 1
332 140 1
499 140 1
3361 140 1
463 140 1
2685 140 1
248 140 1
3000 140 1
826 140 1
3177 140 1
125 140 1
3234 140 1
1073 140 1
56 140 1
65 140 1
105 140 1
3074 140 1
3719 140 1
4000 140 1
343 140 1
2469 140 1
104 140 1
362 140 1
759 140 1
123 140 1
1078 140 1
3963 140 1
11 140 1
2906 140 1
1539 140 1
176 140 1
390 140 1
311 140 1
1167 140 1
688 140 1
2851 140 1
3334 140 1
417 140 1
36 140 1
2065 140 1
468 140 1
598 140 1
1129 140 1
141 140 1
94 140 1
514 140 1
3157 140 1
135 140 1
61 140 1
3400 140 1
177 140 1
340 140 1
2571 140 1
216 140 1
1930 140 1
2296 140 1
877 140 1
1814 140 1
606 140 1
3563 140 1
3921 140 1
1150 140 1
125 140 1
2812 140 1
747 140 1
11 140 1
4179 140 1
4042 140 1
354 140 1
2549 140 1
2515 140 1
150 140 1
2391 140 1
147 140 1
9 140 1
809 140 1
547 140 1
345 140 1
2666 140 1
1600 140 1
2750 140 1
205 140 1
1648 140 1
198 140 1
3879 140 1
6 140 1
150 140 1
313 140 1
2984 140 1
1929 140 1
414 140 1
3315 140 1
3370 140 1
3054 140 1
198 140 1
15 140 1
122 140 1
2921 140 1
3259 140 1
3950 140 1
2 140 1
462 140 1
3574 140 1
132 140 1
386 140 1
524 140 1
284 140 1
1157 140 1
36 140 1
1 140 1
519 140 1
1911 140 1
154 140 1
435 140 1
3277 140 1
332 140 1
978 140 1
2993 140 1
17 140 1
723 140 1
169 140 1
456 140 1
274 140 1
1653 140 1
978 140 1
2178 140 1
110 140 1
2339 140 1
617 140 1
2061 140 1
21 140 1
166 141 1
27 141 1
1468 141 1
802 141 1
499 141 1
863 141 1
141 141 1
46 141 1
1003 141 1
1778 141 1
15 141 1
828 141 1
1936 141 1
268 141 1
794 141 1
1118 141 1
2402 141 1
35 141 1
12 141 1
2881 141 1
2730 141 1
3433 141 1
1993 141 1
2499 141 1
103 141 1
81 141 1
2421 141 1
1759 141 1
101 141 1
565 141 1
322 141 1
2129 141 1
386 141 1
3738 141 1
2938 141 1
920 141 1
1147 141 1
2682 141 1
3402 141 1
2292 141 1
1516 141 1
889 141 1
2838 141 1
91 141 1
747 141 1
223 141 1
1170 141 1
2370 141 1
2 141 1
36 141 1
1546 141 1
1034 141 1
350 141 1
2879 141 1
2884 141 1
121 141 1
323 141 1
2 141 1
422 141 1
2109 141 1
1431 141 1
520 141 1
1794 141 1
1407 141 1
1484 141 1
4137 141 1
44 141 1
63 141 1
577 141 1
114 141 1
525 141 1
160 141 1
115 141 1
2193 141 1
123 141 1
995 141 1
1627 141 1
69 141 1
875 141 1
2471 141 1
0 141 1
40 141 1
326 141 1
1629 141 1
59 141 1
19 141 1
4114 141 1
547 141 1
2647 141 1
8 141 1
180 141 1
3 141 1
5 141 1
1022 141 1
3972 141 1
10 141 1
85 141 1
2782 141 1
2325 141 1
3759 141 1
2525 141 1
1663 141 1
3478 141 1
3997 141 1
3591 141 1
2437 141 1
263 141 1
509 141 1
1499 141 1
192 141 1
13 141 1
1967 141 1
261 141 1
954 141 1
1389 141 1
1802 141 1
3252 141 1
407 141 1
3566 141 1
2168 141 1
607 141 1
1954 141 1
2409 141 1
17 141 1
505 141 1
580 141 1
3749 141 1
933 141 1
3816 141 1
1094 141 1
2235 141 1
2839 141 1
3908 141 1
413 141 1
2625 141 1
292 141 1
2604 141 1
91 141 1
895 141 1
268 141 1
99 141 1
11 141 1
57 141 1
133 141 1
267 141 1
1105 141 1
191 141 1
3212 141 1
2956 141 1
2527 141 1
3363 141 1
2762 141 1
2783 141 1
44 142 1
296 142 1
1424 142 1
2923 142 1
3029 142 1
1161 142 1
4 142 1
1759 142 1
2504 142 1
238 142 1
677 142 1
1325 142 1
1263 142 1
31 142 1
768 142 1
864 142 1
2542 142 1
3181 142 1
3881 142 1
816 142 1
398 142 1
3805 142 1
2879 142 1
1269 142 1
619 142 1
3729 142 1
3110 142 1
4002 142 1
576 142 1
3504 142 1
226 142 1
2403 142 1
123 142 1
3109 142 1
167 142 1
3925 142 1
3285 142 1
776 142 1
3799 142 1
320 142 1
109 142 1
1335 142 1
2097 142 1
594 142 1
633 142 1
71 142 1
61 142 1
32 142 1
121 142 1
1654 142 1
4 142 1
135 142 1
634 142 1
793 142 1
736 142 1
1420 142 1
5 142 1
3323 142 1
121 142 1
460 142 1
609 142 1
887 142 1
3720 142 1
1049 142 1
1496 142 1
74 142 1
3543 142 1
78 142 1
1 142 1
960 142 1
2244 142 1
203 142 1
4120 142 1
2177 142 1
1585 142 1
105 142 1
137 142 1
1620 142 1
3289 142 1
108 142 1
1934 142 1
1636 142 1
3357 142 1
331 142 1
3081 142 1
136 142 1
3716 142 1
201 142 1
2434 142 1
2229 142 1
861 142 1
478 142 1
260 142 1
509 142 1
193 142 1
2903 142 1
31 142 1
573 142 1
139 142 1
3881 142 1
3729 142 1
62 142 1
1233 142 1
3927 142 1
816 142 1
4164 142 1
850 142 1
3385 142 1
1466 142 1
1005 142 1
476 142 1
2271 142 1
1177 142 1
72 142 1
190 142 1
228 142 1
3668 142 1
1889 142 1
699 142 1
163 142 1
756 142 1
412 142 1
865 142 1
3080 142 1
2256 142 1
582 142 1
4003 142 1
2077 142 1
294 142 1
66 142 1
3463 142 1
514 142 1
42 142 1
3753 142 1
908 142 1
1971 142 1
11 142 1
24 142 1
291 142 1
2141 142 1
53 142 1
2056 142 1
91 142 1
4172 142 1
1383 142 1
125 142 1
1053 142 1
7 142 1
1506 142 1
1123 142 1
1462 142 1
1240 142 1
96 142 1
9 143 1
466 143 1
2572 143 1
3265 143 1
10 143 1
1939 143 1
1438 143 1
3532 143 1
786 143 1
880 143 1
402 143 1
2296 143 1
963 143 1
3419 143 1
1194 143 1
632 143 1
43 143 1
53 143 1
44 143 1
270 143 1
365 143 1
601 143 1
2667 143 1
7 143 1
62 143 1
2792 143 1
197 143 1
972 143 1
2203 143 1
1639 143 1
1421 143 1
104 143 1
1978 143 1
39 143 1
2947 143 1
19 143 1
2058 143 1
1552 143 1
865 143 1
4 143 1
1501 143 1
1441 143 1
227 143 1
95 143 1
2253 143 1
2448 143 1
407 143 1
497 143 1
59 143 1
38 143 1
30 143 1
85 143 1
1433 143 1
425 143 1
3684 143 1
2244 143 1
2230 143 1
1 143 1
2328 143 1
2976 143 1
2440 143 1
640 143 1
651 143 1
1407 143 1
2596 143 1
1542 143 1
400 143 1
1067 143 1
350 143 1
439 143 1
871 143 1
3271 143 1
2559 143 1
1068 143 1
1200 143 1
3091 143 1
178 143 1
491 143 1
17 143 1
863 143 1
1225 143 1
3621 143 1
455 143 1
2647 143 1
664 143 1
3638 143 1
415 143 1
311 143 1
29 143 1
3236 143 1
1985 143 1
1836 143 1
1318 143 1
2393 143 1
205 143 1
170 143 1
25 143 1
3566 143 1
2830 143 1
2095 143 1
3052 143 1
376 143 1
2647 143 1
399 143 1
367 143 1
1987 143 1
3458 143 1
370 143 1
2723 143 1
3841 143 1
3411 143 1
205 143 1
6 143 1
2107 143 1
14 143 1
2118 143 1
867 143 1
251 143 1
3786 143 1
1580 143 1
2352 143 1
315 143 1
991 143 1
109 143 1
194 143 1
47 143 1
737 143 1
1610 143 1
0 143 1
3258 143 1
50 143 1
527 143 1
55 143 1
24 143 1
115 143 1
1840 143 1
722 143 1
3301 143 1
3458 143 1
1466 143 1
1666 143 1
20 143 1
3906 143 1
166 143 1
220 143 1
864 143 1
136 143 1
2154 143 1
18 143 1
44 143 1
57 143 1
823 143 1
1058 143 1
590 144 1
40 144 1
910 144 1
422 144 1
4049 144 1
16 144 1
3883 144 1
1992 144 1
3161 144 1
2670 144 1
2639 144 1
476 144 1
4031 144 1
2912 144 1
508 144 1
2814 144 1
3583 144 1
386 144 1
56 144 1
68 144 1
1273 144 1
193 144 1
2239 144 1
531 144 1
1220 144 1
112 144 1
736 144 1
31 144 1
8 144 1
111 144 1
122 144 1
546 144 1
866 144 1
2057 144 1
2601 144 1
132 144 1
3407 144 1
877 144 1
4 144 1
1832 144 1
14 144 1
1414 144 1
370 144 1
1376 144 1
356 144 1
70 144 1
3474 144 1
45 144 1
1449 144 1
2402 144 1
1053 144 1
15 144 1
627 144 1
900 144 1
673 144 1
794 144 1
20 144 1
1261 144 1
2580 144 1
26 144 1
1190 144 1
3238 144 1
9 144 1
3923 144 1
3627 144 1
237 144 1
3539 144 1
2555 144 1
12 144 1
1799 144 1
45 144 1
2902 144 1
795 144 1
3314 144 1
489 144 1
730 144 1
2592 144 1
375 144 1
46 144 1
1041 144 1
3756 144 1
2023 144 1
3089 144 1
1753 144 1
529 144 1
2814 144 1
2498 144 1
14 144 1
1810 144 1
3426 144 1
263 144 1
680 144 1
126 144 1
2443 144 1
1796 144 1
739 144 1
1853 144 1
765 144 1
1948 144 1
2947 144 1
3537 144 1
1056 144 1
32 144 1
3740 144 1
572 144 1
1060 144 1
832 144 1
21 144 1
3173 144 1
2350 144 1
1953 144 1
939 144 1
2927 144 1
660 144 1
112 144 1
3136 144 1
377 144 1
1521 144 1
7 144 1
3218 144 1
87 144 1
262 144 1
721 144 1
2689 144 1
724 144 1
2951 144 1
513 144 1
2370 144 1
22 144 1
352 144 1
32 144 1
196 144 1
125 144 1
336 144 1
30 144 1
46 144 1
579 144 1
1491 144 1
1401 144 1
276 144 1
3892 144 1
3353 144 1
767 144 1
2883 144 1
2862 144 1
3227 144 1
3532 144 1
1 144 1
136 144 1
3421 144 1
2905 144 1
121 144 1
1480 144 1
2866 145 1
350 145 1
443 145 1
271 145 1
2662 145 1
370 145 1
749 145 1
334 145 1
2407 145 1
11 145 1
956 145 1
1218 145 1
1374 145 1
2802 145 1
114 145 1
54 145 1
3493 145 1
449 145 1
26 145 1
89 145 1
188 145 1
454 145 1
298 145 1
1481 145 1
3006 145 1
2559 145 1
0 145 1
22 145 1
181 145 1
2466 145 1
1460 145 1
4209 145 1
199 145 1
1542 145 1
2511 145 1
7 145 1
255 145 1
2064 145 1
625 145 1
293 145 1
1617 145 1
2880 145 1
52 145 1
1330 145 1
19 145 1
2682 145 1
75 145 1
209 145 1
207 145 1
66 145 1
561 145 1
3729 145 1
4008 145 1
192 145 1
1489 145 1
0 145 1
1146 145 1
59 145 1
942 145 1
1169 145 1
1318 145 1
1964 145 1
3974 145 1
1523 145 1
2823 145 1
238 145 1
782 145 1
129 145 1
2383 145 1
20 145 1
67 145 1
1435 145 1
3584 145 1
23 145 1
0 145 1
1232 145 1
474 145 1
3555 145 1
61 145 1
2587 145 1
601 145 1
877 145 1
1374 145 1
957 145 1
492 145 1
2408 145 1
202 145 1
3227 145 1
3692 145 1
498 145 1
95 145 1
3727 145 1
4082 145 1
3204 145 1
2122 145 1
13 145 1
1261 145 1
18 145 1
3656 145 1
3975 145 1
4022 145 1
1674 145 1
1621 145 1
14 145 1
347 145 1
3873 145 1
3 145 1
3580 145 1
622 145 1
13 145 1
1469 145 1
983 145 1
4 145 1
405 145 1
2692 145 1
302 145 1
690 145 1
3406 145 1
1561 145 1
8 145 1
2021 145 1
2958 145 1
432 145 1
116 145 1
101 145 1
837 145 1
1605 145 1
799 145 1
866 145 1
238 145 1
244 145 1
3239 145 1
2458 145 1
1769 145 1
63 145 1
3978 145 1
1329 145 1
157 145 1
771 145 1
1461 145 1
790 145 1
428 145 1
649 145 1
1695 145 1
4154 145 1
34 145 1
5 145 1
3998 145 1
318 145 1
3939 145 1
3918 145 1
2413 145 1
1409 145 1
1605 146 1
2267 146 1
44 146 1
2635 146 1
3176 146 1
1270 146 1
840 146 1
16 146 1
348 146 1
1160 146 1
427 146 1
224 146 1
77 146 1
31 146 1
831 146 1
1575 146 1
2275 146 1
2381 146 1
5 146 1
1173 146 1
4084 146 1
2166 146 1
2255 146 1
1501 146 1
2 146 1
743 146 1
3046 146 1
1571 146 1
3624 146 1
3014 146 1
130 146 1
758 146 1
1826 146 1
11 146 1
1534 146 1
807 146 1
130 146 1
86 146 1
1176 146 1
4009 146 1
476 146 1
887 146 1
365 146 1
2740 146 1
3961 146 1
7 146 1
215 146 1
721 146 1
953 146 1
3327 146 1
538 146 1
3811 146 1
754 146 1
973 146 1
3889 146 1
2449 146 1
3322 146 1
80 146 1
10 146 1
208 146 1
2769 146 1
4012 146 1
1478 146 1
2471 146 1
2076 146 1
28 146 1
2061 146 1
722 146 1
189 146 1
2000 146 1
3170 146 1
1630 146 1
2515 146 1
286 146 1
440 146 1
2724 146 1
574 146 1
249 146 1
1 146 1
303 146 1
437 146 1
3847 146 1
168 146 1
3184 146 1
61 146 1
816 146 1
161 146 1
1222 146 1
1616 146 1
2363 146 1
1886 146 1
3173 146 1
2224 146 1
3692 146 1
4184 146 1
2023 146 1
2165 146 1
4113 146 1
2302 146 1
103 146 1
244 146 1
3012 146 1
3928 146 1
907 146 1
651 146 1
1810 146 1
1 146 1
38 146 1
18 146 1
249 146 1
40 146 1
2755 146 1
2134 146 1
49 146 1
340 146 1
836 146 1
15 146 1
133 146 1
939 146 1
4 146 1
339 146 1
1166 146 1
2818 146 1
57 146 1
274 146 1
3262 146 1
45 146 1
104 146 1
3 146 1
461 146 1
798 146 1
1748 146 1
0 146 1
1715 146 1
938 146 1
594 146 1
3216 146 1
4152 146 1
847 146 1
2269 146 1
81 146 1
22 146 1
54 146 1
258 146 1
805 146 1
706 146 1
583 146 1
3001 146 1
699 146 1
12 146 1
2869 146 1
269 146 1
923 146 1
3095 147 1
56 147 1
200 147 1
1644 147 1
3163 147 1
345 147 1
2918 147 1
1639 147 1
3360 147 1
221 147 1
1323 147 1
2116 147 1
2590 147 1
384 147 1
769 147 1
247 147 1
805 147 1
1351 147 1
358 147 1
3832 147 1
437 147 1
356 147 1
402 147 1
741 147 1
104 147 1
2958 147 1
1020 147 1
653 147 1
5 147 1
3447 147 1
3912 147 1
1003 147 1
1031 147 1
1435 147 1
434 147 1
866 147 1
565 147 1
4 147 1
1785 147 1
2287 147 1
830 147 1
3105 147 1
4064 147 1
1887 147 1
1417 147 1
1854 147 1
2612 147 1
405 147 1
746 147 1
205 147 1
3101 147 1
1267 147 1
3 147 1
1467 147 1
88 147 1
1046 147 1
482 147 1
2368 147 1
4144 147 1
585 147 1
1213 147 1
895 147 1
1149 147 1
3367 147 1
1789 147 1
35 147 1
2013 147 1
1241 147 1
2780 147 1
969 147 1
3680 147 1
2352 147 1
1 147 1
3993 147 1
334 147 1
1942 147 1
206 147 1
2186 147 1
515 147 1
647 147 1
234 147 1
1817 147 1
301 147 1
547 147 1
7 147 1
2830 147 1
509 147 1
2095 147 1
3971 147 1
871 147 1
557 147 1
139 147 1
5 147 1
3409 147 1
8 147 1
1786 147 1
2726 147 1
2176 147 1
2128 147 1
3232 147 1
1535 147 1
2700 147 1
1251 147 1
1754 147 1
580 147 1
28 147 1
2595 147 1
1074 147 1
187 147 1
573 147 1
165 147 1
2289 147 1
28 147 1
1960 147 1
3081 147 1
1331 147 1
3674 147 1
438 147 1
144 147 1
3643 147 1
52 147 1
788 147 1
1166 147 1
704 147 1
179 147 1
1127 147 1
1448 147 1
3446 147 1
1345 147 1
1481 147 1
1851 147 1
4 147 1
3134 147 1
0 147 1
64 147 1
2669 147 1
1180 147 1
2133 147 1
43 147 1
3606 147 1
2007 147 1
4000 147 1
3549 147 1
1206 147 1
307 147 1
897 147 1
3948 147 1
11 147 1
6 147 1
638 147 1
97 147 1
567 147 1
2294 147 1
3357 148 1
736 148 1
12 148 1
1112 148 1
2293 148 1
2006 148 1
1690 148 1
723 148 1
971 148 1
1610 148 1
3339 148 1
1746 148 1
195 148 1
1632 148 1
3 148 1
3255 148 1
2564 148 1
1749 148 1
1245 148 1
2097 148 1
5 148 1
1063 148 1
862 148 1
83 148 1
2032 148 1
194 148 1
1311 148 1
3265 148 1
1234 148 1
9 148 1
2153 148 1
4017 148 1
1346 148 1
1275 148 1
4 148 1
419 148 1
360 148 1
3237 148 1
2393 148 1
3530 148 1
1485 148 1
1042 148 1
1592 148 1
2422 148 1
1619 148 1
3650 148 1
3047 148 1
106 148 1
264 148 1
1468 148 1
4189 148 1
49 148 1
2164 148 1
2088 148 1
365 148 1
98 148 1
1189 148 1
3890 148 1
269 148 1
3388 148 1
707 148 1
27 148 1
2940 148 1
3415 148 1
4061 148 1
1858 148 1
274 148 1
67 148 1
294 148 1
3208 148 1
3291 148 1
198 148 1
2255 148 1
239 148 1
231 148 1
633 148 1
1788 148 1
3087 148 1
937 148 1
1353 148 1
3868 148 1
1156 148 1
410 148 1
3960 148 1
1002 148 1
1511 148 1
769 148 1
149 148 1
330 148 1
0 148 1
2204 148 1
3118 148 1
968 148 1
1509 148 1
2085 148 1
2730 148 1
11 148 1
3984 148 1
2 148 1
2519 148 1
2262 148 1
71 148 1
2028 148 1
3251 148 1
724 148 1
777 148 1
2652 148 1
1765 148 1
3737 148 1
4207 148 1
2611 148 1
3850 148 1
2230 148 1
3174 148 1
1821 148 1
2127 148 1
3683 148 1
218 148 1
2758 148 1
428 148 1
1251 148 1
2517 148 1
662 148 1
3558 148 1
70 148 1
1392 148 1
472 148 1
902 148 1
242 148 1
857 148 1
2482 148 1
589 148 1
2363 148 1
0 148 1
68 148 1
28 148 1
367 148 1
79 148 1
1406 148 1
1372 148 1
2509 148 1
1162 148 1
3299 148 1
2 148 1
2742 148 1
24 148 1
840 148 1
84 148 1
211 148 1
279 148 1
430 148 1
902 148 1
2406 148 1
1246 149 1
3983 149 1
278 149 1
369 149 1
1375 149 1
3665 149 1
2443 149 1
3388 149 1
11 149 1
115 149 1
21 149 1
1194 149 1
1440 149 1
1787 149 1
1606 149 1
1106 149 1
2668 149 1
3487 149 1
19 149 1
39 149 1
12 149 1
2453 149 1
1701 149 1
971 149 1
1881 149 1
2111 149 1
3791 149 1
3190 149 1
3808 149 1
76 149 1
782 149 1
87 149 1
2840 149 1
3002 149 1
607 149 1
2846 149 1
2608 149 1
8 149 1
61 149 1
628 149 1
3366 149 1
7 149 1
1249 149 1
0 149 1
3617 149 1
56 149 1
671 149 1
3922 149 1
0 149 1
264 149 1
3581 149 1
384 149 1
339 149 1
874 149 1
77 149 1
763 149 1
1920 149 1
450 149 1
1108 149 1
778 149 1
31 149 1
3782 149 1
2833 149 1
41 149 1
3154 149 1
82 149 1
173 149 1
278 149 1
1840 149 1
1801 149 1
2315 149 1
1627 149 1
3402 149 1
2832 149 1
1862 149 1
2211 149 1
2406 149 1
3301 149 1
920 149 1
819 149 1
3154 149 1
1747 149 1
1284 149 1
1727 149 1
2537 149 1
2806 149 1
149 149 1
897 149 1
1802 149 1
1863 149 1
1924 149 1
1085 149 1
9 149 1
8 149 1
243 149 1
1068 149 1
365 149 1
0 149 1
1592 149 1
3532 149 1
3826 149 1
3793 149 1
1950 149 1
3972 149 1
2580 149 1
65 149 1
586 149 1
1015 149 1
573 149 1
3490 149 1
331 149 1
1819 149 1
2606 149 1
2045 149 1
1264 149 1
1986 149 1
646 149 1
479 149 1
1431 149 1
2810 149 1
2531 149 1
139 149 1
5 149 1
2593 149 1
1343 149 1
4123 149 1
1205 149 1
2063 149 1
3049 149 1
4178 149 1
794 149 1
1021 149 1
2851 149 1
2247 149 1
121 149 1
410 149 1
27 149 1
2465 149 1
1450 149 1
310 149 1
55 149 1
121 149 1
2785 149 1
2145 149 1
1236 149 1
114 149 1
760 149 1
3934 149 1
1 149 1
3253 149 1
748 149 1
476 149 1
3721 149 1
3309 150 1
2777 150 1
2146 150 1
2519 150 1
792 150 1
159 150 1
1050 150 1
2255 150 1
2029 150 1
3975 150 1
1 150 1
2748 150 1
1319 150 1
435 150 1
428 150 1
1335 150 1
174 150 1
4025 150 1
1761 150 1
334 150 1
1494 150 1
10 150 1
1864 150 1
967 150 1
183 150 1
3475 150 1
1228 150 1
3675 150 1
1386 150 1
15 150 1
1024 150 1
819 150 1
1119 150 1
2466 150 1
424 150 1
3055 150 1
447 150 1
347 150 1
659 150 1
432 150 1
3988 150 1
874 150 1
3246 150 1
1095 150 1
3482 150 1
520 150 1
950 150 1
1239 150 1
4140 150 1
3080 150 1
1799 150 1
3233 150 1
628 150 1
1235 150 1
1494 150 1
3574 150 1
69 150 1
1038 150 1
74 150 1
1125 150 1
556 150 1
3466 150 1
3408 150 1
1329 150 1
393 150 1
370 150 1
791 150 1
1163 150 1
3108 150 1
193 150 1
3567 150 1
641 150 1
2589 150 1
39 150 1
939 150 1
2712 150 1
4054 150 1
2333 150 1
2531 150 1
1408 150 1
438 150 1
639 150 1
99 150 1
266 150 1
1649 150 1
2378 150 1
93 150 1
1107 150 1
983 150 1
329 150 1
739 150 1
3268 150 1
1400 150 1
370 150 1
75 150 1
503 150 1
3558 150 1
3797 150 1
164 150 1
1868 150 1
3509 150 1
1611 150 1
1153 150 1
3143 150 1
18 150 1
2159 150 1
335 150 1
161 150 1
3082 150 1
97 150 1
0 150 1
1967 150 1
1909 150 1
536 150 1
1597 150 1
1091 150 1
3502 150 1
930 150 1
337 150 1
18 150 1
3020 150 1
2008 150 1
10 150 1
2767 150 1
79 150 1
1900 150 1
3353 150 1
756 150 1
48 150 1
624 150 1
3010 150 1
28 150 1
3980 150 1
1044 150 1
2520 150 1
66 150 1
293 150 1
4168 150 1
1451 150 1
1636 150 1
3120 150 1
2414 150 1
2529 150 1
316 150 1
1043 150 1
40 150 1
327 150 1
1125 150 1
3 150 1
385 150 1
3513 150 1
1158 150 1
1423 150 1
295 151 1
15 151 1
330 151 1
737 151 1
3838 151 1
111 151 1
17 151 1
595 151 1
118 151 1
4209 151 1
3181 151 1
123 151 1
1610 151 1
3389 151 1
324 151 1
3156 151 1
18 151 1
483 151 1
4116 151 1
1226 151 1
1558 151 1
1721 151 1
59 151 1
1626 151 1
3263 151 1
987 151 1
3837 151 1
264 151 1
1940 151 1
22 151 1
2781 151 1
92 151 1
2109 151 1
1666 151 1
2196 151 1
640 151 1
1202 151 1
19 151 1
35 151 1
2995 151 1
0 151 1
904 151 1
1574 151 1
2174 151 1
1419 151 1
307 151 1
2264 151 1
1566 151 1
1827 151 1
974 151 1
1994 151 1
1754 151 1
433 151 1
56 151 1
3810 151 1
54 151 1
784 151 1
273 151 1
17 151 1
362 151 1
2084 151 1
439 151 1
1795 151 1
801 151 1
1089 151 1
3977 151 1
370 151 1
1 151 1
2099 151 1
2648 151 1
1785 151 1
34 151 1
519 151 1
1464 151 1
832 151 1
68 151 1
1352 151 1
105 151 1
107 151 1
1649 151 1
670 151 1
33 151 1
717 151 1
504 151 1
994 151 1
457 151 1
3080 151 1
85 151 1
3971 151 1
1178 151 1
1320 151 1
2 151 1
877 151 1
59 151 1
3526 151 1
1597 151 1
879 151 1
1520 151 1
0 151 1
252 151 1
968 151 1
1694 151 1
747 151 1
48 151 1
2727 151 1
902 151 1
4012 151 1
1188 151 1
219 151 1
3567 151 1
1380 151 1
917 151 1
83 151 1
244 151 1
1575 151 1
55 151 1
1088 151 1
31 151 1
2598 151 1
36 151 1
2695 151 1
2928 151 1
905 151 1
30 151 1
3635 151 1
2294 151 1
1431 151 1
1275 151 1
1251 151 1
4050 151 1
4127 151 1
1208 151 1
3979 151 1
246 151 1
296 151 1
1511 151 1
2789 151 1
260 151 1
49 151 1
1976 151 1
904 151 1
41 151 1
149 151 1
1372 151 1
2780 151 1
0 151 1
413 151 1
3313 151 1
1880 151 1
355 151 1
3632 151 1
2363 151 1
1921 151 1
3393 152 1
2130 152 1
609 152 1
99 152 1
2912 152 1
336 152 1
1194 152 1
203 152 1
13 152 1
2319 152 1
9 152 1
3978 152 1
1078 152 1
976 152 1
279 152 1
411 152 1
2123 152 1
440 152 1
1569 152 1
3464 152 1
10 152 1
156 152 1
2863 152 1
2657 152 1
1174 152 1
1071 152 1
457 152 1
3026 152 1
965 152 1
880 152 1
1740 152 1
392 152 1
886 152 1
3270 152 1
2881 152 1
17 152 1
682 152 1
4009 152 1
3166 152 1
1185 152 1
1276 152 1
101 152 1
2077 152 1
493 152 1
1848 152 1
3835 152 1
450 152 1
822 152 1
0 152 1
71 152 1
92 152 1
1300 152 1
1673 152 1
268 152 1
44 152 1
2549 152 1
1919 152 1
2679 152 1
3275 152 1
92 152 1
613 152 1
1263 152 1
318 152 1
1657 152 1
334 152 1
789 152 1
1584 152 1
933 152 1
18 152 1
201 152 1
4012 152 1
176 152 1
145 152 1
1445 152 1
383 152 1
2323 152 1
9 152 1
457 152 1
51 152 1
1519 152 1
1824 152 1
4193 152 1
766 152 1
99 152 1
524 152 1
1137 152 1
48 152 1
2893 152 1
808 152 1
1396 152 1
277 152 1
781 152 1
479 152 1
4193 152 1
2349 152 1
2937 152 1
1042 152 1
2029 152 1
411 152 1
2 152 1
1791 152 1
423 152 1
1379 152 1
1135 152 1
1137 152 1
1186 152 1
5 152 1
1 152 1
93 152 1
1967 152 1
1595 152 1
1750 152 1
3904 152 1
35 152 1
2524 152 1
335 152 1
20 152 1
649 152 1
1744 152 1
96 152 1
2313 152 1
4030 152 1
3336 152 1
497 152 1
73 152 1
3075 152 1
1907 152 1
0 152 1
1884 152 1
1781 152 1
53 152 1
4 152 1
2665 152 1
563 152 1
3210 152 1
1164 152 1
1419 152 1
1106 152 1
2581 152 1
14 152 1
2555 152 1
4009 152 1
2116 152 1
2874 152 1
156 152 1
157 152 1
53 152 1
1941 152 1
3026 152 1
1216 152 1
501 152 1
125 152 1
617 152 1
1264 153 1
1 153 1
1728 153 1
3500 153 1
393 153 1
3805 153 1
2511 153 1
0 153 1
578 153 1
1462 153 1
56 153 1
325 153 1
662 153 1
3563 153 1
8 153 1
2522 153 1
24 153 1
2443 153 1
88 153 1
623 153 1
238 153 1
2311 153 1
756 153 1
815 153 1
3 153 1
745 153 1
1106 153 1
2198 153 1
79 153 1
668 153 1
539 153 1
2439 153 1
562 153 1
2301 153 1
697 153 1
4105 153 1
1892 153 1
489 153 1
2726 153 1
1838 153 1
2097 153 1
4017 153 1
120 153 1
53 153 1
429 153 1
444 153 1
1469 153 1
82 153 1
1439 153 1
319 153 1
2031 153 1
282 153 1
2567 153 1
45 153 1
2308 153 1
3151 153 1
437 153 1
3924 153 1
254 153 1
2754 153 1
84 153 1
853 153 1
332 153 1
1867 153 1
1533 153 1
0 153 1
3789 153 1
819 153 1
343 153 1
1514 153 1
437 153 1
280 153 1
161 153 1
408 153 1
1436 153 1
1500 153 1
140 153 1
356 153 1
19 153 1
9 153 1
534 153 1
3106 153 1
226 153 1
7 153 1
2731 153 1
56 153 1
3668 153 1
2 153 1
2424 153 1
422 153 1
1645 153 1
0 153 1
1616 153 1
1838 153 1
894 153 1
1084 153 1
3311 153 1
233 153 1
1116 153 1
674 153 1
3076 153 1
4184 153 1
553 153 1
562 153 1
1382 153 1
2382 153 1
1884 153 1
1219 153 1
3818 153 1
72 153 1
62 153 1
4093 153 1
0 153 1
4088 153 1
7 153 1
269 153 1
2066 153 1
212 153 1
2673 153 1
2647 153 1
273 153 1
589 153 1
1358 153 1
733 153 1
3685 153 1
1329 153 1
2921 153 1
2632 153 1
2025 153 1
2008 153 1
1626 153 1
3328 153 1
3857 153 1
589 153 1
417 153 1
41 153 1
1476 153 1
1932 153 1
727 153 1
2006 153 1
972 153 1
3092 153 1
2690 153 1
108 153 1
986 153 1
3101 153 1
2270 153 1
2321 153 1
1210 153 1
5 153 1
30 153 1
3141 153 1
3003 153 1
567 154 1
2321 154 1
275 154 1
1337 154 1
4003 154 1
399 154 1
953 154 1
2925 154 1
213 154 1
586 154 1
2944 154 1
0 154 1
2990 154 1
2485 154 1
3015 154 1
5 154 1
49 154 1
1048 154 1
3868 154 1
0 154 1
1618 154 1
230 154 1
1812 154 1
547 154 1
549 154 1
1895 154 1
15 154 1
862 154 1
124 154 1
1 154 1
2140 154 1
1226 154 1
728 154 1
57 154 1
1705 154 1
33 154 1
17 154 1
1675 154 1
1117 154 1
2568 154 1
999 154 1
90 154 1
739 154 1
434 154 1
655 154 1
462 154 1
2023 154 1
211 154 1
88 154 1
1032 154 1
157 154 1
1144 154 1
692 154 1
71 154 1
906 154 1
1495 154 1
8 154 1
0 154 1
46 154 1
71 154 1
57 154 1
2490 154 1
3463 154 1
1270 154 1
1921 154 1
2407 154 1
183 154 1
1914 154 1
126 154 1
2 154 1
848 154 1
3341 154 1
838 154 1
1880 154 1
906 154 1
3650 154 1
309 154 1
525 154 1
2000 154 1
3516 154 1
473 154 1
1907 154 1
1945 154 1
1836 154 1
87 154 1
0 154 1
1022 154 1
911 154 1
1491 154 1
2838 154 1
494 154 1
489 154 1
2088 154 1
478 154 1
1285 154 1
85 154 1
183 154 1
15 154 1
2844 154 1
8 154 1
1718 154 1
575 154 1
38 154 1
5 154 1
858 154 1
171 154 1
461 154 1
2381 154 1
133 154 1
1671 154 1
142 154 1
1070 154 1
2008 154 1
712 154 1
3788 154 1
661 154 1
1065 154 1
1353 154 1
1190 154 1
4001 154 1
2285 154 1
3453 154 1
274 154 1
3936 154 1
2095 154 1
1289 154 1
2973 154 1
3431 154 1
3780 154 1
1290 154 1
22 154 1
837 154 1
3499 154 1
1401 154 1
539 154 1
1629 154 1
1021 154 1
4038 154 1
1255 154 1
857 154 1
840 154 1
786 154 1
1378 154 1
377 154 1
43 154 1
2240 154 1
243 154 1
1532 154 1
2254 154 1
3087 154 1
619 154 1
295 154 1
1077 154 1
3557 155 1
795 155 1
3950 155 1
1082 155 1
2823 155 1
3863 155 1
1053 155 1
280 155 1
158 155 1
127 155 1
1267 155 1
3253 155 1
1352 155 1
154 155 1
3227 155 1
1720 155 1
219 155 1
2314 155 1
1927 155 1
255 155 1
3 155 1
2482 155 1
444 155 1
2483 155 1
339 155 1
2461 155 1
233 155 1
3435 155 1
480 155 1
699 155 1
3550 155 1
508 155 1
3 155 1
70 155 1
2599 155 1
190 155 1
301 155 1
1081 155 1
960 155 1
789 155 1
3669 155 1
2642 155 1
2130 155 1
2051 155 1
1895 155 1
3460 155 1
59 155 1
1306 155 1
3675 155 1
623 155 1
1471 155 1
217 155 1
2319 155 1
683 155 1
225 155 1
2697 155 1
2758 155 1
1012 155 1
959 155 1
2848 155 1
16 155 1
711 155 1
173 155 1
1024 155 1
9 155 1
4139 155 1
705 155 1
3838 155 1
538 155 1
42 155 1
484 155 1
146 155 1
23 155 1
3852 155 1
863 155 1
1732 155 1
1352 155 1
699 155 1
3862 155 1
132 155 1
2073 155 1
425 155 1
124 155 1
144 155 1
545 155 1
39 155 1
2966 155 1
949 155 1
1114 155 1
262 155 1
761 155 1
259 155 1
54 155 1
777 155 1
1834 155 1
0 155 1
236 155 1
3282 155 1
3380 155 1
486 155 1
839 155 1
1275 155 1
1834 155 1
79 155 1
1439 155 1
24 155 1
3610 155 1
1989 155 1
142 155 1
601 155 1
1372 155 1
2140 155 1
1508 155 1
2427 155 1
28 155 1
496 155 1
1780 155 1
1 155 1
524 155 1
0 155 1
79 155 1
3027 155 1
591 155 1
517 155 1
53 155 1
1 155 1
1032 155 1
2273 155 1
25 155 1
161 155 1
3544 155 1
1386 155 1
3049 155 1
2792 155 1
3217 155 1
2841 155 1
173 155 1
1746 155 1
189 155 1
1073 155 1
3828 155 1
3318 155 1
18 155 1
1161 155 1
2486 155 1
1958 155 1
139 155 1
1602 155 1
332 155 1
484 155 1
890 155 1
210 155 1
488 155 1
3494 156 1
224 156 1
3950 156 1
1210 156 1
689 156 1
1791 156 1
581 156 1
3591 156 1
8 156 1
2764 156 1
3723 156 1
2270 156 1
1405 156 1
566 156 1
0 156 1
627 156 1
579 156 1
3059 156 1
762 156 1
3220 156 1
4013 156 1
539 156 1
745 156 1
3348 156 1
3891 156 1
930 156 1
370 156 1
52 156 1
234 156 1
3418 156 1
69 156 1
391 156 1
3438 156 1
4064 156 1
1 156 1
3427 156 1
267 156 1
2174 156 1
1456 156 1
1175 156 1
2485 156 1
4044 156 1
1422 156 1
1018 156 1
594 156 1
1243 156 1
647 156 1
4089 156 1
35 156 1
1045 156 1
265 156 1
2702 156 1
1298 156 1
83 156 1
6 156 1
2068 156 1
3064 156 1
3466 156 1
132 156 1
935 156 1
1626 156 1
1985 156 1
1021 156 1
1904 156 1
3811 156 1
604 156 1
1313 156 1
142 156 1
2926 156 1
1295 156 1
1034 156 1
3183 156 1
104 156 1
3022 156 1
2859 156 1
12 156 1
312 156 1
4171 156 1
904 156 1
2462 156 1
205 156 1
280 156 1
263 156 1
3163 156 1
804 156 1
185 156 1
4183 156 1
3164 156 1
2 156 1
2922 156 1
2691 156 1
2719 156 1
322 156 1
1 156 1
2931 156 1
252 156 1
3336 156 1
0 156 1
3420 156 1
3292 156 1
2973 156 1
1287 156 1
167 156 1
1957 156 1
1291 156 1
2765 156 1
2834 156 1
3712 156 1
2642 156 1
14 156 1
2291 156 1
191 156 1
4003 156 1
2508 156 1
330 156 1
463 156 1
4043 156 1
612 156 1
32 156 1
3296 156 1
1887 156 1
12 156 1
256 156 1
4101 156 1
1607 156 1
3854 156 1
4150 156 1
1309 156 1
20 156 1
3 156 1
13 156 1
3010 156 1
2018 156 1
46 156 1
271 156 1
821 156 1
1236 156 1
3545 156 1
202 156 1
1990 156 1
295 156 1
135 156 1
27 156 1
1569 156 1
2339 156 1
1788 156 1
700 156 1
226 156 1
3483 156 1
2354 156 1
2123 156 1
60 156 1
2720 156 1
3345 157 1
662 157 1
3262 157 1
739 157 1
1829 157 1
122 157 1
308 157 1
4027 157 1
3939 157 1
111 157 1
161 157 1
30 157 1
407 157 1
2152 157 1
2084 157 1
3920 157 1
1157 157 1
3556 157 1
804 157 1
4038 157 1
148 157 1
1018 157 1
279 157 1
340 157 1
938 157 1
85 157 1
871 157 1
84 157 1
3089 157 1
4130 157 1
51 157 1
543 157 1
2619 157 1
306 157 1
1022 157 1
38 157 1
3204 157 1
3084 157 1
226 157 1
694 157 1
35 157 1
3746 157 1
2748 157 1
150 157 1
1909 157 1
3257 157 1
37 157 1
3440 157 1
145 157 1
94 157 1
4100 157 1
1156 157 1
989 157 1
415 157 1
415 157 1
3376 157 1
113 157 1
474 157 1
1822 157 1
931 157 1
1127 157 1
33 157 1
1635 157 1
1102 157 1
4196 157 1
114 157 1
3187 157 1
2606 157 1
2904 157 1
15 157 1
39 157 1
182 157 1
716 157 1
2025 157 1
174 157 1
2967 157 1
2946 157 1
1470 157 1
4192 157 1
104 157 1
1012 157 1
1605 157 1
3578 157 1
409 157 1
178 157 1
3941 157 1
136 157 1
3892 157 1
3175 157 1
2005 157 1
3319 157 1
204 157 1
215 157 1
2502 157 1
4179 157 1
799 157 1
1438 157 1
3503 157 1
1986 157 1
3468 157 1
63 157 1
43 157 1
3765 157 1
61 157 1
3746 157 1
814 157 1
2325 157 1
744 157 1
2017 157 1
50 157 1
2681 157 1
2967 157 1
596 157 1
51 157 1
3822 157 1
374 157 1
2306 157 1
3365 157 1
1366 157 1
163 157 1
1041 157 1
1137 157 1
137 157 1
2493 157 1
63 157 1
65 157 1
1387 157 1
1530 157 1
1 157 1
15 157 1
2557 157 1
1793 157 1
1088 157 1
2664 157 1
0 157 1
516 157 1
2777 157 1
708 157 1
3617 157 1
408 157 1
658 157 1
45 157 1
2401 157 1
640 157 1
69 157 1
2560 157 1
1416 157 1
291 157 1
898 157 1
2196 157 1
353 157 1
1429 157 1
1259 157 1
40 158 1
3420 158 1
1688 158 1
1185 158 1
4050 158 1
719 158 1
72 158 1
2360 158 1
2878 158 1
2736 158 1
132 158 1
1751 158 1
454 158 1
418 158 1
2425 158 1
130 158 1
1678 158 1
30 158 1
2181 158 1
130 158 1
3282 158 1
1409 158 1
1701 158 1
1646 158 1
152 158 1
635 158 1
235 158 1
1802 158 1
3886 158 1
4116 158 1
3933 158 1
2272 158 1
4107 158 1
3093 158 1
47 158 1
153 158 1
3173 158 1
595 158 1
6 158 1
214 158 1
986 158 1
2098 158 1
1912 158 1
364 158 1
981 158 1
585 158 1
36 158 1
737 158 1
144 158 1
2101 158 1
176 158 1
3444 158 1
29 158 1
193 158 1
3557 158 1
0 158 1
1400 158 1
3346 158 1
44 158 1
3048 158 1
124 158 1
2259 158 1
511 158 1
2880 158 1
3064 158 1
3611 158 1
0 158 1
2718 158 1
648 158 1
2130 158 1
787 158 1
2732 158 1
2963 158 1
3233 158 1
3040 158 1
4053 158 1
3579 158 1
227 158 1
2104 158 1
1670 158 1
4058 158 1
3994 158 1
74 158 1
1060 158 1
302 158 1
3297 158 1
6 158 1
13 158 1
1930 158 1
3035 158 1
2597 158 1
527 158 1
59 158 1
2570 158 1
662 158 1
791 158 1
1585 158 1
135 158 1
1531 158 1
491 158 1
1717 158 1
3393 158 1
908 158 1
3743 158 1
2783 158 1
3984 158 1
1268 158 1
173 158 1
1314 158 1
2899 158 1
514 158 1
380 158 1
3001 158 1
209 158 1
3905 158 1
875 158 1
1641 158 1
2818 158 1
920 158 1
720 158 1
1298 158 1
1363 158 1
715 158 1
103 158 1
1537 158 1
42 158 1
16 158 1
3735 158 1
1020 158 1
167 158 1
110 158 1
2327 158 1
434 158 1
2980 158 1
4115 158 1
1195 158 1
2428 158 1
34 158 1
864 158 1
66 158 1
770 158 1
546 158 1
1071 158 1
710 158 1
1 158 1
64 158 1
2092 158 1
3317 158 1
1036 158 1
522 158 1
1403 158 1
2774 158 1
876 158 1
82 159 1
1088 159 1
3415 159 1
3150 159 1
834 159 1
1415 159 1
29 159 1
3885 159 1
4 159 1
1378 159 1
2131 159 1
1363 159 1
3268 159 1
431 159 1
17 159 1
15 159 1
2197 159 1
1264 159 1
459 159 1
51 159 1
2346 159 1
848 159 1
3930 159 1
3829 159 1
937 159 1
65 159 1
702 159 1
63 159 1
1353 159 1
130 159 1
3377 159 1
206 159 1
904 159 1
3311 159 1
841 159 1
999 159 1
1868 159 1
333 159 1
3290 159 1
406 159 1
625 159 1
653 159 1
3336 159 1
58 159 1
1350 159 1
6 159 1
631 159 1
1232 159 1
2705 159 1
2171 159 1
722 159 1
3139 159 1
2425 159 1
1534 159 1
6 159 1
2322 159 1
2632 159 1
2009 159 1
3041 159 1
2890 159 1
352 159 1
1227 159 1
798 159 1
79 159 1
1372 159 1
1981 159 1
258 159 1
804 159 1
300 159 1
2604 159 1
2330 159 1
1490 159 1
843 159 1
1598 159 1
1938 159 1
1996 159 1
1675 159 1
79 159 1
1912 159 1
2074 159 1
1013 159 1
1372 159 1
428 159 1
399 159 1
1974 159 1
530 159 1
3106 159 1
1175 159 1
1038 159 1
1970 159 1
3536 159 1
764 159 1
34 159 1
840 159 1
132 159 1
2306 159 1
14 159 1
147 159 1
1655 159 1
0 159 1
498 159 1
635 159 1
2079 159 1
1928 159 1
8 159 1
3147 159 1
1592 159 1
1288 159 1
2633 159 1
286 159 1
3540 159 1
214 159 1
3680 159 1
20 159 1
3998 159 1
3351 159 1
62 159 1
3444 159 1
4078 159 1
2720 159 1
4122 159 1
2446 159 1
1791 159 1
2293 159 1
822 159 1
466 159 1
2358 159 1
20 159 1
2689 159 1
478 159 1
1083 159 1
2933 159 1
376 159 1
198 159 1
2495 159 1
2247 159 1
52 159 1
190 159 1
3155 159 1
3091 159 1
1772 159 1
315 159 1
198 159 1
3540 159 1
135 159 1
1353 159 1
107 159 1
1917 159 1
3346 159 1
410 159 1
366 159 1
557 159 1
22 159 1
3886 160 1
981 160 1
3373 160 1
796 160 1
1365 160 1
88 160 1
3626 160 1
2905 160 1
700 160 1
1670 160 1
169 160 1
1 160 1
8 160 1
3221 160 1
3380 160 1
1921 160 1
222 160 1
2509 160 1
1069 160 1
3183 160 1
375 160 1
1000 160 1
372 160 1
903 160 1
3800 160 1
10 160 1
3990 160 1
1458 160 1
3279 160 1
1029 160 1
58 160 1
2068 160 1
1709 160 1
35 160 1
2960 160 1
4151 160 1
2648 160 1
351 160 1
3370 160 1
2715 160 1
338 160 1
9 160 1
4026 160 1
26 160 1
0 160 1
587 160 1
1618 160 1
2328 160 1
2232 160 1
1204 160 1
117 160 1
1674 160 1
3225 160 1
2857 160 1
248 160 1
1749 160 1
1723 160 1
1111 160 1
424 160 1
2824 160 1
485 160 1
130 160 1
1669 160 1
414 160 1
73 160 1
1168 160 1
1940 160 1
4027 160 1
1865 160 1
59 160 1
18 160 1
3479 160 1
3065 160 1
1150 160 1
304 160 1
2168 160 1
2428 160 1
442 160 1
2290 160 1
146 160 1
2951 160 1
2855 160 1
2112 160 1
848 160 1
234 160 1
7 160 1
3528 160 1
252 160 1
10 160 1
1979 160 1
86 160 1
2315 160 1
598 160 1
48 160 1
1120 160 1
2363 160 1
0 160 1
1178 160 1
517 160 1
819 160 1
82 160 1
2092 160 1
3394 160 1
779 160 1
238 160 1
1045 160 1
140 160 1
2954 160 1
1501 160 1
1625 160 1
990 160 1
4034 160 1
2160 160 1
346 160 1
1236 160 1
552 160 1
1373 160 1
163 160 1
53 160 1
0 160 1
428 160 1
2390 160 1
190 160 1
3823 160 1
1744 160 1
932 160 1
13 160 1
1161 160 1
1560 160 1
1943 160 1
3622 160 1
2217 160 1
446 160 1
2156 160 1
1965 160 1
1274 160 1
2657 160 1
749 160 1
4094 160 1
2316 160 1
4203 160 1
666 160 1
2110 160 1
3612 160 1
550 160 1
2532 160 1
514 160 1
1147 160 1
2440 160 1
970 160 1
2498 160 1
1919 160 1
89 160 1
1406 161 1
7 161 1
62 161 1
1952 161 1
78 161 1
2312 161 1
3808 161 1
359 161 1
825 161 1
1858 161 1
3359 161 1
384 161 1
239 161 1
3058 161 1
1589 161 1
25 161 1
342 161 1
596 161 1
1121 161 1
748 161 1
1218 161 1
539 161 1
314 161 1
2154 161 1
307 161 1
85 161 1
49 161 1
725 161 1
0 161 1
2263 161 1
3660 161 1
3034 161 1
490 161 1
1213 161 1
2389 161 1
186 161 1
352 161 1
78 161 1
402 161 1
3757 161 1
2154 161 1
4057 161 1
302 161 1
195 161 1
1051 161 1
4 161 1
93 161 1
3660 161 1
3861 161 1
399 161 1
0 161 1
0 161 1
31 161 1
4110 161 1
811 161 1
11 161 1
27 161 1
3780 161 1
4096 161 1
51 161 1
2327 161 1
16 161 1
511 161 1
1905 161 1
1134 161 1
417 161 1
2203 161 1
27 161 1
2008 161 1
7 161 1
53 161 1
1819 161 1
2105 161 1
1451 161 1
3506 161 1
1275 161 1
7 161 1
872 161 1
525 161 1
49 161 1
893 161 1
65 161 1
2926 161 1
1206 161 1
1522 161 1
1172 161 1
167 161 1
2590 161 1
1373 161 1
1050 161 1
1359 161 1
24 161 1
2660 161 1
103 161 1
199 161 1
1055 161 1
3231 161 1
3203 161 1
1185 161 1
1752 161 1
440 161 1
3978 161 1
5 161 1
3647 161 1
2413 161 1
445 161 1
1379 161 1
3542 161 1
2891 161 1
2820 161 1
970 161 1
129 161 1
889 161 1
3767 161 1
163 161 1
3620 161 1
68 161 1
2746 161 1
220 161 1
3128 161 1
1579 161 1
552 161 1
101 161 1
2171 161 1
861 161 1
1404 161 1
3877 161 1
3229 161 1
49 161 1
37 161 1
3234 161 1
319 161 1
2580 161 1
1991 161 1
596 161 1
55 161 1
29 161 1
1757 161 1
2 161 1
13 161 1
284 161 1
1091 161 1
3100 161 1
4208 161 1
906 161 1
2878 161 1
2475 161 1
20 161 1
140 161 1
1508 161 1
1925 161 1
2961 161 1
355 161 1
537 162 1
1065 162 1
2070 162 1
3995 162 1
66 162 1
1813 162 1
504 162 1
3214 162 1
55 162 1
2335 162 1
988 162 1
678 162 1
1557 162 1
752 162 1
7 162 1
2756 162 1
3086 162 1
76 162 1
3699 162 1
1072 162 1
3431 162 1
1437 162 1
1676 162 1
4057 162 1
31 162 1
682 162 1
419 162 1
1330 162 1
2579 162 1
3732 162 1
113 162 1
847 162 1
1379 162 1
1262 162 1
2002 162 1
21 162 1
224 162 1
1780 162 1
1713 162 1
2111 162 1
1665 162 1
780 162 1
1239 162 1
381 162 1
287 162 1
1235 162 1
610 162 1
335 162 1
2108 162 1
236 162 1
280 162 1
1090 162 1
1363 162 1
264 162 1
2119 162 1
1532 162 1
596 162 1
0 162 1
3646 162 1
689 162 1
26 162 1
2 162 1
257 162 1
25 162 1
1293 162 1
369 162 1
2025 162 1
1576 162 1
46 162 1
1729 162 1
984 162 1
4095 162 1
2683 162 1
231 162 1
552 162 1
2135 162 1
2442 162 1
386 162 1
4012 162 1
3600 162 1
26 162 1
2773 162 1
965 162 1
334 162 1
471 162 1
41 162 1
958 162 1
1251 162 1
989 162 1
693 162 1
2124 162 1
1630 162 1
3554 162 1
1844 162 1
4176 162 1
69 162 1
259 162 1
1986 162 1
2083 162 1
198 162 1
103 162 1
546 162 1
501 162 1
54 162 1
3286 162 1
4071 162 1
64 162 1
91 162 1
1762 162 1
3983 162 1
1648 162 1
3250 162 1
74 162 1
893 162 1
4202 162 1
3971 162 1
3232 162 1
879 162 1
2241 162 1
1867 162 1
687 162 1
2558 162 1
116 162 1
1681 162 1
3238 162 1
314 162 1
885 162 1
7 162 1
2047 162 1
1094 162 1
44 162 1
1479 162 1
3828 162 1
1261 162 1
2460 162 1
3223 162 1
1771 162 1
2067 162 1
3131 162 1
2199 162 1
2532 162 1
1621 162 1
844 162 1
1954 162 1
2511 162 1
36 162 1
229 162 1
664 162 1
3511 162 1
3319 162 1
1266 162 1
1351 162 1
2626 162 1
1675 163 1
1293 163 1
229 163 1
3862 163 1
1084 163 1
3869 163 1
2066 163 1
0 163 1
1718 163 1
3094 163 1
111 163 1
195 163 1
440 163 1
17 163 1
93 163 1
1221 163 1
11 163 1
8 163 1
980 163 1
704 163 1
1 163 1
2098 163 1
357 163 1
3030 163 1
311 163 1
141 163 1
659 163 1
1561 163 1
487 163 1
771 163 1
209 163 1
375 163 1
3005 163 1
3 163 1
1493 163 1
3414 163 1
3545 163 1
1270 163 1
1327 163 1
2197 163 1
279 163 1
649 163 1
3178 163 1
191 163 1
2381 163 1
36 163 1
51 163 1
2308 163 1
638 163 1
119 163 1
1542 163 1
155 163 1
3115 163 1
343 163 1
4098 163 1
244 163 1
178 163 1
552 163 1
112 163 1
732 163 1
424 163 1
2289 163 1
2347 163 1
677 163 1
3329 163 1
2372 163 1
419 163 1
1961 163 1
220 163 1
3739 163 1
251 163 1
468 163 1
577 163 1
928 163 1
847 163 1
1579 163 1
363 163 1
271 163 1
343 163 1
2211 163 1
2022 163 1
1446 163 1
1153 163 1
2100 163 1
13 163 1
4102 163 1
42 163 1
537 163 1
654 163 1
3063 163 1
7 163 1
643 163 1
3242 163 1
2162 163 1
191 163 1
1280 163 1
1767 163 1
1644 163 1
122 163 1
1011 163 1
291 163 1
262 163 1
119 163 1
2454 163 1
3325 163 1
1113 163 1
56 163 1
246 163 1
35 163 1
3489 163 1
217 163 1
3565 163 1
1895 163 1
2700 163 1
1 163 1
896 163 1
0 163 1
46 163 1
1290 163 1
922 163 1
3558 163 1
3180 163 1
151 163 1
1603 163 1
422 163 1
1010 163 1
557 163 1
3232 163 1
1518 163 1
112 163 1
74 163 1
102 163 1
137 163 1
3096 163 1
778 163 1
1823 163 1
79 163 1
3026 163 1
39 163 1
2007 163 1
1952 163 1
687 163 1
1875 163 1
3125 163 1
1083 163 1
1700 163 1
2221 163 1
1308 163 1
3 163 1
2720 163 1
1502 163 1
3539 163 1
3426 163 1
3907 164 1
1526 164 1
2222 164 1
669 164 1
2001 164 1
28 164 1
1666 164 1
28 164 1
3939 164 1
21 164 1
2768 164 1
3960 164 1
0 164 1
1405 164 1
487 164 1
709 164 1
1055 164 1
509 164 1
2476 164 1
739 164 1
2166 164 1
3955 164 1
2221 164 1
549 164 1
2074 164 1
287 164 1
3036 164 1
3503 164 1
2888 164 1
40 164 1
2532 164 1
2594 164 1
1794 164 1
3694 164 1
1238 164 1
1597 164 1
4 164 1
2041 164 1
3310 164 1
4157 164 1
229 164 1
1122 164 1
1835 164 1
3405 164 1
633 164 1
179 164 1
1970 164 1
102 164 1
524 164 1
475 164 1
46 164 1
76 164 1
264 164 1
1572 164 1
3402 164 1
3797 164 1
4109 164 1
372 164 1
24 164 1
1633 164 1
1443 164 1
3096 164 1
1082 164 1
1928 164 1
2948 164 1
326 164 1
3644 164 1
773 164 1
2173 164 1
2804 164 1
4023 164 1
220 164 1
10 164 1
788 164 1
3054 164 1
0 164 1
4 164 1
174 164 1
150 164 1
828 164 1
452 164 1
2856 164 1
2547 164 1
3295 164 1
1934 164 1
3082 164 1
15 164 1
47 164 1
1450 164 1
3873 164 1
3224 164 1
3017 164 1
2856 164 1
1817 164 1
1664 164 1
3535 164 1
1858 164 1
769 164 1
2713 164 1
1959 164 1
3142 164 1
733 164 1
2093 164 1
3900 164 1
1215 164 1
336 164 1
638 164 1
1414 164 1
18 164 1
2595 164 1
155 164 1
1514 164 1
124 164 1
37 164 1
944 164 1
209 164 1
1127 164 1
1374 164 1
1415 164 1
834 164 1
3439 164 1
3022 164 1
1892 164 1
27 164 1
2123 164 1
34 164 1
3539 164 1
3550 164 1
4108 164 1
404 164 1
558 164 1
654 164 1
2686 164 1
116 164 1
1537 164 1
1463 164 1
3149 164 1
1465 164 1
2142 164 1
225 164 1
186 164 1
71 164 1
503 164 1
3 164 1
1442 164 1
3250 164 1
2981 164 1
2791 164 1
14 164 1
1169 164 1
22 164 1
3635 164 1
70 164 1
1258 165 1
1972 165 1
287 165 1
2401 165 1
2490 165 1
1072 165 1
2195 165 1
511 165 1
206 165 1
2370 165 1
2278 165 1
0 165 1
1067 165 1
2015 165 1
457 165 1
750 165 1
3710 165 1
2587 165 1
3389 165 1
3814 165 1
2 165 1
205 165 1
2322 165 1
108 165 1
64 165 1
1798 165 1
2025 165 1
3579 165 1
2711 165 1
3793 165 1
372 165 1
2374 165 1
577 165 1
21 165 1
91 165 1
3106 165 1
1903 165 1
2305 165 1
724 165 1
775 165 1
519 165 1
3696 165 1
2872 165 1
767 165 1
4021 165 1
3188 165 1
1058 165 1
1456 165 1
2439 165 1
2724 165 1
3594 165 1
1364 165 1
397 165 1
1896 165 1
2389 165 1
1593 165 1
2233 165 1
3302 165 1
0 165 1
1582 165 1
687 165 1
174 165 1
1461 165 1
782 165 1
2927 165 1
190 165 1
4051 165 1
2146 165 1
17 165 1
3161 165 1
2073 165 1
78 165 1
2298 165 1
2733 165 1
3059 165 1
64 165 1
4188 165 1
23 165 1
82 165 1
895 165 1
40 165 1
1912 165 1
320 165 1
120 165 1
2110 165 1
0 165 1
33 165 1
238 165 1
1124 165 1
1315 165 1
1592 165 1
1488 165 1
81 165 1
3432 165 1
7 165 1
2705 165 1
1277 165 1
3801 165 1
2329 165 1
1189 165 1
235 165 1
3969 165 1
34 165 1
3374 165 1
2673 165 1
2131 165 1
1160 165 1
386 165 1
832 165 1
2553 165 1
182 165 1
2916 165 1
1666 165 1
527 165 1
133 165 1
199 165 1
1010 165 1
2792 165 1
49 165 1
450 165 1
3283 165 1
8 165 1
48 165 1
873 165 1
439 165 1
1537 165 1
3399 165 1
249 165 1
503 165 1
77 165 1
2471 165 1
3917 165 1
176 165 1
3197 165 1
360 165 1
1552 165 1
2772 165 1
1764 165 1
2668 165 1
898 165 1
298 165 1
225 165 1
0 165 1
805 165 1
4021 165 1
939 165 1
1432 165 1
1767 165 1
2896 165 1
1507 165 1
765 165 1
37 165 1
157 165 1
4 166 1
2787 166 1
37 166 1
312 166 1
0 166 1
4172 166 1
3897 166 1
1589 166 1
1129 166 1
2005 166 1
778 166 1
438 166 1
2233 166 1
7 166 1
894 166 1
2395 166 1
2681 166 1
2313 166 1
15 166 1
3615 166 1
44 166 1
2 166 1
2602 166 1
1063 166 1
1373 166 1
51 166 1
3187 166 1
1199 166 1
3 166 1
31 166 1
294 166 1
18 166 1
462 166 1
5 166 1
993 166 1
3717 166 1
2030 166 1
25 166 1
273 166 1
4026 166 1
1645 166 1
441 166 1
148 166 1
1209 166 1
1493 166 1
1469 166 1
1635 166 1
217 166 1
528 166 1
1147 166 1
3380 166 1
1020 166 1
2644 166 1
42 166 1
231 166 1
589 166 1
481 166 1
3908 166 1
915 166 1
660 166 1
43 166 1
2877 166 1
3645 166 1
48 166 1
343 166 1
6 166 1
66 166 1
116 166 1
1396 166 1
2651 166 1
1065 166 1
108 166 1
326 166 1
3843 166 1
0 166 1
1734 166 1
276 166 1
1125 166 1
1831 166 1
2378 166 1
824 166 1
80 166 1
313 166 1
1223 166 1
2479 166 1
476 166 1
1751 166 1
1491 166 1
1379 166 1
3203 166 1
518 166 1
152 166 1
2999 166 1
355 166 1
15 166 1
49 166 1
137 166 1
160 166 1
316 166 1
438 166 1
3072 166 1
574 166 1
809 166 1
271 166 1
23 166 1
3255 166 1
3880 166 1
3200 166 1
16 166 1
429 166 1
2300 166 1
336 166 1
19 166 1
3430 166 1
1707 166 1
752 166 1
137 166 1
2873 166 1
5 166 1
10 166 1
2382 166 1
621 166 1
4167 166 1
2530 166 1
65 166 1
2109 166 1
3727 166 1
79 166 1
3941 166 1
3299 166 1
1873 166 1
1125 166 1
3959 166 1
3712 166 1
1797 166 1
1274 166 1
2173 166 1
869 166 1
925 166 1
16 166 1
1808 166 1
1930 166 1
2002 166 1
3707 166 1
350 166 1
3151 166 1
223 166 1
3269 166 1
161 166 1
1877 166 1
1315 166 1
2799 166 1
43 166 1
2648 167 1
1485 167 1
2461 167 1
3980 167 1
1265 167 1
19 167 1
1131 167 1
362 167 1
2524 167 1
1108 167 1
467 167 1
1273 167 1
2814 167 1
5 167 1
211 167 1
2093 167 1
523 167 1
2017 167 1
627 167 1
3024 167 1
2304 167 1
2137 167 1
2355 167 1
940 167 1
152 167 1
1470 167 1
1693 167 1
1683 167 1
696 167 1
151 167 1
120 167 1
1444 167 1
3047 167 1
311 167 1
2322 167 1
1947 167 1
210 167 1
1913 167 1
8 167 1
47 167 1
65 167 1
2665 167 1
37 167 1
173 167 1
1093 167 1
277 167 1
3772 167 1
121 167 1
787 167 1
2296 167 1
2432 167 1
2099 167 1
2583 167 1
3715 167 1
49 167 1
862 167 1
0 167 1
487 167 1
1914 167 1
944 167 1
2907 167 1
1 167 1
314 167 1
2077 167 1
1541 167 1
2860 167 1
2820 167 1
2661 167 1
0 167 1
916 167 1
3026 167 1
41 167 1
214 167 1
1672 167 1
19 167 1
3862 167 1
150 167 1
18 167 1
26 167 1
29 167 1
336 167 1
2982 167 1
432 167 1
3126 167 1
127 167 1
97 167 1
3126 167 1
1433 167 1
988 167 1
1083 167 1
2128 167 1
752 167 1
804 167 1
2437 167 1
600 167 1
6 167 1
2406 167 1
2 167 1
3244 167 1
2052 167 1
1509 167 1
15 167 1
367 167 1
977 167 1
1435 167 1
3839 167 1
3768 167 1
2818 167 1
1462 167 1
33 167 1
3 167 1
1313 167 1
2877 167 1
940 167 1
3976 167 1
2 167 1
329 167 1
148 167 1
2768 167 1
902 167 1
4101 167 1
1512 167 1
2400 167 1
3653 167 1
1373 167 1
3796 167 1
8 167 1
696 167 1
23 167 1
67 167 1
1919 167 1
1468 167 1
555 167 1
24 167 1
4141 167 1
478 167 1
891 167 1
2 167 1
4165 167 1
2790 167 1
641 167 1
3659 167 1
59 167 1
2050 167 1
4116 167 1
65 167 1
409 167 1
636 167 1
1766 167 1
997 167 1
392 167 1
4194 167 1
1816 167 1
1753 168 1
643 168 1
3941 168 1
227 168 1
467 168 1
1 168 1
128 168 1
622 168 1
611 168 1
3960 168 1
12 168 1
527 168 1
1346 168 1
4178 168 1
0 168 1
564 168 1
178 168 1
1164 168 1
43 168 1
16 168 1
528 168 1
665 168 1
1722 168 1
1759 168 1
396 168 1
2836 168 1
2064 168 1
3424 168 1
1741 168 1
597 168 1
1898 168 1
2663 168 1
1040 168 1
5 168 1
2066 168 1
18 168 1
3287 168 1
704 168 1
2342 168 1
2811 168 1
140 168 1
813 168 1
2519 168 1
106 168 1
1642 168 1
1541 168 1
990 168 1
30 168 1
1137 168 1
3487 168 1
182 168 1
9 168 1
1617 168 1
2636 168 1
41 168 1
1879 168 1
107 168 1
0 168 1
574 168 1
2129 168 1
7 168 1
177 168 1
3821 168 1
40 168 1
1691 168 1
307 168 1
615 168 1
46 168 1
3480 168 1
146 168 1
703 168 1
3112 168 1
2700 168 1
3456 168 1
2288 168 1
789 168 1
3494 168 1
4112 168 1
2231 168 1
188 168 1
30 168 1
1413 168 1
2323 168 1
2533 168 1
368 168 1
2660 168 1
1313 168 1
4074 168 1
1065 168 1
675 168 1
1 168 1
406 168 1
2520 168 1
813 168 1
1154 168 1
3516 168 1
2014 168 1
1832 168 1
9 168 1
70 168 1
101 168 1
791 168 1
757 168 1
2905 168 1
414 168 1
444 168 1
833 168 1
376 168 1
3886 168 1
296 168 1
1155 168 1
926 168 1
44 168 1
339 168 1
3453 168 1
43 168 1
187 168 1
2841 168 1
3495 168 1
202 168 1
1978 168 1
2252 168 1
4066 168 1
2291 168 1
876 168 1
2316 168 1
4075 168 1
2925 168 1
650 168 1
2506 168 1
3018 168 1
3087 168 1
27 168 1
371 168 1
3571 168 1
297 168 1
455 168 1
682 168 1
2902 168 1
1306 168 1
67 168 1
736 168 1
2629 168 1
510 168 1
3259 168 1
2110 168 1
173 168 1
2412 168 1
475 168 1
1691 168 1
729 168 1
3739 168 1
1286 168 1
147 169 1
1522 169 1
509 169 1
473 169 1
2451 169 1
3825 169 1
2991 169 1
1614 169 1
97 169 1
1714 169 1
1770 169 1
1 169 1
884 169 1
1118 169 1
1356 169 1
4 169 1
959 169 1
551 169 1
40 169 1
879 169 1
2236 169 1
892 169 1
2392 169 1
1333 169 1
660 169 1
179 169 1
1359 169 1
31 169 1
3835 169 1
2835 169 1
119 169 1
3005 169 1
3573 169 1
1576 169 1
215 169 1
0 169 1
2521 169 1
269 169 1
3005 169 1
323 169 1
2839 169 1
61 169 1
1508 169 1
401 169 1
355 169 1
1373 169 1
1315 169 1
4101 169 1
27 169 1
96 169 1
2502 169 1
110 169 1
1087 169 1
1668 169 1
0 169 1
2481 169 1
658 169 1
1652 169 1
1273 169 1
1910 169 1
51 169 1
3786 169 1
2221 169 1
2184 169 1
21 169 1
495 169 1
3080 169 1
2001 169 1
718 169 1
3562 169 1
17 169 1
19 169 1
265 169 1
1422 169 1
788 169 1
0 169 1
2252 169 1
381 169 1
128 169 1
2737 169 1
23 169 1
1390 169 1
4059 169 1
3549 169 1
3177 169 1
2987 169 1
224 169 1
101 169 1
3859 169 1
1497 169 1
568 169 1
62 169 1
3801 169 1
145 169 1
2969 169 1
2491 169 1
3737 169 1
10 169 1
2219 169 1
1240 169 1
1977 169 1
2121 169 1
1392 169 1
2852 169 1
42 169 1
721 169 1
2265 169 1
869 169 1
3863 169 1
2785 169 1
907 169 1
2118 169 1
3861 169 1
4147 169 1
3898 169 1
486 169 1
1363 169 1
2283 169 1
218 169 1
517 169 1
4061 169 1
1537 169 1
3011 169 1
1825 169 1
3181 169 1
1028 169 1
352 169 1
1670 169 1
683 169 1
116 169 1
2441 169 1
453 169 1
891 169 1
1233 169 1
1478 169 1
846 169 1
36 169 1
470 169 1
376 169 1
339 169 1
266 169 1
1009 169 1
17 169 1
1251 169 1
608 169 1
1551 169 1
1604 169 1
1121 169 1
3520 169 1
1003 169 1
998 169 1
4178 169 1
3317 169 1
1 170 1
12 170 1
778 170 1
0 170 1
1701 170 1
3074 170 1
1961 170 1
12 170 1
22 170 1
2305 170 1
0 170 1
4173 170 1
739 170 1
1505 170 1
1280 170 1
265 170 1
4111 170 1
140 170 1
1875 170 1
641 170 1
1150 170 1
2533 170 1
1562 170 1
832 170 1
1564 170 1
69 170 1
3862 170 1
348 170 1
530 170 1
1522 170 1
3272 170 1
531 170 1
853 170 1
5 170 1
2789 170 1
151 170 1
375 170 1
3890 170 1
1267 170 1
3103 170 1
650 170 1
611 170 1
382 170 1
1600 170 1
3393 170 1
1681 170 1
3967 170 1
2644 170 1
703 170 1
3249 170 1
113 170 1
469 170 1
2185 170 1
642 170 1
1094 170 1
1902 170 1
3449 170 1
1414 170 1
854 170 1
1100 170 1
2537 170 1
448 170 1
2352 170 1
424 170 1
11 170 1
7 170 1
502 170 1
12 170 1
3 170 1
1211 170 1
0 170 1
342 170 1
803 170 1
1477 170 1
2684 170 1
616 170 1
1350 170 1
189 170 1
3977 170 1
22 170 1
1259 170 1
3144 170 1
1299 170 1
848 170 1
513 170 1
2002 170 1
2435 170 1
105 170 1
3132 170 1
14 170 1
3089 170 1
1561 170 1
451 170 1
781 170 1
2302 170 1
1604 170 1
3173 170 1
594 170 1
1337 170 1
2342 170 1
658 170 1
996 170 1
997 170 1
294 170 1
2649 170 1
218 170 1
294 170 1
1835 170 1
3118 170 1
1402 170 1
675 170 1
662 170 1
2061 170 1
2589 170 1
3300 170 1
2122 170 1
697 170 1
2168 170 1
534 170 1
1982 170 1
1 170 1
128 170 1
369 170 1
3591 170 1
11 170 1
2508 170 1
10 170 1
17 170 1
3392 170 1
3697 170 1
257 170 1
4042 170 1
2106 170 1
953 170 1
61 170 1
546 170 1
291 170 1
1009 170 1
2043 170 1
1404 170 1
29 170 1
1742 170 1
2924 170 1
863 170 1
470 170 1
3717 170 1
96 170 1
93 170 1
1161 170 1
1267 170 1
77 170 1
6 170 1
464 170 1
3762 171 1
3161 171 1
2876 171 1
3116 171 1
284 171 1
628 171 1
1746 171 1
3765 171 1
51 171 1
32 171 1
4208 171 1
2125 171 1
690 171 1
424 171 1
1115 171 1
583 171 1
654 171 1
0 171 1
4136 171 1
245 171 1
3971 171 1
992 171 1
1939 171 1
654 171 1
1967 171 1
16 171 1
16 171 1
563 171 1
4031 171 1
2874 171 1
3259 171 1
2562 171 1
543 171 1
189 171 1
2198 171 1
531 171 1
1284 171 1
1124 171 1
2482 171 1
275 171 1
76 171 1
2900 171 1
903 171 1
190 171 1
3463 171 1
487 171 1
236 171 1
1682 171 1
200 171 1
1043 171 1
4043 171 1
172 171 1
3854 171 1
970 171 1
1384 171 1
3335 171 1
1 171 1
2008 171 1
2867 171 1
1542 171 1
1434 171 1
1877 171 1
190 171 1
3345 171 1
579 171 1
473 171 1
443 171 1
32 171 1
74 171 1
722 171 1
1489 171 1
11 171 1
1793 171 1
132 171 1
7 171 1
1342 171 1
4096 171 1
982 171 1
1107 171 1
41 171 1
3412 171 1
1998 171 1
3257 171 1
1228 171 1
126 171 1
573 171 1
2859 171 1
202 171 1
1135 171 1
1639 171 1
312 171 1
2025 171 1
1371 171 1
4166 171 1
276 171 1
17 171 1
310 171 1
2323 171 1
1431 171 1
2953 171 1
621 171 1
1412 171 1
7 171 1
3128 171 1
337 171 1
2287 171 1
3987 171 1
2805 171 1
2676 171 1
53 171 1
313 171 1
3 171 1
241 171 1
2101 171 1
1107 171 1
4039 171 1
35 171 1
542 171 1
118 171 1
2021 171 1
1773 171 1
38 171 1
804 171 1
158 171 1
8 171 1
1141 171 1
879 171 1
125 171 1
452 171 1
2 171 1
202 171 1
3657 171 1
183 171 1
345 171 1
447 171 1
309 171 1
3386 171 1
350 171 1
2494 171 1
1495 171 1
594 171 1
221 171 1
439 171 1
1881 171 1
4044 171 1
2763 171 1
343 171 1
290 171 1
15 171 1
2560 171 1
1589 171 1
1123 171 1
1055 171 1
4018 172 1
199 172 1
1 172 1
643 172 1
2132 172 1
2829 172 1
2527 172 1
782 172 1
695 172 1
54 172 1
822 172 1
3743 172 1
3561 172 1
3496 172 1
1831 172 1
3561 172 1
328 172 1
3072 172 1
220 172 1
1222 172 1
467 172 1
0 172 1
2223 172 1
603 172 1
2427 172 1
1122 172 1
482 172 1
555 172 1
3363 172 1
922 172 1
1 172 1
3159 172 1
398 172 1
18 172 1
1878 172 1
3684 172 1
3840 172 1
1670 172 1
42 172 1
96 172 1
2206 172 1
1 172 1
2968 172 1
3223 172 1
902 172 1
3144 172 1
3393 172 1
772 172 1
165 172 1
227 172 1
457 172 1
1820 172 1
642 172 1
9 172 1
2658 172 1
54 172 1
2531 172 1
2789 172 1
3988 172 1
722 172 1
259 172 1
1198 172 1
0 172 1
2167 172 1
34 172 1
3683 172 1
840 172 1
3010 172 1
600 172 1
926 172 1
180 172 1
151 172 1
222 172 1
3046 172 1
1425 172 1
1 172 1
1673 172 1
348 172 1
4171 172 1
318 172 1
523 172 1
3799 172 1
25 172 1
3650 172 1
420 172 1
100 172 1
114 172 1
2913 172 1
3420 172 1
636 172 1
2987 172 1
1104 172 1
1642 172 1
1225 172 1
2973 172 1
3634 172 1
2751 172 1
910 172 1
2446 172 1
3682 172 1
1052 172 1
25 172 1
451 172 1
67 172 1
1833 172 1
2031 172 1
1609 172 1
624 172 1
2 172 1
350 172 1
203 172 1
1255 172 1
3876 172 1
3419 172 1
1038 172 1
11 172 1
620 172 1
220 172 1
761 172 1
1276 172 1
1210 172 1
649 172 1
224 172 1
1249 172 1
3843 172 1
427 172 1
1563 172 1
1420 172 1
89 172 1
0 172 1
929 172 1
1647 172 1
19 172 1
1160 172 1
2745 172 1
2041 172 1
4 172 1
2163 172 1
3510 172 1
657 172 1
24 172 1
2337 172 1
84 172 1
191 172 1
986 172 1
449 172 1
456 172 1
3536 172 1
1366 172 1
1338 172 1
66 172 1
233 172 1
1680 172 1
7 173 1
39 173 1
75 173 1
2003 173 1
267 173 1
3748 173 1
2506 173 1
3102 173 1
842 173 1
18 173 1
2678 173 1
57 173 1
4127 173 1
500 173 1
473 173 1
3079 173 1
0 173 1
2418 173 1
996 173 1
1488 173 1
1216 173 1
7 173 1
2430 173 1
29 173 1
407 173 1
30 173 1
916 173 1
34 173 1
1873 173 1
275 173 1
1173 173 1
3141 173 1
2769 173 1
1283 173 1
0 173 1
250 173 1
2325 173 1
3055 173 1
8 173 1
638 173 1
3359 173 1
2814 173 1
94 173 1
605 173 1
3644 173 1
3555 173 1
633 173 1
3183 173 1
3808 173 1
49 173 1
2892 173 1
0 173 1
231 173 1
3799 173 1
2489 173 1
0 173 1
2756 173 1
922 173 1
206 173 1
0 173 1
701 173 1
1835 173 1
2425 173 1
232 173 1
1060 173 1
4 173 1
2328 173 1
75 173 1
171 173 1
1499 173 1
165 173 1
3437 173 1
713 173 1
3056 173 1
2240 173 1
900 173 1
136 173 1
1434 173 1
708 173 1
3499 173 1
1651 173 1
2927 173 1
229 173 1
1397 173 1
17 173 1
639 173 1
1956 173 1
1649 173 1
3641 173 1
268 173 1
1260 173 1
338 173 1
3073 173 1
2307 173 1
2207 173 1
249 173 1
1741 173 1
2339 173 1
2875 173 1
1115 173 1
1687 173 1
3968 173 1
1155 173 1
0 173 1
116 173 1
3176 173 1
1891 173 1
3714 173 1
386 173 1
1824 173 1
1012 173 1
134 173 1
175 173 1
2721 173 1
441 173 1
69 173 1
1608 173 1
1724 173 1
818 173 1
2699 173 1
73 173 1
3460 173 1
567 173 1
1041 173 1
775 173 1
3256 173 1
339 173 1
262 173 1
3483 173 1
264 173 1
201 173 1
156 173 1
50 173 1
1697 173 1
155 173 1
1377 173 1
0 173 1
3204 173 1
2999 173 1
3523 173 1
3428 173 1
2985 173 1
1122 173 1
3087 173 1
3196 173 1
1631 173 1
3557 173 1
236 173 1
2271 173 1
1183 173 1
2431 173 1
967 173 1
492 173 1
34 174 1
2006 174 1
2773 174 1
399 174 1
2122 174 1
3086 174 1
31 174 1
205 174 1
193 174 1
3131 174 1
1618 174 1
2736 174 1
204 174 1
1768 174 1
2441 174 1
155 174 1
3176 174 1
2198 174 1
715 174 1
85 174 1
918 174 1
125 174 1
567 174 1
1891 174 1
7 174 1
72 174 1
26 174 1
2393 174 1
2608 174 1
204 174 1
1375 174 1
15 174 1
422 174 1
320 174 1
175 174 1
2786 174 1
1766 174 1
86 174 1
841 174 1
348 174 1
1798 174 1
2098 174 1
1111 174 1
3 174 1
2613 174 1
2054 174 1
2777 174 1
95 174 1
972 174 1
3237 174 1
2341 174 1
115 174 1
626 174 1
174 174 1
3304 174 1
1296 174 1
1954 174 1
2579 174 1
1 174 1
0 174 1
16 174 1
165 174 1
288 174 1
736 174 1
896 174 1
2368 174 1
4151 174 1
3793 174 1
1361 174 1
732 174 1
357 174 1
2133 174 1
273 174 1
28 174 1
414 174 1
1525 174 1
390 174 1
339 174 1
0 174 1
1471 174 1
1698 174 1
282 174 1
3941 174 1
28 174 1
309 174 1
2373 174 1
918 174 1
1629 174 1
2490 174 1
3904 174 1
3147 174 1
3237 174 1
2533 174 1
1167 174 1
1470 174 1
2519 174 1
50 174 1
34 174 1
65 174 1
2068 174 1
2345 174 1
1489 174 1
3096 174 1
180 174 1
84 174 1
39 174 1
507 174 1
1630 174 1
866 174 1
89 174 1
1045 174 1
496 174 1
45 174 1
39 174 1
77 174 1
1534 174 1
1437 174 1
1406 174 1
2640 174 1
2308 174 1
504 174 1
2632 174 1
2369 174 1
163 174 1
3621 174 1
386 174 1
2236 174 1
1124 174 1
4207 174 1
1163 174 1
881 174 1
2869 174 1
375 174 1
4140 174 1
1493 174 1
574 174 1
144 174 1
855 174 1
529 174 1
299 174 1
893 174 1
1169 174 1
2238 174 1
2399 174 1
88 174 1
4077 174 1
1606 174 1
2750 174 1
1416 174 1
3261 174 1
547 174 1
77 174 1
1872 174 1
282 175 1
2205 175 1
3839 175 1
2891 175 1
173 175 1
202 175 1
2525 175 1
2251 175 1
2894 175 1
3 175 1
339 175 1
520 175 1
28 175 1
129 175 1
2692 175 1
696 175 1
607 175 1
3983 175 1
1442 175 1
1405 175 1
80 175 1
2936 175 1
259 175 1
877 175 1
23 175 1
551 175 1
0 175 1
435 175 1
3675 175 1
1458 175 1
450 175 1
2073 175 1
2346 175 1
887 175 1
2520 175 1
28 175 1
308 175 1
4063 175 1
3836 175 1
3036 175 1
3429 175 1
7 175 1
1753 175 1
1922 175 1
2645 175 1
145 175 1
33 175 1
2973 175 1
3088 175 1
1154 175 1
1523 175 1
1079 175 1
1351 175 1
508 175 1
761 175 1
71 175 1
435 175 1
1561 175 1
3294 175 1
1103 175 1
3696 175 1
1846 175 1
6 175 1
601 175 1
250 175 1
3517 175 1
2248 175 1
1334 175 1
1783 175 1
573 175 1
417 175 1
3485 175 1
2222 175 1
25 175 1
3847 175 1
2235 175 1
240 175 1
2005 175 1
1 175 1
259 175 1
1315 175 1
285 175 1
30 175 1
188 175 1
2183 175 1
222 175 1
1732 175 1
93 175 1
3468 175 1
136 175 1
90 175 1
1155 175 1
2301 175 1
834 175 1
2998 175 1
1057 175 1
2391 175 1
1118 175 1
2482 175 1
399 175 1
35 175 1
112 175 1
280 175 1
493 175 1
1968 175 1
126 175 1
16 175 1
17 175 1
378 175 1
2629 175 1
1368 175 1
2175 175 1
3318 175 1
3909 175 1
176 175 1
1618 175 1
1060 175 1
60 175 1
948 175 1
365 175 1
3308 175 1
0 175 1
79 175 1
1280 175 1
2137 175 1
1452 175 1
2407 175 1
109 175 1
2798 175 1
898 175 1
32 175 1
3219 175 1
498 175 1
954 175 1
378 175 1
55 175 1
1989 175 1
3527 175 1
1985 175 1
1274 175 1
1635 175 1
1313 175 1
485 175 1
742 175 1
14 175 1
3912 175 1
98 175 1
79 175 1
1218 175 1
148 175 1
3479 175 1
75 175 1
3286 175 1
2224 176 1
661 176 1
4 176 1
1862 176 1
2413 176 1
645 176 1
3 176 1
49 176 1
5 176 1
1176 176 1
2526 176 1
2605 176 1
2623 176 1
890 176 1
2767 176 1
789 176 1
1639 176 1
2403 176 1
240 176 1
901 176 1
2911 176 1
15 176 1
1776 176 1
3869 176 1
3788 176 1
33 176 1
89 176 1
1007 176 1
1218 176 1
419 176 1
2929 176 1
321 176 1
3321 176 1
2357 176 1
3024 176 1
2981 176 1
3 176 1
68 176 1
3291 176 1
958 176 1
3715 176 1
17 176 1
1266 176 1
372 176 1
2478 176 1
723 176 1
1983 176 1
3893 176 1
3667 176 1
838 176 1
217 176 1
457 176 1
26 176 1
922 176 1
521 176 1
1876 176 1
187 176 1
582 176 1
170 176 1
932 176 1
1476 176 1
70 176 1
26 176 1
1092 176 1
1429 176 1
1028 176 1
129 176 1
2619 176 1
1579 176 1
54 176 1
680 176 1
3577 176 1
2638 176 1
1929 176 1
2466 176 1
3252 176 1
1188 176 1
927 176 1
54 176 1
2488 176 1
2420 176 1
309 176 1
1144 176 1
1344 176 1
532 176 1
1105 176 1
1983 176 1
135 176 1
11 176 1
540 176 1
49 176 1
1781 176 1
1292 176 1
2955 176 1
125 176 1
31 176 1
438 176 1
1176 176 1
0 176 1
3804 176 1
3134 176 1
906 176 1
1606 176 1
3128 176 1
3321 176 1
1246 176 1
2055 176 1
2018 176 1
375 176 1
1480 176 1
308 176 1
0 176 1
612 176 1
3567 176 1
356 176 1
540 176 1
3054 176 1
1588 176 1
507 176 1
3278 176 1
3 176 1
2280 176 1
2936 176 1
1696 176 1
2078 176 1
78 176 1
999 176 1
2475 176 1
50 176 1
539 176 1
2003 176 1
3451 176 1
3998 176 1
121 176 1
165 176 1
629 176 1
1932 176 1
1274 176 1
190 176 1
74 176 1
1995 176 1
521 176 1
2001 176 1
2978 176 1
33 176 1
18 176 1
3738 176 1
1834 176 1
2913 176 1
78 176 1
1 176 1
2901 176 1
23 176 1
2950 177 1
3957 177 1
152 177 1
470 177 1
1110 177 1
4174 177 1
4118 177 1
189 177 1
274 177 1
2541 177 1
10 177 1
1361 177 1
316 177 1
742 177 1
2890 177 1
10 177 1
1502 177 1
1305 177 1
392 177 1
3262 177 1
4192 177 1
345 177 1
868 177 1
453 177 1
202 177 1
247 177 1
985 177 1
1406 177 1
460 177 1
833 177 1
1798 177 1
299 177 1
1808 177 1
9 177 1
0 177 1
945 177 1
315 177 1
3291 177 1
42 177 1
901 177 1
12 177 1
189 177 1
754 177 1
3527 177 1
3667 177 1
1796 177 1
4130 177 1
990 177 1
3869 177 1
2217 177 1
3344 177 1
1752 177 1
1083 177 1
2932 177 1
1547 177 1
278 177 1
2340 177 1
1916 177 1
1915 177 1
3983 177 1
3 177 1
311 177 1
15 177 1
3640 177 1
1687 177 1
198 177 1
1399 177 1
3423 177 1
618 177 1
2477 177 1
72 177 1
2324 177 1
153 177 1
2312 177 1
2898 177 1
64 177 1
192 177 1
1572 177 1
1921 177 1
141 177 1
812 177 1
79 177 1
3326 177 1
487 177 1
2321 177 1
2540 177 1
4142 177 1
23 177 1
1719 177 1
637 177 1
1621 177 1
0 177 1
1994 177 1
3645 177 1
3612 177 1
204 177 1
1 177 1
503 177 1
402 177 1
3386 177 1
3640 177 1
2298 177 1
156 177 1
2517 177 1
2245 177 1
908 177 1
2369 177 1
431 177 1
371 177 1
300 177 1
1688 177 1
34 177 1
146 177 1
920 177 1
3096 177 1
7 177 1
364 177 1
758 177 1
4117 177 1
2648 177 1
506 177 1
700 177 1
2183 177 1
135 177 1
1738 177 1
1229 177 1
1 177 1
132 177 1
2281 177 1
36 177 1
4090 177 1
4078 177 1
3369 177 1
3272 177 1
1420 177 1
3701 177 1
0 177 1
21 177 1
4117 177 1
2964 177 1
3531 177 1
3739 177 1
3938 177 1
4 177 1
4096 177 1
274 177 1
3681 177 1
1008 177 1
132 177 1
101 177 1
348 177 1
925 177 1
1219 177 1
1360 178 1
259 178 1
3491 178 1
2545 178 1
60 178 1
2705 178 1
177 178 1
1852 178 1
2873 178 1
92 178 1
4088 178 1
2616 178 1
994 178 1
292 178 1
2235 178 1
759 178 1
182 178 1
1130 178 1
63 178 1
4079 178 1
3092 178 1
385 178 1
2850 178 1
2325 178 1
1266 178 1
492 178 1
62 178 1
903 178 1
8 178 1
772 178 1
87 178 1
370 178 1
268 178 1
1547 178 1
98 178 1
14 178 1
1722 178 1
326 178 1
516 178 1
102 178 1
3010 178 1
70 178 1
60 178 1
2048 178 1
0 178 1
2208 178 1
345 178 1
1258 178 1
2207 178 1
11 178 1
3264 178 1
39 178 1
2895 178 1
3544 178 1
275 178 1
2577 178 1
3695 178 1
111 178 1
4069 178 1
2489 178 1
1232 178 1
375 178 1
2460 178 1
407 178 1
3273 178 1
3631 178 1
3701 178 1
732 178 1
2749 178 1
60 178 1
1949 178 1
636 178 1
1150 178 1
236 178 1
3971 178 1
1944 178 1
100 178 1
3609 178 1
1234 178 1
1235 178 1
1443 178 1
3561 178 1
471 178 1
2159 178 1
3177 178 1
115 178 1
1 178 1
1000 178 1
47 178 1
340 178 1
1661 178 1
164 178 1
596 178 1
851 178 1
2831 178 1
4 178 1
2618 178 1
1174 178 1
2953 178 1
2602 178 1
3541 178 1
27 178 1
1934 178 1
283 178 1
960 178 1
526 178 1
35 178 1
1301 178 1
0 178 1
3473 178 1
172 178 1
143 178 1
500 178 1
609 178 1
1172 178 1
3548 178 1
1749 178 1
22 178 1
1192 178 1
354 178 1
492 178 1
223 178 1
2094 178 1
2940 178 1
579 178 1
3124 178 1
44 178 1
90 178 1
1637 178 1
1179 178 1
2634 178 1
527 178 1
260 178 1
3611 178 1
1851 178 1
1271 178 1
3817 178 1
693 178 1
3351 178 1
1599 178 1
2793 178 1
141 178 1
3979 178 1
1226 178 1
1907 178 1
360 178 1
3722 178 1
71 178 1
3424 178 1
947 178 1
1573 178 1
590 178 1
37 178 1
2923 179 1
2209 179 1
1800 179 1
46 179 1
518 179 1
3138 179 1
3686 179 1
0 179 1
421 179 1
3126 179 1
2425 179 1
30 179 1
706 179 1
2854 179 1
1694 179 1
979 179 1
989 179 1
1694 179 1
1753 179 1
618 179 1
3137 179 1
3196 179 1
3762 179 1
511 179 1
1156 179 1
735 179 1
3390 179 1
2095 179 1
2509 179 1
1607 179 1
1348 179 1
3202 179 1
2129 179 1
139 179 1
361 179 1
12 179 1
1807 179 1
1299 179 1
3415 179 1
0 179 1
2592 179 1
1381 179 1
40 179 1
1346 179 1
836 179 1
170 179 1
370 179 1
1734 179 1
2947 179 1
2050 179 1
4073 179 1
1318 179 1
1722 179 1
273 179 1
784 179 1
5 179 1
135 179 1
2001 179 1
4015 179 1
925 179 1
2684 179 1
101 179 1
10 179 1
74 179 1
993 179 1
2863 179 1
173 179 1
205 179 1
11 179 1
356 179 1
2909 179 1
712 179 1
135 179 1
3981 179 1
915 179 1
1995 179 1
1738 179 1
5 179 1
3914 179 1
77 179 1
1966 179 1
69 179 1
2939 179 1
162 179 1
230 179 1
102 179 1
397 179 1
2671 179 1
543 179 1
3828 179 1
1363 179 1
1827 179 1
1088 179 1
1186 179 1
3304 179 1
3557 179 1
3259 179 1
488 179 1
1059 179 1
846 179 1
12 179 1
3087 179 1
483 179 1
352 179 1
327 179 1
338 179 1
2639 179 1
886 179 1
973 179 1
1800 179 1
71 179 1
288 179 1
382 179 1
203 179 1
2318 179 1
1 179 1
270 179 1
572 179 1
73 179 1
21 179 1
32 179 1
295 179 1
8 179 1
10 179 1
2689 179 1
163 179 1
1496 179 1
255 179 1
878 179 1
434 179 1
1044 179 1
51 179 1
3547 179 1
330 179 1
271 179 1
195 179 1
3942 179 1
389 179 1
2390 179 1
539 179 1
320 179 1
352 179 1
759 179 1
0 179 1
906 179 1
3306 179 1
3919 179 1
815 179 1
271 179 1
747 179 1
1956 179 1
2884 179 1
1351 179 1
3183 180 1
20 180 1
2128 180 1
3308 180 1
484 180 1
2782 180 1
3022 180 1
3527 180 1
15 180 1
330 180 1
529 180 1
674 180 1
4170 180 1
1692 180 1
19 180 1
1800 180 1
850 180 1
12 180 1
379 180 1
121 180 1
1222 180 1
1008 180 1
3699 180 1
86 180 1
479 180 1
546 180 1
1888 180 1
2900 180 1
0 180 1
459 180 1
712 180 1
120 180 1
1372 180 1
455 180 1
3209 180 1
1572 180 1
507 180 1
102 180 1
177 180 1
99 180 1
483 180 1
4192 180 1
229 180 1
3238 180 1
969 180 1
467 180 1
2514 180 1
339 180 1
225 180 1
859 180 1
849 180 1
28 180 1
2859 180 1
1 180 1
2006 180 1
240 180 1
18 180 1
1192 180 1
53 180 1
1384 180 1
2340 180 1
4074 180 1
46 180 1
3438 180 1
1317 180 1
3796 180 1
3599 180 1
1126 180 1
1199 180 1
832 180 1
1780 180 1
3717 180 1
1310 180 1
902 180 1
1486 180 1
2974 180 1
1193 180 1
3538 180 1
3152 180 1
875 180 1
2043 180 1
375 180 1
936 180 1
1359 180 1
3326 180 1
101 180 1
2138 180 1
3849 180 1
3546 180 1
1296 180 1
705 180 1
1864 180 1
527 180 1
301 180 1
83 180 1
50 180 1
142 180 1
11 180 1
3844 180 1
1802 180 1
1556 180 1
3776 180 1
1104 180 1
2579 180 1
3328 180 1
2597 180 1
321 180 1
41 180 1
1267 180 1
659 180 1
246 180 1
372 180 1
148 180 1
104 180 1
1059 180 1
819 180 1
3118 180 1
3610 180 1
726 180 1
66 180 1
1392 180 1
24 180 1
2751 180 1
4105 180 1
2830 180 1
3290 180 1
0 180 1
1152 180 1
3449 180 1
1174 180 1
1698 180 1
238 180 1
3982 180 1
546 180 1
3040 180 1
781 180 1
0 180 1
186 180 1
509 180 1
44 180 1
55 180 1
2955 180 1
759 180 1
1034 180 1
39 180 1
2241 180 1
152 180 1
29 180 1
679 180 1
2166 180 1
87 180 1
3793 180 1
1073 180 1
1933 181 1
161 181 1
13 181 1
2916 181 1
1836 181 1
4015 181 1
1249 181 1
2461 181 1
4013 181 1
247 181 1
428 181 1
2925 181 1
2590 181 1
57 181 1
1653 181 1
1566 181 1
64 181 1
266 181 1
588 181 1
1748 181 1
3 181 1
763 181 1
6 181 1
4005 181 1
3896 181 1
980 181 1
4138 181 1
1764 181 1
3262 181 1
1698 181 1
3464 181 1
0 181 1
4 181 1
1885 181 1
922 181 1
2758 181 1
2525 181 1
414 181 1
29 181 1
17 181 1
3110 181 1
455 181 1
398 181 1
0 181 1
125 181 1
3451 181 1
225 181 1
4135 181 1
3946 181 1
2658 181 1
3080 181 1
328 181 1
115 181 1
1500 181 1
206 181 1
34 181 1
56 181 1
432 181 1
468 181 1
176 181 1
2048 181 1
2 181 1
75 181 1
2953 181 1
936 181 1
2591 181 1
55 181 1
12 181 1
291 181 1
62 181 1
946 181 1
805 181 1
109 181 1
2888 181 1
107 181 1
72 181 1
869 181 1
3600 181 1
757 181 1
1045 181 1
957 181 1
113 181 1
1444 181 1
8 181 1
2876 181 1
3717 181 1
1471 181 1
4025 181 1
3660 181 1
1830 181 1
2466 181 1
337 181 1
2030 181 1
864 181 1
247 181 1
2358 181 1
180 181 1
492 181 1
3860 181 1
2170 181 1
10 181 1
338 181 1
2496 181 1
2404 181 1
211 181 1
1829 181 1
826 181 1
1835 181 1
2657 181 1
0 181 1
110 181 1
897 181 1
29 181 1
1904 181 1
545 181 1
18 181 1
74 181 1
3510 181 1
299 181 1
2134 181 1
3529 181 1
904 181 1
1058 181 1
54 181 1
1305 181 1
3697 181 1
2983 181 1
98 181 1
2502 181 1
179 181 1
220 181 1
2276 181 1
1400 181 1
550 181 1
2055 181 1
45 181 1
4 181 1
157 181 1
1406 181 1
1158 181 1
54 181 1
267 181 1
0 181 1
268 181 1
16 181 1
940 181 1
784 181 1
265 181 1
380 181 1
92 181 1
2711 181 1
2330 181 1
3477 181 1
3632 182 1
0 182 1
198 182 1
2381 182 1
3079 182 1
1276 182 1
104 182 1
354 182 1
38 182 1
3202 182 1
393 182 1
150 182 1
3939 182 1
657 182 1
726 182 1
276 182 1
767 182 1
513 182 1
1221 182 1
118 182 1
70 182 1
319 182 1
1146 182 1
1208 182 1
576 182 1
4128 182 1
12 182 1
745 182 1
769 182 1
17 182 1
2719 182 1
1091 182 1
621 182 1
1526 182 1
437 182 1
335 182 1
2476 182 1
845 182 1
39 182 1
3741 182 1
3721 182 1
2856 182 1
11 182 1
1586 182 1
155 182 1
147 182 1
4048 182 1
1383 182 1
146 182 1
784 182 1
24 182 1
293 182 1
3242 182 1
3339 182 1
2178 182 1
2678 182 1
316 182 1
2952 182 1
24 182 1
43 182 1
2115 182 1
3992 182 1
142 182 1
2642 182 1
1204 182 1
707 182 1
791 182 1
171 182 1
3462 182 1
614 182 1
58 182 1
2247 182 1
318 182 1
708 182 1
2996 182 1
3095 182 1
3570 182 1
3020 182 1
74 182 1
2285 182 1
2525 182 1
37 182 1
3477 182 1
290 182 1
3707 182 1
1057 182 1
24 182 1
93 182 1
12 182 1
3875 182 1
2903 182 1
120 182 1
1716 182 1
3824 182 1
1047 182 1
1523 182 1
2794 182 1
739 182 1
1241 182 1
0 182 1
450 182 1
1757 182 1
3400 182 1
32 182 1
288 182 1
453 182 1
3862 182 1
64 182 1
948 182 1
100 182 1
32 182 1
1630 182 1
352 182 1
1820 182 1
707 182 1
257 182 1
1643 182 1
2415 182 1
192 182 1
2559 182 1
3425 182 1
703 182 1
1979 182 1
4048 182 1
2628 182 1
4164 182 1
2612 182 1
285 182 1
3841 182 1
2459 182 1
1469 182 1
2135 182 1
362 182 1
225 182 1
2869 182 1
98 182 1
3424 182 1
3203 182 1
3110 182 1
2453 182 1
19 182 1
3236 182 1
33 182 1
1845 182 1
4076 182 1
3433 182 1
677 182 1
252 182 1
1877 182 1
407 182 1
1717 182 1
2252 182 1
79 182 1
369 183 1
1797 183 1
3480 183 1
2375 183 1
318 183 1
250 183 1
261 183 1
2932 183 1
421 183 1
226 183 1
120 183 1
2836 183 1
1479 183 1
514 183 1
370 183 1
755 183 1
261 183 1
3970 183 1
2060 183 1
2554 183 1
2038 183 1
713 183 1
891 183 1
208 183 1
323 183 1
3068 183 1
3457 183 1
18 183 1
364 183 1
1867 183 1
1021 183 1
1221 183 1
1267 183 1
3409 183 1
387 183 1
3297 183 1
823 183 1
359 183 1
1536 183 1
276 183 1
1298 183 1
403 183 1
432 183 1
243 183 1
1286 183 1
69 183 1
879 183 1
37 183 1
1939 183 1
138 183 1
1303 183 1
501 183 1
4 183 1
2520 183 1
1686 183 1
217 183 1
2706 183 1
1235 183 1
337 183 1
3301 183 1
805 183 1
3008 183 1
3095 183 1
3224 183 1
1162 183 1
2622 183 1
154 183 1
319 183 1
1244 183 1
2379 183 1
91 183 1
2340 183 1
334 183 1
153 183 1
107 183 1
1378 183 1
76 183 1
5 183 1
2495 183 1
965 183 1
2812 183 1
257 183 1
901 183 1
3982 183 1
632 183 1
1976 183 1
22 183 1
27 183 1
2591 183 1
3489 183 1
1366 183 1
177 183 1
878 183 1
2959 183 1
2107 183 1
125 183 1
2287 183 1
3069 183 1
1505 183 1
2022 183 1
2831 183 1
225 183 1
1397 183 1
275 183 1
3318 183 1
252 183 1
1501 183 1
336 183 1
1298 183 1
2943 183 1
2885 183 1
2624 183 1
521 183 1
14 183 1
899 183 1
107 183 1
3970 183 1
299 183 1
7 183 1
1521 183 1
3490 183 1
4070 183 1
187 183 1
3543 183 1
1124 183 1
628 183 1
2027 183 1
430 183 1
1566 183 1
47 183 1
2156 183 1
2355 183 1
1397 183 1
3174 183 1
391 183 1
277 183 1
3066 183 1
3143 183 1
1950 183 1
2429 183 1
705 183 1
174 183 1
802 183 1
887 183 1
1974 183 1
3194 183 1
1614 183 1
121 183 1
245 183 1
623 183 1
575 183 1
4017 183 1
184 183 1
30 184 1
2362 184 1
446 184 1
1585 184 1
0 184 1
374 184 1
1067 184 1
21 184 1
251 184 1
27 184 1
964 184 1
202 184 1
1812 184 1
585 184 1
823 184 1
1820 184 1
31 184 1
36 184 1
1337 184 1
2158 184 1
31 184 1
3979 184 1
115 184 1
290 184 1
2311 184 1
3649 184 1
4137 184 1
180 184 1
291 184 1
702 184 1
1987 184 1
1918 184 1
2690 184 1
12 184 1
363 184 1
340 184 1
3604 184 1
3865 184 1
324 184 1
886 184 1
3224 184 1
170 184 1
2530 184 1
5 184 1
214 184 1
2372 184 1
107 184 1
3708 184 1
94 184 1
0 184 1
31 184 1
2883 184 1
542 184 1
1431 184 1
771 184 1
3694 184 1
177 184 1
1249 184 1
2610 184 1
2703 184 1
1868 184 1
2685 184 1
920 184 1
66 184 1
352 184 1
2696 184 1
164 184 1
4181 184 1
436 184 1
585 184 1
1864 184 1
230 184 1
2028 184 1
657 184 1
55 184 1
209 184 1
1104 184 1
151 184 1
1364 184 1
1910 184 1
239 184 1
1075 184 1
1981 184 1
525 184 1
1596 184 1
2456 184 1
3275 184 1
1993 184 1
1950 184 1
2764 184 1
277 184 1
314 184 1
2606 184 1
133 184 1
3972 184 1
324 184 1
2348 184 1
147 184 1
1476 184 1
3460 184 1
4114 184 1
47 184 1
0 184 1
1158 184 1
3880 184 1
1780 184 1
191 184 1
979 184 1
34 184 1
1971 184 1
2723 184 1
1078 184 1
1050 184 1
1147 184 1
2429 184 1
4113 184 1
659 184 1
130 184 1
1572 184 1
711 184 1
3673 184 1
2231 184 1
362 184 1
34 184 1
3074 184 1
1884 184 1
86 184 1
593 184 1
2102 184 1
386 184 1
99 184 1
10 184 1
1551 184 1
270 184 1
1548 184 1
1419 184 1
38 184 1
3555 184 1
1144 184 1
3682 184 1
1224 184 1
35 184 1
829 184 1
54 184 1
3058 184 1
1746 184 1
42 184 1
9 184 1
1175 184 1
713 184 1
1732 184 1
2294 184 1
1272 184 1
1274 185 1
2652 185 1
0 185 1
265 185 1
1771 185 1
2635 185 1
1073 185 1
597 185 1
534 185 1
311 185 1
1294 185 1
1721 185 1
72 185 1
1432 185 1
26 185 1
617 185 1
1368 185 1
3415 185 1
3524 185 1
3437 185 1
805 185 1
1779 185 1
3549 185 1
186 185 1
41 185 1
3281 185 1
114 185 1
1958 185 1
1129 185 1
944 185 1
251 185 1
33 185 1
2902 185 1
2999 185 1
2120 185 1
939 185 1
1711 185 1
1469 185 1
4056 185 1
3854 185 1
683 185 1
323 185 1
134 185 1
24 185 1
150 185 1
744 185 1
164 185 1
906 185 1
137 185 1
1380 185 1
557 185 1
682 185 1
288 185 1
244 185 1
43 185 1
1346 185 1
3306 185 1
2474 185 1
397 185 1
120 185 1
707 185 1
3838 185 1
4 185 1
4092 185 1
1735 185 1
2997 185 1
2499 185 1
1155 185 1
811 185 1
315 185 1
262 185 1
3801 185 1
1598 185 1
672 185 1
570 185 1
711 185 1
1927 185 1
605 185 1
2838 185 1
2249 185 1
1132 185 1
549 185 1
806 185 1
346 185 1
1810 185 1
2249 185 1
177 185 1
1521 185 1
450 185 1
1594 185 1
396 185 1
2381 185 1
3440 185 1
408 185 1
2966 185 1
376 185 1
150 185 1
0 185 1
365 185 1
1183 185 1
546 185 1
1976 185 1
1509 185 1
3298 185 1
243 185 1
270 185 1
3327 185 1
817 185 1
671 185 1
1179 185 1
2002 185 1
412 185 1
83 185 1
19 185 1
1339 185 1
2467 185 1
3857 185 1
849 185 1
3468 185 1
6 185 1
745 185 1
1058 185 1
50 185 1
16 185 1
49 185 1
2000 185 1
3551 185 1
1168 185 1
2480 185 1
550 185 1
2519 185 1
1200 185 1
3107 185 1
1602 185 1
2764 185 1
1641 185 1
407 185 1
937 185 1
251 185 1
2070 185 1
106 185 1
16 185 1
535 185 1
94 185 1
9 185 1
519 185 1
2788 185 1
78 185 1
422 185 1
2151 185 1
1332 185 1
288 185 1
3007 185 1
1389 186 1
1942 186 1
26 186 1
2598 186 1
101 186 1
7 186 1
4014 186 1
1434 186 1
3365 186 1
1757 186 1
2904 186 1
85 186 1
4056 186 1
2866 186 1
1 186 1
1853 186 1
13 186 1
86 186 1
4143 186 1
178 186 1
789 186 1
1470 186 1
802 186 1
535 186 1
3427 186 1
267 186 1
1 186 1
822 186 1
39 186 1
1284 186 1
4004 186 1
2136 186 1
1601 186 1
1690 186 1
4007 186 1
12 186 1
3237 186 1
0 186 1
272 186 1
3018 186 1
3448 186 1
225 186 1
4044 186 1
1147 186 1
3129 186 1
2700 186 1
1683 186 1
917 186 1
2283 186 1
913 186 1
71 186 1
2088 186 1
72 186 1
175 186 1
773 186 1
451 186 1
3465 186 1
1824 186 1
2262 186 1
421 186 1
91 186 1
2930 186 1
0 186 1
1131 186 1
1433 186 1
2639 186 1
3488 186 1
1119 186 1
3293 186 1
1702 186 1
3824 186 1
684 186 1
3357 186 1
122 186 1
68 186 1
2001 186 1
119 186 1
572 186 1
898 186 1
972 186 1
1121 186 1
914 186 1
0 186 1
1080 186 1
3563 186 1
2380 186 1
1998 186 1
516 186 1
4183 186 1
826 186 1
1812 186 1
3293 186 1
3503 186 1
736 186 1
2317 186 1
590 186 1
14 186 1
3281 186 1
42 186 1
1572 186 1
2326 186 1
3754 186 1
2249 186 1
3712 186 1
29 186 1
2893 186 1
344 186 1
1512 186 1
4 186 1
580 186 1
1389 186 1
3680 186 1
331 186 1
4 186 1
315 186 1
9 186 1
2076 186 1
1027 186 1
2541 186 1
2435 186 1
588 186 1
2061 186 1
1192 186 1
280 186 1
2662 186 1
975 186 1
635 186 1
821 186 1
3829 186 1
644 186 1
41 186 1
87 186 1
2943 186 1
251 186 1
15 186 1
1200 186 1
110 186 1
2961 186 1
108 186 1
2546 186 1
3208 186 1
2085 186 1
1483 186 1
597 186 1
1106 186 1
1259 186 1
181 186 1
45 186 1
236 186 1
396 186 1
298 186 1
1925 186 1
797 186 1
62 187 1
2572 187 1
1522 187 1
73 187 1
1885 187 1
518 187 1
259 187 1
2409 187 1
196 187 1
2531 187 1
549 187 1
44 187 1
181 187 1
408 187 1
2133 187 1
3174 187 1
35 187 1
682 187 1
4145 187 1
868 187 1
613 187 1
1005 187 1
1160 187 1
2651 187 1
865 187 1
302 187 1
10 187 1
467 187 1
150 187 1
169 187 1
1117 187 1
924 187 1
205 187 1
201 187 1
809 187 1
3905 187 1
2132 187 1
3963 187 1
1952 187 1
425 187 1
823 187 1
470 187 1
42 187 1
2268 187 1
3602 187 1
187 187 1
1777 187 1
117 187 1
68 187 1
1631 187 1
1 187 1
3 187 1
1746 187 1
2031 187 1
312 187 1
86 187 1
1554 187 1
507 187 1
218 187 1
1136 187 1
129 187 1
742 187 1
1772 187 1
354 187 1
301 187 1
1945 187 1
57 187 1
1230 187 1
749 187 1
332 187 1
1522 187 1
2508 187 1
221 187 1
2271 187 1
3375 187 1
1413 187 1
1329 187 1
565 187 1
2326 187 1
385 187 1
3656 187 1
909 187 1
103 187 1
3572 187 1
775 187 1
15 187 1
1398 187 1
799 187 1
208 187 1
162 187 1
1466 187 1
2481 187 1
2749 187 1
1 187 1
1633 187 1
733 187 1
521 187 1
977 187 1
2866 187 1
3625 187 1
1122 187 1
48 187 1
2328 187 1
2640 187 1
516 187 1
3512 187 1
2525 187 1
2899 187 1
962 187 1
44 187 1
2750 187 1
3717 187 1
2379 187 1
936 187 1
3257 187 1
2428 187 1
330 187 1
1626 187 1
693 187 1
13 187 1
463 187 1
335 187 1
637 187 1
883 187 1
1983 187 1
59 187 1
2286 187 1
0 187 1
1800 187 1
155 187 1
1584 187 1
885 187 1
301 187 1
219 187 1
57 187 1
948 187 1
2949 187 1
3 187 1
2275 187 1
3784 187 1
871 187 1
1408 187 1
1683 187 1
3583 187 1
2584 187 1
2110 187 1
77 187 1
3616 187 1
1768 187 1
1245 187 1
184 187 1
88 187 1
2399 187 1
1520 188 1
1133 188 1
1252 188 1
7 188 1
3866 188 1
37 188 1
1566 188 1
661 188 1
141 188 1
1613 188 1
2191 188 1
3801 188 1
1218 188 1
28 188 1
116 188 1
2540 188 1
1092 188 1
254 188 1
748 188 1
576 188 1
465 188 1
2035 188 1
3391 188 1
3442 188 1
1498 188 1
663 188 1
1 188 1
482 188 1
3252 188 1
2308 188 1
494 188 1
20 188 1
5 188 1
147 188 1
1264 188 1
5 188 1
813 188 1
1454 188 1
288 188 1
2791 188 1
2861 188 1
2664 188 1
1489 188 1
884 188 1
53 188 1
1331 188 1
1301 188 1
3939 188 1
1578 188 1
98 188 1
0 188 1
150 188 1
1291 188 1
987 188 1
3033 188 1
285 188 1
30 188 1
2914 188 1
501 188 1
1955 188 1
3426 188 1
1289 188 1
3223 188 1
374 188 1
74 188 1
3845 188 1
4203 188 1
717 188 1
1370 188 1
930 188 1
816 188 1
0 188 1
149 188 1
28 188 1
153 188 1
2466 188 1
343 188 1
3048 188 1
1416 188 1
333 188 1
1198 188 1
285 188 1
1342 188 1
1027 188 1
980 188 1
927 188 1
3293 188 1
2 188 1
2811 188 1
926 188 1
2845 188 1
2512 188 1
36 188 1
3460 188 1
178 188 1
1538 188 1
4175 188 1
608 188 1
580 188 1
2784 188 1
2788 188 1
1135 188 1
1004 188 1
337 188 1
2789 188 1
32 188 1
3894 188 1
1510 188 1
2628 188 1
749 188 1
2042 188 1
492 188 1
568 188 1
155 188 1
3 188 1
1940 188 1
499 188 1
534 188 1
280 188 1
1916 188 1
636 188 1
0 188 1
6 188 1
3046 188 1
1206 188 1
197 188 1
450 188 1
334 188 1
12 188 1
1988 188 1
124 188 1
69 188 1
28 188 1
1418 188 1
1006 188 1
1536 188 1
59 188 1
328 188 1
2758 188 1
3666 188 1
83 188 1
2575 188 1
3346 188 1
2902 188 1
830 188 1
811 188 1
3252 188 1
1096 188 1
1682 188 1
1503 188 1
2519 188 1
1098 188 1
3729 188 1
2511 189 1
1256 189 1
2142 189 1
1786 189 1
1405 189 1
2944 189 1
557 189 1
1585 189 1
888 189 1
845 189 1
186 189 1
2731 189 1
265 189 1
169 189 1
127 189 1
43 189 1
3664 189 1
3077 189 1
2720 189 1
35 189 1
304 189 1
2194 189 1
1 189 1
1794 189 1
911 189 1
2407 189 1
2578 189 1
1142 189 1
168 189 1
405 189 1
81 189 1
3810 189 1
166 189 1
131 189 1
281 189 1
2363 189 1
2342 189 1
3554 189 1
418 189 1
3598 189 1
238 189 1
13 189 1
320 189 1
1162 189 1
1109 189 1
1209 189 1
462 189 1
1068 189 1
2350 189 1
640 189 1
58 189 1
3877 189 1
3332 189 1
3716 189 1
1864 189 1
381 189 1
523 189 1
4020 189 1
293 189 1
338 189 1
3272 189 1
2030 189 1
1033 189 1
774 189 1
3623 189 1
322 189 1
774 189 1
3847 189 1
3151 189 1
1601 189 1
5 189 1
2 189 1
1078 189 1
0 189 1
1251 189 1
757 189 1
7 189 1
982 189 1
21 189 1
389 189 1
1275 189 1
3272 189 1
75 189 1
440 189 1
1000 189 1
55 189 1
308 189 1
2177 189 1
2405 189 1
607 189 1
645 189 1
3592 189 1
26 189 1
1811 189 1
1211 189 1
1650 189 1
1647 189 1
215 189 1
3875 189 1
0 189 1
21 189 1
4014 189 1
37 189 1
3590 189 1
84 189 1
533 189 1
976 189 1
1588 189 1
4139 189 1
1267 189 1
1128 189 1
11 189 1
3896 189 1
114 189 1
604 189 1
3922 189 1
3972 189 1
159 189 1
93 189 1
622 189 1
159 189 1
2737 189 1
936 189 1
3415 189 1
19 189 1
26 189 1
3708 189 1
2468 189 1
0 189 1
1113 189 1
3193 189 1
108 189 1
6 189 1
1600 189 1
43 189 1
153 189 1
3028 189 1
18 189 1
891 189 1
721 189 1
3329 189 1
2160 189 1
113 189 1
1407 189 1
545 189 1
199 189 1
410 189 1
1987 189 1
931 189 1
3 189 1
8 189 1
1630 189 1
1312 189 1
10 190 1
482 190 1
3847 190 1
22 190 1
2259 190 1
4017 190 1
1286 190 1
6 190 1
353 190 1
360 190 1
54 190 1
4045 190 1
766 190 1
856 190 1
2331 190 1
802 190 1
410 190 1
285 190 1
902 190 1
409 190 1
2594 190 1
1101 190 1
259 190 1
2702 190 1
33 190 1
3550 190 1
2616 190 1
1633 190 1
703 190 1
141 190 1
614 190 1
900 190 1
1679 190 1
1492 190 1
2776 190 1
1091 190 1
1097 190 1
2312 190 1
1534 190 1
207 190 1
3151 190 1
4084 190 1
495 190 1
3852 190 1
246 190 1
3569 190 1
132 190 1
2806 190 1
525 190 1
3230 190 1
3292 190 1
9 190 1
2888 190 1
4202 190 1
2129 190 1
10 190 1
1689 190 1
2046 190 1
878 190 1
3585 190 1
1979 190 1
354 190 1
209 190 1
3802 190 1
57 190 1
2071 190 1
3874 190 1
636 190 1
3466 190 1
1092 190 1
381 190 1
2523 190 1
412 190 1
1300 190 1
326 190 1
53 190 1
265 190 1
211 190 1
493 190 1
8 190 1
3860 190 1
625 190 1
211 190 1
4152 190 1
904 190 1
163 190 1
3484 190 1
2536 190 1
2821 190 1
3864 190 1
24 190 1
696 190 1
2825 190 1
440 190 1
304 190 1
2369 190 1
1200 190 1
51 190 1
2 190 1
0 190 1
333 190 1
302 190 1
1467 190 1
137 190 1
2069 190 1
1792 190 1
2 190 1
93 190 1
620 190 1
749 190 1
2535 190 1
1678 190 1
280 190 1
1861 190 1
1799 190 1
450 190 1
3 190 1
3196 190 1
3281 190 1
81 190 1
864 190 1
2632 190 1
1400 190 1
3790 190 1
1105 190 1
2399 190 1
3484 190 1
404 190 1
3255 190 1
2951 190 1
1197 190 1
1689 190 1
2847 190 1
135 190 1
3743 190 1
709 190 1
189 190 1
3935 190 1
2743 190 1
2233 190 1
1551 190 1
2500 190 1
99 190 1
1177 190 1
3112 190 1
909 190 1
3920 190 1
130 190 1
2043 190 1
2998 190 1
1150 190 1
799 190 1
341 190 1
430 191 1
1082 191 1
2 191 1
182 191 1
4143 191 1
1600 191 1
38 191 1
106 191 1
160 191 1
2666 191 1
32 191 1
2581 191 1
1604 191 1
3543 191 1
1174 191 1
47 191 1
2791 191 1
2958 191 1
586 191 1
4122 191 1
232 191 1
1557 191 1
9 191 1
820 191 1
63 191 1
467 191 1
3084 191 1
36 191 1
74 191 1
2456 191 1
1945 191 1
31 191 1
4072 191 1
3298 191 1
1647 191 1
133 191 1
595 191 1
16 191 1
3432 191 1
1346 191 1
4088 191 1
3202 191 1
2994 191 1
1354 191 1
1515 191 1
132 191 1
1982 191 1
381 191 1
1298 191 1
3858 191 1
698 191 1
3799 191 1
22 191 1
4054 191 1
299 191 1
3155 191 1
901 191 1
1098 191 1
3826 191 1
1431 191 1
1860 191 1
878 191 1
91 191 1
3383 191 1
476 191 1
3573 191 1
3348 191 1
2729 191 1
1888 191 1
2543 191 1
2300 191 1
3362 191 1
1577 191 1
3725 191 1
482 191 1
342 191 1
2346 191 1
1454 191 1
2901 191 1
2382 191 1
3628 191 1
253 191 1
2167 191 1
404 191 1
2494 191 1
1 191 1
196 191 1
4017 191 1
1509 191 1
3255 191 1
2288 191 1
699 191 1
1593 191 1
758 191 1
2 191 1
1473 191 1
196 191 1
865 191 1
0 191 1
307 191 1
9 191 1
3107 191 1
0 191 1
468 191 1
171 191 1
2869 191 1
601 191 1
4 191 1
286 191 1
4 191 1
7 191 1
686 191 1
278 191 1
151 191 1
4205 191 1
2354 191 1
1695 191 1
1199 191 1
400 191 1
3579 191 1
10 191 1
921 191 1
136 191 1
659 191 1
3016 191 1
827 191 1
1649 191 1
3981 191 1
0 191 1
2475 191 1
4124 191 1
2660 191 1
1108 191 1
1286 191 1
3293 191 1
3005 191 1
251 191 1
4004 191 1
2572 191 1
2269 191 1
227 191 1
2388 191 1
78 191 1
342 191 1
150 191 1
2009 191 1
1507 191 1
3144 191 1
232 191 1
1067 191 1
3605 191 1
1900 191 1
428 191 1
575 192 1
1 192 1
1 192 1
3226 192 1
1001 192 1
552 192 1
2862 192 1
156 192 1
2180 192 1
420 192 1
1656 192 1
1 192 1
49 192 1
10 192 1
1900 192 1
497 192 1
509 192 1
189 192 1
133 192 1
2241 192 1
1345 192 1
106 192 1
1241 192 1
2276 192 1
1732 192 1
209 192 1
3285 192 1
643 192 1
205 192 1
2451 192 1
601 192 1
2404 192 1
466 192 1
209 192 1
1211 192 1
2396 192 1
1194 192 1
219 192 1
39 192 1
428 192 1
3665 192 1
1531 192 1
3 192 1
3109 192 1
315 192 1
38 192 1
1802 192 1
869 192 1
3867 192 1
3407 192 1
1910 192 1
767 192 1
4193 192 1
3117 192 1
512 192 1
62 192 1
2073 192 1
140 192 1
2529 192 1
3 192 1
2548 192 1
274 192 1
3305 192 1
2083 192 1
19 192 1
2086 192 1
3585 192 1
649 192 1
321 192 1
3439 192 1
1569 192 1
3056 192 1
702 192 1
1848 192 1
166 192 1
608 192 1
37 192 1
3297 192 1
1749 192 1
1835 192 1
760 192 1
246 192 1
3 192 1
174 192 1
509 192 1
1193 192 1
1302 192 1
611 192 1
244 192 1
22 192 1
1711 192 1
1023 192 1
278 192 1
2023 192 1
226 192 1
785 192 1
2768 192 1
1784 192 1
3335 192 1
270 192 1
2604 192 1
3150 192 1
30 192 1
1098 192 1
582 192 1
2044 192 1
1426 192 1
20 192 1
3394 192 1
204 192 1
0 192 1
3073 192 1
10 192 1
563 192 1
2308 192 1
225 192 1
830 192 1
1549 192 1
1145 192 1
1188 192 1
577 192 1
2712 192 1
3093 192 1
3519 192 1
4031 192 1
2947 192 1
2925 192 1
148 192 1
54 192 1
2147 192 1
2421 192 1
1476 192 1
2657 192 1
2 192 1
1412 192 1
4084 192 1
2207 192 1
342 192 1
1455 192 1
52 192 1
1 192 1
2958 192 1
1144 192 1
2307 192 1
418 192 1
216 192 1
3720 192 1
1266 192 1
125 192 1
695 192 1
26 192 1
2368 192 1
3967 192 1
311 193 1
4095 193 1
2734 193 1
166 193 1
550 193 1
1633 193 1
1810 193 1
317 193 1
1832 193 1
951 193 1
682 193 1
214 193 1
2869 193 1
2611 193 1
0 193 1
1876 193 1
4082 193 1
2245 193 1
3496 193 1
1969 193 1
1622 193 1
4155 193 1
1352 193 1
3417 193 1
317 193 1
2061 193 1
1259 193 1
1103 193 1
1663 193 1
59 193 1
199 193 1
60 193 1
2569 193 1
3666 193 1
231 193 1
3989 193 1
2369 193 1
603 193 1
952 193 1
688 193 1
2264 193 1
2480 193 1
1679 193 1
436 193 1
8 193 1
61 193 1
227 193 1
3363 193 1
3879 193 1
129 193 1
81 193 1
3463 193 1
159 193 1
0 193 1
1188 193 1
10 193 1
4127 193 1
42 193 1
2271 193 1
494 193 1
3913 193 1
534 193 1
987 193 1
1304 193 1
59 193 1
193 193 1
1928 193 1
1905 193 1
195 193 1
1326 193 1
21 193 1
124 193 1
3142 193 1
220 193 1
3255 193 1
629 193 1
3866 193 1
1894 193 1
535 193 1
1100 193 1
966 193 1
3200 193 1
1912 193 1
2051 193 1
20 193 1
2916 193 1
811 193 1
2628 193 1
3378 193 1
1566 193 1
2217 193 1
2605 193 1
302 193 1
3190 193 1
2222 193 1
4196 193 1
2133 193 1
152 193 1
248 193 1
403 193 1
4073 193 1
428 193 1
1430 193 1
3228 193 1
3556 193 1
7 193 1
169 193 1
618 193 1
1681 193 1
3663 193 1
58 193 1
1115 193 1
842 193 1
99 193 1
8 193 1
372 193 1
3346 193 1
2972 193 1
2743 193 1
1816 193 1
3768 193 1
3369 193 1
649 193 1
3431 193 1
2687 193 1
4 193 1
168 193 1
325 193 1
438 193 1
1940 193 1
2192 193 1
31 193 1
2 193 1
4 193 1
786 193 1
9 193 1
575 193 1
3765 193 1
436 193 1
3144 193 1
1931 193 1
1804 193 1
2867 193 1
3823 193 1
30 193 1
3128 193 1
347 193 1
17 193 1
951 193 1
1638 193 1
576 193 1
2770 193 1
596 193 1
2121 194 1
3484 194 1
264 194 1
1307 194 1
1690 194 1
1678 194 1
21 194 1
2034 194 1
0 194 1
682 194 1
3576 194 1
0 194 1
3 194 1
350 194 1
29 194 1
33 194 1
1821 194 1
264 194 1
206 194 1
1461 194 1
138 194 1
2382 194 1
2290 194 1
124 194 1
1959 194 1
575 194 1
1300 194 1
2273 194 1
923 194 1
2692 194 1
3205 194 1
0 194 1
4076 194 1
161 194 1
568 194 1
70 194 1
20 194 1
196 194 1
115 194 1
2868 194 1
78 194 1
373 194 1
1706 194 1
931 194 1
2009 194 1
3109 194 1
1218 194 1
149 194 1
295 194 1
2749 194 1
1516 194 1
296 194 1
1115 194 1
2563 194 1
39 194 1
581 194 1
1048 194 1
1621 194 1
3437 194 1
938 194 1
2087 194 1
4126 194 1
3435 194 1
586 194 1
3112 194 1
3834 194 1
3447 194 1
2452 194 1
1481 194 1
1424 194 1
999 194 1
1063 194 1
3861 194 1
465 194 1
3637 194 1
328 194 1
753 194 1
37 194 1
3478 194 1
103 194 1
95 194 1
1039 194 1
545 194 1
139 194 1
3160 194 1
542 194 1
2771 194 1
649 194 1
557 194 1
3335 194 1
389 194 1
897 194 1
3987 194 1
151 194 1
4063 194 1
2379 194 1
36 194 1
3116 194 1
1021 194 1
189 194 1
2420 194 1
778 194 1
946 194 1
95 194 1
56 194 1
86 194 1
919 194 1
523 194 1
26 194 1
3325 194 1
1377 194 1
3649 194 1
34 194 1
1181 194 1
299 194 1
205 194 1
1611 194 1
0 194 1
3161 194 1
1485 194 1
1699 194 1
21 194 1
3931 194 1
589 194 1
3515 194 1
4014 194 1
70 194 1
663 194 1
63 194 1
396 194 1
960 194 1
601 194 1
992 194 1
840 194 1
2376 194 1
2619 194 1
531 194 1
3987 194 1
2358 194 1
2476 194 1
31 194 1
2238 194 1
458 194 1
1149 194 1
0 194 1
1032 194 1
1560 194 1
1012 194 1
0 194 1
937 194 1
119 194 1
3822 194 1
2509 194 1
32 195 1
2899 195 1
794 195 1
3263 195 1
12 195 1
621 195 1
3826 195 1
6 195 1
1102 195 1
2249 195 1
287 195 1
174 195 1
660 195 1
1424 195 1
2380 195 1
4005 195 1
1557 195 1
2735 195 1
2627 195 1
306 195 1
2754 195 1
2672 195 1
1694 195 1
388 195 1
4125 195 1
36 195 1
2117 195 1
2011 195 1
4 195 1
953 195 1
3511 195 1
2390 195 1
1413 195 1
2583 195 1
2240 195 1
672 195 1
10 195 1
865 195 1
1861 195 1
3660 195 1
438 195 1
2709 195 1
694 195 1
3639 195 1
717 195 1
220 195 1
2330 195 1
187 195 1
2080 195 1
699 195 1
2344 195 1
832 195 1
1251 195 1
6 195 1
106 195 1
763 195 1
695 195 1
609 195 1
762 195 1
688 195 1
2096 195 1
1808 195 1
19 195 1
142 195 1
1066 195 1
40 195 1
2174 195 1
79 195 1
13 195 1
726 195 1
3535 195 1
150 195 1
2247 195 1
1825 195 1
1332 195 1
131 195 1
2843 195 1
811 195 1
910 195 1
3593 195 1
185 195 1
48 195 1
864 195 1
616 195 1
2259 195 1
1721 195 1
413 195 1
1910 195 1
1606 195 1
1168 195 1
318 195 1
1316 195 1
406 195 1
934 195 1
3295 195 1
2045 195 1
134 195 1
393 195 1
3629 195 1
44 195 1
2435 195 1
1918 195 1
2833 195 1
1345 195 1
29 195 1
628 195 1
3573 195 1
1483 195 1
3015 195 1
0 195 1
3470 195 1
3922 195 1
2091 195 1
2272 195 1
82 195 1
3422 195 1
3124 195 1
1987 195 1
558 195 1
30 195 1
985 195 1
1838 195 1
1593 195 1
1955 195 1
1823 195 1
4147 195 1
539 195 1
34 195 1
1968 195 1
242 195 1
215 195 1
215 195 1
246 195 1
1036 195 1
3010 195 1
2820 195 1
524 195 1
629 195 1
2859 195 1
714 195 1
78 195 1
0 195 1
2833 195 1
1017 195 1
10 195 1
3358 195 1
3628 195 1
293 195 1
914 195 1
1106 195 1
508 195 1
3054 195 1
2035 195 1
133 196 1
2502 196 1
3098 196 1
3138 196 1
365 196 1
1653 196 1
1660 196 1
1049 196 1
1 196 1
968 196 1
31 196 1
701 196 1
3437 196 1
1705 196 1
267 196 1
1878 196 1
3167 196 1
3800 196 1
230 196 1
528 196 1
103 196 1
281 196 1
59 196 1
3516 196 1
2692 196 1
42 196 1
516 196 1
2299 196 1
27 196 1
1074 196 1
723 196 1
1244 196 1
2892 196 1
494 196 1
1111 196 1
4050 196 1
274 196 1
1719 196 1
881 196 1
2034 196 1
3079 196 1
1614 196 1
55 196 1
1311 196 1
2756 196 1
197 196 1
3603 196 1
2476 196 1
1138 196 1
1168 196 1
109 196 1
172 196 1
2918 196 1
185 196 1
2599 196 1
3733 196 1
1646 196 1
688 196 1
334 196 1
1742 196 1
489 196 1
238 196 1
45 196 1
3650 196 1
1167 196 1
146 196 1
1391 196 1
1758 196 1
0 196 1
576 196 1
2592 196 1
728 196 1
3090 196 1
71 196 1
9 196 1
1278 196 1
107 196 1
2068 196 1
2105 196 1
517 196 1
109 196 1
362 196 1
2592 196 1
723 196 1
84 196 1
1426 196 1
3005 196 1
4009 196 1
1103 196 1
0 196 1
1818 196 1
2 196 1
2148 196 1
2781 196 1
52 196 1
1760 196 1
1398 196 1
3973 196 1
984 196 1
3267 196 1
2547 196 1
165 196 1
1385 196 1
2640 196 1
811 196 1
1119 196 1
195 196 1
670 196 1
724 196 1
166 196 1
127 196 1
1985 196 1
99 196 1
42 196 1
142 196 1
2757 196 1
3386 196 1
850 196 1
133 196 1
78 196 1
3066 196 1
484 196 1
762 196 1
717 196 1
0 196 1
473 196 1
2705 196 1
1831 196 1
3339 196 1
2299 196 1
1901 196 1
0 196 1
2078 196 1
1633 196 1
927 196 1
2364 196 1
1974 196 1
1 196 1
1517 196 1
1010 196 1
24 196 1
3423 196 1
2206 196 1
1044 196 1
1011 196 1
1043 196 1
2744 196 1
1759 196 1
49 196 1
1606 196 1
3624 196 1
261 196 1
0 196 1
0 197 1
1052 197 1
951 197 1
123 197 1
2136 197 1
1935 197 1
1925 197 1
1693 197 1
1390 197 1
0 197 1
627 197 1
541 197 1
3764 197 1
15 197 1
15 197 1
2519 197 1
3552 197 1
1141 197 1
3167 197 1
1742 197 1
1408 197 1
550 197 1
2501 197 1
1839 197 1
137 197 1
2751 197 1
877 197 1
137 197 1
3169 197 1
145 197 1
7 197 1
1011 197 1
761 197 1
31 197 1
906 197 1
889 197 1
100 197 1
2652 197 1
2113 197 1
1530 197 1
1170 197 1
3823 197 1
10 197 1
2986 197 1
568 197 1
11 197 1
3300 197 1
2009 197 1
2031 197 1
1483 197 1
556 197 1
330 197 1
4065 197 1
1290 197 1
3624 197 1
3081 197 1
10 197 1
2515 197 1
1222 197 1
485 197 1
2440 197 1
219 197 1
1 197 1
1573 197 1
15 197 1
42 197 1
196 197 1
1955 197 1
97 197 1
198 197 1
402 197 1
3 197 1
89 197 1
3646 197 1
347 197 1
3846 197 1
1161 197 1
3045 197 1
1223 197 1
98 197 1
797 197 1
750 197 1
2317 197 1
1590 197 1
2081 197 1
848 197 1
941 197 1
88 197 1
1772 197 1
3453 197 1
0 197 1
72 197 1
1597 197 1
494 197 1
1879 197 1
2481 197 1
2321 197 1
401 197 1
3895 197 1
770 197 1
222 197 1
1921 197 1
310 197 1
161 197 1
991 197 1
167 197 1
1136 197 1
4189 197 1
1538 197 1
1574 197 1
2948 197 1
3724 197 1
4142 197 1
3458 197 1
2225 197 1
110 197 1
2883 197 1
113 197 1
1956 197 1
3453 197 1
1150 197 1
38 197 1
3636 197 1
2472 197 1
4098 197 1
1017 197 1
1353 197 1
2307 197 1
869 197 1
1612 197 1
893 197 1
2361 197 1
542 197 1
3881 197 1
2082 197 1
2287 197 1
570 197 1
44 197 1
25 197 1
53 197 1
3666 197 1
0 197 1
0 197 1
1038 197 1
209 197 1
3299 197 1
3845 197 1
76 197 1
599 197 1
947 197 1
634 197 1
3284 197 1
2403 197 1
2893 198 1
1273 198 1
852 198 1
1450 198 1
507 198 1
1799 198 1
2569 198 1
302 198 1
2222 198 1
2018 198 1
418 198 1
1421 198 1
2957 198 1
2867 198 1
2493 198 1
2844 198 1
2159 198 1
1425 198 1
2248 198 1
2192 198 1
465 198 1
1099 198 1
3176 198 1
273 198 1
2282 198 1
744 198 1
1653 198 1
1509 198 1
1448 198 1
2151 198 1
573 198 1
131 198 1
542 198 1
331 198 1
79 198 1
1515 198 1
758 198 1
3422 198 1
256 198 1
575 198 1
452 198 1
2362 198 1
3288 198 1
1923 198 1
596 198 1
64 198 1
2641 198 1
845 198 1
1152 198 1
3193 198 1
35 198 1
456 198 1
632 198 1
675 198 1
2185 198 1
4184 198 1
319 198 1
314 198 1
3475 198 1
78 198 1
3214 198 1
87 198 1
1576 198 1
1913 198 1
1167 198 1
3271 198 1
1913 198 1
611 198 1
186 198 1
286 198 1
1184 198 1
264 198 1
116 198 1
569 198 1
3 198 1
114 198 1
1078 198 1
48 198 1
2026 198 1
698 198 1
907 198 1
97 198 1
2454 198 1
1083 198 1
1163 198 1
566 198 1
0 198 1
4004 198 1
2157 198 1
362 198 1
363 198 1
3766 198 1
46 198 1
1168 198 1
126 198 1
442 198 1
1468 198 1
1150 198 1
3730 198 1
292 198 1
88 198 1
70 198 1
600 198 1
1153 198 1
2695 198 1
3505 198 1
887 198 1
658 198 1
2020 198 1
913 198 1
11 198 1
900 198 1
116 198 1
315 198 1
2195 198 1
65 198 1
40 198 1
2399 198 1
8 198 1
457 198 1
2297 198 1
2824 198 1
4109 198 1
0 198 1
21 198 1
201 198 1
1192 198 1
15 198 1
1642 198 1
3923 198 1
943 198 1
7 198 1
3252 198 1
2516 198 1
99 198 1
248 198 1
443 198 1
1029 198 1
1902 198 1
745 198 1
14 198 1
446 198 1
1538 198 1
19 198 1
1374 198 1
0 198 1
1215 198 1
268 198 1
155 198 1
480 198 1
3035 198 1
43 198 1
3540 198 1
4104 199 1
677 199 1
1078 199 1
145 199 1
4006 199 1
58 199 1
554 199 1
1017 199 1
887 199 1
0 199 1
65 199 1
3723 199 1
594 199 1
3611 199 1
0 199 1
375 199 1
220 199 1
593 199 1
469 199 1
3427 199 1
591 199 1
53 199 1
1134 199 1
1331 199 1
2737 199 1
465 199 1
1085 199 1
2114 199 1
61 199 1
754 199 1
965 199 1
1853 199 1
1507 199 1
649 199 1
2007 199 1
855 199 1
2227 199 1
1203 199 1
549 199 1
6 199 1
2241 199 1
624 199 1
603 199 1
27 199 1
23 199 1
3747 199 1
508 199 1
3 199 1
171 199 1
1112 199 1
2564 199 1
3068 199 1
3779 199 1
267 199 1
1404 199 1
2486 199 1
143 199 1
29 199 1
1369 199 1
343 199 1
95 199 1
4030 199 1
2342 199 1
846 199 1
3561 199 1
1206 199 1
3920 199 1
1055 199 1
589 199 1
55 199 1
19 199 1
3711 199 1
986 199 1
0 199 1
186 199 1
280 199 1
4097 199 1
1704 199 1
3002 199 1
14 199 1
772 199 1
2257 199 1
101 199 1
1479 199 1
1482 199 1
1754 199 1
130 199 1
1113 199 1
134 199 1
2054 199 1
18 199 1
1518 199 1
0 199 1
428 199 1
56 199 1
1022 199 1
620 199 1
3004 199 1
1425 199 1
575 199 1
2852 199 1
16 199 1
251 199 1
2589 199 1
3928 199 1
3262 199 1
230 199 1
518 199 1
1643 199 1
2292 199 1
293 199 1
2397 199 1
1471 199 1
2620 199 1
2375 199 1
335 199 1
326 199 1
381 199 1
790 199 1
3575 199 1
769 199 1
95 199 1
2142 199 1
2466 199 1
119 199 1
144 199 1
1169 199 1
2064 199 1
1615 199 1
166 199 1
491 199 1
3799 199 1
15 199 1
2496 199 1
332 199 1
939 199 1
3894 199 1
459 199 1
465 199 1
250 199 1
2 199 1
4027 199 1
557 199 1
3393 199 1
2676 199 1
2198 199 1
521 199 1
502 199 1
1908 199 1
1791 199 1
2623 199 1
123 199 1
644 199 1
1404 200 1
2476 200 1
24 200 1
895 200 1
4144 200 1
2689 200 1
2626 200 1
1116 200 1
1205 200 1
0 200 1
6 200 1
64 200 1
336 200 1
284 200 1
942 200 1
54 200 1
1907 200 1
69 200 1
3456 200 1
1866 200 1
2435 200 1
1143 200 1
1406 200 1
138 200 1
2354 200 1
79 200 1
209 200 1
437 200 1
1344 200 1
2582 200 1
0 200 1
2731 200 1
779 200 1
463 200 1
1282 200 1
627 200 1
2 200 1
1365 200 1
2516 200 1
36 200 1
960 200 1
583 200 1
486 200 1
3894 200 1
1990 200 1
296 200 1
421 200 1
2679 200 1
3433 200 1
302 200 1
264 200 1
1856 200 1
4146 200 1
654 200 1
0 200 1
2637 200 1
3044 200 1
682 200 1
416 200 1
3541 200 1
256 200 1
2149 200 1
34 200 1
3610 200 1
1193 200 1
1025 200 1
1659 200 1
1398 200 1
4123 200 1
2384 200 1
3080 200 1
1171 200 1
3348 200 1
394 200 1
1240 200 1
3391 200 1
481 200 1
86 200 1
502 200 1
237 200 1
2498 200 1
2968 200 1
1810 200 1
19 200 1
8 200 1
854 200 1
871 200 1
181 200 1
1974 200 1
32 200 1
1364 200 1
116 200 1
299 200 1
1430 200 1
545 200 1
121 200 1
179 200 1
2970 200 1
1416 200 1
39 200 1
2042 200 1
3848 200 1
428 200 1
2887 200 1
1081 200 1
461 200 1
1865 200 1
503 200 1
1151 200 1
1402 200 1
3408 200 1
2306 200 1
1367 200 1
1124 200 1
778 200 1
967 200 1
40 200 1
1117 200 1
1338 200 1
2010 200 1
420 200 1
2353 200 1
1961 200 1
1224 200 1
8 200 1
1218 200 1
366 200 1
1993 200 1
2800 200 1
225 200 1
321 200 1
4091 200 1
509 200 1
2649 200 1
1019 200 1
1784 200 1
618 200 1
2743 200 1
3616 200 1
1255 200 1
743 200 1
390 200 1
543 200 1
548 200 1
4 200 1
370 200 1
1684 200 1
843 200 1
3455 200 1
2442 200 1
1600 200 1
76 200 1
198 200 1
737 201 1
173 201 1
1 201 1
349 201 1
2653 201 1
2458 201 1
154 201 1
1604 201 1
2471 201 1
1757 201 1
14 201 1
3493 201 1
1 201 1
2784 201 1
1968 201 1
415 201 1
358 201 1
4063 201 1
770 201 1
322 201 1
0 201 1
0 201 1
865 201 1
3178 201 1
2546 201 1
153 201 1
529 201 1
3972 201 1
3188 201 1
108 201 1
3203 201 1
199 201 1
378 201 1
1222 201 1
859 201 1
2494 201 1
816 201 1
709 201 1
1293 201 1
1085 201 1
43 201 1
103 201 1
189 201 1
2011 201 1
1316 201 1
3589 201 1
1949 201 1
1139 201 1
130 201 1
1106 201 1
3198 201 1
111 201 1
383 201 1
3179 201 1
1030 201 1
729 201 1
1525 201 1
2817 201 1
2310 201 1
108 201 1
178 201 1
2469 201 1
3176 201 1
214 201 1
1286 201 1
432 201 1
11 201 1
4 201 1
212 201 1
177 201 1
2091 201 1
599 201 1
1511 201 1
1424 201 1
0 201 1
409 201 1
4013 201 1
693 201 1
3258 201 1
123 201 1
327 201 1
2831 201 1
1109 201 1
62 201 1
516 201 1
203 201 1
899 201 1
1279 201 1
2875 201 1
12 201 1
1807 201 1
133 201 1
1184 201 1
1188 201 1
543 201 1
51 201 1
1150 201 1
2159 201 1
366 201 1
3 201 1
7 201 1
14 201 1
588 201 1
616 201 1
70 201 1
340 201 1
103 201 1
622 201 1
9 201 1
1508 201 1
267 201 1
1578 201 1
3 201 1
3474 201 1
2276 201 1
4 201 1
2250 201 1
1712 201 1
2057 201 1
3193 201 1
1 201 1
412 201 1
2055 201 1
2949 201 1
523 201 1
1039 201 1
3124 201 1
1056 201 1
1899 201 1
5 201 1
679 201 1
26 201 1
2822 201 1
1882 201 1
2162 201 1
3230 201 1
1018 201 1
593 201 1
3480 201 1
11 201 1
3505 201 1
467 201 1
205 201 1
2271 201 1
5 201 1
1498 201 1
3246 201 1
4071 201 1
406 201 1
2197 201 1
23 201 1
3591 201 1
1338 201 1
1230 202 1
1740 202 1
3467 202 1
161 202 1
3405 202 1
109 202 1
294 202 1
179 202 1
98 202 1
851 202 1
12 202 1
1287 202 1
288 202 1
94 202 1
1330 202 1
3944 202 1
500 202 1
712 202 1
2787 202 1
2202 202 1
579 202 1
1684 202 1
2493 202 1
1600 202 1
0 202 1
3329 202 1
4099 202 1
1286 202 1
1124 202 1
389 202 1
2661 202 1
530 202 1
1544 202 1
55 202 1
1751 202 1
514 202 1
1349 202 1
219 202 1
3857 202 1
1070 202 1
2102 202 1
413 202 1
521 202 1
2210 202 1
968 202 1
3002 202 1
25 202 1
29 202 1
79 202 1
9 202 1
81 202 1
3242 202 1
69 202 1
4143 202 1
3285 202 1
14 202 1
272 202 1
1 202 1
1088 202 1
2023 202 1
106 202 1
592 202 1
313 202 1
2928 202 1
3785 202 1
4 202 1
3501 202 1
16 202 1
2 202 1
125 202 1
3913 202 1
1644 202 1
3580 202 1
652 202 1
200 202 1
1955 202 1
3453 202 1
526 202 1
715 202 1
682 202 1
297 202 1
249 202 1
1845 202 1
2683 202 1
4 202 1
1599 202 1
1432 202 1
829 202 1
35 202 1
53 202 1
1382 202 1
468 202 1
3 202 1
42 202 1
3431 202 1
3742 202 1
263 202 1
281 202 1
3962 202 1
1519 202 1
1323 202 1
1838 202 1
3707 202 1
3244 202 1
1620 202 1
129 202 1
2584 202 1
3210 202 1
173 202 1
1933 202 1
1938 202 1
168 202 1
77 202 1
73 202 1
336 202 1
1484 202 1
373 202 1
3174 202 1
1046 202 1
0 202 1
4008 202 1
1509 202 1
1903 202 1
4164 202 1
1856 202 1
2130 202 1
2817 202 1
3006 202 1
26 202 1
330 202 1
341 202 1
1521 202 1
10 202 1
31 202 1
407 202 1
180 202 1
4072 202 1
3037 202 1
980 202 1
1072 202 1
1004 202 1
3407 202 1
2888 202 1
8 202 1
1706 202 1
674 202 1
29 202 1
126 202 1
2009 202 1
750 202 1
2845 202 1
229 202 1
2 202 1
3179 203 1
69 203 1
84 203 1
2272 203 1
1179 203 1
389 203 1
5 203 1
508 203 1
1458 203 1
431 203 1
511 203 1
0 203 1
594 203 1
2500 203 1
1136 203 1
896 203 1
113 203 1
872 203 1
88 203 1
2575 203 1
628 203 1
171 203 1
222 203 1
1366 203 1
3615 203 1
861 203 1
0 203 1
51 203 1
4128 203 1
29 203 1
63 203 1
1502 203 1
29 203 1
3426 203 1
3646 203 1
4069 203 1
295 203 1
0 203 1
1526 203 1
1992 203 1
1102 203 1
1943 203 1
0 203 1
154 203 1
1274 203 1
4133 203 1
114 203 1
2357 203 1
8 203 1
3196 203 1
589 203 1
3509 203 1
857 203 1
331 203 1
24 203 1
3210 203 1
4 203 1
2799 203 1
65 203 1
1310 203 1
3885 203 1
464 203 1
2185 203 1
0 203 1
1223 203 1
38 203 1
86 203 1
644 203 1
708 203 1
4118 203 1
886 203 1
3892 203 1
1370 203 1
65 203 1
857 203 1
2705 203 1
91 203 1
546 203 1
1266 203 1
1124 203 1
1822 203 1
282 203 1
637 203 1
2117 203 1
3698 203 1
407 203 1
3748 203 1
3008 203 1
4 203 1
1696 203 1
2816 203 1
422 203 1
109 203 1
858 203 1
484 203 1
776 203 1
1835 203 1
727 203 1
135 203 1
109 203 1
761 203 1
1163 203 1
1135 203 1
379 203 1
1408 203 1
1184 203 1
1420 203 1
23 203 1
684 203 1
3633 203 1
1499 203 1
1248 203 1
1882 203 1
671 203 1
3921 203 1
1284 203 1
2887 203 1
177 203 1
2049 203 1
340 203 1
2281 203 1
546 203 1
2951 203 1
10 203 1
2954 203 1
212 203 1
277 203 1
864 203 1
1296 203 1
691 203 1
3968 203 1
3638 203 1
2087 203 1
3025 203 1
1573 203 1
168 203 1
114 203 1
1018 203 1
1747 203 1
2104 203 1
907 203 1
420 203 1
1295 203 1
313 203 1
166 203 1
156 203 1
1351 203 1
2229 203 1
2749 203 1
218 203 1
542 203 1
66 203 1
1852 203 1
2430 204 1
953 204 1
3778 204 1
263 204 1
119 204 1
4175 204 1
504 204 1
1830 204 1
1572 204 1
3842 204 1
3347 204 1
353 204 1
3580 204 1
1500 204 1
1152 204 1
3271 204 1
2071 204 1
1730 204 1
1728 204 1
1331 204 1
3762 204 1
3897 204 1
1659 204 1
1339 204 1
2461 204 1
755 204 1
15 204 1
1019 204 1
170 204 1
0 204 1
544 204 1
659 204 1
603 204 1
386 204 1
688 204 1
3530 204 1
3989 204 1
3660 204 1
4143 204 1
64 204 1
2653 204 1
187 204 1
1221 204 1
320 204 1
0 204 1
1716 204 1
53 204 1
331 204 1
116 204 1
246 204 1
426 204 1
23 204 1
3067 204 1
4131 204 1
77 204 1
158 204 1
1739 204 1
721 204 1
12 204 1
991 204 1
1537 204 1
4001 204 1
702 204 1
1148 204 1
1016 204 1
1525 204 1
108 204 1
1495 204 1
2713 204 1
913 204 1
94 204 1
1115 204 1
115 204 1
2828 204 1
370 204 1
24 204 1
1286 204 1
1085 204 1
3494 204 1
1848 204 1
5 204 1
4032 204 1
3197 204 1
549 204 1
992 204 1
1380 204 1
1710 204 1
3876 204 1
1583 204 1
2970 204 1
357 204 1
694 204 1
457 204 1
967 204 1
1481 204 1
428 204 1
1514 204 1
1780 204 1
232 204 1
562 204 1
950 204 1
2495 204 1
0 204 1
1140 204 1
2980 204 1
15 204 1
1758 204 1
78 204 1
670 204 1
949 204 1
92 204 1
49 204 1
26 204 1
3341 204 1
566 204 1
124 204 1
1582 204 1
37 204 1
2930 204 1
3 204 1
2846 204 1
216 204 1
1061 204 1
3373 204 1
80 204 1
0 204 1
2356 204 1
3929 204 1
2213 204 1
51 204 1
1827 204 1
1626 204 1
2696 204 1
3418 204 1
4032 204 1
2204 204 1
1740 204 1
3561 204 1
68 204 1
135 204 1
581 204 1
2056 204 1
23 204 1
45 204 1
2591 204 1
3838 204 1
2879 204 1
3221 204 1
68 204 1
1421 204 1
3202 204 1
431 204 1
1743 204 1
2066 205 1
104 205 1
979 205 1
891 205 1
44 205 1
1131 205 1
266 205 1
0 205 1
76 205 1
1933 205 1
2480 205 1
3573 205 1
2763 205 1
3330 205 1
770 205 1
5 205 1
3530 205 1
1483 205 1
129 205 1
187 205 1
2050 205 1
787 205 1
1142 205 1
17 205 1
2728 205 1
629 205 1
2439 205 1
387 205 1
612 205 1
475 205 1
2626 205 1
3467 205 1
1560 205 1
2373 205 1
40 205 1
2399 205 1
24 205 1
7 205 1
3534 205 1
2274 205 1
1606 205 1
4197 205 1
400 205 1
355 205 1
614 205 1
515 205 1
845 205 1
641 205 1
463 205 1
2580 205 1
3998 205 1
3995 205 1
29 205 1
3780 205 1
2871 205 1
954 205 1
674 205 1
3705 205 1
3034 205 1
1 205 1
1892 205 1
262 205 1
3239 205 1
49 205 1
3556 205 1
914 205 1
1764 205 1
1894 205 1
1941 205 1
2656 205 1
1895 205 1
990 205 1
16 205 1
3551 205 1
55 205 1
3468 205 1
3937 205 1
629 205 1
2976 205 1
763 205 1
0 205 1
1600 205 1
4083 205 1
4032 205 1
3524 205 1
73 205 1
2126 205 1
2871 205 1
284 205 1
85 205 1
276 205 1
4055 205 1
11 205 1
636 205 1
221 205 1
2318 205 1
4 205 1
1596 205 1
1287 205 1
1266 205 1
2488 205 1
1089 205 1
430 205 1
221 205 1
2166 205 1
1166 205 1
967 205 1
31 205 1
216 205 1
22 205 1
2468 205 1
3477 205 1
1079 205 1
376 205 1
2128 205 1
2638 205 1
4078 205 1
4039 205 1
1257 205 1
44 205 1
2158 205 1
2684 205 1
194 205 1
822 205 1
2861 205 1
965 205 1
252 205 1
4103 205 1
325 205 1
1703 205 1
2986 205 1
1297 205 1
1317 205 1
718 205 1
3014 205 1
28 205 1
2459 205 1
564 205 1
325 205 1
1531 205 1
97 205 1
12 205 1
3 205 1
23 205 1
937 205 1
912 205 1
1362 205 1
903 205 1
454 205 1
514 205 1
277 205 1
1127 205 1
922 205 1
1333 206 1
313 206 1
562 206 1
23 206 1
2365 206 1
611 206 1
3693 206 1
12 206 1
392 206 1
2743 206 1
331 206 1
1405 206 1
2699 206 1
2172 206 1
139 206 1
1460 206 1
209 206 1
598 206 1
2478 206 1
1776 206 1
1348 206 1
2726 206 1
2431 206 1
1475 206 1
3833 206 1
4064 206 1
851 206 1
3485 206 1
185 206 1
2933 206 1
525 206 1
581 206 1
3777 206 1
4015 206 1
48 206 1
1014 206 1
144 206 1
1848 206 1
2257 206 1
1394 206 1
3343 206 1
1433 206 1
4193 206 1
3683 206 1
12 206 1
2623 206 1
156 206 1
288 206 1
320 206 1
2873 206 1
1202 206 1
26 206 1
2363 206 1
31 206 1
17 206 1
313 206 1
3993 206 1
1616 206 1
3050 206 1
3629 206 1
1949 206 1
27 206 1
2064 206 1
867 206 1
2100 206 1
181 206 1
1864 206 1
3634 206 1
1871 206 1
1293 206 1
2 206 1
555 206 1
19 206 1
1457 206 1
225 206 1
1290 206 1
3136 206 1
0 206 1
2161 206 1
223 206 1
505 206 1
611 206 1
1594 206 1
1432 206 1
2061 206 1
1054 206 1
1963 206 1
62 206 1
4031 206 1
3388 206 1
108 206 1
638 206 1
609 206 1
1134 206 1
405 206 1
1460 206 1
3204 206 1
343 206 1
44 206 1
90 206 1
1423 206 1
4050 206 1
290 206 1
207 206 1
2881 206 1
528 206 1
405 206 1
863 206 1
1689 206 1
124 206 1
60 206 1
1220 206 1
19 206 1
3525 206 1
3714 206 1
2086 206 1
247 206 1
2004 206 1
3599 206 1
1658 206 1
1682 206 1
456 206 1
1955 206 1
1539 206 1
512 206 1
885 206 1
79 206 1
878 206 1
3844 206 1
1 206 1
2217 206 1
614 206 1
2027 206 1
4131 206 1
1990 206 1
315 206 1
18 206 1
2454 206 1
916 206 1
933 206 1
2160 206 1
445 206 1
2602 206 1
528 206 1
602 206 1
617 206 1
322 206 1
1256 206 1
2544 206 1
2169 206 1
1097 206 1
244 206 1
325 206 1
2012 207 1
1531 207 1
399 207 1
3609 207 1
494 207 1
163 207 1
2872 207 1
177 207 1
10 207 1
2705 207 1
2211 207 1
2104 207 1
2158 207 1
43 207 1
2079 207 1
893 207 1
1938 207 1
3671 207 1
963 207 1
3174 207 1
2195 207 1
3789 207 1
3213 207 1
3814 207 1
33 207 1
1101 207 1
2031 207 1
1011 207 1
3093 207 1
1187 207 1
3673 207 1
1126 207 1
3726 207 1
100 207 1
2002 207 1
40 207 1
98 207 1
2626 207 1
739 207 1
3375 207 1
19 207 1
1307 207 1
3118 207 1
2206 207 1
5 207 1
2516 207 1
2332 207 1
1863 207 1
361 207 1
3588 207 1
3035 207 1
31 207 1
4203 207 1
109 207 1
3742 207 1
116 207 1
2127 207 1
940 207 1
3770 207 1
1459 207 1
3814 207 1
1910 207 1
238 207 1
3799 207 1
1525 207 1
58 207 1
1117 207 1
229 207 1
4 207 1
220 207 1
65 207 1
32 207 1
1463 207 1
1384 207 1
22 207 1
333 207 1
2391 207 1
374 207 1
1590 207 1
1035 207 1
337 207 1
1300 207 1
1167 207 1
3657 207 1
1519 207 1
3197 207 1
4102 207 1
735 207 1
2973 207 1
930 207 1
1232 207 1
2509 207 1
86 207 1
2076 207 1
2487 207 1
1054 207 1
316 207 1
3155 207 1
448 207 1
2008 207 1
929 207 1
17 207 1
578 207 1
4146 207 1
139 207 1
2863 207 1
453 207 1
198 207 1
754 207 1
529 207 1
1997 207 1
541 207 1
2300 207 1
1371 207 1
1944 207 1
1 207 1
26 207 1
182 207 1
1342 207 1
3860 207 1
891 207 1
201 207 1
2166 207 1
1392 207 1
1377 207 1
301 207 1
2515 207 1
1848 207 1
3729 207 1
1787 207 1
304 207 1
1751 207 1
265 207 1
1130 207 1
1423 207 1
498 207 1
2710 207 1
2556 207 1
3179 207 1
2840 207 1
3336 207 1
934 207 1
35 207 1
2847 207 1
108 207 1
460 207 1
2392 207 1
1139 207 1
3894 207 1
1900 207 1
621 207 1
2790 207 1
18 207 1
134 208 1
2663 208 1
3862 208 1
1137 208 1
2650 208 1
1179 208 1
106 208 1
113 208 1
1595 208 1
496 208 1
939 208 1
657 208 1
942 208 1
231 208 1
334 208 1
1618 208 1
1913 208 1
256 208 1
121 208 1
3201 208 1
510 208 1
1511 208 1
131 208 1
1045 208 1
717 208 1
2399 208 1
3078 208 1
2290 208 1
393 208 1
151 208 1
552 208 1
2884 208 1
4051 208 1
50 208 1
4028 208 1
398 208 1
462 208 1
161 208 1
121 208 1
64 208 1
752 208 1
15 208 1
1806 208 1
341 208 1
556 208 1
907 208 1
2439 208 1
894 208 1
220 208 1
515 208 1
939 208 1
2293 208 1
715 208 1
447 208 1
287 208 1
42 208 1
31 208 1
982 208 1
4064 208 1
2151 208 1
3949 208 1
510 208 1
140 208 1
128 208 1
2657 208 1
3306 208 1
2707 208 1
1364 208 1
1275 208 1
0 208 1
1576 208 1
323 208 1
469 208 1
737 208 1
917 208 1
3468 208 1
2086 208 1
57 208 1
3809 208 1
3877 208 1
108 208 1
3789 208 1
2852 208 1
3892 208 1
2586 208 1
349 208 1
3 208 1
2136 208 1
2671 208 1
572 208 1
3989 208 1
3248 208 1
3154 208 1
36 208 1
3744 208 1
3150 208 1
3585 208 1
582 208 1
649 208 1
1024 208 1
1730 208 1
1617 208 1
291 208 1
174 208 1
1601 208 1
2682 208 1
441 208 1
2279 208 1
1474 208 1
3352 208 1
215 208 1
3994 208 1
163 208 1
2036 208 1
2930 208 1
1336 208 1
732 208 1
15 208 1
3650 208 1
3079 208 1
1540 208 1
3258 208 1
3 208 1
1996 208 1
1516 208 1
2652 208 1
279 208 1
2841 208 1
7 208 1
2563 208 1
1088 208 1
595 208 1
2748 208 1
3641 208 1
4155 208 1
3147 208 1
105 208 1
314 208 1
1789 208 1
729 208 1
2012 208 1
303 208 1
573 208 1
363 208 1
4178 208 1
3057 208 1
263 208 1
1555 208 1
467 208 1
8 208 1
2178 208 1
1440 208 1
3389 208 1
56 209 1
1131 209 1
3526 209 1
3878 209 1
288 209 1
3176 209 1
743 209 1
313 209 1
1629 209 1
218 209 1
2216 209 1
1732 209 1
14 209 1
1709 209 1
2535 209 1
11 209 1
3533 209 1
753 209 1
1750 209 1
2504 209 1
2819 209 1
204 209 1
1167 209 1
550 209 1
564 209 1
1764 209 1
0 209 1
3382 209 1
3728 209 1
789 209 1
1188 209 1
3976 209 1
2922 209 1
2961 209 1
836 209 1
998 209 1
1255 209 1
10 209 1
2971 209 1
32 209 1
1244 209 1
89 209 1
0 209 1
562 209 1
137 209 1
53 209 1
3461 209 1
1542 209 1
109 209 1
79 209 1
2206 209 1
358 209 1
7 209 1
355 209 1
539 209 1
32 209 1
609 209 1
31 209 1
784 209 1
1409 209 1
198 209 1
258 209 1
215 209 1
3722 209 1
36 209 1
732 209 1
93 209 1
3095 209 1
2509 209 1
393 209 1
2275 209 1
3844 209 1
191 209 1
273 209 1
1953 209 1
411 209 1
3284 209 1
104 209 1
1289 209 1
263 209 1
3637 209 1
2395 209 1
2 209 1
2449 209 1
1417 209 1
2681 209 1
1021 209 1
673 209 1
2860 209 1
606 209 1
1066 209 1
3322 209 1
1994 209 1
2314 209 1
3307 209 1
1797 209 1
32 209 1
739 209 1
135 209 1
507 209 1
3235 209 1
3698 209 1
2342 209 1
6 209 1
884 209 1
622 209 1
218 209 1
57 209 1
1478 209 1
3057 209 1
3078 209 1
4186 209 1
493 209 1
0 209 1
275 209 1
0 209 1
2312 209 1
3221 209 1
3660 209 1
1510 209 1
1219 209 1
3537 209 1
2428 209 1
4059 209 1
3352 209 1
796 209 1
59 209 1
596 209 1
17 209 1
1528 209 1
1740 209 1
1168 209 1
3533 209 1
3904 209 1
1984 209 1
469 209 1
139 209 1
372 209 1
1238 209 1
216 209 1
293 209 1
2566 209 1
4040 209 1
2434 209 1
2425 209 1
3028 209 1
197 209 1
3954 209 1
524 209 1
2942 209 1
223 209 1
2050 209 1
2607 209 1
2820 210 1
2489 210 1
1250 210 1
975 210 1
724 210 1
16 210 1
1 210 1
1655 210 1
0 210 1
3831 210 1
547 210 1
985 210 1
2008 210 1
1903 210 1
1374 210 1
0 210 1
1229 210 1
2401 210 1
2023 210 1
4106 210 1
1438 210 1
231 210 1
2408 210 1
8 210 1
409 210 1
3824 210 1
493 210 1
199 210 1
491 210 1
2492 210 1
3593 210 1
898 210 1
29 210 1
1570 210 1
1935 210 1
340 210 1
1661 210 1
2863 210 1
3858 210 1
0 210 1
1396 210 1
840 210 1
3 210 1
7 210 1
136 210 1
147 210 1
1003 210 1
3010 210 1
1176 210 1
58 210 1
1993 210 1
252 210 1
1607 210 1
202 210 1
763 210 1
814 210 1
53 210 1
9 210 1
1018 210 1
2138 210 1
98 210 1
135 210 1
272 210 1
2853 210 1
32 210 1
948 210 1
3361 210 1
1343 210 1
250 210 1
3728 210 1
2394 210 1
2394 210 1
168 210 1
94 210 1
396 210 1
160 210 1
798 210 1
813 210 1
4111 210 1
3478 210 1
3332 210 1
70 210 1
5 210 1
745 210 1
7 210 1
3598 210 1
2502 210 1
1520 210 1
2019 210 1
14 210 1
294 210 1
558 210 1
880 210 1
1770 210 1
3763 210 1
56 210 1
3506 210 1
315 210 1
2145 210 1
3186 210 1
866 210 1
34 210 1
3440 210 1
1164 210 1
352 210 1
794 210 1
3662 210 1
1975 210 1
172 210 1
145 210 1
2033 210 1
163 210 1
238 210 1
2 210 1
2755 210 1
327 210 1
2507 210 1
7 210 1
2614 210 1
128 210 1
1160 210 1
2195 210 1
828 210 1
1827 210 1
137 210 1
3729 210 1
1074 210 1
3294 210 1
4031 210 1
3789 210 1
1054 210 1
2150 210 1
1290 210 1
1220 210 1
3331 210 1
48 210 1
6 210 1
1651 210 1
4149 210 1
2751 210 1
3992 210 1
3093 210 1
3778 210 1
1322 210 1
157 210 1
856 210 1
79 210 1
2044 210 1
193 210 1
1289 210 1
0 210 1
1790 210 1
198 210 1
3238 211 1
126 211 1
90 211 1
1245 211 1
149 211 1
3084 211 1
4105 211 1
2395 211 1
1311 211 1
87 211 1
3063 211 1
3125 211 1
138 211 1
3794 211 1
647 211 1
1 211 1
1798 211 1
13 211 1
1051 211 1
2516 211 1
1156 211 1
1512 211 1
1164 211 1
313 211 1
1389 211 1
3178 211 1
2867 211 1
288 211 1
1000 211 1
1335 211 1
4026 211 1
223 211 1
353 211 1
3434 211 1
766 211 1
3616 211 1
1387 211 1
1633 211 1
37 211 1
251 211 1
356 211 1
591 211 1
10 211 1
32 211 1
2683 211 1
181 211 1
1263 211 1
1525 211 1
0 211 1
607 211 1
4086 211 1
2014 211 1
1807 211 1
732 211 1
2433 211 1
573 211 1
423 211 1
1625 211 1
436 211 1
25 211 1
82 211 1
2144 211 1
3801 211 1
216 211 1
2868 211 1
1585 211 1
3591 211 1
777 211 1
2455 211 1
422 211 1
357 211 1
4164 211 1
1234 211 1
159 211 1
1733 211 1
1013 211 1
2 211 1
583 211 1
4085 211 1
1032 211 1
4147 211 1
3906 211 1
819 211 1
1373 211 1
1830 211 1
1587 211 1
1013 211 1
447 211 1
612 211 1
425 211 1
1650 211 1
1800 211 1
2668 211 1
1412 211 1
2457 211 1
3410 211 1
1261 211 1
1279 211 1
3731 211 1
352 211 1
1 211 1
3300 211 1
3 211 1
339 211 1
690 211 1
11 211 1
348 211 1
3726 211 1
679 211 1
2958 211 1
737 211 1
389 211 1
3876 211 1
1143 211 1
3040 211 1
228 211 1
2369 211 1
2313 211 1
5 211 1
886 211 1
184 211 1
2272 211 1
5 211 1
2809 211 1
6 211 1
3542 211 1
523 211 1
3539 211 1
2481 211 1
3613 211 1
137 211 1
4024 211 1
1281 211 1
3745 211 1
230 211 1
1404 211 1
2725 211 1
314 211 1
8 211 1
2560 211 1
1281 211 1
2540 211 1
56 211 1
1 211 1
1767 211 1
590 211 1
1061 211 1
270 211 1
112 211 1
2682 211 1
2109 211 1
0 211 1
4195 211 1
1445 212 1
45 212 1
1713 212 1
108 212 1
225 212 1
337 212 1
378 212 1
84 212 1
4 212 1
2 212 1
2331 212 1
1 212 1
950 212 1
153 212 1
12 212 1
3254 212 1
0 212 1
66 212 1
2707 212 1
779 212 1
167 212 1
85 212 1
3975 212 1
795 212 1
3343 212 1
638 212 1
1238 212 1
424 212 1
980 212 1
4078 212 1
1908 212 1
2695 212 1
1867 212 1
2283 212 1
1907 212 1
49 212 1
227 212 1
1219 212 1
1569 212 1
3235 212 1
114 212 1
2935 212 1
1040 212 1
4190 212 1
681 212 1
1024 212 1
2125 212 1
1704 212 1
1423 212 1
2351 212 1
1958 212 1
2023 212 1
338 212 1
3600 212 1
6 212 1
500 212 1
1965 212 1
896 212 1
3130 212 1
27 212 1
129 212 1
2375 212 1
36 212 1
4012 212 1
1460 212 1
7 212 1
225 212 1
1769 212 1
1493 212 1
1633 212 1
2719 212 1
2140 212 1
835 212 1
859 212 1
6 212 1
1231 212 1
127 212 1
3170 212 1
738 212 1
9 212 1
3209 212 1
269 212 1
102 212 1
9 212 1
2521 212 1
4 212 1
689 212 1
1029 212 1
566 212 1
1614 212 1
1752 212 1
781 212 1
1601 212 1
56 212 1
3194 212 1
4 212 1
3537 212 1
2622 212 1
50 212 1
2198 212 1
729 212 1
183 212 1
695 212 1
86 212 1
496 212 1
162 212 1
503 212 1
268 212 1
1471 212 1
2917 212 1
2623 212 1
275 212 1
175 212 1
770 212 1
2379 212 1
3291 212 1
550 212 1
1982 212 1
3509 212 1
2421 212 1
530 212 1
1415 212 1
14 212 1
11 212 1
844 212 1
2488 212 1
1698 212 1
19 212 1
4 212 1
2086 212 1
3476 212 1
269 212 1
3121 212 1
655 212 1
2822 212 1
2844 212 1
3489 212 1
3373 212 1
1091 212 1
42 212 1
586 212 1
83 212 1
697 212 1
2467 212 1
989 212 1
2011 212 1
955 212 1
753 212 1
1440 212 1
273 212 1
2552 212 1
4038 212 1
2922 212 1
673 213 1
848 213 1
623 213 1
211 213 1
299 213 1
3451 213 1
403 213 1
498 213 1
3378 213 1
295 213 1
1744 213 1
812 213 1
482 213 1
2386 213 1
2 213 1
2897 213 1
89 213 1
1471 213 1
44 213 1
73 213 1
2854 213 1
892 213 1
11 213 1
1328 213 1
453 213 1
2523 213 1
317 213 1
3122 213 1
1434 213 1
2438 213 1
3285 213 1
55 213 1
884 213 1
3912 213 1
917 213 1
1558 213 1
2185 213 1
0 213 1
1465 213 1
1104 213 1
1886 213 1
2733 213 1
4046 213 1
2248 213 1
1847 213 1
2666 213 1
1852 213 1
576 213 1
2334 213 1
1504 213 1
3689 213 1
1839 213 1
119 213 1
3172 213 1
657 213 1
479 213 1
989 213 1
3016 213 1
3207 213 1
615 213 1
30 213 1
2930 213 1
2887 213 1
102 213 1
79 213 1
2560 213 1
345 213 1
2746 213 1
379 213 1
1062 213 1
19 213 1
784 213 1
806 213 1
0 213 1
3188 213 1
14 213 1
1914 213 1
5 213 1
1795 213 1
865 213 1
631 213 1
41 213 1
0 213 1
3484 213 1
2153 213 1
1203 213 1
1573 213 1
104 213 1
2736 213 1
873 213 1
323 213 1
2744 213 1
341 213 1
191 213 1
44 213 1
19 213 1
3 213 1
287 213 1
403 213 1
53 213 1
661 213 1
1410 213 1
3428 213 1
20 213 1
3773 213 1
445 213 1
2 213 1
3128 213 1
3674 213 1
825 213 1
5 213 1
246 213 1
2142 213 1
2671 213 1
2939 213 1
327 213 1
95 213 1
3109 213 1
956 213 1
605 213 1
13 213 1
454 213 1
441 213 1
313 213 1
3570 213 1
76 213 1
25 213 1
1227 213 1
271 213 1
654 213 1
4 213 1
100 213 1
660 213 1
1291 213 1
156 213 1
67 213 1
2092 213 1
1185 213 1
243 213 1
13 213 1
21 213 1
698 213 1
2185 213 1
3 213 1
3418 213 1
496 213 1
1302 213 1
4206 213 1
70 213 1
103 213 1
370 213 1
17 213 1
1848 213 1
200 214 1
0 214 1
13 214 1
1999 214 1
3746 214 1
3687 214 1
632 214 1
841 214 1
2035 214 1
91 214 1
1162 214 1
2895 214 1
506 214 1
1864 214 1
1825 214 1
2695 214 1
587 214 1
19 214 1
128 214 1
2092 214 1
84 214 1
2228 214 1
481 214 1
254 214 1
797 214 1
2398 214 1
78 214 1
0 214 1
613 214 1
1279 214 1
147 214 1
1539 214 1
1601 214 1
1279 214 1
1250 214 1
1 214 1
1712 214 1
2183 214 1
1862 214 1
3722 214 1
2071 214 1
2915 214 1
853 214 1
1744 214 1
912 214 1
1478 214 1
1137 214 1
17 214 1
378 214 1
1387 214 1
1849 214 1
456 214 1
224 214 1
144 214 1
2680 214 1
585 214 1
3720 214 1
2008 214 1
1568 214 1
285 214 1
3639 214 1
2427 214 1
248 214 1
828 214 1
3523 214 1
1346 214 1
2095 214 1
3203 214 1
2946 214 1
3536 214 1
4114 214 1
272 214 1
3564 214 1
3 214 1
1272 214 1
3616 214 1
1888 214 1
909 214 1
0 214 1
1209 214 1
2632 214 1
172 214 1
2229 214 1
4178 214 1
147 214 1
430 214 1
1097 214 1
1261 214 1
1095 214 1
1929 214 1
354 214 1
1688 214 1
2389 214 1
1958 214 1
982 214 1
2208 214 1
2190 214 1
3205 214 1
872 214 1
63 214 1
4024 214 1
1840 214 1
3440 214 1
119 214 1
2834 214 1
990 214 1
43 214 1
1050 214 1
60 214 1
3733 214 1
990 214 1
933 214 1
1113 214 1
562 214 1
3239 214 1
153 214 1
912 214 1
328 214 1
395 214 1
1307 214 1
2922 214 1
3602 214 1
2450 214 1
3849 214 1
106 214 1
1300 214 1
742 214 1
1687 214 1
2805 214 1
1883 214 1
1 214 1
2018 214 1
1169 214 1
1001 214 1
286 214 1
3228 214 1
2712 214 1
1615 214 1
486 214 1
923 214 1
2680 214 1
1676 214 1
1401 214 1
1045 214 1
585 214 1
3224 214 1
0 214 1
193 214 1
21 214 1
76 214 1
2066 214 1
33 214 1
12 214 1
576 215 1
1874 215 1
9 215 1
3294 215 1
2202 215 1
489 215 1
3326 215 1
1808 215 1
542 215 1
626 215 1
649 215 1
3825 215 1
286 215 1
19 215 1
2652 215 1
381 215 1
3972 215 1
2525 215 1
1701 215 1
1232 215 1
220 215 1
0 215 1
2053 215 1
351 215 1
70 215 1
1889 215 1
1306 215 1
62 215 1
2012 215 1
1389 215 1
2729 215 1
3987 215 1
2868 215 1
2 215 1
118 215 1
837 215 1
88 215 1
485 215 1
2405 215 1
884 215 1
1307 215 1
1958 215 1
2473 215 1
3826 215 1
187 215 1
1423 215 1
3863 215 1
2369 215 1
1998 215 1
1244 215 1
358 215 1
13 215 1
240 215 1
0 215 1
764 215 1
1474 215 1
1952 215 1
33 215 1
1477 215 1
7 215 1
3443 215 1
2206 215 1
1194 215 1
2289 215 1
318 215 1
3135 215 1
140 215 1
737 215 1
2673 215 1
128 215 1
56 215 1
1221 215 1
1668 215 1
3771 215 1
754 215 1
1462 215 1
1139 215 1
1155 215 1
737 215 1
686 215 1
128 215 1
3259 215 1
1296 215 1
919 215 1
2801 215 1
159 215 1
856 215 1
1 215 1
2073 215 1
493 215 1
32 215 1
203 215 1
1002 215 1
84 215 1
3173 215 1
19 215 1
529 215 1
176 215 1
269 215 1
1515 215 1
403 215 1
2938 215 1
1652 215 1
2204 215 1
578 215 1
3856 215 1
450 215 1
2106 215 1
3838 215 1
42 215 1
2634 215 1
81 215 1
317 215 1
74 215 1
24 215 1
2104 215 1
1163 215 1
116 215 1
2835 215 1
2342 215 1
3257 215 1
3233 215 1
90 215 1
1985 215 1
1 215 1
3227 215 1
653 215 1
1880 215 1
411 215 1
40 215 1
521 215 1
368 215 1
6 215 1
3804 215 1
1317 215 1
1900 215 1
2646 215 1
1708 215 1
3485 215 1
584 215 1
1476 215 1
100 215 1
27 215 1
97 215 1
848 215 1
1525 215 1
1281 215 1
195 215 1
643 215 1
0 215 1
3915 215 1
369 215 1
1084 215 1
1082 216 1
680 216 1
3507 216 1
26 216 1
2 216 1
1 216 1
165 216 1
1330 216 1
2461 216 1
3736 216 1
1166 216 1
40 216 1
2579 216 1
279 216 1
344 216 1
70 216 1
2127 216 1
1762 216 1
2568 216 1
1185 216 1
87 216 1
221 216 1
2738 216 1
408 216 1
13 216 1
801 216 1
1184 216 1
246 216 1
1395 216 1
517 216 1
451 216 1
2279 216 1
1118 216 1
2029 216 1
291 216 1
1649 216 1
2962 216 1
2281 216 1
1783 216 1
3854 216 1
1205 216 1
536 216 1
2221 216 1
4164 216 1
286 216 1
2781 216 1
1592 216 1
267 216 1
904 216 1
462 216 1
2 216 1
124 216 1
69 216 1
362 216 1
4067 216 1
451 216 1
1413 216 1
27 216 1
2 216 1
363 216 1
125 216 1
3779 216 1
111 216 1
3982 216 1
928 216 1
1398 216 1
3964 216 1
3023 216 1
529 216 1
1065 216 1
900 216 1
0 216 1
3201 216 1
3363 216 1
838 216 1
436 216 1
3581 216 1
838 216 1
3826 216 1
0 216 1
2731 216 1
478 216 1
288 216 1
2324 216 1
1844 216 1
675 216 1
2533 216 1
800 216 1
1084 216 1
2146 216 1
3338 216 1
222 216 1
971 216 1
24 216 1
2323 216 1
965 216 1
20 216 1
1724 216 1
3521 216 1
2511 216 1
383 216 1
2780 216 1
1050 216 1
1967 216 1
2238 216 1
3847 216 1
1 216 1
0 216 1
215 216 1
43 216 1
944 216 1
3752 216 1
466 216 1
367 216 1
149 216 1
2524 216 1
42 216 1
108 216 1
529 216 1
47 216 1
1466 216 1
2919 216 1
102 216 1
4 216 1
308 216 1
50 216 1
250 216 1
2285 216 1
92 216 1
14 216 1
3102 216 1
122 216 1
545 216 1
20 216 1
1865 216 1
99 216 1
1230 216 1
2884 216 1
54 216 1
3178 216 1
532 216 1
18 216 1
1433 216 1
2854 216 1
568 216 1
990 216 1
3287 216 1
507 216 1
133 216 1
1860 216 1
166 216 1
3979 216 1
44 216 1
2346 217 1
997 217 1
25 217 1
671 217 1
922 217 1
196 217 1
777 217 1
1050 217 1
369 217 1
45 217 1
2456 217 1
240 217 1
3844 217 1
3700 217 1
2622 217 1
2079 217 1
1262 217 1
33 217 1
111 217 1
3729 217 1
323 217 1
2822 217 1
4158 217 1
402 217 1
558 217 1
265 217 1
3900 217 1
1909 217 1
49 217 1
2721 217 1
507 217 1
2429 217 1
357 217 1
725 217 1
874 217 1
103 217 1
1714 217 1
3535 217 1
2050 217 1
4082 217 1
1485 217 1
59 217 1
52 217 1
28 217 1
825 217 1
806 217 1
626 217 1
3389 217 1
2980 217 1
743 217 1
2197 217 1
1697 217 1
1561 217 1
41 217 1
1171 217 1
31 217 1
940 217 1
1296 217 1
2896 217 1
833 217 1
1799 217 1
2263 217 1
2360 217 1
1347 217 1
183 217 1
236 217 1
625 217 1
868 217 1
660 217 1
3074 217 1
1445 217 1
50 217 1
2221 217 1
3 217 1
131 217 1
1322 217 1
2477 217 1
2282 217 1
3886 217 1
865 217 1
1872 217 1
480 217 1
7 217 1
2342 217 1
22 217 1
3096 217 1
1231 217 1
919 217 1
576 217 1
1547 217 1
659 217 1
1814 217 1
2764 217 1
2260 217 1
175 217 1
2202 217 1
2378 217 1
685 217 1
2012 217 1
1610 217 1
30 217 1
1048 217 1
3443 217 1
3624 217 1
234 217 1
3136 217 1
3340 217 1
94 217 1
913 217 1
1350 217 1
2107 217 1
375 217 1
417 217 1
2764 217 1
3582 217 1
410 217 1
2891 217 1
172 217 1
398 217 1
1712 217 1
3674 217 1
3999 217 1
2901 217 1
27 217 1
3488 217 1
1189 217 1
248 217 1
639 217 1
0 217 1
920 217 1
218 217 1
1682 217 1
3610 217 1
296 217 1
4176 217 1
2747 217 1
0 217 1
2002 217 1
7 217 1
359 217 1
1770 217 1
4187 217 1
1018 217 1
501 217 1
3139 217 1
8 217 1
1300 217 1
2092 217 1
56 217 1
1113 217 1
50 217 1
271 217 1
276 217 1
10 218 1
87 218 1
1880 218 1
649 218 1
809 218 1
896 218 1
2610 218 1
5 218 1
213 218 1
2507 218 1
3013 218 1
708 218 1
3296 218 1
662 218 1
3924 218 1
3533 218 1
140 218 1
574 218 1
257 218 1
896 218 1
323 218 1
24 218 1
1293 218 1
1110 218 1
2691 218 1
65 218 1
1222 218 1
46 218 1
2228 218 1
1793 218 1
31 218 1
646 218 1
1697 218 1
1702 218 1
2474 218 1
3006 218 1
1264 218 1
1508 218 1
3889 218 1
0 218 1
1517 218 1
2441 218 1
1697 218 1
2838 218 1
1478 218 1
3112 218 1
71 218 1
3707 218 1
3196 218 1
1414 218 1
2706 218 1
0 218 1
1917 218 1
92 218 1
677 218 1
1882 218 1
2768 218 1
703 218 1
36 218 1
2733 218 1
85 218 1
2491 218 1
2166 218 1
1528 218 1
9 218 1
16 218 1
908 218 1
433 218 1
2 218 1
57 218 1
1526 218 1
169 218 1
1773 218 1
3279 218 1
21 218 1
2217 218 1
2498 218 1
2743 218 1
466 218 1
3990 218 1
409 218 1
70 218 1
2678 218 1
3456 218 1
207 218 1
1278 218 1
4049 218 1
3303 218 1
592 218 1
2121 218 1
194 218 1
3348 218 1
3978 218 1
2599 218 1
959 218 1
1012 218 1
50 218 1
145 218 1
2431 218 1
1335 218 1
2699 218 1
148 218 1
962 218 1
946 218 1
3477 218 1
173 218 1
13 218 1
3111 218 1
1872 218 1
210 218 1
933 218 1
167 218 1
493 218 1
568 218 1
894 218 1
248 218 1
123 218 1
946 218 1
364 218 1
972 218 1
307 218 1
604 218 1
2251 218 1
3782 218 1
3704 218 1
1848 218 1
557 218 1
1024 218 1
1425 218 1
2894 218 1
530 218 1
2236 218 1
3113 218 1
677 218 1
3911 218 1
8 218 1
2310 218 1
110 218 1
658 218 1
7 218 1
203 218 1
191 218 1
79 218 1
9 218 1
129 218 1
2983 218 1
3863 218 1
2700 218 1
660 218 1
174 218 1
102 218 1
277 218 1
64 218 1
2864 219 1
946 219 1
2950 219 1
24 219 1
691 219 1
68 219 1
1128 219 1
3536 219 1
3598 219 1
1566 219 1
364 219 1
37 219 1
715 219 1
1299 219 1
149 219 1
41 219 1
481 219 1
131 219 1
520 219 1
2402 219 1
3399 219 1
1866 219 1
3001 219 1
231 219 1
3979 219 1
75 219 1
1688 219 1
798 219 1
2 219 1
4066 219 1
1021 219 1
683 219 1
59 219 1
2320 219 1
1628 219 1
602 219 1
4076 219 1
183 219 1
2381 219 1
400 219 1
285 219 1
692 219 1
4152 219 1
830 219 1
198 219 1
3893 219 1
3484 219 1
2389 219 1
73 219 1
320 219 1
1353 219 1
272 219 1
3210 219 1
626 219 1
902 219 1
3640 219 1
302 219 1
1298 219 1
294 219 1
1329 219 1
2596 219 1
1175 219 1
742 219 1
27 219 1
3029 219 1
2535 219 1
558 219 1
1991 219 1
516 219 1
836 219 1
2966 219 1
3683 219 1
1591 219 1
1550 219 1
1786 219 1
2860 219 1
65 219 1
2016 219 1
1679 219 1
741 219 1
31 219 1
567 219 1
1490 219 1
2379 219 1
477 219 1
129 219 1
2863 219 1
3046 219 1
2576 219 1
2812 219 1
129 219 1
586 219 1
1165 219 1
2110 219 1
1210 219 1
165 219 1
3560 219 1
84 219 1
128 219 1
2141 219 1
9 219 1
567 219 1
2230 219 1
609 219 1
1905 219 1
1407 219 1
324 219 1
902 219 1
1416 219 1
2120 219 1
4094 219 1
666 219 1
828 219 1
3164 219 1
2082 219 1
56 219 1
2549 219 1
323 219 1
2812 219 1
357 219 1
24 219 1
2041 219 1
1973 219 1
824 219 1
1106 219 1
512 219 1
487 219 1
2954 219 1
3617 219 1
1469 219 1
11 219 1
1765 219 1
3075 219 1
1753 219 1
731 219 1
18 219 1
13 219 1
118 219 1
573 219 1
3336 219 1
3872 219 1
35 219 1
1737 219 1
3103 219 1
2543 219 1
3424 219 1
385 219 1
1245 219 1
14 219 1
1227 219 1
359 219 1
2759 219 1
1128 219 1
1502 220 1
2758 220 1
174 220 1
1417 220 1
0 220 1
1134 220 1
956 220 1
132 220 1
799 220 1
3383 220 1
1 220 1
705 220 1
117 220 1
971 220 1
33 220 1
2217 220 1
59 220 1
3974 220 1
474 220 1
111 220 1
241 220 1
1869 220 1
650 220 1
3635 220 1
348 220 1
2028 220 1
121 220 1
131 220 1
3893 220 1
1 220 1
691 220 1
1672 220 1
3246 220 1
3524 220 1
626 220 1
58 220 1
2483 220 1
26 220 1
0 220 1
182 220 1
38 220 1
1859 220 1
373 220 1
2857 220 1
1569 220 1
483 220 1
147 220 1
3246 220 1
3150 220 1
2111 220 1
233 220 1
451 220 1
1042 220 1
72 220 1
1348 220 1
1961 220 1
2484 220 1
68 220 1
155 220 1
1170 220 1
298 220 1
37 220 1
1373 220 1
4160 220 1
113 220 1
2784 220 1
2960 220 1
3483 220 1
1174 220 1
8 220 1
2539 220 1
2232 220 1
982 220 1
2097 220 1
69 220 1
1250 220 1
33 220 1
1394 220 1
167 220 1
315 220 1
29 220 1
2896 220 1
3870 220 1
840 220 1
136 220 1
1709 220 1
169 220 1
1300 220 1
587 220 1
2504 220 1
1790 220 1
1676 220 1
3348 220 1
3990 220 1
73 220 1
218 220 1
0 220 1
392 220 1
2797 220 1
4168 220 1
3299 220 1
1812 220 1
1746 220 1
2641 220 1
73 220 1
1273 220 1
829 220 1
1337 220 1
728 220 1
2176 220 1
3944 220 1
559 220 1
1830 220 1
2721 220 1
3589 220 1
1073 220 1
3745 220 1
1066 220 1
1763 220 1
1689 220 1
2827 220 1
1028 220 1
4023 220 1
2005 220 1
2073 220 1
1022 220 1
109 220 1
3322 220 1
1177 220 1
1136 220 1
1263 220 1
903 220 1
2928 220 1
1069 220 1
2874 220 1
4 220 1
0 220 1
3417 220 1
4087 220 1
3763 220 1
1948 220 1
179 220 1
515 220 1
3971 220 1
0 220 1
291 220 1
792 220 1
1370 220 1
0 220 1
26 220 1
1965 220 1
3355 220 1
3961 220 1
83 221 1
163 221 1
17 221 1
4159 221 1
561 221 1
1906 221 1
2701 221 1
95 221 1
3643 221 1
76 221 1
1532 221 1
21 221 1
2570 221 1
2422 221 1
380 221 1
401 221 1
3607 221 1
4018 221 1
1081 221 1
121 221 1
2771 221 1
83 221 1
20 221 1
646 221 1
204 221 1
1686 221 1
977 221 1
1732 221 1
1566 221 1
1501 221 1
3027 221 1
344 221 1
0 221 1
633 221 1
2393 221 1
3587 221 1
3467 221 1
571 221 1
354 221 1
3409 221 1
12 221 1
1792 221 1
659 221 1
511 221 1
222 221 1
1397 221 1
2993 221 1
111 221 1
2038 221 1
510 221 1
2825 221 1
2705 221 1
1090 221 1
164 221 1
3743 221 1
1 221 1
4034 221 1
1836 221 1
1433 221 1
1 221 1
3 221 1
2378 221 1
608 221 1
1975 221 1
30 221 1
3443 221 1
2235 221 1
3451 221 1
243 221 1
3760 221 1
3928 221 1
2498 221 1
1820 221 1
400 221 1
2719 221 1
16 221 1
4085 221 1
1880 221 1
937 221 1
0 221 1
28 221 1
641 221 1
679 221 1
365 221 1
1498 221 1
4090 221 1
3141 221 1
238 221 1
2097 221 1
1798 221 1
4 221 1
298 221 1
239 221 1
774 221 1
307 221 1
23 221 1
3279 221 1
1538 221 1
30 221 1
3048 221 1
571 221 1
2494 221 1
130 221 1
414 221 1
527 221 1
182 221 1
0 221 1
1641 221 1
966 221 1
3557 221 1
442 221 1
1861 221 1
24 221 1
4132 221 1
159 221 1
1673 221 1
2874 221 1
177 221 1
1069 221 1
164 221 1
2972 221 1
419 221 1
1067 221 1
2250 221 1
592 221 1
524 221 1
1363 221 1
2301 221 1
2955 221 1
343 221 1
17 221 1
5 221 1
1336 221 1
1945 221 1
2326 221 1
284 221 1
2986 221 1
3611 221 1
900 221 1
2907 221 1
289 221 1
2063 221 1
8 221 1
73 221 1
363 221 1
3129 221 1
1885 221 1
2640 221 1
12 221 1
1805 221 1
126 221 1
360 221 1
3108 221 1
665 222 1
1996 222 1
1614 222 1
20 222 1
1082 222 1
299 222 1
3857 222 1
71 222 1
1237 222 1
535 222 1
3118 222 1
3368 222 1
2801 222 1
2077 222 1
977 222 1
615 222 1
665 222 1
26 222 1
37 222 1
367 222 1
248 222 1
1063 222 1
128 222 1
20 222 1
2265 222 1
593 222 1
198 222 1
213 222 1
3261 222 1
94 222 1
1705 222 1
901 222 1
2575 222 1
631 222 1
1233 222 1
1205 222 1
2109 222 1
494 222 1
2211 222 1
466 222 1
1325 222 1
2940 222 1
290 222 1
1713 222 1
1015 222 1
1596 222 1
2585 222 1
794 222 1
207 222 1
91 222 1
3431 222 1
674 222 1
1743 222 1
2378 222 1
1898 222 1
9 222 1
3665 222 1
3805 222 1
2219 222 1
563 222 1
459 222 1
2777 222 1
1 222 1
691 222 1
3030 222 1
87 222 1
195 222 1
2264 222 1
1836 222 1
3519 222 1
2285 222 1
1306 222 1
1950 222 1
1393 222 1
2205 222 1
1418 222 1
1344 222 1
39 222 1
230 222 1
4201 222 1
3171 222 1
2412 222 1
41 222 1
7 222 1
569 222 1
2771 222 1
110 222 1
730 222 1
1670 222 1
188 222 1
220 222 1
167 222 1
3228 222 1
3499 222 1
3931 222 1
1085 222 1
2667 222 1
1844 222 1
43 222 1
3668 222 1
232 222 1
2076 222 1
877 222 1
3178 222 1
21 222 1
33 222 1
1958 222 1
1233 222 1
6 222 1
1475 222 1
2240 222 1
2245 222 1
3382 222 1
1554 222 1
60 222 1
2782 222 1
61 222 1
24 222 1
1434 222 1
3102 222 1
512 222 1
3987 222 1
1602 222 1
1405 222 1
112 222 1
2245 222 1
464 222 1
1960 222 1
288 222 1
134 222 1
1412 222 1
1246 222 1
711 222 1
3729 222 1
45 222 1
3792 222 1
3982 222 1
946 222 1
76 222 1
4190 222 1
1706 222 1
4 222 1
17 222 1
232 222 1
26 222 1
124 222 1
2525 222 1
2474 222 1
2523 222 1
3620 222 1
3577 222 1
1087 222 1
1454 222 1
23 223 1
3162 223 1
33 223 1
1533 223 1
794 223 1
68 223 1
129 223 1
1983 223 1
661 223 1
3393 223 1
1890 223 1
151 223 1
2285 223 1
196 223 1
2885 223 1
12 223 1
408 223 1
98 223 1
1692 223 1
1738 223 1
2371 223 1
2897 223 1
1847 223 1
2798 223 1
3391 223 1
16 223 1
272 223 1
160 223 1
11 223 1
1841 223 1
109 223 1
442 223 1
1086 223 1
1339 223 1
988 223 1
795 223 1
3970 223 1
1452 223 1
2443 223 1
1 223 1
519 223 1
211 223 1
1785 223 1
978 223 1
422 223 1
500 223 1
130 223 1
2374 223 1
100 223 1
46 223 1
4126 223 1
304 223 1
1000 223 1
2889 223 1
3774 223 1
2419 223 1
2180 223 1
116 223 1
1146 223 1
720 223 1
51 223 1
673 223 1
841 223 1
119 223 1
4050 223 1
796 223 1
7 223 1
385 223 1
391 223 1
1808 223 1
323 223 1
2348 223 1
2902 223 1
2285 223 1
151 223 1
793 223 1
1520 223 1
147 223 1
78 223 1
2787 223 1
217 223 1
1827 223 1
192 223 1
60 223 1
275 223 1
2387 223 1
3771 223 1
35 223 1
269 223 1
3000 223 1
10 223 1
14 223 1
1 223 1
95 223 1
2536 223 1
3777 223 1
359 223 1
2121 223 1
1595 223 1
3265 223 1
332 223 1
23 223 1
986 223 1
1695 223 1
469 223 1
3129 223 1
4187 223 1
0 223 1
1871 223 1
2252 223 1
1300 223 1
3089 223 1
3835 223 1
382 223 1
764 223 1
395 223 1
3946 223 1
404 223 1
1563 223 1
48 223 1
1147 223 1
421 223 1
328 223 1
2022 223 1
143 223 1
218 223 1
3496 223 1
540 223 1
303 223 1
1452 223 1
2553 223 1
88 223 1
88 223 1
505 223 1
3382 223 1
42 223 1
4172 223 1
2509 223 1
2706 223 1
1122 223 1
1561 223 1
2404 223 1
4041 223 1
3384 223 1
1563 223 1
9 223 1
39 223 1
1034 223 1
2283 223 1
131 223 1
2262 223 1
1504 223 1
2297 223 1
0 224 1
545 224 1
893 224 1
2589 224 1
2750 224 1
575 224 1
70 224 1
481 224 1
2845 224 1
320 224 1
97 224 1
6 224 1
1337 224 1
1579 224 1
62 224 1
1585 224 1
3373 224 1
2413 224 1
174 224 1
2317 224 1
3063 224 1
2 224 1
2747 224 1
122 224 1
12 224 1
1774 224 1
688 224 1
42 224 1
1585 224 1
3312 224 1
3592 224 1
644 224 1
2324 224 1
1605 224 1
3202 224 1
3489 224 1
932 224 1
827 224 1
3362 224 1
2937 224 1
1075 224 1
470 224 1
192 224 1
791 224 1
844 224 1
327 224 1
1869 224 1
5 224 1
3847 224 1
2379 224 1
0 224 1
4073 224 1
695 224 1
1260 224 1
1932 224 1
1142 224 1
3226 224 1
2 224 1
1594 224 1
1710 224 1
2511 224 1
44 224 1
2339 224 1
0 224 1
936 224 1
1370 224 1
303 224 1
4163 224 1
18 224 1
3166 224 1
507 224 1
2058 224 1
1093 224 1
61 224 1
31 224 1
1493 224 1
1431 224 1
1068 224 1
1662 224 1
1478 224 1
459 224 1
3824 224 1
374 224 1
4208 224 1
2902 224 1
704 224 1
3053 224 1
328 224 1
1943 224 1
310 224 1
2326 224 1
591 224 1
2747 224 1
1700 224 1
3977 224 1
2696 224 1
399 224 1
608 224 1
1438 224 1
1386 224 1
13 224 1
12 224 1
1119 224 1
1639 224 1
3550 224 1
3148 224 1
62 224 1
1269 224 1
26 224 1
3085 224 1
3799 224 1
194 224 1
4119 224 1
490 224 1
1122 224 1
3371 224 1
2163 224 1
1110 224 1
65 224 1
1820 224 1
2531 224 1
3405 224 1
319 224 1
2719 224 1
1449 224 1
2621 224 1
3928 224 1
449 224 1
2244 224 1
1443 224 1
343 224 1
3388 224 1
263 224 1
326 224 1
2375 224 1
934 224 1
0 224 1
3363 224 1
1 224 1
1084 224 1
166 224 1
3287 224 1
689 224 1
14 224 1
13 224 1
2422 224 1
449 224 1
707 224 1
418 224 1
825 224 1
1283 224 1
5 224 1
3857 224 1
81 225 1
1502 225 1
1521 225 1
520 225 1
1669 225 1
1336 225 1
939 225 1
927 225 1
89 225 1
504 225 1
2732 225 1
2999 225 1
612 225 1
460 225 1
1736 225 1
1645 225 1
965 225 1
410 225 1
19 225 1
3611 225 1
1 225 1
3305 225 1
1168 225 1
2486 225 1
2102 225 1
386 225 1
572 225 1
24 225 1
168 225 1
3022 225 1
123 225 1
1256 225 1
1541 225 1
38 225 1
1269 225 1
934 225 1
715 225 1
208 225 1
3424 225 1
1060 225 1
3608 225 1
310 225 1
357 225 1
685 225 1
3757 225 1
2118 225 1
1253 225 1
30 225 1
1002 225 1
341 225 1
2076 225 1
2312 225 1
153 225 1
74 225 1
39 225 1
593 225 1
111 225 1
3905 225 1
119 225 1
287 225 1
856 225 1
504 225 1
781 225 1
2942 225 1
1021 225 1
1705 225 1
962 225 1
2835 225 1
659 225 1
3157 225 1
1700 225 1
725 225 1
4093 225 1
5 225 1
5 225 1
343 225 1
2787 225 1
21 225 1
61 225 1
1005 225 1
37 225 1
990 225 1
1206 225 1
1542 225 1
4 225 1
30 225 1
1014 225 1
137 225 1
1980 225 1
449 225 1
717 225 1
682 225 1
182 225 1
2483 225 1
2352 225 1
3215 225 1
316 225 1
142 225 1
11 225 1
3730 225 1
538 225 1
2362 225 1
2804 225 1
1419 225 1
1415 225 1
2752 225 1
2577 225 1
2653 225 1
391 225 1
36 225 1
0 225 1
2782 225 1
2168 225 1
2454 225 1
3279 225 1
5 225 1
3430 225 1
3535 225 1
1541 225 1
450 225 1
1324 225 1
3859 225 1
2242 225 1
559 225 1
579 225 1
2187 225 1
102 225 1
171 225 1
3942 225 1
584 225 1
114 225 1
950 225 1
1757 225 1
416 225 1
1871 225 1
219 225 1
29 225 1
2300 225 1
28 225 1
123 225 1
1062 225 1
691 225 1
846 225 1
258 225 1
0 225 1
4002 225 1
1915 225 1
75 225 1
2020 225 1
2436 225 1
3823 225 1
3176 225 1
7 225 1
0 226 1
20 226 1
1142 226 1
3079 226 1
2049 226 1
1813 226 1
127 226 1
2094 226 1
2980 226 1
2429 226 1
2836 226 1
204 226 1
923 226 1
1 226 1
995 226 1
1194 226 1
115 226 1
257 226 1
3 226 1
1520 226 1
3038 226 1
1222 226 1
392 226 1
3403 226 1
619 226 1
62 226 1
897 226 1
40 226 1
112 226 1
1983 226 1
2164 226 1
24 226 1
1127 226 1
9 226 1
2615 226 1
3395 226 1
2422 226 1
2187 226 1
3135 226 1
2298 226 1
205 226 1
140 226 1
0 226 1
3 226 1
1893 226 1
2165 226 1
400 226 1
1943 226 1
2223 226 1
957 226 1
2384 226 1
486 226 1
3173 226 1
1041 226 1
1016 226 1
111 226 1
1239 226 1
137 226 1
3314 226 1
1024 226 1
60 226 1
2413 226 1
1626 226 1
2997 226 1
62 226 1
728 226 1
78 226 1
2313 226 1
3769 226 1
2136 226 1
115 226 1
1342 226 1
717 226 1
1598 226 1
4195 226 1
156 226 1
950 226 1
2373 226 1
184 226 1
189 226 1
78 226 1
2719 226 1
1329 226 1
1469 226 1
967 226 1
1460 226 1
121 226 1
2388 226 1
1922 226 1
2462 226 1
2032 226 1
566 226 1
1045 226 1
1040 226 1
1933 226 1
5 226 1
174 226 1
2275 226 1
1528 226 1
2657 226 1
468 226 1
418 226 1
2170 226 1
705 226 1
3651 226 1
1969 226 1
1933 226 1
3630 226 1
2727 226 1
4094 226 1
747 226 1
3189 226 1
144 226 1
691 226 1
1457 226 1
47 226 1
12 226 1
2141 226 1
512 226 1
1738 226 1
269 226 1
2582 226 1
225 226 1
111 226 1
3480 226 1
2138 226 1
44 226 1
959 226 1
1517 226 1
2493 226 1
2214 226 1
249 226 1
117 226 1
2102 226 1
551 226 1
3639 226 1
722 226 1
306 226 1
1240 226 1
3071 226 1
47 226 1
965 226 1
717 226 1
285 226 1
2445 226 1
113 226 1
619 226 1
2232 226 1
1991 226 1
763 226 1
865 226 1
255 226 1
2322 226 1
138 227 1
159 227 1
12 227 1
580 227 1
1196 227 1
4 227 1
556 227 1
81 227 1
2024 227 1
233 227 1
2846 227 1
1029 227 1
3949 227 1
2646 227 1
23 227 1
3343 227 1
1 227 1
3476 227 1
482 227 1
597 227 1
659 227 1
3220 227 1
1045 227 1
1839 227 1
3087 227 1
14 227 1
171 227 1
292 227 1
890 227 1
1400 227 1
2316 227 1
2 227 1
3231 227 1
346 227 1
1977 227 1
4099 227 1
517 227 1
2128 227 1
5 227 1
893 227 1
3069 227 1
384 227 1
483 227 1
3524 227 1
394 227 1
4138 227 1
999 227 1
1285 227 1
34 227 1
79 227 1
3426 227 1
1448 227 1
3104 227 1
0 227 1
3653 227 1
1783 227 1
921 227 1
2232 227 1
1503 227 1
3485 227 1
3171 227 1
2322 227 1
466 227 1
21 227 1
1904 227 1
52 227 1
393 227 1
76 227 1
1062 227 1
2095 227 1
433 227 1
3932 227 1
6 227 1
298 227 1
537 227 1
178 227 1
165 227 1
2570 227 1
573 227 1
126 227 1
1271 227 1
1085 227 1
273 227 1
1511 227 1
27 227 1
1630 227 1
734 227 1
2500 227 1
3659 227 1
39 227 1
830 227 1
2375 227 1
829 227 1
17 227 1
1497 227 1
3749 227 1
620 227 1
4 227 1
962 227 1
2308 227 1
2789 227 1
1877 227 1
169 227 1
560 227 1
2555 227 1
1185 227 1
2282 227 1
1155 227 1
2618 227 1
1356 227 1
321 227 1
1560 227 1
999 227 1
341 227 1
3120 227 1
3125 227 1
3703 227 1
2388 227 1
1149 227 1
1154 227 1
32 227 1
63 227 1
48 227 1
2214 227 1
1580 227 1
3888 227 1
4188 227 1
350 227 1
3876 227 1
158 227 1
989 227 1
358 227 1
1 227 1
1075 227 1
6 227 1
2329 227 1
2554 227 1
302 227 1
2423 227 1
539 227 1
2894 227 1
50 227 1
2497 227 1
3568 227 1
880 227 1
170 227 1
25 227 1
279 227 1
12 227 1
123 227 1
138 227 1
310 227 1
15 227 1
110 228 1
4189 228 1
3254 228 1
2449 228 1
1038 228 1
4 228 1
483 228 1
239 228 1
1296 228 1
161 228 1
2249 228 1
19 228 1
984 228 1
344 228 1
1606 228 1
2806 228 1
888 228 1
101 228 1
2812 228 1
779 228 1
3019 228 1
163 228 1
132 228 1
2267 228 1
2121 228 1
1408 228 1
1085 228 1
522 228 1
45 228 1
1326 228 1
0 228 1
1071 228 1
4078 228 1
32 228 1
550 228 1
378 228 1
110 228 1
1132 228 1
1615 228 1
99 228 1
2053 228 1
3512 228 1
3913 228 1
410 228 1
115 228 1
55 228 1
159 228 1
2864 228 1
793 228 1
2148 228 1
1696 228 1
3712 228 1
1484 228 1
88 228 1
26 228 1
2220 228 1
1083 228 1
658 228 1
263 228 1
561 228 1
1730 228 1
2319 228 1
222 228 1
1257 228 1
2061 228 1
2924 228 1
3837 228 1
65 228 1
65 228 1
784 228 1
3833 228 1
545 228 1
2619 228 1
558 228 1
1729 228 1
2594 228 1
3446 228 1
3701 228 1
935 228 1
786 228 1
2495 228 1
2985 228 1
915 228 1
108 228 1
2625 228 1
1139 228 1
658 228 1
507 228 1
3866 228 1
1304 228 1
194 228 1
309 228 1
1788 228 1
1891 228 1
14 228 1
175 228 1
1664 228 1
173 228 1
541 228 1
2529 228 1
441 228 1
403 228 1
2438 228 1
876 228 1
3 228 1
3618 228 1
1450 228 1
842 228 1
3176 228 1
790 228 1
134 228 1
772 228 1
3421 228 1
4122 228 1
494 228 1
416 228 1
3493 228 1
2094 228 1
441 228 1
497 228 1
84 228 1
3041 228 1
3968 228 1
3951 228 1
2532 228 1
657 228 1
2499 228 1
343 228 1
729 228 1
596 228 1
1072 228 1
2364 228 1
184 228 1
1062 228 1
956 228 1
644 228 1
1280 228 1
90 228 1
1 228 1
3 228 1
4200 228 1
1260 228 1
10 228 1
1408 228 1
1301 228 1
3810 228 1
25 228 1
1 228 1
253 228 1
3180 228 1
3736 228 1
3408 228 1
574 228 1
26 229 1
3453 229 1
1194 229 1
1050 229 1
189 229 1
4060 229 1
1441 229 1
1 229 1
727 229 1
2208 229 1
3258 229 1
116 229 1
0 229 1
48 229 1
461 229 1
1291 229 1
2006 229 1
132 229 1
3594 229 1
624 229 1
408 229 1
2266 229 1
2625 229 1
407 229 1
244 229 1
135 229 1
2200 229 1
1107 229 1
851 229 1
1435 229 1
351 229 1
101 229 1
829 229 1
24 229 1
625 229 1
693 229 1
523 229 1
0 229 1
1747 229 1
1771 229 1
634 229 1
2146 229 1
2255 229 1
1743 229 1
0 229 1
278 229 1
2850 229 1
820 229 1
378 229 1
529 229 1
465 229 1
3092 229 1
1976 229 1
1799 229 1
5 229 1
929 229 1
1192 229 1
3147 229 1
919 229 1
3205 229 1
1682 229 1
2053 229 1
15 229 1
368 229 1
2885 229 1
1502 229 1
4 229 1
609 229 1
1451 229 1
3745 229 1
0 229 1
1120 229 1
48 229 1
3592 229 1
416 229 1
2455 229 1
240 229 1
80 229 1
80 229 1
86 229 1
18 229 1
38 229 1
16 229 1
374 229 1
4173 229 1
141 229 1
3489 229 1
1650 229 1
1707 229 1
1574 229 1
1174 229 1
2721 229 1
1520 229 1
70 229 1
60 229 1
194 229 1
4107 229 1
3420 229 1
1208 229 1
2945 229 1
2568 229 1
81 229 1
2845 229 1
508 229 1
3417 229 1
286 229 1
2047 229 1
3963 229 1
12 229 1
531 229 1
993 229 1
3703 229 1
2594 229 1
440 229 1
417 229 1
36 229 1
643 229 1
1397 229 1
115 229 1
517 229 1
546 229 1
66 229 1
608 229 1
2991 229 1
1070 229 1
5 229 1
41 229 1
492 229 1
52 229 1
1582 229 1
764 229 1
1614 229 1
1034 229 1
2328 229 1
19 229 1
1056 229 1
345 229 1
2821 229 1
3384 229 1
1906 229 1
716 229 1
1069 229 1
588 229 1
18 229 1
4146 229 1
3558 229 1
97 229 1
2420 229 1
283 229 1
2251 229 1
2403 229 1
1003 229 1
4068 229 1
3047 230 1
392 230 1
2883 230 1
3611 230 1
2468 230 1
1581 230 1
21 230 1
24 230 1
319 230 1
517 230 1
1891 230 1
2216 230 1
2480 230 1
3541 230 1
956 230 1
41 230 1
853 230 1
3036 230 1
3649 230 1
2271 230 1
489 230 1
3428 230 1
2 230 1
2381 230 1
628 230 1
397 230 1
506 230 1
1006 230 1
114 230 1
362 230 1
69 230 1
1320 230 1
380 230 1
739 230 1
2879 230 1
229 230 1
2760 230 1
602 230 1
139 230 1
1463 230 1
717 230 1
791 230 1
546 230 1
587 230 1
18 230 1
824 230 1
1207 230 1
546 230 1
4029 230 1
2724 230 1
1143 230 1
0 230 1
1766 230 1
1322 230 1
8 230 1
500 230 1
3 230 1
174 230 1
385 230 1
863 230 1
359 230 1
2646 230 1
560 230 1
1046 230 1
2043 230 1
2553 230 1
2459 230 1
9 230 1
696 230 1
47 230 1
212 230 1
334 230 1
599 230 1
1892 230 1
2104 230 1
1339 230 1
2440 230 1
2773 230 1
2423 230 1
4014 230 1
1450 230 1
163 230 1
3659 230 1
159 230 1
374 230 1
3509 230 1
2838 230 1
413 230 1
64 230 1
2604 230 1
280 230 1
7 230 1
179 230 1
1151 230 1
527 230 1
2533 230 1
3110 230 1
121 230 1
258 230 1
258 230 1
8 230 1
117 230 1
195 230 1
93 230 1
781 230 1
134 230 1
69 230 1
2302 230 1
2131 230 1
67 230 1
1940 230 1
0 230 1
1382 230 1
5 230 1
1933 230 1
85 230 1
3333 230 1
1282 230 1
39 230 1
4007 230 1
0 230 1
0 230 1
2598 230 1
37 230 1
1 230 1
1449 230 1
3020 230 1
2339 230 1
1203 230 1
405 230 1
2724 230 1
2519 230 1
248 230 1
0 230 1
8 230 1
206 230 1
163 230 1
1302 230 1
3316 230 1
1272 230 1
146 230 1
2237 230 1
2036 230 1
1719 230 1
2097 230 1
55 230 1
334 230 1
2005 230 1
850 230 1
636 230 1
4020 230 1
497 230 1
1888 230 1
1449 231 1
949 231 1
1048 231 1
312 231 1
1344 231 1
8 231 1
135 231 1
7 231 1
489 231 1
3771 231 1
0 231 1
1388 231 1
30 231 1
3674 231 1
354 231 1
1688 231 1
1557 231 1
2796 231 1
45 231 1
2233 231 1
114 231 1
431 231 1
1356 231 1
4109 231 1
2555 231 1
1889 231 1
1318 231 1
114 231 1
73 231 1
4022 231 1
4068 231 1
637 231 1
2992 231 1
4 231 1
7 231 1
3703 231 1
502 231 1
1082 231 1
1 231 1
284 231 1
4012 231 1
3234 231 1
2947 231 1
3554 231 1
1344 231 1
2760 231 1
10 231 1
2420 231 1
3130 231 1
281 231 1
3468 231 1
1062 231 1
2443 231 1
1036 231 1
1781 231 1
506 231 1
2536 231 1
3496 231 1
15 231 1
714 231 1
10 231 1
392 231 1
1355 231 1
1729 231 1
3481 231 1
256 231 1
3523 231 1
1694 231 1
2801 231 1
106 231 1
79 231 1
1535 231 1
1479 231 1
23 231 1
340 231 1
2415 231 1
1533 231 1
1118 231 1
243 231 1
1072 231 1
106 231 1
3785 231 1
526 231 1
953 231 1
1064 231 1
341 231 1
1532 231 1
814 231 1
1356 231 1
1194 231 1
508 231 1
199 231 1
662 231 1
58 231 1
2516 231 1
4196 231 1
1786 231 1
3576 231 1
3024 231 1
269 231 1
1828 231 1
2386 231 1
382 231 1
4169 231 1
108 231 1
4024 231 1
3027 231 1
3266 231 1
1131 231 1
3509 231 1
1047 231 1
3354 231 1
1262 231 1
2722 231 1
2795 231 1
2140 231 1
223 231 1
1565 231 1
3764 231 1
845 231 1
2241 231 1
494 231 1
282 231 1
1899 231 1
0 231 1
3173 231 1
3019 231 1
1022 231 1
36 231 1
2394 231 1
1652 231 1
43 231 1
62 231 1
1400 231 1
78 231 1
356 231 1
640 231 1
259 231 1
148 231 1
155 231 1
732 231 1
28 231 1
559 231 1
463 231 1
3847 231 1
2543 231 1
2898 231 1
18 231 1
3993 231 1
119 231 1
562 231 1
10 231 1
0 231 1
400 232 1
2004 232 1
16 232 1
8 232 1
4104 232 1
2990 232 1
944 232 1
2919 232 1
94 232 1
464 232 1
161 232 1
352 232 1
3378 232 1
3730 232 1
1118 232 1
4075 232 1
444 232 1
2146 232 1
39 232 1
3450 232 1
1184 232 1
1800 232 1
274 232 1
409 232 1
886 232 1
1433 232 1
726 232 1
3824 232 1
4042 232 1
96 232 1
971 232 1
1907 232 1
932 232 1
48 232 1
848 232 1
200 232 1
1289 232 1
126 232 1
2198 232 1
3775 232 1
397 232 1
61 232 1
2163 232 1
2570 232 1
3311 232 1
2059 232 1
258 232 1
1733 232 1
3542 232 1
1345 232 1
1672 232 1
39 232 1
2981 232 1
2450 232 1
54 232 1
82 232 1
119 232 1
0 232 1
1913 232 1
964 232 1
182 232 1
1718 232 1
173 232 1
15 232 1
0 232 1
5 232 1
0 232 1
1599 232 1
2439 232 1
2234 232 1
153 232 1
846 232 1
3405 232 1
145 232 1
3796 232 1
170 232 1
1184 232 1
2194 232 1
1659 232 1
2763 232 1
2569 232 1
726 232 1
1434 232 1
957 232 1
159 232 1
670 232 1
1328 232 1
2996 232 1
1238 232 1
1047 232 1
2895 232 1
548 232 1
966 232 1
122 232 1
1473 232 1
1837 232 1
4174 232 1
415 232 1
914 232 1
12 232 1
10 232 1
2450 232 1
2866 232 1
175 232 1
1625 232 1
278 232 1
501 232 1
1288 232 1
2715 232 1
984 232 1
130 232 1
4 232 1
1848 232 1
1 232 1
3434 232 1
2818 232 1
2785 232 1
4152 232 1
22 232 1
1704 232 1
3727 232 1
1658 232 1
178 232 1
2242 232 1
727 232 1
1496 232 1
116 232 1
189 232 1
159 232 1
1631 232 1
93 232 1
4201 232 1
614 232 1
326 232 1
2 232 1
169 232 1
36 232 1
2403 232 1
1765 232 1
54 232 1
46 232 1
2528 232 1
4181 232 1
3556 232 1
236 232 1
2332 232 1
262 232 1
1157 232 1
9 232 1
2057 232 1
2526 232 1
2713 232 1
1054 232 1
120 233 1
289 233 1
2646 233 1
138 233 1
1397 233 1
2681 233 1
961 233 1
2808 233 1
727 233 1
4204 233 1
3007 233 1
1062 233 1
85 233 1
2419 233 1
800 233 1
100 233 1
2928 233 1
2425 233 1
2438 233 1
117 233 1
1929 233 1
2977 233 1
45 233 1
1556 233 1
2817 233 1
1552 233 1
337 233 1
2117 233 1
687 233 1
1378 233 1
11 233 1
1777 233 1
1005 233 1
3026 233 1
0 233 1
1538 233 1
4180 233 1
10 233 1
3730 233 1
2718 233 1
1798 233 1
226 233 1
1456 233 1
246 233 1
23 233 1
40 233 1
3 233 1
1690 233 1
3585 233 1
4125 233 1
673 233 1
686 233 1
25 233 1
443 233 1
1398 233 1
125 233 1
1146 233 1
2942 233 1
1308 233 1
1728 233 1
2 233 1
2443 233 1
306 233 1
699 233 1
3103 233 1
1579 233 1
60 233 1
3933 233 1
41 233 1
1560 233 1
2514 233 1
609 233 1
4012 233 1
121 233 1
3178 233 1
1433 233 1
2634 233 1
509 233 1
64 233 1
2202 233 1
545 233 1
11 233 1
490 233 1
379 233 1
1045 233 1
4170 233 1
619 233 1
1 233 1
198 233 1
42 233 1
1094 233 1
845 233 1
1797 233 1
33 233 1
1715 233 1
2342 233 1
2400 233 1
2740 233 1
3266 233 1
12 233 1
3500 233 1
105 233 1
3113 233 1
977 233 1
17 233 1
3862 233 1
2168 233 1
2336 233 1
2550 233 1
128 233 1
1691 233 1
2681 233 1
1832 233 1
2104 233 1
315 233 1
159 233 1
2118 233 1
1390 233 1
992 233 1
1522 233 1
3624 233 1
2385 233 1
339 233 1
68 233 1
859 233 1
1223 233 1
665 233 1
575 233 1
171 233 1
736 233 1
471 233 1
11 233 1
3329 233 1
2071 233 1
629 233 1
1070 233 1
3283 233 1
240 233 1
230 233 1
309 233 1
3477 233 1
3112 233 1
2748 233 1
1059 233 1
318 233 1
1142 233 1
34 233 1
1302 233 1
97 233 1
173 233 1
3736 233 1
1881 233 1
0 233 1
1108 234 1
255 234 1
0 234 1
1998 234 1
1263 234 1
432 234 1
591 234 1
1002 234 1
145 234 1
10 234 1
284 234 1
1350 234 1
502 234 1
30 234 1
0 234 1
38 234 1
1225 234 1
352 234 1
1374 234 1
1091 234 1
3905 234 1
2801 234 1
261 234 1
3542 234 1
1360 234 1
119 234 1
462 234 1
1404 234 1
1571 234 1
2098 234 1
1174 234 1
1081 234 1
1848 234 1
881 234 1
1180 234 1
3476 234 1
1654 234 1
2190 234 1
126 234 1
73 234 1
596 234 1
3114 234 1
2688 234 1
560 234 1
4145 234 1
2096 234 1
2462 234 1
2575 234 1
1488 234 1
2477 234 1
577 234 1
518 234 1
573 234 1
3393 234 1
990 234 1
917 234 1
39 234 1
2528 234 1
1457 234 1
39 234 1
1118 234 1
3342 234 1
88 234 1
755 234 1
660 234 1
4179 234 1
118 234 1
1820 234 1
859 234 1
2765 234 1
1530 234 1
695 234 1
315 234 1
877 234 1
189 234 1
2295 234 1
3312 234 1
269 234 1
932 234 1
110 234 1
3244 234 1
840 234 1
2745 234 1
1484 234 1
3030 234 1
2369 234 1
1784 234 1
549 234 1
1063 234 1
2492 234 1
885 234 1
50 234 1
713 234 1
3069 234 1
1295 234 1
3505 234 1
949 234 1
2 234 1
25 234 1
838 234 1
1884 234 1
958 234 1
440 234 1
478 234 1
2113 234 1
45 234 1
2590 234 1
5 234 1
436 234 1
14 234 1
1571 234 1
1 234 1
4059 234 1
2985 234 1
2800 234 1
0 234 1
0 234 1
0 234 1
1 234 1
120 234 1
4148 234 1
2256 234 1
3871 234 1
1036 234 1
1246 234 1
2550 234 1
586 234 1
12 234 1
2594 234 1
3821 234 1
394 234 1
1162 234 1
56 234 1
2708 234 1
220 234 1
138 234 1
3594 234 1
40 234 1
1447 234 1
371 234 1
1605 234 1
252 234 1
1993 234 1
531 234 1
3157 234 1
795 234 1
2169 234 1
2560 234 1
79 234 1
3659 234 1
830 234 1
165 234 1
3045 234 1
3321 235 1
41 235 1
8 235 1
1311 235 1
3558 235 1
1091 235 1
2443 235 1
2680 235 1
730 235 1
1351 235 1
731 235 1
3803 235 1
394 235 1
1800 235 1
396 235 1
3846 235 1
11 235 1
5 235 1
820 235 1
4165 235 1
33 235 1
2874 235 1
1327 235 1
675 235 1
3185 235 1
2226 235 1
2351 235 1
112 235 1
1415 235 1
3472 235 1
713 235 1
2078 235 1
74 235 1
4 235 1
3261 235 1
39 235 1
290 235 1
1677 235 1
522 235 1
51 235 1
249 235 1
1821 235 1
3128 235 1
5 235 1
0 235 1
461 235 1
645 235 1
3210 235 1
0 235 1
721 235 1
556 235 1
1483 235 1
619 235 1
1604 235 1
62 235 1
4097 235 1
2141 235 1
2505 235 1
1 235 1
2578 235 1
2043 235 1
681 235 1
1365 235 1
3235 235 1
441 235 1
2441 235 1
337 235 1
1742 235 1
2749 235 1
4092 235 1
164 235 1
4188 235 1
1070 235 1
563 235 1
1695 235 1
867 235 1
1253 235 1
585 235 1
1334 235 1
894 235 1
4163 235 1
0 235 1
3491 235 1
855 235 1
1474 235 1
51 235 1
1237 235 1
1698 235 1
264 235 1
276 235 1
1317 235 1
2945 235 1
92 235 1
705 235 1
1212 235 1
4069 235 1
2143 235 1
2787 235 1
11 235 1
1243 235 1
466 235 1
4170 235 1
736 235 1
110 235 1
3626 235 1
1126 235 1
843 235 1
767 235 1
2495 235 1
2655 235 1
668 235 1
2217 235 1
662 235 1
65 235 1
2768 235 1
614 235 1
174 235 1
155 235 1
1477 235 1
36 235 1
206 235 1
181 235 1
1126 235 1
119 235 1
3415 235 1
743 235 1
673 235 1
1953 235 1
2434 235 1
1075 235 1
2 235 1
1979 235 1
1473 235 1
591 235 1
129 235 1
2829 235 1
4026 235 1
14 235 1
114 235 1
2500 235 1
3890 235 1
4000 235 1
2138 235 1
106 235 1
168 235 1
923 235 1
360 235 1
0 235 1
101 235 1
3467 235 1
3238 235 1
2358 235 1
3223 235 1
40 236 1
148 236 1
2104 236 1
2862 236 1
172 236 1
266 236 1
610 236 1
217 236 1
1615 236 1
2189 236 1
1347 236 1
2086 236 1
771 236 1
1141 236 1
1151 236 1
2308 236 1
1650 236 1
2275 236 1
94 236 1
437 236 1
0 236 1
3367 236 1
1560 236 1
1172 236 1
2182 236 1
1859 236 1
4034 236 1
83 236 1
233 236 1
3846 236 1
2794 236 1
2153 236 1
2917 236 1
168 236 1
2561 236 1
770 236 1
2774 236 1
210 236 1
1598 236 1
720 236 1
3294 236 1
1191 236 1
627 236 1
2525 236 1
21 236 1
1537 236 1
450 236 1
3213 236 1
2139 236 1
3322 236 1
730 236 1
1725 236 1
31 236 1
855 236 1
0 236 1
724 236 1
2737 236 1
791 236 1
1 236 1
39 236 1
512 236 1
497 236 1
1 236 1
542 236 1
2693 236 1
3077 236 1
2870 236 1
28 236 1
570 236 1
1906 236 1
641 236 1
30 236 1
168 236 1
3115 236 1
1833 236 1
2600 236 1
2037 236 1
2616 236 1
246 236 1
4204 236 1
556 236 1
3456 236 1
2028 236 1
1378 236 1
1274 236 1
383 236 1
293 236 1
66 236 1
420 236 1
2777 236 1
265 236 1
2409 236 1
93 236 1
135 236 1
5 236 1
340 236 1
311 236 1
1529 236 1
234 236 1
3117 236 1
3910 236 1
2628 236 1
1590 236 1
686 236 1
0 236 1
3255 236 1
2648 236 1
317 236 1
271 236 1
3115 236 1
564 236 1
1955 236 1
2763 236 1
907 236 1
472 236 1
43 236 1
349 236 1
120 236 1
3861 236 1
348 236 1
1982 236 1
799 236 1
248 236 1
1463 236 1
56 236 1
1 236 1
2622 236 1
499 236 1
3871 236 1
727 236 1
258 236 1
1294 236 1
3423 236 1
3514 236 1
548 236 1
446 236 1
2842 236 1
331 236 1
1885 236 1
3505 236 1
4016 236 1
3750 236 1
354 236 1
302 236 1
225 236 1
259 236 1
52 236 1
488 236 1
1121 236 1
1081 236 1
297 236 1
4059 236 1
9 236 1
0 237 1
128 237 1
2348 237 1
1371 237 1
324 237 1
1256 237 1
432 237 1
3370 237 1
245 237 1
1189 237 1
2295 237 1
2624 237 1
429 237 1
3082 237 1
3975 237 1
2492 237 1
5 237 1
1949 237 1
2963 237 1
2835 237 1
1647 237 1
438 237 1
225 237 1
3438 237 1
1996 237 1
2896 237 1
3356 237 1
1720 237 1
703 237 1
2980 237 1
1944 237 1
117 237 1
366 237 1
1973 237 1
184 237 1
398 237 1
862 237 1
754 237 1
3704 237 1
1985 237 1
538 237 1
1526 237 1
2407 237 1
929 237 1
714 237 1
92 237 1
2676 237 1
2698 237 1
4169 237 1
2404 237 1
1710 237 1
755 237 1
503 237 1
1425 237 1
194 237 1
1 237 1
3163 237 1
814 237 1
2 237 1
2674 237 1
80 237 1
146 237 1
3230 237 1
48 237 1
0 237 1
3 237 1
876 237 1
1809 237 1
1249 237 1
729 237 1
2303 237 1
949 237 1
1085 237 1
556 237 1
15 237 1
3604 237 1
326 237 1
5 237 1
105 237 1
2231 237 1
108 237 1
846 237 1
532 237 1
835 237 1
153 237 1
22 237 1
3931 237 1
358 237 1
4 237 1
20 237 1
66 237 1
420 237 1
3608 237 1
2977 237 1
1427 237 1
90 237 1
536 237 1
265 237 1
106 237 1
1553 237 1
1349 237 1
2279 237 1
3966 237 1
476 237 1
2038 237 1
2706 237 1
3364 237 1
571 237 1
3884 237 1
201 237 1
194 237 1
63 237 1
2927 237 1
6 237 1
4172 237 1
11 237 1
1242 237 1
0 237 1
8 237 1
43 237 1
4017 237 1
1210 237 1
1267 237 1
16 237 1
2908 237 1
3246 237 1
982 237 1
1990 237 1
463 237 1
1259 237 1
4088 237 1
3 237 1
465 237 1
530 237 1
0 237 1
2327 237 1
1850 237 1
2832 237 1
3280 237 1
3342 237 1
3271 237 1
154 237 1
1893 237 1
3816 237 1
726 237 1
1169 237 1
3565 237 1
2826 237 1
3867 237 1
2100 237 1
3560 237 1
3066 237 1
951 237 1
2434 238 1
3544 238 1
1756 238 1
689 238 1
1010 238 1
3024 238 1
473 238 1
494 238 1
642 238 1
2447 238 1
2738 238 1
864 238 1
2149 238 1
2 238 1
2335 238 1
2593 238 1
1623 238 1
6 238 1
2288 238 1
1374 238 1
3773 238 1
2948 238 1
2371 238 1
875 238 1
3874 238 1
3243 238 1
2116 238 1
3868 238 1
1744 238 1
3447 238 1
85 238 1
1079 238 1
483 238 1
3668 238 1
458 238 1
35 238 1
2957 238 1
123 238 1
1329 238 1
2808 238 1
3619 238 1
3658 238 1
519 238 1
1019 238 1
180 238 1
26 238 1
1263 238 1
2390 238 1
200 238 1
1693 238 1
2366 238 1
70 238 1
45 238 1
2959 238 1
10 238 1
398 238 1
1190 238 1
3482 238 1
3678 238 1
16 238 1
977 238 1
83 238 1
1276 238 1
1460 238 1
387 238 1
3452 238 1
866 238 1
2532 238 1
2903 238 1
2602 238 1
111 238 1
2780 238 1
909 238 1
2306 238 1
1758 238 1
410 238 1
140 238 1
715 238 1
2607 238 1
6 238 1
7 238 1
4202 238 1
3690 238 1
698 238 1
808 238 1
1083 238 1
3640 238 1
2274 238 1
3341 238 1
3251 238 1
37 238 1
434 238 1
1748 238 1
130 238 1
450 238 1
3144 238 1
2008 238 1
619 238 1
74 238 1
18 238 1
514 238 1
3477 238 1
94 238 1
2267 238 1
2586 238 1
124 238 1
160 238 1
3483 238 1
101 238 1
2825 238 1
19 238 1
1317 238 1
2881 238 1
616 238 1
3751 238 1
55 238 1
449 238 1
3372 238 1
641 238 1
3218 238 1
2430 238 1
3908 238 1
813 238 1
1669 238 1
2483 238 1
1097 238 1
3718 238 1
245 238 1
1047 238 1
1457 238 1
1921 238 1
1796 238 1
724 238 1
2054 238 1
3457 238 1
317 238 1
164 238 1
2067 238 1
962 238 1
67 238 1
1737 238 1
153 238 1
423 238 1
3131 238 1
3644 238 1
381 238 1
108 238 1
953 238 1
3228 238 1
1573 238 1
1097 238 1
393 238 1
556 238 1
1983 239 1
70 239 1
6 239 1
1336 239 1
2873 239 1
2201 239 1
3557 239 1
886 239 1
1678 239 1
2 239 1
2917 239 1
468 239 1
516 239 1
1180 239 1
1861 239 1
536 239 1
20 239 1
1906 239 1
223 239 1
1563 239 1
491 239 1
2244 239 1
14 239 1
689 239 1
1764 239 1
1026 239 1
23 239 1
163 239 1
3862 239 1
169 239 1
3197 239 1
14 239 1
494 239 1
4181 239 1
18 239 1
2333 239 1
1855 239 1
34 239 1
2985 239 1
4047 239 1
190 239 1
1099 239 1
3360 239 1
1778 239 1
233 239 1
9 239 1
1547 239 1
2907 239 1
3180 239 1
2847 239 1
2373 239 1
14 239 1
192 239 1
9 239 1
747 239 1
452 239 1
29 239 1
159 239 1
2863 239 1
3502 239 1
3 239 1
227 239 1
3181 239 1
405 239 1
413 239 1
3079 239 1
2185 239 1
2390 239 1
393 239 1
194 239 1
52 239 1
1272 239 1
342 239 1
170 239 1
3895 239 1
3426 239 1
2642 239 1
3312 239 1
2644 239 1
2595 239 1
2352 239 1
106 239 1
1573 239 1
786 239 1
0 239 1
277 239 1
3466 239 1
3848 239 1
848 239 1
671 239 1
2102 239 1
372 239 1
10 239 1
46 239 1
2253 239 1
2109 239 1
137 239 1
440 239 1
199 239 1
731 239 1
26 239 1
1081 239 1
2815 239 1
1486 239 1
725 239 1
1874 239 1
541 239 1
673 239 1
3246 239 1
1728 239 1
396 239 1
274 239 1
2809 239 1
2870 239 1
2824 239 1
1 239 1
44 239 1
0 239 1
300 239 1
2156 239 1
3377 239 1
0 239 1
405 239 1
1110 239 1
4208 239 1
1439 239 1
116 239 1
2885 239 1
1160 239 1
74 239 1
291 239 1
3724 239 1
1608 239 1
3430 239 1
149 239 1
1142 239 1
2416 239 1
65 239 1
2530 239 1
2709 239 1
2920 239 1
2670 239 1
1749 239 1
846 239 1
2181 239 1
1479 239 1
788 239 1
1726 239 1
916 239 1
3036 239 1
1079 239 1
16 239 1
4006 239 1
10 240 1
3831 240 1
587 240 1
2611 240 1
2442 240 1
1712 240 1
3704 240 1
3927 240 1
185 240 1
1805 240 1
1135 240 1
3216 240 1
2988 240 1
3834 240 1
1216 240 1
3018 240 1
1127 240 1
762 240 1
0 240 1
4147 240 1
453 240 1
202 240 1
1582 240 1
55 240 1
3810 240 1
1429 240 1
116 240 1
889 240 1
1408 240 1
1950 240 1
3120 240 1
125 240 1
212 240 1
567 240 1
10 240 1
520 240 1
111 240 1
15 240 1
0 240 1
1832 240 1
2066 240 1
3742 240 1
1347 240 1
425 240 1
3573 240 1
2898 240 1
1177 240 1
1696 240 1
1736 240 1
1913 240 1
109 240 1
148 240 1
3 240 1
972 240 1
209 240 1
75 240 1
1435 240 1
2478 240 1
108 240 1
114 240 1
2460 240 1
8 240 1
7 240 1
3307 240 1
1415 240 1
903 240 1
1033 240 1
186 240 1
386 240 1
2574 240 1
1266 240 1
46 240 1
1070 240 1
1890 240 1
211 240 1
921 240 1
579 240 1
303 240 1
143 240 1
247 240 1
3628 240 1
1374 240 1
590 240 1
4112 240 1
2302 240 1
3218 240 1
3783 240 1
2 240 1
1423 240 1
1447 240 1
2847 240 1
3822 240 1
90 240 1
1156 240 1
1390 240 1
4004 240 1
369 240 1
1637 240 1
327 240 1
388 240 1
2405 240 1
349 240 1
863 240 1
231 240 1
1371 240 1
214 240 1
3993 240 1
43 240 1
566 240 1
821 240 1
361 240 1
1590 240 1
2109 240 1
2371 240 1
154 240 1
1253 240 1
3309 240 1
890 240 1
1713 240 1
1856 240 1
401 240 1
2885 240 1
886 240 1
1346 240 1
1251 240 1
781 240 1
2976 240 1
80 240 1
2199 240 1
378 240 1
336 240 1
774 240 1
3638 240 1
100 240 1
515 240 1
2963 240 1
226 240 1
1428 240 1
419 240 1
32 240 1
454 240 1
419 240 1
753 240 1
2170 240 1
2856 240 1
412 240 1
337 240 1
2169 240 1
920 240 1
140 240 1
2418 240 1
0 240 1
1134 240 1
476 241 1
2571 241 1
757 241 1
1086 241 1
2129 241 1
5 241 1
2714 241 1
78 241 1
38 241 1
692 241 1
77 241 1
1527 241 1
430 241 1
20 241 1
1698 241 1
2781 241 1
1560 241 1
311 241 1
4010 241 1
983 241 1
264 241 1
3265 241 1
3740 241 1
247 241 1
1482 241 1
2963 241 1
2763 241 1
1812 241 1
1376 241 1
19 241 1
4144 241 1
1459 241 1
4209 241 1
624 241 1
2347 241 1
1489 241 1
1673 241 1
183 241 1
0 241 1
1989 241 1
1881 241 1
3051 241 1
867 241 1
1374 241 1
1611 241 1
1408 241 1
391 241 1
87 241 1
3417 241 1
13 241 1
11 241 1
3745 241 1
3195 241 1
125 241 1
1219 241 1
39 241 1
469 241 1
635 241 1
946 241 1
2759 241 1
3204 241 1
3450 241 1
1327 241 1
605 241 1
2839 241 1
54 241 1
2336 241 1
3342 241 1
299 241 1
1408 241 1
1739 241 1
569 241 1
64 241 1
2881 241 1
1544 241 1
3468 241 1
2397 241 1
1332 241 1
1646 241 1
3269 241 1
108 241 1
1737 241 1
461 241 1
1143 241 1
1485 241 1
3237 241 1
789 241 1
3593 241 1
878 241 1
355 241 1
414 241 1
2856 241 1
1343 241 1
3174 241 1
2302 241 1
1425 241 1
880 241 1
3517 241 1
2982 241 1
2294 241 1
175 241 1
5 241 1
5 241 1
1191 241 1
2629 241 1
1214 241 1
2926 241 1
1771 241 1
3442 241 1
66 241 1
103 241 1
338 241 1
55 241 1
1383 241 1
374 241 1
3555 241 1
12 241 1
2046 241 1
791 241 1
1662 241 1
1217 241 1
2747 241 1
165 241 1
354 241 1
531 241 1
453 241 1
2190 241 1
506 241 1
3358 241 1
164 241 1
3796 241 1
1758 241 1
858 241 1
3781 241 1
4004 241 1
1407 241 1
3050 241 1
3508 241 1
2752 241 1
119 241 1
1103 241 1
1762 241 1
1725 241 1
2650 241 1
1223 241 1
279 241 1
305 241 1
1996 241 1
1726 241 1
3369 241 1
0 241 1
3568 241 1
635 241 1
1760 242 1
31 242 1
40 242 1
2490 242 1
3608 242 1
3046 242 1
3917 242 1
49 242 1
40 242 1
3809 242 1
40 242 1
2268 242 1
112 242 1
3624 242 1
241 242 1
166 242 1
3203 242 1
1610 242 1
1094 242 1
4096 242 1
734 242 1
501 242 1
1072 242 1
397 242 1
3400 242 1
1837 242 1
78 242 1
2399 242 1
3247 242 1
551 242 1
149 242 1
797 242 1
4209 242 1
1706 242 1
108 242 1
1473 242 1
388 242 1
1748 242 1
12 242 1
420 242 1
3602 242 1
967 242 1
821 242 1
1684 242 1
2057 242 1
343 242 1
331 242 1
3523 242 1
366 242 1
0 242 1
15 242 1
2580 242 1
1390 242 1
134 242 1
2382 242 1
3166 242 1
3227 242 1
1016 242 1
3348 242 1
2 242 1
3162 242 1
746 242 1
129 242 1
163 242 1
1452 242 1
999 242 1
1534 242 1
94 242 1
197 242 1
3285 242 1
3041 242 1
1982 242 1
1637 242 1
3654 242 1
2675 242 1
2897 242 1
3293 242 1
566 242 1
130 242 1
2341 242 1
456 242 1
1259 242 1
1705 242 1
3354 242 1
3899 242 1
2634 242 1
4042 242 1
16 242 1
1044 242 1
5 242 1
3414 242 1
206 242 1
149 242 1
1970 242 1
1797 242 1
1279 242 1
1396 242 1
477 242 1
2694 242 1
2864 242 1
1458 242 1
516 242 1
882 242 1
127 242 1
1056 242 1
1386 242 1
3112 242 1
2239 242 1
1755 242 1
3561 242 1
107 242 1
83 242 1
4000 242 1
2933 242 1
133 242 1
3083 242 1
3368 242 1
21 242 1
2386 242 1
615 242 1
1238 242 1
0 242 1
2215 242 1
1714 242 1
1956 242 1
1011 242 1
2209 242 1
733 242 1
0 242 1
1433 242 1
3 242 1
1300 242 1
1698 242 1
1679 242 1
769 242 1
3056 242 1
161 242 1
2236 242 1
1172 242 1
102 242 1
6 242 1
639 242 1
268 242 1
1 242 1
30 242 1
3 242 1
1896 242 1
203 242 1
2122 242 1
12 242 1
1678 242 1
2401 242 1
480 242 1
3103 243 1
1125 243 1
30 243 1
1856 243 1
3597 243 1
89 243 1
2806 243 1
2819 243 1
1657 243 1
1859 243 1
1382 243 1
637 243 1
1585 243 1
1609 243 1
212 243 1
157 243 1
1834 243 1
277 243 1
1263 243 1
88 243 1
3864 243 1
206 243 1
217 243 1
3906 243 1
622 243 1
2801 243 1
3526 243 1
3515 243 1
1701 243 1
2444 243 1
3045 243 1
38 243 1
1233 243 1
3532 243 1
1216 243 1
3486 243 1
3217 243 1
979 243 1
2805 243 1
1644 243 1
2079 243 1
9 243 1
2412 243 1
742 243 1
155 243 1
192 243 1
3850 243 1
857 243 1
4048 243 1
843 243 1
210 243 1
674 243 1
252 243 1
37 243 1
2203 243 1
1476 243 1
339 243 1
632 243 1
2882 243 1
42 243 1
763 243 1
428 243 1
822 243 1
117 243 1
226 243 1
8 243 1
1615 243 1
1262 243 1
202 243 1
916 243 1
1832 243 1
65 243 1
1207 243 1
133 243 1
197 243 1
5 243 1
2952 243 1
2101 243 1
444 243 1
3267 243 1
1831 243 1
3493 243 1
25 243 1
3681 243 1
1356 243 1
3211 243 1
363 243 1
548 243 1
160 243 1
4188 243 1
2863 243 1
1059 243 1
3867 243 1
1542 243 1
3793 243 1
2652 243 1
1753 243 1
900 243 1
143 243 1
99 243 1
89 243 1
2789 243 1
3583 243 1
3492 243 1
3037 243 1
1503 243 1
2465 243 1
4096 243 1
106 243 1
270 243 1
147 243 1
68 243 1
2840 243 1
449 243 1
553 243 1
1025 243 1
538 243 1
3940 243 1
303 243 1
14 243 1
26 243 1
33 243 1
1390 243 1
2244 243 1
94 243 1
1679 243 1
2753 243 1
60 243 1
4035 243 1
567 243 1
3757 243 1
3838 243 1
4079 243 1
4055 243 1
941 243 1
8 243 1
3466 243 1
5 243 1
3677 243 1
557 243 1
3008 243 1
4021 243 1
1889 243 1
1178 243 1
3125 243 1
0 243 1
1629 243 1
482 243 1
1097 243 1
3165 243 1
978 243 1
1966 243 1
2076 243 1
2601 244 1
2566 244 1
3740 244 1
1802 244 1
3812 244 1
559 244 1
342 244 1
629 244 1
3479 244 1
1332 244 1
3214 244 1
1825 244 1
305 244 1
561 244 1
2086 244 1
715 244 1
562 244 1
1778 244 1
1788 244 1
3224 244 1
296 244 1
3362 244 1
303 244 1
1372 244 1
3480 244 1
87 244 1
32 244 1
2292 244 1
1239 244 1
730 244 1
1 244 1
984 244 1
666 244 1
1223 244 1
2625 244 1
2428 244 1
1935 244 1
1060 244 1
1 244 1
28 244 1
433 244 1
1212 244 1
2140 244 1
2932 244 1
22 244 1
36 244 1
2059 244 1
2974 244 1
39 244 1
3200 244 1
1125 244 1
1097 244 1
35 244 1
2033 244 1
1120 244 1
238 244 1
3063 244 1
1292 244 1
729 244 1
3440 244 1
776 244 1
3611 244 1
900 244 1
192 244 1
519 244 1
50 244 1
581 244 1
168 244 1
3911 244 1
1655 244 1
834 244 1
677 244 1
3744 244 1
139 244 1
1271 244 1
704 244 1
2936 244 1
9 244 1
392 244 1
131 244 1
2393 244 1
7 244 1
1511 244 1
1250 244 1
427 244 1
364 244 1
0 244 1
36 244 1
636 244 1
703 244 1
3969 244 1
2 244 1
1729 244 1
2703 244 1
115 244 1
53 244 1
306 244 1
1974 244 1
29 244 1
107 244 1
4108 244 1
625 244 1
1073 244 1
230 244 1
1271 244 1
1866 244 1
1396 244 1
2676 244 1
2996 244 1
296 244 1
1645 244 1
183 244 1
26 244 1
2014 244 1
2156 244 1
3925 244 1
1688 244 1
593 244 1
2120 244 1
3436 244 1
1450 244 1
2972 244 1
3209 244 1
3980 244 1
739 244 1
530 244 1
623 244 1
900 244 1
3208 244 1
2712 244 1
2654 244 1
228 244 1
173 244 1
1025 244 1
1893 244 1
2 244 1
1250 244 1
1171 244 1
246 244 1
3654 244 1
429 244 1
35 244 1
975 244 1
659 244 1
2412 244 1
347 244 1
2766 244 1
427 244 1
2366 244 1
684 244 1
77 244 1
3401 244 1
1619 244 1
1742 245 1
3913 245 1
1 245 1
3394 245 1
1963 245 1
631 245 1
1099 245 1
208 245 1
734 245 1
1375 245 1
1270 245 1
869 245 1
1870 245 1
0 245 1
0 245 1
3686 245 1
231 245 1
1146 245 1
1184 245 1
1867 245 1
21 245 1
1025 245 1
79 245 1
2541 245 1
304 245 1
860 245 1
873 245 1
2365 245 1
9 245 1
86 245 1
138 245 1
92 245 1
314 245 1
61 245 1
1456 245 1
2612 245 1
2177 245 1
10 245 1
1478 245 1
228 245 1
3436 245 1
48 245 1
456 245 1
2078 245 1
3493 245 1
6 245 1
854 245 1
57 245 1
1178 245 1
230 245 1
1135 245 1
537 245 1
4120 245 1
1495 245 1
147 245 1
733 245 1
1861 245 1
317 245 1
2557 245 1
1445 245 1
2267 245 1
2343 245 1
2652 245 1
384 245 1
2416 245 1
2884 245 1
2469 245 1
3472 245 1
1113 245 1
2831 245 1
4079 245 1
1435 245 1
3613 245 1
10 245 1
3996 245 1
247 245 1
111 245 1
3252 245 1
3984 245 1
2147 245 1
2995 245 1
2220 245 1
1260 245 1
0 245 1
1 245 1
1398 245 1
34 245 1
3586 245 1
1246 245 1
6 245 1
2836 245 1
81 245 1
3198 245 1
1381 245 1
1746 245 1
3236 245 1
817 245 1
578 245 1
2375 245 1
197 245 1
3334 245 1
0 245 1
2379 245 1
367 245 1
1895 245 1
139 245 1
2967 245 1
2617 245 1
3828 245 1
1246 245 1
1345 245 1
3203 245 1
8 245 1
464 245 1
4104 245 1
1525 245 1
130 245 1
79 245 1
1297 245 1
3378 245 1
1871 245 1
2091 245 1
95 245 1
509 245 1
39 245 1
234 245 1
615 245 1
2691 245 1
2062 245 1
1178 245 1
3897 245 1
3748 245 1
559 245 1
2060 245 1
1040 245 1
183 245 1
2190 245 1
402 245 1
2393 245 1
2357 245 1
2555 245 1
2168 245 1
291 245 1
1418 245 1
1008 245 1
944 245 1
1454 245 1
1015 245 1
3413 245 1
413 245 1
3011 245 1
804 245 1
754 245 1
219 246 1
715 246 1
675 246 1
2996 246 1
3493 246 1
2526 246 1
4170 246 1
893 246 1
2110 246 1
1062 246 1
556 246 1
2891 246 1
3189 246 1
2090 246 1
662 246 1
619 246 1
168 246 1
3092 246 1
1089 246 1
3704 246 1
2426 246 1
1412 246 1
524 246 1
951 246 1
113 246 1
115 246 1
638 246 1
151 246 1
3 246 1
242 246 1
520 246 1
2135 246 1
21 246 1
2579 246 1
166 246 1
771 246 1
3804 246 1
558 246 1
2299 246 1
1951 246 1
47 246 1
3406 246 1
2990 246 1
1957 246 1
3030 246 1
860 246 1
697 246 1
1438 246 1
3332 246 1
1190 246 1
426 246 1
2745 246 1
385 246 1
340 246 1
1318 246 1
864 246 1
568 246 1
2998 246 1
37 246 1
3525 246 1
1445 246 1
4133 246 1
968 246 1
1006 246 1
3396 246 1
693 246 1
2118 246 1
1623 246 1
1596 246 1
1099 246 1
647 246 1
1470 246 1
197 246 1
244 246 1
3907 246 1
2167 246 1
2608 246 1
1699 246 1
1081 246 1
54 246 1
928 246 1
3509 246 1
518 246 1
759 246 1
3111 246 1
354 246 1
537 246 1
24 246 1
648 246 1
873 246 1
2755 246 1
733 246 1
2190 246 1
1093 246 1
2132 246 1
260 246 1
1037 246 1
3700 246 1
91 246 1
968 246 1
1165 246 1
3265 246 1
188 246 1
2545 246 1
3433 246 1
1964 246 1
630 246 1
48 246 1
3491 246 1
61 246 1
3082 246 1
2410 246 1
804 246 1
286 246 1
1063 246 1
308 246 1
2650 246 1
1822 246 1
475 246 1
1342 246 1
14 246 1
4 246 1
1480 246 1
420 246 1
3886 246 1
3770 246 1
4110 246 1
8 246 1
3001 246 1
190 246 1
352 246 1
264 246 1
1701 246 1
106 246 1
139 246 1
18 246 1
3434 246 1
64 246 1
1475 246 1
2843 246 1
738 246 1
3315 246 1
134 246 1
3006 246 1
194 246 1
2221 246 1
2783 246 1
2810 246 1
3474 246 1
206 246 1
75 246 1
3575 246 1
941 246 1
1110 247 1
207 247 1
2130 247 1
3784 247 1
79 247 1
190 247 1
3740 247 1
132 247 1
2451 247 1
2488 247 1
61 247 1
3793 247 1
3279 247 1
114 247 1
83 247 1
606 247 1
211 247 1
2684 247 1
1071 247 1
2890 247 1
4163 247 1
1255 247 1
330 247 1
2573 247 1
239 247 1
66 247 1
883 247 1
3007 247 1
670 247 1
2028 247 1
168 247 1
738 247 1
343 247 1
3324 247 1
9 247 1
134 247 1
45 247 1
962 247 1
3924 247 1
731 247 1
12 247 1
2561 247 1
1071 247 1
97 247 1
1707 247 1
1359 247 1
244 247 1
1039 247 1
1226 247 1
77 247 1
13 247 1
1588 247 1
78 247 1
1395 247 1
6 247 1
7 247 1
1500 247 1
172 247 1
33 247 1
4 247 1
3818 247 1
663 247 1
935 247 1
209 247 1
63 247 1
1328 247 1
986 247 1
1069 247 1
31 247 1
130 247 1
4096 247 1
1471 247 1
1699 247 1
399 247 1
1894 247 1
125 247 1
3546 247 1
3312 247 1
2649 247 1
597 247 1
1323 247 1
775 247 1
3920 247 1
481 247 1
1010 247 1
178 247 1
1181 247 1
1893 247 1
365 247 1
46 247 1
2245 247 1
4119 247 1
158 247 1
151 247 1
3677 247 1
56 247 1
3861 247 1
1291 247 1
2751 247 1
41 247 1
1278 247 1
650 247 1
1216 247 1
826 247 1
436 247 1
3863 247 1
2953 247 1
2411 247 1
1958 247 1
254 247 1
3546 247 1
351 247 1
827 247 1
2622 247 1
2318 247 1
3228 247 1
198 247 1
2247 247 1
3077 247 1
4 247 1
260 247 1
1539 247 1
3828 247 1
2226 247 1
295 247 1
110 247 1
3312 247 1
1060 247 1
2511 247 1
1853 247 1
100 247 1
4171 247 1
199 247 1
2 247 1
2120 247 1
18 247 1
2475 247 1
116 247 1
454 247 1
3142 247 1
1 247 1
3776 247 1
367 247 1
34 247 1
377 247 1
1387 247 1
5 247 1
14 247 1
440 247 1
3800 247 1
667 247 1
3154 247 1
1715 247 1
149 248 1
0 248 1
1099 248 1
302 248 1
580 248 1
1523 248 1
33 248 1
125 248 1
1583 248 1
3200 248 1
127 248 1
304 248 1
1659 248 1
2707 248 1
541 248 1
2209 248 1
1110 248 1
320 248 1
3060 248 1
82 248 1
2098 248 1
3087 248 1
1282 248 1
66 248 1
653 248 1
429 248 1
3209 248 1
619 248 1
2977 248 1
2177 248 1
282 248 1
2557 248 1
3874 248 1
526 248 1
3413 248 1
193 248 1
543 248 1
322 248 1
486 248 1
223 248 1
2001 248 1
1911 248 1
1362 248 1
460 248 1
1012 248 1
3373 248 1
3284 248 1
1407 248 1
89 248 1
8 248 1
874 248 1
1175 248 1
2075 248 1
591 248 1
23 248 1
12 248 1
66 248 1
191 248 1
754 248 1
151 248 1
30 248 1
3350 248 1
802 248 1
639 248 1
2157 248 1
2537 248 1
2412 248 1
1428 248 1
664 248 1
37 248 1
2503 248 1
303 248 1
2827 248 1
654 248 1
868 248 1
1860 248 1
365 248 1
310 248 1
1013 248 1
2381 248 1
2756 248 1
1703 248 1
883 248 1
131 248 1
479 248 1
141 248 1
2173 248 1
199 248 1
1218 248 1
2799 248 1
4201 248 1
975 248 1
331 248 1
1757 248 1
1647 248 1
3579 248 1
995 248 1
1204 248 1
3424 248 1
2933 248 1
247 248 1
356 248 1
3211 248 1
0 248 1
2882 248 1
3170 248 1
3100 248 1
2113 248 1
583 248 1
1424 248 1
1495 248 1
3025 248 1
5 248 1
1537 248 1
248 248 1
824 248 1
3 248 1
2374 248 1
1301 248 1
3438 248 1
3988 248 1
427 248 1
55 248 1
3481 248 1
1014 248 1
4144 248 1
1700 248 1
159 248 1
3327 248 1
3355 248 1
2582 248 1
49 248 1
952 248 1
3454 248 1
1865 248 1
444 248 1
2392 248 1
1184 248 1
1005 248 1
15 248 1
31 248 1
4191 248 1
320 248 1
0 248 1
0 248 1
244 248 1
7 248 1
2732 248 1
2749 248 1
171 248 1
2008 248 1
2175 248 1
3092 248 1
362 249 1
2025 249 1
2726 249 1
154 249 1
217 249 1
985 249 1
1236 249 1
630 249 1
2848 249 1
3596 249 1
866 249 1
550 249 1
6 249 1
536 249 1
2510 249 1
0 249 1
210 249 1
8 249 1
3630 249 1
1347 249 1
1105 249 1
3711 249 1
975 249 1
1011 249 1
489 249 1
509 249 1
804 249 1
420 249 1
788 249 1
4136 249 1
2 249 1
1742 249 1
3105 249 1
51 249 1
11 249 1
18 249 1
1247 249 1
2365 249 1
1492 249 1
44 249 1
733 249 1
3041 249 1
3417 249 1
27 249 1
2513 249 1
514 249 1
82 249 1
1970 249 1
789 249 1
81 249 1
1583 249 1
4092 249 1
2867 249 1
3 249 1
29 249 1
688 249 1
289 249 1
3238 249 1
2240 249 1
30 249 1
3509 249 1
700 249 1
610 249 1
371 249 1
2937 249 1
31 249 1
4074 249 1
1687 249 1
157 249 1
149 249 1
1634 249 1
3544 249 1
285 249 1
1010 249 1
2789 249 1
739 249 1
101 249 1
912 249 1
1325 249 1
739 249 1
40 249 1
2659 249 1
3694 249 1
3407 249 1
254 249 1
115 249 1
314 249 1
1610 249 1
2803 249 1
3900 249 1
236 249 1
2483 249 1
719 249 1
1512 249 1
97 249 1
1668 249 1
941 249 1
49 249 1
433 249 1
875 249 1
449 249 1
3249 249 1
0 249 1
2052 249 1
1171 249 1
213 249 1
2538 249 1
139 249 1
56 249 1
3552 249 1
455 249 1
1618 249 1
3214 249 1
2641 249 1
457 249 1
3353 249 1
3526 249 1
3486 249 1
181 249 1
1749 249 1
1381 249 1
3412 249 1
1686 249 1
9 249 1
1376 249 1
3087 249 1
310 249 1
899 249 1
1125 249 1
3062 249 1
1499 249 1
1943 249 1
16 249 1
900 249 1
787 249 1
3956 249 1
4 249 1
284 249 1
64 249 1
2986 249 1
1363 249 1
420 249 1
628 249 1
499 249 1
628 249 1
2045 249 1
52 249 1
3133 249 1
9 249 1
3845 249 1
195 249 1
675 249 1
2900 249 1
504 250 1
1771 250 1
0 250 1
1727 250 1
2358 250 1
143 250 1
2198 250 1
2306 250 1
2112 250 1
188 250 1
1448 250 1
2982 250 1
2697 250 1
1065 250 1
1013 250 1
3931 250 1
392 250 1
2817 250 1
651 250 1
548 250 1
806 250 1
2119 250 1
1212 250 1
3312 250 1
10 250 1
473 250 1
2044 250 1
51 250 1
0 250 1
2244 250 1
2141 250 1
100 250 1
636 250 1
348 250 1
496 250 1
768 250 1
2499 250 1
21 250 1
10 250 1
1848 250 1
1628 250 1
475 250 1
691 250 1
711 250 1
3879 250 1
2781 250 1
2374 250 1
670 250 1
1147 250 1
585 250 1
144 250 1
2225 250 1
6 250 1
1342 250 1
146 250 1
2678 250 1
1535 250 1
991 250 1
1278 250 1
3 250 1
3384 250 1
37 250 1
1423 250 1
458 250 1
486 250 1
3 250 1
0 250 1
282 250 1
2639 250 1
137 250 1
719 250 1
447 250 1
4034 250 1
133 250 1
75 250 1
513 250 1
3327 250 1
39 250 1
901 250 1
3000 250 1
895 250 1
2693 250 1
241 250 1
184 250 1
1591 250 1
2933 250 1
2106 250 1
469 250 1
2071 250 1
3474 250 1
16 250 1
953 250 1
3722 250 1
1411 250 1
2109 250 1
29 250 1
4156 250 1
762 250 1
3 250 1
1200 250 1
1217 250 1
1883 250 1
364 250 1
3732 250 1
2705 250 1
20 250 1
1318 250 1
566 250 1
2702 250 1
647 250 1
1880 250 1
494 250 1
2487 250 1
1628 250 1
2636 250 1
2655 250 1
2633 250 1
567 250 1
3205 250 1
2028 250 1
1364 250 1
2938 250 1
579 250 1
293 250 1
1220 250 1
3366 250 1
498 250 1
1711 250 1
3741 250 1
1278 250 1
1726 250 1
1175 250 1
949 250 1
2426 250 1
489 250 1
940 250 1
2525 250 1
4074 250 1
461 250 1
3858 250 1
1089 250 1
194 250 1
302 250 1
109 250 1
817 250 1
0 250 1
1987 250 1
1637 250 1
132 250 1
617 250 1
133 250 1
2589 250 1
9 250 1
1347 251 1
1662 251 1
2212 251 1
5 251 1
1956 251 1
2735 251 1
1628 251 1
1903 251 1
163 251 1
243 251 1
2803 251 1
1889 251 1
2046 251 1
491 251 1
1303 251 1
1572 251 1
519 251 1
322 251 1
1505 251 1
2070 251 1
797 251 1
498 251 1
145 251 1
2184 251 1
3015 251 1
54 251 1
528 251 1
2802 251 1
3174 251 1
901 251 1
1047 251 1
449 251 1
919 251 1
136 251 1
2677 251 1
8 251 1
1892 251 1
81 251 1
571 251 1
300 251 1
379 251 1
3472 251 1
1425 251 1
1579 251 1
1314 251 1
551 251 1
1900 251 1
1147 251 1
494 251 1
1176 251 1
1078 251 1
147 251 1
3086 251 1
1351 251 1
36 251 1
1 251 1
0 251 1
2083 251 1
2603 251 1
1219 251 1
697 251 1
2842 251 1
285 251 1
208 251 1
1378 251 1
2905 251 1
507 251 1
3095 251 1
439 251 1
2955 251 1
2174 251 1
714 251 1
1026 251 1
1920 251 1
815 251 1
3373 251 1
17 251 1
1888 251 1
427 251 1
158 251 1
2113 251 1
1205 251 1
1350 251 1
361 251 1
720 251 1
3627 251 1
1335 251 1
739 251 1
2725 251 1
2241 251 1
4175 251 1
2836 251 1
1571 251 1
569 251 1
1106 251 1
1 251 1
248 251 1
349 251 1
1902 251 1
2453 251 1
29 251 1
2264 251 1
250 251 1
2264 251 1
506 251 1
2468 251 1
2068 251 1
2 251 1
3992 251 1
3306 251 1
1190 251 1
374 251 1
404 251 1
1987 251 1
1903 251 1
3022 251 1
4186 251 1
4052 251 1
938 251 1
3697 251 1
126 251 1
2 251 1
16 251 1
73 251 1
325 251 1
3748 251 1
2018 251 1
6 251 1
133 251 1
1410 251 1
307 251 1
2690 251 1
977 251 1
468 251 1
328 251 1
498 251 1
199 251 1
50 251 1
751 251 1
216 251 1
324 251 1
730 251 1
691 251 1
975 251 1
241 251 1
2496 251 1
2825 251 1
33 251 1
765 251 1
3549 251 1
64 251 1
2738 251 1
34 251 1
857 252 1
410 252 1
17 252 1
2682 252 1
2262 252 1
3456 252 1
237 252 1
303 252 1
18 252 1
2648 252 1
1091 252 1
82 252 1
146 252 1
1814 252 1
943 252 1
1489 252 1
70 252 1
833 252 1
27 252 1
94 252 1
106 252 1
3969 252 1
288 252 1
59 252 1
1543 252 1
991 252 1
173 252 1
1466 252 1
3404 252 1
21 252 1
149 252 1
1421 252 1
3445 252 1
60 252 1
2967 252 1
194 252 1
1982 252 1
40 252 1
377 252 1
197 252 1
204 252 1
2593 252 1
2958 252 1
651 252 1
715 252 1
645 252 1
2488 252 1
3218 252 1
1223 252 1
1753 252 1
1559 252 1
9 252 1
366 252 1
129 252 1
897 252 1
1460 252 1
165 252 1
3272 252 1
2553 252 1
2293 252 1
1737 252 1
1261 252 1
253 252 1
4054 252 1
2063 252 1
1216 252 1
711 252 1
453 252 1
3713 252 1
888 252 1
2145 252 1
3116 252 1
355 252 1
1330 252 1
1206 252 1
172 252 1
40 252 1
1469 252 1
16 252 1
3907 252 1
1298 252 1
1856 252 1
542 252 1
2772 252 1
841 252 1
2451 252 1
2726 252 1
1744 252 1
1 252 1
2282 252 1
49 252 1
1014 252 1
3613 252 1
3577 252 1
2298 252 1
558 252 1
223 252 1
1684 252 1
3181 252 1
175 252 1
7 252 1
1623 252 1
116 252 1
932 252 1
136 252 1
125 252 1
0 252 1
1326 252 1
259 252 1
4064 252 1
2716 252 1
2005 252 1
25 252 1
2576 252 1
2927 252 1
2147 252 1
951 252 1
469 252 1
3863 252 1
3684 252 1
3 252 1
641 252 1
1968 252 1
1909 252 1
3423 252 1
1871 252 1
1595 252 1
237 252 1
173 252 1
1783 252 1
1688 252 1
1499 252 1
410 252 1
1111 252 1
3856 252 1
4 252 1
1238 252 1
1573 252 1
1470 252 1
937 252 1
2155 252 1
179 252 1
1438 252 1
46 252 1
1942 252 1
1028 252 1
4173 252 1
0 252 1
189 252 1
1176 252 1
1992 252 1
1747 252 1
343 252 1
473 253 1
703 253 1
579 253 1
1083 253 1
56 253 1
2422 253 1
914 253 1
1830 253 1
2770 253 1
8 253 1
474 253 1
2044 253 1
489 253 1
2712 253 1
2466 253 1
635 253 1
2352 253 1
249 253 1
576 253 1
2382 253 1
117 253 1
72 253 1
13 253 1
3467 253 1
1293 253 1
3878 253 1
1702 253 1
4191 253 1
2374 253 1
614 253 1
1097 253 1
589 253 1
3345 253 1
0 253 1
1657 253 1
2374 253 1
197 253 1
3404 253 1
1575 253 1
159 253 1
2045 253 1
0 253 1
483 253 1
548 253 1
248 253 1
5 253 1
644 253 1
288 253 1
568 253 1
809 253 1
1849 253 1
1303 253 1
9 253 1
2308 253 1
1 253 1
2193 253 1
393 253 1
2941 253 1
2475 253 1
1210 253 1
930 253 1
827 253 1
2057 253 1
1615 253 1
4188 253 1
1637 253 1
3724 253 1
4205 253 1
27 253 1
2695 253 1
109 253 1
762 253 1
1271 253 1
1690 253 1
46 253 1
0 253 1
1244 253 1
1752 253 1
388 253 1
1335 253 1
3178 253 1
279 253 1
1066 253 1
33 253 1
201 253 1
1233 253 1
3123 253 1
1365 253 1
47 253 1
1499 253 1
48 253 1
4017 253 1
3131 253 1
1 253 1
91 253 1
1927 253 1
3559 253 1
2949 253 1
216 253 1
717 253 1
2130 253 1
0 253 1
1836 253 1
0 253 1
1834 253 1
919 253 1
2095 253 1
3621 253 1
116 253 1
423 253 1
1874 253 1
1517 253 1
3928 253 1
692 253 1
3908 253 1
3100 253 1
16 253 1
1255 253 1
25 253 1
290 253 1
263 253 1
1121 253 1
1054 253 1
9 253 1
1156 253 1
20 253 1
3153 253 1
387 253 1
0 253 1
307 253 1
4166 253 1
1408 253 1
10 253 1
3620 253 1
4010 253 1
13 253 1
2160 253 1
431 253 1
3664 253 1
984 253 1
2423 253 1
997 253 1
3678 253 1
397 253 1
2445 253 1
1264 253 1
1560 253 1
483 253 1
618 253 1
3421 253 1
3110 253 1
3390 253 1
513 253 1
132 254 1
0 254 1
409 254 1
1178 254 1
24 254 1
1551 254 1
202 254 1
38 254 1
1305 254 1
217 254 1
1729 254 1
1296 254 1
1710 254 1
111 254 1
2685 254 1
1910 254 1
767 254 1
1773 254 1
1084 254 1
2254 254 1
66 254 1
229 254 1
602 254 1
1903 254 1
651 254 1
406 254 1
2154 254 1
146 254 1
0 254 1
1086 254 1
2733 254 1
332 254 1
578 254 1
637 254 1
798 254 1
2756 254 1
181 254 1
815 254 1
632 254 1
2449 254 1
685 254 1
338 254 1
118 254 1
1301 254 1
160 254 1
263 254 1
574 254 1
1309 254 1
916 254 1
1 254 1
2018 254 1
3965 254 1
899 254 1
17 254 1
2593 254 1
54 254 1
238 254 1
1156 254 1
28 254 1
695 254 1
163 254 1
915 254 1
528 254 1
550 254 1
894 254 1
404 254 1
829 254 1
1960 254 1
18 254 1
1334 254 1
1479 254 1
1866 254 1
14 254 1
57 254 1
1158 254 1
34 254 1
125 254 1
654 254 1
1819 254 1
468 254 1
171 254 1
3896 254 1
258 254 1
692 254 1
359 254 1
39 254 1
298 254 1
631 254 1
3198 254 1
343 254 1
3221 254 1
466 254 1
1459 254 1
1177 254 1
148 254 1
1934 254 1
1844 254 1
47 254 1
3701 254 1
416 254 1
2037 254 1
1616 254 1
547 254 1
225 254 1
2 254 1
1 254 1
1487 254 1
1337 254 1
385 254 1
299 254 1
4129 254 1
1911 254 1
3407 254 1
75 254 1
3133 254 1
405 254 1
337 254 1
2881 254 1
4063 254 1
865 254 1
274 254 1
1534 254 1
1336 254 1
321 254 1
2245 254 1
1490 254 1
69 254 1
2075 254 1
0 254 1
312 254 1
163 254 1
227 254 1
2103 254 1
0 254 1
159 254 1
595 254 1
633 254 1
1621 254 1
978 254 1
2601 254 1
73 254 1
22 254 1
2419 254 1
4085 254 1
2710 254 1
1286 254 1
1323 254 1
698 254 1
1983 254 1
546 254 1
3292 254 1
4112 254 1
2225 254 1
1238 255 1
2807 255 1
45 255 1
1891 255 1
351 255 1
4012 255 1
3892 255 1
895 255 1
2916 255 1
2520 255 1
783 255 1
908 255 1
2470 255 1
3316 255 1
2 255 1
1319 255 1
1286 255 1
638 255 1
321 255 1
118 255 1
1413 255 1
622 255 1
2151 255 1
1758 255 1
1336 255 1
2810 255 1
113 255 1
132 255 1
2063 255 1
3147 255 1
2036 255 1
53 255 1
11 255 1
688 255 1
251 255 1
895 255 1
1818 255 1
1354 255 1
880 255 1
36 255 1
34 255 1
822 255 1
646 255 1
3673 255 1
1598 255 1
4146 255 1
956 255 1
3798 255 1
1759 255 1
2939 255 1
2746 255 1
3252 255 1
698 255 1
24 255 1
3792 255 1
1317 255 1
32 255 1
2158 255 1
3805 255 1
2522 255 1
2622 255 1
2852 255 1
2178 255 1
1386 255 1
2288 255 1
1303 255 1
438 255 1
3310 255 1
1726 255 1
123 255 1
1395 255 1
1394 255 1
32 255 1
3966 255 1
3101 255 1
634 255 1
1836 255 1
192 255 1
2064 255 1
495 255 1
3331 255 1
1396 255 1
738 255 1
2859 255 1
366 255 1
3025 255 1
217 255 1
3722 255 1
901 255 1
29 255 1
2326 255 1
148 255 1
2226 255 1
3676 255 1
228 255 1
3003 255 1
83 255 1
3091 255 1
331 255 1
2726 255 1
575 255 1
2603 255 1
208 255 1
75 255 1
2749 255 1
3151 255 1
2638 255 1
604 255 1
299 255 1
29 255 1
2590 255 1
605 255 1
585 255 1
199 255 1
228 255 1
21 255 1
2429 255 1
2 255 1
2432 255 1
80 255 1
337 255 1
27 255 1
2161 255 1
741 255 1
1018 255 1
2588 255 1
1186 255 1
284 255 1
277 255 1
2758 255 1
1231 255 1
0 255 1
1453 255 1
1157 255 1
3307 255 1
14 255 1
299 255 1
3273 255 1
4166 255 1
1 255 1
1172 255 1
86 255 1
2614 255 1
459 255 1
1639 255 1
401 255 1
45 255 1
2943 255 1
1025 255 1
1 255 1
455 255 1
1430 255 1
3862 255 1
855 256 1
727 256 1
684 256 1
757 256 1
3442 256 1
1107 256 1
4179 256 1
964 256 1
215 256 1
3288 256 1
173 256 1
90 256 1
83 256 1
585 256 1
3331 256 1
1125 256 1
583 256 1
2882 256 1
2895 256 1
1528 256 1
827 256 1
998 256 1
1350 256 1
2690 256 1
2444 256 1
290 256 1
1994 256 1
64 256 1
9 256 1
495 256 1
413 256 1
275 256 1
1102 256 1
1746 256 1
1102 256 1
8 256 1
235 256 1
1053 256 1
513 256 1
178 256 1
56 256 1
339 256 1
1250 256 1
3297 256 1
240 256 1
57 256 1
111 256 1
18 256 1
482 256 1
1949 256 1
1118 256 1
97 256 1
298 256 1
3993 256 1
1436 256 1
1069 256 1
447 256 1
1392 256 1
1894 256 1
2223 256 1
10 256 1
138 256 1
1310 256 1
0 256 1
1395 256 1
165 256 1
225 256 1
1000 256 1
18 256 1
3037 256 1
65 256 1
101 256 1
472 256 1
1054 256 1
2234 256 1
1492 256 1
3888 256 1
2110 256 1
1376 256 1
556 256 1
3539 256 1
2687 256 1
1906 256 1
1167 256 1
1240 256 1
1186 256 1
31 256 1
2471 256 1
3140 256 1
3608 256 1
1288 256 1
721 256 1
2905 256 1
986 256 1
127 256 1
2591 256 1
2642 256 1
236 256 1
917 256 1
541 256 1
324 256 1
893 256 1
1668 256 1
2158 256 1
1433 256 1
307 256 1
2006 256 1
3425 256 1
278 256 1
2840 256 1
1235 256 1
172 256 1
34 256 1
790 256 1
82 256 1
2987 256 1
1122 256 1
109 256 1
1856 256 1
2027 256 1
2572 256 1
316 256 1
0 256 1
77 256 1
301 256 1
66 256 1
2867 256 1
742 256 1
203 256 1
1262 256 1
4 256 1
135 256 1
846 256 1
3072 256 1
22 256 1
2271 256 1
3262 256 1
1937 256 1
923 256 1
59 256 1
848 256 1
2557 256 1
2235 256 1
876 256 1
1572 256 1
656 256 1
3711 256 1
160 256 1
390 256 1
179 256 1
2931 256 1
1016 256 1
229 256 1
510 257 1
1478 257 1
1012 257 1
973 257 1
3637 257 1
4126 257 1
159 257 1
46 257 1
2829 257 1
2595 257 1
1721 257 1
2164 257 1
2877 257 1
741 257 1
2596 257 1
3583 257 1
202 257 1
561 257 1
279 257 1
5 257 1
765 257 1
93 257 1
297 257 1
237 257 1
223 257 1
3529 257 1
324 257 1
3468 257 1
4033 257 1
53 257 1
4059 257 1
46 257 1
47 257 1
3993 257 1
0 257 1
765 257 1
402 257 1
397 257 1
3652 257 1
1713 257 1
335 257 1
633 257 1
1547 257 1
1 257 1
3178 257 1
2978 257 1
1417 257 1
121 257 1
472 257 1
1484 257 1
1485 257 1
138 257 1
298 257 1
372 257 1
831 257 1
1223 257 1
1944 257 1
202 257 1
1808 257 1
3436 257 1
3840 257 1
1024 257 1
1743 257 1
3721 257 1
2123 257 1
2159 257 1
923 257 1
469 257 1
2903 257 1
3582 257 1
0 257 1
1276 257 1
1859 257 1
1307 257 1
3043 257 1
2659 257 1
1835 257 1
2591 257 1
1285 257 1
4 257 1
178 257 1
938 257 1
950 257 1
5 257 1
380 257 1
484 257 1
3698 257 1
391 257 1
2541 257 1
28 257 1
193 257 1
74 257 1
7 257 1
2614 257 1
630 257 1
2130 257 1
469 257 1
971 257 1
3239 257 1
653 257 1
1544 257 1
5 257 1
3273 257 1
694 257 1
169 257 1
3602 257 1
0 257 1
868 257 1
167 257 1
1883 257 1
3416 257 1
708 257 1
1177 257 1
102 257 1
1055 257 1
0 257 1
0 257 1
3123 257 1
2747 257 1
196 257 1
2 257 1
753 257 1
4010 257 1
648 257 1
2239 257 1
939 257 1
3506 257 1
820 257 1
8 257 1
198 257 1
2346 257 1
2247 257 1
25 257 1
3534 257 1
3409 257 1
1005 257 1
2162 257 1
2591 257 1
3324 257 1
92 257 1
3071 257 1
188 257 1
1990 257 1
1214 257 1
2096 257 1
2203 257 1
524 257 1
355 257 1
2388 257 1
222 257 1
756 257 1
3219 257 1
11 257 1
1892 258 1
1024 258 1
947 258 1
139 258 1
89 258 1
1469 258 1
293 258 1
3645 258 1
3232 258 1
787 258 1
3200 258 1
3518 258 1
231 258 1
27 258 1
380 258 1
1544 258 1
3286 258 1
34 258 1
2512 258 1
243 258 1
1607 258 1
3022 258 1
873 258 1
1793 258 1
128 258 1
56 258 1
1801 258 1
3501 258 1
226 258 1
2716 258 1
3160 258 1
948 258 1
883 258 1
182 258 1
787 258 1
113 258 1
116 258 1
700 258 1
4095 258 1
971 258 1
120 258 1
203 258 1
3543 258 1
3364 258 1
212 258 1
2344 258 1
3904 258 1
231 258 1
1147 258 1
614 258 1
297 258 1
101 258 1
137 258 1
381 258 1
154 258 1
98 258 1
3781 258 1
1267 258 1
960 258 1
23 258 1
3295 258 1
511 258 1
3370 258 1
172 258 1
130 258 1
200 258 1
1523 258 1
3124 258 1
870 258 1
246 258 1
3472 258 1
179 258 1
4079 258 1
8 258 1
514 258 1
0 258 1
1378 258 1
1156 258 1
20 258 1
1 258 1
1453 258 1
3239 258 1
4045 258 1
14 258 1
3243 258 1
363 258 1
2538 258 1
504 258 1
111 258 1
73 258 1
699 258 1
3859 258 1
13 258 1
421 258 1
1304 258 1
50 258 1
19 258 1
357 258 1
652 258 1
3170 258 1
3634 258 1
216 258 1
1515 258 1
2031 258 1
2293 258 1
920 258 1
729 258 1
97 258 1
2579 258 1
2669 258 1
2996 258 1
201 258 1
492 258 1
2 258 1
1350 258 1
941 258 1
1447 258 1
2161 258 1
168 258 1
71 258 1
85 258 1
621 258 1
1828 258 1
1598 258 1
0 258 1
600 258 1
632 258 1
2755 258 1
668 258 1
3533 258 1
1994 258 1
3356 258 1
33 258 1
158 258 1
2309 258 1
3793 258 1
2024 258 1
2952 258 1
0 258 1
1 258 1
615 258 1
2125 258 1
63 258 1
1462 258 1
2387 258 1
2841 258 1
915 258 1
3442 258 1
279 258 1
2157 258 1
1742 258 1
170 258 1
265 258 1
188 259 1
1054 259 1
3882 259 1
8 259 1
802 259 1
1303 259 1
2518 259 1
436 259 1
159 259 1
2085 259 1
731 259 1
9 259 1
8 259 1
1101 259 1
3780 259 1
3797 259 1
2157 259 1
303 259 1
3193 259 1
3010 259 1
1980 259 1
2060 259 1
1822 259 1
2197 259 1
545 259 1
0 259 1
749 259 1
649 259 1
2096 259 1
3911 259 1
55 259 1
777 259 1
352 259 1
58 259 1
119 259 1
1886 259 1
1763 259 1
1563 259 1
1578 259 1
1804 259 1
3856 259 1
677 259 1
1790 259 1
998 259 1
223 259 1
1300 259 1
2567 259 1
1612 259 1
329 259 1
27 259 1
526 259 1
684 259 1
396 259 1
873 259 1
529 259 1
716 259 1
3979 259 1
1419 259 1
1056 259 1
197 259 1
1105 259 1
162 259 1
978 259 1
3453 259 1
695 259 1
2176 259 1
1070 259 1
965 259 1
892 259 1
179 259 1
12 259 1
365 259 1
2903 259 1
1593 259 1
1849 259 1
163 259 1
2876 259 1
1408 259 1
326 259 1
3663 259 1
557 259 1
1328 259 1
3980 259 1
24 259 1
186 259 1
213 259 1
89 259 1
221 259 1
1257 259 1
2416 259 1
2691 259 1
76 259 1
40 259 1
1163 259 1
2611 259 1
361 259 1
0 259 1
910 259 1
1923 259 1
3150 259 1
5 259 1
1664 259 1
2700 259 1
16 259 1
97 259 1
1353 259 1
3730 259 1
1 259 1
2975 259 1
1590 259 1
2704 259 1
1366 259 1
270 259 1
1283 259 1
1547 259 1
2596 259 1
2812 259 1
1606 259 1
1545 259 1
1684 259 1
3169 259 1
2293 259 1
116 259 1
2624 259 1
3 259 1
308 259 1
3608 259 1
794 259 1
1120 259 1
1709 259 1
2626 259 1
3420 259 1
18 259 1
53 259 1
2851 259 1
3 259 1
368 259 1
2156 259 1
74 259 1
3249 259 1
43 259 1
373 259 1
2924 259 1
3921 259 1
139 259 1
64 259 1
2227 259 1
611 259 1
1474 259 1
1356 259 1
347 259 1
4199 259 1
946 259 1
3063 260 1
2931 260 1
2501 260 1
9 260 1
541 260 1
813 260 1
146 260 1
187 260 1
2227 260 1
1 260 1
2776 260 1
348 260 1
833 260 1
332 260 1
803 260 1
1110 260 1
897 260 1
152 260 1
40 260 1
1785 260 1
43 260 1
2817 260 1
998 260 1
867 260 1
2626 260 1
750 260 1
651 260 1
57 260 1
135 260 1
3389 260 1
175 260 1
342 260 1
3868 260 1
3874 260 1
1989 260 1
600 260 1
1242 260 1
319 260 1
128 260 1
2854 260 1
3328 260 1
196 260 1
1373 260 1
1157 260 1
30 260 1
1205 260 1
3542 260 1
365 260 1
682 260 1
12 260 1
2 260 1
311 260 1
2945 260 1
159 260 1
3745 260 1
2230 260 1
239 260 1
2 260 1
179 260 1
174 260 1
32 260 1
2733 260 1
2144 260 1
207 260 1
3101 260 1
1 260 1
2818 260 1
90 260 1
1432 260 1
3300 260 1
2982 260 1
1 260 1
3162 260 1
911 260 1
3292 260 1
580 260 1
397 260 1
35 260 1
4148 260 1
29 260 1
636 260 1
1167 260 1
2 260 1
133 260 1
1079 260 1
1384 260 1
144 260 1
2232 260 1
6 260 1
301 260 1
2986 260 1
1595 260 1
152 260 1
0 260 1
253 260 1
161 260 1
108 260 1
216 260 1
1484 260 1
1387 260 1
3907 260 1
2341 260 1
373 260 1
5 260 1
1979 260 1
2244 260 1
2515 260 1
146 260 1
1154 260 1
23 260 1
168 260 1
170 260 1
784 260 1
1576 260 1
3466 260 1
3922 260 1
407 260 1
6 260 1
3879 260 1
1711 260 1
3548 260 1
1343 260 1
1989 260 1
1189 260 1
0 260 1
546 260 1
0 260 1
3107 260 1
993 260 1
1125 260 1
85 260 1
2893 260 1
2706 260 1
73 260 1
772 260 1
3343 260 1
2166 260 1
258 260 1
1189 260 1
87 260 1
204 260 1
1372 260 1
295 260 1
14 260 1
419 260 1
36 260 1
1122 260 1
1179 260 1
3067 260 1
1006 260 1
1 260 1
128 260 1
1514 260 1
1224 261 1
2914 261 1
1272 261 1
1628 261 1
15 261 1
3 261 1
726 261 1
1049 261 1
333 261 1
252 261 1
2451 261 1
24 261 1
1171 261 1
77 261 1
734 261 1
2815 261 1
641 261 1
2628 261 1
599 261 1
2008 261 1
2007 261 1
747 261 1
188 261 1
2725 261 1
4063 261 1
108 261 1
4144 261 1
3066 261 1
3609 261 1
1043 261 1
425 261 1
717 261 1
447 261 1
1259 261 1
1763 261 1
3010 261 1
430 261 1
16 261 1
1463 261 1
2214 261 1
218 261 1
2794 261 1
185 261 1
2968 261 1
441 261 1
374 261 1
416 261 1
1842 261 1
1 261 1
2828 261 1
55 261 1
41 261 1
2105 261 1
729 261 1
253 261 1
610 261 1
173 261 1
2969 261 1
9 261 1
1010 261 1
2818 261 1
447 261 1
1501 261 1
1493 261 1
130 261 1
3386 261 1
3234 261 1
7 261 1
157 261 1
663 261 1
2454 261 1
912 261 1
9 261 1
420 261 1
256 261 1
166 261 1
108 261 1
2427 261 1
841 261 1
3739 261 1
145 261 1
271 261 1
14 261 1
593 261 1
1625 261 1
2064 261 1
3874 261 1
2 261 1
653 261 1
3054 261 1
3585 261 1
676 261 1
3254 261 1
260 261 1
3151 261 1
227 261 1
1330 261 1
1015 261 1
172 261 1
20 261 1
4 261 1
266 261 1
98 261 1
549 261 1
446 261 1
1620 261 1
918 261 1
124 261 1
1764 261 1
1758 261 1
138 261 1
1005 261 1
40 261 1
21 261 1
2116 261 1
153 261 1
3069 261 1
2165 261 1
2436 261 1
2350 261 1
869 261 1
7 261 1
1499 261 1
97 261 1
1094 261 1
549 261 1
148 261 1
1279 261 1
2776 261 1
5 261 1
566 261 1
3167 261 1
373 261 1
4 261 1
406 261 1
1087 261 1
1644 261 1
549 261 1
3120 261 1
878 261 1
34 261 1
6 261 1
2972 261 1
875 261 1
1730 261 1
3194 261 1
479 261 1
140 261 1
431 261 1
3481 261 1
1920 261 1
3065 261 1
1818 261 1
90 262 1
3008 262 1
154 262 1
127 262 1
2197 262 1
230 262 1
874 262 1
1612 262 1
3234 262 1
788 262 1
18 262 1
2112 262 1
476 262 1
1 262 1
136 262 1
3893 262 1
338 262 1
2877 262 1
3454 262 1
2580 262 1
1537 262 1
15 262 1
3919 262 1
1136 262 1
2143 262 1
3863 262 1
199 262 1
168 262 1
1566 262 1
840 262 1
485 262 1
696 262 1
0 262 1
370 262 1
543 262 1
329 262 1
1049 262 1
72 262 1
974 262 1
3964 262 1
1978 262 1
3148 262 1
817 262 1
252 262 1
1609 262 1
3 262 1
794 262 1
30 262 1
3326 262 1
3244 262 1
961 262 1
303 262 1
225 262 1
280 262 1
4110 262 1
813 262 1
384 262 1
2 262 1
1464 262 1
3092 262 1
2560 262 1
2095 262 1
3667 262 1
2331 262 1
2278 262 1
674 262 1
3533 262 1
3436 262 1
1966 262 1
84 262 1
1832 262 1
3831 262 1
14 262 1
273 262 1
461 262 1
456 262 1
574 262 1
3451 262 1
8 262 1
59 262 1
128 262 1
1861 262 1
372 262 1
30 262 1
3826 262 1
0 262 1
18 262 1
368 262 1
2959 262 1
952 262 1
3278 262 1
20 262 1
1297 262 1
143 262 1
299 262 1
2391 262 1
3207 262 1
215 262 1
2298 262 1
349 262 1
83 262 1
4012 262 1
294 262 1
646 262 1
1559 262 1
1237 262 1
1563 262 1
145 262 1
669 262 1
19 262 1
2855 262 1
2998 262 1
736 262 1
283 262 1
254 262 1
2736 262 1
3452 262 1
2468 262 1
835 262 1
11 262 1
615 262 1
36 262 1
1380 262 1
242 262 1
1277 262 1
84 262 1
3968 262 1
1351 262 1
633 262 1
262 262 1
850 262 1
3126 262 1
486 262 1
4067 262 1
1701 262 1
3854 262 1
1400 262 1
261 262 1
2776 262 1
145 262 1
929 262 1
56 262 1
1424 262 1
1636 262 1
15 262 1
701 262 1
390 262 1
27 262 1
42 262 1
228 262 1
966 262 1
3226 262 1
476 262 1
3228 263 1
0 263 1
3816 263 1
829 263 1
1064 263 1
2515 263 1
1844 263 1
2920 263 1
1596 263 1
2895 263 1
2961 263 1
42 263 1
909 263 1
1703 263 1
340 263 1
3845 263 1
199 263 1
940 263 1
931 263 1
2 263 1
629 263 1
2623 263 1
307 263 1
2589 263 1
234 263 1
55 263 1
901 263 1
1014 263 1
759 263 1
3543 263 1
363 263 1
383 263 1
4036 263 1
185 263 1
30 263 1
50 263 1
1810 263 1
249 263 1
770 263 1
3291 263 1
1624 263 1
1839 263 1
580 263 1
357 263 1
2263 263 1
1648 263 1
1633 263 1
932 263 1
2466 263 1
681 263 1
1654 263 1
253 263 1
1362 263 1
446 263 1
1664 263 1
800 263 1
3460 263 1
2696 263 1
37 263 1
758 263 1
4013 263 1
1073 263 1
1724 263 1
324 263 1
813 263 1
127 263 1
828 263 1
1245 263 1
2419 263 1
1187 263 1
1019 263 1
2299 263 1
905 263 1
0 263 1
3880 263 1
3961 263 1
621 263 1
806 263 1
3830 263 1
225 263 1
267 263 1
151 263 1
2767 263 1
1 263 1
468 263 1
26 263 1
1239 263 1
501 263 1
361 263 1
532 263 1
3206 263 1
2895 263 1
2423 263 1
2703 263 1
1345 263 1
607 263 1
894 263 1
1360 263 1
1458 263 1
3811 263 1
900 263 1
3663 263 1
1124 263 1
1850 263 1
3929 263 1
93 263 1
1251 263 1
1244 263 1
2052 263 1
23 263 1
140 263 1
76 263 1
1059 263 1
3290 263 1
3746 263 1
2382 263 1
1934 263 1
32 263 1
28 263 1
112 263 1
297 263 1
805 263 1
5 263 1
1618 263 1
1607 263 1
1000 263 1
430 263 1
3633 263 1
835 263 1
385 263 1
1985 263 1
3512 263 1
2439 263 1
1374 263 1
156 263 1
169 263 1
248 263 1
652 263 1
323 263 1
24 263 1
2743 263 1
1273 263 1
1987 263 1
2285 263 1
562 263 1
2932 263 1
2395 263 1
3566 263 1
3001 263 1
1021 263 1
8 263 1
1568 263 1
545 263 1
2455 264 1
3001 264 1
3920 264 1
975 264 1
607 264 1
386 264 1
341 264 1
3553 264 1
3191 264 1
119 264 1
1279 264 1
1239 264 1
812 264 1
4158 264 1
1118 264 1
97 264 1
3354 264 1
1741 264 1
484 264 1
748 264 1
4185 264 1
1453 264 1
280 264 1
103 264 1
280 264 1
1707 264 1
3567 264 1
554 264 1
1901 264 1
1183 264 1
202 264 1
3 264 1
2335 264 1
288 264 1
1860 264 1
1184 264 1
869 264 1
176 264 1
3587 264 1
2364 264 1
2326 264 1
153 264 1
2332 264 1
21 264 1
4192 264 1
907 264 1
760 264 1
254 264 1
2201 264 1
39 264 1
2635 264 1
81 264 1
736 264 1
163 264 1
1 264 1
10 264 1
1728 264 1
1 264 1
137 264 1
108 264 1
3619 264 1
870 264 1
128 264 1
97 264 1
1375 264 1
143 264 1
764 264 1
1612 264 1
1208 264 1
1294 264 1
2660 264 1
135 264 1
1239 264 1
1608 264 1
3063 264 1
2523 264 1
0 264 1
120 264 1
3918 264 1
1474 264 1
3648 264 1
253 264 1
2239 264 1
156 264 1
369 264 1
3766 264 1
1094 264 1
1004 264 1
1890 264 1
2471 264 1
1020 264 1
3132 264 1
578 264 1
3 264 1
24 264 1
42 264 1
472 264 1
2593 264 1
1006 264 1
1050 264 1
4128 264 1
1696 264 1
62 264 1
3585 264 1
334 264 1
41 264 1
1122 264 1
134 264 1
1187 264 1
7 264 1
10 264 1
1457 264 1
2795 264 1
1009 264 1
710 264 1
321 264 1
10 264 1
2083 264 1
1730 264 1
3611 264 1
2257 264 1
125 264 1
3518 264 1
1289 264 1
3104 264 1
856 264 1
952 264 1
1672 264 1
356 264 1
869 264 1
5 264 1
3262 264 1
559 264 1
1188 264 1
2712 264 1
1063 264 1
0 264 1
2572 264 1
137 264 1
3387 264 1
3459 264 1
463 264 1
2184 264 1
2373 264 1
94 264 1
718 264 1
114 264 1
89 264 1
2724 264 1
51 264 1
1478 264 1
3844 264 1
117 264 1
674 265 1
4201 265 1
3587 265 1
3104 265 1
1739 265 1
767 265 1
169 265 1
1061 265 1
468 265 1
2581 265 1
21 265 1
2701 265 1
2882 265 1
1531 265 1
1382 265 1
2537 265 1
1218 265 1
1784 265 1
2474 265 1
4087 265 1
2848 265 1
3783 265 1
448 265 1
4041 265 1
438 265 1
1266 265 1
3268 265 1
168 265 1
1273 265 1
1715 265 1
3382 265 1
483 265 1
503 265 1
2622 265 1
924 265 1
909 265 1
2723 265 1
574 265 1
250 265 1
169 265 1
1005 265 1
618 265 1
91 265 1
2655 265 1
2990 265 1
3660 265 1
2426 265 1
959 265 1
1496 265 1
59 265 1
3225 265 1
1785 265 1
2958 265 1
2977 265 1
2421 265 1
3505 265 1
3971 265 1
399 265 1
731 265 1
397 265 1
5 265 1
715 265 1
3199 265 1
1001 265 1
125 265 1
745 265 1
493 265 1
24 265 1
361 265 1
3203 265 1
86 265 1
1052 265 1
3033 265 1
99 265 1
2133 265 1
3991 265 1
1346 265 1
967 265 1
804 265 1
1067 265 1
706 265 1
913 265 1
2089 265 1
73 265 1
1076 265 1
1843 265 1
3618 265 1
3595 265 1
3624 265 1
257 265 1
1543 265 1
2934 265 1
2504 265 1
166 265 1
1504 265 1
95 265 1
4076 265 1
1223 265 1
0 265 1
30 265 1
662 265 1
2058 265 1
140 265 1
2174 265 1
555 265 1
381 265 1
623 265 1
1331 265 1
1411 265 1
17 265 1
2684 265 1
748 265 1
265 265 1
35 265 1
3329 265 1
3509 265 1
2658 265 1
309 265 1
1866 265 1
0 265 1
170 265 1
1404 265 1
9 265 1
2639 265 1
117 265 1
388 265 1
1119 265 1
34 265 1
104 265 1
4123 265 1
3901 265 1
1931 265 1
2091 265 1
333 265 1
101 265 1
2208 265 1
211 265 1
2594 265 1
1342 265 1
763 265 1
139 265 1
2600 265 1
507 265 1
14 265 1
1228 265 1
634 265 1
2055 265 1
193 265 1
1673 265 1
2085 265 1
1360 265 1
1546 265 1
3371 265 1
1019 266 1
0 266 1
6 266 1
490 266 1
4172 266 1
575 266 1
3228 266 1
441 266 1
3127 266 1
4064 266 1
68 266 1
1165 266 1
385 266 1
2138 266 1
2717 266 1
607 266 1
599 266 1
862 266 1
1115 266 1
417 266 1
1288 266 1
152 266 1
2291 266 1
2141 266 1
1746 266 1
16 266 1
1362 266 1
414 266 1
3941 266 1
4131 266 1
1491 266 1
287 266 1
1701 266 1
1774 266 1
1135 266 1
744 266 1
4022 266 1
3863 266 1
1617 266 1
437 266 1
181 266 1
2003 266 1
457 266 1
3357 266 1
3974 266 1
1843 266 1
2432 266 1
890 266 1
24 266 1
21 266 1
2235 266 1
2632 266 1
3579 266 1
3246 266 1
378 266 1
251 266 1
130 266 1
107 266 1
3383 266 1
19 266 1
2120 266 1
3916 266 1
1323 266 1
2545 266 1
158 266 1
2121 266 1
726 266 1
1556 266 1
1116 266 1
4178 266 1
661 266 1
1542 266 1
83 266 1
608 266 1
264 266 1
334 266 1
2737 266 1
2295 266 1
85 266 1
16 266 1
1931 266 1
1668 266 1
2358 266 1
1251 266 1
1679 266 1
1018 266 1
3607 266 1
930 266 1
23 266 1
349 266 1
1725 266 1
695 266 1
1133 266 1
176 266 1
3769 266 1
690 266 1
6 266 1
278 266 1
2032 266 1
89 266 1
382 266 1
34 266 1
14 266 1
2 266 1
148 266 1
2198 266 1
1861 266 1
2794 266 1
2208 266 1
723 266 1
2822 266 1
167 266 1
1856 266 1
3152 266 1
202 266 1
2121 266 1
3374 266 1
812 266 1
234 266 1
46 266 1
3593 266 1
2851 266 1
98 266 1
283 266 1
862 266 1
422 266 1
2469 266 1
9 266 1
347 266 1
74 266 1
1133 266 1
385 266 1
853 266 1
1 266 1
3279 266 1
2120 266 1
84 266 1
1898 266 1
171 266 1
9 266 1
1527 266 1
338 266 1
3593 266 1
356 266 1
2868 266 1
1956 266 1
133 266 1
1344 266 1
3231 266 1
4155 266 1
2520 266 1
228 266 1
620 266 1
1 267 1
16 267 1
3340 267 1
2063 267 1
3062 267 1
205 267 1
244 267 1
1 267 1
2855 267 1
754 267 1
72 267 1
2070 267 1
623 267 1
365 267 1
2806 267 1
4015 267 1
825 267 1
3660 267 1
3685 267 1
2621 267 1
2647 267 1
2689 267 1
2315 267 1
416 267 1
4046 267 1
2066 267 1
1965 267 1
980 267 1
3849 267 1
2068 267 1
575 267 1
1198 267 1
921 267 1
3233 267 1
835 267 1
47 267 1
1477 267 1
194 267 1
825 267 1
700 267 1
3961 267 1
2646 267 1
306 267 1
1396 267 1
1074 267 1
782 267 1
958 267 1
2525 267 1
748 267 1
133 267 1
1136 267 1
1474 267 1
549 267 1
1522 267 1
3469 267 1
2018 267 1
1620 267 1
1605 267 1
2464 267 1
23 267 1
825 267 1
113 267 1
231 267 1
490 267 1
636 267 1
3726 267 1
56 267 1
3691 267 1
432 267 1
2457 267 1
222 267 1
3859 267 1
3049 267 1
1 267 1
4069 267 1
1364 267 1
26 267 1
3472 267 1
2319 267 1
1 267 1
497 267 1
2714 267 1
576 267 1
66 267 1
1984 267 1
1312 267 1
101 267 1
3843 267 1
546 267 1
1693 267 1
170 267 1
2761 267 1
1740 267 1
1092 267 1
1816 267 1
1147 267 1
2918 267 1
2971 267 1
1371 267 1
2019 267 1
500 267 1
377 267 1
2888 267 1
1355 267 1
2157 267 1
2703 267 1
539 267 1
54 267 1
3744 267 1
3143 267 1
329 267 1
257 267 1
2587 267 1
53 267 1
2965 267 1
1203 267 1
2500 267 1
2581 267 1
49 267 1
776 267 1
3351 267 1
137 267 1
0 267 1
2125 267 1
751 267 1
223 267 1
688 267 1
3912 267 1
1379 267 1
2744 267 1
2674 267 1
1280 267 1
2 267 1
2234 267 1
3498 267 1
2517 267 1
952 267 1
719 267 1
244 267 1
128 267 1
4056 267 1
1136 267 1
613 267 1
2737 267 1
1320 267 1
773 267 1
3490 267 1
201 267 1
0 267 1
2903 267 1
672 267 1
2524 267 1
1135 267 1
3016 268 1
47 268 1
734 268 1
183 268 1
786 268 1
418 268 1
1510 268 1
2743 268 1
2247 268 1
2343 268 1
462 268 1
4060 268 1
29 268 1
2534 268 1
2750 268 1
2348 268 1
565 268 1
3570 268 1
667 268 1
275 268 1
3212 268 1
223 268 1
1493 268 1
1025 268 1
138 268 1
2214 268 1
497 268 1
2073 268 1
410 268 1
50 268 1
585 268 1
1658 268 1
36 268 1
2098 268 1
1498 268 1
3443 268 1
1435 268 1
1746 268 1
1429 268 1
4180 268 1
760 268 1
3426 268 1
222 268 1
2130 268 1
1454 268 1
3516 268 1
739 268 1
1866 268 1
12 268 1
1366 268 1
286 268 1
44 268 1
398 268 1
3381 268 1
1766 268 1
956 268 1
1914 268 1
24 268 1
2427 268 1
2730 268 1
1045 268 1
336 268 1
357 268 1
735 268 1
99 268 1
500 268 1
2883 268 1
467 268 1
1731 268 1
1959 268 1
1140 268 1
5 268 1
1143 268 1
3246 268 1
116 268 1
2269 268 1
716 268 1
1228 268 1
4171 268 1
2341 268 1
3596 268 1
1002 268 1
843 268 1
748 268 1
1641 268 1
80 268 1
1127 268 1
651 268 1
3803 268 1
1734 268 1
1885 268 1
3823 268 1
4081 268 1
596 268 1
2908 268 1
218 268 1
757 268 1
1034 268 1
3734 268 1
121 268 1
18 268 1
1937 268 1
2666 268 1
2164 268 1
2781 268 1
659 268 1
2265 268 1
266 268 1
2136 268 1
1850 268 1
4034 268 1
6 268 1
569 268 1
1487 268 1
463 268 1
3203 268 1
603 268 1
4 268 1
2044 268 1
2644 268 1
678 268 1
3017 268 1
1094 268 1
1666 268 1
3056 268 1
1560 268 1
2558 268 1
3089 268 1
2149 268 1
1 268 1
3737 268 1
219 268 1
1332 268 1
856 268 1
1903 268 1
133 268 1
58 268 1
1961 268 1
727 268 1
1857 268 1
4135 268 1
5 268 1
780 268 1
913 268 1
1369 268 1
1439 268 1
699 268 1
594 268 1
233 268 1
4010 268 1
1653 268 1
1597 268 1
3652 268 1
2776 269 1
1195 269 1
0 269 1
396 269 1
1989 269 1
549 269 1
3134 269 1
257 269 1
16 269 1
0 269 1
69 269 1
1716 269 1
582 269 1
2922 269 1
2 269 1
2095 269 1
168 269 1
1076 269 1
1327 269 1
56 269 1
280 269 1
250 269 1
1906 269 1
2665 269 1
40 269 1
2041 269 1
1870 269 1
105 269 1
349 269 1
650 269 1
213 269 1
1734 269 1
705 269 1
677 269 1
2386 269 1
1470 269 1
71 269 1
931 269 1
2731 269 1
1081 269 1
534 269 1
4031 269 1
594 269 1
1004 269 1
587 269 1
4139 269 1
378 269 1
3896 269 1
2131 269 1
2707 269 1
2678 269 1
3428 269 1
2347 269 1
3008 269 1
1551 269 1
552 269 1
1635 269 1
1858 269 1
1631 269 1
17 269 1
1186 269 1
2126 269 1
181 269 1
1 269 1
838 269 1
24 269 1
12 269 1
2989 269 1
423 269 1
3388 269 1
431 269 1
0 269 1
18 269 1
3630 269 1
302 269 1
554 269 1
910 269 1
1485 269 1
3330 269 1
2558 269 1
608 269 1
3163 269 1
790 269 1
159 269 1
3050 269 1
120 269 1
3786 269 1
92 269 1
4041 269 1
1085 269 1
337 269 1
3121 269 1
89 269 1
155 269 1
1057 269 1
1038 269 1
1900 269 1
975 269 1
2303 269 1
443 269 1
1 269 1
244 269 1
10 269 1
3709 269 1
1691 269 1
868 269 1
2 269 1
1193 269 1
8 269 1
1209 269 1
1385 269 1
1953 269 1
432 269 1
1964 269 1
1 269 1
3366 269 1
2576 269 1
1133 269 1
2496 269 1
58 269 1
3756 269 1
16 269 1
2001 269 1
87 269 1
1161 269 1
841 269 1
2931 269 1
980 269 1
4000 269 1
12 269 1
602 269 1
1255 269 1
1782 269 1
1874 269 1
26 269 1
666 269 1
0 269 1
932 269 1
1545 269 1
613 269 1
2727 269 1
1145 269 1
1726 269 1
2909 269 1
1884 269 1
122 269 1
3124 269 1
4053 269 1
541 269 1
355 269 1
474 269 1
1237 269 1
355 269 1
2168 270 1
3229 270 1
207 270 1
2152 270 1
126 270 1
3309 270 1
1784 270 1
1272 270 1
3894 270 1
1686 270 1
1064 270 1
10 270 1
2461 270 1
1286 270 1
3391 270 1
105 270 1
832 270 1
2895 270 1
2027 270 1
2535 270 1
578 270 1
441 270 1
40 270 1
3560 270 1
1566 270 1
632 270 1
2924 270 1
3206 270 1
1297 270 1
508 270 1
2588 270 1
1176 270 1
554 270 1
619 270 1
3995 270 1
1318 270 1
2785 270 1
2774 270 1
1229 270 1
1733 270 1
3363 270 1
4142 270 1
627 270 1
73 270 1
4004 270 1
129 270 1
2691 270 1
755 270 1
375 270 1
112 270 1
140 270 1
0 270 1
349 270 1
462 270 1
146 270 1
878 270 1
902 270 1
1831 270 1
1336 270 1
369 270 1
3482 270 1
995 270 1
1544 270 1
233 270 1
3465 270 1
1464 270 1
25 270 1
2246 270 1
601 270 1
1228 270 1
3082 270 1
152 270 1
805 270 1
1965 270 1
1804 270 1
2148 270 1
2757 270 1
674 270 1
61 270 1
625 270 1
4166 270 1
57 270 1
312 270 1
1861 270 1
762 270 1
88 270 1
14 270 1
5 270 1
1170 270 1
1733 270 1
3100 270 1
4008 270 1
92 270 1
2730 270 1
9 270 1
3095 270 1
1114 270 1
2142 270 1
661 270 1
4026 270 1
203 270 1
689 270 1
100 270 1
2718 270 1
215 270 1
526 270 1
257 270 1
1330 270 1
142 270 1
3769 270 1
3530 270 1
2914 270 1
2558 270 1
1209 270 1
1478 270 1
1190 270 1
2926 270 1
409 270 1
2084 270 1
1072 270 1
2421 270 1
3471 270 1
1231 270 1
1374 270 1
1 270 1
1546 270 1
576 270 1
2698 270 1
4102 270 1
136 270 1
2674 270 1
65 270 1
114 270 1
726 270 1
41 270 1
885 270 1
13 270 1
3629 270 1
224 270 1
3644 270 1
2729 270 1
370 270 1
3276 270 1
3138 270 1
763 270 1
72 270 1
3137 270 1
622 270 1
0 270 1
9 270 1
346 270 1
876 270 1
1168 270 1
3778 271 1
288 271 1
12 271 1
105 271 1
73 271 1
1536 271 1
826 271 1
330 271 1
150 271 1
1155 271 1
719 271 1
3640 271 1
2295 271 1
384 271 1
19 271 1
504 271 1
3639 271 1
169 271 1
405 271 1
1605 271 1
530 271 1
3300 271 1
381 271 1
2473 271 1
3950 271 1
1829 271 1
4016 271 1
77 271 1
204 271 1
347 271 1
184 271 1
1668 271 1
3587 271 1
435 271 1
673 271 1
932 271 1
242 271 1
206 271 1
94 271 1
200 271 1
9 271 1
2450 271 1
2193 271 1
181 271 1
955 271 1
29 271 1
62 271 1
1273 271 1
27 271 1
922 271 1
537 271 1
3019 271 1
1555 271 1
3607 271 1
12 271 1
3979 271 1
45 271 1
2541 271 1
54 271 1
2703 271 1
2445 271 1
1526 271 1
2695 271 1
248 271 1
2434 271 1
3756 271 1
274 271 1
3 271 1
1566 271 1
2521 271 1
200 271 1
1051 271 1
3578 271 1
1250 271 1
1125 271 1
702 271 1
1926 271 1
528 271 1
3441 271 1
584 271 1
710 271 1
236 271 1
8 271 1
1364 271 1
3111 271 1
253 271 1
3610 271 1
498 271 1
748 271 1
829 271 1
236 271 1
86 271 1
3219 271 1
2317 271 1
3114 271 1
455 271 1
305 271 1
247 271 1
356 271 1
3 271 1
1339 271 1
0 271 1
1287 271 1
2142 271 1
244 271 1
3178 271 1
92 271 1
2820 271 1
99 271 1
4181 271 1
1571 271 1
316 271 1
435 271 1
0 271 1
3747 271 1
2014 271 1
3491 271 1
937 271 1
1558 271 1
3417 271 1
2491 271 1
2570 271 1
123 271 1
109 271 1
117 271 1
873 271 1
3944 271 1
105 271 1
2044 271 1
1486 271 1
2153 271 1
2397 271 1
526 271 1
4025 271 1
1414 271 1
5 271 1
124 271 1
21 271 1
1811 271 1
3768 271 1
247 271 1
846 271 1
328 271 1
2080 271 1
1438 271 1
1612 271 1
3156 271 1
207 271 1
3840 271 1
816 271 1
4103 271 1
1686 271 1
47 271 1
1271 272 1
2582 272 1
181 272 1
54 272 1
4046 272 1
633 272 1
108 272 1
1348 272 1
385 272 1
2932 272 1
3273 272 1
302 272 1
1639 272 1
3643 272 1
3748 272 1
926 272 1
2972 272 1
166 272 1
2361 272 1
346 272 1
7 272 1
814 272 1
2002 272 1
234 272 1
2345 272 1
10 272 1
468 272 1
278 272 1
1668 272 1
121 272 1
3363 272 1
266 272 1
2617 272 1
154 272 1
3088 272 1
1494 272 1
2659 272 1
119 272 1
1596 272 1
2170 272 1
2542 272 1
273 272 1
3273 272 1
3788 272 1
613 272 1
3255 272 1
2151 272 1
104 272 1
3993 272 1
2526 272 1
943 272 1
2403 272 1
2280 272 1
2455 272 1
2453 272 1
440 272 1
425 272 1
2534 272 1
40 272 1
192 272 1
1896 272 1
1588 272 1
3900 272 1
2028 272 1
1592 272 1
888 272 1
6 272 1
49 272 1
450 272 1
2650 272 1
224 272 1
1454 272 1
249 272 1
291 272 1
0 272 1
958 272 1
1303 272 1
638 272 1
371 272 1
301 272 1
386 272 1
2084 272 1
690 272 1
935 272 1
1182 272 1
349 272 1
374 272 1
519 272 1
273 272 1
2942 272 1
300 272 1
974 272 1
1489 272 1
91 272 1
1454 272 1
2742 272 1
966 272 1
208 272 1
2841 272 1
3535 272 1
3 272 1
680 272 1
1646 272 1
501 272 1
1558 272 1
3797 272 1
1989 272 1
514 272 1
3499 272 1
0 272 1
149 272 1
3391 272 1
2095 272 1
2158 272 1
0 272 1
16 272 1
3461 272 1
2 272 1
750 272 1
1941 272 1
1839 272 1
3340 272 1
914 272 1
146 272 1
456 272 1
1997 272 1
1436 272 1
3834 272 1
3 272 1
2476 272 1
138 272 1
2619 272 1
2375 272 1
3748 272 1
549 272 1
479 272 1
626 272 1
1820 272 1
2792 272 1
50 272 1
2658 272 1
132 272 1
3384 272 1
439 272 1
58 272 1
77 272 1
16 272 1
575 272 1
1370 272 1
0 272 1
2140 272 1
3801 272 1
1 272 1
2037 273 1
1991 273 1
17 273 1
1041 273 1
415 273 1
239 273 1
672 273 1
1707 273 1
3533 273 1
2443 273 1
1158 273 1
2435 273 1
853 273 1
3899 273 1
802 273 1
127 273 1
78 273 1
14 273 1
1230 273 1
1542 273 1
526 273 1
3547 273 1
3393 273 1
2919 273 1
135 273 1
2603 273 1
322 273 1
3784 273 1
2 273 1
3683 273 1
3593 273 1
3113 273 1
1125 273 1
181 273 1
14 273 1
862 273 1
235 273 1
2947 273 1
902 273 1
31 273 1
5 273 1
2370 273 1
146 273 1
4173 273 1
122 273 1
654 273 1
628 273 1
23 273 1
862 273 1
2768 273 1
1003 273 1
470 273 1
506 273 1
2 273 1
94 273 1
1007 273 1
3928 273 1
1468 273 1
3151 273 1
43 273 1
72 273 1
408 273 1
4034 273 1
1317 273 1
353 273 1
26 273 1
2934 273 1
2744 273 1
110 273 1
1940 273 1
3263 273 1
2008 273 1
1888 273 1
2081 273 1
4054 273 1
1792 273 1
419 273 1
1505 273 1
983 273 1
62 273 1
223 273 1
3257 273 1
2923 273 1
106 273 1
2573 273 1
2517 273 1
2631 273 1
1471 273 1
1630 273 1
2362 273 1
125 273 1
2434 273 1
240 273 1
2924 273 1
94 273 1
3253 273 1
422 273 1
1284 273 1
0 273 1
985 273 1
306 273 1
2225 273 1
414 273 1
3312 273 1
631 273 1
21 273 1
1435 273 1
1646 273 1
17 273 1
1712 273 1
1082 273 1
4129 273 1
15 273 1
72 273 1
3656 273 1
1702 273 1
2677 273 1
80 273 1
3495 273 1
402 273 1
2138 273 1
499 273 1
133 273 1
1251 273 1
58 273 1
1527 273 1
140 273 1
2311 273 1
1246 273 1
20 273 1
2267 273 1
1331 273 1
26 273 1
1257 273 1
1432 273 1
1844 273 1
2438 273 1
2025 273 1
423 273 1
2723 273 1
1454 273 1
1134 273 1
574 273 1
1957 273 1
365 273 1
2448 273 1
612 273 1
532 273 1
3685 273 1
8 273 1
1122 273 1
2381 273 1
24 273 1
4143 274 1
1622 274 1
105 274 1
897 274 1
0 274 1
1456 274 1
518 274 1
3 274 1
3759 274 1
0 274 1
2605 274 1
315 274 1
836 274 1
75 274 1
231 274 1
1481 274 1
4109 274 1
3279 274 1
929 274 1
1751 274 1
2599 274 1
1067 274 1
3265 274 1
866 274 1
252 274 1
15 274 1
288 274 1
11 274 1
308 274 1
734 274 1
3165 274 1
0 274 1
1370 274 1
24 274 1
91 274 1
0 274 1
1185 274 1
3348 274 1
26 274 1
1633 274 1
1249 274 1
7 274 1
194 274 1
3818 274 1
2491 274 1
3061 274 1
2096 274 1
29 274 1
1030 274 1
346 274 1
2347 274 1
1137 274 1
4032 274 1
3948 274 1
2827 274 1
569 274 1
2508 274 1
82 274 1
114 274 1
1912 274 1
1392 274 1
7 274 1
24 274 1
1639 274 1
79 274 1
269 274 1
538 274 1
3389 274 1
2195 274 1
665 274 1
2008 274 1
36 274 1
126 274 1
146 274 1
3697 274 1
3992 274 1
3214 274 1
3458 274 1
199 274 1
201 274 1
1905 274 1
63 274 1
3967 274 1
1726 274 1
87 274 1
278 274 1
90 274 1
3874 274 1
4103 274 1
36 274 1
949 274 1
0 274 1
556 274 1
3868 274 1
2451 274 1
2661 274 1
237 274 1
744 274 1
2251 274 1
944 274 1
44 274 1
1716 274 1
3387 274 1
164 274 1
1986 274 1
400 274 1
525 274 1
513 274 1
2251 274 1
134 274 1
782 274 1
267 274 1
1470 274 1
3640 274 1
314 274 1
144 274 1
222 274 1
168 274 1
1652 274 1
366 274 1
758 274 1
52 274 1
907 274 1
1839 274 1
4086 274 1
882 274 1
1215 274 1
3459 274 1
3123 274 1
237 274 1
2588 274 1
1605 274 1
3959 274 1
3566 274 1
640 274 1
1290 274 1
2 274 1
406 274 1
1511 274 1
1769 274 1
3084 274 1
307 274 1
538 274 1
2461 274 1
1269 274 1
1755 274 1
116 274 1
29 274 1
345 274 1
3349 274 1
1432 274 1
294 274 1
66 274 1
2028 275 1
0 275 1
149 275 1
463 275 1
1183 275 1
1294 275 1
4031 275 1
1326 275 1
181 275 1
14 275 1
813 275 1
0 275 1
1178 275 1
3971 275 1
31 275 1
1083 275 1
11 275 1
855 275 1
2050 275 1
3666 275 1
1123 275 1
3203 275 1
3092 275 1
583 275 1
3891 275 1
533 275 1
217 275 1
501 275 1
1749 275 1
785 275 1
1333 275 1
3038 275 1
2328 275 1
3698 275 1
61 275 1
552 275 1
400 275 1
1341 275 1
2396 275 1
1532 275 1
3849 275 1
2219 275 1
1152 275 1
104 275 1
2345 275 1
139 275 1
979 275 1
3314 275 1
4090 275 1
2161 275 1
173 275 1
776 275 1
1944 275 1
449 275 1
3 275 1
147 275 1
2288 275 1
1250 275 1
290 275 1
2549 275 1
3 275 1
3892 275 1
0 275 1
3330 275 1
1352 275 1
488 275 1
3722 275 1
2688 275 1
1017 275 1
1159 275 1
2399 275 1
370 275 1
3113 275 1
2723 275 1
985 275 1
1854 275 1
2025 275 1
784 275 1
3095 275 1
837 275 1
585 275 1
2913 275 1
2218 275 1
436 275 1
11 275 1
96 275 1
2699 275 1
3433 275 1
2 275 1
1194 275 1
3779 275 1
1944 275 1
3175 275 1
1993 275 1
621 275 1
238 275 1
3092 275 1
208 275 1
2217 275 1
2350 275 1
3183 275 1
3798 275 1
3490 275 1
2903 275 1
45 275 1
342 275 1
296 275 1
25 275 1
625 275 1
386 275 1
2653 275 1
47 275 1
1411 275 1
154 275 1
469 275 1
1305 275 1
770 275 1
2484 275 1
448 275 1
1173 275 1
308 275 1
1392 275 1
3784 275 1
2891 275 1
2307 275 1
1079 275 1
2379 275 1
1074 275 1
761 275 1
3855 275 1
719 275 1
2719 275 1
385 275 1
1558 275 1
3802 275 1
995 275 1
2 275 1
1274 275 1
433 275 1
3950 275 1
1330 275 1
400 275 1
2740 275 1
1516 275 1
571 275 1
1489 275 1
483 275 1
1057 275 1
7 275 1
446 275 1
1604 275 1
2114 275 1
1125 275 1
1083 276 1
1653 276 1
393 276 1
552 276 1
662 276 1
98 276 1
297 276 1
80 276 1
2102 276 1
0 276 1
90 276 1
0 276 1
16 276 1
1463 276 1
485 276 1
345 276 1
2493 276 1
3266 276 1
847 276 1
2 276 1
104 276 1
7 276 1
37 276 1
274 276 1
3911 276 1
12 276 1
127 276 1
1127 276 1
0 276 1
1845 276 1
2778 276 1
2818 276 1
66 276 1
1018 276 1
1 276 1
1372 276 1
1146 276 1
234 276 1
1920 276 1
2877 276 1
56 276 1
883 276 1
1794 276 1
16 276 1
2057 276 1
1187 276 1
369 276 1
796 276 1
1672 276 1
165 276 1
3672 276 1
3826 276 1
1833 276 1
103 276 1
2647 276 1
237 276 1
946 276 1
1052 276 1
415 276 1
3644 276 1
370 276 1
2943 276 1
2267 276 1
1288 276 1
161 276 1
1138 276 1
196 276 1
1436 276 1
2073 276 1
2040 276 1
136 276 1
988 276 1
7 276 1
2219 276 1
69 276 1
984 276 1
28 276 1
3808 276 1
757 276 1
116 276 1
528 276 1
300 276 1
1153 276 1
3897 276 1
226 276 1
7 276 1
2257 276 1
19 276 1
1948 276 1
1483 276 1
201 276 1
243 276 1
110 276 1
1935 276 1
1196 276 1
1809 276 1
288 276 1
2064 276 1
1636 276 1
3224 276 1
7 276 1
414 276 1
510 276 1
0 276 1
2271 276 1
1088 276 1
615 276 1
698 276 1
1158 276 1
1699 276 1
94 276 1
464 276 1
1455 276 1
9 276 1
5 276 1
4038 276 1
1807 276 1
112 276 1
1161 276 1
1979 276 1
2527 276 1
2770 276 1
1795 276 1
1729 276 1
356 276 1
2 276 1
2304 276 1
191 276 1
3658 276 1
4 276 1
3855 276 1
4063 276 1
2538 276 1
3242 276 1
3060 276 1
25 276 1
3331 276 1
690 276 1
857 276 1
2 276 1
381 276 1
916 276 1
134 276 1
2180 276 1
38 276 1
13 276 1
567 276 1
1992 276 1
1853 276 1
3671 276 1
2953 276 1
1 276 1
42 276 1
1 277 1
2804 277 1
752 277 1
3837 277 1
1391 277 1
1938 277 1
71 277 1
146 277 1
1225 277 1
1354 277 1
17 277 1
1326 277 1
1052 277 1
3881 277 1
1053 277 1
515 277 1
263 277 1
274 277 1
3505 277 1
1777 277 1
3243 277 1
1383 277 1
51 277 1
2893 277 1
4086 277 1
38 277 1
2 277 1
546 277 1
1738 277 1
2644 277 1
1876 277 1
290 277 1
2791 277 1
884 277 1
3052 277 1
46 277 1
1210 277 1
2777 277 1
2288 277 1
3353 277 1
449 277 1
1804 277 1
46 277 1
2518 277 1
2251 277 1
2457 277 1
16 277 1
682 277 1
1275 277 1
1716 277 1
682 277 1
3892 277 1
494 277 1
1302 277 1
49 277 1
120 277 1
243 277 1
654 277 1
1086 277 1
2319 277 1
188 277 1
2 277 1
3638 277 1
3459 277 1
397 277 1
1790 277 1
1093 277 1
3534 277 1
2565 277 1
3834 277 1
3649 277 1
3923 277 1
2236 277 1
77 277 1
44 277 1
773 277 1
2773 277 1
310 277 1
1143 277 1
1314 277 1
2 277 1
3098 277 1
301 277 1
1483 277 1
1 277 1
1196 277 1
3316 277 1
537 277 1
137 277 1
1511 277 1
3463 277 1
44 277 1
3991 277 1
425 277 1
37 277 1
3153 277 1
10 277 1
2487 277 1
1782 277 1
355 277 1
1514 277 1
312 277 1
983 277 1
3003 277 1
3943 277 1
2783 277 1
1197 277 1
1356 277 1
45 277 1
1543 277 1
937 277 1
2 277 1
335 277 1
318 277 1
701 277 1
1980 277 1
1425 277 1
1405 277 1
133 277 1
15 277 1
931 277 1
1768 277 1
322 277 1
69 277 1
94 277 1
1719 277 1
1207 277 1
615 277 1
1077 277 1
2470 277 1
4 277 1
0 277 1
1607 277 1
94 277 1
1703 277 1
123 277 1
897 277 1
880 277 1
298 277 1
467 277 1
2125 277 1
1463 277 1
1452 277 1
934 277 1
3573 277 1
2927 277 1
3129 277 1
1125 277 1
1886 277 1
1619 277 1
3211 277 1
639 277 1
2909 277 1
6 278 1
1955 278 1
3658 278 1
240 278 1
1056 278 1
301 278 1
1072 278 1
556 278 1
459 278 1
1791 278 1
619 278 1
186 278 1
135 278 1
2855 278 1
3498 278 1
68 278 1
1677 278 1
386 278 1
3361 278 1
519 278 1
53 278 1
2574 278 1
1954 278 1
3908 278 1
86 278 1
1780 278 1
1541 278 1
2216 278 1
1045 278 1
676 278 1
1434 278 1
419 278 1
1118 278 1
3309 278 1
479 278 1
3180 278 1
3787 278 1
709 278 1
3954 278 1
1128 278 1
3 278 1
234 278 1
0 278 1
55 278 1
826 278 1
1123 278 1
4 278 1
619 278 1
2695 278 1
2797 278 1
759 278 1
2915 278 1
2944 278 1
1262 278 1
2979 278 1
0 278 1
2529 278 1
2548 278 1
1036 278 1
2357 278 1
803 278 1
142 278 1
1079 278 1
65 278 1
347 278 1
1442 278 1
3767 278 1
471 278 1
804 278 1
2881 278 1
1167 278 1
1871 278 1
127 278 1
25 278 1
3786 278 1
569 278 1
282 278 1
2345 278 1
295 278 1
93 278 1
202 278 1
3798 278 1
1014 278 1
127 278 1
102 278 1
694 278 1
3102 278 1
2518 278 1
546 278 1
28 278 1
3181 278 1
1658 278 1
1 278 1
27 278 1
739 278 1
491 278 1
35 278 1
3807 278 1
641 278 1
50 278 1
60 278 1
1001 278 1
1714 278 1
3068 278 1
21 278 1
177 278 1
1 278 1
228 278 1
3020 278 1
936 278 1
0 278 1
3497 278 1
458 278 1
239 278 1
3236 278 1
25 278 1
794 278 1
250 278 1
3178 278 1
290 278 1
3908 278 1
3407 278 1
54 278 1
2605 278 1
2287 278 1
176 278 1
3276 278 1
239 278 1
1062 278 1
15 278 1
984 278 1
550 278 1
1113 278 1
450 278 1
261 278 1
3232 278 1
2118 278 1
1827 278 1
2313 278 1
1475 278 1
3135 278 1
64 278 1
2718 278 1
538 278 1
1950 278 1
2160 278 1
618 278 1
1581 278 1
1561 278 1
991 278 1
37 278 1
145 278 1
216 278 1
704 279 1
1717 279 1
1220 279 1
2881 279 1
7 279 1
1829 279 1
37 279 1
2499 279 1
0 279 1
129 279 1
1660 279 1
3257 279 1
3426 279 1
0 279 1
32 279 1
462 279 1
2557 279 1
179 279 1
386 279 1
61 279 1
3907 279 1
1201 279 1
2806 279 1
352 279 1
3639 279 1
4006 279 1
344 279 1
3366 279 1
223 279 1
938 279 1
21 279 1
165 279 1
1664 279 1
117 279 1
358 279 1
266 279 1
3280 279 1
957 279 1
277 279 1
3916 279 1
814 279 1
3519 279 1
47 279 1
332 279 1
3552 279 1
295 279 1
168 279 1
484 279 1
1175 279 1
1457 279 1
626 279 1
503 279 1
991 279 1
2882 279 1
1 279 1
3589 279 1
2763 279 1
1556 279 1
4073 279 1
1976 279 1
43 279 1
1359 279 1
230 279 1
1 279 1
3521 279 1
3455 279 1
4197 279 1
2812 279 1
1 279 1
43 279 1
1558 279 1
1655 279 1
2496 279 1
927 279 1
1420 279 1
1091 279 1
3203 279 1
651 279 1
21 279 1
2417 279 1
416 279 1
1387 279 1
827 279 1
491 279 1
598 279 1
1793 279 1
89 279 1
1327 279 1
443 279 1
1025 279 1
405 279 1
805 279 1
16 279 1
166 279 1
1234 279 1
1145 279 1
311 279 1
20 279 1
1543 279 1
1966 279 1
516 279 1
62 279 1
415 279 1
1341 279 1
1996 279 1
766 279 1
2690 279 1
92 279 1
3664 279 1
284 279 1
1104 279 1
1 279 1
1019 279 1
1182 279 1
3180 279 1
2607 279 1
314 279 1
940 279 1
0 279 1
1020 279 1
2652 279 1
2425 279 1
75 279 1
451 279 1
634 279 1
1389 279 1
2627 279 1
119 279 1
1506 279 1
2166 279 1
3 279 1
2744 279 1
362 279 1
427 279 1
28 279 1
3240 279 1
43 279 1
283 279 1
1107 279 1
57 279 1
1801 279 1
953 279 1
1033 279 1
4021 279 1
2399 279 1
1592 279 1
348 279 1
3549 279 1
4204 279 1
2829 279 1
11 279 1
3382 279 1
2567 279 1
1485 280 1
570 280 1
3716 280 1
2418 280 1
2602 280 1
3201 280 1
103 280 1
1520 280 1
263 280 1
2095 280 1
2130 280 1
358 280 1
479 280 1
513 280 1
2401 280 1
3617 280 1
1008 280 1
3660 280 1
1032 280 1
3150 280 1
1897 280 1
152 280 1
142 280 1
488 280 1
864 280 1
2159 280 1
3136 280 1
38 280 1
746 280 1
611 280 1
1950 280 1
122 280 1
1867 280 1
199 280 1
21 280 1
1839 280 1
2580 280 1
3969 280 1
1087 280 1
1858 280 1
93 280 1
433 280 1
2121 280 1
3387 280 1
167 280 1
4071 280 1
2145 280 1
553 280 1
1349 280 1
1311 280 1
949 280 1
630 280 1
349 280 1
71 280 1
85 280 1
2120 280 1
3419 280 1
2957 280 1
1884 280 1
1272 280 1
1595 280 1
228 280 1
24 280 1
858 280 1
570 280 1
0 280 1
0 280 1
429 280 1
14 280 1
3227 280 1
2556 280 1
1133 280 1
1623 280 1
451 280 1
2658 280 1
1670 280 1
375 280 1
2064 280 1
358 280 1
4 280 1
3632 280 1
358 280 1
75 280 1
8 280 1
2469 280 1
3130 280 1
609 280 1
25 280 1
43 280 1
432 280 1
752 280 1
791 280 1
338 280 1
2747 280 1
565 280 1
2754 280 1
4028 280 1
3417 280 1
3481 280 1
1027 280 1
1123 280 1
2373 280 1
2112 280 1
1557 280 1
1570 280 1
145 280 1
417 280 1
3013 280 1
1114 280 1
473 280 1
1 280 1
945 280 1
170 280 1
3302 280 1
309 280 1
2597 280 1
2077 280 1
102 280 1
4032 280 1
1762 280 1
3523 280 1
845 280 1
1437 280 1
651 280 1
3635 280 1
2001 280 1
1948 280 1
621 280 1
954 280 1
597 280 1
376 280 1
5 280 1
387 280 1
1294 280 1
43 280 1
119 280 1
705 280 1
2890 280 1
1377 280 1
2897 280 1
1965 280 1
135 280 1
3162 280 1
122 280 1
269 280 1
254 280 1
0 280 1
3102 280 1
648 280 1
53 280 1
3197 280 1
966 280 1
201 280 1
4 281 1
3443 281 1
228 281 1
1458 281 1
880 281 1
320 281 1
1892 281 1
762 281 1
253 281 1
2511 281 1
4129 281 1
0 281 1
219 281 1
1532 281 1
157 281 1
599 281 1
3035 281 1
2303 281 1
2052 281 1
7 281 1
3015 281 1
744 281 1
1930 281 1
1637 281 1
3707 281 1
1411 281 1
3144 281 1
74 281 1
1598 281 1
2562 281 1
4 281 1
12 281 1
1403 281 1
2300 281 1
50 281 1
621 281 1
922 281 1
258 281 1
1467 281 1
1240 281 1
35 281 1
3894 281 1
487 281 1
3496 281 1
257 281 1
171 281 1
1963 281 1
2011 281 1
1745 281 1
1128 281 1
718 281 1
1711 281 1
17 281 1
63 281 1
1179 281 1
1329 281 1
1 281 1
1 281 1
742 281 1
2902 281 1
460 281 1
339 281 1
2163 281 1
1076 281 1
18 281 1
1264 281 1
2160 281 1
3397 281 1
2580 281 1
69 281 1
20 281 1
1873 281 1
3531 281 1
3240 281 1
1312 281 1
698 281 1
2507 281 1
2101 281 1
3584 281 1
53 281 1
3224 281 1
698 281 1
2072 281 1
1110 281 1
759 281 1
10 281 1
1576 281 1
1506 281 1
580 281 1
2523 281 1
1241 281 1
3174 281 1
3428 281 1
405 281 1
3373 281 1
3651 281 1
3297 281 1
256 281 1
0 281 1
65 281 1
513 281 1
265 281 1
3303 281 1
733 281 1
1544 281 1
105 281 1
7 281 1
1519 281 1
788 281 1
1364 281 1
1021 281 1
26 281 1
840 281 1
1796 281 1
984 281 1
4141 281 1
2286 281 1
557 281 1
422 281 1
572 281 1
3345 281 1
0 281 1
3932 281 1
425 281 1
5 281 1
949 281 1
240 281 1
683 281 1
184 281 1
5 281 1
1204 281 1
1 281 1
1585 281 1
325 281 1
378 281 1
1689 281 1
2053 281 1
1903 281 1
2548 281 1
465 281 1
864 281 1
306 281 1
3273 281 1
1469 281 1
1570 281 1
29 281 1
1899 281 1
1078 281 1
3860 281 1
365 281 1
905 281 1
49 281 1
3216 281 1
3939 282 1
474 282 1
977 282 1
799 282 1
409 282 1
21 282 1
738 282 1
7 282 1
0 282 1
344 282 1
736 282 1
1036 282 1
2939 282 1
2461 282 1
1903 282 1
3193 282 1
3089 282 1
1 282 1
1467 282 1
395 282 1
926 282 1
1950 282 1
2209 282 1
2264 282 1
2365 282 1
261 282 1
361 282 1
0 282 1
1807 282 1
1031 282 1
1112 282 1
85 282 1
13 282 1
328 282 1
1131 282 1
2862 282 1
3966 282 1
896 282 1
3533 282 1
2805 282 1
2555 282 1
2291 282 1
3742 282 1
2768 282 1
101 282 1
265 282 1
4180 282 1
1947 282 1
70 282 1
458 282 1
1788 282 1
146 282 1
3623 282 1
1944 282 1
825 282 1
263 282 1
0 282 1
280 282 1
111 282 1
303 282 1
2870 282 1
2 282 1
1947 282 1
2765 282 1
3351 282 1
1297 282 1
240 282 1
2637 282 1
2782 282 1
2124 282 1
36 282 1
1606 282 1
30 282 1
3288 282 1
1077 282 1
4035 282 1
3177 282 1
2762 282 1
577 282 1
57 282 1
3044 282 1
471 282 1
1270 282 1
2913 282 1
1838 282 1
3106 282 1
1372 282 1
4086 282 1
2385 282 1
146 282 1
257 282 1
2124 282 1
52 282 1
125 282 1
502 282 1
1084 282 1
2229 282 1
2233 282 1
64 282 1
1197 282 1
519 282 1
3367 282 1
50 282 1
1169 282 1
18 282 1
1109 282 1
462 282 1
1694 282 1
73 282 1
1234 282 1
2316 282 1
2333 282 1
1971 282 1
2890 282 1
2393 282 1
1168 282 1
63 282 1
3903 282 1
2725 282 1
1620 282 1
2252 282 1
2983 282 1
160 282 1
4179 282 1
3007 282 1
84 282 1
1152 282 1
76 282 1
1441 282 1
1512 282 1
1443 282 1
667 282 1
59 282 1
1540 282 1
2734 282 1
2790 282 1
1090 282 1
272 282 1
3885 282 1
1160 282 1
640 282 1
2422 282 1
643 282 1
1475 282 1
895 282 1
23 282 1
1883 282 1
763 282 1
1 282 1
4083 282 1
1421 282 1
48 282 1
2586 282 1
6 283 1
39 283 1
2841 283 1
5 283 1
3023 283 1
874 283 1
1753 283 1
3033 283 1
2450 283 1
563 283 1
1336 283 1
3482 283 1
3654 283 1
3576 283 1
1300 283 1
1755 283 1
2237 283 1
7 283 1
1986 283 1
289 283 1
67 283 1
3476 283 1
2618 283 1
265 283 1
1612 283 1
2015 283 1
3304 283 1
3279 283 1
323 283 1
1903 283 1
15 283 1
5 283 1
524 283 1
332 283 1
1971 283 1
651 283 1
3340 283 1
1353 283 1
668 283 1
1158 283 1
628 283 1
632 283 1
2117 283 1
514 283 1
1351 283 1
3263 283 1
3543 283 1
547 283 1
371 283 1
1097 283 1
912 283 1
3063 283 1
46 283 1
451 283 1
0 283 1
71 283 1
218 283 1
2474 283 1
2954 283 1
4 283 1
306 283 1
994 283 1
33 283 1
363 283 1
21 283 1
3255 283 1
1910 283 1
1607 283 1
837 283 1
339 283 1
2646 283 1
4 283 1
3460 283 1
2548 283 1
79 283 1
1193 283 1
11 283 1
115 283 1
0 283 1
566 283 1
3814 283 1
1404 283 1
28 283 1
127 283 1
250 283 1
215 283 1
1794 283 1
1 283 1
2300 283 1
561 283 1
2716 283 1
2335 283 1
1027 283 1
692 283 1
246 283 1
2315 283 1
181 283 1
845 283 1
3939 283 1
2812 283 1
2651 283 1
2677 283 1
440 283 1
1574 283 1
2331 283 1
496 283 1
1169 283 1
0 283 1
3447 283 1
1426 283 1
924 283 1
531 283 1
1921 283 1
830 283 1
43 283 1
573 283 1
770 283 1
959 283 1
3869 283 1
34 283 1
13 283 1
3058 283 1
0 283 1
3984 283 1
3149 283 1
660 283 1
49 283 1
0 283 1
2764 283 1
3053 283 1
1103 283 1
3627 283 1
531 283 1
3196 283 1
154 283 1
140 283 1
1320 283 1
2224 283 1
1070 283 1
4035 283 1
236 283 1
534 283 1
1569 283 1
2205 283 1
512 283 1
1377 283 1
13 283 1
1061 283 1
802 283 1
3530 283 1
546 283 1
1721 283 1
3650 283 1
1 284 1
270 284 1
492 284 1
1218 284 1
2686 284 1
57 284 1
1330 284 1
86 284 1
860 284 1
1261 284 1
2 284 1
3220 284 1
3766 284 1
1135 284 1
3940 284 1
40 284 1
3 284 1
3926 284 1
1903 284 1
532 284 1
1206 284 1
1057 284 1
2 284 1
1999 284 1
50 284 1
1656 284 1
3065 284 1
130 284 1
1521 284 1
1123 284 1
68 284 1
118 284 1
2250 284 1
2601 284 1
2244 284 1
82 284 1
81 284 1
148 284 1
4028 284 1
3003 284 1
25 284 1
722 284 1
29 284 1
394 284 1
2578 284 1
2525 284 1
40 284 1
1136 284 1
725 284 1
1233 284 1
2115 284 1
1088 284 1
30 284 1
18 284 1
45 284 1
763 284 1
3936 284 1
3049 284 1
540 284 1
2402 284 1
498 284 1
2910 284 1
1438 284 1
814 284 1
1537 284 1
2604 284 1
60 284 1
1876 284 1
817 284 1
2707 284 1
4 284 1
1182 284 1
792 284 1
2879 284 1
3266 284 1
1160 284 1
3353 284 1
9 284 1
1370 284 1
17 284 1
2710 284 1
1331 284 1
272 284 1
884 284 1
749 284 1
1808 284 1
2774 284 1
3832 284 1
324 284 1
1486 284 1
946 284 1
1965 284 1
204 284 1
1134 284 1
1025 284 1
92 284 1
1414 284 1
810 284 1
856 284 1
10 284 1
1382 284 1
1609 284 1
276 284 1
937 284 1
3775 284 1
85 284 1
43 284 1
878 284 1
319 284 1
44 284 1
73 284 1
3515 284 1
2427 284 1
720 284 1
1613 284 1
2472 284 1
3565 284 1
269 284 1
1175 284 1
2 284 1
854 284 1
3629 284 1
3 284 1
1092 284 1
649 284 1
4113 284 1
331 284 1
3374 284 1
64 284 1
1624 284 1
0 284 1
4209 284 1
1406 284 1
1067 284 1
717 284 1
138 284 1
151 284 1
287 284 1
2600 284 1
399 284 1
790 284 1
507 284 1
2330 284 1
347 284 1
749 284 1
1582 284 1
335 284 1
1307 284 1
2515 284 1
987 284 1
351 284 1
2228 284 1
48 284 1
10 285 1
357 285 1
3288 285 1
242 285 1
1679 285 1
383 285 1
1012 285 1
53 285 1
1587 285 1
87 285 1
1690 285 1
3161 285 1
124 285 1
3652 285 1
149 285 1
1893 285 1
76 285 1
3012 285 1
479 285 1
61 285 1
195 285 1
198 285 1
635 285 1
1864 285 1
555 285 1
1590 285 1
2815 285 1
3326 285 1
1459 285 1
3260 285 1
2557 285 1
2991 285 1
790 285 1
2236 285 1
2300 285 1
2029 285 1
1760 285 1
140 285 1
2346 285 1
816 285 1
666 285 1
1405 285 1
3095 285 1
3310 285 1
1658 285 1
237 285 1
958 285 1
794 285 1
645 285 1
58 285 1
5 285 1
3276 285 1
3663 285 1
0 285 1
0 285 1
2397 285 1
3397 285 1
1798 285 1
1724 285 1
182 285 1
136 285 1
23 285 1
991 285 1
1498 285 1
1372 285 1
3286 285 1
3623 285 1
52 285 1
2144 285 1
3207 285 1
2071 285 1
302 285 1
2724 285 1
903 285 1
177 285 1
209 285 1
19 285 1
35 285 1
0 285 1
95 285 1
935 285 1
3282 285 1
341 285 1
3120 285 1
34 285 1
388 285 1
456 285 1
919 285 1
677 285 1
218 285 1
808 285 1
42 285 1
3157 285 1
4040 285 1
716 285 1
632 285 1
2751 285 1
2550 285 1
1037 285 1
1592 285 1
511 285 1
1464 285 1
339 285 1
3822 285 1
520 285 1
3396 285 1
1139 285 1
174 285 1
599 285 1
82 285 1
184 285 1
715 285 1
1533 285 1
2223 285 1
2375 285 1
3613 285 1
24 285 1
1667 285 1
80 285 1
2673 285 1
578 285 1
4119 285 1
202 285 1
96 285 1
756 285 1
9 285 1
1205 285 1
71 285 1
2042 285 1
34 285 1
30 285 1
2221 285 1
2358 285 1
3659 285 1
1205 285 1
80 285 1
162 285 1
4 285 1
337 285 1
75 285 1
4116 285 1
2055 285 1
339 285 1
4033 285 1
3672 285 1
0 285 1
650 285 1
3987 285 1
822 285 1
2881 285 1
60 285 1
457 285 1
416 285 1
508 286 1
2 286 1
3337 286 1
241 286 1
1490 286 1
2124 286 1
2710 286 1
137 286 1
3754 286 1
3302 286 1
545 286 1
499 286 1
3747 286 1
2468 286 1
280 286 1
1989 286 1
733 286 1
2229 286 1
540 286 1
3854 286 1
3973 286 1
3141 286 1
111 286 1
1156 286 1
1770 286 1
3514 286 1
239 286 1
3744 286 1
2083 286 1
2835 286 1
2336 286 1
3 286 1
2968 286 1
688 286 1
189 286 1
458 286 1
95 286 1
456 286 1
1133 286 1
2795 286 1
1937 286 1
2506 286 1
31 286 1
2196 286 1
0 286 1
0 286 1
1294 286 1
3740 286 1
1836 286 1
1546 286 1
1077 286 1
106 286 1
513 286 1
1415 286 1
1311 286 1
13 286 1
935 286 1
169 286 1
3083 286 1
13 286 1
550 286 1
221 286 1
648 286 1
709 286 1
390 286 1
3364 286 1
3984 286 1
122 286 1
20 286 1
2500 286 1
1206 286 1
2738 286 1
1528 286 1
1746 286 1
3203 286 1
3562 286 1
1789 286 1
158 286 1
127 286 1
152 286 1
275 286 1
2119 286 1
1204 286 1
98 286 1
1956 286 1
185 286 1
1000 286 1
2390 286 1
596 286 1
3 286 1
1066 286 1
2582 286 1
667 286 1
926 286 1
2306 286 1
763 286 1
384 286 1
1554 286 1
1706 286 1
2950 286 1
2362 286 1
996 286 1
1109 286 1
758 286 1
27 286 1
3108 286 1
48 286 1
3104 286 1
3941 286 1
705 286 1
2713 286 1
3495 286 1
3551 286 1
2060 286 1
390 286 1
2777 286 1
3375 286 1
2838 286 1
1760 286 1
9 286 1
2600 286 1
3710 286 1
2174 286 1
310 286 1
80 286 1
1 286 1
113 286 1
1144 286 1
245 286 1
531 286 1
2861 286 1
1981 286 1
1508 286 1
1981 286 1
257 286 1
2759 286 1
83 286 1
2296 286 1
1098 286 1
690 286 1
912 286 1
2815 286 1
295 286 1
2 286 1
234 286 1
679 286 1
672 286 1
789 286 1
841 286 1
2514 286 1
341 286 1
1466 286 1
3206 286 1
62 287 1
685 287 1
158 287 1
526 287 1
1242 287 1
1622 287 1
1632 287 1
2120 287 1
723 287 1
2089 287 1
237 287 1
2565 287 1
2503 287 1
2431 287 1
0 287 1
4157 287 1
3315 287 1
3328 287 1
1837 287 1
3463 287 1
2640 287 1
283 287 1
2506 287 1
2734 287 1
1391 287 1
98 287 1
946 287 1
1384 287 1
23 287 1
2408 287 1
1673 287 1
629 287 1
941 287 1
1320 287 1
3997 287 1
1709 287 1
9 287 1
3993 287 1
9 287 1
4207 287 1
545 287 1
1968 287 1
60 287 1
218 287 1
2897 287 1
1367 287 1
433 287 1
2325 287 1
1909 287 1
857 287 1
3659 287 1
280 287 1
3043 287 1
4087 287 1
626 287 1
656 287 1
386 287 1
4017 287 1
956 287 1
4103 287 1
5 287 1
243 287 1
35 287 1
132 287 1
522 287 1
1598 287 1
82 287 1
2894 287 1
1389 287 1
4075 287 1
417 287 1
491 287 1
427 287 1
706 287 1
1714 287 1
0 287 1
2502 287 1
741 287 1
1946 287 1
1269 287 1
75 287 1
76 287 1
2337 287 1
651 287 1
3006 287 1
246 287 1
2300 287 1
395 287 1
2566 287 1
613 287 1
574 287 1
201 287 1
3989 287 1
728 287 1
2307 287 1
3972 287 1
1898 287 1
18 287 1
1962 287 1
2974 287 1
28 287 1
3236 287 1
2977 287 1
3861 287 1
385 287 1
169 287 1
0 287 1
4202 287 1
83 287 1
1538 287 1
1699 287 1
427 287 1
1730 287 1
23 287 1
3007 287 1
3788 287 1
0 287 1
2245 287 1
3914 287 1
75 287 1
1513 287 1
633 287 1
1830 287 1
5 287 1
414 287 1
205 287 1
60 287 1
40 287 1
117 287 1
90 287 1
1871 287 1
368 287 1
12 287 1
45 287 1
19 287 1
3297 287 1
414 287 1
3800 287 1
645 287 1
1 287 1
2540 287 1
3151 287 1
32 287 1
810 287 1
0 287 1
1683 287 1
1723 287 1
3560 287 1
443 287 1
4190 287 1
1069 287 1
1376 287 1
1702 287 1
3819 288 1
2647 288 1
145 288 1
969 288 1
121 288 1
4117 288 1
228 288 1
70 288 1
1473 288 1
775 288 1
1821 288 1
3525 288 1
2785 288 1
741 288 1
889 288 1
385 288 1
30 288 1
3015 288 1
1654 288 1
300 288 1
3692 288 1
1030 288 1
1684 288 1
3954 288 1
2792 288 1
3051 288 1
92 288 1
96 288 1
1765 288 1
1317 288 1
267 288 1
2767 288 1
1087 288 1
1874 288 1
1227 288 1
2214 288 1
13 288 1
101 288 1
354 288 1
2428 288 1
99 288 1
2873 288 1
284 288 1
3 288 1
1669 288 1
169 288 1
1015 288 1
1145 288 1
2557 288 1
3897 288 1
296 288 1
1167 288 1
11 288 1
20 288 1
1128 288 1
2685 288 1
2 288 1
2323 288 1
3527 288 1
1622 288 1
540 288 1
11 288 1
536 288 1
1708 288 1
815 288 1
839 288 1
341 288 1
1069 288 1
1426 288 1
1131 288 1
248 288 1
32 288 1
3998 288 1
345 288 1
1 288 1
1096 288 1
3084 288 1
1233 288 1
553 288 1
164 288 1
600 288 1
318 288 1
624 288 1
701 288 1
6 288 1
1495 288 1
1270 288 1
1561 288 1
821 288 1
1368 288 1
3324 288 1
1259 288 1
3013 288 1
448 288 1
4088 288 1
260 288 1
30 288 1
242 288 1
3365 288 1
637 288 1
1057 288 1
0 288 1
3224 288 1
615 288 1
64 288 1
8 288 1
2631 288 1
1173 288 1
2729 288 1
629 288 1
2233 288 1
539 288 1
3787 288 1
2338 288 1
2756 288 1
1722 288 1
834 288 1
96 288 1
79 288 1
4048 288 1
1268 288 1
182 288 1
1387 288 1
2786 288 1
42 288 1
30 288 1
295 288 1
61 288 1
3035 288 1
1299 288 1
887 288 1
1379 288 1
2079 288 1
3707 288 1
990 288 1
3646 288 1
55 288 1
151 288 1
2547 288 1
313 288 1
1267 288 1
3715 288 1
2209 288 1
314 288 1
2121 288 1
1524 288 1
2313 288 1
3538 288 1
3194 288 1
317 288 1
238 288 1
4179 288 1
2105 288 1
3288 289 1
1843 289 1
420 289 1
1224 289 1
4138 289 1
167 289 1
30 289 1
2504 289 1
4 289 1
51 289 1
589 289 1
125 289 1
127 289 1
2148 289 1
1006 289 1
458 289 1
578 289 1
77 289 1
79 289 1
3300 289 1
1 289 1
35 289 1
2339 289 1
2010 289 1
3117 289 1
4027 289 1
539 289 1
2586 289 1
3375 289 1
111 289 1
1297 289 1
1642 289 1
169 289 1
1566 289 1
527 289 1
199 289 1
2970 289 1
1650 289 1
1988 289 1
4163 289 1
2006 289 1
1757 289 1
2659 289 1
2924 289 1
2369 289 1
3299 289 1
2951 289 1
2 289 1
940 289 1
252 289 1
160 289 1
1763 289 1
3556 289 1
3389 289 1
1024 289 1
176 289 1
1187 289 1
195 289 1
64 289 1
1503 289 1
1316 289 1
0 289 1
65 289 1
1146 289 1
2448 289 1
1286 289 1
854 289 1
3733 289 1
290 289 1
269 289 1
3488 289 1
754 289 1
953 289 1
1821 289 1
18 289 1
2925 289 1
1648 289 1
1023 289 1
116 289 1
3700 289 1
411 289 1
2125 289 1
1386 289 1
1646 289 1
1567 289 1
366 289 1
648 289 1
1233 289 1
301 289 1
130 289 1
2369 289 1
3785 289 1
8 289 1
2049 289 1
1674 289 1
13 289 1
545 289 1
1194 289 1
56 289 1
34 289 1
2604 289 1
1185 289 1
3 289 1
1819 289 1
236 289 1
128 289 1
3580 289 1
2411 289 1
1060 289 1
2655 289 1
1656 289 1
104 289 1
180 289 1
86 289 1
101 289 1
3617 289 1
11 289 1
15 289 1
50 289 1
791 289 1
3353 289 1
315 289 1
216 289 1
815 289 1
1400 289 1
0 289 1
1568 289 1
3102 289 1
2144 289 1
1978 289 1
2338 289 1
174 289 1
38 289 1
3782 289 1
964 289 1
1826 289 1
1063 289 1
1087 289 1
1164 289 1
589 289 1
739 289 1
34 289 1
2129 289 1
713 289 1
276 289 1
235 289 1
1285 289 1
881 289 1
0 289 1
1127 289 1
109 289 1
430 289 1
2658 289 1
33 290 1
444 290 1
1661 290 1
2782 290 1
26 290 1
147 290 1
2340 290 1
192 290 1
1343 290 1
240 290 1
4202 290 1
143 290 1
276 290 1
1046 290 1
146 290 1
202 290 1
3436 290 1
2166 290 1
1943 290 1
41 290 1
142 290 1
148 290 1
2579 290 1
4001 290 1
89 290 1
1135 290 1
3621 290 1
117 290 1
2790 290 1
140 290 1
3216 290 1
644 290 1
1795 290 1
759 290 1
1088 290 1
949 290 1
185 290 1
3758 290 1
4071 290 1
612 290 1
2049 290 1
1601 290 1
3376 290 1
54 290 1
1788 290 1
4069 290 1
3984 290 1
1682 290 1
1256 290 1
410 290 1
2443 290 1
211 290 1
3194 290 1
2083 290 1
2983 290 1
677 290 1
348 290 1
57 290 1
707 290 1
2 290 1
1816 290 1
537 290 1
48 290 1
147 290 1
1298 290 1
320 290 1
226 290 1
913 290 1
179 290 1
310 290 1
3082 290 1
2006 290 1
2293 290 1
3066 290 1
3095 290 1
3305 290 1
165 290 1
1168 290 1
106 290 1
508 290 1
3331 290 1
0 290 1
415 290 1
3 290 1
227 290 1
11 290 1
145 290 1
3249 290 1
2161 290 1
834 290 1
721 290 1
3061 290 1
2884 290 1
2523 290 1
3803 290 1
0 290 1
2419 290 1
485 290 1
211 290 1
3162 290 1
3129 290 1
51 290 1
3808 290 1
2228 290 1
950 290 1
1186 290 1
197 290 1
3561 290 1
6 290 1
1 290 1
840 290 1
305 290 1
1051 290 1
891 290 1
32 290 1
2937 290 1
1008 290 1
2966 290 1
2850 290 1
14 290 1
3433 290 1
2614 290 1
1871 290 1
438 290 1
4044 290 1
1794 290 1
3798 290 1
118 290 1
1038 290 1
2466 290 1
386 290 1
1914 290 1
23 290 1
2090 290 1
1188 290 1
596 290 1
1044 290 1
2990 290 1
2870 290 1
9 290 1
3209 290 1
3693 290 1
865 290 1
1769 290 1
0 290 1
3465 290 1
1857 290 1
2720 290 1
536 290 1
486 290 1
647 290 1
3631 290 1
3333 290 1
2510 291 1
1571 291 1
3397 291 1
3679 291 1
2654 291 1
646 291 1
2691 291 1
28 291 1
1743 291 1
4068 291 1
3169 291 1
1872 291 1
1218 291 1
2588 291 1
569 291 1
958 291 1
2159 291 1
327 291 1
3384 291 1
251 291 1
2 291 1
2780 291 1
927 291 1
17 291 1
1632 291 1
177 291 1
129 291 1
866 291 1
1482 291 1
652 291 1
3005 291 1
3846 291 1
1152 291 1
473 291 1
2577 291 1
2841 291 1
1093 291 1
1096 291 1
4 291 1
1777 291 1
30 291 1
1378 291 1
4023 291 1
1465 291 1
1085 291 1
1511 291 1
25 291 1
1666 291 1
2918 291 1
2819 291 1
2502 291 1
862 291 1
355 291 1
341 291 1
35 291 1
1886 291 1
472 291 1
125 291 1
534 291 1
1583 291 1
855 291 1
3235 291 1
28 291 1
627 291 1
1726 291 1
106 291 1
772 291 1
1215 291 1
1240 291 1
2921 291 1
29 291 1
2207 291 1
427 291 1
3481 291 1
2536 291 1
992 291 1
192 291 1
737 291 1
139 291 1
2615 291 1
57 291 1
2233 291 1
2557 291 1
1052 291 1
0 291 1
882 291 1
3243 291 1
1979 291 1
2554 291 1
335 291 1
3623 291 1
0 291 1
2122 291 1
6 291 1
2037 291 1
2916 291 1
7 291 1
914 291 1
711 291 1
219 291 1
407 291 1
539 291 1
2404 291 1
4060 291 1
2189 291 1
0 291 1
104 291 1
2307 291 1
75 291 1
2322 291 1
775 291 1
3997 291 1
828 291 1
589 291 1
18 291 1
4124 291 1
1045 291 1
133 291 1
4008 291 1
273 291 1
150 291 1
1683 291 1
1620 291 1
2095 291 1
1703 291 1
76 291 1
836 291 1
1623 291 1
1378 291 1
1164 291 1
3869 291 1
21 291 1
899 291 1
1615 291 1
3817 291 1
687 291 1
1024 291 1
1930 291 1
26 291 1
1033 291 1
4187 291 1
90 291 1
3916 291 1
3986 291 1
829 291 1
973 291 1
1977 291 1
263 291 1
3742 291 1
646 291 1
1112 291 1
2677 291 1
1279 291 1
322 292 1
2817 292 1
3670 292 1
643 292 1
667 292 1
464 292 1
1094 292 1
3346 292 1
991 292 1
1624 292 1
140 292 1
123 292 1
3176 292 1
910 292 1
1932 292 1
44 292 1
2852 292 1
1980 292 1
301 292 1
2749 292 1
735 292 1
364 292 1
836 292 1
1467 292 1
61 292 1
2980 292 1
898 292 1
969 292 1
88 292 1
442 292 1
223 292 1
2178 292 1
4197 292 1
626 292 1
67 292 1
102 292 1
3045 292 1
1655 292 1
1756 292 1
1060 292 1
3008 292 1
680 292 1
4031 292 1
2051 292 1
45 292 1
1960 292 1
187 292 1
108 292 1
1517 292 1
199 292 1
3133 292 1
956 292 1
3447 292 1
357 292 1
3512 292 1
1425 292 1
1117 292 1
3654 292 1
54 292 1
2355 292 1
2374 292 1
377 292 1
206 292 1
1110 292 1
490 292 1
1369 292 1
1288 292 1
77 292 1
1803 292 1
1081 292 1
9 292 1
3419 292 1
28 292 1
375 292 1
3293 292 1
2357 292 1
47 292 1
817 292 1
1707 292 1
3777 292 1
1886 292 1
3127 292 1
2791 292 1
24 292 1
2962 292 1
766 292 1
4105 292 1
358 292 1
360 292 1
405 292 1
230 292 1
28 292 1
3748 292 1
119 292 1
1455 292 1
29 292 1
1101 292 1
2895 292 1
2466 292 1
762 292 1
532 292 1
325 292 1
4043 292 1
3110 292 1
9 292 1
218 292 1
111 292 1
306 292 1
270 292 1
36 292 1
2059 292 1
2767 292 1
4066 292 1
787 292 1
3505 292 1
2036 292 1
39 292 1
514 292 1
169 292 1
827 292 1
164 292 1
656 292 1
357 292 1
130 292 1
487 292 1
3360 292 1
3582 292 1
2042 292 1
761 292 1
497 292 1
3121 292 1
64 292 1
3756 292 1
1470 292 1
2420 292 1
2286 292 1
4001 292 1
130 292 1
3150 292 1
417 292 1
746 292 1
1313 292 1
673 292 1
1228 292 1
909 292 1
284 292 1
44 292 1
1555 292 1
38 292 1
588 292 1
508 292 1
3003 292 1
430 292 1
237 293 1
1084 293 1
2979 293 1
2523 293 1
914 293 1
74 293 1
3848 293 1
791 293 1
1746 293 1
2691 293 1
1 293 1
2988 293 1
411 293 1
1712 293 1
640 293 1
1214 293 1
192 293 1
576 293 1
218 293 1
116 293 1
3912 293 1
489 293 1
3709 293 1
4162 293 1
279 293 1
1367 293 1
245 293 1
2568 293 1
723 293 1
1926 293 1
2570 293 1
981 293 1
111 293 1
653 293 1
69 293 1
541 293 1
1105 293 1
1132 293 1
1159 293 1
521 293 1
2988 293 1
983 293 1
644 293 1
2112 293 1
27 293 1
4188 293 1
887 293 1
2508 293 1
0 293 1
4182 293 1
480 293 1
3 293 1
893 293 1
3340 293 1
3320 293 1
1392 293 1
96 293 1
200 293 1
30 293 1
3655 293 1
1073 293 1
388 293 1
3600 293 1
3712 293 1
544 293 1
1215 293 1
1303 293 1
450 293 1
467 293 1
1974 293 1
2848 293 1
69 293 1
396 293 1
424 293 1
1495 293 1
691 293 1
2158 293 1
2062 293 1
4031 293 1
4170 293 1
5 293 1
4160 293 1
282 293 1
440 293 1
108 293 1
265 293 1
554 293 1
3373 293 1
1 293 1
15 293 1
235 293 1
311 293 1
1056 293 1
1110 293 1
27 293 1
63 293 1
265 293 1
1059 293 1
2571 293 1
427 293 1
803 293 1
2676 293 1
111 293 1
871 293 1
2197 293 1
20 293 1
2111 293 1
3254 293 1
4085 293 1
2150 293 1
31 293 1
535 293 1
843 293 1
439 293 1
3249 293 1
490 293 1
1137 293 1
412 293 1
574 293 1
244 293 1
1823 293 1
1052 293 1
1688 293 1
3103 293 1
2830 293 1
195 293 1
1716 293 1
3829 293 1
1165 293 1
265 293 1
366 293 1
440 293 1
586 293 1
0 293 1
2261 293 1
8 293 1
2660 293 1
2814 293 1
24 293 1
658 293 1
2048 293 1
2 293 1
175 293 1
409 293 1
3704 293 1
1333 293 1
1821 293 1
4002 293 1
27 293 1
2875 293 1
4208 293 1
3220 293 1
2116 293 1
4062 294 1
386 294 1
118 294 1
357 294 1
1114 294 1
24 294 1
1825 294 1
1175 294 1
1098 294 1
117 294 1
684 294 1
470 294 1
395 294 1
3560 294 1
1481 294 1
27 294 1
1424 294 1
613 294 1
1146 294 1
90 294 1
750 294 1
3193 294 1
98 294 1
454 294 1
2250 294 1
3812 294 1
3881 294 1
255 294 1
407 294 1
1623 294 1
210 294 1
890 294 1
3611 294 1
68 294 1
141 294 1
736 294 1
4196 294 1
166 294 1
286 294 1
4008 294 1
1718 294 1
792 294 1
1752 294 1
2617 294 1
1317 294 1
1082 294 1
16 294 1
1514 294 1
3813 294 1
318 294 1
3324 294 1
1167 294 1
1 294 1
2508 294 1
3865 294 1
782 294 1
2003 294 1
1544 294 1
3399 294 1
3866 294 1
52 294 1
93 294 1
0 294 1
0 294 1
1769 294 1
99 294 1
255 294 1
628 294 1
1551 294 1
189 294 1
73 294 1
2550 294 1
0 294 1
2354 294 1
886 294 1
3348 294 1
1689 294 1
1727 294 1
2913 294 1
232 294 1
1324 294 1
642 294 1
1561 294 1
373 294 1
3383 294 1
1634 294 1
22 294 1
183 294 1
3672 294 1
967 294 1
15 294 1
2312 294 1
2491 294 1
181 294 1
234 294 1
3838 294 1
637 294 1
321 294 1
3460 294 1
3281 294 1
2895 294 1
4191 294 1
915 294 1
2069 294 1
138 294 1
0 294 1
887 294 1
1205 294 1
611 294 1
88 294 1
877 294 1
1343 294 1
3283 294 1
1877 294 1
2801 294 1
577 294 1
166 294 1
850 294 1
2 294 1
2322 294 1
1816 294 1
1930 294 1
3639 294 1
20 294 1
252 294 1
2900 294 1
1641 294 1
863 294 1
901 294 1
1701 294 1
4132 294 1
1532 294 1
34 294 1
819 294 1
340 294 1
2824 294 1
570 294 1
4016 294 1
74 294 1
188 294 1
3024 294 1
2453 294 1
588 294 1
1201 294 1
82 294 1
364 294 1
403 294 1
1937 294 1
1293 294 1
2162 294 1
2628 294 1
1755 294 1
1384 294 1
3578 295 1
2443 295 1
1144 295 1
31 295 1
3390 295 1
4139 295 1
1073 295 1
2435 295 1
97 295 1
35 295 1
378 295 1
3338 295 1
737 295 1
984 295 1
2585 295 1
4038 295 1
1760 295 1
1224 295 1
3790 295 1
155 295 1
1549 295 1
2931 295 1
381 295 1
635 295 1
2226 295 1
983 295 1
1280 295 1
631 295 1
162 295 1
141 295 1
637 295 1
624 295 1
4199 295 1
2439 295 1
5 295 1
1406 295 1
1 295 1
2842 295 1
12 295 1
87 295 1
524 295 1
700 295 1
1308 295 1
1987 295 1
309 295 1
2790 295 1
3597 295 1
1838 295 1
3182 295 1
150 295 1
239 295 1
526 295 1
2342 295 1
2841 295 1
752 295 1
113 295 1
115 295 1
89 295 1
1453 295 1
2119 295 1
231 295 1
1422 295 1
2554 295 1
1315 295 1
977 295 1
1279 295 1
3417 295 1
493 295 1
467 295 1
181 295 1
1743 295 1
35 295 1
412 295 1
56 295 1
2147 295 1
782 295 1
798 295 1
175 295 1
347 295 1
4130 295 1
781 295 1
135 295 1
554 295 1
3184 295 1
3598 295 1
1227 295 1
662 295 1
368 295 1
343 295 1
2154 295 1
3255 295 1
380 295 1
2572 295 1
2356 295 1
159 295 1
115 295 1
2 295 1
1359 295 1
77 295 1
3993 295 1
2518 295 1
143 295 1
113 295 1
59 295 1
2631 295 1
0 295 1
1351 295 1
1170 295 1
3442 295 1
999 295 1
462 295 1
1468 295 1
1 295 1
411 295 1
2541 295 1
0 295 1
2006 295 1
313 295 1
125 295 1
1931 295 1
4132 295 1
2754 295 1
27 295 1
850 295 1
3045 295 1
1204 295 1
5 295 1
2835 295 1
814 295 1
1355 295 1
1515 295 1
495 295 1
439 295 1
1274 295 1
3189 295 1
876 295 1
2685 295 1
1126 295 1
0 295 1
237 295 1
3324 295 1
3880 295 1
51 295 1
2219 295 1
1123 295 1
988 295 1
1291 295 1
855 295 1
3154 295 1
35 295 1
3339 295 1
13 295 1
1404 295 1
4 296 1
2957 296 1
691 296 1
1267 296 1
893 296 1
1285 296 1
2452 296 1
38 296 1
532 296 1
3210 296 1
16 296 1
2594 296 1
1439 296 1
2462 296 1
1166 296 1
1281 296 1
2249 296 1
2113 296 1
104 296 1
2304 296 1
2087 296 1
1613 296 1
332 296 1
596 296 1
311 296 1
479 296 1
423 296 1
1008 296 1
949 296 1
86 296 1
529 296 1
132 296 1
2142 296 1
1 296 1
909 296 1
3347 296 1
129 296 1
3122 296 1
1705 296 1
25 296 1
2991 296 1
1063 296 1
741 296 1
1391 296 1
29 296 1
2260 296 1
1250 296 1
43 296 1
4191 296 1
188 296 1
2904 296 1
2813 296 1
1088 296 1
2924 296 1
1286 296 1
4001 296 1
157 296 1
71 296 1
334 296 1
1349 296 1
471 296 1
0 296 1
1375 296 1
38 296 1
2166 296 1
920 296 1
3306 296 1
380 296 1
3918 296 1
2 296 1
2710 296 1
3541 296 1
3759 296 1
1370 296 1
4102 296 1
1289 296 1
2436 296 1
413 296 1
2231 296 1
3387 296 1
3252 296 1
1433 296 1
567 296 1
83 296 1
354 296 1
126 296 1
1549 296 1
1395 296 1
1637 296 1
664 296 1
526 296 1
117 296 1
54 296 1
1071 296 1
172 296 1
2823 296 1
19 296 1
166 296 1
162 296 1
2868 296 1
3362 296 1
986 296 1
270 296 1
1391 296 1
1115 296 1
1758 296 1
1195 296 1
718 296 1
0 296 1
1055 296 1
942 296 1
151 296 1
3037 296 1
951 296 1
1529 296 1
3714 296 1
324 296 1
1926 296 1
3239 296 1
2557 296 1
189 296 1
74 296 1
4076 296 1
217 296 1
2554 296 1
13 296 1
1430 296 1
116 296 1
4206 296 1
535 296 1
52 296 1
326 296 1
4103 296 1
440 296 1
2278 296 1
471 296 1
419 296 1
2307 296 1
3881 296 1
416 296 1
444 296 1
957 296 1
586 296 1
354 296 1
684 296 1
12 296 1
812 296 1
2496 296 1
1982 296 1
2832 296 1
967 296 1
566 296 1
2963 296 1
2714 297 1
146 297 1
1560 297 1
24 297 1
446 297 1
0 297 1
3456 297 1
437 297 1
2764 297 1
472 297 1
3121 297 1
191 297 1
3689 297 1
781 297 1
306 297 1
2447 297 1
6 297 1
3802 297 1
3747 297 1
1067 297 1
337 297 1
316 297 1
818 297 1
0 297 1
2888 297 1
215 297 1
893 297 1
414 297 1
670 297 1
1659 297 1
1944 297 1
2968 297 1
391 297 1
360 297 1
129 297 1
681 297 1
641 297 1
3502 297 1
63 297 1
3876 297 1
631 297 1
120 297 1
42 297 1
1953 297 1
2249 297 1
1319 297 1
4093 297 1
3875 297 1
19 297 1
3418 297 1
68 297 1
309 297 1
3939 297 1
3591 297 1
100 297 1
1895 297 1
144 297 1
1136 297 1
1215 297 1
7 297 1
999 297 1
2937 297 1
314 297 1
354 297 1
2742 297 1
1908 297 1
1651 297 1
0 297 1
1678 297 1
178 297 1
3318 297 1
1936 297 1
1279 297 1
2508 297 1
440 297 1
174 297 1
331 297 1
2 297 1
248 297 1
1592 297 1
393 297 1
2080 297 1
60 297 1
1483 297 1
2189 297 1
514 297 1
2900 297 1
1235 297 1
13 297 1
188 297 1
2029 297 1
718 297 1
815 297 1
2388 297 1
1103 297 1
84 297 1
148 297 1
9 297 1
666 297 1
2739 297 1
3291 297 1
727 297 1
1075 297 1
713 297 1
75 297 1
4096 297 1
2453 297 1
3063 297 1
3620 297 1
3022 297 1
631 297 1
984 297 1
179 297 1
375 297 1
2539 297 1
1960 297 1
735 297 1
308 297 1
700 297 1
3151 297 1
3577 297 1
2629 297 1
3172 297 1
1197 297 1
174 297 1
667 297 1
1475 297 1
4 297 1
1549 297 1
2585 297 1
686 297 1
3185 297 1
1640 297 1
496 297 1
3354 297 1
992 297 1
15 297 1
1168 297 1
1128 297 1
3814 297 1
660 297 1
3525 297 1
2599 297 1
981 297 1
38 297 1
1406 297 1
108 297 1
2423 297 1
3286 297 1
83 297 1
45 297 1
2703 297 1
1599 297 1
499 298 1
3009 298 1
0 298 1
1379 298 1
1290 298 1
1598 298 1
260 298 1
16 298 1
1325 298 1
1040 298 1
3538 298 1
119 298 1
496 298 1
3994 298 1
4030 298 1
43 298 1
6 298 1
3415 298 1
65 298 1
779 298 1
138 298 1
848 298 1
2576 298 1
155 298 1
0 298 1
1 298 1
237 298 1
293 298 1
1606 298 1
3119 298 1
3924 298 1
494 298 1
2683 298 1
923 298 1
121 298 1
1300 298 1
2974 298 1
966 298 1
3163 298 1
634 298 1
43 298 1
1565 298 1
163 298 1
44 298 1
362 298 1
1660 298 1
485 298 1
1777 298 1
1359 298 1
515 298 1
407 298 1
3038 298 1
1273 298 1
1744 298 1
3610 298 1
1573 298 1
153 298 1
213 298 1
33 298 1
1483 298 1
26 298 1
1995 298 1
3065 298 1
507 298 1
21 298 1
2640 298 1
3822 298 1
2087 298 1
197 298 1
138 298 1
1529 298 1
538 298 1
27 298 1
2579 298 1
2000 298 1
3982 298 1
3870 298 1
2535 298 1
72 298 1
1960 298 1
35 298 1
246 298 1
2749 298 1
1910 298 1
693 298 1
3656 298 1
3830 298 1
242 298 1
1901 298 1
2684 298 1
215 298 1
662 298 1
1481 298 1
860 298 1
0 298 1
3917 298 1
787 298 1
427 298 1
1165 298 1
1064 298 1
0 298 1
812 298 1
1376 298 1
2722 298 1
2762 298 1
1892 298 1
22 298 1
494 298 1
258 298 1
1773 298 1
212 298 1
2982 298 1
2022 298 1
0 298 1
115 298 1
183 298 1
2661 298 1
1037 298 1
1820 298 1
595 298 1
3324 298 1
2 298 1
1901 298 1
886 298 1
1255 298 1
857 298 1
2046 298 1
2443 298 1
3789 298 1
140 298 1
2894 298 1
2025 298 1
474 298 1
496 298 1
4007 298 1
467 298 1
4059 298 1
29 298 1
1332 298 1
3340 298 1
1076 298 1
4165 298 1
1798 298 1
1411 298 1
150 298 1
414 298 1
0 298 1
468 298 1
2456 298 1
1050 298 1
2158 298 1
629 298 1
259 298 1
1172 299 1
802 299 1
3419 299 1
409 299 1
6 299 1
2561 299 1
3111 299 1
1961 299 1
3162 299 1
709 299 1
286 299 1
326 299 1
158 299 1
1768 299 1
641 299 1
2421 299 1
595 299 1
1130 299 1
3591 299 1
2432 299 1
1726 299 1
1396 299 1
463 299 1
1190 299 1
3385 299 1
362 299 1
1940 299 1
1099 299 1
840 299 1
174 299 1
73 299 1
1483 299 1
44 299 1
396 299 1
1773 299 1
207 299 1
2338 299 1
2815 299 1
555 299 1
3546 299 1
148 299 1
382 299 1
3607 299 1
334 299 1
2370 299 1
858 299 1
56 299 1
3894 299 1
1660 299 1
99 299 1
3682 299 1
600 299 1
1275 299 1
518 299 1
174 299 1
1652 299 1
269 299 1
55 299 1
1809 299 1
2 299 1
3244 299 1
189 299 1
373 299 1
73 299 1
1847 299 1
3562 299 1
17 299 1
1630 299 1
0 299 1
1416 299 1
1478 299 1
19 299 1
453 299 1
1725 299 1
246 299 1
213 299 1
157 299 1
2027 299 1
754 299 1
417 299 1
642 299 1
49 299 1
4069 299 1
2261 299 1
2899 299 1
3277 299 1
234 299 1
2360 299 1
2388 299 1
639 299 1
587 299 1
1898 299 1
1417 299 1
253 299 1
3871 299 1
0 299 1
2914 299 1
335 299 1
1725 299 1
1 299 1
2484 299 1
436 299 1
177 299 1
95 299 1
34 299 1
2979 299 1
3629 299 1
32 299 1
914 299 1
244 299 1
861 299 1
2146 299 1
0 299 1
2079 299 1
73 299 1
954 299 1
1207 299 1
993 299 1
3295 299 1
862 299 1
32 299 1
389 299 1
1764 299 1
2733 299 1
436 299 1
1449 299 1
1847 299 1
2150 299 1
54 299 1
1859 299 1
217 299 1
406 299 1
3327 299 1
1435 299 1
2115 299 1
829 299 1
3 299 1
1759 299 1
3087 299 1
1284 299 1
3469 299 1
45 299 1
3695 299 1
2745 299 1
2942 299 1
1270 299 1
22 299 1
170 299 1
3169 299 1
24 299 1
4030 299 1
2337 299 1
3255 299 1
3709 300 1
913 300 1
31 300 1
3046 300 1
1615 300 1
222 300 1
0 300 1
421 300 1
456 300 1
2098 300 1
3 300 1
33 300 1
3352 300 1
2407 300 1
1297 300 1
1607 300 1
3362 300 1
2302 300 1
2386 300 1
333 300 1
2165 300 1
1413 300 1
334 300 1
701 300 1
3920 300 1
3330 300 1
1334 300 1
371 300 1
935 300 1
160 300 1
1709 300 1
3189 300 1
47 300 1
177 300 1
171 300 1
1752 300 1
1309 300 1
2167 300 1
832 300 1
51 300 1
386 300 1
2 300 1
79 300 1
93 300 1
2557 300 1
191 300 1
1102 300 1
262 300 1
5 300 1
16 300 1
1233 300 1
240 300 1
210 300 1
981 300 1
2 300 1
10 300 1
3643 300 1
1171 300 1
697 300 1
241 300 1
3776 300 1
3 300 1
1204 300 1
3894 300 1
1562 300 1
307 300 1
54 300 1
102 300 1
1923 300 1
1809 300 1
1137 300 1
3389 300 1
3090 300 1
878 300 1
2067 300 1
2794 300 1
28 300 1
379 300 1
2157 300 1
4191 300 1
1186 300 1
913 300 1
3208 300 1
1170 300 1
1106 300 1
1037 300 1
0 300 1
1024 300 1
1153 300 1
1417 300 1
1647 300 1
1814 300 1
1801 300 1
497 300 1
2249 300 1
563 300 1
1133 300 1
1369 300 1
1009 300 1
713 300 1
95 300 1
3104 300 1
468 300 1
3445 300 1
3773 300 1
3288 300 1
3256 300 1
293 300 1
2725 300 1
143 300 1
464 300 1
289 300 1
3057 300 1
869 300 1
892 300 1
2139 300 1
2796 300 1
3176 300 1
3850 300 1
481 300 1
799 300 1
1446 300 1
68 300 1
81 300 1
4139 300 1
236 300 1
226 300 1
3586 300 1
1422 300 1
28 300 1
107 300 1
1980 300 1
1495 300 1
2593 300 1
963 300 1
978 300 1
483 300 1
4 300 1
3040 300 1
1297 300 1
2328 300 1
810 300 1
5 300 1
3173 300 1
3546 300 1
191 300 1
480 300 1
2775 300 1
633 300 1
3846 300 1
368 300 1
5 300 1
167 300 1
434 301 1
2552 301 1
3141 301 1
3116 301 1
1907 301 1
427 301 1
350 301 1
100 301 1
943 301 1
3336 301 1
2065 301 1
3317 301 1
1815 301 1
1752 301 1
471 301 1
3476 301 1
109 301 1
2522 301 1
326 301 1
593 301 1
1159 301 1
4075 301 1
3050 301 1
4116 301 1
593 301 1
1072 301 1
944 301 1
320 301 1
2061 301 1
220 301 1
668 301 1
3066 301 1
2663 301 1
2981 301 1
831 301 1
1422 301 1
1979 301 1
667 301 1
1473 301 1
0 301 1
3594 301 1
0 301 1
2831 301 1
83 301 1
377 301 1
1681 301 1
361 301 1
1885 301 1
1805 301 1
870 301 1
724 301 1
2653 301 1
162 301 1
53 301 1
247 301 1
182 301 1
3354 301 1
10 301 1
3068 301 1
1325 301 1
2904 301 1
3836 301 1
1358 301 1
840 301 1
3997 301 1
3657 301 1
983 301 1
2458 301 1
2929 301 1
607 301 1
756 301 1
998 301 1
398 301 1
1657 301 1
683 301 1
20 301 1
2 301 1
798 301 1
2202 301 1
444 301 1
4048 301 1
509 301 1
2847 301 1
89 301 1
3908 301 1
3372 301 1
444 301 1
146 301 1
3243 301 1
2951 301 1
682 301 1
506 301 1
3 301 1
653 301 1
629 301 1
104 301 1
210 301 1
3200 301 1
3182 301 1
9 301 1
3077 301 1
3226 301 1
140 301 1
187 301 1
399 301 1
214 301 1
24 301 1
3 301 1
45 301 1
2219 301 1
363 301 1
1229 301 1
3201 301 1
341 301 1
124 301 1
1550 301 1
1475 301 1
3557 301 1
1340 301 1
3613 301 1
918 301 1
260 301 1
224 301 1
887 301 1
264 301 1
13 301 1
2249 301 1
289 301 1
188 301 1
1383 301 1
1913 301 1
59 301 1
829 301 1
60 301 1
1388 301 1
290 301 1
3704 301 1
2120 301 1
2098 301 1
3502 301 1
759 301 1
2175 301 1
2 301 1
1300 301 1
25 301 1
383 301 1
2383 301 1
3519 301 1
822 301 1
237 301 1
639 301 1
252 301 1
676 301 1
322 302 1
4002 302 1
115 302 1
4201 302 1
3 302 1
2138 302 1
119 302 1
88 302 1
1690 302 1
282 302 1
2047 302 1
163 302 1
1916 302 1
618 302 1
481 302 1
196 302 1
93 302 1
919 302 1
1228 302 1
587 302 1
2257 302 1
1073 302 1
362 302 1
230 302 1
2653 302 1
65 302 1
4143 302 1
3791 302 1
281 302 1
1118 302 1
1916 302 1
2011 302 1
3971 302 1
26 302 1
485 302 1
1903 302 1
265 302 1
232 302 1
1340 302 1
2745 302 1
34 302 1
310 302 1
1592 302 1
651 302 1
1671 302 1
1174 302 1
1684 302 1
3028 302 1
1003 302 1
3874 302 1
7 302 1
3259 302 1
1919 302 1
15 302 1
91 302 1
2725 302 1
5 302 1
218 302 1
3048 302 1
43 302 1
398 302 1
2580 302 1
4118 302 1
2592 302 1
9 302 1
2236 302 1
902 302 1
2642 302 1
84 302 1
88 302 1
2349 302 1
3252 302 1
0 302 1
2202 302 1
2885 302 1
1878 302 1
1025 302 1
314 302 1
3590 302 1
3921 302 1
3579 302 1
51 302 1
762 302 1
558 302 1
305 302 1
852 302 1
2903 302 1
1808 302 1
101 302 1
3220 302 1
1806 302 1
71 302 1
1054 302 1
3111 302 1
64 302 1
1852 302 1
53 302 1
46 302 1
2562 302 1
3621 302 1
2212 302 1
1222 302 1
2014 302 1
264 302 1
1244 302 1
59 302 1
3168 302 1
83 302 1
890 302 1
442 302 1
3588 302 1
111 302 1
106 302 1
112 302 1
702 302 1
703 302 1
144 302 1
2613 302 1
125 302 1
6 302 1
1525 302 1
3 302 1
917 302 1
95 302 1
3785 302 1
3822 302 1
3262 302 1
382 302 1
2943 302 1
180 302 1
266 302 1
4131 302 1
203 302 1
2019 302 1
1612 302 1
623 302 1
3625 302 1
81 302 1
283 302 1
3947 302 1
0 302 1
131 302 1
858 302 1
1452 302 1
2517 302 1
1689 302 1
1810 302 1
1804 302 1
665 302 1
1669 302 1
259 302 1
2576 302 1
18 302 1
2550 303 1
3600 303 1
1114 303 1
431 303 1
1274 303 1
1228 303 1
2 303 1
2905 303 1
4153 303 1
2841 303 1
2158 303 1
991 303 1
1113 303 1
315 303 1
724 303 1
1137 303 1
2242 303 1
2551 303 1
2111 303 1
2342 303 1
283 303 1
211 303 1
152 303 1
860 303 1
2393 303 1
497 303 1
2924 303 1
4147 303 1
1626 303 1
182 303 1
55 303 1
10 303 1
1808 303 1
18 303 1
708 303 1
952 303 1
121 303 1
3613 303 1
1898 303 1
3003 303 1
3371 303 1
161 303 1
88 303 1
7 303 1
730 303 1
2510 303 1
2203 303 1
625 303 1
1274 303 1
275 303 1
2644 303 1
1380 303 1
23 303 1
224 303 1
103 303 1
194 303 1
4196 303 1
3142 303 1
98 303 1
2181 303 1
1 303 1
1608 303 1
12 303 1
328 303 1
345 303 1
324 303 1
380 303 1
2262 303 1
956 303 1
282 303 1
585 303 1
1122 303 1
1749 303 1
886 303 1
181 303 1
1381 303 1
254 303 1
1214 303 1
36 303 1
97 303 1
125 303 1
2796 303 1
979 303 1
2039 303 1
1804 303 1
2258 303 1
192 303 1
593 303 1
294 303 1
2921 303 1
3714 303 1
1760 303 1
571 303 1
176 303 1
208 303 1
2957 303 1
12 303 1
3348 303 1
480 303 1
925 303 1
40 303 1
3733 303 1
2448 303 1
4065 303 1
23 303 1
92 303 1
3293 303 1
917 303 1
41 303 1
9 303 1
2211 303 1
539 303 1
3597 303 1
3678 303 1
108 303 1
3053 303 1
64 303 1
1306 303 1
1810 303 1
3420 303 1
175 303 1
3090 303 1
2436 303 1
229 303 1
15 303 1
173 303 1
72 303 1
121 303 1
78 303 1
3874 303 1
530 303 1
1437 303 1
4188 303 1
1668 303 1
1894 303 1
3651 303 1
3700 303 1
3841 303 1
295 303 1
1185 303 1
420 303 1
2106 303 1
4106 303 1
407 303 1
82 303 1
3754 303 1
2224 303 1
38 303 1
2632 303 1
289 303 1
761 303 1
381 303 1
1906 303 1
618 304 1
978 304 1
950 304 1
1802 304 1
2882 304 1
128 304 1
767 304 1
3379 304 1
1753 304 1
499 304 1
3037 304 1
185 304 1
36 304 1
609 304 1
1343 304 1
169 304 1
4163 304 1
2095 304 1
43 304 1
1560 304 1
2141 304 1
3784 304 1
165 304 1
3628 304 1
268 304 1
61 304 1
241 304 1
668 304 1
39 304 1
143 304 1
0 304 1
44 304 1
454 304 1
2378 304 1
378 304 1
1374 304 1
168 304 1
1155 304 1
321 304 1
1191 304 1
1739 304 1
56 304 1
24 304 1
24 304 1
3305 304 1
903 304 1
1621 304 1
2826 304 1
1 304 1
17 304 1
259 304 1
465 304 1
4091 304 1
68 304 1
417 304 1
92 304 1
214 304 1
557 304 1
2054 304 1
780 304 1
4196 304 1
752 304 1
2477 304 1
204 304 1
1456 304 1
22 304 1
24 304 1
3269 304 1
417 304 1
111 304 1
3225 304 1
1254 304 1
333 304 1
3442 304 1
1315 304 1
1534 304 1
425 304 1
1753 304 1
1578 304 1
226 304 1
487 304 1
113 304 1
3459 304 1
3073 304 1
52 304 1
2447 304 1
859 304 1
1014 304 1
244 304 1
1308 304 1
2656 304 1
3556 304 1
985 304 1
855 304 1
1776 304 1
351 304 1
2708 304 1
1414 304 1
389 304 1
1500 304 1
1098 304 1
2578 304 1
24 304 1
10 304 1
423 304 1
271 304 1
164 304 1
57 304 1
2762 304 1
32 304 1
146 304 1
3307 304 1
539 304 1
1572 304 1
1133 304 1
595 304 1
529 304 1
3667 304 1
3583 304 1
4 304 1
2677 304 1
737 304 1
457 304 1
200 304 1
1693 304 1
3610 304 1
2594 304 1
4049 304 1
39 304 1
1088 304 1
1134 304 1
1080 304 1
4 304 1
962 304 1
4081 304 1
186 304 1
318 304 1
98 304 1
4144 304 1
3830 304 1
1619 304 1
3057 304 1
2526 304 1
2022 304 1
391 304 1
2201 304 1
195 304 1
1460 304 1
72 304 1
696 304 1
637 304 1
7 304 1
2106 304 1
1596 305 1
809 305 1
86 305 1
790 305 1
2979 305 1
3 305 1
1134 305 1
101 305 1
699 305 1
2056 305 1
9 305 1
3269 305 1
724 305 1
1426 305 1
12 305 1
56 305 1
938 305 1
215 305 1
897 305 1
2522 305 1
3155 305 1
314 305 1
60 305 1
2798 305 1
2721 305 1
9 305 1
4115 305 1
4032 305 1
1749 305 1
787 305 1
469 305 1
386 305 1
634 305 1
2056 305 1
1450 305 1
2957 305 1
1053 305 1
979 305 1
122 305 1
311 305 1
881 305 1
2802 305 1
54 305 1
2 305 1
763 305 1
28 305 1
14 305 1
7 305 1
402 305 1
0 305 1
254 305 1
2108 305 1
1161 305 1
3034 305 1
2275 305 1
420 305 1
209 305 1
2619 305 1
1738 305 1
809 305 1
3036 305 1
791 305 1
14 305 1
430 305 1
0 305 1
20 305 1
382 305 1
3240 305 1
2002 305 1
852 305 1
2201 305 1
114 305 1
3805 305 1
930 305 1
361 305 1
1590 305 1
466 305 1
3616 305 1
103 305 1
419 305 1
0 305 1
1882 305 1
23 305 1
1374 305 1
4070 305 1
1819 305 1
106 305 1
95 305 1
231 305 1
0 305 1
2891 305 1
2863 305 1
37 305 1
191 305 1
23 305 1
618 305 1
429 305 1
49 305 1
1589 305 1
1863 305 1
1028 305 1
2670 305 1
4077 305 1
2019 305 1
519 305 1
3378 305 1
2438 305 1
493 305 1
1567 305 1
24 305 1
1529 305 1
42 305 1
1619 305 1
72 305 1
38 305 1
167 305 1
2134 305 1
3615 305 1
401 305 1
1482 305 1
671 305 1
2506 305 1
1170 305 1
1661 305 1
207 305 1
3047 305 1
2 305 1
1515 305 1
1206 305 1
3568 305 1
2925 305 1
4007 305 1
2507 305 1
79 305 1
2396 305 1
1825 305 1
1996 305 1
3242 305 1
1600 305 1
3153 305 1
542 305 1
79 305 1
56 305 1
20 305 1
3617 305 1
16 305 1
11 305 1
37 305 1
186 305 1
2357 305 1
1479 305 1
3286 305 1
3230 305 1
52 306 1
2408 306 1
1482 306 1
269 306 1
43 306 1
427 306 1
3713 306 1
922 306 1
444 306 1
858 306 1
3835 306 1
914 306 1
612 306 1
3901 306 1
3730 306 1
2818 306 1
107 306 1
141 306 1
1325 306 1
3626 306 1
875 306 1
1366 306 1
1803 306 1
916 306 1
39 306 1
198 306 1
2556 306 1
1963 306 1
301 306 1
1961 306 1
3540 306 1
248 306 1
1301 306 1
3084 306 1
1441 306 1
792 306 1
2774 306 1
5 306 1
3681 306 1
580 306 1
1204 306 1
2919 306 1
1137 306 1
38 306 1
3681 306 1
2858 306 1
16 306 1
0 306 1
80 306 1
1479 306 1
913 306 1
560 306 1
2252 306 1
1617 306 1
1713 306 1
368 306 1
2487 306 1
3716 306 1
3002 306 1
2367 306 1
311 306 1
2356 306 1
1900 306 1
54 306 1
697 306 1
1310 306 1
2335 306 1
1177 306 1
2494 306 1
69 306 1
2428 306 1
7 306 1
48 306 1
3803 306 1
8 306 1
3367 306 1
433 306 1
204 306 1
3013 306 1
306 306 1
780 306 1
4153 306 1
686 306 1
3015 306 1
879 306 1
372 306 1
3709 306 1
142 306 1
1649 306 1
4088 306 1
1002 306 1
1357 306 1
0 306 1
131 306 1
1751 306 1
757 306 1
615 306 1
2066 306 1
1119 306 1
120 306 1
979 306 1
1888 306 1
2268 306 1
2929 306 1
85 306 1
529 306 1
1996 306 1
1938 306 1
1959 306 1
1278 306 1
2519 306 1
1121 306 1
20 306 1
3272 306 1
0 306 1
0 306 1
478 306 1
388 306 1
626 306 1
1672 306 1
1384 306 1
805 306 1
748 306 1
1944 306 1
588 306 1
2558 306 1
496 306 1
1986 306 1
1900 306 1
1169 306 1
393 306 1
12 306 1
241 306 1
2528 306 1
2521 306 1
1286 306 1
3483 306 1
583 306 1
943 306 1
21 306 1
77 306 1
2197 306 1
409 306 1
3879 306 1
3982 306 1
618 306 1
3940 306 1
1985 306 1
10 306 1
26 306 1
1134 306 1
3783 306 1
4174 306 1
6 307 1
1400 307 1
43 307 1
1970 307 1
2425 307 1
1843 307 1
3297 307 1
867 307 1
324 307 1
2643 307 1
3280 307 1
87 307 1
958 307 1
4 307 1
3458 307 1
32 307 1
546 307 1
124 307 1
1086 307 1
50 307 1
1979 307 1
52 307 1
342 307 1
2753 307 1
605 307 1
2953 307 1
3224 307 1
2011 307 1
198 307 1
108 307 1
3564 307 1
1867 307 1
77 307 1
3183 307 1
3242 307 1
2176 307 1
626 307 1
41 307 1
147 307 1
952 307 1
1221 307 1
702 307 1
1043 307 1
897 307 1
1212 307 1
144 307 1
1579 307 1
2332 307 1
1194 307 1
584 307 1
32 307 1
4208 307 1
868 307 1
596 307 1
2549 307 1
1962 307 1
10 307 1
378 307 1
3741 307 1
131 307 1
1741 307 1
19 307 1
1921 307 1
227 307 1
679 307 1
315 307 1
3892 307 1
275 307 1
675 307 1
2041 307 1
168 307 1
288 307 1
1901 307 1
760 307 1
996 307 1
389 307 1
434 307 1
893 307 1
437 307 1
1749 307 1
634 307 1
1571 307 1
3242 307 1
2942 307 1
567 307 1
327 307 1
44 307 1
3227 307 1
1427 307 1
396 307 1
3133 307 1
48 307 1
220 307 1
3680 307 1
13 307 1
148 307 1
179 307 1
1585 307 1
1758 307 1
0 307 1
58 307 1
1156 307 1
3226 307 1
2421 307 1
12 307 1
595 307 1
108 307 1
419 307 1
3259 307 1
1441 307 1
24 307 1
121 307 1
552 307 1
1908 307 1
935 307 1
2256 307 1
30 307 1
1145 307 1
464 307 1
252 307 1
467 307 1
109 307 1
533 307 1
2366 307 1
79 307 1
182 307 1
3856 307 1
3945 307 1
3 307 1
2701 307 1
832 307 1
2203 307 1
4147 307 1
2572 307 1
1872 307 1
1029 307 1
775 307 1
505 307 1
2381 307 1
832 307 1
4107 307 1
1158 307 1
963 307 1
1891 307 1
94 307 1
1714 307 1
184 307 1
81 307 1
330 307 1
367 307 1
3237 307 1
37 307 1
996 307 1
2040 308 1
3757 308 1
1213 308 1
1990 308 1
926 308 1
48 308 1
2006 308 1
326 308 1
1737 308 1
375 308 1
2502 308 1
29 308 1
1367 308 1
905 308 1
30 308 1
114 308 1
947 308 1
1445 308 1
79 308 1
28 308 1
2226 308 1
95 308 1
192 308 1
3444 308 1
3115 308 1
1519 308 1
1290 308 1
364 308 1
707 308 1
551 308 1
2086 308 1
148 308 1
17 308 1
2323 308 1
4145 308 1
3682 308 1
74 308 1
2905 308 1
333 308 1
2767 308 1
979 308 1
1882 308 1
3008 308 1
3811 308 1
1315 308 1
1240 308 1
4150 308 1
4126 308 1
334 308 1
1506 308 1
4004 308 1
3672 308 1
293 308 1
661 308 1
979 308 1
1536 308 1
2890 308 1
3144 308 1
1938 308 1
2314 308 1
3706 308 1
1333 308 1
2933 308 1
215 308 1
4041 308 1
1038 308 1
1674 308 1
230 308 1
2794 308 1
482 308 1
4040 308 1
652 308 1
19 308 1
364 308 1
0 308 1
463 308 1
3745 308 1
1352 308 1
2865 308 1
3419 308 1
28 308 1
1393 308 1
2010 308 1
11 308 1
2113 308 1
2329 308 1
298 308 1
3364 308 1
2659 308 1
2105 308 1
381 308 1
3291 308 1
1682 308 1
913 308 1
142 308 1
3514 308 1
3076 308 1
1653 308 1
14 308 1
3573 308 1
797 308 1
16 308 1
1471 308 1
112 308 1
864 308 1
2539 308 1
858 308 1
634 308 1
2046 308 1
165 308 1
597 308 1
1419 308 1
254 308 1
58 308 1
1345 308 1
3157 308 1
149 308 1
2809 308 1
3533 308 1
232 308 1
0 308 1
2652 308 1
306 308 1
601 308 1
147 308 1
3278 308 1
4166 308 1
1072 308 1
2621 308 1
2881 308 1
1485 308 1
1305 308 1
216 308 1
61 308 1
1175 308 1
495 308 1
2444 308 1
3729 308 1
482 308 1
1353 308 1
1857 308 1
431 308 1
702 308 1
2354 308 1
260 308 1
126 308 1
4006 308 1
2877 308 1
3361 308 1
404 308 1
476 308 1
461 308 1
2835 308 1
2275 309 1
3442 309 1
287 309 1
3406 309 1
2298 309 1
20 309 1
1024 309 1
731 309 1
81 309 1
320 309 1
378 309 1
3684 309 1
3077 309 1
427 309 1
36 309 1
1372 309 1
532 309 1
3289 309 1
1942 309 1
74 309 1
3759 309 1
225 309 1
0 309 1
104 309 1
545 309 1
1207 309 1
412 309 1
677 309 1
2622 309 1
1275 309 1
281 309 1
65 309 1
3953 309 1
588 309 1
1304 309 1
3177 309 1
753 309 1
1674 309 1
892 309 1
339 309 1
2919 309 1
665 309 1
188 309 1
2125 309 1
1881 309 1
43 309 1
171 309 1
636 309 1
5 309 1
1507 309 1
3755 309 1
2516 309 1
3836 309 1
840 309 1
14 309 1
516 309 1
1056 309 1
3889 309 1
963 309 1
17 309 1
217 309 1
4040 309 1
323 309 1
304 309 1
309 309 1
151 309 1
10 309 1
815 309 1
1052 309 1
3008 309 1
0 309 1
1620 309 1
416 309 1
112 309 1
872 309 1
1424 309 1
332 309 1
601 309 1
234 309 1
3543 309 1
1045 309 1
1613 309 1
3301 309 1
1247 309 1
293 309 1
984 309 1
1298 309 1
16 309 1
9 309 1
127 309 1
220 309 1
3459 309 1
580 309 1
474 309 1
3885 309 1
180 309 1
283 309 1
3326 309 1
811 309 1
2304 309 1
225 309 1
64 309 1
652 309 1
742 309 1
606 309 1
1592 309 1
1125 309 1
426 309 1
470 309 1
221 309 1
1102 309 1
52 309 1
2846 309 1
1799 309 1
106 309 1
1495 309 1
1866 309 1
3741 309 1
4044 309 1
1365 309 1
174 309 1
2749 309 1
444 309 1
937 309 1
2826 309 1
1765 309 1
1499 309 1
2986 309 1
3126 309 1
585 309 1
563 309 1
976 309 1
792 309 1
127 309 1
6 309 1
3155 309 1
412 309 1
1945 309 1
4117 309 1
819 309 1
9 309 1
847 309 1
109 309 1
4199 309 1
1317 309 1
1534 309 1
447 309 1
211 309 1
3458 309 1
152 309 1
713 309 1
2591 309 1
1275 309 1
1512 310 1
294 310 1
347 310 1
4040 310 1
9 310 1
116 310 1
1818 310 1
4 310 1
988 310 1
3537 310 1
3335 310 1
3837 310 1
1671 310 1
3016 310 1
655 310 1
969 310 1
332 310 1
1254 310 1
4118 310 1
3 310 1
3446 310 1
258 310 1
1867 310 1
1634 310 1
3649 310 1
2565 310 1
4112 310 1
372 310 1
1253 310 1
794 310 1
1839 310 1
557 310 1
1514 310 1
1096 310 1
2334 310 1
1427 310 1
2341 310 1
98 310 1
1253 310 1
343 310 1
13 310 1
298 310 1
1098 310 1
2226 310 1
633 310 1
3837 310 1
212 310 1
2507 310 1
110 310 1
3896 310 1
10 310 1
680 310 1
1653 310 1
679 310 1
731 310 1
13 310 1
2459 310 1
1418 310 1
1543 310 1
5 310 1
11 310 1
349 310 1
105 310 1
2248 310 1
3496 310 1
3411 310 1
723 310 1
2829 310 1
4102 310 1
3281 310 1
1299 310 1
439 310 1
3 310 1
3 310 1
483 310 1
321 310 1
341 310 1
2397 310 1
568 310 1
3890 310 1
3729 310 1
929 310 1
2369 310 1
663 310 1
2402 310 1
1296 310 1
1951 310 1
1023 310 1
55 310 1
262 310 1
2590 310 1
2427 310 1
45 310 1
1513 310 1
48 310 1
3449 310 1
339 310 1
28 310 1
356 310 1
135 310 1
442 310 1
116 310 1
687 310 1
2081 310 1
42 310 1
1387 310 1
457 310 1
2333 310 1
1321 310 1
2258 310 1
2484 310 1
1608 310 1
971 310 1
3379 310 1
0 310 1
2617 310 1
1090 310 1
394 310 1
612 310 1
2324 310 1
2401 310 1
2048 310 1
3720 310 1
1648 310 1
3800 310 1
2643 310 1
406 310 1
1617 310 1
979 310 1
0 310 1
570 310 1
1956 310 1
6 310 1
1674 310 1
1272 310 1
184 310 1
55 310 1
648 310 1
1062 310 1
822 310 1
984 310 1
339 310 1
1018 310 1
163 310 1
4161 310 1
605 310 1
183 310 1
1465 310 1
4141 310 1
2468 310 1
143 310 1
0 310 1
3802 310 1
1125 311 1
490 311 1
1475 311 1
2319 311 1
1622 311 1
1714 311 1
0 311 1
1904 311 1
2827 311 1
56 311 1
2654 311 1
4186 311 1
138 311 1
442 311 1
745 311 1
45 311 1
321 311 1
237 311 1
679 311 1
3043 311 1
1659 311 1
234 311 1
2856 311 1
3336 311 1
13 311 1
676 311 1
0 311 1
123 311 1
1430 311 1
1078 311 1
1240 311 1
303 311 1
1954 311 1
2668 311 1
3820 311 1
150 311 1
1655 311 1
442 311 1
3450 311 1
4100 311 1
330 311 1
3746 311 1
1616 311 1
1037 311 1
355 311 1
270 311 1
1000 311 1
560 311 1
1933 311 1
3948 311 1
1819 311 1
3115 311 1
665 311 1
1573 311 1
1054 311 1
1251 311 1
719 311 1
3608 311 1
253 311 1
127 311 1
666 311 1
2292 311 1
3856 311 1
3673 311 1
496 311 1
0 311 1
1421 311 1
3942 311 1
2003 311 1
959 311 1
42 311 1
1018 311 1
2145 311 1
88 311 1
32 311 1
562 311 1
3029 311 1
711 311 1
4185 311 1
2655 311 1
1989 311 1
2297 311 1
1563 311 1
45 311 1
3884 311 1
63 311 1
1323 311 1
3631 311 1
8 311 1
3297 311 1
354 311 1
2203 311 1
429 311 1
4136 311 1
353 311 1
354 311 1
3636 311 1
1008 311 1
5 311 1
4162 311 1
2159 311 1
3862 311 1
2734 311 1
431 311 1
1496 311 1
132 311 1
52 311 1
0 311 1
18 311 1
350 311 1
2306 311 1
3945 311 1
1245 311 1
430 311 1
4081 311 1
343 311 1
360 311 1
0 311 1
3367 311 1
3074 311 1
223 311 1
681 311 1
1319 311 1
3216 311 1
1930 311 1
4136 311 1
454 311 1
282 311 1
16 311 1
155 311 1
115 311 1
857 311 1
1123 311 1
2597 311 1
3171 311 1
2143 311 1
992 311 1
1012 311 1
3112 311 1
2857 311 1
1549 311 1
198 311 1
0 311 1
3404 311 1
143 311 1
1358 311 1
2688 311 1
2385 311 1
577 311 1
1504 311 1
3550 311 1
1927 311 1
1552 311 1
95 312 1
343 312 1
20 312 1
505 312 1
2921 312 1
4036 312 1
2460 312 1
214 312 1
353 312 1
1000 312 1
1304 312 1
952 312 1
83 312 1
3485 312 1
588 312 1
276 312 1
192 312 1
300 312 1
2833 312 1
1764 312 1
3304 312 1
502 312 1
3971 312 1
3790 312 1
3042 312 1
378 312 1
3564 312 1
3632 312 1
89 312 1
78 312 1
616 312 1
1184 312 1
195 312 1
311 312 1
109 312 1
1342 312 1
2612 312 1
3377 312 1
214 312 1
16 312 1
2352 312 1
4195 312 1
326 312 1
1181 312 1
1836 312 1
638 312 1
247 312 1
443 312 1
1374 312 1
480 312 1
169 312 1
841 312 1
2485 312 1
1387 312 1
57 312 1
1506 312 1
1356 312 1
1187 312 1
183 312 1
2685 312 1
1706 312 1
12 312 1
1355 312 1
933 312 1
2985 312 1
372 312 1
2074 312 1
545 312 1
643 312 1
309 312 1
1316 312 1
48 312 1
44 312 1
336 312 1
1045 312 1
2566 312 1
3796 312 1
228 312 1
141 312 1
3156 312 1
528 312 1
2387 312 1
4 312 1
550 312 1
3748 312 1
356 312 1
430 312 1
40 312 1
2782 312 1
3990 312 1
225 312 1
2354 312 1
255 312 1
3865 312 1
3412 312 1
1709 312 1
7 312 1
2721 312 1
477 312 1
185 312 1
475 312 1
328 312 1
164 312 1
320 312 1
3172 312 1
947 312 1
3462 312 1
1957 312 1
4105 312 1
2935 312 1
33 312 1
19 312 1
51 312 1
455 312 1
2742 312 1
2923 312 1
1973 312 1
4155 312 1
2080 312 1
6 312 1
1119 312 1
1452 312 1
10 312 1
1722 312 1
73 312 1
1305 312 1
1195 312 1
3289 312 1
1674 312 1
1602 312 1
316 312 1
53 312 1
35 312 1
792 312 1
737 312 1
2362 312 1
4203 312 1
548 312 1
41 312 1
1510 312 1
1850 312 1
48 312 1
3220 312 1
1371 312 1
3406 312 1
238 312 1
533 312 1
1872 312 1
1465 312 1
2528 312 1
1853 312 1
1051 312 1
1292 312 1
177 313 1
1874 313 1
1015 313 1
118 313 1
347 313 1
2969 313 1
573 313 1
99 313 1
1967 313 1
371 313 1
62 313 1
748 313 1
0 313 1
71 313 1
1205 313 1
24 313 1
2324 313 1
3816 313 1
6 313 1
311 313 1
2055 313 1
267 313 1
946 313 1
1724 313 1
33 313 1
647 313 1
3753 313 1
3 313 1
2515 313 1
1664 313 1
38 313 1
641 313 1
3594 313 1
5 313 1
3504 313 1
65 313 1
1570 313 1
2547 313 1
82 313 1
2275 313 1
912 313 1
1662 313 1
1371 313 1
2640 313 1
2493 313 1
2527 313 1
2684 313 1
2550 313 1
645 313 1
2759 313 1
0 313 1
0 313 1
204 313 1
1368 313 1
6 313 1
1544 313 1
341 313 1
1645 313 1
11 313 1
460 313 1
960 313 1
676 313 1
1533 313 1
1291 313 1
222 313 1
606 313 1
1883 313 1
2486 313 1
790 313 1
3635 313 1
9 313 1
901 313 1
77 313 1
3324 313 1
3631 313 1
1511 313 1
1370 313 1
277 313 1
996 313 1
2783 313 1
746 313 1
1439 313 1
2706 313 1
1199 313 1
3295 313 1
1352 313 1
1720 313 1
2631 313 1
1570 313 1
246 313 1
2053 313 1
3853 313 1
1458 313 1
326 313 1
2499 313 1
1286 313 1
466 313 1
2135 313 1
2859 313 1
665 313 1
3263 313 1
1818 313 1
1542 313 1
2482 313 1
3618 313 1
2907 313 1
1351 313 1
44 313 1
1202 313 1
1783 313 1
188 313 1
2 313 1
2274 313 1
4 313 1
1482 313 1
2949 313 1
1052 313 1
28 313 1
1430 313 1
5 313 1
1255 313 1
3628 313 1
728 313 1
466 313 1
660 313 1
68 313 1
50 313 1
1733 313 1
688 313 1
1944 313 1
556 313 1
7 313 1
135 313 1
1021 313 1
181 313 1
30 313 1
1157 313 1
13 313 1
2 313 1
1132 313 1
2222 313 1
477 313 1
3872 313 1
79 313 1
1051 313 1
10 313 1
1119 313 1
3620 313 1
0 313 1
2664 313 1
726 313 1
2871 313 1
190 313 1
3248 314 1
1354 314 1
577 314 1
233 314 1
4195 314 1
1474 314 1
2593 314 1
163 314 1
73 314 1
230 314 1
342 314 1
3963 314 1
3986 314 1
200 314 1
3142 314 1
168 314 1
3380 314 1
58 314 1
2234 314 1
1341 314 1
1194 314 1
2425 314 1
49 314 1
825 314 1
796 314 1
708 314 1
371 314 1
1435 314 1
3895 314 1
44 314 1
77 314 1
18 314 1
262 314 1
1070 314 1
73 314 1
2381 314 1
133 314 1
2831 314 1
1377 314 1
3898 314 1
491 314 1
2731 314 1
333 314 1
213 314 1
38 314 1
1688 314 1
3506 314 1
2612 314 1
942 314 1
35 314 1
1242 314 1
91 314 1
3145 314 1
428 314 1
3822 314 1
2738 314 1
4 314 1
19 314 1
320 314 1
3650 314 1
851 314 1
236 314 1
716 314 1
1908 314 1
1053 314 1
1475 314 1
1801 314 1
192 314 1
200 314 1
18 314 1
797 314 1
351 314 1
976 314 1
0 314 1
3814 314 1
675 314 1
3192 314 1
913 314 1
2596 314 1
3831 314 1
1885 314 1
901 314 1
307 314 1
3219 314 1
478 314 1
9 314 1
510 314 1
781 314 1
4044 314 1
977 314 1
1675 314 1
1576 314 1
961 314 1
58 314 1
3133 314 1
2627 314 1
297 314 1
1717 314 1
11 314 1
580 314 1
3 314 1
3712 314 1
2226 314 1
3698 314 1
35 314 1
2147 314 1
212 314 1
698 314 1
27 314 1
1001 314 1
430 314 1
204 314 1
1923 314 1
1346 314 1
2846 314 1
449 314 1
1998 314 1
135 314 1
3939 314 1
2452 314 1
2604 314 1
31 314 1
1620 314 1
20 314 1
913 314 1
1718 314 1
4063 314 1
582 314 1
1614 314 1
140 314 1
1083 314 1
1934 314 1
2209 314 1
3692 314 1
1701 314 1
131 314 1
3494 314 1
1478 314 1
1802 314 1
562 314 1
3172 314 1
1649 314 1
3096 314 1
1635 314 1
1172 314 1
14 314 1
1387 314 1
47 314 1
9 314 1
389 314 1
509 314 1
3893 314 1
251 314 1
3014 315 1
14 315 1
71 315 1
3362 315 1
1942 315 1
1932 315 1
700 315 1
3280 315 1
489 315 1
40 315 1
2290 315 1
80 315 1
188 315 1
2485 315 1
2347 315 1
43 315 1
90 315 1
1999 315 1
3680 315 1
908 315 1
3772 315 1
1688 315 1
1840 315 1
361 315 1
77 315 1
7 315 1
2315 315 1
2804 315 1
3165 315 1
3578 315 1
533 315 1
1814 315 1
3097 315 1
3447 315 1
1676 315 1
4025 315 1
1551 315 1
132 315 1
1581 315 1
1650 315 1
4140 315 1
77 315 1
88 315 1
182 315 1
2 315 1
1729 315 1
414 315 1
225 315 1
2224 315 1
1464 315 1
2975 315 1
4109 315 1
2859 315 1
223 315 1
747 315 1
3108 315 1
4068 315 1
1897 315 1
4 315 1
2381 315 1
1202 315 1
225 315 1
1058 315 1
1277 315 1
2076 315 1
1212 315 1
485 315 1
0 315 1
1038 315 1
627 315 1
2116 315 1
2214 315 1
2331 315 1
3721 315 1
2155 315 1
635 315 1
2952 315 1
32 315 1
413 315 1
2440 315 1
150 315 1
1814 315 1
3567 315 1
1920 315 1
34 315 1
3700 315 1
3379 315 1
1670 315 1
79 315 1
506 315 1
1330 315 1
2996 315 1
111 315 1
355 315 1
2268 315 1
1822 315 1
697 315 1
1259 315 1
157 315 1
731 315 1
538 315 1
1152 315 1
2617 315 1
480 315 1
1875 315 1
359 315 1
4181 315 1
1237 315 1
86 315 1
2336 315 1
1106 315 1
4007 315 1
1881 315 1
841 315 1
119 315 1
111 315 1
3774 315 1
3969 315 1
2 315 1
1092 315 1
3133 315 1
2599 315 1
3033 315 1
108 315 1
4107 315 1
83 315 1
663 315 1
2053 315 1
482 315 1
3594 315 1
941 315 1
1306 315 1
1520 315 1
3657 315 1
3231 315 1
455 315 1
2621 315 1
2577 315 1
2246 315 1
29 315 1
136 315 1
688 315 1
1067 315 1
2745 315 1
211 315 1
8 315 1
52 315 1
2239 315 1
883 315 1
2659 315 1
2430 315 1
3175 315 1
324 315 1
53 316 1
668 316 1
4147 316 1
113 316 1
1205 316 1
2348 316 1
1748 316 1
2549 316 1
247 316 1
321 316 1
24 316 1
1915 316 1
1244 316 1
4060 316 1
181 316 1
1502 316 1
728 316 1
1626 316 1
2421 316 1
1881 316 1
2348 316 1
2925 316 1
455 316 1
1592 316 1
251 316 1
147 316 1
4138 316 1
853 316 1
363 316 1
1280 316 1
1249 316 1
0 316 1
272 316 1
2607 316 1
3509 316 1
3982 316 1
1467 316 1
831 316 1
1388 316 1
200 316 1
816 316 1
362 316 1
1588 316 1
272 316 1
1257 316 1
3 316 1
1695 316 1
188 316 1
1555 316 1
493 316 1
110 316 1
1168 316 1
1035 316 1
1882 316 1
2314 316 1
1994 316 1
1811 316 1
1608 316 1
1763 316 1
3640 316 1
3492 316 1
3659 316 1
1437 316 1
2367 316 1
1511 316 1
727 316 1
1385 316 1
829 316 1
3354 316 1
1106 316 1
108 316 1
166 316 1
803 316 1
2708 316 1
87 316 1
1589 316 1
3479 316 1
2384 316 1
2 316 1
3734 316 1
3634 316 1
1105 316 1
611 316 1
3191 316 1
3278 316 1
2560 316 1
1192 316 1
138 316 1
1521 316 1
102 316 1
1451 316 1
345 316 1
395 316 1
162 316 1
605 316 1
0 316 1
716 316 1
2940 316 1
2291 316 1
282 316 1
350 316 1
222 316 1
309 316 1
1819 316 1
1221 316 1
2901 316 1
96 316 1
1627 316 1
1212 316 1
3773 316 1
1277 316 1
758 316 1
633 316 1
2948 316 1
12 316 1
3785 316 1
4164 316 1
2132 316 1
657 316 1
1277 316 1
641 316 1
923 316 1
167 316 1
1543 316 1
1788 316 1
1895 316 1
2735 316 1
65 316 1
178 316 1
249 316 1
249 316 1
1840 316 1
188 316 1
3743 316 1
1890 316 1
3 316 1
2362 316 1
115 316 1
2905 316 1
868 316 1
422 316 1
1302 316 1
1797 316 1
2 316 1
1605 316 1
2685 316 1
948 316 1
2935 316 1
1599 316 1
1586 316 1
11 316 1
1797 316 1
1928 316 1
44 317 1
2574 317 1
57 317 1
180 317 1
804 317 1
833 317 1
15 317 1
130 317 1
1624 317 1
1190 317 1
0 317 1
758 317 1
609 317 1
2507 317 1
695 317 1
26 317 1
2700 317 1
33 317 1
1449 317 1
12 317 1
5 317 1
1830 317 1
304 317 1
1492 317 1
58 317 1
968 317 1
303 317 1
382 317 1
2350 317 1
1317 317 1
82 317 1
52 317 1
1360 317 1
256 317 1
78 317 1
57 317 1
2501 317 1
388 317 1
1959 317 1
1126 317 1
142 317 1
520 317 1
670 317 1
3167 317 1
2499 317 1
3903 317 1
1840 317 1
1712 317 1
4069 317 1
1917 317 1
376 317 1
2434 317 1
170 317 1
2156 317 1
71 317 1
71 317 1
2037 317 1
431 317 1
2090 317 1
62 317 1
3660 317 1
754 317 1
857 317 1
962 317 1
3772 317 1
3839 317 1
213 317 1
3924 317 1
3106 317 1
1710 317 1
0 317 1
1273 317 1
2647 317 1
613 317 1
1295 317 1
3798 317 1
1390 317 1
1964 317 1
2385 317 1
1152 317 1
432 317 1
1282 317 1
279 317 1
548 317 1
159 317 1
333 317 1
4151 317 1
151 317 1
4011 317 1
472 317 1
487 317 1
1014 317 1
0 317 1
0 317 1
1141 317 1
1842 317 1
55 317 1
362 317 1
3895 317 1
3521 317 1
2540 317 1
128 317 1
1761 317 1
2389 317 1
47 317 1
2040 317 1
2053 317 1
14 317 1
3549 317 1
0 317 1
1056 317 1
814 317 1
1776 317 1
449 317 1
2184 317 1
3065 317 1
1299 317 1
1404 317 1
3079 317 1
597 317 1
70 317 1
13 317 1
202 317 1
2534 317 1
377 317 1
19 317 1
4102 317 1
687 317 1
4182 317 1
1795 317 1
2865 317 1
1589 317 1
1192 317 1
2959 317 1
2082 317 1
241 317 1
3635 317 1
1039 317 1
2919 317 1
2846 317 1
28 317 1
3795 317 1
3536 317 1
1238 317 1
2152 317 1
4072 317 1
2020 317 1
221 317 1
2191 317 1
2679 317 1
2936 317 1
5 317 1
1533 317 1
318 318 1
1104 318 1
3593 318 1
2882 318 1
787 318 1
1240 318 1
92 318 1
17 318 1
3247 318 1
2941 318 1
3840 318 1
189 318 1
331 318 1
1332 318 1
3999 318 1
1326 318 1
241 318 1
3449 318 1
551 318 1
3723 318 1
3553 318 1
655 318 1
292 318 1
2618 318 1
3777 318 1
1917 318 1
29 318 1
3742 318 1
460 318 1
2741 318 1
14 318 1
395 318 1
996 318 1
1596 318 1
4055 318 1
15 318 1
1365 318 1
432 318 1
2377 318 1
3968 318 1
1 318 1
2218 318 1
672 318 1
1181 318 1
2305 318 1
1843 318 1
3072 318 1
3180 318 1
1484 318 1
14 318 1
1025 318 1
779 318 1
3121 318 1
658 318 1
2140 318 1
837 318 1
1776 318 1
3826 318 1
918 318 1
1755 318 1
37 318 1
369 318 1
2174 318 1
2680 318 1
808 318 1
1945 318 1
3 318 1
1080 318 1
3566 318 1
2461 318 1
2713 318 1
1149 318 1
2717 318 1
1081 318 1
1109 318 1
134 318 1
3 318 1
2887 318 1
3513 318 1
137 318 1
61 318 1
1815 318 1
120 318 1
992 318 1
42 318 1
873 318 1
36 318 1
3 318 1
908 318 1
576 318 1
2708 318 1
2480 318 1
2111 318 1
538 318 1
465 318 1
703 318 1
803 318 1
86 318 1
589 318 1
1288 318 1
3348 318 1
1981 318 1
1948 318 1
11 318 1
12 318 1
2741 318 1
3944 318 1
2397 318 1
543 318 1
1736 318 1
1011 318 1
281 318 1
559 318 1
2906 318 1
825 318 1
572 318 1
101 318 1
3578 318 1
3343 318 1
1654 318 1
1701 318 1
3606 318 1
142 318 1
675 318 1
247 318 1
3178 318 1
4175 318 1
2623 318 1
4040 318 1
1746 318 1
2260 318 1
278 318 1
75 318 1
4172 318 1
3562 318 1
3533 318 1
5 318 1
3953 318 1
118 318 1
1299 318 1
21 318 1
1474 318 1
3968 318 1
69 318 1
3432 318 1
2926 318 1
1225 318 1
1208 318 1
74 318 1
374 318 1
4080 318 1
425 318 1
252 318 1
2269 319 1
2159 319 1
379 319 1
4 319 1
35 319 1
794 319 1
1549 319 1
107 319 1
390 319 1
2555 319 1
3115 319 1
3807 319 1
1633 319 1
709 319 1
1008 319 1
782 319 1
46 319 1
202 319 1
240 319 1
1179 319 1
1830 319 1
1923 319 1
3772 319 1
201 319 1
3206 319 1
1412 319 1
3071 319 1
560 319 1
1522 319 1
102 319 1
10 319 1
648 319 1
1484 319 1
8 319 1
226 319 1
480 319 1
593 319 1
1228 319 1
3 319 1
1704 319 1
2488 319 1
393 319 1
682 319 1
3674 319 1
532 319 1
3003 319 1
2628 319 1
1736 319 1
3058 319 1
2990 319 1
554 319 1
356 319 1
46 319 1
1341 319 1
58 319 1
45 319 1
0 319 1
3726 319 1
2000 319 1
2916 319 1
477 319 1
1408 319 1
71 319 1
400 319 1
1173 319 1
435 319 1
2508 319 1
950 319 1
696 319 1
58 319 1
1038 319 1
153 319 1
458 319 1
1920 319 1
2182 319 1
173 319 1
457 319 1
0 319 1
3921 319 1
223 319 1
6 319 1
1021 319 1
989 319 1
2934 319 1
131 319 1
176 319 1
720 319 1
132 319 1
2965 319 1
2894 319 1
68 319 1
3713 319 1
655 319 1
2369 319 1
1041 319 1
47 319 1
104 319 1
2592 319 1
1278 319 1
24 319 1
3020 319 1
418 319 1
374 319 1
249 319 1
2313 319 1
1482 319 1
1575 319 1
3469 319 1
1004 319 1
4194 319 1
2660 319 1
1490 319 1
218 319 1
694 319 1
4007 319 1
1535 319 1
3677 319 1
1026 319 1
4 319 1
287 319 1
422 319 1
2971 319 1
825 319 1
3859 319 1
0 319 1
2 319 1
2356 319 1
82 319 1
836 319 1
214 319 1
3821 319 1
1420 319 1
1646 319 1
23 319 1
2513 319 1
244 319 1
2679 319 1
74 319 1
418 319 1
96 319 1
3576 319 1
184 319 1
857 319 1
4188 319 1
3548 319 1
0 319 1
1982 319 1
3886 319 1
385 319 1
1021 319 1
4048 319 1
230 319 1
225 319 1
3044 320 1
659 320 1
3190 320 1
661 320 1
326 320 1
3279 320 1
40 320 1
0 320 1
1561 320 1
1044 320 1
2243 320 1
402 320 1
2586 320 1
644 320 1
1286 320 1
1145 320 1
2250 320 1
107 320 1
1440 320 1
2506 320 1
2285 320 1
606 320 1
878 320 1
0 320 1
2296 320 1
2352 320 1
3893 320 1
1339 320 1
3571 320 1
1334 320 1
2163 320 1
1469 320 1
1574 320 1
759 320 1
712 320 1
2188 320 1
1746 320 1
5 320 1
1566 320 1
265 320 1
3813 320 1
376 320 1
2625 320 1
3976 320 1
2265 320 1
2121 320 1
2401 320 1
938 320 1
469 320 1
2058 320 1
511 320 1
564 320 1
459 320 1
532 320 1
3843 320 1
2599 320 1
2480 320 1
453 320 1
296 320 1
9 320 1
968 320 1
784 320 1
2639 320 1
826 320 1
854 320 1
1150 320 1
208 320 1
0 320 1
96 320 1
1824 320 1
3350 320 1
3421 320 1
522 320 1
2533 320 1
2699 320 1
446 320 1
749 320 1
1609 320 1
3245 320 1
4010 320 1
138 320 1
23 320 1
3187 320 1
372 320 1
3472 320 1
1223 320 1
266 320 1
1146 320 1
1579 320 1
3467 320 1
105 320 1
2762 320 1
2470 320 1
3213 320 1
1328 320 1
329 320 1
2033 320 1
660 320 1
3072 320 1
17 320 1
2946 320 1
398 320 1
58 320 1
1994 320 1
2015 320 1
3197 320 1
2324 320 1
430 320 1
893 320 1
3087 320 1
1951 320 1
1256 320 1
2668 320 1
2808 320 1
2152 320 1
1267 320 1
214 320 1
1658 320 1
14 320 1
2429 320 1
3858 320 1
31 320 1
1258 320 1
779 320 1
2737 320 1
3421 320 1
3869 320 1
1 320 1
1752 320 1
30 320 1
960 320 1
291 320 1
127 320 1
906 320 1
1 320 1
3224 320 1
296 320 1
2860 320 1
1157 320 1
97 320 1
916 320 1
257 320 1
115 320 1
4052 320 1
308 320 1
3041 320 1
327 320 1
1814 320 1
1909 320 1
6 320 1
1084 320 1
3037 320 1
3442 320 1
2549 321 1
648 321 1
701 321 1
3769 321 1
480 321 1
422 321 1
186 321 1
3898 321 1
59 321 1
4027 321 1
2550 321 1
1665 321 1
646 321 1
189 321 1
54 321 1
314 321 1
638 321 1
2013 321 1
330 321 1
2622 321 1
3271 321 1
3976 321 1
2944 321 1
891 321 1
591 321 1
1229 321 1
802 321 1
378 321 1
297 321 1
342 321 1
278 321 1
1047 321 1
27 321 1
380 321 1
30 321 1
2802 321 1
2888 321 1
1497 321 1
360 321 1
60 321 1
1639 321 1
2193 321 1
760 321 1
271 321 1
1357 321 1
545 321 1
3525 321 1
4184 321 1
204 321 1
643 321 1
123 321 1
321 321 1
114 321 1
476 321 1
3895 321 1
2368 321 1
550 321 1
2843 321 1
2564 321 1
3852 321 1
287 321 1
4 321 1
1308 321 1
694 321 1
6 321 1
3252 321 1
3093 321 1
2042 321 1
1087 321 1
3185 321 1
1737 321 1
428 321 1
439 321 1
3855 321 1
1687 321 1
262 321 1
1030 321 1
500 321 1
90 321 1
3748 321 1
1794 321 1
34 321 1
925 321 1
3316 321 1
2081 321 1
874 321 1
370 321 1
1298 321 1
288 321 1
1844 321 1
643 321 1
382 321 1
2081 321 1
116 321 1
1008 321 1
3438 321 1
1906 321 1
1240 321 1
1822 321 1
224 321 1
227 321 1
3773 321 1
2507 321 1
9 321 1
2903 321 1
661 321 1
246 321 1
1010 321 1
2740 321 1
241 321 1
2834 321 1
2603 321 1
1800 321 1
1814 321 1
3994 321 1
3587 321 1
393 321 1
1503 321 1
440 321 1
618 321 1
60 321 1
2386 321 1
154 321 1
51 321 1
1255 321 1
3040 321 1
3357 321 1
373 321 1
3011 321 1
1073 321 1
174 321 1
78 321 1
1225 321 1
1697 321 1
359 321 1
912 321 1
48 321 1
37 321 1
1776 321 1
983 321 1
689 321 1
4 321 1
573 321 1
4008 321 1
2522 321 1
904 321 1
2875 321 1
902 321 1
3191 321 1
2 321 1
338 321 1
2241 321 1
419 321 1
337 322 1
3646 322 1
786 322 1
1290 322 1
1648 322 1
1111 322 1
826 322 1
964 322 1
867 322 1
2852 322 1
728 322 1
3988 322 1
781 322 1
3 322 1
32 322 1
876 322 1
2791 322 1
247 322 1
2347 322 1
1430 322 1
10 322 1
1845 322 1
4119 322 1
866 322 1
1139 322 1
3478 322 1
2847 322 1
4022 322 1
3133 322 1
1074 322 1
725 322 1
3226 322 1
1526 322 1
831 322 1
4130 322 1
2415 322 1
3725 322 1
1824 322 1
1425 322 1
1664 322 1
1483 322 1
39 322 1
1423 322 1
2298 322 1
1 322 1
871 322 1
66 322 1
3242 322 1
1315 322 1
2251 322 1
1089 322 1
5 322 1
1496 322 1
235 322 1
2586 322 1
2771 322 1
3942 322 1
2115 322 1
212 322 1
1130 322 1
652 322 1
4152 322 1
1592 322 1
215 322 1
320 322 1
1171 322 1
2150 322 1
585 322 1
3217 322 1
3954 322 1
161 322 1
1868 322 1
1147 322 1
167 322 1
757 322 1
1 322 1
1383 322 1
545 322 1
3767 322 1
308 322 1
181 322 1
4174 322 1
696 322 1
39 322 1
343 322 1
3881 322 1
1659 322 1
2962 322 1
68 322 1
374 322 1
669 322 1
218 322 1
1310 322 1
1 322 1
3502 322 1
1734 322 1
2960 322 1
2951 322 1
3812 322 1
1320 322 1
5 322 1
3830 322 1
8 322 1
3323 322 1
2461 322 1
300 322 1
44 322 1
2968 322 1
0 322 1
98 322 1
2822 322 1
2979 322 1
3017 322 1
3590 322 1
608 322 1
1482 322 1
1362 322 1
758 322 1
63 322 1
596 322 1
272 322 1
182 322 1
3029 322 1
255 322 1
3376 322 1
2935 322 1
912 322 1
65 322 1
478 322 1
57 322 1
709 322 1
984 322 1
1090 322 1
264 322 1
828 322 1
3437 322 1
602 322 1
3633 322 1
3006 322 1
908 322 1
329 322 1
1412 322 1
3166 322 1
19 322 1
1705 322 1
2808 322 1
654 322 1
3152 322 1
267 322 1
10 322 1
2739 322 1
3014 322 1
2772 322 1
3275 323 1
2070 323 1
2825 323 1
3572 323 1
3525 323 1
2913 323 1
11 323 1
4158 323 1
999 323 1
4006 323 1
3935 323 1
1785 323 1
484 323 1
1587 323 1
651 323 1
4198 323 1
739 323 1
1107 323 1
1436 323 1
30 323 1
145 323 1
1330 323 1
2262 323 1
688 323 1
3935 323 1
3074 323 1
883 323 1
369 323 1
3223 323 1
255 323 1
940 323 1
2468 323 1
2590 323 1
241 323 1
1341 323 1
209 323 1
1400 323 1
268 323 1
791 323 1
3546 323 1
18 323 1
1440 323 1
744 323 1
1061 323 1
1123 323 1
1797 323 1
38 323 1
3466 323 1
1696 323 1
273 323 1
3572 323 1
23 323 1
3672 323 1
605 323 1
872 323 1
7 323 1
739 323 1
3226 323 1
3470 323 1
2211 323 1
894 323 1
3072 323 1
1672 323 1
20 323 1
145 323 1
79 323 1
2 323 1
967 323 1
256 323 1
3449 323 1
3385 323 1
4195 323 1
4186 323 1
2461 323 1
1944 323 1
373 323 1
832 323 1
3059 323 1
3417 323 1
475 323 1
285 323 1
2804 323 1
22 323 1
2523 323 1
142 323 1
887 323 1
974 323 1
202 323 1
896 323 1
1194 323 1
0 323 1
1451 323 1
907 323 1
201 323 1
1501 323 1
390 323 1
1236 323 1
2151 323 1
264 323 1
563 323 1
4076 323 1
3576 323 1
1502 323 1
987 323 1
191 323 1
321 323 1
3042 323 1
1196 323 1
237 323 1
120 323 1
1816 323 1
795 323 1
3673 323 1
121 323 1
84 323 1
103 323 1
2992 323 1
3660 323 1
1188 323 1
550 323 1
2741 323 1
159 323 1
181 323 1
1290 323 1
727 323 1
9 323 1
569 323 1
1791 323 1
6 323 1
3531 323 1
2730 323 1
301 323 1
763 323 1
43 323 1
698 323 1
3296 323 1
2328 323 1
2286 323 1
901 323 1
972 323 1
2093 323 1
14 323 1
343 323 1
1380 323 1
3050 323 1
1211 323 1
1339 323 1
3154 323 1
3858 323 1
37 323 1
3991 323 1
14 323 1
544 323 1
773 324 1
2494 324 1
193 324 1
997 324 1
266 324 1
6 324 1
1929 324 1
307 324 1
344 324 1
842 324 1
1661 324 1
1237 324 1
152 324 1
731 324 1
598 324 1
3 324 1
3245 324 1
82 324 1
1842 324 1
838 324 1
3143 324 1
97 324 1
1468 324 1
1734 324 1
1792 324 1
84 324 1
1431 324 1
183 324 1
404 324 1
310 324 1
3289 324 1
332 324 1
1635 324 1
3360 324 1
1599 324 1
1024 324 1
54 324 1
2434 324 1
1541 324 1
2508 324 1
3427 324 1
876 324 1
2379 324 1
2396 324 1
430 324 1
30 324 1
393 324 1
3754 324 1
276 324 1
545 324 1
507 324 1
4030 324 1
725 324 1
3357 324 1
460 324 1
3328 324 1
1 324 1
713 324 1
551 324 1
1552 324 1
2855 324 1
13 324 1
1546 324 1
659 324 1
329 324 1
4085 324 1
1183 324 1
1961 324 1
1890 324 1
1007 324 1
384 324 1
1521 324 1
2149 324 1
1311 324 1
2218 324 1
2169 324 1
1419 324 1
1066 324 1
2027 324 1
0 324 1
2937 324 1
1755 324 1
1525 324 1
4165 324 1
145 324 1
361 324 1
2560 324 1
874 324 1
2273 324 1
0 324 1
708 324 1
113 324 1
1100 324 1
840 324 1
976 324 1
145 324 1
16 324 1
4 324 1
1513 324 1
298 324 1
2252 324 1
209 324 1
1655 324 1
3981 324 1
1479 324 1
3757 324 1
3559 324 1
1113 324 1
2635 324 1
1021 324 1
2828 324 1
3121 324 1
2302 324 1
1677 324 1
1541 324 1
1050 324 1
1437 324 1
3259 324 1
372 324 1
106 324 1
496 324 1
2047 324 1
1206 324 1
3268 324 1
46 324 1
3260 324 1
185 324 1
2387 324 1
46 324 1
3635 324 1
610 324 1
225 324 1
8 324 1
3933 324 1
1181 324 1
2788 324 1
4028 324 1
899 324 1
4058 324 1
71 324 1
25 324 1
3483 324 1
1847 324 1
153 324 1
742 324 1
2091 324 1
1652 324 1
1871 324 1
552 324 1
3195 324 1
192 324 1
763 324 1
1022 324 1
2598 325 1
172 325 1
1218 325 1
974 325 1
710 325 1
145 325 1
2142 325 1
2801 325 1
160 325 1
1225 325 1
66 325 1
3356 325 1
0 325 1
855 325 1
691 325 1
196 325 1
3843 325 1
2787 325 1
571 325 1
8 325 1
0 325 1
59 325 1
582 325 1
3264 325 1
1687 325 1
1227 325 1
1080 325 1
21 325 1
169 325 1
1208 325 1
413 325 1
3190 325 1
1666 325 1
415 325 1
1893 325 1
24 325 1
3550 325 1
3213 325 1
2777 325 1
108 325 1
883 325 1
1590 325 1
36 325 1
2437 325 1
109 325 1
853 325 1
3627 325 1
8 325 1
293 325 1
109 325 1
631 325 1
2731 325 1
3 325 1
1421 325 1
3582 325 1
783 325 1
3468 325 1
212 325 1
3020 325 1
3889 325 1
689 325 1
4148 325 1
489 325 1
1275 325 1
198 325 1
2352 325 1
2041 325 1
684 325 1
2508 325 1
289 325 1
480 325 1
3395 325 1
895 325 1
2605 325 1
428 325 1
4 325 1
1858 325 1
1726 325 1
3175 325 1
862 325 1
329 325 1
1134 325 1
1561 325 1
22 325 1
910 325 1
530 325 1
1031 325 1
1608 325 1
2349 325 1
929 325 1
1167 325 1
502 325 1
33 325 1
3154 325 1
359 325 1
493 325 1
37 325 1
2762 325 1
158 325 1
220 325 1
1049 325 1
792 325 1
225 325 1
285 325 1
873 325 1
3159 325 1
3089 325 1
2665 325 1
1304 325 1
783 325 1
1787 325 1
1067 325 1
274 325 1
36 325 1
234 325 1
592 325 1
2398 325 1
1059 325 1
416 325 1
2201 325 1
3848 325 1
38 325 1
158 325 1
1923 325 1
1118 325 1
3903 325 1
153 325 1
1897 325 1
26 325 1
2284 325 1
780 325 1
3727 325 1
3866 325 1
2429 325 1
725 325 1
270 325 1
3437 325 1
29 325 1
2673 325 1
91 325 1
935 325 1
38 325 1
84 325 1
3549 325 1
29 325 1
2805 325 1
48 325 1
107 325 1
240 325 1
1567 325 1
1706 325 1
2008 325 1
3032 325 1
3394 326 1
2688 326 1
1995 326 1
422 326 1
1090 326 1
1482 326 1
599 326 1
214 326 1
281 326 1
2214 326 1
574 326 1
3672 326 1
3387 326 1
2229 326 1
1171 326 1
247 326 1
560 326 1
2438 326 1
2963 326 1
5 326 1
3726 326 1
165 326 1
2260 326 1
74 326 1
1399 326 1
1024 326 1
724 326 1
3615 326 1
1073 326 1
26 326 1
3770 326 1
1655 326 1
2082 326 1
218 326 1
1624 326 1
659 326 1
3096 326 1
30 326 1
306 326 1
1838 326 1
1379 326 1
3261 326 1
2041 326 1
2805 326 1
331 326 1
2876 326 1
3990 326 1
610 326 1
2769 326 1
2036 326 1
2774 326 1
1515 326 1
57 326 1
2583 326 1
2605 326 1
2133 326 1
71 326 1
88 326 1
4 326 1
41 326 1
362 326 1
1711 326 1
3214 326 1
21 326 1
402 326 1
265 326 1
3182 326 1
251 326 1
1637 326 1
326 326 1
218 326 1
1292 326 1
1232 326 1
1417 326 1
405 326 1
1497 326 1
16 326 1
759 326 1
487 326 1
239 326 1
3455 326 1
6 326 1
267 326 1
1 326 1
0 326 1
657 326 1
86 326 1
292 326 1
115 326 1
2222 326 1
4050 326 1
1054 326 1
869 326 1
0 326 1
1076 326 1
451 326 1
53 326 1
2757 326 1
3036 326 1
1804 326 1
1544 326 1
167 326 1
355 326 1
3577 326 1
141 326 1
654 326 1
880 326 1
697 326 1
2254 326 1
3983 326 1
76 326 1
1875 326 1
0 326 1
3198 326 1
3139 326 1
324 326 1
139 326 1
2753 326 1
248 326 1
10 326 1
970 326 1
3741 326 1
2818 326 1
2423 326 1
318 326 1
579 326 1
2434 326 1
139 326 1
3810 326 1
1068 326 1
305 326 1
906 326 1
6 326 1
3128 326 1
2748 326 1
2339 326 1
2904 326 1
729 326 1
63 326 1
1 326 1
224 326 1
185 326 1
1156 326 1
34 326 1
76 326 1
772 326 1
1128 326 1
2418 326 1
1189 326 1
442 326 1
3200 326 1
54 326 1
1066 326 1
2642 327 1
2877 327 1
890 327 1
1057 327 1
3089 327 1
3617 327 1
3560 327 1
1151 327 1
3108 327 1
4058 327 1
3394 327 1
1081 327 1
301 327 1
876 327 1
3385 327 1
90 327 1
841 327 1
497 327 1
4087 327 1
633 327 1
4 327 1
2578 327 1
2223 327 1
562 327 1
886 327 1
40 327 1
601 327 1
5 327 1
206 327 1
2071 327 1
767 327 1
580 327 1
463 327 1
1838 327 1
1234 327 1
2284 327 1
25 327 1
12 327 1
1116 327 1
767 327 1
1420 327 1
1735 327 1
0 327 1
2209 327 1
999 327 1
41 327 1
1034 327 1
1989 327 1
3743 327 1
1871 327 1
2612 327 1
2075 327 1
27 327 1
2249 327 1
208 327 1
237 327 1
1022 327 1
121 327 1
3829 327 1
398 327 1
1082 327 1
1731 327 1
58 327 1
2453 327 1
64 327 1
3933 327 1
2061 327 1
512 327 1
763 327 1
4119 327 1
699 327 1
272 327 1
0 327 1
264 327 1
2317 327 1
3504 327 1
31 327 1
166 327 1
596 327 1
1176 327 1
1944 327 1
2801 327 1
48 327 1
271 327 1
3368 327 1
2033 327 1
2009 327 1
1984 327 1
1447 327 1
2389 327 1
2519 327 1
1379 327 1
1490 327 1
2752 327 1
1289 327 1
6 327 1
2 327 1
2998 327 1
4000 327 1
43 327 1
1418 327 1
476 327 1
63 327 1
206 327 1
35 327 1
3749 327 1
93 327 1
25 327 1
4034 327 1
729 327 1
758 327 1
203 327 1
2749 327 1
3657 327 1
185 327 1
777 327 1
1803 327 1
851 327 1
3387 327 1
851 327 1
2 327 1
1840 327 1
593 327 1
162 327 1
36 327 1
792 327 1
3200 327 1
3039 327 1
86 327 1
2873 327 1
4017 327 1
450 327 1
1331 327 1
750 327 1
1203 327 1
0 327 1
54 327 1
2089 327 1
453 327 1
3743 327 1
388 327 1
2772 327 1
2633 327 1
751 327 1
45 327 1
4096 327 1
197 327 1
34 327 1
875 327 1
1345 327 1
186 327 1
595 327 1
158 327 1
1724 328 1
823 328 1
966 328 1
226 328 1
2921 328 1
1194 328 1
1878 328 1
2827 328 1
2902 328 1
1718 328 1
2210 328 1
3249 328 1
2474 328 1
53 328 1
2260 328 1
2990 328 1
152 328 1
3510 328 1
4135 328 1
1526 328 1
2776 328 1
41 328 1
3633 328 1
470 328 1
1347 328 1
1988 328 1
2375 328 1
0 328 1
2091 328 1
53 328 1
363 328 1
1481 328 1
2504 328 1
3704 328 1
1276 328 1
1442 328 1
44 328 1
860 328 1
1588 328 1
2617 328 1
1354 328 1
226 328 1
11 328 1
22 328 1
2131 328 1
1412 328 1
112 328 1
3897 328 1
199 328 1
3293 328 1
247 328 1
2134 328 1
699 328 1
101 328 1
306 328 1
1996 328 1
326 328 1
49 328 1
4039 328 1
193 328 1
858 328 1
470 328 1
43 328 1
1063 328 1
2 328 1
155 328 1
31 328 1
2013 328 1
59 328 1
865 328 1
2502 328 1
599 328 1
3958 328 1
643 328 1
371 328 1
2083 328 1
524 328 1
379 328 1
11 328 1
2609 328 1
37 328 1
0 328 1
261 328 1
1571 328 1
4133 328 1
0 328 1
63 328 1
117 328 1
29 328 1
20 328 1
2544 328 1
994 328 1
3 328 1
4083 328 1
396 328 1
200 328 1
444 328 1
1020 328 1
163 328 1
724 328 1
3209 328 1
2868 328 1
1835 328 1
30 328 1
1 328 1
806 328 1
3310 328 1
2500 328 1
3051 328 1
1526 328 1
3 328 1
910 328 1
1476 328 1
2776 328 1
3479 328 1
1348 328 1
286 328 1
5 328 1
2768 328 1
183 328 1
525 328 1
1182 328 1
2702 328 1
284 328 1
2823 328 1
1403 328 1
2184 328 1
0 328 1
145 328 1
361 328 1
513 328 1
3772 328 1
15 328 1
3483 328 1
2374 328 1
3434 328 1
23 328 1
85 328 1
1422 328 1
422 328 1
967 328 1
990 328 1
175 328 1
780 328 1
153 328 1
1884 328 1
1620 328 1
626 328 1
712 328 1
2643 328 1
308 328 1
1097 328 1
389 328 1
144 329 1
1082 329 1
281 329 1
291 329 1
505 329 1
2313 329 1
2666 329 1
1277 329 1
1715 329 1
712 329 1
3011 329 1
921 329 1
3918 329 1
2085 329 1
1426 329 1
35 329 1
2379 329 1
1271 329 1
3033 329 1
513 329 1
338 329 1
16 329 1
395 329 1
347 329 1
266 329 1
13 329 1
2182 329 1
3107 329 1
682 329 1
1457 329 1
20 329 1
593 329 1
3401 329 1
20 329 1
860 329 1
948 329 1
3831 329 1
744 329 1
882 329 1
1973 329 1
30 329 1
1342 329 1
600 329 1
3967 329 1
1465 329 1
4143 329 1
2 329 1
553 329 1
4060 329 1
14 329 1
524 329 1
3004 329 1
924 329 1
423 329 1
1113 329 1
281 329 1
188 329 1
3246 329 1
315 329 1
1928 329 1
403 329 1
2664 329 1
41 329 1
28 329 1
835 329 1
2776 329 1
1528 329 1
241 329 1
167 329 1
237 329 1
1177 329 1
63 329 1
185 329 1
981 329 1
1115 329 1
3666 329 1
1786 329 1
1537 329 1
2743 329 1
2822 329 1
2690 329 1
16 329 1
1106 329 1
199 329 1
884 329 1
3208 329 1
72 329 1
1452 329 1
161 329 1
1520 329 1
327 329 1
95 329 1
3834 329 1
1864 329 1
464 329 1
58 329 1
2068 329 1
284 329 1
111 329 1
3556 329 1
1435 329 1
4000 329 1
114 329 1
451 329 1
2883 329 1
1933 329 1
3944 329 1
1230 329 1
3777 329 1
307 329 1
3434 329 1
2708 329 1
2660 329 1
2919 329 1
308 329 1
1783 329 1
2156 329 1
3642 329 1
29 329 1
2093 329 1
239 329 1
3448 329 1
3704 329 1
590 329 1
864 329 1
486 329 1
314 329 1
202 329 1
51 329 1
1489 329 1
60 329 1
2541 329 1
1851 329 1
61 329 1
92 329 1
1264 329 1
1405 329 1
9 329 1
1951 329 1
1199 329 1
193 329 1
435 329 1
874 329 1
853 329 1
1923 329 1
1268 329 1
1694 329 1
2147 329 1
1455 329 1
1126 329 1
2049 329 1
107 329 1
3947 329 1
1633 330 1
858 330 1
3389 330 1
2251 330 1
25 330 1
3395 330 1
132 330 1
613 330 1
2730 330 1
1357 330 1
1319 330 1
1950 330 1
1995 330 1
1573 330 1
753 330 1
35 330 1
263 330 1
61 330 1
1001 330 1
234 330 1
324 330 1
1598 330 1
2843 330 1
1 330 1
503 330 1
340 330 1
54 330 1
28 330 1
1049 330 1
2 330 1
87 330 1
2501 330 1
1173 330 1
3204 330 1
362 330 1
80 330 1
1168 330 1
755 330 1
1622 330 1
3163 330 1
191 330 1
3926 330 1
1997 330 1
982 330 1
2589 330 1
1020 330 1
2876 330 1
3120 330 1
946 330 1
740 330 1
1356 330 1
1374 330 1
763 330 1
1635 330 1
879 330 1
2506 330 1
194 330 1
62 330 1
3597 330 1
2856 330 1
1747 330 1
4195 330 1
1746 330 1
26 330 1
2243 330 1
85 330 1
43 330 1
283 330 1
2363 330 1
3878 330 1
1306 330 1
793 330 1
4178 330 1
305 330 1
697 330 1
857 330 1
3087 330 1
974 330 1
2232 330 1
3065 330 1
1449 330 1
57 330 1
2022 330 1
3858 330 1
1915 330 1
3355 330 1
669 330 1
224 330 1
979 330 1
2725 330 1
2990 330 1
499 330 1
1099 330 1
1248 330 1
1320 330 1
2716 330 1
2081 330 1
200 330 1
911 330 1
4203 330 1
978 330 1
1089 330 1
682 330 1
2306 330 1
1162 330 1
3074 330 1
2399 330 1
0 330 1
2435 330 1
2277 330 1
3994 330 1
898 330 1
63 330 1
1334 330 1
3939 330 1
79 330 1
1247 330 1
275 330 1
903 330 1
688 330 1
3830 330 1
2004 330 1
1396 330 1
1493 330 1
874 330 1
185 330 1
2008 330 1
1093 330 1
1595 330 1
472 330 1
1746 330 1
103 330 1
2154 330 1
2138 330 1
1991 330 1
254 330 1
995 330 1
2688 330 1
4061 330 1
3888 330 1
925 330 1
92 330 1
10 330 1
1115 330 1
45 330 1
3414 330 1
322 330 1
2575 330 1
981 330 1
767 330 1
2049 330 1
3805 330 1
340 330 1
3492 331 1
224 331 1
1319 331 1
186 331 1
14 331 1
2945 331 1
1729 331 1
241 331 1
308 331 1
1871 331 1
1177 331 1
2000 331 1
3327 331 1
3916 331 1
49 331 1
2893 331 1
4135 331 1
729 331 1
1912 331 1
2714 331 1
2119 331 1
110 331 1
1980 331 1
752 331 1
39 331 1
1220 331 1
594 331 1
3852 331 1
1672 331 1
311 331 1
4130 331 1
2817 331 1
1649 331 1
1766 331 1
3126 331 1
343 331 1
1046 331 1
3575 331 1
3141 331 1
1224 331 1
1192 331 1
3370 331 1
1887 331 1
3895 331 1
144 331 1
3454 331 1
1463 331 1
3319 331 1
1184 331 1
3216 331 1
3800 331 1
1498 331 1
1749 331 1
276 331 1
3159 331 1
36 331 1
3560 331 1
541 331 1
3206 331 1
2643 331 1
2310 331 1
7 331 1
3948 331 1
892 331 1
72 331 1
737 331 1
1822 331 1
0 331 1
1216 331 1
1537 331 1
2105 331 1
638 331 1
136 331 1
489 331 1
288 331 1
3462 331 1
3453 331 1
1785 331 1
461 331 1
3025 331 1
567 331 1
2313 331 1
14 331 1
81 331 1
222 331 1
1836 331 1
3798 331 1
3040 331 1
7 331 1
3070 331 1
1523 331 1
2858 331 1
1031 331 1
1919 331 1
522 331 1
162 331 1
2457 331 1
371 331 1
2111 331 1
892 331 1
3236 331 1
3986 331 1
9 331 1
34 331 1
2171 331 1
135 331 1
3645 331 1
2132 331 1
92 331 1
179 331 1
1609 331 1
2193 331 1
843 331 1
1537 331 1
302 331 1
3133 331 1
3177 331 1
2519 331 1
16 331 1
1838 331 1
128 331 1
1676 331 1
275 331 1
590 331 1
1347 331 1
100 331 1
3453 331 1
367 331 1
221 331 1
13 331 1
3291 331 1
323 331 1
727 331 1
1199 331 1
1090 331 1
182 331 1
955 331 1
888 331 1
2742 331 1
205 331 1
416 331 1
1185 331 1
51 331 1
2777 331 1
3235 331 1
1441 331 1
15 331 1
238 331 1
189 331 1
302 331 1
43 331 1
0 331 1
469 331 1
1300 332 1
2 332 1
34 332 1
2812 332 1
1907 332 1
11 332 1
1552 332 1
3912 332 1
1043 332 1
2265 332 1
190 332 1
2856 332 1
74 332 1
153 332 1
1397 332 1
0 332 1
3945 332 1
389 332 1
1106 332 1
1717 332 1
21 332 1
2242 332 1
794 332 1
2182 332 1
1167 332 1
19 332 1
279 332 1
1357 332 1
1250 332 1
1354 332 1
2331 332 1
505 332 1
418 332 1
776 332 1
418 332 1
1298 332 1
430 332 1
889 332 1
2253 332 1
309 332 1
1618 332 1
602 332 1
598 332 1
17 332 1
1813 332 1
422 332 1
102 332 1
35 332 1
3798 332 1
877 332 1
223 332 1
3 332 1
2706 332 1
434 332 1
399 332 1
68 332 1
363 332 1
1519 332 1
2331 332 1
1309 332 1
3090 332 1
174 332 1
4 332 1
2322 332 1
80 332 1
1799 332 1
1863 332 1
2159 332 1
7 332 1
1522 332 1
3 332 1
3328 332 1
2282 332 1
1744 332 1
875 332 1
2811 332 1
3400 332 1
5 332 1
1121 332 1
25 332 1
1170 332 1
25 332 1
578 332 1
393 332 1
3589 332 1
3404 332 1
2858 332 1
1425 332 1
1053 332 1
2713 332 1
1363 332 1
1701 332 1
427 332 1
1190 332 1
98 332 1
2311 332 1
306 332 1
969 332 1
902 332 1
1730 332 1
746 332 1
1046 332 1
51 332 1
1227 332 1
3064 332 1
776 332 1
735 332 1
1691 332 1
2460 332 1
2905 332 1
846 332 1
1698 332 1
568 332 1
4054 332 1
0 332 1
124 332 1
37 332 1
1073 332 1
2667 332 1
846 332 1
1770 332 1
16 332 1
3194 332 1
2045 332 1
512 332 1
140 332 1
125 332 1
2163 332 1
1861 332 1
4188 332 1
817 332 1
3868 332 1
1377 332 1
2475 332 1
958 332 1
1279 332 1
297 332 1
413 332 1
1289 332 1
197 332 1
3058 332 1
3215 332 1
1395 332 1
63 332 1
1124 332 1
3541 332 1
294 332 1
3061 332 1
3474 332 1
3350 332 1
4041 332 1
2053 332 1
2634 332 1
9 333 1
4050 333 1
229 333 1
3582 333 1
1251 333 1
563 333 1
4204 333 1
2900 333 1
1264 333 1
476 333 1
2109 333 1
2 333 1
3984 333 1
788 333 1
1821 333 1
746 333 1
1109 333 1
145 333 1
1391 333 1
3186 333 1
10 333 1
3982 333 1
35 333 1
2501 333 1
1626 333 1
1065 333 1
1011 333 1
551 333 1
613 333 1
237 333 1
1120 333 1
2527 333 1
12 333 1
330 333 1
49 333 1
2148 333 1
2550 333 1
29 333 1
3343 333 1
1864 333 1
2818 333 1
1429 333 1
2307 333 1
1091 333 1
566 333 1
614 333 1
2142 333 1
306 333 1
1991 333 1
745 333 1
2884 333 1
2584 333 1
1708 333 1
991 333 1
1976 333 1
2353 333 1
3281 333 1
1495 333 1
2512 333 1
238 333 1
1918 333 1
1395 333 1
1365 333 1
1609 333 1
2942 333 1
3583 333 1
111 333 1
2133 333 1
241 333 1
968 333 1
1643 333 1
50 333 1
1207 333 1
1511 333 1
672 333 1
1839 333 1
2802 333 1
2063 333 1
9 333 1
390 333 1
0 333 1
1995 333 1
3602 333 1
900 333 1
197 333 1
1729 333 1
107 333 1
2651 333 1
321 333 1
1033 333 1
48 333 1
20 333 1
2282 333 1
464 333 1
333 333 1
68 333 1
2851 333 1
72 333 1
1156 333 1
381 333 1
109 333 1
3882 333 1
2084 333 1
1322 333 1
820 333 1
3428 333 1
349 333 1
2851 333 1
122 333 1
1619 333 1
1460 333 1
831 333 1
3634 333 1
788 333 1
30 333 1
0 333 1
600 333 1
1845 333 1
1960 333 1
868 333 1
39 333 1
2477 333 1
1089 333 1
722 333 1
1628 333 1
1603 333 1
2891 333 1
3286 333 1
206 333 1
4095 333 1
3453 333 1
960 333 1
78 333 1
2484 333 1
1340 333 1
3872 333 1
3688 333 1
753 333 1
704 333 1
31 333 1
1488 333 1
1305 333 1
1 333 1
670 333 1
755 333 1
3649 333 1
1883 333 1
2542 333 1
114 333 1
2942 333 1
4 333 1
37 333 1
53 333 1
1993 334 1
1649 334 1
3030 334 1
2884 334 1
3286 334 1
109 334 1
203 334 1
1799 334 1
2663 334 1
2047 334 1
641 334 1
32 334 1
3649 334 1
61 334 1
1380 334 1
224 334 1
1331 334 1
0 334 1
1037 334 1
2703 334 1
1569 334 1
122 334 1
14 334 1
1292 334 1
234 334 1
2736 334 1
3524 334 1
2829 334 1
46 334 1
742 334 1
1237 334 1
1283 334 1
2300 334 1
69 334 1
3870 334 1
840 334 1
3657 334 1
1469 334 1
128 334 1
4145 334 1
396 334 1
106 334 1
7 334 1
39 334 1
57 334 1
293 334 1
1930 334 1
1936 334 1
63 334 1
140 334 1
2163 334 1
167 334 1
444 334 1
1007 334 1
192 334 1
1756 334 1
1604 334 1
468 334 1
123 334 1
589 334 1
1236 334 1
686 334 1
3861 334 1
33 334 1
2318 334 1
2255 334 1
2526 334 1
1085 334 1
972 334 1
3053 334 1
115 334 1
1906 334 1
1863 334 1
144 334 1
833 334 1
44 334 1
4 334 1
3 334 1
1135 334 1
101 334 1
25 334 1
1516 334 1
92 334 1
3803 334 1
91 334 1
75 334 1
3927 334 1
605 334 1
2512 334 1
3676 334 1
1717 334 1
6 334 1
177 334 1
3986 334 1
3436 334 1
3852 334 1
1236 334 1
1754 334 1
2114 334 1
192 334 1
289 334 1
3583 334 1
2723 334 1
1455 334 1
3374 334 1
4191 334 1
160 334 1
131 334 1
1249 334 1
202 334 1
21 334 1
2503 334 1
0 334 1
2728 334 1
1279 334 1
7 334 1
8 334 1
284 334 1
746 334 1
698 334 1
0 334 1
4107 334 1
3161 334 1
2473 334 1
191 334 1
392 334 1
652 334 1
156 334 1
140 334 1
2012 334 1
41 334 1
32 334 1
1815 334 1
3655 334 1
6 334 1
199 334 1
732 334 1
534 334 1
208 334 1
1722 334 1
457 334 1
463 334 1
252 334 1
355 334 1
3913 334 1
1224 334 1
4047 334 1
4 334 1
948 334 1
1219 334 1
76 334 1
1432 334 1
133 334 1
6 335 1
376 335 1
2733 335 1
205 335 1
1197 335 1
368 335 1
919 335 1
1890 335 1
2654 335 1
79 335 1
399 335 1
588 335 1
3983 335 1
1638 335 1
62 335 1
1703 335 1
502 335 1
312 335 1
3345 335 1
247 335 1
1547 335 1
1215 335 1
2414 335 1
21 335 1
614 335 1
409 335 1
247 335 1
4185 335 1
186 335 1
2750 335 1
269 335 1
1322 335 1
36 335 1
1211 335 1
3540 335 1
1137 335 1
3696 335 1
2978 335 1
725 335 1
556 335 1
547 335 1
3836 335 1
691 335 1
1258 335 1
3033 335 1
0 335 1
3948 335 1
1392 335 1
2168 335 1
969 335 1
58 335 1
1700 335 1
93 335 1
3000 335 1
256 335 1
1017 335 1
3366 335 1
741 335 1
542 335 1
83 335 1
34 335 1
0 335 1
675 335 1
348 335 1
4204 335 1
264 335 1
1763 335 1
1687 335 1
987 335 1
491 335 1
925 335 1
3 335 1
3377 335 1
2020 335 1
1188 335 1
389 335 1
3196 335 1
2987 335 1
2557 335 1
766 335 1
98 335 1
786 335 1
421 335 1
1097 335 1
1545 335 1
75 335 1
326 335 1
137 335 1
331 335 1
1284 335 1
588 335 1
11 335 1
487 335 1
798 335 1
563 335 1
373 335 1
0 335 1
1040 335 1
3981 335 1
474 335 1
1038 335 1
0 335 1
514 335 1
17 335 1
1822 335 1
377 335 1
3441 335 1
3675 335 1
1494 335 1
50 335 1
29 335 1
482 335 1
2137 335 1
2829 335 1
2611 335 1
393 335 1
2929 335 1
33 335 1
3811 335 1
662 335 1
124 335 1
217 335 1
2623 335 1
3879 335 1
0 335 1
59 335 1
1956 335 1
132 335 1
1467 335 1
1112 335 1
963 335 1
2794 335 1
860 335 1
256 335 1
3080 335 1
946 335 1
229 335 1
1717 335 1
631 335 1
3463 335 1
1922 335 1
1033 335 1
249 335 1
416 335 1
923 335 1
3287 335 1
120 335 1
439 335 1
1567 335 1
2619 335 1
3193 335 1
77 335 1
1575 335 1
537 336 1
50 336 1
226 336 1
2423 336 1
542 336 1
776 336 1
3648 336 1
912 336 1
1246 336 1
3885 336 1
3458 336 1
1856 336 1
1257 336 1
1437 336 1
2880 336 1
640 336 1
489 336 1
683 336 1
3839 336 1
215 336 1
380 336 1
766 336 1
1668 336 1
70 336 1
4018 336 1
802 336 1
34 336 1
511 336 1
4 336 1
1218 336 1
1132 336 1
15 336 1
324 336 1
3500 336 1
2727 336 1
173 336 1
621 336 1
1025 336 1
3 336 1
9 336 1
602 336 1
3958 336 1
92 336 1
155 336 1
706 336 1
2033 336 1
81 336 1
389 336 1
771 336 1
234 336 1
1231 336 1
1201 336 1
3453 336 1
1792 336 1
576 336 1
1 336 1
362 336 1
3548 336 1
16 336 1
26 336 1
31 336 1
4205 336 1
1987 336 1
594 336 1
284 336 1
3834 336 1
479 336 1
2676 336 1
2762 336 1
32 336 1
146 336 1
2813 336 1
2747 336 1
1674 336 1
3459 336 1
472 336 1
179 336 1
1696 336 1
1876 336 1
550 336 1
132 336 1
185 336 1
2485 336 1
2429 336 1
62 336 1
2212 336 1
2881 336 1
1901 336 1
898 336 1
2096 336 1
38 336 1
1499 336 1
1627 336 1
4 336 1
0 336 1
3909 336 1
327 336 1
3256 336 1
2935 336 1
400 336 1
196 336 1
72 336 1
44 336 1
984 336 1
29 336 1
35 336 1
2305 336 1
3279 336 1
2362 336 1
0 336 1
3486 336 1
156 336 1
189 336 1
104 336 1
2105 336 1
502 336 1
761 336 1
259 336 1
2753 336 1
407 336 1
1081 336 1
3317 336 1
0 336 1
3279 336 1
648 336 1
983 336 1
2755 336 1
1531 336 1
1769 336 1
269 336 1
3126 336 1
0 336 1
261 336 1
797 336 1
2129 336 1
4179 336 1
2888 336 1
2652 336 1
496 336 1
2352 336 1
901 336 1
1443 336 1
0 336 1
2736 336 1
2015 336 1
606 336 1
1937 336 1
428 336 1
3607 336 1
775 336 1
2831 336 1
3704 336 1
4201 336 1
413 337 1
1327 337 1
1837 337 1
2834 337 1
1152 337 1
2024 337 1
3016 337 1
3061 337 1
116 337 1
2252 337 1
3519 337 1
877 337 1
734 337 1
1650 337 1
2562 337 1
2757 337 1
875 337 1
0 337 1
2041 337 1
3938 337 1
3508 337 1
1281 337 1
3269 337 1
3 337 1
165 337 1
2114 337 1
160 337 1
1 337 1
1306 337 1
995 337 1
413 337 1
524 337 1
57 337 1
2816 337 1
1947 337 1
2357 337 1
41 337 1
2399 337 1
3221 337 1
4076 337 1
2392 337 1
358 337 1
298 337 1
106 337 1
491 337 1
3468 337 1
99 337 1
702 337 1
1715 337 1
3 337 1
703 337 1
2618 337 1
254 337 1
78 337 1
2696 337 1
533 337 1
2119 337 1
488 337 1
3110 337 1
185 337 1
2565 337 1
1158 337 1
665 337 1
1986 337 1
2000 337 1
2644 337 1
496 337 1
1676 337 1
382 337 1
828 337 1
2666 337 1
3 337 1
2184 337 1
770 337 1
198 337 1
2817 337 1
125 337 1
817 337 1
3509 337 1
2027 337 1
1125 337 1
2816 337 1
648 337 1
137 337 1
1362 337 1
613 337 1
2663 337 1
2998 337 1
3390 337 1
276 337 1
2127 337 1
246 337 1
542 337 1
1839 337 1
298 337 1
2731 337 1
1192 337 1
35 337 1
800 337 1
734 337 1
3184 337 1
583 337 1
58 337 1
5 337 1
2759 337 1
2333 337 1
447 337 1
1039 337 1
1146 337 1
40 337 1
3101 337 1
399 337 1
2734 337 1
22 337 1
3577 337 1
1405 337 1
2785 337 1
78 337 1
920 337 1
135 337 1
794 337 1
0 337 1
1799 337 1
1202 337 1
326 337 1
1173 337 1
786 337 1
13 337 1
18 337 1
808 337 1
3984 337 1
598 337 1
4031 337 1
1923 337 1
1646 337 1
1180 337 1
1155 337 1
166 337 1
33 337 1
1889 337 1
3409 337 1
1416 337 1
356 337 1
421 337 1
3450 337 1
268 337 1
209 337 1
1305 337 1
34 337 1
2791 337 1
76 337 1
723 337 1
257 337 1
209 338 1
2354 338 1
2925 338 1
2753 338 1
5 338 1
597 338 1
3835 338 1
1201 338 1
0 338 1
2277 338 1
106 338 1
2274 338 1
2520 338 1
1004 338 1
3074 338 1
3137 338 1
636 338 1
1122 338 1
0 338 1
1361 338 1
4158 338 1
128 338 1
852 338 1
2455 338 1
3712 338 1
7 338 1
276 338 1
170 338 1
71 338 1
534 338 1
11 338 1
221 338 1
1353 338 1
249 338 1
3269 338 1
2721 338 1
3744 338 1
3920 338 1
2776 338 1
312 338 1
2985 338 1
14 338 1
693 338 1
223 338 1
1667 338 1
109 338 1
394 338 1
426 338 1
2875 338 1
3219 338 1
3862 338 1
10 338 1
1721 338 1
2095 338 1
18 338 1
612 338 1
1705 338 1
618 338 1
744 338 1
706 338 1
450 338 1
167 338 1
4113 338 1
67 338 1
3755 338 1
294 338 1
230 338 1
129 338 1
1216 338 1
7 338 1
227 338 1
1371 338 1
2370 338 1
2873 338 1
2056 338 1
89 338 1
2325 338 1
1793 338 1
1136 338 1
2270 338 1
2116 338 1
15 338 1
221 338 1
338 338 1
608 338 1
3836 338 1
1638 338 1
7 338 1
929 338 1
21 338 1
3292 338 1
42 338 1
2184 338 1
3120 338 1
752 338 1
1156 338 1
90 338 1
469 338 1
3025 338 1
203 338 1
2467 338 1
3327 338 1
1614 338 1
3379 338 1
2261 338 1
0 338 1
0 338 1
1133 338 1
39 338 1
125 338 1
44 338 1
2354 338 1
284 338 1
50 338 1
4034 338 1
6 338 1
231 338 1
178 338 1
1355 338 1
2908 338 1
3282 338 1
229 338 1
425 338 1
1005 338 1
1021 338 1
1003 338 1
1350 338 1
1242 338 1
3930 338 1
4121 338 1
3246 338 1
691 338 1
53 338 1
8 338 1
3525 338 1
56 338 1
682 338 1
1959 338 1
1111 338 1
1 338 1
1621 338 1
313 338 1
2435 338 1
2142 338 1
1673 338 1
387 338 1
148 338 1
86 338 1
761 338 1
497 338 1
33 338 1
379 338 1
57 338 1
840 339 1
1723 339 1
70 339 1
20 339 1
1680 339 1
3621 339 1
3637 339 1
2837 339 1
1703 339 1
41 339 1
45 339 1
2716 339 1
1799 339 1
4203 339 1
1457 339 1
324 339 1
2974 339 1
464 339 1
1673 339 1
331 339 1
36 339 1
2958 339 1
533 339 1
411 339 1
5 339 1
52 339 1
3572 339 1
261 339 1
2148 339 1
3401 339 1
6 339 1
1948 339 1
1038 339 1
3435 339 1
671 339 1
3186 339 1
1459 339 1
7 339 1
1553 339 1
1419 339 1
1929 339 1
2697 339 1
1865 339 1
39 339 1
2188 339 1
3719 339 1
2221 339 1
601 339 1
740 339 1
8 339 1
2259 339 1
4124 339 1
1738 339 1
2726 339 1
3201 339 1
4011 339 1
3893 339 1
537 339 1
549 339 1
3966 339 1
3 339 1
2874 339 1
731 339 1
0 339 1
52 339 1
18 339 1
2 339 1
186 339 1
888 339 1
1738 339 1
532 339 1
1977 339 1
3693 339 1
743 339 1
0 339 1
3711 339 1
228 339 1
2121 339 1
699 339 1
3980 339 1
466 339 1
1457 339 1
806 339 1
1 339 1
49 339 1
2419 339 1
2470 339 1
2944 339 1
1473 339 1
666 339 1
2542 339 1
522 339 1
3736 339 1
3047 339 1
2276 339 1
4164 339 1
2287 339 1
3752 339 1
2641 339 1
4 339 1
509 339 1
465 339 1
826 339 1
788 339 1
758 339 1
61 339 1
732 339 1
61 339 1
585 339 1
763 339 1
3308 339 1
490 339 1
488 339 1
357 339 1
1975 339 1
723 339 1
31 339 1
2444 339 1
307 339 1
556 339 1
908 339 1
1999 339 1
1879 339 1
3512 339 1
3731 339 1
111 339 1
213 339 1
2585 339 1
908 339 1
1851 339 1
2494 339 1
22 339 1
320 339 1
4043 339 1
269 339 1
1363 339 1
198 339 1
147 339 1
2566 339 1
794 339 1
1635 339 1
2283 339 1
159 339 1
4199 339 1
2421 339 1
2407 339 1
10 339 1
3408 339 1
1853 339 1
1019 339 1
4 339 1
842 339 1
2 339 1
2203 340 1
3930 340 1
3638 340 1
3363 340 1
462 340 1
2557 340 1
226 340 1
967 340 1
1216 340 1
1648 340 1
3874 340 1
51 340 1
2 340 1
8 340 1
1655 340 1
1701 340 1
2727 340 1
1850 340 1
114 340 1
965 340 1
566 340 1
291 340 1
1577 340 1
130 340 1
3610 340 1
191 340 1
1997 340 1
1684 340 1
73 340 1
2529 340 1
1301 340 1
3712 340 1
1413 340 1
1851 340 1
2663 340 1
2138 340 1
1314 340 1
1630 340 1
603 340 1
1560 340 1
982 340 1
2 340 1
3560 340 1
2576 340 1
37 340 1
220 340 1
834 340 1
112 340 1
802 340 1
3278 340 1
2754 340 1
2087 340 1
710 340 1
3027 340 1
1345 340 1
63 340 1
2147 340 1
4079 340 1
599 340 1
122 340 1
3641 340 1
2455 340 1
750 340 1
2126 340 1
1460 340 1
2298 340 1
3419 340 1
1106 340 1
569 340 1
2625 340 1
1280 340 1
123 340 1
27 340 1
2657 340 1
787 340 1
8 340 1
2329 340 1
2973 340 1
11 340 1
997 340 1
4203 340 1
3844 340 1
159 340 1
533 340 1
82 340 1
2073 340 1
1576 340 1
461 340 1
3 340 1
1238 340 1
3139 340 1
100 340 1
1533 340 1
369 340 1
2205 340 1
1718 340 1
796 340 1
56 340 1
1848 340 1
0 340 1
346 340 1
3020 340 1
1733 340 1
3815 340 1
2075 340 1
700 340 1
190 340 1
2692 340 1
2248 340 1
2575 340 1
1770 340 1
612 340 1
1502 340 1
66 340 1
1590 340 1
1810 340 1
1930 340 1
84 340 1
5 340 1
1374 340 1
319 340 1
2023 340 1
2360 340 1
193 340 1
82 340 1
210 340 1
572 340 1
104 340 1
601 340 1
2491 340 1
874 340 1
209 340 1
1181 340 1
1241 340 1
438 340 1
1213 340 1
893 340 1
606 340 1
1194 340 1
424 340 1
369 340 1
2739 340 1
2090 340 1
1802 340 1
355 340 1
670 340 1
1321 340 1
1699 340 1
2122 340 1
2428 340 1
470 340 1
193 340 1
592 340 1
1193 341 1
3237 341 1
3434 341 1
3312 341 1
15 341 1
2032 341 1
34 341 1
876 341 1
1469 341 1
2391 341 1
577 341 1
0 341 1
320 341 1
832 341 1
508 341 1
1679 341 1
3878 341 1
2771 341 1
903 341 1
3310 341 1
1115 341 1
1116 341 1
32 341 1
3900 341 1
314 341 1
161 341 1
25 341 1
149 341 1
792 341 1
1908 341 1
161 341 1
1426 341 1
60 341 1
434 341 1
473 341 1
1 341 1
0 341 1
2008 341 1
512 341 1
589 341 1
1098 341 1
3107 341 1
458 341 1
1679 341 1
3097 341 1
79 341 1
192 341 1
1283 341 1
130 341 1
1109 341 1
1 341 1
3951 341 1
52 341 1
1411 341 1
718 341 1
2167 341 1
50 341 1
2700 341 1
3586 341 1
297 341 1
1517 341 1
181 341 1
14 341 1
1544 341 1
0 341 1
598 341 1
372 341 1
408 341 1
489 341 1
10 341 1
4 341 1
4197 341 1
2649 341 1
18 341 1
840 341 1
963 341 1
2794 341 1
1240 341 1
2339 341 1
900 341 1
1531 341 1
176 341 1
1372 341 1
2659 341 1
204 341 1
3747 341 1
1810 341 1
1272 341 1
632 341 1
2041 341 1
3195 341 1
3003 341 1
4037 341 1
277 341 1
3807 341 1
606 341 1
1 341 1
1276 341 1
740 341 1
3899 341 1
379 341 1
3709 341 1
2852 341 1
361 341 1
53 341 1
4026 341 1
3869 341 1
101 341 1
24 341 1
348 341 1
1597 341 1
3289 341 1
1413 341 1
3521 341 1
215 341 1
2525 341 1
17 341 1
1311 341 1
2205 341 1
4195 341 1
10 341 1
3733 341 1
32 341 1
13 341 1
1 341 1
288 341 1
89 341 1
223 341 1
1681 341 1
18 341 1
23 341 1
2877 341 1
3 341 1
522 341 1
1766 341 1
1918 341 1
208 341 1
454 341 1
3286 341 1
2445 341 1
1015 341 1
2610 341 1
2382 341 1
2136 341 1
2351 341 1
2086 341 1
424 341 1
2887 341 1
6 341 1
199 341 1
10 341 1
2465 341 1
57 341 1
317 342 1
1253 342 1
383 342 1
1281 342 1
1054 342 1
1300 342 1
150 342 1
440 342 1
1826 342 1
451 342 1
4025 342 1
128 342 1
127 342 1
2700 342 1
1107 342 1
769 342 1
2636 342 1
1887 342 1
1632 342 1
554 342 1
339 342 1
2055 342 1
28 342 1
1576 342 1
3165 342 1
51 342 1
118 342 1
889 342 1
1064 342 1
159 342 1
962 342 1
1414 342 1
641 342 1
1578 342 1
479 342 1
36 342 1
1746 342 1
1394 342 1
0 342 1
163 342 1
456 342 1
3128 342 1
140 342 1
3174 342 1
96 342 1
3668 342 1
3966 342 1
1746 342 1
234 342 1
719 342 1
229 342 1
3670 342 1
3183 342 1
1780 342 1
341 342 1
3708 342 1
3091 342 1
787 342 1
107 342 1
1014 342 1
460 342 1
2984 342 1
3144 342 1
2130 342 1
472 342 1
1823 342 1
2156 342 1
2259 342 1
2528 342 1
1063 342 1
2930 342 1
3307 342 1
2985 342 1
1534 342 1
43 342 1
1236 342 1
320 342 1
1206 342 1
17 342 1
361 342 1
365 342 1
806 342 1
2740 342 1
588 342 1
1499 342 1
205 342 1
2249 342 1
759 342 1
73 342 1
3501 342 1
3006 342 1
2508 342 1
3960 342 1
243 342 1
1679 342 1
1764 342 1
253 342 1
2798 342 1
884 342 1
495 342 1
979 342 1
90 342 1
102 342 1
154 342 1
1364 342 1
2658 342 1
255 342 1
65 342 1
2766 342 1
837 342 1
1384 342 1
49 342 1
170 342 1
3185 342 1
314 342 1
3340 342 1
13 342 1
3921 342 1
3335 342 1
1 342 1
223 342 1
8 342 1
579 342 1
764 342 1
155 342 1
0 342 1
1607 342 1
2310 342 1
44 342 1
1963 342 1
42 342 1
2355 342 1
3843 342 1
1697 342 1
3 342 1
816 342 1
1494 342 1
1599 342 1
0 342 1
202 342 1
872 342 1
119 342 1
8 342 1
556 342 1
1999 342 1
1143 342 1
105 342 1
2935 342 1
1732 342 1
2203 342 1
3345 342 1
118 342 1
3175 342 1
2214 343 1
1558 343 1
781 343 1
4113 343 1
720 343 1
3205 343 1
1016 343 1
40 343 1
24 343 1
384 343 1
436 343 1
109 343 1
3593 343 1
1 343 1
202 343 1
2918 343 1
1790 343 1
2337 343 1
1906 343 1
1522 343 1
88 343 1
2175 343 1
3875 343 1
445 343 1
4006 343 1
1236 343 1
1892 343 1
266 343 1
399 343 1
98 343 1
2647 343 1
874 343 1
1322 343 1
464 343 1
213 343 1
674 343 1
1138 343 1
1833 343 1
978 343 1
654 343 1
3205 343 1
3995 343 1
92 343 1
486 343 1
3095 343 1
408 343 1
1997 343 1
419 343 1
1520 343 1
1 343 1
81 343 1
0 343 1
10 343 1
304 343 1
319 343 1
1405 343 1
6 343 1
3941 343 1
861 343 1
863 343 1
2277 343 1
1214 343 1
4166 343 1
494 343 1
189 343 1
3074 343 1
1335 343 1
2739 343 1
523 343 1
2118 343 1
17 343 1
21 343 1
109 343 1
3746 343 1
1451 343 1
99 343 1
1093 343 1
940 343 1
649 343 1
602 343 1
231 343 1
1759 343 1
1395 343 1
297 343 1
2537 343 1
1845 343 1
0 343 1
253 343 1
85 343 1
184 343 1
1369 343 1
2269 343 1
186 343 1
80 343 1
1316 343 1
843 343 1
16 343 1
1267 343 1
3612 343 1
1607 343 1
1764 343 1
526 343 1
327 343 1
128 343 1
1273 343 1
3190 343 1
38 343 1
975 343 1
3621 343 1
184 343 1
622 343 1
388 343 1
542 343 1
1508 343 1
450 343 1
5 343 1
11 343 1
136 343 1
385 343 1
5 343 1
92 343 1
1017 343 1
3128 343 1
543 343 1
1308 343 1
1102 343 1
552 343 1
3509 343 1
1687 343 1
113 343 1
2471 343 1
158 343 1
1626 343 1
708 343 1
283 343 1
1690 343 1
431 343 1
2667 343 1
165 343 1
3955 343 1
3571 343 1
874 343 1
759 343 1
210 343 1
844 343 1
1953 343 1
1228 343 1
337 343 1
0 343 1
1614 343 1
258 343 1
3974 343 1
332 343 1
2205 344 1
107 344 1
71 344 1
1677 344 1
1988 344 1
737 344 1
0 344 1
2394 344 1
538 344 1
3568 344 1
1890 344 1
2444 344 1
1919 344 1
26 344 1
1603 344 1
28 344 1
60 344 1
3801 344 1
217 344 1
374 344 1
1503 344 1
424 344 1
1727 344 1
2804 344 1
1325 344 1
3039 344 1
3099 344 1
1253 344 1
2 344 1
289 344 1
7 344 1
1788 344 1
2764 344 1
278 344 1
372 344 1
260 344 1
3217 344 1
274 344 1
995 344 1
34 344 1
2130 344 1
2943 344 1
541 344 1
2501 344 1
8 344 1
1557 344 1
4123 344 1
431 344 1
644 344 1
648 344 1
1510 344 1
1998 344 1
2444 344 1
217 344 1
414 344 1
200 344 1
640 344 1
702 344 1
2957 344 1
4145 344 1
585 344 1
164 344 1
3308 344 1
631 344 1
2515 344 1
1472 344 1
1189 344 1
3565 344 1
2848 344 1
1669 344 1
102 344 1
1404 344 1
26 344 1
489 344 1
3421 344 1
2851 344 1
1471 344 1
565 344 1
3000 344 1
2811 344 1
184 344 1
2906 344 1
3725 344 1
1383 344 1
2856 344 1
3010 344 1
3490 344 1
2181 344 1
2 344 1
1306 344 1
637 344 1
696 344 1
1762 344 1
3166 344 1
555 344 1
1190 344 1
0 344 1
970 344 1
2930 344 1
1260 344 1
2809 344 1
1304 344 1
3242 344 1
3769 344 1
2884 344 1
336 344 1
3301 344 1
47 344 1
612 344 1
97 344 1
64 344 1
787 344 1
3933 344 1
2602 344 1
2943 344 1
191 344 1
811 344 1
389 344 1
2378 344 1
2082 344 1
724 344 1
2813 344 1
760 344 1
1 344 1
235 344 1
2846 344 1
1340 344 1
749 344 1
2883 344 1
1543 344 1
91 344 1
2330 344 1
1242 344 1
3178 344 1
1332 344 1
574 344 1
57 344 1
1846 344 1
2821 344 1
912 344 1
15 344 1
732 344 1
1343 344 1
2620 344 1
290 344 1
1808 344 1
1554 344 1
276 344 1
855 344 1
1532 344 1
335 344 1
2338 344 1
1113 344 1
122 345 1
1534 345 1
3292 345 1
1799 345 1
503 345 1
1415 345 1
46 345 1
4094 345 1
1443 345 1
1337 345 1
2220 345 1
1789 345 1
618 345 1
273 345 1
131 345 1
273 345 1
3512 345 1
3705 345 1
3377 345 1
1142 345 1
3207 345 1
1101 345 1
1734 345 1
987 345 1
1982 345 1
748 345 1
1678 345 1
42 345 1
2978 345 1
3064 345 1
1213 345 1
85 345 1
674 345 1
2702 345 1
28 345 1
579 345 1
27 345 1
2937 345 1
2333 345 1
1527 345 1
905 345 1
750 345 1
335 345 1
62 345 1
1186 345 1
1 345 1
1077 345 1
689 345 1
1098 345 1
1068 345 1
198 345 1
2177 345 1
1519 345 1
2679 345 1
107 345 1
675 345 1
3513 345 1
3671 345 1
1341 345 1
3485 345 1
3573 345 1
1973 345 1
1920 345 1
3734 345 1
1502 345 1
59 345 1
4180 345 1
3527 345 1
3983 345 1
886 345 1
656 345 1
9 345 1
1601 345 1
3980 345 1
2010 345 1
3543 345 1
408 345 1
416 345 1
2799 345 1
2565 345 1
2411 345 1
483 345 1
400 345 1
17 345 1
650 345 1
1029 345 1
134 345 1
1203 345 1
217 345 1
3320 345 1
148 345 1
2480 345 1
13 345 1
2722 345 1
3363 345 1
0 345 1
3671 345 1
108 345 1
17 345 1
610 345 1
2313 345 1
1656 345 1
1714 345 1
311 345 1
3674 345 1
3435 345 1
1159 345 1
4137 345 1
246 345 1
4017 345 1
3240 345 1
2062 345 1
441 345 1
92 345 1
3315 345 1
1082 345 1
3146 345 1
23 345 1
758 345 1
579 345 1
1195 345 1
2390 345 1
811 345 1
2085 345 1
2777 345 1
577 345 1
1888 345 1
339 345 1
964 345 1
4040 345 1
71 345 1
2297 345 1
244 345 1
2177 345 1
838 345 1
48 345 1
1548 345 1
913 345 1
1888 345 1
577 345 1
1877 345 1
538 345 1
2253 345 1
713 345 1
1349 345 1
120 345 1
440 345 1
63 345 1
1921 345 1
4192 345 1
691 345 1
1406 345 1
34 345 1
418 346 1
3050 346 1
2183 346 1
2691 346 1
67 346 1
1870 346 1
2098 346 1
3 346 1
33 346 1
3570 346 1
3315 346 1
229 346 1
13 346 1
344 346 1
0 346 1
1700 346 1
830 346 1
178 346 1
25 346 1
526 346 1
89 346 1
2339 346 1
476 346 1
46 346 1
3052 346 1
204 346 1
837 346 1
2383 346 1
3709 346 1
3950 346 1
455 346 1
429 346 1
416 346 1
128 346 1
1108 346 1
61 346 1
987 346 1
53 346 1
1071 346 1
365 346 1
1697 346 1
587 346 1
4033 346 1
2215 346 1
496 346 1
4011 346 1
1199 346 1
1178 346 1
2024 346 1
8 346 1
1731 346 1
2011 346 1
15 346 1
145 346 1
3518 346 1
683 346 1
3815 346 1
3017 346 1
74 346 1
2796 346 1
3864 346 1
1783 346 1
4110 346 1
3678 346 1
205 346 1
4203 346 1
1943 346 1
1937 346 1
100 346 1
2646 346 1
938 346 1
1 346 1
133 346 1
167 346 1
206 346 1
1109 346 1
1490 346 1
4145 346 1
1340 346 1
1925 346 1
1001 346 1
125 346 1
1711 346 1
686 346 1
4099 346 1
346 346 1
3321 346 1
939 346 1
3897 346 1
2849 346 1
1758 346 1
99 346 1
54 346 1
879 346 1
115 346 1
14 346 1
1370 346 1
2115 346 1
1242 346 1
2231 346 1
3493 346 1
3713 346 1
734 346 1
470 346 1
1417 346 1
7 346 1
3901 346 1
663 346 1
445 346 1
1317 346 1
2354 346 1
3882 346 1
1103 346 1
1147 346 1
1982 346 1
646 346 1
1653 346 1
934 346 1
130 346 1
424 346 1
603 346 1
1584 346 1
686 346 1
154 346 1
2784 346 1
1333 346 1
4203 346 1
2937 346 1
4188 346 1
1166 346 1
1453 346 1
2506 346 1
2345 346 1
3000 346 1
851 346 1
3979 346 1
32 346 1
1418 346 1
5 346 1
119 346 1
41 346 1
1762 346 1
2562 346 1
218 346 1
401 346 1
3831 346 1
13 346 1
245 346 1
3 346 1
50 346 1
9 346 1
0 346 1
1120 346 1
471 347 1
2363 347 1
0 347 1
3562 347 1
1444 347 1
4029 347 1
58 347 1
747 347 1
308 347 1
926 347 1
22 347 1
531 347 1
1026 347 1
155 347 1
3780 347 1
365 347 1
2546 347 1
717 347 1
2390 347 1
29 347 1
2179 347 1
919 347 1
887 347 1
146 347 1
397 347 1
753 347 1
85 347 1
4026 347 1
316 347 1
3440 347 1
342 347 1
666 347 1
2939 347 1
2335 347 1
240 347 1
122 347 1
1931 347 1
119 347 1
2 347 1
862 347 1
1216 347 1
1419 347 1
221 347 1
510 347 1
1131 347 1
1643 347 1
1022 347 1
1972 347 1
535 347 1
1923 347 1
541 347 1
900 347 1
2995 347 1
47 347 1
4065 347 1
267 347 1
2634 347 1
4153 347 1
4052 347 1
42 347 1
4062 347 1
3023 347 1
2116 347 1
0 347 1
2336 347 1
342 347 1
4141 347 1
264 347 1
2627 347 1
1757 347 1
76 347 1
2951 347 1
1755 347 1
584 347 1
4020 347 1
2846 347 1
55 347 1
49 347 1
45 347 1
133 347 1
2007 347 1
491 347 1
463 347 1
1 347 1
2425 347 1
779 347 1
444 347 1
3987 347 1
925 347 1
357 347 1
2116 347 1
4094 347 1
283 347 1
2174 347 1
1582 347 1
67 347 1
414 347 1
0 347 1
999 347 1
970 347 1
181 347 1
0 347 1
2760 347 1
2292 347 1
2944 347 1
347 347 1
1447 347 1
2467 347 1
3401 347 1
961 347 1
1013 347 1
194 347 1
2588 347 1
125 347 1
3829 347 1
1246 347 1
3073 347 1
483 347 1
647 347 1
3775 347 1
1355 347 1
2226 347 1
364 347 1
3934 347 1
3859 347 1
89 347 1
1996 347 1
978 347 1
0 347 1
1283 347 1
3894 347 1
3727 347 1
0 347 1
133 347 1
266 347 1
6 347 1
7 347 1
1702 347 1
309 347 1
2271 347 1
3791 347 1
2179 347 1
3929 347 1
1165 347 1
644 347 1
605 347 1
2951 347 1
18 347 1
1437 347 1
2312 347 1
587 347 1
0 347 1
1282 347 1
1007 348 1
28 348 1
2045 348 1
142 348 1
2397 348 1
1990 348 1
265 348 1
476 348 1
1952 348 1
2553 348 1
3374 348 1
3605 348 1
67 348 1
1769 348 1
38 348 1
142 348 1
4121 348 1
1491 348 1
1623 348 1
1314 348 1
2795 348 1
2573 348 1
710 348 1
458 348 1
135 348 1
1658 348 1
2578 348 1
1403 348 1
296 348 1
104 348 1
1065 348 1
406 348 1
180 348 1
0 348 1
1001 348 1
2781 348 1
2080 348 1
1361 348 1
2618 348 1
114 348 1
915 348 1
9 348 1
3127 348 1
1685 348 1
568 348 1
3666 348 1
838 348 1
28 348 1
1911 348 1
0 348 1
3447 348 1
5 348 1
2001 348 1
3762 348 1
3048 348 1
2152 348 1
2452 348 1
1728 348 1
2191 348 1
3578 348 1
2434 348 1
760 348 1
1856 348 1
988 348 1
1433 348 1
1628 348 1
3970 348 1
1144 348 1
2941 348 1
516 348 1
242 348 1
556 348 1
2363 348 1
1019 348 1
609 348 1
3607 348 1
2789 348 1
3 348 1
128 348 1
281 348 1
507 348 1
910 348 1
469 348 1
1697 348 1
1356 348 1
543 348 1
96 348 1
94 348 1
344 348 1
2504 348 1
1 348 1
430 348 1
2756 348 1
2378 348 1
156 348 1
1532 348 1
84 348 1
44 348 1
146 348 1
3864 348 1
2980 348 1
3 348 1
4043 348 1
651 348 1
1936 348 1
25 348 1
3 348 1
2456 348 1
3840 348 1
5 348 1
1477 348 1
1325 348 1
91 348 1
2003 348 1
21 348 1
3 348 1
3913 348 1
17 348 1
261 348 1
148 348 1
2056 348 1
104 348 1
1254 348 1
1049 348 1
1132 348 1
3697 348 1
2272 348 1
3678 348 1
542 348 1
8 348 1
337 348 1
1621 348 1
66 348 1
2968 348 1
320 348 1
619 348 1
2729 348 1
3988 348 1
1906 348 1
2769 348 1
3841 348 1
1237 348 1
598 348 1
2177 348 1
2867 348 1
1986 348 1
1143 348 1
3452 348 1
355 348 1
66 348 1
286 348 1
2369 348 1
540 348 1
2508 349 1
4053 349 1
3856 349 1
4005 349 1
3775 349 1
259 349 1
1407 349 1
389 349 1
3971 349 1
73 349 1
750 349 1
2192 349 1
38 349 1
3322 349 1
1830 349 1
288 349 1
288 349 1
3717 349 1
242 349 1
2261 349 1
42 349 1
170 349 1
3746 349 1
1042 349 1
80 349 1
655 349 1
2716 349 1
2956 349 1
4088 349 1
52 349 1
2560 349 1
43 349 1
400 349 1
1950 349 1
902 349 1
757 349 1
16 349 1
0 349 1
3122 349 1
1 349 1
117 349 1
2017 349 1
20 349 1
152 349 1
745 349 1
188 349 1
1745 349 1
2166 349 1
564 349 1
246 349 1
408 349 1
4094 349 1
326 349 1
3248 349 1
29 349 1
146 349 1
4075 349 1
727 349 1
1208 349 1
1125 349 1
239 349 1
920 349 1
3667 349 1
138 349 1
3476 349 1
2622 349 1
1561 349 1
1042 349 1
237 349 1
49 349 1
19 349 1
248 349 1
639 349 1
1467 349 1
3124 349 1
19 349 1
94 349 1
3111 349 1
1645 349 1
61 349 1
2828 349 1
3 349 1
3130 349 1
1458 349 1
2520 349 1
100 349 1
1812 349 1
186 349 1
483 349 1
1573 349 1
16 349 1
141 349 1
2466 349 1
25 349 1
137 349 1
973 349 1
4143 349 1
208 349 1
259 349 1
1942 349 1
345 349 1
1 349 1
266 349 1
2141 349 1
3079 349 1
115 349 1
4118 349 1
2 349 1
747 349 1
858 349 1
792 349 1
2356 349 1
3856 349 1
1535 349 1
868 349 1
1906 349 1
153 349 1
3934 349 1
664 349 1
971 349 1
1118 349 1
58 349 1
566 349 1
2571 349 1
1254 349 1
1332 349 1
305 349 1
868 349 1
836 349 1
1491 349 1
1267 349 1
2260 349 1
370 349 1
4053 349 1
1432 349 1
1509 349 1
2254 349 1
1393 349 1
1258 349 1
16 349 1
14 349 1
374 349 1
4048 349 1
153 349 1
2113 349 1
1796 349 1
0 349 1
18 349 1
926 349 1
34 349 1
619 349 1
80 349 1
292 349 1
1972 350 1
0 350 1
3393 350 1
6 350 1
317 350 1
1773 350 1
0 350 1
4 350 1
279 350 1
2346 350 1
1435 350 1
2119 350 1
613 350 1
343 350 1
215 350 1
3565 350 1
2596 350 1
1037 350 1
125 350 1
1426 350 1
2907 350 1
366 350 1
879 350 1
2263 350 1
240 350 1
340 350 1
358 350 1
61 350 1
1505 350 1
1 350 1
351 350 1
2478 350 1
3553 350 1
1781 350 1
863 350 1
2625 350 1
1782 350 1
3780 350 1
1375 350 1
1685 350 1
177 350 1
2399 350 1
0 350 1
1440 350 1
1892 350 1
2284 350 1
1708 350 1
79 350 1
16 350 1
3456 350 1
311 350 1
2680 350 1
618 350 1
2107 350 1
2393 350 1
356 350 1
3720 350 1
213 350 1
3626 350 1
2838 350 1
514 350 1
12 350 1
2050 350 1
3000 350 1
2779 350 1
3012 350 1
400 350 1
1094 350 1
667 350 1
3395 350 1
31 350 1
2924 350 1
391 350 1
760 350 1
690 350 1
3814 350 1
1226 350 1
591 350 1
3233 350 1
1037 350 1
215 350 1
2646 350 1
800 350 1
3734 350 1
1652 350 1
1248 350 1
1458 350 1
11 350 1
0 350 1
934 350 1
995 350 1
1131 350 1
3032 350 1
979 350 1
571 350 1
1159 350 1
3681 350 1
1537 350 1
599 350 1
885 350 1
0 350 1
6 350 1
868 350 1
54 350 1
258 350 1
3091 350 1
2491 350 1
1243 350 1
410 350 1
473 350 1
93 350 1
2448 350 1
203 350 1
512 350 1
871 350 1
1403 350 1
576 350 1
1927 350 1
1369 350 1
2 350 1
275 350 1
1305 350 1
1716 350 1
152 350 1
606 350 1
118 350 1
862 350 1
1069 350 1
1318 350 1
392 350 1
413 350 1
225 350 1
2553 350 1
195 350 1
0 350 1
414 350 1
3805 350 1
124 350 1
2026 350 1
1995 350 1
3093 350 1
1128 350 1
647 350 1
1073 350 1
1253 350 1
1568 350 1
655 350 1
1121 350 1
589 350 1
479 350 1
737 350 1
669 350 1
1159 350 1
2411 351 1
3248 351 1
1620 351 1
110 351 1
711 351 1
3571 351 1
211 351 1
993 351 1
574 351 1
2376 351 1
2387 351 1
359 351 1
40 351 1
199 351 1
266 351 1
3543 351 1
2653 351 1
3883 351 1
96 351 1
1844 351 1
1034 351 1
197 351 1
2890 351 1
335 351 1
3737 351 1
172 351 1
233 351 1
2872 351 1
1681 351 1
1870 351 1
1658 351 1
2589 351 1
300 351 1
1946 351 1
1416 351 1
813 351 1
268 351 1
1479 351 1
3957 351 1
583 351 1
119 351 1
749 351 1
2986 351 1
2252 351 1
4 351 1
294 351 1
430 351 1
2947 351 1
368 351 1
342 351 1
4024 351 1
587 351 1
2919 351 1
1848 351 1
3719 351 1
305 351 1
3187 351 1
3952 351 1
0 351 1
3643 351 1
3859 351 1
178 351 1
2010 351 1
3093 351 1
2221 351 1
293 351 1
727 351 1
108 351 1
233 351 1
0 351 1
826 351 1
710 351 1
528 351 1
844 351 1
98 351 1
655 351 1
2473 351 1
984 351 1
1202 351 1
453 351 1
862 351 1
309 351 1
3186 351 1
3116 351 1
2240 351 1
672 351 1
3011 351 1
2436 351 1
1147 351 1
8 351 1
13 351 1
498 351 1
1950 351 1
268 351 1
290 351 1
790 351 1
3462 351 1
231 351 1
2483 351 1
295 351 1
2514 351 1
61 351 1
192 351 1
1741 351 1
1793 351 1
166 351 1
366 351 1
2249 351 1
3754 351 1
2169 351 1
186 351 1
784 351 1
1073 351 1
1310 351 1
4 351 1
451 351 1
2927 351 1
4 351 1
2529 351 1
144 351 1
2256 351 1
1215 351 1
2074 351 1
2044 351 1
403 351 1
2855 351 1
1 351 1
811 351 1
1078 351 1
2257 351 1
519 351 1
2172 351 1
3194 351 1
1023 351 1
1291 351 1
2934 351 1
3636 351 1
924 351 1
2506 351 1
644 351 1
16 351 1
262 351 1
2033 351 1
264 351 1
3574 351 1
2482 351 1
237 351 1
558 351 1
5 351 1
519 351 1
1779 351 1
127 351 1
342 351 1
736 352 1
64 352 1
1720 352 1
7 352 1
3173 352 1
2612 352 1
1360 352 1
192 352 1
3191 352 1
1105 352 1
3887 352 1
330 352 1
771 352 1
10 352 1
1988 352 1
91 352 1
676 352 1
2350 352 1
936 352 1
3345 352 1
3919 352 1
97 352 1
206 352 1
971 352 1
161 352 1
2 352 1
3286 352 1
74 352 1
367 352 1
660 352 1
708 352 1
28 352 1
3844 352 1
24 352 1
2305 352 1
321 352 1
2648 352 1
1506 352 1
538 352 1
2 352 1
298 352 1
636 352 1
16 352 1
2137 352 1
1093 352 1
1659 352 1
3581 352 1
1829 352 1
2101 352 1
83 352 1
3 352 1
1510 352 1
2752 352 1
1055 352 1
2414 352 1
1481 352 1
1385 352 1
1656 352 1
1737 352 1
1046 352 1
8 352 1
167 352 1
8 352 1
2459 352 1
2088 352 1
3053 352 1
194 352 1
410 352 1
0 352 1
1942 352 1
886 352 1
1560 352 1
110 352 1
1937 352 1
1165 352 1
3059 352 1
383 352 1
224 352 1
102 352 1
20 352 1
123 352 1
4045 352 1
1317 352 1
2233 352 1
1825 352 1
3216 352 1
307 352 1
460 352 1
1659 352 1
986 352 1
0 352 1
2528 352 1
214 352 1
1061 352 1
709 352 1
229 352 1
31 352 1
677 352 1
46 352 1
1897 352 1
3161 352 1
869 352 1
51 352 1
752 352 1
2699 352 1
3797 352 1
1532 352 1
2 352 1
195 352 1
1778 352 1
229 352 1
0 352 1
2577 352 1
1292 352 1
1828 352 1
3286 352 1
400 352 1
61 352 1
777 352 1
294 352 1
49 352 1
2275 352 1
4 352 1
4145 352 1
134 352 1
1 352 1
1401 352 1
42 352 1
206 352 1
2631 352 1
1656 352 1
1138 352 1
437 352 1
1325 352 1
2661 352 1
2622 352 1
1793 352 1
2685 352 1
610 352 1
1011 352 1
1393 352 1
2732 352 1
1503 352 1
232 352 1
475 352 1
2558 352 1
2160 352 1
3258 352 1
293 352 1
3 352 1
2913 352 1
3311 352 1
767 352 1
3570 353 1
987 353 1
1 353 1
9 353 1
6 353 1
317 353 1
1150 353 1
3484 353 1
1299 353 1
404 353 1
585 353 1
57 353 1
404 353 1
3889 353 1
173 353 1
1323 353 1
1318 353 1
54 353 1
128 353 1
998 353 1
3170 353 1
4 353 1
920 353 1
46 353 1
269 353 1
625 353 1
1314 353 1
0 353 1
586 353 1
656 353 1
1638 353 1
2529 353 1
3293 353 1
7 353 1
211 353 1
430 353 1
291 353 1
2864 353 1
3244 353 1
182 353 1
310 353 1
603 353 1
8 353 1
57 353 1
979 353 1
46 353 1
351 353 1
1156 353 1
1414 353 1
3798 353 1
3749 353 1
2241 353 1
1088 353 1
811 353 1
2 353 1
3603 353 1
2775 353 1
1008 353 1
1663 353 1
201 353 1
4185 353 1
1824 353 1
212 353 1
2574 353 1
1254 353 1
225 353 1
291 353 1
136 353 1
302 353 1
3669 353 1
1299 353 1
748 353 1
229 353 1
19 353 1
391 353 1
3265 353 1
1634 353 1
1969 353 1
1085 353 1
3733 353 1
4194 353 1
2428 353 1
2807 353 1
3346 353 1
2062 353 1
300 353 1
617 353 1
15 353 1
4068 353 1
19 353 1
3697 353 1
2513 353 1
2039 353 1
988 353 1
67 353 1
673 353 1
384 353 1
401 353 1
862 353 1
2713 353 1
1160 353 1
2777 353 1
3555 353 1
499 353 1
2462 353 1
462 353 1
3319 353 1
3183 353 1
3063 353 1
2358 353 1
14 353 1
199 353 1
1760 353 1
351 353 1
1730 353 1
2151 353 1
95 353 1
3179 353 1
142 353 1
968 353 1
230 353 1
73 353 1
366 353 1
1135 353 1
3083 353 1
1882 353 1
727 353 1
181 353 1
111 353 1
0 353 1
383 353 1
305 353 1
951 353 1
3962 353 1
1332 353 1
3874 353 1
2211 353 1
806 353 1
3601 353 1
1622 353 1
1197 353 1
2 353 1
602 353 1
1952 353 1
3 353 1
982 353 1
4 353 1
3457 353 1
2739 353 1
3289 353 1
139 353 1
1867 353 1
2267 353 1
997 354 1
1002 354 1
3826 354 1
577 354 1
282 354 1
2279 354 1
3133 354 1
3452 354 1
1445 354 1
443 354 1
371 354 1
706 354 1
97 354 1
264 354 1
1122 354 1
1154 354 1
614 354 1
186 354 1
1078 354 1
340 354 1
2934 354 1
3716 354 1
1765 354 1
545 354 1
3969 354 1
147 354 1
1178 354 1
584 354 1
3 354 1
1966 354 1
1368 354 1
645 354 1
57 354 1
680 354 1
649 354 1
0 354 1
3761 354 1
57 354 1
119 354 1
26 354 1
2911 354 1
2471 354 1
938 354 1
1917 354 1
137 354 1
1762 354 1
2741 354 1
2918 354 1
68 354 1
1224 354 1
3748 354 1
1 354 1
1119 354 1
719 354 1
2008 354 1
4124 354 1
725 354 1
4113 354 1
2169 354 1
2320 354 1
244 354 1
1416 354 1
446 354 1
271 354 1
5 354 1
572 354 1
2616 354 1
158 354 1
94 354 1
2332 354 1
2280 354 1
275 354 1
3041 354 1
2782 354 1
3087 354 1
28 354 1
1058 354 1
71 354 1
238 354 1
3817 354 1
333 354 1
1787 354 1
323 354 1
43 354 1
1028 354 1
75 354 1
2 354 1
560 354 1
2412 354 1
3611 354 1
2648 354 1
3047 354 1
139 354 1
2647 354 1
714 354 1
212 354 1
2708 354 1
2004 354 1
2605 354 1
3568 354 1
1526 354 1
9 354 1
478 354 1
576 354 1
3028 354 1
177 354 1
1491 354 1
33 354 1
2924 354 1
1187 354 1
23 354 1
12 354 1
4101 354 1
3903 354 1
719 354 1
1 354 1
42 354 1
992 354 1
263 354 1
1595 354 1
1542 354 1
139 354 1
2709 354 1
2504 354 1
1575 354 1
13 354 1
3821 354 1
432 354 1
3227 354 1
2 354 1
31 354 1
1949 354 1
277 354 1
4186 354 1
131 354 1
1185 354 1
133 354 1
1685 354 1
0 354 1
4 354 1
2393 354 1
930 354 1
401 354 1
114 354 1
2510 354 1
663 354 1
1089 354 1
678 354 1
3064 354 1
504 354 1
311 354 1
530 354 1
726 354 1
1058 355 1
852 355 1
374 355 1
140 355 1
79 355 1
2856 355 1
110 355 1
130 355 1
221 355 1
1341 355 1
3639 355 1
871 355 1
2997 355 1
693 355 1
341 355 1
3117 355 1
247 355 1
1642 355 1
386 355 1
808 355 1
30 355 1
1349 355 1
3163 355 1
3030 355 1
1156 355 1
733 355 1
2681 355 1
3909 355 1
652 355 1
2990 355 1
208 355 1
26 355 1
1073 355 1
2821 355 1
823 355 1
606 355 1
660 355 1
2585 355 1
222 355 1
2854 355 1
90 355 1
2170 355 1
2723 355 1
1131 355 1
1334 355 1
213 355 1
3825 355 1
1329 355 1
601 355 1
328 355 1
21 355 1
1666 355 1
0 355 1
2142 355 1
251 355 1
3841 355 1
3053 355 1
955 355 1
3119 355 1
2484 355 1
3787 355 1
3830 355 1
2959 355 1
316 355 1
6 355 1
1662 355 1
4146 355 1
1704 355 1
1780 355 1
4060 355 1
0 355 1
3011 355 1
142 355 1
289 355 1
3366 355 1
2618 355 1
85 355 1
203 355 1
518 355 1
10 355 1
605 355 1
580 355 1
549 355 1
921 355 1
1179 355 1
0 355 1
2665 355 1
4203 355 1
195 355 1
152 355 1
1788 355 1
606 355 1
4057 355 1
3 355 1
3843 355 1
1357 355 1
412 355 1
1342 355 1
3868 355 1
247 355 1
338 355 1
467 355 1
122 355 1
1130 355 1
3121 355 1
2862 355 1
1188 355 1
3379 355 1
7 355 1
591 355 1
1865 355 1
3573 355 1
347 355 1
2556 355 1
108 355 1
3337 355 1
857 355 1
3521 355 1
488 355 1
317 355 1
2630 355 1
578 355 1
35 355 1
798 355 1
296 355 1
23 355 1
247 355 1
139 355 1
3511 355 1
617 355 1
298 355 1
149 355 1
3391 355 1
2474 355 1
4133 355 1
1291 355 1
4128 355 1
166 355 1
1336 355 1
480 355 1
327 355 1
1857 355 1
2301 355 1
2895 355 1
315 355 1
1039 355 1
582 355 1
633 355 1
2186 355 1
1378 355 1
1728 355 1
3972 355 1
983 355 1
133 356 1
3958 356 1
55 356 1
3473 356 1
127 356 1
49 356 1
76 356 1
458 356 1
191 356 1
802 356 1
434 356 1
935 356 1
503 356 1
122 356 1
1 356 1
1608 356 1
3 356 1
179 356 1
174 356 1
605 356 1
1362 356 1
457 356 1
3241 356 1
3 356 1
0 356 1
819 356 1
83 356 1
503 356 1
0 356 1
1700 356 1
343 356 1
2264 356 1
394 356 1
767 356 1
4089 356 1
1022 356 1
1074 356 1
3108 356 1
71 356 1
521 356 1
3566 356 1
4022 356 1
1705 356 1
228 356 1
254 356 1
82 356 1
2751 356 1
1260 356 1
328 356 1
1180 356 1
3082 356 1
206 356 1
1421 356 1
134 356 1
94 356 1
155 356 1
85 356 1
22 356 1
3203 356 1
3111 356 1
7 356 1
2052 356 1
1402 356 1
909 356 1
1645 356 1
3518 356 1
1934 356 1
48 356 1
1448 356 1
3550 356 1
2196 356 1
281 356 1
12 356 1
2182 356 1
578 356 1
28 356 1
388 356 1
420 356 1
15 356 1
4014 356 1
559 356 1
296 356 1
409 356 1
675 356 1
267 356 1
3664 356 1
884 356 1
1495 356 1
2744 356 1
3366 356 1
4083 356 1
4034 356 1
3423 356 1
9 356 1
2086 356 1
458 356 1
51 356 1
2386 356 1
74 356 1
34 356 1
545 356 1
1279 356 1
3037 356 1
881 356 1
3926 356 1
3939 356 1
810 356 1
117 356 1
1501 356 1
271 356 1
370 356 1
3836 356 1
289 356 1
3724 356 1
3928 356 1
220 356 1
991 356 1
78 356 1
3360 356 1
3706 356 1
3930 356 1
19 356 1
1352 356 1
1100 356 1
515 356 1
348 356 1
101 356 1
38 356 1
15 356 1
11 356 1
1741 356 1
0 356 1
689 356 1
1542 356 1
2682 356 1
1561 356 1
1314 356 1
41 356 1
109 356 1
2315 356 1
33 356 1
195 356 1
24 356 1
3134 356 1
1007 356 1
1946 356 1
1548 356 1
132 356 1
2811 356 1
31 356 1
3518 356 1
181 356 1
697 356 1
752 357 1
7 357 1
70 357 1
91 357 1
3576 357 1
3759 357 1
23 357 1
1052 357 1
1643 357 1
486 357 1
636 357 1
2482 357 1
3090 357 1
3264 357 1
2780 357 1
940 357 1
211 357 1
1524 357 1
1823 357 1
402 357 1
4124 357 1
3462 357 1
233 357 1
1236 357 1
1074 357 1
2593 357 1
1356 357 1
1472 357 1
4076 357 1
241 357 1
2005 357 1
490 357 1
3358 357 1
971 357 1
8 357 1
1547 357 1
4165 357 1
2503 357 1
1302 357 1
2123 357 1
3998 357 1
0 357 1
3568 357 1
1702 357 1
4116 357 1
414 357 1
78 357 1
1092 357 1
2868 357 1
3177 357 1
795 357 1
1692 357 1
224 357 1
2 357 1
1911 357 1
3400 357 1
779 357 1
1730 357 1
2401 357 1
3646 357 1
1312 357 1
2621 357 1
2252 357 1
75 357 1
1213 357 1
1581 357 1
502 357 1
3417 357 1
3547 357 1
1754 357 1
1806 357 1
139 357 1
1067 357 1
3738 357 1
2670 357 1
1193 357 1
1763 357 1
166 357 1
56 357 1
571 357 1
2899 357 1
2311 357 1
2568 357 1
562 357 1
48 357 1
1 357 1
1151 357 1
102 357 1
8 357 1
4000 357 1
3900 357 1
2 357 1
262 357 1
1630 357 1
149 357 1
713 357 1
2132 357 1
270 357 1
204 357 1
1966 357 1
461 357 1
3903 357 1
2042 357 1
2543 357 1
2121 357 1
2865 357 1
623 357 1
1425 357 1
2299 357 1
2953 357 1
834 357 1
42 357 1
75 357 1
3558 357 1
1500 357 1
2622 357 1
3383 357 1
2341 357 1
1551 357 1
29 357 1
386 357 1
289 357 1
246 357 1
1917 357 1
665 357 1
124 357 1
1377 357 1
208 357 1
2351 357 1
835 357 1
14 357 1
2291 357 1
3840 357 1
276 357 1
2814 357 1
1835 357 1
0 357 1
4131 357 1
348 357 1
35 357 1
3329 357 1
198 357 1
753 357 1
3770 357 1
3487 357 1
86 357 1
19 357 1
3141 357 1
2397 357 1
2034 357 1
317 357 1
1411 357 1
1318 357 1
294 358 1
675 358 1
9 358 1
1886 358 1
1398 358 1
196 358 1
190 358 1
111 358 1
26 358 1
1533 358 1
27 358 1
2944 358 1
41 358 1
1759 358 1
3280 358 1
11 358 1
1758 358 1
204 358 1
316 358 1
1608 358 1
1466 358 1
3108 358 1
57 358 1
1809 358 1
241 358 1
567 358 1
153 358 1
298 358 1
3998 358 1
2876 358 1
12 358 1
3656 358 1
45 358 1
163 358 1
384 358 1
41 358 1
576 358 1
1495 358 1
713 358 1
3004 358 1
4 358 1
369 358 1
50 358 1
4148 358 1
1364 358 1
793 358 1
494 358 1
1264 358 1
98 358 1
1639 358 1
1159 358 1
326 358 1
1470 358 1
2876 358 1
594 358 1
2976 358 1
2345 358 1
74 358 1
3271 358 1
1246 358 1
151 358 1
1651 358 1
360 358 1
1726 358 1
2637 358 1
1100 358 1
0 358 1
3716 358 1
3123 358 1
2985 358 1
2522 358 1
226 358 1
403 358 1
1874 358 1
874 358 1
365 358 1
9 358 1
2015 358 1
3 358 1
1447 358 1
989 358 1
360 358 1
548 358 1
1132 358 1
3259 358 1
3314 358 1
113 358 1
1539 358 1
1250 358 1
308 358 1
3043 358 1
2101 358 1
4187 358 1
3408 358 1
79 358 1
4157 358 1
2846 358 1
1033 358 1
1215 358 1
3948 358 1
3207 358 1
2325 358 1
2245 358 1
1136 358 1
2187 358 1
101 358 1
41 358 1
2478 358 1
1804 358 1
71 358 1
716 358 1
858 358 1
3961 358 1
2386 358 1
2186 358 1
331 358 1
146 358 1
685 358 1
1671 358 1
21 358 1
1339 358 1
854 358 1
1568 358 1
4001 358 1
2900 358 1
2578 358 1
1001 358 1
3692 358 1
58 358 1
3924 358 1
1 358 1
97 358 1
2668 358 1
54 358 1
451 358 1
14 358 1
1115 358 1
1351 358 1
4 358 1
3067 358 1
2668 358 1
5 358 1
65 358 1
56 358 1
3469 358 1
537 358 1
2 358 1
3602 358 1
2223 358 1
2410 358 1
480 358 1
173 358 1
3485 358 1
81 359 1
2153 359 1
2648 359 1
188 359 1
202 359 1
646 359 1
3717 359 1
1410 359 1
956 359 1
2014 359 1
999 359 1
1051 359 1
2306 359 1
1795 359 1
2569 359 1
3814 359 1
1130 359 1
1474 359 1
2210 359 1
780 359 1
4157 359 1
514 359 1
2958 359 1
446 359 1
27 359 1
11 359 1
1524 359 1
2701 359 1
388 359 1
370 359 1
1373 359 1
431 359 1
1764 359 1
3497 359 1
1448 359 1
330 359 1
17 359 1
1744 359 1
6 359 1
779 359 1
756 359 1
2 359 1
288 359 1
41 359 1
128 359 1
451 359 1
2601 359 1
109 359 1
4141 359 1
3084 359 1
2529 359 1
36 359 1
1179 359 1
3466 359 1
1564 359 1
2449 359 1
933 359 1
952 359 1
171 359 1
374 359 1
466 359 1
1123 359 1
2462 359 1
79 359 1
957 359 1
1739 359 1
3013 359 1
27 359 1
3943 359 1
122 359 1
1821 359 1
746 359 1
89 359 1
2355 359 1
70 359 1
1974 359 1
3065 359 1
0 359 1
1902 359 1
4008 359 1
355 359 1
809 359 1
388 359 1
2462 359 1
1570 359 1
780 359 1
394 359 1
523 359 1
2209 359 1
4 359 1
2373 359 1
901 359 1
1822 359 1
630 359 1
246 359 1
822 359 1
2490 359 1
259 359 1
676 359 1
273 359 1
2585 359 1
1941 359 1
54 359 1
3700 359 1
1745 359 1
874 359 1
1806 359 1
57 359 1
4154 359 1
28 359 1
953 359 1
2699 359 1
1264 359 1
2731 359 1
8 359 1
1665 359 1
1 359 1
1046 359 1
699 359 1
2855 359 1
484 359 1
10 359 1
0 359 1
598 359 1
493 359 1
76 359 1
3610 359 1
243 359 1
362 359 1
2923 359 1
2507 359 1
228 359 1
6 359 1
829 359 1
2287 359 1
815 359 1
3841 359 1
4117 359 1
621 359 1
1377 359 1
989 359 1
2107 359 1
3863 359 1
3343 359 1
52 359 1
1181 359 1
2964 359 1
641 359 1
713 359 1
3899 359 1
670 359 1
445 359 1
3980 359 1
149 360 1
2617 360 1
2653 360 1
998 360 1
3690 360 1
196 360 1
1673 360 1
967 360 1
3457 360 1
126 360 1
3939 360 1
3837 360 1
1601 360 1
829 360 1
1065 360 1
36 360 1
1950 360 1
2083 360 1
511 360 1
1755 360 1
1323 360 1
3808 360 1
2530 360 1
1709 360 1
280 360 1
1602 360 1
515 360 1
5 360 1
2746 360 1
1324 360 1
1818 360 1
2368 360 1
2551 360 1
18 360 1
351 360 1
321 360 1
3672 360 1
2745 360 1
868 360 1
4052 360 1
4172 360 1
1880 360 1
431 360 1
36 360 1
565 360 1
975 360 1
3220 360 1
27 360 1
1902 360 1
350 360 1
1 360 1
1475 360 1
2292 360 1
1556 360 1
1513 360 1
82 360 1
2642 360 1
0 360 1
3474 360 1
58 360 1
41 360 1
1401 360 1
513 360 1
158 360 1
216 360 1
595 360 1
73 360 1
793 360 1
369 360 1
82 360 1
3688 360 1
3418 360 1
148 360 1
1745 360 1
3312 360 1
2963 360 1
644 360 1
43 360 1
892 360 1
1737 360 1
972 360 1
2842 360 1
4038 360 1
1172 360 1
1475 360 1
97 360 1
2285 360 1
1137 360 1
2449 360 1
20 360 1
709 360 1
1612 360 1
1124 360 1
2963 360 1
975 360 1
1277 360 1
1702 360 1
9 360 1
2522 360 1
4043 360 1
1401 360 1
1639 360 1
3907 360 1
156 360 1
3292 360 1
1240 360 1
820 360 1
391 360 1
260 360 1
1019 360 1
3798 360 1
727 360 1
1403 360 1
1399 360 1
2876 360 1
261 360 1
1024 360 1
1357 360 1
1595 360 1
9 360 1
451 360 1
4010 360 1
1783 360 1
3289 360 1
3449 360 1
219 360 1
4088 360 1
55 360 1
561 360 1
197 360 1
2241 360 1
376 360 1
1294 360 1
63 360 1
233 360 1
416 360 1
3837 360 1
5 360 1
247 360 1
532 360 1
104 360 1
2937 360 1
48 360 1
594 360 1
1617 360 1
719 360 1
46 360 1
1727 360 1
3362 360 1
39 360 1
4059 360 1
4118 360 1
1653 360 1
470 361 1
1049 361 1
1065 361 1
92 361 1
196 361 1
53 361 1
442 361 1
2246 361 1
2876 361 1
45 361 1
3660 361 1
2172 361 1
2116 361 1
698 361 1
1 361 1
2355 361 1
84 361 1
20 361 1
57 361 1
151 361 1
1158 361 1
1314 361 1
2911 361 1
3415 361 1
2924 361 1
3505 361 1
1346 361 1
2108 361 1
394 361 1
282 361 1
1208 361 1
3557 361 1
348 361 1
1597 361 1
3962 361 1
114 361 1
720 361 1
2814 361 1
1305 361 1
917 361 1
816 361 1
4014 361 1
2019 361 1
7 361 1
3084 361 1
2239 361 1
150 361 1
160 361 1
309 361 1
1267 361 1
2326 361 1
644 361 1
2184 361 1
456 361 1
2669 361 1
1514 361 1
243 361 1
3054 361 1
151 361 1
3649 361 1
1261 361 1
2721 361 1
2354 361 1
1140 361 1
1183 361 1
851 361 1
41 361 1
257 361 1
2605 361 1
3108 361 1
96 361 1
2835 361 1
919 361 1
1562 361 1
776 361 1
603 361 1
319 361 1
417 361 1
3688 361 1
20 361 1
178 361 1
5 361 1
494 361 1
693 361 1
1599 361 1
128 361 1
3397 361 1
1469 361 1
417 361 1
352 361 1
3287 361 1
31 361 1
1951 361 1
2746 361 1
4018 361 1
3475 361 1
798 361 1
1572 361 1
1151 361 1
1172 361 1
2 361 1
421 361 1
128 361 1
436 361 1
669 361 1
308 361 1
326 361 1
1681 361 1
246 361 1
2127 361 1
1120 361 1
3876 361 1
3765 361 1
3090 361 1
2 361 1
2091 361 1
3321 361 1
980 361 1
446 361 1
982 361 1
241 361 1
1961 361 1
212 361 1
219 361 1
208 361 1
2054 361 1
3594 361 1
3199 361 1
0 361 1
1932 361 1
937 361 1
3694 361 1
245 361 1
766 361 1
1043 361 1
817 361 1
2339 361 1
11 361 1
372 361 1
186 361 1
2505 361 1
4100 361 1
174 361 1
1529 361 1
440 361 1
316 361 1
2205 361 1
117 361 1
601 361 1
1589 361 1
911 361 1
1970 361 1
3325 361 1
7 362 1
3884 362 1
3303 362 1
493 362 1
17 362 1
244 362 1
276 362 1
3859 362 1
0 362 1
43 362 1
286 362 1
134 362 1
2513 362 1
296 362 1
1266 362 1
498 362 1
3686 362 1
1170 362 1
3362 362 1
119 362 1
49 362 1
2094 362 1
97 362 1
1980 362 1
3041 362 1
150 362 1
327 362 1
77 362 1
613 362 1
4 362 1
2871 362 1
1438 362 1
3894 362 1
637 362 1
2418 362 1
693 362 1
1506 362 1
3582 362 1
5 362 1
955 362 1
1515 362 1
194 362 1
1890 362 1
410 362 1
2018 362 1
1661 362 1
58 362 1
624 362 1
2609 362 1
637 362 1
3594 362 1
162 362 1
3343 362 1
113 362 1
243 362 1
22 362 1
1246 362 1
908 362 1
86 362 1
2622 362 1
273 362 1
1443 362 1
3789 362 1
50 362 1
3405 362 1
506 362 1
19 362 1
1390 362 1
4206 362 1
2206 362 1
1929 362 1
0 362 1
1601 362 1
1354 362 1
415 362 1
22 362 1
2194 362 1
565 362 1
622 362 1
90 362 1
3419 362 1
2419 362 1
495 362 1
2754 362 1
6 362 1
79 362 1
1898 362 1
2475 362 1
0 362 1
3309 362 1
17 362 1
3467 362 1
329 362 1
731 362 1
742 362 1
2640 362 1
1174 362 1
1 362 1
3294 362 1
1122 362 1
665 362 1
3294 362 1
528 362 1
0 362 1
259 362 1
898 362 1
124 362 1
180 362 1
171 362 1
298 362 1
867 362 1
3621 362 1
1325 362 1
471 362 1
2124 362 1
885 362 1
3511 362 1
664 362 1
123 362 1
156 362 1
753 362 1
16 362 1
3087 362 1
2148 362 1
1945 362 1
6 362 1
1261 362 1
2 362 1
1150 362 1
24 362 1
221 362 1
318 362 1
249 362 1
1231 362 1
517 362 1
1535 362 1
549 362 1
91 362 1
1977 362 1
548 362 1
1426 362 1
2772 362 1
514 362 1
2847 362 1
2767 362 1
5 362 1
871 362 1
368 362 1
3862 362 1
1284 362 1
265 362 1
1758 362 1
2271 362 1
385 363 1
1790 363 1
4161 363 1
3189 363 1
120 363 1
80 363 1
220 363 1
1439 363 1
3579 363 1
449 363 1
46 363 1
2625 363 1
3723 363 1
3162 363 1
791 363 1
963 363 1
539 363 1
1074 363 1
1261 363 1
3388 363 1
3339 363 1
3628 363 1
3077 363 1
65 363 1
36 363 1
1661 363 1
2 363 1
915 363 1
435 363 1
1628 363 1
2 363 1
67 363 1
824 363 1
120 363 1
3828 363 1
450 363 1
5 363 1
57 363 1
3052 363 1
2018 363 1
0 363 1
62 363 1
20 363 1
83 363 1
10 363 1
2884 363 1
909 363 1
506 363 1
2353 363 1
961 363 1
443 363 1
250 363 1
302 363 1
901 363 1
4143 363 1
781 363 1
618 363 1
2723 363 1
1665 363 1
16 363 1
28 363 1
48 363 1
1741 363 1
26 363 1
0 363 1
1499 363 1
3935 363 1
2434 363 1
91 363 1
1835 363 1
1565 363 1
1682 363 1
2304 363 1
803 363 1
1444 363 1
2 363 1
22 363 1
222 363 1
583 363 1
2503 363 1
244 363 1
293 363 1
2966 363 1
3102 363 1
209 363 1
2584 363 1
3513 363 1
7 363 1
596 363 1
235 363 1
2623 363 1
921 363 1
4 363 1
124 363 1
44 363 1
2547 363 1
0 363 1
37 363 1
393 363 1
2268 363 1
41 363 1
1972 363 1
977 363 1
117 363 1
2355 363 1
0 363 1
1382 363 1
2973 363 1
1410 363 1
137 363 1
122 363 1
0 363 1
1 363 1
1541 363 1
3922 363 1
831 363 1
762 363 1
10 363 1
49 363 1
509 363 1
2233 363 1
550 363 1
2613 363 1
3995 363 1
2518 363 1
6 363 1
2086 363 1
3564 363 1
3718 363 1
1159 363 1
183 363 1
4179 363 1
217 363 1
2528 363 1
3638 363 1
765 363 1
468 363 1
3299 363 1
460 363 1
1160 363 1
273 363 1
3206 363 1
4195 363 1
61 363 1
176 363 1
543 363 1
2 363 1
1435 363 1
133 363 1
708 363 1
204 363 1
122 363 1
207 363 1
2346 364 1
2262 364 1
144 364 1
2564 364 1
14 364 1
80 364 1
98 364 1
442 364 1
3934 364 1
3645 364 1
2108 364 1
154 364 1
1869 364 1
1480 364 1
150 364 1
1354 364 1
749 364 1
61 364 1
1250 364 1
25 364 1
3757 364 1
285 364 1
2974 364 1
838 364 1
2007 364 1
94 364 1
21 364 1
335 364 1
650 364 1
359 364 1
5 364 1
3556 364 1
3554 364 1
4057 364 1
2808 364 1
658 364 1
3601 364 1
457 364 1
276 364 1
935 364 1
450 364 1
3178 364 1
1999 364 1
51 364 1
2774 364 1
861 364 1
2292 364 1
346 364 1
3206 364 1
3103 364 1
2803 364 1
554 364 1
1303 364 1
2223 364 1
2608 364 1
338 364 1
103 364 1
2217 364 1
273 364 1
137 364 1
0 364 1
641 364 1
22 364 1
156 364 1
417 364 1
2592 364 1
1075 364 1
94 364 1
313 364 1
3625 364 1
5 364 1
621 364 1
767 364 1
81 364 1
1011 364 1
3898 364 1
2041 364 1
485 364 1
834 364 1
832 364 1
1204 364 1
377 364 1
241 364 1
141 364 1
186 364 1
178 364 1
1015 364 1
381 364 1
296 364 1
725 364 1
1476 364 1
2208 364 1
3380 364 1
2486 364 1
773 364 1
2388 364 1
436 364 1
3028 364 1
336 364 1
214 364 1
662 364 1
2810 364 1
1847 364 1
3597 364 1
854 364 1
3276 364 1
2513 364 1
58 364 1
4198 364 1
283 364 1
2 364 1
55 364 1
1269 364 1
2968 364 1
87 364 1
4204 364 1
4112 364 1
694 364 1
325 364 1
2325 364 1
539 364 1
0 364 1
243 364 1
2939 364 1
392 364 1
789 364 1
212 364 1
2443 364 1
0 364 1
1467 364 1
2222 364 1
1640 364 1
1235 364 1
4016 364 1
3793 364 1
2455 364 1
3785 364 1
905 364 1
19 364 1
773 364 1
203 364 1
2818 364 1
25 364 1
1820 364 1
459 364 1
2469 364 1
2316 364 1
22 364 1
77 364 1
2412 364 1
27 364 1
3465 364 1
1548 364 1
47 365 1
33 365 1
1179 365 1
191 365 1
2561 365 1
340 365 1
37 365 1
3523 365 1
2892 365 1
3916 365 1
512 365 1
240 365 1
2367 365 1
1350 365 1
33 365 1
622 365 1
2695 365 1
543 365 1
2008 365 1
1998 365 1
0 365 1
3274 365 1
24 365 1
484 365 1
975 365 1
2681 365 1
2794 365 1
2310 365 1
2961 365 1
117 365 1
949 365 1
1483 365 1
2895 365 1
1157 365 1
2994 365 1
1104 365 1
1232 365 1
235 365 1
100 365 1
1123 365 1
2131 365 1
18 365 1
962 365 1
116 365 1
3082 365 1
619 365 1
2646 365 1
2859 365 1
2354 365 1
669 365 1
179 365 1
197 365 1
1256 365 1
2117 365 1
962 365 1
3851 365 1
1342 365 1
0 365 1
3997 365 1
776 365 1
583 365 1
43 365 1
2594 365 1
1735 365 1
2256 365 1
1939 365 1
7 365 1
352 365 1
1101 365 1
3127 365 1
3796 365 1
3082 365 1
558 365 1
2960 365 1
1447 365 1
1432 365 1
968 365 1
1994 365 1
231 365 1
3089 365 1
1859 365 1
1698 365 1
215 365 1
1749 365 1
3417 365 1
3376 365 1
1349 365 1
110 365 1
450 365 1
670 365 1
1255 365 1
588 365 1
238 365 1
464 365 1
3898 365 1
2366 365 1
1600 365 1
1264 365 1
1089 365 1
2569 365 1
0 365 1
120 365 1
1877 365 1
2016 365 1
3449 365 1
1021 365 1
2863 365 1
1326 365 1
192 365 1
2564 365 1
1 365 1
1469 365 1
49 365 1
348 365 1
33 365 1
1000 365 1
1503 365 1
866 365 1
1923 365 1
102 365 1
17 365 1
684 365 1
84 365 1
3303 365 1
3383 365 1
1081 365 1
224 365 1
3337 365 1
2978 365 1
3441 365 1
94 365 1
15 365 1
651 365 1
38 365 1
2011 365 1
1426 365 1
3133 365 1
455 365 1
446 365 1
1874 365 1
1546 365 1
1737 365 1
2093 365 1
3564 365 1
7 365 1
1679 365 1
7 365 1
4022 365 1
615 365 1
1057 365 1
56 365 1
1437 365 1
2740 365 1
927 366 1
165 366 1
40 366 1
207 366 1
1090 366 1
3943 366 1
537 366 1
155 366 1
3033 366 1
1580 366 1
2131 366 1
13 366 1
3767 366 1
15 366 1
254 366 1
1814 366 1
4207 366 1
181 366 1
1579 366 1
946 366 1
331 366 1
3736 366 1
2917 366 1
78 366 1
642 366 1
3207 366 1
8 366 1
3928 366 1
1086 366 1
123 366 1
60 366 1
449 366 1
267 366 1
4183 366 1
1361 366 1
4049 366 1
2829 366 1
1072 366 1
1450 366 1
1675 366 1
271 366 1
22 366 1
223 366 1
234 366 1
1009 366 1
1206 366 1
1757 366 1
75 366 1
2771 366 1
64 366 1
235 366 1
297 366 1
120 366 1
2166 366 1
2852 366 1
1265 366 1
2570 366 1
744 366 1
1321 366 1
1179 366 1
616 366 1
498 366 1
176 366 1
471 366 1
2984 366 1
131 366 1
1113 366 1
0 366 1
2320 366 1
2114 366 1
78 366 1
1529 366 1
96 366 1
2618 366 1
1941 366 1
992 366 1
2000 366 1
367 366 1
1404 366 1
378 366 1
945 366 1
2251 366 1
785 366 1
2 366 1
3294 366 1
41 366 1
3642 366 1
327 366 1
183 366 1
3153 366 1
2495 366 1
2244 366 1
465 366 1
138 366 1
654 366 1
4149 366 1
3190 366 1
124 366 1
2943 366 1
35 366 1
1455 366 1
950 366 1
2134 366 1
549 366 1
1122 366 1
3780 366 1
6 366 1
2 366 1
859 366 1
1953 366 1
2636 366 1
2393 366 1
2836 366 1
4114 366 1
102 366 1
2230 366 1
3916 366 1
1423 366 1
728 366 1
281 366 1
1802 366 1
2887 366 1
3192 366 1
529 366 1
2876 366 1
2125 366 1
0 366 1
1862 366 1
220 366 1
629 366 1
3504 366 1
1242 366 1
828 366 1
4204 366 1
19 366 1
309 366 1
1336 366 1
147 366 1
987 366 1
1928 366 1
1325 366 1
1607 366 1
293 366 1
325 366 1
2083 366 1
1221 366 1
257 366 1
1107 366 1
3787 366 1
274 366 1
1218 366 1
3 366 1
520 366 1
15 367 1
2350 367 1
281 367 1
1420 367 1
419 367 1
1018 367 1
313 367 1
46 367 1
237 367 1
80 367 1
2411 367 1
1092 367 1
1481 367 1
1549 367 1
3318 367 1
2430 367 1
245 367 1
25 367 1
540 367 1
28 367 1
103 367 1
1398 367 1
431 367 1
88 367 1
2842 367 1
1012 367 1
755 367 1
3753 367 1
558 367 1
1851 367 1
2039 367 1
497 367 1
103 367 1
2317 367 1
37 367 1
993 367 1
800 367 1
0 367 1
0 367 1
1963 367 1
2388 367 1
2914 367 1
518 367 1
2969 367 1
475 367 1
219 367 1
467 367 1
14 367 1
373 367 1
1671 367 1
3022 367 1
2425 367 1
4 367 1
640 367 1
2523 367 1
668 367 1
1326 367 1
188 367 1
585 367 1
3001 367 1
248 367 1
3785 367 1
226 367 1
254 367 1
1100 367 1
370 367 1
24 367 1
1065 367 1
189 367 1
3150 367 1
195 367 1
54 367 1
435 367 1
185 367 1
98 367 1
0 367 1
1331 367 1
3462 367 1
1384 367 1
3811 367 1
570 367 1
3082 367 1
2422 367 1
1202 367 1
1734 367 1
2641 367 1
1478 367 1
4198 367 1
3048 367 1
2607 367 1
3185 367 1
1120 367 1
813 367 1
3210 367 1
370 367 1
3174 367 1
2576 367 1
737 367 1
570 367 1
3111 367 1
3082 367 1
1 367 1
219 367 1
94 367 1
2365 367 1
2327 367 1
108 367 1
1574 367 1
337 367 1
748 367 1
726 367 1
1664 367 1
504 367 1
0 367 1
2557 367 1
31 367 1
115 367 1
1929 367 1
263 367 1
3196 367 1
2519 367 1
25 367 1
2399 367 1
126 367 1
1 367 1
17 367 1
2255 367 1
432 367 1
37 367 1
480 367 1
2692 367 1
1434 367 1
1 367 1
3041 367 1
2721 367 1
1644 367 1
42 367 1
425 367 1
1404 367 1
586 367 1
997 367 1
1621 367 1
1201 367 1
376 367 1
1068 367 1
3977 367 1
1075 367 1
1624 367 1
857 367 1
1897 367 1
172 367 1
895 367 1
3979 367 1
3248 368 1
157 368 1
36 368 1
2794 368 1
231 368 1
793 368 1
1675 368 1
2 368 1
28 368 1
1265 368 1
2409 368 1
1451 368 1
364 368 1
1394 368 1
3120 368 1
2388 368 1
989 368 1
2252 368 1
1625 368 1
1943 368 1
6 368 1
2463 368 1
258 368 1
47 368 1
2274 368 1
1040 368 1
2991 368 1
35 368 1
1738 368 1
79 368 1
53 368 1
1142 368 1
553 368 1
539 368 1
1196 368 1
360 368 1
1309 368 1
1596 368 1
2613 368 1
2849 368 1
3645 368 1
1768 368 1
1641 368 1
3177 368 1
3164 368 1
322 368 1
2992 368 1
1080 368 1
2358 368 1
3582 368 1
1338 368 1
4193 368 1
976 368 1
77 368 1
3744 368 1
37 368 1
373 368 1
3184 368 1
124 368 1
3460 368 1
37 368 1
42 368 1
1179 368 1
4 368 1
3444 368 1
283 368 1
1424 368 1
110 368 1
1779 368 1
2247 368 1
6 368 1
2991 368 1
2105 368 1
1564 368 1
378 368 1
1880 368 1
427 368 1
1355 368 1
218 368 1
2296 368 1
1347 368 1
137 368 1
1045 368 1
535 368 1
2692 368 1
235 368 1
2027 368 1
670 368 1
1873 368 1
113 368 1
1232 368 1
150 368 1
2586 368 1
3173 368 1
416 368 1
735 368 1
2494 368 1
2448 368 1
1183 368 1
4208 368 1
1443 368 1
3936 368 1
3814 368 1
143 368 1
601 368 1
2396 368 1
329 368 1
199 368 1
779 368 1
79 368 1
79 368 1
185 368 1
1318 368 1
3670 368 1
521 368 1
3573 368 1
927 368 1
2761 368 1
3086 368 1
1463 368 1
639 368 1
576 368 1
894 368 1
403 368 1
1263 368 1
930 368 1
2905 368 1
1270 368 1
3079 368 1
1174 368 1
326 368 1
0 368 1
0 368 1
3691 368 1
1242 368 1
1368 368 1
993 368 1
4030 368 1
537 368 1
175 368 1
955 368 1
65 368 1
411 368 1
97 368 1
382 368 1
0 368 1
605 368 1
3969 368 1
3568 368 1
2976 368 1
768 368 1
766 368 1
926 368 1
1369 369 1
2793 369 1
159 369 1
1812 369 1
2790 369 1
1389 369 1
1567 369 1
457 369 1
3408 369 1
3260 369 1
88 369 1
1223 369 1
527 369 1
3090 369 1
0 369 1
1763 369 1
4130 369 1
839 369 1
2509 369 1
1130 369 1
2711 369 1
431 369 1
1393 369 1
86 369 1
21 369 1
870 369 1
0 369 1
1352 369 1
2913 369 1
2410 369 1
266 369 1
32 369 1
3153 369 1
801 369 1
3131 369 1
1996 369 1
523 369 1
2049 369 1
919 369 1
984 369 1
1736 369 1
2160 369 1
2262 369 1
889 369 1
4050 369 1
143 369 1
1808 369 1
28 369 1
3576 369 1
2047 369 1
3238 369 1
3450 369 1
1183 369 1
2706 369 1
13 369 1
1162 369 1
4 369 1
146 369 1
216 369 1
704 369 1
2 369 1
1212 369 1
3562 369 1
781 369 1
3344 369 1
232 369 1
367 369 1
22 369 1
14 369 1
3808 369 1
2844 369 1
4042 369 1
118 369 1
2565 369 1
2229 369 1
798 369 1
53 369 1
23 369 1
3909 369 1
767 369 1
4075 369 1
3467 369 1
1419 369 1
2075 369 1
120 369 1
251 369 1
619 369 1
909 369 1
1324 369 1
37 369 1
842 369 1
3517 369 1
723 369 1
3059 369 1
4037 369 1
1049 369 1
1001 369 1
2844 369 1
1309 369 1
800 369 1
1194 369 1
539 369 1
67 369 1
4065 369 1
2954 369 1
533 369 1
70 369 1
444 369 1
293 369 1
2588 369 1
875 369 1
2427 369 1
779 369 1
901 369 1
1264 369 1
3 369 1
3093 369 1
66 369 1
3470 369 1
1877 369 1
534 369 1
262 369 1
31 369 1
2405 369 1
791 369 1
189 369 1
2067 369 1
569 369 1
3333 369 1
340 369 1
212 369 1
1595 369 1
3 369 1
202 369 1
12 369 1
25 369 1
59 369 1
1557 369 1
2106 369 1
1025 369 1
2093 369 1
3883 369 1
3681 369 1
782 369 1
3341 369 1
621 369 1
8 369 1
3 369 1
1554 369 1
481 369 1
2112 369 1
99 369 1
42 369 1
2557 370 1
3735 370 1
1145 370 1
1814 370 1
61 370 1
2839 370 1
3969 370 1
6 370 1
221 370 1
1278 370 1
2981 370 1
2458 370 1
2084 370 1
701 370 1
2432 370 1
3113 370 1
664 370 1
1173 370 1
2018 370 1
1982 370 1
3916 370 1
676 370 1
921 370 1
2723 370 1
4074 370 1
886 370 1
2659 370 1
19 370 1
55 370 1
2772 370 1
879 370 1
4046 370 1
991 370 1
614 370 1
3397 370 1
932 370 1
678 370 1
1004 370 1
255 370 1
691 370 1
68 370 1
1183 370 1
3268 370 1
1034 370 1
2351 370 1
3116 370 1
1548 370 1
939 370 1
17 370 1
170 370 1
2237 370 1
1568 370 1
2186 370 1
2006 370 1
2761 370 1
1927 370 1
51 370 1
43 370 1
3474 370 1
1308 370 1
2442 370 1
3157 370 1
3018 370 1
3921 370 1
549 370 1
1611 370 1
2836 370 1
5 370 1
626 370 1
384 370 1
16 370 1
278 370 1
867 370 1
82 370 1
1039 370 1
2031 370 1
1174 370 1
308 370 1
294 370 1
2713 370 1
9 370 1
565 370 1
1466 370 1
728 370 1
1157 370 1
768 370 1
654 370 1
164 370 1
3409 370 1
143 370 1
2557 370 1
2173 370 1
1366 370 1
559 370 1
55 370 1
2508 370 1
2291 370 1
3640 370 1
297 370 1
1956 370 1
2693 370 1
87 370 1
3964 370 1
1026 370 1
1289 370 1
2 370 1
4027 370 1
3766 370 1
101 370 1
192 370 1
1379 370 1
251 370 1
9 370 1
870 370 1
106 370 1
343 370 1
925 370 1
86 370 1
592 370 1
2316 370 1
3730 370 1
2233 370 1
3258 370 1
25 370 1
512 370 1
151 370 1
3083 370 1
3233 370 1
194 370 1
39 370 1
1777 370 1
1534 370 1
1804 370 1
594 370 1
152 370 1
153 370 1
73 370 1
765 370 1
406 370 1
1000 370 1
391 370 1
165 370 1
300 370 1
189 370 1
1754 370 1
781 370 1
67 370 1
157 370 1
2302 370 1
3554 370 1
4105 370 1
3295 370 1
275 370 1
968 371 1
3634 371 1
1363 371 1
65 371 1
747 371 1
719 371 1
2 371 1
792 371 1
2614 371 1
1598 371 1
1430 371 1
91 371 1
1112 371 1
1559 371 1
1335 371 1
33 371 1
1365 371 1
433 371 1
683 371 1
793 371 1
273 371 1
196 371 1
1601 371 1
1 371 1
327 371 1
3806 371 1
12 371 1
3270 371 1
367 371 1
2404 371 1
2113 371 1
2291 371 1
824 371 1
1952 371 1
2064 371 1
3 371 1
4 371 1
619 371 1
19 371 1
640 371 1
90 371 1
1 371 1
241 371 1
2529 371 1
0 371 1
101 371 1
18 371 1
27 371 1
159 371 1
89 371 1
1418 371 1
783 371 1
607 371 1
1283 371 1
1252 371 1
3447 371 1
1163 371 1
2162 371 1
1768 371 1
1077 371 1
3329 371 1
32 371 1
18 371 1
764 371 1
22 371 1
1331 371 1
2465 371 1
941 371 1
3469 371 1
206 371 1
130 371 1
101 371 1
2241 371 1
3892 371 1
3892 371 1
3848 371 1
4178 371 1
1150 371 1
1432 371 1
3825 371 1
2255 371 1
12 371 1
3 371 1
3129 371 1
1055 371 1
1729 371 1
2720 371 1
348 371 1
994 371 1
110 371 1
3211 371 1
126 371 1
402 371 1
409 371 1
610 371 1
1700 371 1
22 371 1
12 371 1
1598 371 1
1017 371 1
396 371 1
3917 371 1
474 371 1
3104 371 1
382 371 1
1277 371 1
3630 371 1
2093 371 1
1 371 1
1 371 1
3541 371 1
111 371 1
4066 371 1
330 371 1
1059 371 1
990 371 1
566 371 1
53 371 1
2309 371 1
2632 371 1
3322 371 1
2577 371 1
609 371 1
318 371 1
339 371 1
1165 371 1
1 371 1
1596 371 1
2153 371 1
1197 371 1
735 371 1
1730 371 1
874 371 1
397 371 1
2111 371 1
66 371 1
2114 371 1
130 371 1
1380 371 1
278 371 1
57 371 1
85 371 1
2644 371 1
12 371 1
3316 371 1
4166 371 1
278 371 1
139 371 1
77 371 1
810 371 1
40 371 1
753 371 1
25 371 1
3877 372 1
2 372 1
280 372 1
1533 372 1
179 372 1
60 372 1
674 372 1
2630 372 1
867 372 1
462 372 1
1040 372 1
0 372 1
213 372 1
219 372 1
3814 372 1
3233 372 1
452 372 1
29 372 1
2 372 1
1475 372 1
543 372 1
2791 372 1
40 372 1
1769 372 1
182 372 1
2637 372 1
606 372 1
973 372 1
631 372 1
181 372 1
184 372 1
158 372 1
804 372 1
509 372 1
1727 372 1
38 372 1
3842 372 1
420 372 1
10 372 1
1776 372 1
2044 372 1
3162 372 1
4107 372 1
825 372 1
1433 372 1
1068 372 1
43 372 1
4110 372 1
1149 372 1
11 372 1
1389 372 1
815 372 1
4044 372 1
2665 372 1
813 372 1
1471 372 1
1924 372 1
942 372 1
1266 372 1
1373 372 1
616 372 1
2090 372 1
2 372 1
4065 372 1
399 372 1
981 372 1
172 372 1
1 372 1
28 372 1
68 372 1
1278 372 1
635 372 1
1679 372 1
4137 372 1
4170 372 1
545 372 1
3195 372 1
3949 372 1
951 372 1
162 372 1
214 372 1
343 372 1
10 372 1
2629 372 1
1725 372 1
4091 372 1
1910 372 1
124 372 1
406 372 1
172 372 1
13 372 1
150 372 1
1213 372 1
3010 372 1
3297 372 1
1188 372 1
3124 372 1
2195 372 1
3639 372 1
54 372 1
4136 372 1
2130 372 1
1129 372 1
64 372 1
4189 372 1
2452 372 1
300 372 1
2676 372 1
449 372 1
3332 372 1
395 372 1
108 372 1
429 372 1
2686 372 1
3126 372 1
708 372 1
3151 372 1
1601 372 1
2963 372 1
3923 372 1
893 372 1
3746 372 1
1 372 1
4004 372 1
498 372 1
1196 372 1
2701 372 1
1900 372 1
1509 372 1
3044 372 1
2296 372 1
3318 372 1
2246 372 1
82 372 1
960 372 1
249 372 1
1786 372 1
3128 372 1
1330 372 1
2547 372 1
949 372 1
1 372 1
1874 372 1
578 372 1
70 372 1
1788 372 1
1388 372 1
472 372 1
10 372 1
189 372 1
2767 372 1
1376 372 1
621 372 1
3353 373 1
198 373 1
2495 373 1
315 373 1
2958 373 1
1587 373 1
81 373 1
3530 373 1
1418 373 1
3343 373 1
24 373 1
3843 373 1
2608 373 1
2618 373 1
0 373 1
642 373 1
296 373 1
299 373 1
92 373 1
297 373 1
65 373 1
104 373 1
1577 373 1
2891 373 1
0 373 1
3121 373 1
2314 373 1
3638 373 1
583 373 1
2218 373 1
48 373 1
28 373 1
1473 373 1
1171 373 1
2381 373 1
14 373 1
1517 373 1
3093 373 1
67 373 1
3813 373 1
627 373 1
579 373 1
3339 373 1
5 373 1
12 373 1
3931 373 1
2329 373 1
3567 373 1
2259 373 1
1039 373 1
900 373 1
27 373 1
4209 373 1
117 373 1
2207 373 1
38 373 1
954 373 1
0 373 1
2734 373 1
488 373 1
677 373 1
948 373 1
2346 373 1
1928 373 1
2311 373 1
3873 373 1
1958 373 1
11 373 1
1879 373 1
714 373 1
2411 373 1
1713 373 1
36 373 1
1313 373 1
2 373 1
3911 373 1
240 373 1
867 373 1
3797 373 1
2109 373 1
19 373 1
3 373 1
1747 373 1
2296 373 1
3844 373 1
585 373 1
1940 373 1
2336 373 1
768 373 1
2300 373 1
179 373 1
43 373 1
6 373 1
152 373 1
2234 373 1
414 373 1
1215 373 1
548 373 1
3920 373 1
126 373 1
3295 373 1
101 373 1
103 373 1
4167 373 1
1855 373 1
2375 373 1
82 373 1
4129 373 1
3101 373 1
154 373 1
179 373 1
2022 373 1
2643 373 1
65 373 1
95 373 1
4118 373 1
3560 373 1
1293 373 1
2408 373 1
252 373 1
1238 373 1
3494 373 1
220 373 1
16 373 1
4083 373 1
203 373 1
37 373 1
2195 373 1
2628 373 1
1999 373 1
1860 373 1
2898 373 1
0 373 1
6 373 1
3318 373 1
2415 373 1
1187 373 1
184 373 1
2016 373 1
174 373 1
2 373 1
132 373 1
2539 373 1
939 373 1
958 373 1
264 373 1
1029 373 1
1 373 1
2412 373 1
679 373 1
3530 373 1
2798 373 1
1869 373 1
285 374 1
48 374 1
0 374 1
2493 374 1
3451 374 1
3059 374 1
1692 374 1
3091 374 1
300 374 1
37 374 1
2322 374 1
258 374 1
2569 374 1
643 374 1
3021 374 1
2473 374 1
125 374 1
32 374 1
117 374 1
790 374 1
1084 374 1
41 374 1
4084 374 1
3989 374 1
1835 374 1
58 374 1
18 374 1
83 374 1
0 374 1
477 374 1
1414 374 1
3299 374 1
3744 374 1
2808 374 1
974 374 1
4 374 1
187 374 1
2123 374 1
3997 374 1
1261 374 1
1927 374 1
1647 374 1
849 374 1
3476 374 1
1 374 1
1303 374 1
396 374 1
1099 374 1
1941 374 1
2109 374 1
1840 374 1
969 374 1
120 374 1
1835 374 1
1021 374 1
1504 374 1
120 374 1
1585 374 1
616 374 1
376 374 1
2345 374 1
3802 374 1
966 374 1
3317 374 1
6 374 1
1672 374 1
0 374 1
2097 374 1
1593 374 1
391 374 1
3746 374 1
508 374 1
272 374 1
2648 374 1
2637 374 1
2945 374 1
653 374 1
130 374 1
192 374 1
4027 374 1
2830 374 1
627 374 1
6 374 1
1236 374 1
3069 374 1
165 374 1
0 374 1
1794 374 1
3091 374 1
352 374 1
1793 374 1
3188 374 1
2261 374 1
1671 374 1
1618 374 1
2 374 1
2895 374 1
8 374 1
1631 374 1
3773 374 1
553 374 1
3506 374 1
1626 374 1
19 374 1
100 374 1
3024 374 1
64 374 1
3368 374 1
1920 374 1
160 374 1
2339 374 1
452 374 1
3355 374 1
1647 374 1
311 374 1
142 374 1
95 374 1
774 374 1
2553 374 1
1861 374 1
373 374 1
2205 374 1
923 374 1
675 374 1
2312 374 1
2922 374 1
771 374 1
1613 374 1
2429 374 1
7 374 1
7 374 1
1123 374 1
200 374 1
1162 374 1
3526 374 1
844 374 1
1207 374 1
1594 374 1
4058 374 1
2883 374 1
4 374 1
1 374 1
431 374 1
726 374 1
357 374 1
3153 374 1
406 374 1
1833 374 1
1356 374 1
497 374 1
113 374 1
579 374 1
1674 374 1
1226 375 1
3032 375 1
570 375 1
1552 375 1
1589 375 1
1349 375 1
5 375 1
121 375 1
782 375 1
1129 375 1
1634 375 1
1110 375 1
485 375 1
48 375 1
962 375 1
123 375 1
3927 375 1
370 375 1
2963 375 1
1348 375 1
1812 375 1
459 375 1
1985 375 1
36 375 1
3718 375 1
3309 375 1
161 375 1
4 375 1
2 375 1
31 375 1
262 375 1
4099 375 1
66 375 1
201 375 1
3318 375 1
1255 375 1
2540 375 1
75 375 1
393 375 1
263 375 1
1509 375 1
3641 375 1
305 375 1
2603 375 1
22 375 1
3126 375 1
1502 375 1
1576 375 1
1325 375 1
501 375 1
22 375 1
687 375 1
2556 375 1
3054 375 1
874 375 1
2231 375 1
1455 375 1
650 375 1
2717 375 1
1380 375 1
444 375 1
1906 375 1
3884 375 1
3609 375 1
1942 375 1
4014 375 1
4 375 1
2312 375 1
4069 375 1
436 375 1
802 375 1
1096 375 1
1964 375 1
2455 375 1
2392 375 1
731 375 1
15 375 1
3742 375 1
1812 375 1
1730 375 1
2798 375 1
1763 375 1
1434 375 1
1473 375 1
4009 375 1
725 375 1
627 375 1
2791 375 1
1616 375 1
1151 375 1
2732 375 1
136 375 1
1186 375 1
1570 375 1
618 375 1
797 375 1
139 375 1
1224 375 1
2850 375 1
831 375 1
662 375 1
26 375 1
1288 375 1
3445 375 1
2092 375 1
1568 375 1
328 375 1
67 375 1
2182 375 1
2304 375 1
1082 375 1
4105 375 1
50 375 1
1229 375 1
998 375 1
146 375 1
1246 375 1
1709 375 1
2993 375 1
1719 375 1
1071 375 1
567 375 1
676 375 1
3402 375 1
1030 375 1
3 375 1
264 375 1
4184 375 1
2040 375 1
2410 375 1
596 375 1
508 375 1
39 375 1
131 375 1
413 375 1
1319 375 1
1210 375 1
247 375 1
246 375 1
3731 375 1
2 375 1
1934 375 1
2724 375 1
4072 375 1
610 375 1
2361 375 1
345 375 1
14 375 1
2139 375 1
0 375 1
24 375 1
222 375 1
123 375 1
217 376 1
671 376 1
802 376 1
3898 376 1
3566 376 1
4202 376 1
396 376 1
99 376 1
477 376 1
4098 376 1
3655 376 1
389 376 1
149 376 1
1524 376 1
4 376 1
630 376 1
4064 376 1
79 376 1
3121 376 1
2993 376 1
325 376 1
2061 376 1
3037 376 1
902 376 1
114 376 1
246 376 1
526 376 1
1720 376 1
1430 376 1
13 376 1
101 376 1
607 376 1
818 376 1
1149 376 1
2619 376 1
921 376 1
786 376 1
3372 376 1
433 376 1
562 376 1
963 376 1
3609 376 1
2008 376 1
287 376 1
797 376 1
3381 376 1
3672 376 1
2063 376 1
1093 376 1
1321 376 1
3488 376 1
368 376 1
76 376 1
499 376 1
2674 376 1
1260 376 1
502 376 1
1505 376 1
266 376 1
1061 376 1
1516 376 1
3460 376 1
2293 376 1
3789 376 1
599 376 1
1 376 1
691 376 1
2163 376 1
250 376 1
3294 376 1
252 376 1
3174 376 1
165 376 1
324 376 1
324 376 1
4081 376 1
3928 376 1
2601 376 1
258 376 1
346 376 1
425 376 1
493 376 1
3723 376 1
2237 376 1
44 376 1
3539 376 1
802 376 1
3864 376 1
1828 376 1
3673 376 1
1266 376 1
3549 376 1
60 376 1
14 376 1
1582 376 1
2379 376 1
2014 376 1
2369 376 1
221 376 1
748 376 1
1469 376 1
108 376 1
2069 376 1
2470 376 1
579 376 1
306 376 1
715 376 1
14 376 1
357 376 1
2792 376 1
3391 376 1
2738 376 1
3826 376 1
2993 376 1
3849 376 1
1946 376 1
72 376 1
182 376 1
3786 376 1
281 376 1
3081 376 1
3630 376 1
4187 376 1
3544 376 1
382 376 1
3669 376 1
71 376 1
1404 376 1
33 376 1
2820 376 1
536 376 1
1489 376 1
2609 376 1
1 376 1
425 376 1
1303 376 1
1042 376 1
200 376 1
581 376 1
2721 376 1
648 376 1
229 376 1
3416 376 1
155 376 1
7 376 1
900 376 1
3595 376 1
2082 376 1
472 376 1
2901 376 1
3927 376 1
495 376 1
147 376 1
3199 377 1
1651 377 1
2390 377 1
342 377 1
80 377 1
171 377 1
1092 377 1
1556 377 1
1430 377 1
83 377 1
459 377 1
1751 377 1
967 377 1
587 377 1
939 377 1
1601 377 1
10 377 1
1098 377 1
1963 377 1
14 377 1
929 377 1
1633 377 1
594 377 1
20 377 1
3063 377 1
3325 377 1
2632 377 1
3763 377 1
2257 377 1
1666 377 1
506 377 1
1258 377 1
2348 377 1
189 377 1
323 377 1
791 377 1
387 377 1
827 377 1
20 377 1
3347 377 1
751 377 1
1224 377 1
2453 377 1
195 377 1
114 377 1
1004 377 1
296 377 1
1729 377 1
7 377 1
415 377 1
421 377 1
1478 377 1
3823 377 1
3066 377 1
3327 377 1
384 377 1
1648 377 1
1657 377 1
726 377 1
814 377 1
1081 377 1
3399 377 1
204 377 1
4021 377 1
319 377 1
24 377 1
1980 377 1
1797 377 1
3652 377 1
3404 377 1
2310 377 1
39 377 1
1033 377 1
1 377 1
3780 377 1
247 377 1
1554 377 1
130 377 1
116 377 1
2060 377 1
1054 377 1
656 377 1
762 377 1
2434 377 1
3475 377 1
4089 377 1
8 377 1
80 377 1
215 377 1
242 377 1
2421 377 1
323 377 1
2203 377 1
3105 377 1
763 377 1
894 377 1
584 377 1
1725 377 1
1151 377 1
784 377 1
18 377 1
104 377 1
585 377 1
68 377 1
0 377 1
248 377 1
3716 377 1
4 377 1
2634 377 1
105 377 1
716 377 1
112 377 1
2176 377 1
3572 377 1
152 377 1
899 377 1
127 377 1
626 377 1
40 377 1
850 377 1
2405 377 1
1419 377 1
900 377 1
12 377 1
3620 377 1
290 377 1
2362 377 1
2259 377 1
34 377 1
684 377 1
950 377 1
11 377 1
4052 377 1
137 377 1
2375 377 1
2651 377 1
1433 377 1
4096 377 1
1218 377 1
17 377 1
3984 377 1
3385 377 1
2877 377 1
3 377 1
87 377 1
1454 377 1
1198 377 1
1306 377 1
913 377 1
796 377 1
90 377 1
1764 377 1
1 377 1
44 378 1
0 378 1
2218 378 1
222 378 1
534 378 1
769 378 1
288 378 1
1587 378 1
66 378 1
1007 378 1
2289 378 1
69 378 1
2646 378 1
1939 378 1
3979 378 1
164 378 1
973 378 1
56 378 1
459 378 1
1807 378 1
1539 378 1
1679 378 1
2173 378 1
511 378 1
850 378 1
1870 378 1
4146 378 1
1313 378 1
13 378 1
2645 378 1
2992 378 1
1444 378 1
1758 378 1
3639 378 1
711 378 1
2482 378 1
998 378 1
1708 378 1
313 378 1
229 378 1
9 378 1
330 378 1
1896 378 1
2892 378 1
108 378 1
316 378 1
2799 378 1
103 378 1
1789 378 1
2352 378 1
3090 378 1
2989 378 1
3124 378 1
690 378 1
1221 378 1
2625 378 1
3616 378 1
2183 378 1
1089 378 1
37 378 1
2268 378 1
1033 378 1
3348 378 1
480 378 1
300 378 1
1924 378 1
22 378 1
110 378 1
4099 378 1
1068 378 1
31 378 1
66 378 1
172 378 1
2176 378 1
29 378 1
2270 378 1
1932 378 1
3716 378 1
56 378 1
75 378 1
150 378 1
1078 378 1
2899 378 1
61 378 1
307 378 1
0 378 1
118 378 1
370 378 1
1121 378 1
3382 378 1
1537 378 1
1813 378 1
4 378 1
2296 378 1
651 378 1
174 378 1
3711 378 1
248 378 1
2216 378 1
36 378 1
27 378 1
2689 378 1
658 378 1
7 378 1
427 378 1
4137 378 1
2929 378 1
1310 378 1
856 378 1
7 378 1
434 378 1
1292 378 1
3652 378 1
3193 378 1
1217 378 1
3396 378 1
2401 378 1
2058 378 1
70 378 1
3137 378 1
347 378 1
803 378 1
659 378 1
1763 378 1
2430 378 1
1194 378 1
23 378 1
286 378 1
141 378 1
2571 378 1
346 378 1
3315 378 1
166 378 1
3791 378 1
163 378 1
2176 378 1
1442 378 1
2539 378 1
532 378 1
1707 378 1
551 378 1
549 378 1
47 378 1
0 378 1
1974 378 1
499 378 1
953 378 1
519 378 1
3670 378 1
686 378 1
202 378 1
1033 378 1
904 378 1
2108 379 1
1495 379 1
6 379 1
2374 379 1
1122 379 1
7 379 1
344 379 1
35 379 1
93 379 1
1 379 1
1558 379 1
0 379 1
2049 379 1
2008 379 1
3617 379 1
1093 379 1
720 379 1
35 379 1
413 379 1
281 379 1
3613 379 1
1036 379 1
122 379 1
1417 379 1
1085 379 1
1183 379 1
2 379 1
1296 379 1
157 379 1
545 379 1
1696 379 1
437 379 1
1748 379 1
1098 379 1
3314 379 1
193 379 1
1509 379 1
19 379 1
183 379 1
23 379 1
308 379 1
406 379 1
743 379 1
422 379 1
617 379 1
2163 379 1
90 379 1
1506 379 1
726 379 1
2187 379 1
0 379 1
297 379 1
7 379 1
692 379 1
1867 379 1
1889 379 1
3564 379 1
3601 379 1
11 379 1
144 379 1
391 379 1
2946 379 1
483 379 1
3509 379 1
2093 379 1
895 379 1
498 379 1
2576 379 1
53 379 1
71 379 1
3162 379 1
2472 379 1
1217 379 1
1836 379 1
724 379 1
383 379 1
2688 379 1
1614 379 1
789 379 1
4 379 1
171 379 1
280 379 1
295 379 1
16 379 1
1232 379 1
2811 379 1
0 379 1
955 379 1
3791 379 1
1977 379 1
467 379 1
67 379 1
3550 379 1
959 379 1
1434 379 1
868 379 1
3453 379 1
6 379 1
0 379 1
3487 379 1
302 379 1
110 379 1
64 379 1
925 379 1
218 379 1
1404 379 1
802 379 1
146 379 1
2923 379 1
718 379 1
1108 379 1
1892 379 1
396 379 1
23 379 1
1691 379 1
1424 379 1
720 379 1
381 379 1
976 379 1
1528 379 1
1206 379 1
3051 379 1
2341 379 1
325 379 1
154 379 1
2797 379 1
220 379 1
2317 379 1
13 379 1
186 379 1
64 379 1
1158 379 1
1353 379 1
992 379 1
430 379 1
2449 379 1
967 379 1
2992 379 1
3475 379 1
127 379 1
2671 379 1
730 379 1
334 379 1
25 379 1
610 379 1
94 379 1
59 379 1
1309 379 1
177 379 1
7 379 1
3808 379 1
438 379 1
3891 379 1
2091 380 1
2729 380 1
295 380 1
1671 380 1
1819 380 1
371 380 1
2667 380 1
167 380 1
13 380 1
2936 380 1
3190 380 1
1765 380 1
3442 380 1
2588 380 1
1154 380 1
486 380 1
952 380 1
3530 380 1
3608 380 1
3709 380 1
4112 380 1
726 380 1
3940 380 1
292 380 1
2113 380 1
2870 380 1
1411 380 1
16 380 1
11 380 1
134 380 1
1733 380 1
905 380 1
3429 380 1
175 380 1
1938 380 1
59 380 1
2359 380 1
85 380 1
576 380 1
62 380 1
269 380 1
4 380 1
3837 380 1
214 380 1
2438 380 1
29 380 1
1138 380 1
128 380 1
65 380 1
1471 380 1
1871 380 1
65 380 1
934 380 1
1926 380 1
686 380 1
31 380 1
0 380 1
201 380 1
2555 380 1
1581 380 1
148 380 1
3128 380 1
1388 380 1
172 380 1
2708 380 1
3729 380 1
2043 380 1
2537 380 1
2780 380 1
257 380 1
1771 380 1
3098 380 1
1225 380 1
2053 380 1
3807 380 1
317 380 1
1315 380 1
1293 380 1
20 380 1
98 380 1
1870 380 1
1300 380 1
3561 380 1
2999 380 1
599 380 1
1961 380 1
29 380 1
99 380 1
4060 380 1
3 380 1
539 380 1
430 380 1
2110 380 1
2363 380 1
675 380 1
10 380 1
4126 380 1
67 380 1
497 380 1
0 380 1
1051 380 1
715 380 1
125 380 1
141 380 1
596 380 1
2215 380 1
3265 380 1
150 380 1
208 380 1
322 380 1
3449 380 1
198 380 1
1799 380 1
160 380 1
1374 380 1
1 380 1
2891 380 1
4167 380 1
633 380 1
1234 380 1
3865 380 1
334 380 1
526 380 1
613 380 1
3461 380 1
394 380 1
1674 380 1
3962 380 1
463 380 1
384 380 1
560 380 1
1729 380 1
2455 380 1
570 380 1
1218 380 1
4178 380 1
169 380 1
1857 380 1
451 380 1
449 380 1
142 380 1
3499 380 1
12 380 1
4037 380 1
3130 380 1
3107 380 1
1735 380 1
1506 380 1
2195 380 1
693 380 1
1758 380 1
19 380 1
3270 380 1
1329 381 1
3304 381 1
1732 381 1
3145 381 1
797 381 1
1481 381 1
9 381 1
856 381 1
279 381 1
3678 381 1
267 381 1
2838 381 1
3046 381 1
34 381 1
423 381 1
650 381 1
1106 381 1
3851 381 1
286 381 1
1895 381 1
2727 381 1
2948 381 1
4067 381 1
864 381 1
707 381 1
11 381 1
356 381 1
462 381 1
1706 381 1
1522 381 1
696 381 1
71 381 1
1742 381 1
2034 381 1
371 381 1
910 381 1
4043 381 1
3661 381 1
2165 381 1
2449 381 1
194 381 1
2472 381 1
1458 381 1
2380 381 1
2016 381 1
1155 381 1
2732 381 1
451 381 1
1482 381 1
2958 381 1
3687 381 1
429 381 1
246 381 1
2121 381 1
2694 381 1
1926 381 1
514 381 1
2785 381 1
34 381 1
1062 381 1
1573 381 1
2575 381 1
2909 381 1
2211 381 1
1425 381 1
28 381 1
2435 381 1
117 381 1
907 381 1
104 381 1
928 381 1
1085 381 1
1494 381 1
1564 381 1
140 381 1
165 381 1
1970 381 1
3050 381 1
522 381 1
97 381 1
1099 381 1
869 381 1
55 381 1
60 381 1
104 381 1
2015 381 1
3211 381 1
1166 381 1
4146 381 1
1107 381 1
1199 381 1
3951 381 1
750 381 1
2701 381 1
58 381 1
491 381 1
3454 381 1
1944 381 1
282 381 1
1275 381 1
923 381 1
1076 381 1
1481 381 1
1 381 1
1158 381 1
3194 381 1
1411 381 1
4188 381 1
914 381 1
4119 381 1
272 381 1
3577 381 1
70 381 1
3995 381 1
38 381 1
3823 381 1
2497 381 1
1477 381 1
185 381 1
2495 381 1
682 381 1
2023 381 1
1644 381 1
790 381 1
3788 381 1
247 381 1
1064 381 1
542 381 1
2772 381 1
2809 381 1
3228 381 1
3621 381 1
4203 381 1
2882 381 1
2614 381 1
2376 381 1
3503 381 1
2198 381 1
1 381 1
2203 381 1
165 381 1
768 381 1
26 381 1
932 381 1
3450 381 1
1330 381 1
66 381 1
1806 381 1
2439 381 1
237 381 1
2040 381 1
889 381 1
363 381 1
3326 382 1
348 382 1
168 382 1
13 382 1
3316 382 1
85 382 1
1624 382 1
3472 382 1
2004 382 1
1356 382 1
3584 382 1
5 382 1
5 382 1
668 382 1
3141 382 1
71 382 1
1116 382 1
1033 382 1
1225 382 1
40 382 1
815 382 1
1788 382 1
1831 382 1
1162 382 1
2343 382 1
3497 382 1
312 382 1
744 382 1
88 382 1
238 382 1
1919 382 1
196 382 1
439 382 1
324 382 1
769 382 1
65 382 1
82 382 1
58 382 1
990 382 1
2856 382 1
3584 382 1
3279 382 1
3816 382 1
66 382 1
447 382 1
83 382 1
2361 382 1
280 382 1
194 382 1
2022 382 1
1382 382 1
535 382 1
178 382 1
2 382 1
619 382 1
735 382 1
483 382 1
15 382 1
213 382 1
758 382 1
2468 382 1
658 382 1
1677 382 1
922 382 1
3622 382 1
466 382 1
3271 382 1
715 382 1
200 382 1
2136 382 1
1587 382 1
1239 382 1
2186 382 1
4053 382 1
176 382 1
45 382 1
104 382 1
2507 382 1
579 382 1
3577 382 1
1524 382 1
1210 382 1
279 382 1
522 382 1
143 382 1
1628 382 1
560 382 1
16 382 1
3080 382 1
3809 382 1
631 382 1
20 382 1
3772 382 1
943 382 1
1454 382 1
1546 382 1
108 382 1
3878 382 1
531 382 1
61 382 1
19 382 1
6 382 1
775 382 1
624 382 1
1987 382 1
3244 382 1
1775 382 1
3446 382 1
238 382 1
153 382 1
817 382 1
819 382 1
3278 382 1
102 382 1
1787 382 1
18 382 1
3241 382 1
1451 382 1
1345 382 1
11 382 1
1556 382 1
2354 382 1
3542 382 1
888 382 1
3304 382 1
594 382 1
299 382 1
619 382 1
2302 382 1
1590 382 1
3836 382 1
1402 382 1
1716 382 1
1065 382 1
2482 382 1
1258 382 1
1624 382 1
175 382 1
616 382 1
3907 382 1
877 382 1
210 382 1
2979 382 1
1136 382 1
1792 382 1
3542 382 1
9 382 1
53 382 1
1668 382 1
442 382 1
11 382 1
2124 382 1
41 382 1
1092 383 1
1615 383 1
778 383 1
84 383 1
2492 383 1
2372 383 1
461 383 1
3152 383 1
62 383 1
820 383 1
3562 383 1
1224 383 1
307 383 1
4040 383 1
373 383 1
1348 383 1
100 383 1
1902 383 1
355 383 1
2373 383 1
1066 383 1
1681 383 1
412 383 1
29 383 1
324 383 1
795 383 1
2957 383 1
2479 383 1
650 383 1
1321 383 1
335 383 1
1300 383 1
4152 383 1
1664 383 1
976 383 1
1423 383 1
0 383 1
19 383 1
817 383 1
1092 383 1
504 383 1
47 383 1
635 383 1
1573 383 1
1948 383 1
2630 383 1
2671 383 1
1167 383 1
2568 383 1
3180 383 1
756 383 1
544 383 1
561 383 1
303 383 1
3404 383 1
994 383 1
3177 383 1
3 383 1
373 383 1
1377 383 1
298 383 1
651 383 1
3013 383 1
60 383 1
177 383 1
421 383 1
21 383 1
1178 383 1
1582 383 1
2313 383 1
561 383 1
78 383 1
2017 383 1
3732 383 1
2574 383 1
0 383 1
251 383 1
4 383 1
2359 383 1
1140 383 1
932 383 1
3195 383 1
93 383 1
4089 383 1
1481 383 1
344 383 1
2235 383 1
98 383 1
713 383 1
1783 383 1
2214 383 1
2422 383 1
280 383 1
336 383 1
2224 383 1
118 383 1
1948 383 1
279 383 1
1747 383 1
3210 383 1
217 383 1
2371 383 1
4181 383 1
910 383 1
219 383 1
358 383 1
3157 383 1
982 383 1
929 383 1
1688 383 1
342 383 1
886 383 1
4029 383 1
146 383 1
1826 383 1
4203 383 1
1124 383 1
1543 383 1
3761 383 1
156 383 1
494 383 1
1674 383 1
1092 383 1
150 383 1
2553 383 1
1889 383 1
2266 383 1
1174 383 1
2904 383 1
2641 383 1
1117 383 1
954 383 1
2269 383 1
1497 383 1
3819 383 1
626 383 1
3020 383 1
1524 383 1
2759 383 1
365 383 1
2876 383 1
140 383 1
35 383 1
7 383 1
1754 383 1
1853 383 1
2922 383 1
145 383 1
2728 383 1
2668 383 1
172 383 1
165 383 1
2157 383 1
131 384 1
669 384 1
3415 384 1
289 384 1
1288 384 1
8 384 1
1771 384 1
3 384 1
3661 384 1
1596 384 1
2299 384 1
833 384 1
2867 384 1
735 384 1
1679 384 1
1751 384 1
27 384 1
3798 384 1
751 384 1
339 384 1
0 384 1
2138 384 1
18 384 1
3912 384 1
1879 384 1
332 384 1
741 384 1
212 384 1
306 384 1
3467 384 1
1132 384 1
161 384 1
4045 384 1
3288 384 1
2386 384 1
1664 384 1
232 384 1
120 384 1
3238 384 1
60 384 1
1811 384 1
1757 384 1
1073 384 1
937 384 1
1307 384 1
3417 384 1
33 384 1
1611 384 1
967 384 1
2232 384 1
773 384 1
24 384 1
355 384 1
1333 384 1
2473 384 1
11 384 1
2911 384 1
2989 384 1
916 384 1
66 384 1
0 384 1
932 384 1
1248 384 1
1584 384 1
21 384 1
2 384 1
3271 384 1
2600 384 1
1555 384 1
2195 384 1
19 384 1
3976 384 1
1879 384 1
264 384 1
3090 384 1
1265 384 1
1864 384 1
2112 384 1
1529 384 1
2997 384 1
1688 384 1
628 384 1
4087 384 1
1468 384 1
3783 384 1
3948 384 1
523 384 1
3970 384 1
2463 384 1
4132 384 1
2281 384 1
1924 384 1
583 384 1
445 384 1
3582 384 1
527 384 1
1790 384 1
1514 384 1
621 384 1
0 384 1
162 384 1
3144 384 1
1348 384 1
3916 384 1
1078 384 1
114 384 1
180 384 1
55 384 1
15 384 1
2136 384 1
1219 384 1
856 384 1
140 384 1
404 384 1
1357 384 1
2968 384 1
428 384 1
3406 384 1
0 384 1
3738 384 1
95 384 1
3770 384 1
636 384 1
2736 384 1
2128 384 1
162 384 1
752 384 1
3939 384 1
3423 384 1
12 384 1
1109 384 1
1970 384 1
1343 384 1
2175 384 1
556 384 1
110 384 1
1960 384 1
172 384 1
2301 384 1
4092 384 1
2606 384 1
1906 384 1
3231 384 1
47 384 1
3101 384 1
1586 384 1
606 384 1
776 384 1
3583 384 1
864 384 1
449 384 1
2307 384 1
2522 384 1
1923 385 1
159 385 1
368 385 1
133 385 1
2840 385 1
2538 385 1
603 385 1
2742 385 1
3692 385 1
2303 385 1
1079 385 1
2166 385 1
2345 385 1
2187 385 1
360 385 1
348 385 1
201 385 1
3105 385 1
404 385 1
266 385 1
2817 385 1
700 385 1
2933 385 1
544 385 1
4037 385 1
4195 385 1
45 385 1
956 385 1
109 385 1
22 385 1
867 385 1
216 385 1
658 385 1
352 385 1
3122 385 1
320 385 1
634 385 1
901 385 1
2322 385 1
3844 385 1
632 385 1
468 385 1
1867 385 1
4024 385 1
125 385 1
773 385 1
73 385 1
561 385 1
1438 385 1
2380 385 1
336 385 1
2167 385 1
985 385 1
3327 385 1
3455 385 1
2319 385 1
2958 385 1
986 385 1
3705 385 1
2506 385 1
4137 385 1
3023 385 1
492 385 1
2552 385 1
2038 385 1
228 385 1
1082 385 1
87 385 1
1156 385 1
1298 385 1
24 385 1
3228 385 1
1849 385 1
447 385 1
1287 385 1
0 385 1
929 385 1
2720 385 1
367 385 1
2939 385 1
1631 385 1
951 385 1
0 385 1
153 385 1
1913 385 1
36 385 1
1246 385 1
297 385 1
1503 385 1
20 385 1
194 385 1
1216 385 1
1286 385 1
68 385 1
532 385 1
1339 385 1
1112 385 1
598 385 1
142 385 1
86 385 1
2414 385 1
6 385 1
2578 385 1
4094 385 1
1676 385 1
1253 385 1
1110 385 1
2670 385 1
3 385 1
3929 385 1
2544 385 1
490 385 1
1779 385 1
3637 385 1
74 385 1
3688 385 1
661 385 1
2503 385 1
18 385 1
333 385 1
44 385 1
59 385 1
2555 385 1
5 385 1
587 385 1
343 385 1
710 385 1
1 385 1
3287 385 1
45 385 1
4 385 1
4101 385 1
60 385 1
730 385 1
2553 385 1
1893 385 1
2868 385 1
1003 385 1
4176 385 1
415 385 1
485 385 1
595 385 1
1724 385 1
2672 385 1
3969 385 1
1356 385 1
2514 385 1
3174 385 1
3943 385 1
7 385 1
1152 385 1
2509 385 1
4179 385 1
4187 386 1
93 386 1
74 386 1
1278 386 1
321 386 1
1021 386 1
2594 386 1
1942 386 1
434 386 1
2270 386 1
636 386 1
15 386 1
3683 386 1
1037 386 1
2688 386 1
2949 386 1
95 386 1
4159 386 1
4200 386 1
1328 386 1
202 386 1
4102 386 1
1789 386 1
708 386 1
665 386 1
133 386 1
3894 386 1
2845 386 1
1371 386 1
1471 386 1
1678 386 1
1131 386 1
2791 386 1
3432 386 1
4002 386 1
3930 386 1
860 386 1
815 386 1
1354 386 1
592 386 1
1688 386 1
3520 386 1
874 386 1
322 386 1
3636 386 1
29 386 1
4087 386 1
1585 386 1
3357 386 1
65 386 1
638 386 1
502 386 1
404 386 1
2969 386 1
583 386 1
5 386 1
265 386 1
321 386 1
2053 386 1
3466 386 1
120 386 1
1036 386 1
379 386 1
69 386 1
3345 386 1
2894 386 1
3175 386 1
582 386 1
218 386 1
3275 386 1
1584 386 1
1201 386 1
2830 386 1
207 386 1
1150 386 1
919 386 1
2251 386 1
977 386 1
93 386 1
3232 386 1
3190 386 1
3502 386 1
3649 386 1
41 386 1
9 386 1
77 386 1
3850 386 1
167 386 1
2729 386 1
186 386 1
3962 386 1
141 386 1
1 386 1
548 386 1
2404 386 1
396 386 1
2063 386 1
1921 386 1
481 386 1
915 386 1
1806 386 1
135 386 1
2300 386 1
1250 386 1
192 386 1
3397 386 1
1885 386 1
1051 386 1
20 386 1
21 386 1
2911 386 1
493 386 1
3385 386 1
765 386 1
2912 386 1
646 386 1
14 386 1
386 386 1
46 386 1
1110 386 1
2194 386 1
1305 386 1
919 386 1
210 386 1
1525 386 1
587 386 1
978 386 1
107 386 1
71 386 1
166 386 1
417 386 1
2966 386 1
73 386 1
1666 386 1
3466 386 1
595 386 1
2729 386 1
727 386 1
1527 386 1
558 386 1
0 386 1
220 386 1
405 386 1
474 386 1
868 386 1
791 386 1
1002 386 1
3581 386 1
757 386 1
191 386 1
2867 386 1
257 386 1
402 386 1
131 387 1
1791 387 1
78 387 1
3673 387 1
708 387 1
8 387 1
675 387 1
2182 387 1
463 387 1
1511 387 1
35 387 1
443 387 1
2725 387 1
2341 387 1
567 387 1
1212 387 1
3726 387 1
0 387 1
3110 387 1
1662 387 1
62 387 1
1852 387 1
2076 387 1
1078 387 1
859 387 1
3219 387 1
13 387 1
4008 387 1
1985 387 1
14 387 1
1978 387 1
887 387 1
1652 387 1
427 387 1
225 387 1
3458 387 1
104 387 1
49 387 1
3236 387 1
2993 387 1
2296 387 1
2319 387 1
45 387 1
866 387 1
1560 387 1
22 387 1
820 387 1
576 387 1
1615 387 1
16 387 1
615 387 1
3890 387 1
1370 387 1
1589 387 1
496 387 1
38 387 1
2412 387 1
3448 387 1
3154 387 1
4092 387 1
6 387 1
3936 387 1
107 387 1
3249 387 1
2679 387 1
26 387 1
3974 387 1
483 387 1
849 387 1
2 387 1
472 387 1
1257 387 1
44 387 1
1059 387 1
3168 387 1
970 387 1
3969 387 1
3573 387 1
110 387 1
395 387 1
1530 387 1
897 387 1
2818 387 1
1187 387 1
576 387 1
623 387 1
2423 387 1
2840 387 1
1850 387 1
49 387 1
3832 387 1
628 387 1
1028 387 1
144 387 1
2070 387 1
2 387 1
998 387 1
3037 387 1
615 387 1
728 387 1
848 387 1
239 387 1
1282 387 1
450 387 1
1478 387 1
2724 387 1
2021 387 1
25 387 1
191 387 1
59 387 1
2615 387 1
510 387 1
3849 387 1
2660 387 1
24 387 1
2336 387 1
1118 387 1
142 387 1
1126 387 1
1755 387 1
2547 387 1
15 387 1
58 387 1
1099 387 1
3282 387 1
1969 387 1
226 387 1
1809 387 1
1939 387 1
3898 387 1
3281 387 1
308 387 1
3926 387 1
1080 387 1
3262 387 1
173 387 1
746 387 1
1344 387 1
5 387 1
7 387 1
412 387 1
174 387 1
2532 387 1
1791 387 1
172 387 1
2235 387 1
738 387 1
2102 387 1
837 387 1
107 387 1
811 387 1
58 387 1
2647 387 1
2804 388 1
2560 388 1
124 388 1
955 388 1
3074 388 1
212 388 1
2408 388 1
620 388 1
21 388 1
1759 388 1
41 388 1
69 388 1
1516 388 1
1099 388 1
2539 388 1
2332 388 1
314 388 1
700 388 1
1519 388 1
86 388 1
2641 388 1
74 388 1
7 388 1
327 388 1
413 388 1
1656 388 1
2906 388 1
3273 388 1
10 388 1
15 388 1
3370 388 1
2202 388 1
944 388 1
2813 388 1
2637 388 1
155 388 1
741 388 1
2989 388 1
1297 388 1
1915 388 1
418 388 1
55 388 1
1183 388 1
2991 388 1
25 388 1
3644 388 1
1901 388 1
899 388 1
4206 388 1
982 388 1
969 388 1
0 388 1
79 388 1
1097 388 1
2835 388 1
1729 388 1
1625 388 1
386 388 1
636 388 1
26 388 1
404 388 1
3431 388 1
231 388 1
1407 388 1
232 388 1
2653 388 1
2732 388 1
3811 388 1
2370 388 1
3286 388 1
1388 388 1
2266 388 1
3127 388 1
1011 388 1
380 388 1
1550 388 1
392 388 1
1167 388 1
2462 388 1
301 388 1
1904 388 1
1989 388 1
54 388 1
4030 388 1
405 388 1
2627 388 1
114 388 1
2731 388 1
676 388 1
51 388 1
4148 388 1
3971 388 1
69 388 1
64 388 1
4141 388 1
2934 388 1
71 388 1
1289 388 1
3486 388 1
372 388 1
2118 388 1
2208 388 1
585 388 1
1378 388 1
2348 388 1
1220 388 1
1850 388 1
734 388 1
117 388 1
44 388 1
200 388 1
1462 388 1
312 388 1
2169 388 1
202 388 1
3846 388 1
389 388 1
216 388 1
89 388 1
1062 388 1
1155 388 1
2682 388 1
457 388 1
51 388 1
1144 388 1
239 388 1
27 388 1
2487 388 1
464 388 1
9 388 1
905 388 1
3863 388 1
3354 388 1
0 388 1
98 388 1
2256 388 1
725 388 1
1304 388 1
786 388 1
2968 388 1
630 388 1
14 388 1
3298 388 1
636 388 1
2 388 1
331 388 1
3762 388 1
424 388 1
3863 388 1
3706 388 1
3576 388 1
91 388 1
1006 388 1
1825 389 1
3324 389 1
3840 389 1
1879 389 1
2441 389 1
1052 389 1
1935 389 1
1969 389 1
142 389 1
2302 389 1
133 389 1
31 389 1
407 389 1
937 389 1
676 389 1
526 389 1
9 389 1
2126 389 1
845 389 1
274 389 1
1104 389 1
2231 389 1
1916 389 1
3027 389 1
205 389 1
1811 389 1
2937 389 1
2906 389 1
2376 389 1
581 389 1
91 389 1
194 389 1
59 389 1
969 389 1
2259 389 1
2617 389 1
2915 389 1
4197 389 1
2465 389 1
3788 389 1
3793 389 1
1185 389 1
251 389 1
1100 389 1
421 389 1
47 389 1
311 389 1
131 389 1
4117 389 1
68 389 1
675 389 1
20 389 1
761 389 1
175 389 1
2798 389 1
350 389 1
3717 389 1
34 389 1
338 389 1
738 389 1
2744 389 1
1683 389 1
777 389 1
197 389 1
3385 389 1
106 389 1
203 389 1
1611 389 1
3229 389 1
153 389 1
293 389 1
1271 389 1
858 389 1
2659 389 1
8 389 1
1268 389 1
729 389 1
33 389 1
22 389 1
1626 389 1
3265 389 1
3494 389 1
1224 389 1
1932 389 1
160 389 1
2980 389 1
2534 389 1
1213 389 1
793 389 1
1596 389 1
902 389 1
3977 389 1
460 389 1
2146 389 1
3123 389 1
1466 389 1
3318 389 1
3806 389 1
3508 389 1
1007 389 1
201 389 1
8 389 1
1774 389 1
35 389 1
23 389 1
176 389 1
2153 389 1
41 389 1
23 389 1
3321 389 1
378 389 1
3609 389 1
621 389 1
3470 389 1
2724 389 1
48 389 1
760 389 1
1792 389 1
293 389 1
2760 389 1
2841 389 1
2937 389 1
109 389 1
2092 389 1
873 389 1
391 389 1
1491 389 1
986 389 1
1649 389 1
372 389 1
1 389 1
2867 389 1
765 389 1
336 389 1
1 389 1
0 389 1
2904 389 1
1808 389 1
104 389 1
922 389 1
2433 389 1
2380 389 1
496 389 1
852 389 1
2999 389 1
76 389 1
69 389 1
296 389 1
21 389 1
2475 389 1
5 389 1
2271 389 1
564 389 1
1438 390 1
1758 390 1
2218 390 1
19 390 1
967 390 1
1498 390 1
158 390 1
595 390 1
2776 390 1
247 390 1
594 390 1
2164 390 1
20 390 1
148 390 1
72 390 1
2541 390 1
4021 390 1
3410 390 1
4183 390 1
8 390 1
3714 390 1
3220 390 1
4179 390 1
186 390 1
449 390 1
575 390 1
39 390 1
3480 390 1
109 390 1
596 390 1
831 390 1
3474 390 1
25 390 1
309 390 1
3375 390 1
483 390 1
1834 390 1
21 390 1
1750 390 1
1905 390 1
2744 390 1
1109 390 1
3945 390 1
1283 390 1
3491 390 1
753 390 1
3555 390 1
549 390 1
2994 390 1
18 390 1
3 390 1
2162 390 1
992 390 1
3324 390 1
3742 390 1
541 390 1
337 390 1
84 390 1
840 390 1
338 390 1
153 390 1
4119 390 1
1843 390 1
721 390 1
4018 390 1
332 390 1
1309 390 1
2511 390 1
55 390 1
1056 390 1
53 390 1
978 390 1
150 390 1
242 390 1
14 390 1
0 390 1
923 390 1
0 390 1
1466 390 1
877 390 1
30 390 1
3344 390 1
113 390 1
989 390 1
3735 390 1
1516 390 1
109 390 1
1068 390 1
44 390 1
623 390 1
106 390 1
937 390 1
2782 390 1
58 390 1
864 390 1
2947 390 1
2140 390 1
3022 390 1
2156 390 1
2780 390 1
1229 390 1
2953 390 1
2920 390 1
180 390 1
784 390 1
1193 390 1
3759 390 1
1823 390 1
801 390 1
792 390 1
4148 390 1
1639 390 1
207 390 1
545 390 1
141 390 1
2766 390 1
1669 390 1
643 390 1
445 390 1
2883 390 1
1095 390 1
1123 390 1
1126 390 1
2565 390 1
103 390 1
0 390 1
3380 390 1
569 390 1
3158 390 1
64 390 1
345 390 1
4098 390 1
1931 390 1
3612 390 1
3480 390 1
126 390 1
1016 390 1
35 390 1
1123 390 1
981 390 1
2858 390 1
593 390 1
160 390 1
403 390 1
2439 390 1
2146 390 1
767 390 1
658 390 1
2006 390 1
29 390 1
2167 390 1
1109 390 1
2426 390 1
55 391 1
2341 391 1
2069 391 1
1756 391 1
247 391 1
1483 391 1
186 391 1
3804 391 1
46 391 1
2 391 1
1846 391 1
7 391 1
3235 391 1
512 391 1
676 391 1
3236 391 1
1875 391 1
1442 391 1
0 391 1
3012 391 1
1702 391 1
689 391 1
1280 391 1
2942 391 1
147 391 1
149 391 1
577 391 1
2175 391 1
2604 391 1
2948 391 1
22 391 1
255 391 1
3952 391 1
3803 391 1
12 391 1
2651 391 1
2770 391 1
786 391 1
783 391 1
411 391 1
110 391 1
2287 391 1
1124 391 1
1092 391 1
41 391 1
3517 391 1
1247 391 1
224 391 1
1661 391 1
3838 391 1
11 391 1
2953 391 1
42 391 1
1871 391 1
448 391 1
1953 391 1
2889 391 1
3415 391 1
2 391 1
463 391 1
190 391 1
293 391 1
3872 391 1
325 391 1
1838 391 1
2960 391 1
3139 391 1
1036 391 1
163 391 1
856 391 1
4174 391 1
1627 391 1
303 391 1
621 391 1
746 391 1
126 391 1
894 391 1
427 391 1
165 391 1
2416 391 1
3981 391 1
1749 391 1
1303 391 1
20 391 1
1300 391 1
1639 391 1
801 391 1
4208 391 1
3021 391 1
3798 391 1
3195 391 1
426 391 1
1097 391 1
2562 391 1
3770 391 1
199 391 1
41 391 1
2822 391 1
1023 391 1
748 391 1
1056 391 1
88 391 1
1093 391 1
242 391 1
1233 391 1
408 391 1
105 391 1
3438 391 1
1646 391 1
4113 391 1
41 391 1
22 391 1
3317 391 1
3520 391 1
18 391 1
146 391 1
4192 391 1
1588 391 1
924 391 1
0 391 1
2420 391 1
2581 391 1
531 391 1
3154 391 1
3586 391 1
3045 391 1
3128 391 1
139 391 1
2714 391 1
222 391 1
1834 391 1
1 391 1
1181 391 1
115 391 1
1289 391 1
482 391 1
926 391 1
653 391 1
95 391 1
2796 391 1
3 391 1
1160 391 1
524 391 1
1502 391 1
454 391 1
2106 391 1
2116 391 1
0 391 1
2361 391 1
334 391 1
114 391 1
1114 391 1
830 391 1
242 392 1
2215 392 1
556 392 1
1900 392 1
178 392 1
59 392 1
3874 392 1
1343 392 1
4169 392 1
127 392 1
295 392 1
3249 392 1
1716 392 1
2712 392 1
946 392 1
1643 392 1
3 392 1
0 392 1
119 392 1
2463 392 1
4080 392 1
1395 392 1
823 392 1
1234 392 1
2693 392 1
1266 392 1
2699 392 1
2934 392 1
1825 392 1
3299 392 1
64 392 1
578 392 1
1636 392 1
3088 392 1
550 392 1
3605 392 1
12 392 1
3565 392 1
37 392 1
2063 392 1
3190 392 1
187 392 1
4099 392 1
3215 392 1
8 392 1
2725 392 1
136 392 1
101 392 1
3055 392 1
607 392 1
43 392 1
1336 392 1
825 392 1
284 392 1
4001 392 1
3989 392 1
546 392 1
246 392 1
395 392 1
1873 392 1
158 392 1
2187 392 1
3551 392 1
295 392 1
48 392 1
819 392 1
104 392 1
3519 392 1
420 392 1
569 392 1
96 392 1
2767 392 1
2577 392 1
2917 392 1
1129 392 1
2 392 1
2535 392 1
1305 392 1
0 392 1
3269 392 1
1110 392 1
612 392 1
453 392 1
1382 392 1
1214 392 1
94 392 1
3919 392 1
3527 392 1
41 392 1
160 392 1
593 392 1
243 392 1
87 392 1
2585 392 1
225 392 1
68 392 1
231 392 1
252 392 1
263 392 1
358 392 1
3162 392 1
194 392 1
2414 392 1
3358 392 1
2962 392 1
4165 392 1
234 392 1
647 392 1
570 392 1
1460 392 1
1239 392 1
1558 392 1
90 392 1
3877 392 1
391 392 1
2647 392 1
1407 392 1
1129 392 1
2468 392 1
1365 392 1
2775 392 1
32 392 1
154 392 1
3105 392 1
3829 392 1
1569 392 1
468 392 1
204 392 1
1291 392 1
33 392 1
1467 392 1
391 392 1
1312 392 1
3805 392 1
831 392 1
2930 392 1
4021 392 1
403 392 1
3390 392 1
215 392 1
3705 392 1
99 392 1
3684 392 1
722 392 1
64 392 1
566 392 1
312 392 1
2667 392 1
3583 392 1
1411 392 1
548 392 1
379 392 1
585 392 1
2420 393 1
359 393 1
188 393 1
951 393 1
3128 393 1
901 393 1
138 393 1
1864 393 1
3069 393 1
172 393 1
72 393 1
1277 393 1
55 393 1
174 393 1
1263 393 1
1 393 1
28 393 1
308 393 1
91 393 1
277 393 1
3044 393 1
1096 393 1
356 393 1
3842 393 1
827 393 1
1109 393 1
2519 393 1
443 393 1
79 393 1
2229 393 1
302 393 1
768 393 1
1848 393 1
1281 393 1
340 393 1
276 393 1
327 393 1
1708 393 1
821 393 1
756 393 1
2390 393 1
690 393 1
640 393 1
237 393 1
3186 393 1
2920 393 1
1438 393 1
1693 393 1
3057 393 1
2572 393 1
1951 393 1
1969 393 1
2183 393 1
47 393 1
3777 393 1
46 393 1
773 393 1
4012 393 1
1142 393 1
1910 393 1
79 393 1
516 393 1
3226 393 1
914 393 1
824 393 1
1262 393 1
721 393 1
558 393 1
891 393 1
307 393 1
549 393 1
882 393 1
22 393 1
1016 393 1
2365 393 1
760 393 1
349 393 1
0 393 1
3527 393 1
1603 393 1
2192 393 1
942 393 1
2960 393 1
665 393 1
25 393 1
3313 393 1
192 393 1
240 393 1
738 393 1
1374 393 1
1086 393 1
788 393 1
970 393 1
1033 393 1
1176 393 1
2583 393 1
2098 393 1
1362 393 1
449 393 1
161 393 1
3355 393 1
1286 393 1
87 393 1
84 393 1
3 393 1
2194 393 1
0 393 1
536 393 1
2239 393 1
4061 393 1
2412 393 1
1529 393 1
2533 393 1
638 393 1
3792 393 1
1373 393 1
2420 393 1
3560 393 1
1021 393 1
3517 393 1
1850 393 1
512 393 1
250 393 1
3486 393 1
1135 393 1
244 393 1
2882 393 1
669 393 1
2221 393 1
716 393 1
1309 393 1
150 393 1
314 393 1
495 393 1
3 393 1
1444 393 1
3891 393 1
362 393 1
2977 393 1
3106 393 1
797 393 1
3032 393 1
90 393 1
1814 393 1
3050 393 1
319 393 1
1860 393 1
214 393 1
278 393 1
4067 393 1
29 393 1
3132 393 1
2008 393 1
94 394 1
2487 394 1
3238 394 1
3688 394 1
1920 394 1
3150 394 1
1425 394 1
6 394 1
1121 394 1
827 394 1
10 394 1
15 394 1
1233 394 1
2482 394 1
562 394 1
3730 394 1
10 394 1
2 394 1
3507 394 1
9 394 1
826 394 1
4191 394 1
91 394 1
1759 394 1
2112 394 1
695 394 1
97 394 1
965 394 1
896 394 1
159 394 1
187 394 1
1837 394 1
3156 394 1
4 394 1
68 394 1
2280 394 1
52 394 1
1918 394 1
60 394 1
1518 394 1
2329 394 1
770 394 1
3403 394 1
3231 394 1
3349 394 1
554 394 1
1843 394 1
99 394 1
11 394 1
302 394 1
578 394 1
1662 394 1
329 394 1
3381 394 1
2696 394 1
3789 394 1
443 394 1
4153 394 1
926 394 1
268 394 1
1579 394 1
926 394 1
158 394 1
2581 394 1
735 394 1
2649 394 1
551 394 1
1271 394 1
71 394 1
24 394 1
991 394 1
9 394 1
3216 394 1
1088 394 1
1868 394 1
1493 394 1
551 394 1
2670 394 1
601 394 1
44 394 1
1053 394 1
210 394 1
247 394 1
191 394 1
1107 394 1
3029 394 1
572 394 1
1348 394 1
61 394 1
918 394 1
221 394 1
49 394 1
249 394 1
2888 394 1
3781 394 1
1163 394 1
202 394 1
739 394 1
1128 394 1
263 394 1
2015 394 1
2266 394 1
1805 394 1
25 394 1
756 394 1
186 394 1
2348 394 1
1425 394 1
86 394 1
3224 394 1
2061 394 1
396 394 1
615 394 1
2467 394 1
1855 394 1
14 394 1
41 394 1
44 394 1
2412 394 1
877 394 1
414 394 1
2 394 1
31 394 1
32 394 1
107 394 1
4065 394 1
3 394 1
2397 394 1
1327 394 1
2298 394 1
42 394 1
209 394 1
0 394 1
3503 394 1
0 394 1
86 394 1
2720 394 1
178 394 1
80 394 1
590 394 1
390 394 1
0 394 1
1373 394 1
959 394 1
66 394 1
2670 394 1
261 394 1
1304 394 1
2841 394 1
1609 394 1
1957 394 1
2356 394 1
1311 394 1
346 395 1
131 395 1
3271 395 1
1857 395 1
2025 395 1
1675 395 1
2895 395 1
1233 395 1
981 395 1
2976 395 1
1262 395 1
1377 395 1
1155 395 1
691 395 1
531 395 1
171 395 1
3400 395 1
78 395 1
3 395 1
1687 395 1
259 395 1
1847 395 1
1291 395 1
376 395 1
16 395 1
1256 395 1
457 395 1
1866 395 1
1175 395 1
2663 395 1
60 395 1
365 395 1
2770 395 1
3523 395 1
520 395 1
452 395 1
2817 395 1
3197 395 1
165 395 1
420 395 1
1135 395 1
2129 395 1
186 395 1
1099 395 1
3835 395 1
2806 395 1
1026 395 1
362 395 1
459 395 1
394 395 1
895 395 1
97 395 1
3309 395 1
1921 395 1
1737 395 1
1301 395 1
1607 395 1
1660 395 1
153 395 1
2250 395 1
1078 395 1
786 395 1
3558 395 1
3000 395 1
741 395 1
3152 395 1
1245 395 1
1989 395 1
761 395 1
1462 395 1
279 395 1
285 395 1
3205 395 1
1 395 1
1100 395 1
330 395 1
1956 395 1
673 395 1
644 395 1
45 395 1
659 395 1
473 395 1
262 395 1
3840 395 1
1549 395 1
3991 395 1
3530 395 1
3025 395 1
128 395 1
1386 395 1
379 395 1
947 395 1
392 395 1
166 395 1
548 395 1
972 395 1
215 395 1
552 395 1
373 395 1
108 395 1
796 395 1
41 395 1
18 395 1
0 395 1
1302 395 1
3039 395 1
219 395 1
2281 395 1
2059 395 1
1714 395 1
1359 395 1
806 395 1
1530 395 1
721 395 1
4033 395 1
106 395 1
2084 395 1
25 395 1
1244 395 1
3075 395 1
2850 395 1
1828 395 1
8 395 1
1782 395 1
98 395 1
1504 395 1
705 395 1
408 395 1
703 395 1
665 395 1
798 395 1
233 395 1
423 395 1
529 395 1
1576 395 1
321 395 1
1688 395 1
621 395 1
3812 395 1
3007 395 1
2028 395 1
609 395 1
0 395 1
1753 395 1
1281 395 1
726 395 1
1038 395 1
3482 395 1
1960 395 1
619 395 1
212 395 1
2579 395 1
39 395 1
1318 396 1
2338 396 1
3537 396 1
3867 396 1
2859 396 1
1410 396 1
1040 396 1
10 396 1
2300 396 1
0 396 1
29 396 1
242 396 1
40 396 1
3551 396 1
3559 396 1
2145 396 1
3150 396 1
2102 396 1
1748 396 1
1476 396 1
17 396 1
3455 396 1
3914 396 1
1243 396 1
1282 396 1
1183 396 1
3149 396 1
186 396 1
2779 396 1
713 396 1
2630 396 1
42 396 1
1006 396 1
2695 396 1
3656 396 1
363 396 1
312 396 1
3703 396 1
232 396 1
2032 396 1
12 396 1
750 396 1
158 396 1
3183 396 1
1551 396 1
2538 396 1
3711 396 1
232 396 1
378 396 1
664 396 1
8 396 1
3464 396 1
463 396 1
409 396 1
2307 396 1
3448 396 1
2835 396 1
1801 396 1
2062 396 1
1074 396 1
1483 396 1
350 396 1
232 396 1
3406 396 1
1018 396 1
3341 396 1
2241 396 1
79 396 1
1021 396 1
3654 396 1
1083 396 1
2027 396 1
2564 396 1
1030 396 1
362 396 1
4190 396 1
792 396 1
1944 396 1
810 396 1
0 396 1
3220 396 1
2350 396 1
1199 396 1
231 396 1
3841 396 1
4 396 1
2 396 1
38 396 1
0 396 1
52 396 1
2555 396 1
324 396 1
500 396 1
623 396 1
1887 396 1
3410 396 1
3605 396 1
38 396 1
1047 396 1
298 396 1
252 396 1
952 396 1
3056 396 1
857 396 1
0 396 1
3820 396 1
1811 396 1
2355 396 1
113 396 1
84 396 1
15 396 1
572 396 1
492 396 1
215 396 1
1181 396 1
2233 396 1
1154 396 1
623 396 1
3930 396 1
1524 396 1
133 396 1
1107 396 1
1468 396 1
2268 396 1
134 396 1
2149 396 1
1004 396 1
557 396 1
259 396 1
605 396 1
1573 396 1
1998 396 1
1836 396 1
27 396 1
1202 396 1
2525 396 1
988 396 1
2737 396 1
605 396 1
2385 396 1
1432 396 1
4097 396 1
523 396 1
292 396 1
1509 396 1
3 396 1
280 396 1
657 396 1
1316 396 1
431 396 1
3100 396 1
1852 396 1
3333 396 1
1195 397 1
3818 397 1
2149 397 1
2890 397 1
866 397 1
927 397 1
3011 397 1
3529 397 1
1360 397 1
3 397 1
23 397 1
33 397 1
4160 397 1
543 397 1
4 397 1
544 397 1
2350 397 1
1340 397 1
2685 397 1
3194 397 1
2221 397 1
261 397 1
1800 397 1
255 397 1
1010 397 1
2235 397 1
449 397 1
1558 397 1
1326 397 1
3054 397 1
1138 397 1
158 397 1
12 397 1
792 397 1
2977 397 1
2162 397 1
46 397 1
1581 397 1
308 397 1
3876 397 1
1062 397 1
53 397 1
1326 397 1
621 397 1
3704 397 1
1981 397 1
2735 397 1
747 397 1
3743 397 1
2912 397 1
3109 397 1
364 397 1
131 397 1
829 397 1
3623 397 1
0 397 1
106 397 1
234 397 1
3081 397 1
1255 397 1
2127 397 1
221 397 1
2046 397 1
1024 397 1
2547 397 1
2816 397 1
9 397 1
0 397 1
17 397 1
346 397 1
429 397 1
1667 397 1
38 397 1
103 397 1
3642 397 1
60 397 1
3207 397 1
1065 397 1
185 397 1
297 397 1
135 397 1
776 397 1
1019 397 1
773 397 1
232 397 1
121 397 1
82 397 1
961 397 1
89 397 1
1033 397 1
998 397 1
3956 397 1
1046 397 1
147 397 1
0 397 1
30 397 1
3006 397 1
469 397 1
362 397 1
28 397 1
1436 397 1
1094 397 1
921 397 1
2705 397 1
2 397 1
1895 397 1
2201 397 1
113 397 1
705 397 1
739 397 1
164 397 1
76 397 1
156 397 1
101 397 1
3714 397 1
11 397 1
385 397 1
1758 397 1
3706 397 1
1911 397 1
1938 397 1
25 397 1
75 397 1
3322 397 1
1059 397 1
1 397 1
963 397 1
249 397 1
0 397 1
20 397 1
1922 397 1
25 397 1
4025 397 1
380 397 1
544 397 1
3104 397 1
112 397 1
4 397 1
2820 397 1
2957 397 1
2022 397 1
3231 397 1
5 397 1
0 397 1
2414 397 1
4146 397 1
492 397 1
2139 397 1
2545 397 1
126 397 1
1059 397 1
3768 397 1
2809 397 1
714 398 1
95 398 1
1117 398 1
1373 398 1
3192 398 1
387 398 1
1865 398 1
24 398 1
678 398 1
1 398 1
873 398 1
191 398 1
1936 398 1
322 398 1
3166 398 1
2797 398 1
4 398 1
2833 398 1
2333 398 1
1940 398 1
3886 398 1
1182 398 1
1430 398 1
309 398 1
396 398 1
1188 398 1
83 398 1
3352 398 1
0 398 1
672 398 1
309 398 1
2308 398 1
4167 398 1
3024 398 1
51 398 1
4010 398 1
2591 398 1
449 398 1
824 398 1
2067 398 1
497 398 1
396 398 1
708 398 1
265 398 1
243 398 1
1006 398 1
1081 398 1
2342 398 1
2948 398 1
1 398 1
2337 398 1
1080 398 1
2585 398 1
982 398 1
1815 398 1
3986 398 1
68 398 1
963 398 1
386 398 1
322 398 1
3816 398 1
987 398 1
1087 398 1
1787 398 1
3666 398 1
1834 398 1
1825 398 1
3318 398 1
4194 398 1
2297 398 1
1794 398 1
1112 398 1
415 398 1
613 398 1
639 398 1
4150 398 1
3534 398 1
2418 398 1
773 398 1
2056 398 1
3128 398 1
71 398 1
3865 398 1
672 398 1
2308 398 1
3326 398 1
2613 398 1
3573 398 1
1 398 1
694 398 1
1824 398 1
2028 398 1
1077 398 1
1029 398 1
364 398 1
3011 398 1
2437 398 1
455 398 1
593 398 1
3572 398 1
569 398 1
28 398 1
2193 398 1
1550 398 1
494 398 1
46 398 1
621 398 1
393 398 1
1858 398 1
618 398 1
1 398 1
1 398 1
263 398 1
138 398 1
2658 398 1
3787 398 1
1150 398 1
439 398 1
1011 398 1
0 398 1
186 398 1
2861 398 1
3173 398 1
2633 398 1
1261 398 1
722 398 1
60 398 1
3939 398 1
0 398 1
636 398 1
52 398 1
976 398 1
773 398 1
0 398 1
3609 398 1
401 398 1
1491 398 1
2348 398 1
652 398 1
1886 398 1
2108 398 1
3431 398 1
867 398 1
959 398 1
1872 398 1
2895 398 1
2328 398 1
1288 398 1
1540 398 1
1733 398 1
3316 398 1
818 398 1
3925 398 1
1655 399 1
1731 399 1
2026 399 1
76 399 1
1388 399 1
365 399 1
2339 399 1
1947 399 1
359 399 1
2989 399 1
2933 399 1
3532 399 1
919 399 1
3279 399 1
603 399 1
3172 399 1
9 399 1
1616 399 1
2975 399 1
4036 399 1
121 399 1
1343 399 1
616 399 1
308 399 1
175 399 1
1 399 1
40 399 1
3243 399 1
2539 399 1
2964 399 1
368 399 1
2855 399 1
48 399 1
3803 399 1
2112 399 1
16 399 1
1743 399 1
481 399 1
150 399 1
1182 399 1
2660 399 1
1980 399 1
726 399 1
175 399 1
4041 399 1
42 399 1
2671 399 1
73 399 1
1309 399 1
891 399 1
1998 399 1
244 399 1
1 399 1
2682 399 1
798 399 1
235 399 1
31 399 1
3759 399 1
3522 399 1
1070 399 1
3229 399 1
13 399 1
742 399 1
1222 399 1
3321 399 1
2248 399 1
2154 399 1
99 399 1
2973 399 1
2651 399 1
496 399 1
3683 399 1
1714 399 1
4030 399 1
220 399 1
152 399 1
557 399 1
2002 399 1
1009 399 1
1142 399 1
867 399 1
3203 399 1
1530 399 1
2523 399 1
2340 399 1
2506 399 1
1166 399 1
2499 399 1
779 399 1
509 399 1
1191 399 1
3285 399 1
1 399 1
556 399 1
3657 399 1
1018 399 1
112 399 1
637 399 1
43 399 1
2557 399 1
587 399 1
631 399 1
304 399 1
1918 399 1
729 399 1
6 399 1
3585 399 1
271 399 1
601 399 1
2318 399 1
2526 399 1
4105 399 1
4024 399 1
981 399 1
2067 399 1
3859 399 1
169 399 1
2680 399 1
2058 399 1
1863 399 1
1844 399 1
433 399 1
1128 399 1
3360 399 1
84 399 1
2038 399 1
3789 399 1
3879 399 1
1723 399 1
3 399 1
0 399 1
57 399 1
1705 399 1
3599 399 1
25 399 1
63 399 1
0 399 1
544 399 1
832 399 1
297 399 1
184 399 1
2891 399 1
2118 399 1
288 399 1
587 399 1
1704 399 1
1305 399 1
0 399 1
3532 399 1
136 399 1
2559 399 1
3101 399 1
3095 399 1
3617 400 1
3268 400 1
1516 400 1
2643 400 1
2174 400 1
2159 400 1
8 400 1
3212 400 1
2070 400 1
185 400 1
355 400 1
636 400 1
1763 400 1
561 400 1
1220 400 1
2273 400 1
608 400 1
758 400 1
1989 400 1
1732 400 1
2363 400 1
317 400 1
3471 400 1
328 400 1
183 400 1
2705 400 1
1665 400 1
1525 400 1
1951 400 1
1765 400 1
3810 400 1
2609 400 1
144 400 1
2956 400 1
819 400 1
41 400 1
513 400 1
2072 400 1
2932 400 1
336 400 1
875 400 1
108 400 1
3511 400 1
281 400 1
2005 400 1
180 400 1
1220 400 1
310 400 1
2719 400 1
3794 400 1
3725 400 1
1665 400 1
513 400 1
7 400 1
63 400 1
2446 400 1
62 400 1
420 400 1
435 400 1
2099 400 1
983 400 1
0 400 1
1774 400 1
2127 400 1
3431 400 1
1198 400 1
3519 400 1
3427 400 1
4126 400 1
1696 400 1
3498 400 1
1170 400 1
858 400 1
554 400 1
1861 400 1
1502 400 1
3333 400 1
2816 400 1
2159 400 1
2096 400 1
1365 400 1
678 400 1
1414 400 1
419 400 1
2462 400 1
2094 400 1
2150 400 1
2107 400 1
718 400 1
598 400 1
1363 400 1
1779 400 1
4011 400 1
1956 400 1
2197 400 1
265 400 1
2810 400 1
2154 400 1
2411 400 1
12 400 1
893 400 1
196 400 1
1067 400 1
32 400 1
1171 400 1
3640 400 1
362 400 1
662 400 1
1196 400 1
1179 400 1
3077 400 1
118 400 1
1 400 1
168 400 1
2700 400 1
1111 400 1
3899 400 1
2009 400 1
311 400 1
2943 400 1
3910 400 1
1862 400 1
2169 400 1
3102 400 1
354 400 1
43 400 1
3092 400 1
641 400 1
2610 400 1
962 400 1
56 400 1
102 400 1
1560 400 1
4182 400 1
3205 400 1
2737 400 1
3566 400 1
59 400 1
147 400 1
597 400 1
630 400 1
105 400 1
227 400 1
2437 400 1
693 400 1
679 400 1
1665 400 1
1506 400 1
1406 400 1
682 400 1
1014 400 1
1683 400 1
1820 400 1
189 401 1
264 401 1
2111 401 1
4046 401 1
1871 401 1
4011 401 1
2946 401 1
1260 401 1
0 401 1
2610 401 1
1192 401 1
3124 401 1
1183 401 1
347 401 1
2844 401 1
3743 401 1
1355 401 1
3391 401 1
1895 401 1
183 401 1
116 401 1
2149 401 1
463 401 1
844 401 1
933 401 1
2053 401 1
5 401 1
142 401 1
2331 401 1
1910 401 1
149 401 1
1758 401 1
4110 401 1
470 401 1
2066 401 1
2983 401 1
3183 401 1
4204 401 1
633 401 1
2570 401 1
3235 401 1
2386 401 1
3152 401 1
2647 401 1
2 401 1
34 401 1
1787 401 1
1293 401 1
1758 401 1
714 401 1
108 401 1
206 401 1
3276 401 1
2307 401 1
5 401 1
174 401 1
16 401 1
173 401 1
929 401 1
529 401 1
1021 401 1
3897 401 1
3252 401 1
122 401 1
823 401 1
3036 401 1
2296 401 1
724 401 1
6 401 1
3839 401 1
1 401 1
2740 401 1
376 401 1
1374 401 1
37 401 1
3167 401 1
104 401 1
29 401 1
3520 401 1
827 401 1
367 401 1
2010 401 1
200 401 1
319 401 1
802 401 1
2301 401 1
236 401 1
1412 401 1
34 401 1
38 401 1
2553 401 1
294 401 1
2049 401 1
231 401 1
134 401 1
523 401 1
172 401 1
188 401 1
3463 401 1
3049 401 1
546 401 1
1780 401 1
1519 401 1
3295 401 1
368 401 1
873 401 1
3389 401 1
500 401 1
3762 401 1
199 401 1
6 401 1
1899 401 1
267 401 1
8 401 1
2080 401 1
128 401 1
2477 401 1
2219 401 1
2 401 1
1134 401 1
163 401 1
3932 401 1
2887 401 1
3497 401 1
1302 401 1
251 401 1
1354 401 1
2958 401 1
1333 401 1
919 401 1
3473 401 1
3476 401 1
120 401 1
3240 401 1
1831 401 1
951 401 1
294 401 1
2822 401 1
89 401 1
54 401 1
2411 401 1
1329 401 1
1989 401 1
3143 401 1
221 401 1
3392 401 1
92 401 1
823 401 1
1534 401 1
570 401 1
2608 401 1
265 401 1
1813 401 1
1065 402 1
13 402 1
395 402 1
2183 402 1
3149 402 1
9 402 1
2496 402 1
3136 402 1
2351 402 1
1010 402 1
855 402 1
49 402 1
151 402 1
2167 402 1
1836 402 1
3036 402 1
319 402 1
1256 402 1
951 402 1
34 402 1
35 402 1
2481 402 1
2225 402 1
859 402 1
2000 402 1
3 402 1
3961 402 1
115 402 1
138 402 1
1986 402 1
21 402 1
3189 402 1
3820 402 1
25 402 1
2259 402 1
1 402 1
273 402 1
44 402 1
4203 402 1
2190 402 1
3972 402 1
4 402 1
107 402 1
1795 402 1
236 402 1
1480 402 1
3059 402 1
712 402 1
1120 402 1
1479 402 1
1757 402 1
7 402 1
2425 402 1
480 402 1
1159 402 1
2798 402 1
1829 402 1
147 402 1
3056 402 1
958 402 1
122 402 1
2591 402 1
2557 402 1
79 402 1
134 402 1
3 402 1
2410 402 1
167 402 1
283 402 1
1 402 1
1735 402 1
457 402 1
2498 402 1
2926 402 1
682 402 1
2539 402 1
429 402 1
249 402 1
2868 402 1
1035 402 1
333 402 1
1192 402 1
3189 402 1
172 402 1
1249 402 1
0 402 1
478 402 1
95 402 1
2752 402 1
264 402 1
3527 402 1
643 402 1
709 402 1
884 402 1
1942 402 1
2437 402 1
1238 402 1
23 402 1
3370 402 1
48 402 1
1881 402 1
48 402 1
1498 402 1
1892 402 1
1072 402 1
24 402 1
387 402 1
4190 402 1
897 402 1
1264 402 1
1876 402 1
3351 402 1
857 402 1
986 402 1
163 402 1
598 402 1
220 402 1
1792 402 1
47 402 1
519 402 1
974 402 1
17 402 1
3562 402 1
2137 402 1
0 402 1
3211 402 1
16 402 1
0 402 1
16 402 1
1803 402 1
2434 402 1
2518 402 1
355 402 1
375 402 1
70 402 1
3017 402 1
130 402 1
642 402 1
368 402 1
2804 402 1
1775 402 1
2417 402 1
940 402 1
1387 402 1
2780 402 1
946 402 1
86 402 1
2037 402 1
3254 402 1
3560 402 1
345 402 1
299 402 1
90 402 1
3045 403 1
1194 403 1
2964 403 1
2280 403 1
1255 403 1
3707 403 1
747 403 1
715 403 1
2172 403 1
180 403 1
2509 403 1
3422 403 1
2436 403 1
1676 403 1
128 403 1
1634 403 1
1215 403 1
1758 403 1
1088 403 1
136 403 1
243 403 1
11 403 1
266 403 1
150 403 1
3781 403 1
260 403 1
900 403 1
176 403 1
48 403 1
1661 403 1
25 403 1
3781 403 1
9 403 1
19 403 1
2391 403 1
281 403 1
3369 403 1
2707 403 1
2870 403 1
1697 403 1
2526 403 1
406 403 1
585 403 1
5 403 1
143 403 1
572 403 1
4052 403 1
773 403 1
208 403 1
1923 403 1
310 403 1
176 403 1
2262 403 1
828 403 1
2699 403 1
2108 403 1
1398 403 1
1856 403 1
1549 403 1
1923 403 1
3339 403 1
514 403 1
114 403 1
3052 403 1
2438 403 1
25 403 1
280 403 1
3065 403 1
198 403 1
1678 403 1
84 403 1
2539 403 1
3621 403 1
12 403 1
1270 403 1
110 403 1
3323 403 1
120 403 1
2348 403 1
1390 403 1
460 403 1
3530 403 1
2457 403 1
954 403 1
982 403 1
1178 403 1
641 403 1
1567 403 1
2842 403 1
723 403 1
1941 403 1
2 403 1
56 403 1
0 403 1
5 403 1
82 403 1
75 403 1
1561 403 1
418 403 1
47 403 1
2433 403 1
791 403 1
3216 403 1
1125 403 1
3193 403 1
499 403 1
3032 403 1
51 403 1
1253 403 1
2560 403 1
98 403 1
312 403 1
761 403 1
1594 403 1
3183 403 1
96 403 1
4129 403 1
190 403 1
840 403 1
1020 403 1
1976 403 1
510 403 1
2484 403 1
821 403 1
2937 403 1
1207 403 1
3050 403 1
1694 403 1
103 403 1
1140 403 1
1011 403 1
2903 403 1
236 403 1
6 403 1
535 403 1
152 403 1
3787 403 1
2682 403 1
918 403 1
52 403 1
1301 403 1
145 403 1
2134 403 1
9 403 1
3393 403 1
2723 403 1
60 403 1
2406 403 1
3171 403 1
970 403 1
3661 403 1
37 403 1
3735 403 1
805 404 1
1533 404 1
645 404 1
3304 404 1
658 404 1
2590 404 1
1001 404 1
1758 404 1
2696 404 1
1296 404 1
499 404 1
22 404 1
867 404 1
699 404 1
36 404 1
556 404 1
257 404 1
74 404 1
2476 404 1
89 404 1
4190 404 1
806 404 1
198 404 1
3253 404 1
1428 404 1
38 404 1
4184 404 1
783 404 1
2225 404 1
31 404 1
1 404 1
129 404 1
1182 404 1
1625 404 1
2035 404 1
3367 404 1
97 404 1
3334 404 1
2008 404 1
68 404 1
1132 404 1
2386 404 1
1381 404 1
117 404 1
681 404 1
34 404 1
2064 404 1
837 404 1
1501 404 1
1196 404 1
384 404 1
708 404 1
193 404 1
0 404 1
1609 404 1
1562 404 1
129 404 1
3750 404 1
1771 404 1
704 404 1
1931 404 1
2488 404 1
221 404 1
3871 404 1
101 404 1
305 404 1
4122 404 1
2966 404 1
2936 404 1
2096 404 1
2384 404 1
823 404 1
4 404 1
998 404 1
596 404 1
100 404 1
2632 404 1
1123 404 1
325 404 1
3564 404 1
3377 404 1
487 404 1
3708 404 1
237 404 1
2891 404 1
1667 404 1
989 404 1
580 404 1
83 404 1
936 404 1
2679 404 1
1593 404 1
1208 404 1
0 404 1
1926 404 1
2189 404 1
3119 404 1
1285 404 1
1190 404 1
1059 404 1
199 404 1
2914 404 1
3710 404 1
1369 404 1
2601 404 1
6 404 1
3384 404 1
1637 404 1
1098 404 1
3282 404 1
629 404 1
2896 404 1
111 404 1
617 404 1
385 404 1
3842 404 1
2684 404 1
90 404 1
2816 404 1
415 404 1
1086 404 1
83 404 1
489 404 1
285 404 1
2165 404 1
192 404 1
563 404 1
1977 404 1
2291 404 1
3342 404 1
272 404 1
2901 404 1
0 404 1
264 404 1
1558 404 1
2918 404 1
3020 404 1
374 404 1
2000 404 1
63 404 1
428 404 1
1466 404 1
1278 404 1
1288 404 1
3694 404 1
72 404 1
1212 404 1
329 404 1
2464 404 1
184 404 1
218 404 1
513 404 1
1527 404 1
2883 405 1
406 405 1
544 405 1
1383 405 1
22 405 1
2355 405 1
1247 405 1
2535 405 1
0 405 1
286 405 1
919 405 1
2268 405 1
150 405 1
4086 405 1
1539 405 1
1999 405 1
799 405 1
1406 405 1
1219 405 1
4071 405 1
229 405 1
1297 405 1
1336 405 1
45 405 1
322 405 1
3401 405 1
2599 405 1
632 405 1
728 405 1
2285 405 1
4026 405 1
3900 405 1
2389 405 1
0 405 1
1851 405 1
1414 405 1
3917 405 1
1364 405 1
2881 405 1
1624 405 1
2109 405 1
1373 405 1
3554 405 1
0 405 1
1218 405 1
2181 405 1
2714 405 1
298 405 1
2835 405 1
865 405 1
30 405 1
112 405 1
3096 405 1
2816 405 1
676 405 1
437 405 1
288 405 1
165 405 1
576 405 1
800 405 1
292 405 1
1600 405 1
1018 405 1
311 405 1
3484 405 1
551 405 1
853 405 1
451 405 1
1793 405 1
837 405 1
123 405 1
3145 405 1
331 405 1
638 405 1
2645 405 1
107 405 1
7 405 1
410 405 1
282 405 1
3898 405 1
1214 405 1
4000 405 1
240 405 1
2731 405 1
323 405 1
3997 405 1
853 405 1
672 405 1
1002 405 1
2449 405 1
3550 405 1
878 405 1
3511 405 1
126 405 1
510 405 1
2938 405 1
997 405 1
651 405 1
1172 405 1
148 405 1
1528 405 1
25 405 1
141 405 1
367 405 1
1212 405 1
3358 405 1
82 405 1
83 405 1
694 405 1
3611 405 1
470 405 1
2454 405 1
2691 405 1
398 405 1
2898 405 1
572 405 1
1086 405 1
4055 405 1
2895 405 1
1234 405 1
252 405 1
4174 405 1
3365 405 1
922 405 1
91 405 1
35 405 1
3149 405 1
209 405 1
121 405 1
791 405 1
28 405 1
439 405 1
3891 405 1
407 405 1
1671 405 1
18 405 1
3955 405 1
1827 405 1
2150 405 1
582 405 1
1642 405 1
162 405 1
1721 405 1
642 405 1
17 405 1
3119 405 1
1395 405 1
3032 405 1
2491 405 1
1152 405 1
2804 405 1
1593 405 1
1857 405 1
3123 406 1
2810 406 1
77 406 1
1865 406 1
32 406 1
3179 406 1
1054 406 1
2461 406 1
382 406 1
0 406 1
82 406 1
2930 406 1
2643 406 1
62 406 1
1907 406 1
3564 406 1
320 406 1
944 406 1
479 406 1
67 406 1
130 406 1
2566 406 1
4092 406 1
3019 406 1
156 406 1
3747 406 1
3489 406 1
132 406 1
0 406 1
3777 406 1
27 406 1
271 406 1
1035 406 1
1638 406 1
3888 406 1
39 406 1
3 406 1
732 406 1
1029 406 1
276 406 1
858 406 1
353 406 1
3480 406 1
4034 406 1
911 406 1
480 406 1
124 406 1
502 406 1
3930 406 1
477 406 1
2092 406 1
2702 406 1
1122 406 1
1101 406 1
38 406 1
3412 406 1
110 406 1
1428 406 1
849 406 1
3975 406 1
482 406 1
3324 406 1
3327 406 1
2880 406 1
224 406 1
2 406 1
2682 406 1
679 406 1
1166 406 1
3719 406 1
623 406 1
1075 406 1
2861 406 1
7 406 1
673 406 1
144 406 1
562 406 1
1529 406 1
792 406 1
207 406 1
2517 406 1
305 406 1
1074 406 1
3650 406 1
1450 406 1
3063 406 1
3042 406 1
1050 406 1
1451 406 1
4084 406 1
2758 406 1
1548 406 1
948 406 1
567 406 1
3806 406 1
58 406 1
3310 406 1
379 406 1
1270 406 1
50 406 1
2457 406 1
261 406 1
42 406 1
16 406 1
567 406 1
965 406 1
4098 406 1
1899 406 1
4138 406 1
1564 406 1
3351 406 1
42 406 1
821 406 1
3112 406 1
1040 406 1
3008 406 1
16 406 1
1802 406 1
456 406 1
835 406 1
1193 406 1
17 406 1
474 406 1
2842 406 1
198 406 1
1704 406 1
2307 406 1
2888 406 1
3812 406 1
6 406 1
16 406 1
195 406 1
4085 406 1
93 406 1
4197 406 1
269 406 1
165 406 1
438 406 1
892 406 1
243 406 1
991 406 1
2373 406 1
291 406 1
1142 406 1
64 406 1
4135 406 1
117 406 1
24 406 1
837 406 1
605 406 1
1697 406 1
1173 406 1
1794 406 1
300 407 1
650 407 1
2907 407 1
24 407 1
326 407 1
3846 407 1
3371 407 1
3132 407 1
3490 407 1
7 407 1
2850 407 1
22 407 1
3844 407 1
766 407 1
478 407 1
32 407 1
1151 407 1
1306 407 1
543 407 1
2 407 1
4102 407 1
3395 407 1
1646 407 1
8 407 1
3891 407 1
1426 407 1
109 407 1
2592 407 1
36 407 1
1387 407 1
48 407 1
2240 407 1
2878 407 1
623 407 1
312 407 1
293 407 1
1807 407 1
1703 407 1
363 407 1
3601 407 1
809 407 1
4 407 1
8 407 1
2885 407 1
3770 407 1
8 407 1
51 407 1
928 407 1
2 407 1
1563 407 1
293 407 1
249 407 1
218 407 1
6 407 1
2 407 1
79 407 1
87 407 1
1288 407 1
3 407 1
3337 407 1
115 407 1
2720 407 1
2007 407 1
1155 407 1
4070 407 1
416 407 1
3167 407 1
2183 407 1
3957 407 1
403 407 1
3128 407 1
730 407 1
206 407 1
20 407 1
1711 407 1
4184 407 1
1476 407 1
699 407 1
27 407 1
79 407 1
624 407 1
3091 407 1
1113 407 1
2854 407 1
1535 407 1
1873 407 1
2877 407 1
2895 407 1
1670 407 1
2957 407 1
2314 407 1
1724 407 1
3809 407 1
344 407 1
185 407 1
3568 407 1
452 407 1
2556 407 1
17 407 1
675 407 1
544 407 1
800 407 1
1833 407 1
1142 407 1
2835 407 1
1452 407 1
3697 407 1
104 407 1
2290 407 1
3403 407 1
219 407 1
1887 407 1
931 407 1
2080 407 1
208 407 1
573 407 1
268 407 1
133 407 1
1742 407 1
1329 407 1
4089 407 1
3966 407 1
3186 407 1
1175 407 1
213 407 1
0 407 1
3274 407 1
4162 407 1
12 407 1
977 407 1
7 407 1
15 407 1
4014 407 1
45 407 1
2877 407 1
3550 407 1
2128 407 1
2800 407 1
1499 407 1
3228 407 1
803 407 1
19 407 1
2299 407 1
413 407 1
551 407 1
65 407 1
1233 407 1
7 407 1
1134 407 1
4 407 1
2803 407 1
287 407 1
492 407 1
85 408 1
573 408 1
2064 408 1
31 408 1
3165 408 1
2085 408 1
1551 408 1
3672 408 1
96 408 1
3118 408 1
4188 408 1
1007 408 1
2736 408 1
3105 408 1
494 408 1
2068 408 1
3413 408 1
554 408 1
520 408 1
80 408 1
750 408 1
306 408 1
2492 408 1
1943 408 1
1029 408 1
2169 408 1
151 408 1
27 408 1
547 408 1
4197 408 1
2728 408 1
2847 408 1
365 408 1
1833 408 1
234 408 1
1160 408 1
5 408 1
644 408 1
1807 408 1
2699 408 1
1084 408 1
69 408 1
114 408 1
3418 408 1
3302 408 1
0 408 1
1801 408 1
219 408 1
18 408 1
58 408 1
7 408 1
931 408 1
1005 408 1
285 408 1
198 408 1
3000 408 1
1729 408 1
0 408 1
2789 408 1
2539 408 1
486 408 1
627 408 1
1362 408 1
459 408 1
578 408 1
3265 408 1
188 408 1
4078 408 1
831 408 1
48 408 1
4179 408 1
2709 408 1
4027 408 1
230 408 1
765 408 1
4183 408 1
575 408 1
5 408 1
2908 408 1
865 408 1
45 408 1
2137 408 1
1354 408 1
2300 408 1
3565 408 1
1351 408 1
417 408 1
508 408 1
272 408 1
219 408 1
8 408 1
69 408 1
1494 408 1
61 408 1
2870 408 1
2604 408 1
3453 408 1
4076 408 1
1184 408 1
230 408 1
392 408 1
1237 408 1
222 408 1
1243 408 1
3 408 1
3340 408 1
3913 408 1
847 408 1
2381 408 1
34 408 1
121 408 1
2014 408 1
2556 408 1
766 408 1
53 408 1
1105 408 1
3594 408 1
16 408 1
2712 408 1
18 408 1
103 408 1
1738 408 1
1418 408 1
179 408 1
3925 408 1
296 408 1
50 408 1
987 408 1
180 408 1
315 408 1
664 408 1
1178 408 1
2 408 1
9 408 1
498 408 1
465 408 1
374 408 1
1879 408 1
525 408 1
596 408 1
600 408 1
0 408 1
483 408 1
1437 408 1
1558 408 1
1937 408 1
593 408 1
438 408 1
2053 408 1
3780 408 1
796 408 1
11 408 1
38 408 1
517 409 1
3 409 1
261 409 1
1360 409 1
2 409 1
1269 409 1
3897 409 1
75 409 1
1075 409 1
3361 409 1
1917 409 1
947 409 1
3 409 1
348 409 1
4188 409 1
2109 409 1
8 409 1
175 409 1
1203 409 1
3158 409 1
1525 409 1
33 409 1
2399 409 1
2896 409 1
311 409 1
58 409 1
3994 409 1
1178 409 1
1034 409 1
3828 409 1
2982 409 1
2728 409 1
184 409 1
3186 409 1
219 409 1
2616 409 1
1654 409 1
3569 409 1
405 409 1
2253 409 1
914 409 1
3339 409 1
10 409 1
2109 409 1
4 409 1
2082 409 1
1832 409 1
2710 409 1
3925 409 1
18 409 1
3760 409 1
123 409 1
1336 409 1
379 409 1
631 409 1
2 409 1
141 409 1
3551 409 1
734 409 1
2344 409 1
7 409 1
662 409 1
1 409 1
613 409 1
3116 409 1
4 409 1
970 409 1
1157 409 1
1169 409 1
867 409 1
641 409 1
1509 409 1
1430 409 1
40 409 1
533 409 1
321 409 1
1871 409 1
955 409 1
669 409 1
1551 409 1
2063 409 1
317 409 1
1690 409 1
73 409 1
738 409 1
2888 409 1
2120 409 1
1834 409 1
405 409 1
2248 409 1
121 409 1
590 409 1
347 409 1
203 409 1
10 409 1
4006 409 1
1910 409 1
4137 409 1
894 409 1
1337 409 1
236 409 1
2159 409 1
484 409 1
951 409 1
3447 409 1
4200 409 1
2930 409 1
2892 409 1
695 409 1
2310 409 1
2892 409 1
3161 409 1
1643 409 1
1818 409 1
2458 409 1
3397 409 1
2902 409 1
2206 409 1
635 409 1
36 409 1
1486 409 1
487 409 1
227 409 1
3183 409 1
1170 409 1
1299 409 1
2065 409 1
398 409 1
1036 409 1
3290 409 1
158 409 1
727 409 1
825 409 1
199 409 1
980 409 1
38 409 1
224 409 1
865 409 1
2635 409 1
2040 409 1
0 409 1
2446 409 1
1115 409 1
32 409 1
876 409 1
112 409 1
728 409 1
5 409 1
3684 409 1
963 409 1
2746 409 1
3007 409 1
804 410 1
1548 410 1
345 410 1
29 410 1
3098 410 1
3081 410 1
24 410 1
448 410 1
4106 410 1
724 410 1
3108 410 1
1952 410 1
1371 410 1
435 410 1
412 410 1
30 410 1
1941 410 1
2464 410 1
1955 410 1
59 410 1
842 410 1
2586 410 1
728 410 1
477 410 1
476 410 1
311 410 1
19 410 1
705 410 1
3076 410 1
36 410 1
2861 410 1
603 410 1
10 410 1
1236 410 1
3078 410 1
1047 410 1
3605 410 1
1816 410 1
713 410 1
448 410 1
69 410 1
3217 410 1
1051 410 1
2061 410 1
88 410 1
4038 410 1
3272 410 1
857 410 1
1325 410 1
2261 410 1
3684 410 1
1277 410 1
202 410 1
2666 410 1
1595 410 1
88 410 1
1067 410 1
1536 410 1
3 410 1
25 410 1
1146 410 1
2626 410 1
2069 410 1
25 410 1
2865 410 1
1794 410 1
2045 410 1
1528 410 1
2390 410 1
1140 410 1
940 410 1
2787 410 1
1483 410 1
2566 410 1
1585 410 1
271 410 1
3302 410 1
1577 410 1
873 410 1
3401 410 1
1647 410 1
1799 410 1
934 410 1
1752 410 1
299 410 1
2247 410 1
3955 410 1
3561 410 1
2066 410 1
699 410 1
2937 410 1
1328 410 1
2281 410 1
1571 410 1
461 410 1
3368 410 1
1626 410 1
2363 410 1
193 410 1
159 410 1
1903 410 1
2425 410 1
4042 410 1
3975 410 1
3628 410 1
2365 410 1
3200 410 1
342 410 1
3552 410 1
3965 410 1
369 410 1
1425 410 1
3646 410 1
275 410 1
206 410 1
2918 410 1
1065 410 1
1647 410 1
2181 410 1
3880 410 1
64 410 1
595 410 1
1888 410 1
2095 410 1
4192 410 1
659 410 1
112 410 1
98 410 1
3056 410 1
277 410 1
411 410 1
633 410 1
19 410 1
217 410 1
2587 410 1
1273 410 1
707 410 1
3174 410 1
2240 410 1
41 410 1
10 410 1
163 410 1
1040 410 1
1071 410 1
2289 410 1
2671 410 1
1135 410 1
57 410 1
593 410 1
484 410 1
1253 410 1
54 410 1
3914 411 1
254 411 1
266 411 1
118 411 1
3656 411 1
890 411 1
2256 411 1
149 411 1
0 411 1
699 411 1
3125 411 1
653 411 1
407 411 1
2295 411 1
501 411 1
7 411 1
3115 411 1
173 411 1
986 411 1
3187 411 1
2459 411 1
145 411 1
2611 411 1
318 411 1
3540 411 1
26 411 1
3041 411 1
3116 411 1
64 411 1
1210 411 1
726 411 1
1441 411 1
16 411 1
1544 411 1
2351 411 1
1278 411 1
1989 411 1
1153 411 1
652 411 1
1835 411 1
84 411 1
1122 411 1
2108 411 1
2126 411 1
1035 411 1
2207 411 1
156 411 1
1826 411 1
495 411 1
561 411 1
2424 411 1
2742 411 1
3540 411 1
969 411 1
346 411 1
1113 411 1
1026 411 1
2054 411 1
2042 411 1
21 411 1
36 411 1
2038 411 1
2182 411 1
1066 411 1
88 411 1
1409 411 1
986 411 1
295 411 1
1345 411 1
726 411 1
4103 411 1
3552 411 1
205 411 1
304 411 1
2601 411 1
147 411 1
1187 411 1
224 411 1
34 411 1
3137 411 1
1662 411 1
77 411 1
264 411 1
1080 411 1
2359 411 1
13 411 1
2331 411 1
3390 411 1
3377 411 1
1020 411 1
255 411 1
0 411 1
2785 411 1
3618 411 1
1676 411 1
58 411 1
158 411 1
203 411 1
505 411 1
3434 411 1
1132 411 1
3458 411 1
2985 411 1
1090 411 1
3932 411 1
5 411 1
5 411 1
2746 411 1
4025 411 1
64 411 1
388 411 1
1030 411 1
1386 411 1
207 411 1
239 411 1
966 411 1
250 411 1
1091 411 1
853 411 1
523 411 1
1812 411 1
3676 411 1
3771 411 1
3369 411 1
939 411 1
1768 411 1
324 411 1
574 411 1
2335 411 1
2441 411 1
742 411 1
338 411 1
1144 411 1
37 411 1
423 411 1
3183 411 1
2652 411 1
242 411 1
1017 411 1
944 411 1
693 411 1
3408 411 1
3516 411 1
9 411 1
1 411 1
10 411 1
199 411 1
1466 411 1
65 411 1
2631 411 1
372 411 1
197 411 1
3772 412 1
3343 412 1
2608 412 1
858 412 1
826 412 1
64 412 1
801 412 1
73 412 1
40 412 1
3759 412 1
73 412 1
767 412 1
38 412 1
3623 412 1
16 412 1
3823 412 1
61 412 1
147 412 1
175 412 1
793 412 1
3291 412 1
397 412 1
792 412 1
2458 412 1
2132 412 1
1692 412 1
3506 412 1
4 412 1
2593 412 1
734 412 1
1015 412 1
3544 412 1
1250 412 1
193 412 1
4038 412 1
3894 412 1
330 412 1
8 412 1
3312 412 1
2446 412 1
2421 412 1
3528 412 1
3028 412 1
886 412 1
539 412 1
665 412 1
1098 412 1
16 412 1
198 412 1
58 412 1
829 412 1
100 412 1
2016 412 1
4 412 1
1190 412 1
535 412 1
0 412 1
14 412 1
1465 412 1
86 412 1
34 412 1
850 412 1
1292 412 1
172 412 1
1341 412 1
32 412 1
16 412 1
3938 412 1
4192 412 1
663 412 1
1476 412 1
1360 412 1
851 412 1
1384 412 1
542 412 1
1263 412 1
542 412 1
213 412 1
809 412 1
1624 412 1
1268 412 1
1379 412 1
10 412 1
3455 412 1
1128 412 1
1513 412 1
3406 412 1
1973 412 1
2802 412 1
1347 412 1
2297 412 1
2011 412 1
776 412 1
314 412 1
336 412 1
914 412 1
2026 412 1
138 412 1
963 412 1
2389 412 1
3981 412 1
3377 412 1
16 412 1
190 412 1
4147 412 1
2040 412 1
570 412 1
15 412 1
50 412 1
4180 412 1
3245 412 1
1138 412 1
513 412 1
129 412 1
88 412 1
2664 412 1
2575 412 1
3425 412 1
472 412 1
955 412 1
4 412 1
1349 412 1
41 412 1
304 412 1
47 412 1
370 412 1
1376 412 1
1408 412 1
3424 412 1
1057 412 1
2210 412 1
140 412 1
0 412 1
2471 412 1
4110 412 1
358 412 1
258 412 1
114 412 1
3467 412 1
2017 412 1
1124 412 1
173 412 1
2876 412 1
7 412 1
1692 412 1
1180 412 1
316 412 1
2163 412 1
3062 412 1
1701 412 1
3489 412 1
156 412 1
1198 413 1
2738 413 1
3247 413 1
3903 413 1
3964 413 1
522 413 1
18 413 1
3533 413 1
2067 413 1
117 413 1
265 413 1
3907 413 1
3670 413 1
2496 413 1
88 413 1
9 413 1
3112 413 1
267 413 1
4059 413 1
308 413 1
1386 413 1
103 413 1
35 413 1
243 413 1
405 413 1
1412 413 1
354 413 1
520 413 1
1029 413 1
2093 413 1
2463 413 1
2266 413 1
3148 413 1
2709 413 1
123 413 1
303 413 1
30 413 1
2319 413 1
1120 413 1
960 413 1
1211 413 1
600 413 1
1026 413 1
1029 413 1
504 413 1
1637 413 1
324 413 1
1580 413 1
3044 413 1
29 413 1
670 413 1
2229 413 1
795 413 1
2731 413 1
1634 413 1
3951 413 1
1919 413 1
2957 413 1
1191 413 1
3069 413 1
18 413 1
1308 413 1
1739 413 1
1712 413 1
166 413 1
3182 413 1
382 413 1
241 413 1
8 413 1
299 413 1
2553 413 1
1746 413 1
2563 413 1
1127 413 1
3415 413 1
2742 413 1
2170 413 1
49 413 1
976 413 1
3584 413 1
36 413 1
324 413 1
432 413 1
4114 413 1
398 413 1
9 413 1
2183 413 1
30 413 1
191 413 1
1599 413 1
3206 413 1
355 413 1
74 413 1
467 413 1
0 413 1
1791 413 1
171 413 1
142 413 1
257 413 1
2907 413 1
13 413 1
1926 413 1
2472 413 1
1817 413 1
369 413 1
3478 413 1
1088 413 1
8 413 1
76 413 1
0 413 1
3856 413 1
1248 413 1
2146 413 1
2871 413 1
40 413 1
149 413 1
2795 413 1
43 413 1
1940 413 1
310 413 1
1626 413 1
485 413 1
2178 413 1
9 413 1
1 413 1
1455 413 1
880 413 1
2909 413 1
475 413 1
4183 413 1
2534 413 1
2603 413 1
280 413 1
3520 413 1
51 413 1
1138 413 1
179 413 1
807 413 1
3359 413 1
3470 413 1
12 413 1
694 413 1
3608 413 1
1314 413 1
3394 413 1
1984 413 1
1129 413 1
2497 413 1
498 413 1
510 413 1
1757 413 1
310 413 1
1905 414 1
1470 414 1
428 414 1
987 414 1
3407 414 1
621 414 1
1531 414 1
1709 414 1
209 414 1
281 414 1
303 414 1
377 414 1
16 414 1
58 414 1
6 414 1
1459 414 1
2860 414 1
148 414 1
2575 414 1
2497 414 1
2561 414 1
642 414 1
166 414 1
2149 414 1
196 414 1
2640 414 1
672 414 1
3744 414 1
2635 414 1
183 414 1
2739 414 1
453 414 1
1718 414 1
1850 414 1
320 414 1
1342 414 1
3164 414 1
2864 414 1
0 414 1
1822 414 1
2799 414 1
1551 414 1
880 414 1
381 414 1
2815 414 1
218 414 1
3194 414 1
259 414 1
2236 414 1
22 414 1
505 414 1
372 414 1
963 414 1
18 414 1
33 414 1
2861 414 1
1870 414 1
566 414 1
0 414 1
1092 414 1
1332 414 1
46 414 1
2940 414 1
431 414 1
5 414 1
14 414 1
1894 414 1
3534 414 1
488 414 1
50 414 1
3847 414 1
67 414 1
3081 414 1
2519 414 1
1837 414 1
3459 414 1
118 414 1
3109 414 1
3906 414 1
312 414 1
2 414 1
1292 414 1
91 414 1
401 414 1
4074 414 1
109 414 1
1360 414 1
159 414 1
1942 414 1
4133 414 1
0 414 1
33 414 1
3626 414 1
2396 414 1
103 414 1
2918 414 1
0 414 1
2346 414 1
77 414 1
253 414 1
2467 414 1
3784 414 1
4130 414 1
422 414 1
1018 414 1
296 414 1
274 414 1
3033 414 1
601 414 1
3338 414 1
362 414 1
77 414 1
3921 414 1
18 414 1
2120 414 1
2844 414 1
200 414 1
42 414 1
1589 414 1
3413 414 1
861 414 1
2100 414 1
3510 414 1
68 414 1
678 414 1
278 414 1
17 414 1
1357 414 1
669 414 1
1285 414 1
2147 414 1
1 414 1
1547 414 1
2702 414 1
101 414 1
1169 414 1
214 414 1
3289 414 1
275 414 1
1932 414 1
873 414 1
1266 414 1
697 414 1
1551 414 1
7 414 1
4036 414 1
3060 414 1
1292 414 1
13 414 1
2436 414 1
2416 414 1
1229 414 1
816 415 1
1828 415 1
304 415 1
986 415 1
1960 415 1
1879 415 1
334 415 1
20 415 1
2216 415 1
1772 415 1
1639 415 1
2051 415 1
1688 415 1
910 415 1
703 415 1
917 415 1
1244 415 1
2557 415 1
1613 415 1
571 415 1
2921 415 1
800 415 1
3225 415 1
137 415 1
3747 415 1
4133 415 1
2539 415 1
3439 415 1
2973 415 1
16 415 1
247 415 1
3167 415 1
186 415 1
155 415 1
550 415 1
336 415 1
2741 415 1
1243 415 1
1054 415 1
50 415 1
1181 415 1
220 415 1
125 415 1
794 415 1
443 415 1
0 415 1
527 415 1
665 415 1
2285 415 1
489 415 1
2062 415 1
1007 415 1
1097 415 1
537 415 1
69 415 1
2445 415 1
1186 415 1
1541 415 1
619 415 1
1408 415 1
372 415 1
26 415 1
1754 415 1
509 415 1
2164 415 1
3060 415 1
1254 415 1
2469 415 1
0 415 1
647 415 1
3667 415 1
0 415 1
1764 415 1
1786 415 1
3644 415 1
3241 415 1
620 415 1
77 415 1
3487 415 1
878 415 1
110 415 1
6 415 1
2 415 1
701 415 1
3 415 1
1512 415 1
29 415 1
174 415 1
4139 415 1
2164 415 1
100 415 1
206 415 1
3300 415 1
1718 415 1
3749 415 1
2919 415 1
1360 415 1
695 415 1
1228 415 1
957 415 1
1873 415 1
678 415 1
1197 415 1
361 415 1
626 415 1
2475 415 1
2016 415 1
4083 415 1
2552 415 1
678 415 1
42 415 1
1744 415 1
514 415 1
1397 415 1
2847 415 1
94 415 1
1125 415 1
3057 415 1
3909 415 1
1685 415 1
3571 415 1
1296 415 1
566 415 1
3655 415 1
923 415 1
2 415 1
1453 415 1
1941 415 1
1705 415 1
116 415 1
0 415 1
862 415 1
1040 415 1
1810 415 1
1077 415 1
3675 415 1
463 415 1
2903 415 1
199 415 1
59 415 1
35 415 1
235 415 1
872 415 1
1180 415 1
1359 415 1
642 415 1
112 415 1
220 415 1
3584 415 1
0 415 1
5 415 1
2719 415 1
3566 416 1
856 416 1
1030 416 1
152 416 1
737 416 1
607 416 1
182 416 1
372 416 1
778 416 1
421 416 1
1491 416 1
60 416 1
599 416 1
2880 416 1
3 416 1
1802 416 1
17 416 1
1431 416 1
2979 416 1
494 416 1
37 416 1
1915 416 1
1634 416 1
1482 416 1
2801 416 1
2191 416 1
3055 416 1
647 416 1
603 416 1
900 416 1
25 416 1
1531 416 1
1713 416 1
2005 416 1
1212 416 1
121 416 1
298 416 1
1960 416 1
507 416 1
201 416 1
3519 416 1
1173 416 1
1039 416 1
1283 416 1
247 416 1
107 416 1
1526 416 1
1494 416 1
4199 416 1
3 416 1
1900 416 1
113 416 1
2894 416 1
2536 416 1
458 416 1
276 416 1
2246 416 1
19 416 1
8 416 1
1701 416 1
3053 416 1
4150 416 1
3846 416 1
638 416 1
470 416 1
738 416 1
1 416 1
3162 416 1
502 416 1
2352 416 1
584 416 1
148 416 1
7 416 1
1088 416 1
3586 416 1
1027 416 1
0 416 1
2223 416 1
2790 416 1
4 416 1
272 416 1
656 416 1
2748 416 1
3627 416 1
119 416 1
1569 416 1
1746 416 1
2647 416 1
1078 416 1
596 416 1
617 416 1
143 416 1
1 416 1
1059 416 1
2477 416 1
310 416 1
354 416 1
943 416 1
2711 416 1
1528 416 1
139 416 1
21 416 1
0 416 1
1781 416 1
4123 416 1
157 416 1
28 416 1
46 416 1
373 416 1
790 416 1
873 416 1
703 416 1
3214 416 1
841 416 1
2340 416 1
969 416 1
351 416 1
928 416 1
4045 416 1
1843 416 1
1918 416 1
253 416 1
28 416 1
1573 416 1
9 416 1
142 416 1
3892 416 1
412 416 1
161 416 1
2526 416 1
3489 416 1
318 416 1
1377 416 1
215 416 1
712 416 1
2988 416 1
2606 416 1
525 416 1
1986 416 1
2980 416 1
2133 416 1
45 416 1
958 416 1
671 416 1
3500 416 1
1550 416 1
174 416 1
0 416 1
740 416 1
3223 416 1
199 416 1
4031 416 1
2405 417 1
10 417 1
284 417 1
2062 417 1
803 417 1
309 417 1
4012 417 1
202 417 1
2431 417 1
2508 417 1
2728 417 1
124 417 1
931 417 1
21 417 1
278 417 1
178 417 1
1930 417 1
170 417 1
906 417 1
69 417 1
167 417 1
723 417 1
3253 417 1
1081 417 1
1880 417 1
870 417 1
1886 417 1
1550 417 1
303 417 1
0 417 1
2566 417 1
487 417 1
84 417 1
1736 417 1
452 417 1
650 417 1
2676 417 1
37 417 1
65 417 1
116 417 1
1673 417 1
2106 417 1
839 417 1
583 417 1
1735 417 1
4112 417 1
787 417 1
1599 417 1
1342 417 1
1695 417 1
279 417 1
187 417 1
2119 417 1
12 417 1
4067 417 1
9 417 1
325 417 1
301 417 1
19 417 1
3829 417 1
61 417 1
3412 417 1
1748 417 1
3132 417 1
319 417 1
669 417 1
270 417 1
364 417 1
658 417 1
3069 417 1
3991 417 1
3120 417 1
3100 417 1
49 417 1
1369 417 1
2153 417 1
253 417 1
204 417 1
0 417 1
3694 417 1
1832 417 1
324 417 1
524 417 1
2109 417 1
772 417 1
3867 417 1
272 417 1
3536 417 1
1492 417 1
2238 417 1
770 417 1
1536 417 1
3295 417 1
1410 417 1
58 417 1
2352 417 1
3293 417 1
444 417 1
3422 417 1
1410 417 1
1771 417 1
3288 417 1
2549 417 1
2116 417 1
3389 417 1
217 417 1
1119 417 1
2203 417 1
3226 417 1
3771 417 1
1542 417 1
1041 417 1
1698 417 1
0 417 1
1 417 1
1555 417 1
3230 417 1
155 417 1
3199 417 1
1154 417 1
6 417 1
162 417 1
24 417 1
814 417 1
2159 417 1
134 417 1
150 417 1
3643 417 1
548 417 1
707 417 1
992 417 1
2903 417 1
1258 417 1
3227 417 1
1703 417 1
1358 417 1
413 417 1
1164 417 1
96 417 1
2651 417 1
2540 417 1
27 417 1
3324 417 1
410 417 1
2902 417 1
2558 417 1
565 417 1
2989 417 1
1542 417 1
39 417 1
445 417 1
2363 417 1
3541 418 1
2490 418 1
654 418 1
1014 418 1
711 418 1
142 418 1
1169 418 1
753 418 1
485 418 1
12 418 1
425 418 1
27 418 1
3126 418 1
89 418 1
87 418 1
614 418 1
1339 418 1
808 418 1
346 418 1
1069 418 1
426 418 1
3878 418 1
2086 418 1
111 418 1
1950 418 1
2887 418 1
4119 418 1
285 418 1
3797 418 1
2237 418 1
3327 418 1
32 418 1
7 418 1
4 418 1
730 418 1
99 418 1
68 418 1
172 418 1
2733 418 1
1273 418 1
660 418 1
3827 418 1
113 418 1
33 418 1
221 418 1
3051 418 1
2889 418 1
3 418 1
26 418 1
1180 418 1
111 418 1
0 418 1
2933 418 1
326 418 1
52 418 1
12 418 1
62 418 1
3572 418 1
42 418 1
402 418 1
136 418 1
1329 418 1
1423 418 1
90 418 1
3124 418 1
2054 418 1
400 418 1
121 418 1
1762 418 1
466 418 1
1714 418 1
137 418 1
36 418 1
25 418 1
1441 418 1
1415 418 1
2122 418 1
3175 418 1
828 418 1
1686 418 1
56 418 1
1636 418 1
411 418 1
178 418 1
2462 418 1
835 418 1
197 418 1
0 418 1
2983 418 1
306 418 1
1059 418 1
283 418 1
2171 418 1
3038 418 1
1830 418 1
18 418 1
545 418 1
713 418 1
0 418 1
778 418 1
1648 418 1
1153 418 1
3129 418 1
402 418 1
2 418 1
667 418 1
637 418 1
2198 418 1
2761 418 1
1438 418 1
56 418 1
101 418 1
2095 418 1
2322 418 1
1826 418 1
2541 418 1
1377 418 1
1766 418 1
60 418 1
445 418 1
301 418 1
3430 418 1
11 418 1
2222 418 1
1507 418 1
2324 418 1
11 418 1
2295 418 1
909 418 1
13 418 1
929 418 1
1801 418 1
3712 418 1
2121 418 1
580 418 1
963 418 1
2151 418 1
3390 418 1
4074 418 1
7 418 1
1126 418 1
2477 418 1
1215 418 1
79 418 1
725 418 1
94 418 1
328 418 1
42 418 1
140 418 1
3682 418 1
1760 418 1
2092 418 1
3674 419 1
2715 419 1
224 419 1
2729 419 1
408 419 1
40 419 1
1122 419 1
459 419 1
3286 419 1
312 419 1
49 419 1
942 419 1
4035 419 1
68 419 1
3714 419 1
3053 419 1
3131 419 1
203 419 1
1482 419 1
50 419 1
2312 419 1
1319 419 1
2125 419 1
0 419 1
1632 419 1
813 419 1
507 419 1
3009 419 1
3282 419 1
228 419 1
720 419 1
281 419 1
2656 419 1
1836 419 1
566 419 1
41 419 1
59 419 1
88 419 1
3913 419 1
3987 419 1
1178 419 1
64 419 1
1081 419 1
99 419 1
2233 419 1
1416 419 1
712 419 1
3172 419 1
2656 419 1
20 419 1
322 419 1
3115 419 1
2425 419 1
2862 419 1
1621 419 1
1330 419 1
1749 419 1
921 419 1
1203 419 1
596 419 1
2298 419 1
1574 419 1
16 419 1
0 419 1
161 419 1
3748 419 1
1283 419 1
86 419 1
3912 419 1
2849 419 1
147 419 1
310 419 1
2912 419 1
1847 419 1
499 419 1
828 419 1
43 419 1
154 419 1
2 419 1
341 419 1
1386 419 1
4165 419 1
2639 419 1
3967 419 1
1434 419 1
3565 419 1
2011 419 1
3 419 1
1311 419 1
3584 419 1
12 419 1
3123 419 1
4130 419 1
2037 419 1
4048 419 1
3459 419 1
1142 419 1
3474 419 1
2775 419 1
1740 419 1
0 419 1
1455 419 1
1544 419 1
1741 419 1
23 419 1
1711 419 1
3743 419 1
2661 419 1
640 419 1
2685 419 1
4128 419 1
3288 419 1
778 419 1
2253 419 1
3559 419 1
3463 419 1
905 419 1
21 419 1
2466 419 1
337 419 1
218 419 1
662 419 1
2180 419 1
2858 419 1
220 419 1
204 419 1
1502 419 1
188 419 1
13 419 1
1462 419 1
402 419 1
129 419 1
1261 419 1
1878 419 1
56 419 1
3164 419 1
655 419 1
2963 419 1
1826 419 1
2913 419 1
2102 419 1
43 419 1
1218 419 1
240 419 1
3472 419 1
3157 419 1
3705 419 1
325 419 1
2278 419 1
868 419 1
68 419 1
3809 419 1
928 420 1
246 420 1
956 420 1
0 420 1
2596 420 1
2121 420 1
890 420 1
3098 420 1
1729 420 1
494 420 1
55 420 1
1102 420 1
1660 420 1
1235 420 1
3 420 1
477 420 1
2153 420 1
1203 420 1
2575 420 1
2 420 1
953 420 1
172 420 1
2176 420 1
2819 420 1
150 420 1
856 420 1
200 420 1
2485 420 1
70 420 1
2092 420 1
2923 420 1
99 420 1
3763 420 1
2915 420 1
63 420 1
1585 420 1
3606 420 1
464 420 1
635 420 1
3208 420 1
135 420 1
998 420 1
1325 420 1
1071 420 1
4143 420 1
3382 420 1
1804 420 1
1602 420 1
656 420 1
2090 420 1
521 420 1
640 420 1
1542 420 1
1946 420 1
1506 420 1
363 420 1
1777 420 1
3271 420 1
19 420 1
2578 420 1
3462 420 1
865 420 1
7 420 1
357 420 1
3927 420 1
61 420 1
1532 420 1
1056 420 1
0 420 1
3271 420 1
1747 420 1
42 420 1
1498 420 1
6 420 1
3970 420 1
3865 420 1
841 420 1
726 420 1
16 420 1
39 420 1
74 420 1
1401 420 1
3656 420 1
228 420 1
41 420 1
23 420 1
1165 420 1
161 420 1
8 420 1
1702 420 1
437 420 1
0 420 1
2119 420 1
1466 420 1
221 420 1
3294 420 1
327 420 1
78 420 1
648 420 1
197 420 1
27 420 1
4156 420 1
3770 420 1
453 420 1
47 420 1
874 420 1
1661 420 1
456 420 1
3 420 1
200 420 1
10 420 1
602 420 1
1551 420 1
3101 420 1
433 420 1
552 420 1
316 420 1
120 420 1
1847 420 1
138 420 1
1395 420 1
965 420 1
392 420 1
884 420 1
1467 420 1
2944 420 1
3556 420 1
108 420 1
3350 420 1
1427 420 1
21 420 1
2682 420 1
2586 420 1
1054 420 1
376 420 1
327 420 1
29 420 1
131 420 1
1141 420 1
1588 420 1
84 420 1
1802 420 1
727 420 1
98 420 1
277 420 1
2888 420 1
2279 420 1
4 420 1
191 420 1
1 420 1
1770 420 1
170 420 1
